idx,claim_id,claim,excerpt,anchored,L_h_orig,S_h,I_h,L_o_orig,S_o,I_o,S_x,p_entail,p_contra,snippet
0,0,The explanation describes the structure of a heart attack symptoms article.,"Health information article structure: medical content about heart attack symptoms,",True,0.22109698,-0.006078809499740601,-0.006549045443534851,0.013663151301443577,-0.0013419445604085922,-0.003187517635524273,-0.6233155,0.1554612,0.7787767,first
0,1,The text explains ischemia through a pattern of criteria.,The pain that's happening when there's hemorrhagic shock means that something is blocking blood flow.,True,0.22109698,0.04499991238117218,0.04164503514766693,0.013663151301443577,0.016637961380183697,0.0002622045576572418,0.9950027,0.997006,0.0020033,middle
0,2,The explanation outlines the continuation of ischemia conditions.,,False,0.22109698,,,0.013663151301443577,,,0.07914919,0.09375944,0.014610253,unanchored
1,0,The text discusses a technical analysis of ferritic low alloy steel weld microstructure.,Chinese journal paper format with technical testing analysis about ferritic low alloy steel weld microstructure,True,0.11985582,0.012171909213066101,0.01667192578315735,0.05095423758029938,-0.015954285860061646,-0.013859502971172333,-0.98002416,0.0013303182,0.9813545,first
1,1,The sentence structure suggests a description of experimental parameters.,suggests a numbered experimental parameter description,True,0.11985582,0.0009115785360336304,0.0005484595894813538,0.05095423758029938,0.0015087015926837921,0.004728130996227264,0.9870042,0.9920449,0.0050406847,middle
1,2,The text implies a time-temperature curve detail.,likely introducing a time-temperature curve detail,True,0.11985582,0.0014185905456542969,0.0030572861433029175,0.05095423758029938,-0.001184999942779541,0.019631654024124146,0.16518319,0.22769131,0.06250813,middle
2,0,"The text explores themes of care, justice, and belonging during the pandemic.","Artistic/educational event campaign framing with poetic prose and exhibition format exploring embodied voices, resistance, and healing during pandemic.",True,0.17436263,0.004922911524772644,0.049457013607025146,0.21691501140594482,-0.01130029559135437,0.037326961755752563,-0.99551356,0.0009960635,0.9965096,first
2,1,The text poses philosophical questions about collective activist anxiety concepts.,"How do we imagine care, justice and belonging in these challenging times? What does resistance look like, and what are the politics of vulnerability?",True,0.17436263,0.008708000183105469,0.015399038791656494,0.21691501140594482,0.003974005579948425,-0.03493905067443848,0.6965225,0.8348433,0.1383208,middle
3,0,The time evolution is represented as a numerical value.,"""The time evolution is -1.41771385825... """,True,0.20914748,0.0023440122604370117,-0.002618163824081421,0.34763526916503906,-0.028875768184661865,-0.1226363480091095,0.5577472,0.60080427,0.043057095,middle
3,1,The numerical value has a logarithmic or periodic nature.,suggesting a LaTeX formula or numeric value with context about the cycle,True,0.20914748,0.0033786892890930176,-0.0008685886859893799,0.34763526916503906,0.029809564352035522,-0.014419525861740112,0.6623075,0.73799336,0.07568584,middle
4,0,The text describes a product description for an educational math resource.,"Product description format with educational textbook resource title and format details,",True,0.09833538,-0.0020931363105773926,0.020167671144008636,0.00718524819239974,-0.0016868230886757374,-0.0023189727216959,-0.9902942,0.002137278,0.9924315,first
4,1,"The resource is titled ""Reliable & Engaging Math Practice Books - Easy Grade 7"".","""Reliable & Engaging Math Practice Books - Easy Grade 7"" signals a bullet-point pattern beginning ""Benefits of Spectrum Math Activities,""",True,0.09833538,-0.0036514103412628174,0.004469074308872223,0.00718524819239974,-0.0012980732135474682,0.0023715817369520664,-0.98347,0.0011871916,0.9846572,middle
4,2,The explanation suggests the list of features will continue with content variety.,"Final token ""Variety"" begins a second bullet point item mid-phrase ("" Variety""),",True,0.09833538,-0.0012377873063087463,0.9612463787198067,0.00718524819239974,-0.0010330392979085445,14.894931527320296,0.007209872,0.01702446,0.009814587,last
4,3,The explanation implies the workbook will cover a range of question types and learning styles.,"of activities"" or ""of question types ensures comprehension"" or ""of learning styles & formats included"" describing the workbook's diverse content.",True,0.09833538,0.0061661601066589355,0.18712986260652542,0.00718524819239974,-0.004102908540517092,0.2629475318826735,0.47949138,0.7119192,0.2324278,last
5,0,The sentence pattern mirrors parallel numerical comparisons.,"The sentence pattern ""The meta-analysis showed that women with obesity had 18% increased risk for any CHD and 25% increased risk for coronary heart disease, and similarly 16% higher risk and 47% risk"" mirrors a parallel numerical comparison,",True,0.31093174,0.024127155542373657,0.08920755982398987,0.004711986985057592,0.001490929163992405,0.002855413593351841,0.988271,0.9933281,0.0050570713,middle
5,1,The findings include increased risk for CHD and coronary heart disease.,"The meta-analysis showed that women with obesity had 18% increased risk for any CHD and 25% increased risk for coronary heart disease, and similarly 16% higher risk and 47% risk",True,0.31093174,0.015148669481277466,0.06973132491111755,0.004711986985057592,0.0010879477486014366,0.0009215562604367733,-0.015106676,0.0034993922,0.018606069,middle
6,0,The sentence suggests a causal explanation about toilet drain problems.,"""The noise also happens due to the bathroom ice that a lubricant lock prevents""",True,0.20114787,-0.0005199462175369263,0.007425621151924133,0.05226368457078934,-0.01746763288974762,0.00018321722745895386,-0.362123,0.064505726,0.42662874,middle
7,0,The text provides a health blog format with numbered sections.,"Article structure: health blog format with numbered sections detailing CBD's symptoms, dosage, and benefits for anxiety disorders,",True,0.20285468,-0.005697086453437805,0.05104441940784454,0.0038867578841745853,0.0024657160975039005,-0.00290836114436388,0.28432864,0.3672883,0.08295964,first
7,1,The dosage for CBD to treat anxiety may differ from fibromyalgia.,"While CBD can help manage anxiety symptoms, the dosage needed to treat fibromyalgia may differ",True,0.20285468,0.0040291547775268555,0.004955723881721497,0.0038867578841745853,0.0005875132046639919,0.0021031079813838005,0.006437935,0.008095544,0.001657609,middle
7,2,The text uses a disorder tracker to determine CBD's effectiveness.,"The paragraph pattern ""While CBD can help manage anxiety symptoms, the dosage needed to treat fibromyalgia may differ"" mirrors the heading, now directly answering the question about using the disorder tracker to determine CBD's effectiveness.",True,0.20285468,0.01095697283744812,0.01260453462600708,0.0038867578841745853,0.012999854516237974,0.04865883430466056,-0.00024523574,0.001012987,0.0012582227,middle
7,3,The text expects a specific continuation for the definition section.,"the condition's anxiety symptoms should be consulted.""",True,0.20285468,0.0005687326192855835,0.004043564200401306,0.0038867578841745853,0.00086175836622715,0.001334743108600378,0.16404328,0.18804732,0.024004035,last
8,0,The text discusses Ukrainian academic articles on marketing activity.,Ukrainian academic article structure with scientific analysis of marketing activity as a tool for economic activity,True,0.19741897,0.001334547996520996,0.004403948783874512,0.020123228430747986,0.0007580667734146118,0.0014669355005025864,-0.98028517,0.0063123265,0.9865975,first
8,1,The article focuses on corporate liquidity management.,presenting formal content about corporate liquidity management,True,0.19741897,-0.0012836605310440063,0.005155637860298157,0.020123228430747986,0.00030872970819473267,-0.0003916788846254349,-0.9974715,0.0005910677,0.99806255,first
8,2,The sentence introduces the topic of financial assessment of enterprises.,"""The article examines the mechanism of financial assessment of economic activity of enterprises of various spheres""",True,0.19741897,0.006034165620803833,0.007298186421394348,0.020123228430747986,0.00031495094299316406,-0.0003870949149131775,-0.8862158,0.046457764,0.9326736,middle
8,3,"The explanation expects a continuation like ""is considered"" or ""is examined"" after ""features of financial characteristics of commercial organizations"".",,False,0.19741897,,,0.020123228430747986,,,0.004569418,0.0056304527,0.0010610346,unanchored
9,0,The UI format suggests a Q&A or answer validation context.,Formal educational platform UI format with numbered questions and answer options structured around a math problem,True,0.30895117,,-4.231929779052734e-06,15.57354736328125,,-2.105034828186035,0.9827441,0.98665226,0.003908164,first
9,1,The text follows a template pattern typical of Quora-style or StackExchange UI elements.,"""This answer is helpful to the question 'Who is the correct answer?' and please evaluate this answer""",True,0.30895117,0.013839751482009888,-0.004801034927368164,15.57354736328125,1.9966239929199219,-0.4757518768310547,0.011758011,0.022767799,0.011009788,middle
9,2,"The final token ""answer"" is part of an ""I found this answer"" structure.","""answer"" ends mid-phrase (""why do I think this answer"")",True,0.30895117,-0.004172563552856445,0.6211855113506317,15.57354736328125,0.37692832946777344,-0.9624214172363281,0.02758599,0.09949471,0.07190872,last
10,0,The text discusses Body Metabolism mechanics in an anime context.,Original post is a speculative anime discussion about Body Metabolism mechanics,True,0.2660014,0.011345207691192627,0.02975603938102722,0.1874437779188156,0.0197017639875412,0.009408414363861084,0.97829276,0.986254,0.007961187,first
10,1,The sentence builds toward a conclusion about the creature's appetite.,builds toward a conclusion implying the creature's incredible appetite allows excess calorie survival over starvation conditions,True,0.2660014,0.0024909675121307373,0.003811866044998169,0.1874437779188156,0.059813663363456726,-0.023546651005744934,0.9953285,0.9967753,0.0014468216,middle
10,2,The text contrasts the creature's energy consumption with its survival abilities.,continuing the contrasting argument about the creature's energy consumption versus starvation prowess,True,0.2660014,0.001724332571029663,0.0034821927547454834,0.1874437779188156,0.0041359663009643555,-0.003210917115211487,0.9886067,0.99354774,0.0049410174,last
11,0,Proper attic ventilation manages temperature within the roof.,One of the primary benefits of proper attic ventilation is to manage the temperature within your roof,True,0.13136117,0.01626335084438324,0.017677173018455505,0.13232828676700592,0.013737842440605164,0.030604735016822815,0.99428624,0.9953726,0.0010863296,middle
11,1,Vents prevent heat build-up.,enabling it to regulate the temperature,True,0.13136117,0.011101901531219482,0.016533032059669495,0.13232828676700592,0.016820073127746582,0.051120609045028687,0.915996,0.9186117,0.0026157096,middle
11,2,Vents help regulate attic temperature.,"""This process helps regulate the temperature""",True,0.13136117,0.0120028555393219,0.01825346052646637,0.13232828676700592,-0.01330506056547165,0.016958191990852356,0.99254,0.9930682,0.000528209,last
12,0,The post describes Ramadan fasting from an Islamic perspective.,"Pakistani Muslim boy's Urdu/Hindi social media post is describing Ramadan fasting, showing Islamic perspective with creative poems and content.",True,0.1765917,-0.01624789834022522,0.02150990068912506,0.05508536100387573,0.011709779500961304,0.05359505116939545,0.157646,0.17233402,0.01468802,first
12,1,"The sentence ""In Quran, Allah says about Hell life"" introduces a Quranic quote.",,False,0.1765917,,,0.05508536100387573,,,0.20432171,0.43768346,0.23336175,unanchored
13,0,The error message indicates that mail is blocked.,As you can see the error says that your mail is blocked...,True,0.20184505,-0.0013282448053359985,0.008222684264183044,0.06773408502340317,0.0035165101289749146,-0.0015127584338188171,-0.99803096,8.565642e-05,0.9981166,middle
13,1,The issue is related to the user's contact list not being delivered.,so ask why you,True,0.20184505,0.0043132007122039795,0.007080003619194031,0.06773408502340317,-0.008963290601968765,-0.009618081152439117,-0.94110477,0.00078970875,0.9418945,middle
14,0,The explanation describes a travel/airport search format.,"Travel/airport search format with structured list of city airports and closest destinations,",True,0.34961054,0.004206597805023193,0.014867126941680908,0.018514858558773994,-0.0029923738911747932,-0.008690115064382553,0.98890626,0.9926508,0.0037445477,first
14,1,"The phrase ""Nearest airport: Name of airport, capital city"" implies a second ""Nearest airport"" question for London.","""Nearest airport: Name of airport, capital city"" mirrors the question pattern twice, strongly implying a second ""Nearest airport"" question about the London destination city,",True,0.34961054,0.0005772113800048828,0.02030155062675476,0.018514858558773994,0.0002150852233171463,-0.0016537420451641083,0.0039830953,0.046354912,0.042371817,middle
14,2,"The text expects ""airport to Rome"" or ""hotel destination: cities in Italy"" to complete the second regional location question.","strongly expecting ""airport to Rome"" or ""hotel destination: cities in Italy"" to complete the second regional location question.",True,0.34961054,0.008808255195617676,0.058859795331954956,0.018514858558773994,0.0071674250066280365,0.03678674437105656,0.007136442,0.07670344,0.069566995,last
15,0,Dr. Haller presents practical health concepts.,Holistic health/medical expert Dr. Haller presenting practical concepts,True,0.28180194,0.007890045642852783,0.014987021684646606,0.25723761320114136,-0.018767401576042175,0.011528164148330688,0.020349119,0.03328054,0.012931422,first
15,1,The explanation contrasts sick people with those who have no symptoms.,"""So the people who are sick and have symptoms...however most people that come to me...those people who have""",True,0.28180194,-0.0012153089046478271,0.02984452247619629,0.25723761320114136,-0.035621196031570435,0.14708271622657776,0.9502541,0.96078247,0.010528399,middle
15,2,The explanation suggests suboptimal markers or wellness.,implying cited data about suboptimal markers or wellness,True,0.28180194,0.003449350595474243,0.01079985499382019,0.25723761320114136,-0.0375952422618866,0.08865579962730408,0.011266376,0.01437524,0.0031088635,middle
15,3,The explanation lists statistics about normal lab tests vs hidden dysfunction.,continuing a listed statistics pattern about normal lab tests vs. hidden dysfunction,True,0.28180194,0.001801133155822754,0.009594708681106567,0.25723761320114136,-0.04828430712223053,0.10224676132202148,0.9910167,0.992941,0.0019243293,last
16,0,The text discusses Urdu basic words related to Hindi conversation.,Urdu basic words about Hindi conversation,True,0.34612,0.0038194358348846436,0.005244195461273193,0.07663815468549728,0.0028190836310386658,0.025383390486240387,-0.9987797,9.905138e-05,0.9988788,first
16,1,The text suggests a repeating section pattern with a heading and content about Quran study rules.,repeating section pattern with heading and content about Quran study rules,True,0.34612,-0.0037526488304138184,0.006190657615661621,0.07663815468549728,0.0012207329273223877,0.0030239298939704895,-0.2410452,0.36655268,0.6075979,first
16,2,The phrase mirrors the title and implies a summary or bullet list completion.,"""This post about ఈamil = speaking ,reading ,writing skill & communication & communication""",True,0.34612,0.03268522024154663,0.009099870920181274,0.07663815468549728,0.028673477470874786,0.02908027172088623,0.9608071,0.9769408,0.016133705,middle
16,3,"The text ends with a list of goals including reading, writing, and communication.",,False,0.34612,,,0.07663815468549728,,,0.9458287,0.96829146,0.022462813,unanchored
17,0,The article highlights the burden of water collection on women and girls.,Women and girls in developing countries spend hours collecting water—many carry out the labor-intensive task of acquiring water for their families.,True,0.24603692,-0.0035667717456817627,-0.0016314834356307983,0.44909802079200745,-0.009872406721115112,0.021630287170410156,0.00085323426,0.0015060651,0.0006528309,middle
18,0,The text discusses product attributes and features for pet toy balls.,"Product description format with elegant packaging imagery and marketing copy promoting pet toy balls for Christmas, suggesting product attributes and features are being listed.",True,0.18520938,0.0005031079053878784,0.004866346716880798,0.019873924553394318,-0.0019179079681634903,0.021696072071790695,-0.9983663,0.00020002668,0.9985663,first
18,1,The sentence structure implies paired claims about balloons' properties.,"The sentence structure ""Fresh Cut Balloons are durable and stay inflated longer which means they last a long time and hold their shape for a longer time"" implies a paired claim about balloons' longevity/quality properties",True,0.18520938,-0.0009353756904602051,0.023404881358146667,0.019873924553394318,-0.0023207329213619232,0.014476761221885681,0.9953092,0.99728775,0.0019785874,middle
19,0,The text describes an Australian academic course webpage.,"Australian academic course webpage format with educational resources and professional practice context,",True,0.3595819,0.0076532065868377686,0.002593398094177246,1.9343931674957275,-0.023728609085083008,-0.0734398365020752,-0.95050913,0.0020797139,0.95258886,first
19,1,The text mentions a specific Australian government program context.,"""Another example came from a program I worked on with Migrant and""",True,0.3595819,-0.002803593873977661,-0.011129230260848999,1.9343931674957275,0.2335519790649414,-0.37106502056121826,-0.42692629,0.0125399595,0.43946624,middle
19,2,The program likely involves English language education for migrants.,"""English Language"" or similar.",True,0.3595819,0.0005622506141662598,-0.0029122233390808105,1.9343931674957275,-0.0015554428100585938,0.13075876235961914,0.0022753193,0.0032288271,0.0009535078,middle
19,3,"The program name is likely ""Australian Migrant Education Services.""",,False,0.3595819,,,1.9343931674957275,,,-0.023334637,0.0096644275,0.032999065,unanchored
20,0,The paper introduces a theoretical framework for implicit GAN training.,Technical machine learning paper title structure with abstract introducing a theoretical framework for implicit GAN training,True,0.26764014,0.0015121102333068848,0.00384443998336792,0.018939673900604248,-0.0011523514986038208,0.0015080086886882782,-0.9557082,0.00024444232,0.95595264,first
20,1,The paper includes empirical findings and theoretical guarantees.,highlighting empirical findings and theoretical guarantees,True,0.26764014,-0.0022637546062469482,0.0025206804275512695,0.018939673900604248,0.0008266456425189972,0.00010962784290313721,0.8929693,0.90465003,0.011680711,first
20,2,The paper provides numerical verification on synthetic data.,We also numerically verify the proposed methods on synthetic examples via simulations on synthetic data,True,0.26764014,0.019284337759017944,0.030472755432128906,0.018939673900604248,-0.0028129201382398605,-0.0048037441447377205,0.83135784,0.86281663,0.031458803,middle
21,0,The text discusses a carbon footprint measurement.,"""Carbon Footprint: My trip produces 0,388""",True,0.35858917,0.004188209772109985,-0.0020773112773895264,0.23080724477767944,-0.03263470530509949,-0.008604943752288818,0.9934891,0.9958056,0.0023165422,middle
21,1,The carbon footprint figure is incomplete.,"888"" ends an incomplete numeric figure ",True,0.35858917,0.008670270442962646,0.004240155220031738,0.23080724477767944,0.011933863162994385,0.02791517972946167,0.2550296,0.26427343,0.009243837,last
22,0,The text suggests Adobe CC Antivirus for Android devices.,software tool promotional content about Adobe CC Antivirus for Android devices.,True,0.3493603,0.01183539628982544,0.02180612087249756,0.0602279007434845,-0.0026222504675388336,-0.016453418880701065,-0.99445856,0.00014127676,0.9945998,first
22,1,The phrase implies benefits or performance improvements.,implies a clause structure listing benefits or performance improvements related to OS speed or efficiency,True,0.3493603,0.017476171255111694,-0.009346336126327515,0.0602279007434845,-0.0014628879725933075,-0.011099185794591904,0.9782904,0.9859971,0.0077067064,middle
22,2,"The text expects a continuation like ""and memory"" or ""and speed."""," continuation like ""and memory"" or ""and speed"" or ""and overall workload.""",True,0.3493603,0.0011328160762786865,0.004944443702697754,0.0602279007434845,0.05003547668457031,-0.01856977492570877,0.23976271,0.26109555,0.021332841,last
23,0,The explanation describes Asana software's collaboration features for interior design workflows.,"Structured product description format with numbered benefits highlights for Asana software, detailing collaboration features for an interior design workflow.",True,0.09040124,-0.0022583529353141785,0.03135104477405548,0.22356966137886047,-0.028081506490707397,-0.04234084486961365,-0.95923203,0.0020301118,0.96126217,first
23,1,The explanation suggests that Asana's chat and comments features are used for timely communication and updates.,"""He also ensures timely communication and updates through comments and attachments, using the platform's chat and comments features and collaborative tools like notes and""",True,0.09040124,0.003031685948371887,0.013643212616443634,0.22356966137886047,0.053826868534088135,-0.06962929666042328,0.9412091,0.9573147,0.01610567,middle
23,2,"The explanation mentions that Asana includes notes, discussions, and communications as part of its collaborative tools.","""Users track progress with notes, discussions and communications and""",True,0.09040124,0.0016918480396270752,0.0007748976349830627,0.22356966137886047,0.08718833327293396,0.1059286892414093,0.98615384,0.9907917,0.0046378295,last
24,0,The text discusses a scholarly framing on learning design and collaboration.,"Academic UK higher education paper structure with scholarly framing around learning design and collaboration concepts,",True,0.27881944,0.042481690645217896,0.011369168758392334,0.060709066689014435,-0.002889823168516159,-0.01304418221116066,0.3102661,0.5344018,0.22413567,first
24,1,The sentence describes a pattern for pre-project preparation.,mirrors a pattern describing pre-project preparation.,True,0.27881944,0.004305422306060791,0.013185054063796997,0.060709066689014435,0.000568293035030365,0.006155334413051605,0.37187284,0.64753157,0.27565873,middle
24,2,The text contrasts using collateral learning resources with specific projects.,completing the contrast clause about using collateral learning resources independent of a specific project;,True,0.27881944,0.004349052906036377,0.01609104871749878,0.060709066689014435,0.006440110504627228,0.012831859290599823,0.98570085,0.9906955,0.004994654,last
25,0,"The article lists various utility options for ""Winning PC Scanner"".","Indian software app article with categorized features listing in Hindi for software tool ""Winning PC Scanner"" including various utility options like Photos, Cloud, Audio etc.",True,0.17099628,0.0006839931011199951,0.06486928462982178,0.0015356667572632432,-0.00010674016084522009,0.005895253620110452,-0.78046525,0.022763608,0.80322886,first
25,1,The text ends with an incomplete clause.,can easily hide/sort unwanted content.,True,0.17099628,-0.004024878144264221,-0.0016064941883087158,0.0015356667572632432,-0.0003586175153031945,-0.0006953015690669417,0.110733636,0.13076365,0.020030016,last
26,0,The sentence pattern mirrors preventive maintenance duties.,"""Professional HVAC technicians regularly perform maintenance and inspections to ensure optimal performance. They schedule periodic checks and repairs to""",True,0.1364411,0.016612336039543152,0.010514438152313232,0.04033711552619934,0.020586084574460983,0.02477429062128067,0.9889629,0.9931137,0.004150821,middle
26,1,The explanation lists maintenance practices.,Regular inspections and scheduled maintenance checks to...,True,0.1364411,-0.005880758166313171,-0.012043580412864685,0.04033711552619934,0.03762804716825485,-0.00684032216668129,0.8949624,0.8988805,0.003918086,last
27,0,The text suggests a webinar series with learning tracks.,"Healthcare professional/education platform format with webinar series titles listing learning tracks for quality improvement champions,",True,0.17397606,0.005455106496810913,0.06796959042549133,0.08138386905193329,-0.009223602712154388,0.08613428473472595,0.78139347,0.8088279,0.027434384,first
27,1,The phrase indicates a paired list of workshops.,"""Session Dates: Quality Culture Fundamentals and Lean Basics"" suggests a paired list of two workshops,",True,0.17397606,0.015752896666526794,0.0212554931640625,0.08138386905193329,-0.002621479332447052,0.0038907378911972046,0.97712445,0.9861269,0.009002443,middle
27,2,The second item in the list likely describes specific Lean tools or concepts.,"with ""Ethics Fundamentals"" and ""Lean Fundamentals"" naming courses implying the second item will continue describing specific Lean tools or concepts.",True,0.17397606,0.03279085457324982,0.022212162613868713,0.08138386905193329,0.0035812780261039734,0.024442613124847412,0.16469438,0.1680804,0.0033860272,middle
27,3,"The final token ""Fundamentals"" is part of a pattern of course titles.","Final token ""Fundamentals"" ends mid-item ("" Lean Fundamentals""), part of a comma-separated course title list pattern (""Lean Basics & Lean Fundamentals""),",True,0.17397606,-0.0004799365997314453,0.5436120629310608,0.08138386905193329,-0.009031102061271667,15.66662771999836,0.86263216,0.8840838,0.021451658,last
28,0,The text provides care instructions for silk pillowcases.,"Structured product care guide format with numbered tips listing how to care for silk pillowcases,",True,0.15573171,-0.0006568580865859985,0.023636892437934875,0.14539745450019836,-0.009590566158294678,0.26150238513946533,0.0051040296,0.021008931,0.015904902,first
28,1,The final care instruction is about storing the pillowcases.,"To store your cushions, fold them neatly and avoid moisture, and store them in a dry place.",True,0.15573171,-0.001366451382637024,0.03177531063556671,0.14539745450019836,-0.022438831627368927,-0.004870697855949402,0.0007815156,0.022022057,0.021240542,middle
28,2,The explanation suggests additional recommendations for storing pillowcases.,"If your sweater has padding, use a收纳 bag",True,0.15573171,0.0035796165466308594,0.010367989540100098,0.14539745450019836,0.025592252612113953,0.14908528327941895,0.0051943515,0.007810562,0.0026162104,middle
28,3,The final token is a conjunction mid-clause.,"and store them in a dry place, and",True,0.15573171,0.010060697793960571,0.11003327369689941,0.14539745450019836,0.016711458563804626,0.436095267534256,0.98046285,0.98744917,0.006986315,last
29,0,The text discusses a Polish cleric's public discourse on Jewish policy.,"discussing ethics and religion, presenting biographical details about a Polish cleric's public discourse on Jewish policy.",True,0.12435931,-0.0009038299322128296,0.0028059929609298706,0.00023595485254190862,7.381488103419542e-06,-8.546496974304318e-05,-0.18180777,0.0010152749,0.18282305,first
29,1,The sentence structure implies a third institution or a collection of Polish universities.,"lists Polish university names with a specific academic context about a scholarly conference, implying a third institution or a collection of Polish universities.",True,0.12435931,-0.002159327268600464,-0.003307528793811798,0.00023595485254190862,5.0688686314970255e-06,6.699096411466599e-05,0.79505205,0.8591381,0.06408605,middle
29,2,"The final token ""Op"" is incomplete and likely refers to a Polish university.","Final token ""Op"" is an incomplete word mid-list (""Warsaw, Op""), part of a parenthetical naming of Polish university affiliations ("" universities such as Warsaw, Łódź and Op...""),",True,0.12435931,0.011102795600891113,0.16172567009925842,0.00023595485254190862,0.00017122711869888008,0.0009740834648255259,0.894558,0.91020364,0.015645633,last
30,0,Ice machines use a condenser system to produce cold water.,The refrigeration process begins with water entering the tank...,True,0.17985094,-0.003231048583984375,-0.004637464880943298,0.09190410375595093,-0.0011265650391578674,0.007935293018817902,0.22313407,0.27731586,0.05418178,middle
30,1,Liquid water converts to steam in the condenser system.,The process moves through heat extraction,True,0.17985094,-0.0014301389455795288,0.0007396191358566284,0.09190410375595093,-0.0008712634444236755,0.008308127522468567,0.06312668,0.28039533,0.21726865,middle
31,0,The explanation describes a contrast between fertilizer types.,"""Grass growth also demands fertilizer, and chemical fertilizers are quick to burn the lawn. Synthetic fertil""",True,0.112811714,-0.0013236775994300842,0.01655501127243042,0.0002903872518800199,-3.664079122245312e-05,1.1368159903213382e-05,0.76652294,0.88028425,0.11376129,middle
31,1,The explanation mentions that synthetic fertilizers contain specific nutrients.,,False,0.112811714,,,0.0002903872518800199,,,-0.89494,0.038177326,0.93311733,unanchored
32,0,The sentence implies a continuation about test fluid or product outcomes.,,False,0.2568528,,,0.12828189134597778,,,0.92663246,0.954515,0.027882528,unanchored
32,1,"The final token ""test"" is part of an incomplete clause describing fluid behavior interactions.",,False,0.2568528,,,0.12828189134597778,,,0.96885365,0.9806794,0.011825721,unanchored
33,0,The product description includes a list of included accessories.,Product Features:Original charger x1 / Pure high quality box. Charging cable + user manual + USB.,True,0.21610609,0.008082538843154907,0.035772860050201416,0.7914049625396729,0.027132511138916016,0.18540573120117188,0.9794916,0.9846031,0.005111518,middle
34,0,The text is about a product listing series for Giving Trees at a faith-based retail store.,Marketing/faith-based retail store format with customer engagement tone establishing a product listing series of trees to adopt for Giving Trees.,True,0.2303694,-0.002442404627799988,0.010926738381385803,0.22518908977508545,0.007372260093688965,-0.034518107771873474,-0.16361079,0.006714795,0.17032558,first
34,1,The text begins with an example list of Christmas Trees.,"""Some of our favorite Christmas Trees that grow from seed...""",True,0.2303694,0.007104068994522095,0.001207992434501648,0.22518908977508545,0.016794219613075256,0.1286931335926056,-0.9973629,0.0001571449,0.99752,middle
34,2,The list includes specific tree species names.,"""Tall Northern White Pine""",True,0.2303694,0.008835509419441223,-0.0007595717906951904,0.22518908977508545,-0.027906283736228943,0.01101897656917572,0.25119644,0.26771998,0.016523527,middle
34,3,The explanation expects continued details or features for each tree type.,,False,0.2303694,,,0.22518908977508545,,,0.052264616,0.054718595,0.0024539805,unanchored
35,0,The text suggests a former position at a famous conservation institution.,"""As a former Senior Scientist at the Smithsonian Institution, and a former Director of the""",True,0.23739673,0.03470604121685028,0.013192132115364075,3.9151015281677246,0.2277679443359375,0.05604982376098633,0.99558055,0.9972996,0.0017190468,middle
35,1,The phrase includes a specific role at a notable museum.,,False,0.23739673,,,3.9151015281677246,,,0.06327209,0.11952559,0.0562535,unanchored
36,0,The text suggests a product catalog/technical brochure format.,"Product catalog/technical brochure format with product description and features highlighted,",True,0.15563907,0.0005483478307723999,0.014975771307945251,0.01228306908160448,8.957553654909134e-05,0.000987325794994831,0.40421262,0.4187236,0.014510991,first
36,1,The text implies an enumerated list or product section structure.,implies an enumerated list or product section structure continuing with attributes like product families or specifications.,True,0.15563907,0.0012252330780029297,-0.0006207972764968872,0.01228306908160448,-0.0028742440044879913,-0.0036149881780147552,0.9872038,0.9915257,0.004321913,middle
36,2,"The text expects a continuation like ""Product Features"" or similar.","strongly expecting continuation like ""Product Features"" or ""These valves are..."" or ""Our Capstone Line"" or ""– Details about our isolation valves and accessories"" completing the section header.",True,0.15563907,0.0077832043170928955,0.026850968599319458,0.01228306908160448,0.006086935289204121,0.027918136678636074,0.092864044,0.09507558,0.0022115328,last
37,0,The text discusses heart disease and arrhythmia,"Medical health news article format with expert medical journalism tone establishes factual, informative structure about heart disease and arrhythmia.",True,0.21448016,-0.010069385170936584,0.005611702799797058,0.3495134711265564,0.05402907729148865,-0.01774519681930542,0.99772906,0.9983646,0.00063555513,first
37,1,The sentence sets up an incomplete clause about who are at risk or diagnosed,"""Some people who have atrial fibrillation or heart failure may not know they have it, even though many people who have""",True,0.21448016,-0.009142681956291199,-0.010232806205749512,0.3495134711265564,-0.0584389865398407,-0.1346011459827423,0.9840072,0.9891726,0.0051654186,middle
37,2,The sentence implies a continuation about silent cardiac disorder prevalence or characteristics,,False,0.21448016,,,0.3495134711265564,,,0.98667103,0.99147815,0.004807106,unanchored
37,3,"The final token ""have"" ends mid-clause requiring a noun","""Even though many people who have,""",True,0.21448016,0.00016380846500396729,-0.002951592206954956,0.3495134711265564,0.011397391557693481,0.013366609811782837,0.9832536,0.990343,0.007089382,last
38,0,The text discusses a controversial topic of foul smelling urine in women.,"Medical/educational wellness blog written by a New England physician discussing a controversial topic of ""foul smelling urine"" in women.",True,0.2212101,0.0021229684352874756,0.030716165900230408,0.5897573232650757,0.013590574264526367,0.0024093985557556152,-0.9080677,0.007909291,0.915977,first
38,1,"The sentence ""Despite as much as"" signals a concluding clause.","The sentence structure ""Despite as much as"" signals a concluding clause expressing fears about the myth of acidosis remains",True,0.2212101,0.017918244004249573,0.008331209421157837,0.5897573232650757,-0.20631423592567444,0.0022776126861572266,0.9526064,0.9643725,0.011766161,middle
38,2,The explanation suggests the text is about irrational fear.,completing the concluding argumentative sentiment about irrational fear.,True,0.2212101,0.0027225613594055176,-0.0006184577941894531,0.5897573232650757,-0.010963141918182373,-0.14755243062973022,0.66196114,0.7788652,0.116904065,last
39,0,The sentence describes a parent's routine and child's daily pickup after kindergarten.,,False,0.23519413,,,9.044387115864083e-05,,,0.80492574,0.8922639,0.08733814,unanchored
39,1,The explanation notes the sentence is a common reassuring phrase.,,False,0.23519413,,,9.044387115864083e-05,,,0.9623722,0.96666884,0.00429667,unanchored
40,0,Inventory logs can provide evidence for claims.,this paperwork can prove valuable evidence to support claims,True,0.14293842,-2.8386712074279785e-05,0.002375006675720215,0.09964676946401596,-0.01096748560667038,-0.006566546857357025,0.900898,0.90504843,0.0041504754,middle
41,0,"The CDC guidance document structure establishes formal, policy-oriented communication about funding priorities and program areas.",,False,0.17767341,,,0.041881415992975235,,,0.0016316912,0.0027146877,0.0010829965,unanchored
41,1,"The phrase signals a new sentence introducing ""our three strategic thematic areas.""","The phrase ""CDC has identified four core thematic areas that drive our Agency's strategic priorities"" signals a new sentence introducing ""our three strategic thematic areas,""",True,0.17767341,0.0013047605752944946,0.016203001141548157,0.041881415992975235,0.0011222176253795624,0.010126166045665741,-0.9929809,0.0010618188,0.9940427,middle
41,2,"The text strongly expects ""areas"" or ""themes"" or ""priorities that we focus on"" or ""domains of work"" to follow.","strongly expecting ""areas"" or ""themes"" or ""priorities that we focus on"" or ""domains of work.""",True,0.17767341,0.0479835569858551,0.014677584171295166,0.041881415992975235,0.019687242805957794,0.01987903192639351,0.5477509,0.56182975,0.014078875,last
42,0,The exhibition alternates between two artists' projects.,alternating between two artists' ongoing projects that explore transformation and harmony.,True,0.19829564,0.0011347681283950806,0.010128244757652283,0.10529573261737823,-0.0019512474536895752,-0.0008155703544616699,0.9450403,0.9479361,0.002895829,first
42,1,The new installation 'Memory of the Earth' uses 7 orbs.,The new installation 'Memory of the Earth' uses 7 orbs composed of colored water drops,True,0.19829564,-0.001083463430404663,-0.007863834500312805,0.10529573261737823,-0.0008954629302024841,-0.026066094636917114,-0.032384112,0.062861085,0.0952452,middle
42,2,The 12 cards symbolize a human timeline.,The 12 cards of the human timeline,True,0.19829564,0.009297430515289307,-0.00638243556022644,0.10529573261737823,0.00849178433418274,-0.027439475059509277,-0.003407374,0.09012672,0.0935341,middle
42,3,"The 12 cards represent the four seasons, emotions, or the universe's fragmented elements.",,False,0.19829564,,,0.10529573261737823,,,0.054499894,0.11793486,0.063434966,unanchored
43,0,The explanation describes a structured product article format.,Structured product article format with numbered sections listing beauty product features,True,0.23553883,0.006177634000778198,0.07352982461452484,0.17479944229125977,-0.0427425354719162,-0.1007804349064827,0.9850088,0.9919111,0.006902337,first
43,1,The Conair Curling Iron has a multi-function setting brush.,The Conair Curling Iron also offers a multi-function setting brush to create various curls and waves,True,0.23553883,0.040840938687324524,0.07875819504261017,0.17479944229125977,0.417047917842865,0.9751451015472412,-0.026989855,0.11733643,0.14432628,middle
43,2,The explanation provides an example of hair types and styles.,,False,0.23553883,,,0.17479944229125977,,,0.42397112,0.44575602,0.0217849,unanchored
43,3,The explanation discusses benefits of creating curls and waves.,,False,0.23553883,,,0.17479944229125977,,,0.994105,0.9951515,0.0010465229,unanchored
44,0,The text describes a medical textbook on obstetrics and gynecology.,Medical textbook/academic textbook description format establishes scholarly context covering obstetrics and gynecology clinical practice guidelines.,True,0.10666406,0.010748729109764099,0.031201735138893127,0.12959139049053192,0.01872876286506653,-0.004925832152366638,-0.024146557,0.19725898,0.22140554,first
44,1,The sentence structure indicates the book covers common women's health disorders.,"This textbook provides current and practical information on the diagnosis and management of common women's health disorders, emphasizing evidence-based approaches to the management of",True,0.10666406,0.014491744339466095,0.026239722967147827,0.12959139049053192,-0.010417729616165161,0.18860246241092682,0.99069357,0.99418926,0.0034957118,middle
44,2,The book emphasizes evidence-based approaches.,emphasizing evidence-based approaches to the management of,True,0.10666406,0.004428431391716003,0.01953698694705963,0.12959139049053192,0.014486744999885559,0.09042252600193024,0.50367844,0.5070651,0.0033866807,middle
45,0,The explanation suggests a concluding summary phrase for the project.,suggests a concluding summary phrase completing the theme,True,0.20291537,0.0011112838983535767,0.01685069501399994,0.24887292087078094,-0.005125463008880615,-0.01461714506149292,0.7061171,0.7341985,0.028081406,middle
45,1,"The explanation expects ""space and art"" or a similar topic listing.","""space and art"" or similar topic listing expected.",True,0.20291537,0.005216628313064575,0.0021163970232009888,0.24887292087078094,0.036785855889320374,0.03696905076503754,0.30827296,0.3801789,0.071905926,middle
45,2,"The explanation indicates an expected completion of ""in and with space.""","""and/with bodily experience"" or ""related to art"" or ""as methodology.""",True,0.20291537,0.01882822811603546,0.03084394335746765,0.24887292087078094,-0.00526311993598938,0.07801853120326996,0.29258287,0.40259156,0.11000868,last
46,0,The product name suggests it is an adapter or coupling.,"""Product Name : CS-30mm x 15mm Female Exhaust Reducing"" strongly implies a specific product model name or item number follows, suggesting ""Reducing Coupling"" or ""Bronze Tee fitting.""",True,0.24792367,0.006117761135101318,0.03138101100921631,0.6762059926986694,-0.0420718789100647,0.18858397006988525,0.84583414,0.89770555,0.05187142,middle
46,1,"The final token ""Reducing"" is part of a product description phrase structure.","Final token ""Reducing"" is mid-word in ""a 6mm x 15mm Reducing,"" part of a title or product description phrase structure",True,0.24792367,0.011265277862548828,0.038909345865249634,0.6762059926986694,0.031652629375457764,-0.24901899695396423,0.96531457,0.9809394,0.0156248445,last
47,0,Law is a system of rules created by governments to prohibit certain behaviors.,Law is a system of rules created by governments to prohibit certain behaviors.,True,0.32017425,0.002662450075149536,-0.006661474704742432,0.0039994497783482075,-0.0005475976504385471,0.00014310143887996674,0.30978078,0.33196694,0.022186164,middle
47,1,Laws are formalized rules that are deemed harmful.,Laws are formalized rules that are deemed harmful,True,0.32017425,0.0030882656574249268,-0.007249414920806885,0.0039994497783482075,-0.0003665131516754627,0.0018202676437795162,-0.9326537,0.018490102,0.9511438,middle
48,0,The text suggests a checklist format for the article.,"Structured SEO content with tips format, presenting actionable digital marketing strategies using Google Analytics tools for e-commerce businesses",True,0.14654529,0.0026863813400268555,0.007942050695419312,0.003615903202444315,0.0013993163593113422,0.0017837989144027233,0.9888748,0.99384636,0.004971547,first
48,1,"The phrase ""To Optimize Your SEO Strategy, Analyze Your Competitors Performance"" introduces competitor analysis.","To Optimize Your SEO Strategy, Analyze Your Competitors Performance"" suggests a second checklist item",True,0.14654529,0.0003517419099807739,-0.00028643012046813965,0.003615903202444315,0.0007584849372506142,-0.00208077859133482,0.9935924,0.9950972,0.00150486,middle
48,2,"The final token ""Compet"" is part of a section title ""Analyze Your Competitors"".","Final token ""Compet"" is a truncated word mid-sentence (""Analyze Your Compet"")",True,0.14654529,0.004544317722320557,0.02401776611804962,0.003615903202444315,-0.0011337376199662685,-0.0021859402768313885,0.67077047,0.722119,0.05134848,last
49,0,The text describes a French-speaking cat video with cartoon humor.,"French-speaking cat video with cartoon humor tone,",True,0.30660272,0.07007989287376404,0.15994662046432495,0.4180903732776642,0.051691681146621704,0.16081491112709045,-0.8579517,0.012341541,0.87029326,first
49,1,The video presents three animals' reactions to a hair loss treatment.,"presenting three animals' reactions to ""meth"" (hair loss treatment),",True,0.30660272,0.007063359022140503,-0.0063457190990448,0.4180903732776642,0.024158954620361328,-0.03411582112312317,-0.9134544,0.0031297917,0.9165842,first
49,2,The text uses a mirrored sentence structure for warnings.,"The text structure ""This time our dog is sore and she will no longer""",True,0.30660272,0.01785862445831299,0.01801908016204834,0.4180903732776642,0.00431552529335022,0.10377219319343567,0.9911468,0.99511164,0.0039648353,middle
49,3,"The final token ""no longer"" is part of an ironic warning pattern.","Final token ""no longer"" ends mid-sentence (""She will no longer""), continuing the repeated ironic warning phrase pattern",True,0.30660272,-0.01026645302772522,-0.007970601320266724,0.4180903732776642,-0.09931686520576477,0.008709698915481567,0.78940374,0.79644394,0.0070402315,last
50,0,The text implies a continuation of a list of computing milestones.,likely adding more prominent computing frameworks or inventions like Unix.,True,0.14501485,0.0013941526412963867,-0.0036740154027938843,0.13121138513088226,0.000447690486907959,-0.00922219455242157,0.95518094,0.96651036,0.01132942,middle
50,1,"The sequence ends with ""UNIX, "" suggesting more items follow.","""UNIX, "" ends mid-list after ""Unix, Operating Systems, Software Development, TCP/IP,""",True,0.14501485,0.005439296364784241,0.07761208713054657,0.13121138513088226,0.0052254945039749146,0.6680073887109756,0.32542014,0.3295402,0.0041200374,last
51,0,"The model uses log-normal, gamma, and other distributions for the probability density function.","The model estimated probability density function of annual maximum demand using log-normal, gamma and other distributions",True,0.12902762,0.0014836788177490234,0.0079679936170578,0.08743776381015778,-0.0029207617044448853,0.02320156991481781,0.5520019,0.5582091,0.0062072026,middle
51,1,The list of distributions is incomplete and expects a third distribution.," strongly expecting a third distribution like ""log-logistic distributions"" or ""triangular distributions"" or ""combination distributions.""",True,0.12902762,0.003706604242324829,0.006803646683692932,0.08743776381015778,-0.02121800184249878,-0.013132333755493164,-0.0005428336,0.0018378674,0.002380701,last
52,0,The sentence establishes a numeric range claim.,establishes a numeric range claim supporting the correlation strength,True,0.16928741,0.003431856632232666,0.008069351315498352,0.0805041715502739,-0.0012842938303947449,0.012441329658031464,0.98930836,0.99366075,0.0043524187,middle
52,1,The claim follows a quantitative statistics pattern.,following a quantitative statistics pattern similar to prior findings,True,0.16928741,0.005770385265350342,1.1429190635681152e-05,0.0805041715502739,-0.0016615986824035645,-5.640089511871338e-06,0.0137946755,0.015820857,0.0020261821,middle
52,2,The sentence is part of a quantitative claim.,"expecting numeric values like ""range of 0.3–0.5"" or ""order of magnitude",True,0.16928741,0.02810080349445343,-0.0008452087640762329,0.0805041715502739,-0.0008191466331481934,-0.019069135189056396,0.9127709,0.92884654,0.016075606,last
53,0,The text describes a tutorial on using ZWCAD to draw a HATCH rectangle.,"Taiwanese Excel tutorial format with technical instruction on ""Draw HATCH rectangle"" using ZWCAD software,",True,0.23854928,-0.0012593716382980347,0.09410639107227325,0.12777718901634216,-0.005435749888420105,0.22036173939704895,-0.99695706,0.00018911215,0.9971462,first
53,1,"The phrase ""A step-by-step"" indicates a section heading.","The phrase ""A step-by-step"" signals a section header or heading,",True,0.23854928,-0.000661507248878479,0.0020318329334259033,0.12777718901634216,0.0037446320056915283,0.0021767616271972656,-0.66457623,0.034928467,0.6995047,middle
53,2,The text expects to complete an instructional description.,"strongly expecting ""guide"" or ""method to draw the Auto-HATCH"" or ""procedure explanation"" or ""tutorial of setup process"" to complete the promised instructional description.",True,0.23854928,0.0029069185256958008,0.004070594906806946,0.12777718901634216,0.038421764969825745,0.04462561011314392,0.06517348,0.0983877,0.03321423,last
54,0,The text discusses a Middle East engineering professional context.,Middle East Engineering professional with product supplier/consultation context discussing Concrete Bar & Steel market demand.,True,0.2540605,-0.0033388137817382812,0.033019065856933594,0.05026610195636749,-0.0037299953401088715,-0.00023857876658439636,-0.0010509565,0.01940836,0.020459317,first
54,1,The text mentions an increase in demand for Hemp materials in the UAE post-Corona.,"""Due to demand for Hemp materials globally specially in UAE post Corona demand for tents and shelter materials is increasing specially""",True,0.2540605,0.006027907133102417,0.03933584690093994,0.05026610195636749,-0.003378894180059433,0.008965466171503067,-0.95010966,0.0014056187,0.95151526,middle
54,2,The explanation expects a specific noun to conclude the geographic or commodity preference statement.,"expecting specific noun like ""in developing countries"" or ""for pandemic relief"" or ""in the UK ones for green energy demanding.""",True,0.2540605,0.15074512362480164,0.030972927808761597,0.05026610195636749,0.258883461356163,0.05236324667930603,0.87555367,0.93057245,0.0550188,last
55,0,The phrase is a product claim about quality and reliability.,,False,0.21369393,,,0.0013970108702778816,,,0.9795285,0.98531914,0.0057906634,unanchored
55,1,The claim implies a memorable slogan.,lying a memorable slogan or bold claim about perfect timing and reliability.,True,0.21369393,-0.00070914626121521,0.0008533298969268799,0.0013970108702778816,-0.00029844697564840317,-0.0003484729677438736,0.3913008,0.39704797,0.005747158,middle
55,2,The claim emphasizes perfect timing and reliability.,perfect timing and reliability,True,0.21369393,0.002096712589263916,0.003956228494644165,0.0013970108702778816,-9.949412196874619e-05,-0.00017376546747982502,0.98110735,0.9893227,0.008215357,middle
56,0,The sentence structure implies a specific finding or confirmation count.,,False,0.21538633,,,0.12109246850013733,,,0.9949377,0.99720156,0.0022638396,unanchored
56,1,"The final token ""were"" ends an incomplete clause.",,False,0.21538633,,,0.12109246850013733,,,0.98452646,0.99175185,0.0072253663,unanchored
57,0,The sentence describes cumulative impacts on Atlantic salmon populations.,"While the salinity changes are certainly a stressor to the species, the additional stressors include the altered physical habitat",True,0.15604916,0.016805723309516907,0.03203412890434265,0.2795914113521576,0.0666908323764801,0.13051959872245789,-2.4252571e-05,0.0027473029,0.0027715554,middle
57,1,The explanation mentions a continuation clause beyond the habitat changes.,"""Beyond the habitat changes aside, beyond the...""",True,0.15604916,-0.01462593674659729,-0.017141669988632202,0.2795914113521576,-0.02854558825492859,-0.017897576093673706,0.0007893186,0.0012737091,0.00048439056,last
58,0,The workshop format includes a facilitator guiding group conversation.,"Faculty/educational leader workshop format with facilitator prompts guiding group conversation about listening & noticing,",True,0.21266446,-0.0027019530534744263,0.016678065061569214,0.35979411005973816,0.0029724836349487305,0.050776392221450806,0.060952455,0.07106055,0.010108099,first
58,1,The reflection process involves sharing written perspectives on others.,sharing written reflections on others' perspectives.,True,0.21266446,0.0009208172559738159,0.004350319504737854,0.35979411005973816,-0.00448945164680481,-0.001951664686203003,0.09881145,0.5295115,0.43070006,first
58,2,The list suggests continued questions for deeper reflection.,"The list structure ""After sharing your 'dreams' with group- invite some reactions.",True,0.21266446,0.008604377508163452,0.024494454264640808,0.35979411005973816,0.047530800104141235,0.07321891188621521,0.9922754,0.9937636,0.0014882383,middle
58,3,"The final token ""Did"" opens a third clause for further questioning.","Final token ""Did"" opens a third clause mid-list ("" Did you notice anything new about others' views?",True,0.21266446,0.014885947108268738,0.3406815230846405,0.35979411005973816,-0.011593341827392578,2.257560282945633,0.95775926,0.97332346,0.015564215,last
59,0,The text introduces a definition or concept about data fusion methods.,,False,0.4940632,,,0.006851503159850836,,,0.97950834,0.9883305,0.008822164,unanchored
59,1,"""Kinds"" likely refers to data formats or sources.","""widely used kinds of data"" likely referencing data formats or sources",True,0.4940632,0.010283708572387695,0.010470211505889893,0.006851503159850836,-0.0013284333981573582,-0.0011863233521580696,0.03491509,0.045453407,0.010538317,middle
59,2,"The phrase ends mid-phrase with ""across kinds of kinds."""," kinds""), expecting continuation like ""of data"" or ""of time-series"" or ""of uncertainty and structure",True,0.4940632,0.0903022289276123,0.14920574426651,0.006851503159850836,-0.0005332729779183865,-0.002337571233510971,0.88587976,0.9390105,0.053130776,last
60,0,The text describes a checklist pattern for water absorption instructions.,"Product/service promotional format with numbered tips showing water absorption instructions, following a checklist pattern",True,0.40267566,0.02614128589630127,0.011954128742218018,2.0632855892181396,-0.13729119300842285,-0.258938193321228,0.897555,0.947747,0.050191976,first
60,1,The list includes common household fire hazards.,following a checklist pattern with standard home repair advice.,True,0.40267566,0.007709681987762451,0.014991670846939087,2.0632855892181396,-0.010986089706420898,-0.6493983268737793,0.83294743,0.83898866,0.006041205,first
60,2,"The phrase ""Do not cook with an electric heater, gasoline, a charcoal"" is part of a warning about moisture cabinet fire hazards.","""Do not cook with an electric heater, gasoline, a charcoal""",True,0.40267566,0.014281898736953735,0.07357332110404968,2.0632855892181396,0.153778076171875,0.6770119667053223,0.47168264,0.48815972,0.01647709,middle
60,3,"The list of flame-producing sources includes ""charcoal grill.""","""charcoal grill""",True,0.40267566,-0.007458984851837158,-0.011060178279876709,2.0632855892181396,-0.07942438125610352,-0.11210715770721436,0.8358169,0.84712416,0.011307215,middle
61,0,The text discusses a blog post on energy/environmental science.,Nigerian lecturer's educational blog post structure with energy/environmental science content,True,0.24717858,-0.0018645673990249634,-0.009162500500679016,0.40089231729507446,0.007442444562911987,-0.05421477556228638,-0.014702568,0.0018910733,0.01659364,first
61,1,The sentence mentions scholars recognizing climate change.,Climate change has been recognised by many scholars (Watts),True,0.24717858,-0.002476632595062256,0.015178859233856201,0.40089231729507446,-0.015683889389038086,0.09209287166595459,0.9039193,0.93209356,0.028174287,middle
61,2,The IPCC report documents evidence of climate change.,the IPCC report has recorded the evidence of climate change (Houghton,True,0.24717858,-0.0013605207204818726,0.0187910795211792,0.40089231729507446,-0.02726888656616211,0.011914223432540894,0.16856718,0.17187925,0.0033120697,middle
62,0,The explanation discusses probiotics and bananas.,"lifestyle advice breakdown, alternating product descriptions with nutritional facts about probiotics and bananas.",True,0.19934851,0.007582917809486389,0.016990408301353455,0.09889709204435349,0.011804334819316864,0.000863000750541687,-0.99598557,0.00037287283,0.99635845,first
62,1,Turmeric has anti-inflammatory properties.,"Another health benefit of turmeric comes from our trusted anti-inflammatory superhero, because it helps fight the inflammation",True,0.19934851,0.009204059839248657,0.02310994267463684,0.09889709204435349,0.005967266857624054,-0.016686931252479553,0.0042465013,0.004916432,0.00066993065,middle
63,0,The phrase describes the diamond's combined magnificence.,implying a concluding description of the diamond's combined magnificence,True,0.15584701,0.004448220133781433,-0.002466350793838501,0.04170104116201401,0.0017681829631328583,-0.010107077658176422,0.97633475,0.980754,0.0044192853,middle
63,1,The text uses a compound noun construction.,creates a compound noun construction,True,0.15584701,-0.001373395323753357,-0.0014958977699279785,0.04170104116201401,0.007434632629156113,0.006179776042699814,0.9834472,0.9913993,0.007952083,middle
64,0,The page offers fitment data for BMW Lucas Parts.,German car brand repair/warranty service page with product information layout about fitment data for BMW Lucas Parts.,True,0.32111067,-0.0029154419898986816,0.08504185080528259,0.14790913462638855,0.002928107976913452,0.008521094918251038,-0.0059279897,0.0014499723,0.007377962,first
64,1,The service page includes vintage catalogue numbers or owner manuals.,"""All documents are created in the original technical drawings from the former production dates based on the original""",True,0.32111067,-0.0006215274333953857,-0.020376235246658325,0.14790913462638855,0.02141992747783661,-0.006032317876815796,-0.00040903152,0.0013672616,0.0017762932,middle
64,2,The phrase suggests a database or archive context.,"suggests a reference or search feature offering vintage catalogue numbers or owner manuals from BMW's historical data sources, implying a database or archive context.",True,0.32111067,0.03814506530761719,0.011954158544540405,0.14790913462638855,0.06575457751750946,0.02445290982723236,0.975966,0.9801311,0.0041651363,middle
65,0,The text suggests a coupon or discount code format.,"suggests a coupon or discount code format, likely listing pricing details or a discount percentage for guests.",True,0.20733319,0.0044624656438827515,0.0013934522867202759,0.12976953387260437,-0.005306608974933624,-0.010197915136814117,0.9874471,0.9930762,0.0056291353,middle
65,1,"The final token ""discount:"" indicates an expected continuation of discount details.",,False,0.20733319,,,0.12976953387260437,,,0.9832033,0.9866794,0.0034760884,unanchored
66,0,The post combines literacy resources with educational tips for third-grade reading/literature units.,"Teacher blogger post combining literacy resources with educational tips for third-grade reading/literature units,",True,0.4871651,0.03078436851501465,0.005828738212585449,0.1584721952676773,0.01119205355644226,-0.011466771364212036,-0.3235561,0.19546524,0.51902133,first
66,1,The final line suggests a newsletter sign-up or blog subscription section.,"The final line (""Subscribe to my email list to get my weekly freebies and teaching ideas!",True,0.4871651,0.01226198673248291,0.024530351161956787,0.1584721952676773,0.02046404778957367,0.038531944155693054,0.8819575,0.89124024,0.009282779,middle
66,2,The subscription prompt is incomplete and expects a newsletter name.,"strongly expecting ""Blog Den Newsletter"" or ""Subscribe Here"" or similar newsletter name, completing the subscription prompt.",True,0.4871651,-0.04613998532295227,0.0037803053855895996,0.1584721952676773,-0.02808709442615509,-0.009958460927009583,0.9390982,0.9608943,0.021796113,last
67,0,"The sentence ""The investigator acknowledges funding from NIAAA"" begins a funding acknowledgment.",,False,0.22791597,,,0.17753851413726807,,,0.9907311,0.99434185,0.0036107555,unanchored
67,1,NIAAA is part of an incomplete funding acknowledgment clause.,,False,0.22791597,,,0.17753851413726807,,,0.015063286,0.02037963,0.005316345,unanchored
68,0,The text suggests a structured agenda for a CEO's podcast episode.,"Podcast show notes format with a structured agenda promoting a CEO's upcoming episode,",True,0.27555647,0.00063362717628479,0.006695836782455444,0.009608041495084763,-0.0001306924968957901,0.0009642448276281357,0.41724867,0.5038221,0.08657342,first
68,1,The phrase signals a closing list of topics.,"""In this episode, you'll hear Ars Technica's full recorded conversation with Chris and Jeff about their company culture, growth mindset, and weekly highlights""",True,0.27555647,-0.004373520612716675,0.010732769966125488,0.009608041495084763,0.0016905833035707474,0.0030371276661753654,-0.115964696,0.0064714765,0.12243617,middle
69,0,The sentence structure creates a contrast between idealized and real conditions.,"""But those upbeat representations of Anglo-American relations scarcely reflected the bitter reality of post-war Britain's welfare concerns — far from this cosy""",True,0.18565711,0.0003250688314437866,0.008634284138679504,0.30085718631744385,0.05897688865661621,0.049391090869903564,0.994963,0.9967115,0.0017484998,middle
69,1,"The term ""cosy"" completes a simile critiquing nostalgic official versions.",,False,0.18565711,,,0.30085718631744385,,,0.9193175,0.9259069,0.0065893927,unanchored
70,0,The text suggests pairing activities with attractions.,lists a second activity paired with an attraction description,True,0.25580063,0.00694960355758667,0.004565775394439697,0.16185612976551056,0.023230016231536865,-0.0030891895294189453,0.9932628,0.99453676,0.001273948,middle
70,1,The explanation expects a completion for the cultural item's offering.,,False,0.25580063,,,0.16185612976551056,,,0.91155136,0.9272584,0.015707012,unanchored
71,0,The text discusses ESA's SEISM mission.,introducing ESA's SEISM mission,True,0.14999892,-0.0010995715856552124,-0.0022060126066207886,0.026396077126264572,-0.0035183336585760117,-0.005315767601132393,-0.99867296,0.0002072491,0.9988802,first
71,1,The text lists Mars's internal characteristics or geological insights.,scientists have uncovered surprising details about Mars,True,0.14999892,0.002145931124687195,0.004198387265205383,0.026396077126264572,-0.0008248686790466309,0.004213307052850723,0.649278,0.6545254,0.0052474304,middle
71,2,"The text expects to discuss the planet's internal structure, fluidity, and origin of its inner state.",,False,0.14999892,,,0.026396077126264572,,,0.0009185681,0.0019210549,0.0010024868,unanchored
72,0,The description includes a bracelet-shaped product.,showing a bracelet shape product,True,0.16683452,-0.0006512254476547241,-0.0006522089242935181,0.06575045734643936,-0.0008086934685707092,-0.0008601844310760498,-0.39978772,0.045241114,0.44502884,first
72,1,The text describes numbered features.,showing a bracelet shape product with numbered features,True,0.16683452,0.00015562772750854492,0.0007714033126831055,0.06575045734643936,-0.0005002319812774658,-0.004582937806844711,0.9890453,0.992967,0.003921671,first
72,2,"The sentence structure implies a second descriptive feature after ""The top hemisphere has"".","The top hemisphere has"" implies a second descriptive feature",True,0.16683452,0.0006386935710906982,0.012178868055343628,0.06575045734643936,-0.0004240274429321289,0.014405153691768646,0.9774595,0.9874671,0.010007615,middle
72,3,"The final ""has"" is part of a feature breakdown.",,False,0.16683452,,,0.06575045734643936,,,0.012539983,0.016589586,0.004049603,unanchored
73,0,The text is a personal reflection on teaching during the pandemic,"""As a science educator, this pandemic year has given me plenty""",True,0.15374145,0.003701046109199524,-0.008716106414794922,0.00043556923628784716,0.00012501186574809253,2.915822551585734e-05,-0.0005170582,0.013319227,0.013836285,middle
73,1,The author will elaborate on joy and gratitude in the museum's activities,elaborate on thoughtfulness or joy in the museum's activities,True,0.15374145,0.0100717693567276,0.0002945512533187866,0.00043556923628784716,0.0002449301246087998,-3.932646359317005e-05,-0.00396678,0.0065648,0.01053158,middle
73,2,"The final token ""plenty"" is part of a personal disclaimer","Final token ""plenty"" is mid-phrase (""Throughout my career, I have had plenty"")",True,0.15374145,0.05710043013095856,0.05823777616024017,0.00043556923628784716,0.0010651991178747267,0.0013260208943393081,0.7473922,0.7615744,0.014182226,last
74,0,The text discusses symptoms and risk factors for breast cancer.,Indian medical article format with bullet points listing symptoms and risk factors for Breast Cancer,True,0.3057589,-0.0007086396217346191,0.09138977527618408,0.2388349324464798,0.012461945414543152,0.3236267417669296,-0.93168867,0.018655866,0.95034456,first
74,1,The text also covers signs and treatments for ovarian cancer.,structured content covers ovarian cancer signs and treatments,True,0.3057589,-0.0014009177684783936,8.505582809448242e-05,0.2388349324464798,-0.0012145787477493286,0.023142322897911072,-0.0067554107,0.00052980473,0.0072852154,first
74,2,The explanation mentions menstrual irregularities as a risk factor.,menstrual irregularities or having breast cancer before menopause,True,0.3057589,0.0049603283405303955,-0.030386656522750854,0.2388349324464798,0.00943918526172638,-0.14593278616666794,-0.9873096,0.0016329468,0.9889425,middle
74,3,The text includes risk factors for ovarian cancer in women with a history of breast cancer.,ovarian cancer risk factors for women with a history of breast cancer and/or hormone-related cancer,True,0.3057589,0.007133752107620239,0.016817212104797363,0.2388349324464798,0.05936990678310394,0.08488611876964569,-0.9762768,0.0012207298,0.9774975,last
75,0,The text provides a structured fitness blog format.,"Structured fitness blog format with tips and encouragement for marathon training, systematically covering reasons to run a race and actionable steps toward achieving",True,0.16308548,0.02023327350616455,0.013058170676231384,0.2291174679994583,-0.045599788427352905,0.1004762202501297,0.9492324,0.9568289,0.007596497,first
75,1,The conclusion promises a summary message about necessary strategies.,"""While achieving a marathon can be challenging, with dedication and a training plan, you can successfully reach your goal. And with proper preparation and a""",True,0.16308548,0.000551566481590271,0.024415090680122375,0.2291174679994583,-0.042751431465148926,0.26530857384204865,0.4208723,0.46506998,0.044197682,middle
76,0,The sentence structure includes a parenthetical note about scientists' alignment.,"""And actually he found their technology is actually more advanced than expected (they were surprised, he was surprised too)""",True,0.27124667,0.00912371277809143,0.045952439308166504,0.17598013579845428,0.020069286227226257,0.027062788605690002,0.8888902,0.9260832,0.037192993,middle
76,1,"The final token ""surprised"" suggests an incomplete clause.",,False,0.27124667,,,0.17598013579845428,,,0.98089623,0.98807377,0.0071775108,unanchored
77,0,The explanation discusses eyelash shedding and tears.,"discusses lash mascara, establishing structured explanation of eyelash shedding and tears.",True,0.17320451,0.0038283467292785645,0.023981541395187378,0.008209568448364735,-0.0008274349384009838,0.004795657470822334,-0.009963326,0.023845926,0.033809252,first
77,1,Each eye has approximately 150 eyelashes.,"Each eye has approximately 150 eyelashes, and each lash cycle produces shedding",True,0.17320451,-0.0002218484878540039,0.008716225624084473,0.008209568448364735,-3.624334931373596e-05,0.0005311956629157066,-0.001111662,0.003086404,0.004198066,middle
77,2,The next clause will describe eyelid anatomy.,setting up the next clause likely describing how many lashes each eyelid has or the collective shedding behavior of the entire lashes.,True,0.17320451,-0.002373307943344116,0.002678990364074707,0.008209568448364735,-0.004961151862516999,0.0018641939386725426,0.03906124,0.05303558,0.013974339,middle
77,3,The final token is part of an eyelash count context.,,False,0.17320451,,,0.008209568448364735,,,0.16013804,0.26930863,0.109170586,unanchored
78,0,The text suggests a final tip about changing the creative workflow.,"""Change your creative workflow to start designing from research—and reverse your process""",True,0.22194052,-0.008902564644813538,0.016946464776992798,0.43683090806007385,-0.05329713225364685,0.06562438607215881,-0.13769788,0.11701562,0.2547135,middle
78,1,The text implies a third tip about starting the process with research.,"""Start your process by starting your process""",True,0.22194052,0.005914539098739624,0.008202686905860901,0.43683090806007385,-0.028369605541229248,-0.048934370279312134,0.406489,0.6021081,0.19561912,last
79,0,The text introduces a product offering for heat exchanger internals chemistry services.,introducing a product offering for heat exchanger internals chemistry services.,True,0.21033446,0.0021880120038986206,0.014194801449775696,0.10019445419311523,0.017469599843025208,0.021768517792224884,-0.8643047,0.053031616,0.91733634,first
79,1,The text implies a list of major industries' process variations follows.,"implies a list or specific terminology follow, likely naming the two major industries' COD process variations or similar acronym-based process names.",True,0.21033446,0.012713044881820679,0.03230391442775726,0.10019445419311523,-0.014899767935276031,-0.05430503562092781,0.12171396,0.19150597,0.06979201,middle
79,2,"The text expects specific process names to follow ""and.""","strongly expecting ""thermal cracking products"" or ""advanced solvent extraction projects"" or ""supercritical steam projects.""",True,0.21033446,0.03622867166996002,0.026098579168319702,0.10019445419311523,0.04236392676830292,0.120311439037323,0.819815,0.89150906,0.07169405,last
80,0,The sentence implies a concrete example or format pattern is expected.,"""So if you want to access your Livevideo URL it will be like""",True,0.1807723,0.003342851996421814,-0.0038617849349975586,0.18171706795692444,-0.025815516710281372,-0.012096196413040161,0.9929171,0.9957359,0.002818753,middle
80,1,"The final token ""like"" ends an incomplete comparative clause expecting a specific URL structure or example string.","""like"" ends an incomplete comparative clause (""Its URL path will be like"")",True,0.1807723,0.04009623825550079,0.20767754316329956,0.18171706795692444,-0.031090259552001953,0.256809800863266,0.9654225,0.9748405,0.009418027,last
81,0,The guide includes a pattern of reviewing the usefulness of health literacy tools.,"Directory/guide format with structured metadata fields describing a resource (""A resource list"" about health literacy tools) establishes pattern of reviewing usefulness of a tool.",True,0.28564462,0.00022542476654052734,0.006282240152359009,0.035247720777988434,0.002786196768283844,0.01719622313976288,-0.98113716,8.75612e-05,0.9812247,first
81,1,The text implies a concluding question for evaluating a resource's utility.,"Before using this resource, check what experiences others have had with this source: rate how useful this resource is for your search/learning work...",True,0.28564462,0.010616898536682129,0.062370628118515015,0.035247720777988434,-0.002660907804965973,-0.008570827543735504,0.045997202,0.5191559,0.47315872,middle
81,2,"The final token ""this"" continues an incomplete noun phrase about evaluating resource usefulness."," ends an incomplete noun phrase (""use to evaluate usefulness of using this resource, to see how useful uses this resource..."")",True,0.28564462,0.028603941202163696,0.3625442087650299,0.035247720777988434,0.0051900893449783325,0.024894043803215027,-0.6202376,0.1859601,0.8061977,last
82,0,"The blog establishes an inspiring, accessible framework around consciousness and embodiment.","Australian feminist/creative writing blog tone establishes an inspiring, accessible framework around consciousness and embodiment.",True,0.25269267,-0.002479732036590576,0.00802430510520935,0.0458688959479332,0.002682346850633621,-0.0007055141031742096,0.22025913,0.2244679,0.004208769,first
82,1,The article synthesizes mystical spiritual ideas with scientific neuroscience.,The article builds toward a synthesis of mystical spiritual ideas and scientific neuroscience.,True,0.25269267,0.0007475018501281738,0.01649746298789978,0.0458688959479332,-0.0010146163403987885,-0.001013103872537613,0.9948852,0.9961538,0.0012685646,first
82,2,The sentence signals a concluding argument about correlation.,"The sentence ""And the idea that we've been talking about awareness, body wisdom and emotional transformation has now begun to be backed up by brain research findings—so neuroscience research is directly tied to this shift"" signals a concluding argument about correlation.",True,0.25269267,0.01628604531288147,0.043617308139801025,0.0458688959479332,0.031114473938941956,0.12339109927415848,0.41065344,0.44029582,0.029642368,middle
82,3,"The final token ""research"" strongly expects continuation.","Final token ""research"" ends mid-clause (""this is now backed up by neuroscience research in brain research""), strongly expecting continuation like ""and evidence"" or ""that confirms the emergence"" or ""—where the science is now demonstrating concrete neuroplasticity.""",True,0.25269267,0.05730220675468445,0.9315496981143951,0.0458688959479332,0.05247262865304947,11.372558571398258,0.028780239,0.029602738,0.00082249905,last
83,0,The text suggests an enumerated list structure.,,False,0.13166349,,,0.0665040835738182,,,0.9905886,0.9946695,0.004080897,unanchored
83,1,"The text expects a question completion for ""How MRI Scan is"".",,False,0.13166349,,,0.0665040835738182,,,0.9077258,0.9176646,0.009938751,unanchored
84,0,The text is for an educational blog post,Structured educational blog post with numbered activities and images,True,0.12050086,0.004800066351890564,0.021127045154571533,0.16578440368175507,0.2636716216802597,0.5366910845041275,0.9514459,0.9685051,0.017059227,first
84,1,The post is designed for a children's page format,creating an interactive children's page format,True,0.12050086,0.0009519681334495544,-0.0012860149145126343,0.16578440368175507,0.029174715280532837,-0.010356679558753967,0.01812625,0.3869731,0.36884686,first
84,2,The text includes playful prompts about handwriting practice,playful prompts about handwriting practice,True,0.12050086,-0.004306137561798096,-0.0031546130776405334,0.16578440368175507,-0.025269433856010437,-0.003423646092414856,0.001589438,0.0054639806,0.0038745427,first
84,3,The explanation describes the importance of the alphabet,"""Learning the alphabet is a""",True,0.12050086,-0.0013404041528701782,0.0039298757910728455,0.16578440368175507,-0.023172780871391296,0.0032871514558792114,0.7516494,0.7704349,0.018785551,middle
85,0,UV lighting improves visibility in difficult-to clean areas,,False,0.23816082,,,0.0025711015332490206,,,-0.001783045,0.0008875888,0.0026706338,unanchored
85,1,The explanation continues describing anatomical challenges,particularly in the deeper portions,True,0.23816082,0.0018849223852157593,-0.0026092082262039185,0.0025711015332490206,-6.771041080355644e-05,0.0007041890639811754,0.017939724,0.023688402,0.005748678,middle
86,0,The article discusses AI materials for energy manufacturing.,Middle Eastern tech news article structure with expert interview format discussing AI materials for energy manufacturing,True,0.2016621,0.013509497046470642,0.03330196440219879,0.0006846995675005019,0.00025621632812544703,0.00016658497042953968,-0.34207508,0.004053352,0.34612843,first
86,1,The explanation mentions recycling as a challenge.,"""Another challenge is the recycling of existing devices. For instance""",True,0.2016621,0.00036378204822540283,0.00643099844455719,0.0006846995675005019,-0.00013408978702500463,-9.845633758231997e-05,-0.71119976,0.04506372,0.7562635,middle
86,2,The explanation suggests that conventional recycling is not practical due to cost or efficiency.,"e"" ends mid-clause (""For example. For example""), part of a list of challenges (""One cannot just destroy them. For example"")",True,0.2016621,,0.3965124189853668,0.0006846995675005019,,1.805259743181523,-0.00153023,0.30498806,0.3065183,last
87,0,The text signals a numbered list or bullet points will follow.,,False,0.22987455,,,0.13822077214717865,,,0.13543765,0.1672889,0.031851247,unanchored
87,1,The text strongly expects an enumerated customer guidance list to continue.,,False,0.22987455,,,0.13822077214717865,,,0.7590238,0.8678011,0.10877728,unanchored
88,0,The article discusses real estate commission benefits.,"discussing real estate commission benefits,",True,0.2246178,0.01091022789478302,0.0036364495754241943,0.05693722143769264,-0.003838431090116501,0.004611346870660782,-0.9889578,0.0033752352,0.99233305,first
88,1,The article emphasizes the importance of proper disclosure and compliance.,detailing the importance of proper disclosure and compliance,True,0.2246178,0.011241212487220764,0.0021254420280456543,0.05693722143769264,0.010963398963212967,0.011160839349031448,0.8835102,0.89425164,0.010741473,first
88,2,The conclusion reinforces the advice to research and understand the process.,reinforcing the article's advice about researching and understanding the process.,True,0.2246178,0.0073105692863464355,0.007137909531593323,0.05693722143769264,0.007191788405179977,0.01470160111784935,0.0745019,0.07801433,0.0035124242,middle
89,0,The sentence mirrors the headline's framework,"""While cigarettes are strongly linked with heart attack, new research has shown that smoking also increases risk of heart disease beyond lung cancer""",True,0.1881765,0.00821492075920105,0.07264585793018341,0.0175632257014513,0.00039686448872089386,0.0254922267049551,0.97047013,0.97818327,0.007713127,middle
89,1,The explanation expects to describe chronic diseases,expected next describing chronic diseases like heart failure or dementia,True,0.1881765,0.005750253796577454,0.0019059628248214722,0.0175632257014513,0.00250198133289814,0.002278851345181465,0.032872688,0.041305482,0.008432793,middle
89,2,The text contrasts traditional heart disease risks with cardiovascular disease,,False,0.1881765,,,0.0175632257014513,,,0.9776244,0.98699373,0.009369288,unanchored
90,0,The WHO published a graph showing cumulative COVID-19 deaths exceeding predicted mortality figures,"""The WHO had previously published a graph showing cumulative COVID-19 deaths exceeding predicted mortality figures, as shown by this chart dated May 18, 2020""",True,0.2794712,0.0016228854656219482,0.05303674936294556,0.11424513906240463,0.003913462162017822,0.0438004806637764,-0.0158526,0.005873163,0.021725764,middle
90,1,The explanation expects a continuation about mask prevalence or demonstration," ends mid-sentence (""The following graph from a Canadian health authority's report published on this date, below a figure published on May 15, 2020"")",True,0.2794712,0.03906017541885376,0.0864730179309845,0.11424513906240463,0.021868370473384857,0.04266240447759628,0.0003681727,0.000731915,0.0003637423,last
91,0,The Arabic Women STEM Initiative introduces a speaker profile format.,Arabic Women STEM Initiative introduces a speaker profile format with professional background emphasizing UN scientific impact and African women empowerment programs.,True,0.27227655,0.014501392841339111,0.018323808908462524,0.007583570200949907,0.0011708415113389492,-0.0020412420853972435,-1.7579441e-05,0.0003513086,0.00036888805,first
91,1,The text implies a global or African countries' beneficiaries.,"The phrase ""The UAE Foundation has been providing scholarships and grants over the last decades to talented scientists from different countries around the""",True,0.27227655,0.011390596628189087,0.027612388134002686,0.007583570200949907,-0.0014807158149778843,-0.0013295128010213375,0.13167328,0.48112318,0.3494499,middle
91,2,The text suggests a timeframe or educational initiative statement follows.,,False,0.27227655,,,0.007583570200949907,,,0.9944724,0.99668914,0.0022167463,unanchored
91,3,"The final token ""the"" is part of a parallel structure requiring a noun to complete the scope.",", part of a parallel structure listing philanthropic activities (""since many outstanding scholars around the world have been selected around the"")",True,0.27227655,0.01361989974975586,0.02534756064414978,0.007583570200949907,-0.0013623479753732681,-0.000778579618781805,0.98384446,0.9896151,0.005770651,last
92,0,The text emphasizes the importance of regular maintenance for historic buildings.,"As time passes, regular maintenance is crucial to fend off stains and deterioration, ensuring the exterior remains pristine and vibrant.",True,0.15712497,0.0013635903596878052,0.007411733269691467,1.0233579874038696,0.024518847465515137,-0.05273175239562988,0.9969389,0.99766564,0.0007267366,middle
92,1,The explanation highlights the consequence of neglecting maintenance.,This effort ensures the property maintains its original glory,True,0.15712497,0.004268035292625427,-0.005882725119590759,1.0233579874038696,0.12126195430755615,0.02657473087310791,0.99000984,0.9928369,0.0028270627,middle
93,0,The text discusses a timeline of system readiness inspections.,"""During the period from sequence T013 to T036, I have been tracking system readiness inspections spanning days 21 to""",True,0.22978702,0.004866376519203186,0.019016966223716736,0.029864884912967682,-0.0015524495393037796,-0.005656484514474869,0.061749768,0.121216856,0.05946709,middle
93,1,The timeline includes a numerical range of trial runs.,"""During runs numbers from T15 to""",True,0.22978702,0.0030772536993026733,-0.008410423994064331,0.029864884912967682,0.00023382902145385742,0.014149010181427002,0.05698346,0.060042087,0.003058628,last
94,0,The text discusses a Bulgarian language search tool UI format.,"Bulgarian language search tool UI format with SEO tips and filters,",True,0.24408847,0.0009742528200149536,0.00778275728225708,0.04761029779911041,0.009492989629507065,0.012906793504953384,-0.057896767,0.009987104,0.06788387,first
94,1,The text provides advice on using fewer search terms.,"Try to use less than complete search terms,",True,0.24408847,0.008825629949569702,0.011228322982788086,0.04761029779911041,0.001969520002603531,-0.00018711760640144348,-0.9894589,0.004820689,0.9942796,middle
94,2,The text suggests using more than one keyword for searches.,Use more than one keyword. Use more than,True,0.24408847,-0.007131233811378479,-0.011803537607192993,0.04761029779911041,-0.011078696697950363,-0.00983474776148796,0.99692994,0.9979918,0.001061881,last
95,0,The sentence mirrors a numbered list pattern for treatments.,"""Pain management can involve medication, physical therapy"" mirrors a numbered list pattern establishing treatments for chronic pain causes,",True,0.21949129,0.011744111776351929,0.022246062755584717,0.0796000137925148,-0.01810341328382492,-0.0160115584731102,0.89650255,0.9368078,0.040305264,middle
95,1,The explanation implies continuation of the list.,lying continuation of additional items like exercise or other therapies,True,0.21949129,0.0031537264585494995,-0.0050347596406936646,0.0796000137925148,-0.0027569234371185303,-0.005058407783508301,0.86625725,0.916261,0.050003763,middle
95,2,"The final token ""therapy"" suggests an expected continuation.",,False,0.21949129,,,0.0796000137925148,,,-0.0076922486,0.0093243,0.017016549,unanchored
96,0,The grocery store aims to make Asian produce accessible and affordable.,"The NYC-based Black-owned grocery store has worked to make fresh, healthy Asian ingredients accessible and affordable",True,0.16280137,0.0068317800760269165,0.014460697770118713,0.03667939081788063,-0.001100737601518631,0.017997171729803085,-0.99793875,0.00021450855,0.99815327,middle
96,1,The store's markets are described as convenient and inviting.,making their weekly markets a convenient and inviting choice,True,0.16280137,-0.0015277117490768433,0.0008250325918197632,0.03667939081788063,0.003709562122821808,0.025666244328022003,0.0006118666,0.0012934858,0.00068161916,middle
97,0,The explanation discusses a Malaysian ESL academic text.,"Malaysian ESL academic text with structured chart frames analyzing punctuation article verbs,",True,0.3094546,0.0025030970573425293,0.02015593647956848,0.04833313822746277,0.019325681030750275,-0.012887716293334961,-0.015922159,0.0016675526,0.01758971,first
97,1,The pattern repeats the question about both positive and negative 'and' constructions.,"The pattern ""The chart presented indicates that the meaning of and -and with someyings also appear in the case of kar2 and kar1"" repeats the question about both positive and negative 'and' constructions with the same subject about Whool verbs.",True,0.3094546,0.0019556283950805664,0.10526213049888611,0.04833313822746277,0.0010536089539527893,0.026308521628379822,0.009050361,0.012202687,0.003152326,middle
97,2,"The final token ""and"" is mid-expression.","Final token ""and"" is mid-expression (""necc and - and""),",True,0.3094546,0.040538400411605835,0.34252336621284485,0.04833313822746277,0.010455809533596039,1.1262982189655304,0.5589853,0.6253487,0.06636338,last
98,0,The article describes a UV-printing device's progress.,Arabic-language news article format with reporter-style headline structure and captioned images describes a UV-printing device's progress toward real-world vision.,True,0.14393197,0.02315869927406311,0.034751832485198975,0.07669955492019653,0.0050863176584243774,0.024953782558441162,-0.9993177,0.00010007739,0.9994178,first
98,1,The sentence sets up an expected continuation about the invention's potential future applications.,"the device's capabilities can track human thoughts"" sets up an expected continuation listing limitations or implications, likely completing the article's summary about the invention's potential future applications.",True,0.14393197,0.02182842791080475,0.020276635885238647,0.07669955492019653,0.05960109829902649,0.08952802419662476,0.009353519,0.010407398,0.0010538792,middle
98,2,The explanation expects the article to mention the technology's limitations or details.,,False,0.14393197,,,0.07669955492019653,,,0.0014780001,0.0025506595,0.0010726594,unanchored
99,0,The text discusses health/wellness book format with symbolic flower herb listings.,"Health/wellness book format with symbolic flower herb listings and spiritual attributes,",True,0.19392683,0.0023613721132278442,0.020234867930412292,0.03378373384475708,0.001732420176267624,0.02920849621295929,-0.691389,0.100534394,0.7919234,first
99,1,The explanation mentions Hawthorn palm and its associated medical conditions.,"infections, arthritis, chronic fatigue, yeast problems...",True,0.19392683,,0.0015372931957244873,0.03378373384475708,,0.020417410880327225,-0.97923535,0.0010677956,0.98030317,middle
99,2,The list of health conditions includes osteoporosis.,"osteoporosis"" ends mid-list of specific conditions (""arthritis, osteoporosis, osteoporosis""),",True,0.19392683,0.28350748121738434,0.4767035096883774,0.03378373384475708,5.705290973186493,8.596653163433075,0.996054,0.99688655,0.000832557,last
100,0,The text discusses gift-giving behavior in gift cards versus bribes.,gift-giving behavior in gift cards versus bribes.,True,0.51128405,-0.006168246269226074,-0.010948777198791504,0.017282119020819664,-0.0031096534803509712,0.0003572460263967514,-0.8196221,0.0020327047,0.8216548,first
100,1,The phrase suggests a common-sense scenario about gift recipients' preferences.,suggests an incomplete example or common-sense scenario about a gift recipient's holiday preference,True,0.51128405,0.05628269910812378,0.010618627071380615,0.017282119020819664,0.00046520307660102844,-0.00046291202306747437,0.26512983,0.28798598,0.022856154,middle
100,2,The phrase implies gifts should be useful and meaningful.,"a gift should be useful and meaningful, not just chosen at the",True,0.51128405,0.014097452163696289,-0.029421329498291016,0.017282119020819664,-0.0009128451347351074,-0.005687929689884186,0.9911149,0.9930929,0.0019779764,middle
101,0,PPC allows for precise targeting.,"""While SEO ensures reach, PPC allows for precise targeting. With PPC,""",True,0.18855268,0.008009269833564758,0.026471808552742004,0.005828453227877617,-0.0005742404609918594,0.004538326524198055,0.9649916,0.9718542,0.006862562,middle
101,1,PPC offers budget control.,,False,0.18855268,,,0.005828453227877617,,,0.9765175,0.9836489,0.007131426,unanchored
101,2,PPC provides direct campaign analytics.,"""you can target specific keywords,""",True,0.18855268,0.01565350592136383,0.015710413455963135,0.005828453227877617,0.006069520488381386,0.009069344960153103,0.004082647,0.008864904,0.0047822567,last
102,0,The explanation contrasts virtual classes with teachers prioritizing quantity over personal attention.,"""While some teachers might prioritise quantity over personal attention, virtual classes are able to manage bigger groups while still providing quality""",True,0.11536446,0.0032979771494865417,0.003635689616203308,0.04360409080982208,0.003047727048397064,0.0032227560877799988,0.9803719,0.9884448,0.008072923,middle
102,1,Virtual classes can provide quality education to larger groups.,virtual classes are able to manage bigger groups while still providing quality,True,0.11536446,0.004653871059417725,0.0036172419786453247,0.04360409080982208,0.00261089950799942,-0.007692236453294754,0.35875463,0.3699254,0.011170779,middle
103,0,The blog tone addresses national holidays from an African-American LGBT perspective.,Historical/educational blog tone with African-American LGBT perspective establishes a nuanced social/political argument about national holidays and enslaved African Americans.,True,0.21365279,0.005316808819770813,0.06793606281280518,0.013843374326825142,-0.0018468890339136124,0.024526255205273628,0.14876187,0.163259,0.014497137,first
103,1,The text presents Memorial Day as a counterpoint to July 4th celebrations.,"The sentence structure ""While many argue the celebration of Memorial Day as the embodiment of Independence"" continues a counterpoint to conventional July 4th celebrations",True,0.21365279,0.005274146795272827,0.005100443959236145,0.013843374326825142,-0.0012282226234674454,0.0026661790907382965,0.8233974,0.90877724,0.08537982,middle
103,2,The explanation critiques the narrative around American Independence Day.,"Final token ""Independence"" repeats mid-phrase (""the celebration of Independence""), part of a parallel comparison setup (""The idea of Independence Day""), likely continuing with ""Day being solely about the Revolutionary War"" or ""Day Day as a myth is more than celebrating freedom"" — completing the critique of surviving narratives.",True,0.21365279,0.010518237948417664,0.7922497391700745,0.013843374326825142,-0.007078086491674185,11.315508050844073,0.985017,0.9863993,0.0013822999,last
104,0,The text signals a concluding section or list,"Below, we'll explore each illness affected by air pollution and its specific effects on the body. Below",True,0.16580504,0.008910208940505981,0.010556593537330627,0.1343909204006195,0.021809086203575134,0.03955772519111633,0.4728237,0.48321128,0.010387574,middle
104,1,The text expects a continuation with specific details,"""Below"" ends an incomplete clause",True,0.16580504,0.0033527016639709473,0.006983742117881775,0.1343909204006195,-0.0005918890237808228,0.016673341393470764,0.0034017917,0.0038451666,0.00044337503,last
105,0,The text highlights the serum's benefits for skin hydration and vitality,highlighting a Korean beauty serum's benefits for skin hydration and vitality.,True,0.15273702,0.018117696046829224,0.005293741822242737,0.0904511883854866,0.06040569394826889,-0.012414760887622833,0.9693178,0.97900987,0.009692064,first
105,1,The text implies a scientific claim about ingredient properties,"implies a list or specific mechanism of skincare benefits, directly establishing a scientific claim about ingredient properties",True,0.15273702,0.015522494912147522,0.002971068024635315,0.0904511883854866,0.140034519135952,0.012388519942760468,0.98496944,0.9909078,0.005938366,middle
105,2,"The text expects a noun phrase following ""stimulate""","strongly expecting a noun phrase like ""collagen production,"" ""cell turnover,"" or ""skin repair and hydration, and produce a youthful glow.""",True,0.15273702,0.03522856533527374,0.023255810141563416,0.0904511883854866,0.17097096890211105,0.10678274184465408,0.9487815,0.9684539,0.0196724,last
106,0,The text discusses a comparison between Formula One teams at Silverstone.,UK motorsport magazine racing coverage feature article tone with media editorial graphics and quotes marking the trio of Formula One teams at Silverstone.,True,0.18161874,0.008047088980674744,0.05346052348613739,0.15818440914154053,0.026930972933769226,0.07288943231105804,-0.043760963,0.0012005256,0.04496149,first
106,1,"The explanation anticipates a continuation of the phrase ""Different"".","expecting continuation like ""Approaches but united"" or ""cars for Volkswagen"" or ""paths to F1.""",True,0.18161874,0.005396366119384766,0.01665341854095459,0.15818440914154053,-0.014447957277297974,0.05584661662578583,0.110172816,0.112223245,0.0020504284,last
107,0,The text mentions two types of appearance features for the product.,This product has two kind of appearance features & classification method - filled nylon product,True,0.33068493,0.012754857540130615,0.030789166688919067,0.0006619853666052222,-0.0004897716426057741,-0.0001525183324702084,0.9693158,0.98396033,0.0146445185,middle
107,1,The explanation expects a completion for a repeated structural phrase.,"strongly expecting ""one nature"" or ""ine materials"" or ""ine production process"" to complete the phrase.",True,0.33068493,0.02139797806739807,0.01737836003303528,0.0006619853666052222,-0.0002999361895490438,0.0008387819398194551,0.87170017,0.9242247,0.052524485,last
108,0,The resource book conversion project discusses children's literature and the New Jersey state Legislature.,"Educational/archival description with formal academic/educational metadata format discussing a resource book conversion project, establishing historical context around children's literature and the New Jersey state Legislature.",True,0.12612258,3.7670135498046875e-05,0.047653183341026306,0.17514018714427948,0.0005463361740112305,0.09653367102146149,-0.9985528,5.5983437e-05,0.99860877,first
108,1,The text implies a continuation or completion about the new resource.,"""Originally published in 2006, this updated edition of the historical overview of New Jersey’s Social Science Core curriculum has been shortened for online use... This""",True,0.12612258,0.01706928014755249,0.020767882466316223,0.17514018714427948,0.07089966535568237,-0.031392499804496765,0.9419735,0.9492495,0.007275976,middle
108,2,"The final token ""This"" suggests a new publication or resource.","""This""",True,0.12612258,0.0007527321577072144,0.0054860711097717285,0.17514018714427948,0.011342421174049377,0.033139780163764954,0.23980391,0.27379885,0.03399495,last
109,0,The text discusses a scientific paper on antimicrobial tripeptides.,"Scientific paper structure: Egyptian biomedical research article presenting experimental results on antimicrobial tripeptides derived from natural peptides,",True,0.27050626,0.007405489683151245,0.03676995635032654,0.0405777245759964,-6.487220525741577e-05,0.0005343668162822723,-0.7765865,0.06064915,0.8372356,first
109,1,The sentence examines eleven identified tripeptide triads.,Then we examined the eleven identified tripeptide triads from aptamer library and evaluated their possible three tripeptide candidate,True,0.27050626,-0.0038341879844665527,0.0014458000659942627,0.0405777245759964,-0.0012363865971565247,0.010624893009662628,-0.06742798,0.032390498,0.099818476,middle
109,2,The text expects the continuation to mention tripeptides.,"Final token ""tri"" is a truncated word mid-phrase (""three tri""), part of a clause listing the identified tripeptides (""The evaluated three specific tripeptide tri"")",True,0.27050626,-0.005448251962661743,0.4785444140434265,0.0405777245759964,-0.003390740603208542,4.934101268649101,0.021020826,0.022388894,0.0013680673,last
110,0,The text discusses medical malpractice negligence claims.,Legal article format with explainer structure detailing medical malpractice negligence claims,True,0.16695525,-0.0013982951641082764,-0.007980167865753174,0.08165425807237625,-0.0022212937474250793,-0.014630183577537537,-0.13688001,0.019117342,0.15599735,first
110,1,Failing to deliver baby timely can result in negligence consequences.,Failing to deliver baby timely can also result in negligence consequences,True,0.16695525,-0.0003412961959838867,0.0070958733558654785,0.08165425807237625,0.005590490996837616,0.020842522382736206,0.4049102,0.40930438,0.004394173,middle
110,2,The text implies delayed delivery can lead to brain damage.,"result in brain damage,"" ""cause permanent injury,"" or ""result in birth complications that deprive oxygen.",True,0.16695525,0.019619494676589966,0.0431784987449646,0.08165425807237625,0.05211683362722397,0.07963544875383377,0.99283224,0.9959961,0.003163852,last
111,0,The blog discusses Sanofi's AI-driven biologics drug discovery platform.,"Scientific pharma/industry blog structure with expert commentary format, discussing Sanofi's AI-driven biologics drug discovery platform",True,0.19013761,0.002554863691329956,0.04828740656375885,0.06332328915596008,-0.0007112249732017517,-0.004802986979484558,-0.8415846,0.0011833297,0.84276795,first
111,1,"The goals include discovering robust, stable antibody candidates.","""Our goals are to discover robust, stable""",True,0.19013761,-0.0012507140636444092,0.0066885799169540405,0.06332328915596008,-0.006934721022844315,0.00817067176103592,0.66994613,0.6820781,0.0121320095,middle
112,0,The text suggests a newsletter or lifestyle article on Michigan's economy.,Blog-style article structure with headlines and news headlines format signals a newsletter or lifestyle article on Michigan's economy and financial savings tips.,True,0.21241358,0.013272330164909363,0.01724100112915039,0.4528234899044037,0.017701268196105957,-0.05377936363220215,-0.034329858,0.05259255,0.08692241,first
112,1,The phrase indicates a third section about money-saving tips.,"The phrase ""Sharon's Financial Expert Ashley Power's Smart Money Advice: Bob Seiden's Clever Tips"" suggests a third item or section header, likely a blog post or video segment title about money-saving or homemaking tips.",True,0.21241358,0.053571075201034546,0.03477907180786133,0.4528234899044037,0.04738309979438782,-0.1918770968914032,0.5870943,0.64583176,0.058737487,middle
112,2,The text implies an incomplete noun phrase about saving money.,"Final token ""Tips"" ends an incomplete noun phrase (""Bob Seiden's Smart节约 Tips""), part of an article title or tagline list (""Michael's Thrifty Tips""),",True,0.21241358,0.024470850825309753,0.1771230697631836,0.4528234899044037,0.08361706137657166,0.32857856154441833,0.98299795,0.99014854,0.007150562,last
113,0,The sentence signals a transition to methodology.,"""To figure out the correlation, researchers looked at population""",True,0.17369737,-0.010544344782829285,-0.0035584867000579834,0.22020964324474335,-0.054413169622421265,0.021722063422203064,0.36399403,0.40166622,0.037672196,middle
113,1,The explanation expects a noun to complete the phrase.,"""population"" is mid-phrase ("" looked at population""), part of an incomplete verb phrase ""Researchers examined population,""",True,0.17369737,0.008006975054740906,0.15215100347995758,0.22020964324474335,0.07261233031749725,0.41890759766101837,0.9772069,0.9868819,0.00967505,last
114,0,The explanation discusses human rights violations in Myanmar's military operations.,International humanitarian report format with UK parliamentary scrutiny language describing human rights violations in Myanmar's military operations,True,0.29626146,-0.00864332914352417,-0.002749413251876831,1.0526957511901855,0.008663058280944824,-0.26723283529281616,-0.031968374,0.0004530796,0.032421455,first
114,1,The explanation mentions UN recommendations regarding the violations.,UN recommendations and violations against civil society and rights groups,True,0.29626146,-0.0024116337299346924,-0.006904780864715576,1.0526957511901855,-0.019631385803222656,-0.005211830139160156,-0.0005375261,0.001211549,0.0017490751,first
114,2,The explanation includes concerns about violence against LGBT individuals.,"""Some reports also found violence against LGBT""",True,0.29626146,0.002398163080215454,-0.00573614239692688,1.0526957511901855,-0.18364524841308594,0.14516055583953857,0.0014154345,0.0019924445,0.00057701004,middle
114,3,"The explanation expects the phrase to continue with ""LGBTI people in Myanmar.""",,False,0.29626146,,,1.0526957511901855,,,-0.0019056282,0.0035600776,0.005465706,unanchored
115,0,Traders may wait for a price level to confirm a trade setup,traders may wait for a price level to confirm that a trade setup is forming,True,0.26860303,0.0273512601852417,0.015981853008270264,0.21975953876972198,-0.026840120553970337,0.033510252833366394,0.49934956,0.5009207,0.0015711369,middle
116,0,Fire behavior is described using a structured template,following a structured fire behavior template,True,0.8254003,-0.0019801855087280273,-0.0031921863555908203,0.016926012933254242,1.7579644918441772e-05,0.0012957341969013214,0.036016025,0.0435642,0.0075481767,first
116,1,"The explanation references ""The消防百科"" (NFPA fire definition)",,False,0.8254003,,,0.016926012933254242,,,0.004375142,0.009891169,0.005516027,unanchored
116,2,Smoke formation requires specific fuel components,listing the fuel components necessary for smoke formation,True,0.8254003,-0.0036665797233581543,0.039907634258270264,0.016926012933254242,0.0017462316900491714,0.00788542814552784,0.03185546,0.046122685,0.014267226,middle
116,3,Combustion requirements depend on the nature of the material,,False,0.8254003,,,0.016926012933254242,,,0.12417444,0.22862174,0.1044473,unanchored
117,0,The text discusses influential books on American nationalist Roosevelt's military policies.,a chronological narrative covering five influential books on Americannationalist Roosevelt's military policies.,True,0.34169304,-0.0008900761604309082,0.014331728219985962,0.002871887059882283,4.7573819756507874e-05,-1.4913734048604965e-05,-0.9968343,0.00021637435,0.99705064,first
117,1,"The chapter heading ""Chapter One: The Politics of Murder: First Months of America's War"" introduces a series of chapters on laws affecting the Navy.","""Chapter One: The Politics of Murder: First Months of America's War"" introduces a series of chapters listing laws affecting the Navy,",True,0.34169304,0.0072973668575286865,0.04420053958892822,0.002871887059882283,-0.0002515362575650215,0.0002085394226014614,-0.008645039,0.031982437,0.040627476,middle
117,2,The first item in the chapter list presents historical facts about Wilson's prohibition legislation.,the first item presenting historical facts about Wilson's prohibition legislation.,True,0.34169304,0.00677037239074707,0.00569722056388855,0.002871887059882283,0.00013721338473260403,4.914402961730957e-05,-0.8384501,0.057470378,0.89592046,middle
117,3,"The final token ""Legislate"" ends mid-item in a numbered historical chapter list.",,False,0.34169304,,,0.002871887059882283,,,0.9201007,0.9380179,0.017917203,unanchored
118,0,The sentence suggests a concluding phrase about ecological contribution.,suggests a concluding phrase about the forest's ecological contribution and forest conservation efforts,True,0.18726408,0.027393564581871033,-0.003199070692062378,0.07729937881231308,0.008869297802448273,-0.02826271578669548,0.99430656,0.9962639,0.0019573476,middle
118,1,"The final token ""an"" requires a noun like ""forest landscape"".", completing the conservation mission's grander aim.,True,0.18726408,0.0021693557500839233,-0.004198968410491943,0.07729937881231308,0.009192310273647308,0.005046173930168152,0.9741949,0.98463225,0.010437377,last
119,0,The sentence suggests a scenario of treating a second wastewater source.,"""The_flow tank system has been able to incorporate this additional incoming Biosolids waste stream allowing this excess organic waste""",True,0.29268986,-0.0016952753067016602,0.005317658185958862,0.09649664163589478,-0.021580182015895844,0.007110998034477234,0.047078844,0.048747923,0.0016690808,middle
119,1,The text implies a scenario-specific action for the municorp污泥.,lying a scenario-specific scenario or disposal action for the municorp污泥,True,0.29268986,-0.0026342570781707764,0.006331890821456909,0.09649664163589478,0.01478356122970581,0.01795695722103119,0.8255684,0.85187715,0.026308795,middle
120,0,"The phrase ""How many kilometers per second is 856 cm? | The answer is"" mirrors a well-known reply structure.","The phrase ""How many kilometers per second is 856 cm? | The answer is"" mirrors the well-known reply structure, directly repeating the ""Koala is equal to"" pattern confirming the conversion formula.",True,0.80400765,-0.024592280387878418,0.1636180281639099,3.903576362063177e-05,-3.826534981499208e-05,-3.6220745414539124e-05,0.66118324,0.74603873,0.08485547,middle
120,1,"The explanation expects ""how many meters?"" or ""what sum of voxels"".","strongly expecting ""how many meters?"" or ""what sum of voxels.""",True,0.80400765,0.0021559596061706543,0.14757174253463745,3.903576362063177e-05,3.194560486008413e-05,16.291930263552786,-0.41792127,0.095538706,0.51346,last
121,0,The sentence structure suggests a section header or menu item.,,False,0.19323611,,,6.327773735392839e-05,,,0.9868879,0.9921401,0.0052522332,unanchored
121,1,"The final token ""Integr"" is part of a UI element label.",,False,0.19323611,,,6.327773735392839e-05,,,0.20798153,0.2421598,0.034178264,unanchored
122,0,The cat's big eyes help them see in the dark,"""The cat's big eyes help them see in the dark, and their bioluminescent eyes let them see in low light""",True,0.20551698,0.012985453009605408,0.020891129970550537,0.09509633481502533,0.05873885750770569,0.017127610743045807,-0.20110679,0.19839779,0.39950457,middle
122,1,Owls have low light vision,"""Because they hunted with low light vision, they can see in""",True,0.20551698,-0.0009624063968658447,-0.0036769211292266846,0.09509633481502533,-0.004694811999797821,-0.0011751502752304077,0.9458049,0.9497013,0.0038964031,last
123,0,The sentence structure provides examples of fuel running low scenarios.,"""This can mean running out of fuel mid-trip (or needing to refill before a trip) or being able to continue safely... (before) or before something else""",True,0.39086622,-0.007115602493286133,0.03755277395248413,0.5054566264152527,0.10715007781982422,0.016560077667236328,0.9857634,0.99183637,0.006073014,middle
123,1,"The final token ""before"" suggests an incomplete example clause.",,False,0.39086622,,,0.5054566264152527,,,0.9826359,0.99019617,0.007560241,unanchored
124,0,The microbial ecology program aims to detect and predict infectious disease threats.,To develop and apply genomic tools to detect and predict infectious disease threats;,True,0.07843359,0.0017073675990104675,0.006850160658359528,0.026074662804603577,-0.00016437843441963196,0.0023508220911026,-0.08815184,0.0042822314,0.09243407,middle
124,1,The program seeks to model microbial biodiversity.,to develop predictive ecological models of microbial biodiversity;,True,0.07843359,0.004632197320461273,0.0004917681217193604,0.026074662804603577,0.004674891009926796,0.0006372705101966858,-0.9972395,0.0001692328,0.9974087,middle
124,2,The program will develop foundational genomic and ecological data science capabilities.,evelop and implement foundational genomic and ecological data science capabilities,True,0.07843359,5.9835612773895264e-05,0.0032664164900779724,0.026074662804603577,0.00021914392709732056,0.006234411150217056,0.45870638,0.48313925,0.024432883,last
125,0,The role involves conducting audits.,Monitor the status/activities of ISO standards and conduct audits.,True,0.12644927,-8.597970008850098e-05,-0.00012980401515960693,0.08372914046049118,0.004300117492675781,-0.010456107556819916,-0.75883585,0.001433667,0.7602695,middle
125,1,The role includes planning training activities.,Monitor the status/activities of ISO standards and conduct audits. Also plan training,True,0.12644927,-0.0036494657397270203,0.007626578211784363,0.08372914046049118,-0.003332763910293579,-0.01636408269405365,0.9622034,0.9639965,0.001793158,middle
125,2,Training is part of the role's activities.,"""Also undertake training""",True,0.12644927,-0.0068522170186042786,-0.004875794053077698,0.08372914046049118,-0.008442141115665436,-0.01418767124414444,0.79926777,0.81056195,0.011294211,last
126,0,The text discusses a booklet measuring 8 inches by 5 inches.,This little blue book measures 8 in. x 5 in.,True,0.40937158,-0.0009732246398925781,0.03729251027107239,0.023431267589330673,0.0011255089193582535,0.014911316335201263,-0.034199804,0.47634515,0.51054496,middle
126,1,The booklet contains 84 pages of the Social Democracy's platform.,and contains the Social Democracy's platform of 84 pages,True,0.40937158,0.003660917282104492,-0.015967875719070435,0.023431267589330673,0.0023408010601997375,-0.011198717169463634,-0.9926282,0.0010887674,0.99371696,middle
126,2,The phrase suggests a parallel common book is being referred to.,"implies a second question is being introduced about the pamphlet's format and content, likely a parallel common book",True,0.40937158,-0.0007037222385406494,-0.022329986095428467,0.023431267589330673,0.0007569566369056702,0.004191599786281586,0.59110177,0.66947424,0.07837251,middle
126,3,The text expects the dimensions to be 8 inches by 9 inches or the page count to be 2 pages.,"strongly expecting ""9 inches"" or ""2 pages.""",True,0.40937158,0.02748933434486389,0.06710273027420044,0.023431267589330673,0.0007347092032432556,0.013076815754175186,-0.8640927,0.062356833,0.92644954,last
127,0,The text is a blogger-style spiritual encouragement post.,"Blogger-style spiritual encouragement post introducing heart + hope + surrender,",True,0.16075554,0.07098281383514404,0.024538949131965637,0.020337015390396118,0.02508818358182907,0.011198233813047409,0.46663868,0.59999335,0.13335468,first
127,1,The text promises practical tools to help with challenging seasons.,promising practical tools to move through challenging seasons.,True,0.16075554,0.01079210638999939,0.0036222487688064575,0.020337015390396118,-0.002482254058122635,-0.0023188553750514984,0.030847836,0.051372338,0.020524502,first
127,2,The phrase signals a list of three methods.,"""I've been thinking about some simple ways to reclaim your joy and wellness this winter"" signals a list or three numbered methods",True,0.16075554,0.008176058530807495,0.005239039659500122,0.020337015390396118,-0.00040853023529052734,0.0030669569969177246,0.98193103,0.98533523,0.0034042108,middle
127,3,"The text structure implies content about ""3 Ways to Shift Your Heart"".","""3 Ways to Shift Your Heart"" implies content/direction follows.",True,0.16075554,-0.002224668860435486,-0.00022712349891662598,0.020337015390396118,-0.0011675432324409485,0.0006960295140743256,0.9150844,0.94036555,0.025281118,middle
128,0,The sentence describes a physical sensation of fatigue.,"""During withdrawal, individuals may experience severe fatigue, causing them to feel incredibly lethargic""",True,0.14459455,0.006051585078239441,0.014473214745521545,0.24185840785503387,-0.018600240349769592,0.08699662983417511,0.99056613,0.9945598,0.003993716,middle
128,1,The description continues a parallel clause about fatigue.,,False,0.14459455,,,0.24185840785503387,,,0.07700926,0.09384753,0.016838264,unanchored
129,0,The sentence implies a causal/sociological context.,"""With the liberalizationation of India, with increase in family income, """,True,0.14808577,0.0076323002576828,0.008374571800231934,0.08915844559669495,0.0005225986242294312,-0.011143982410430908,0.96311146,0.97058004,0.0074685914,middle
129,1,"The text expects a continuation after ""liberalization, "".","""liberalization, "" ends mid-clause (""With economic liberalization in India, with the entry of foreign foods..."")",True,0.14808577,0.003930404782295227,0.04069316387176514,0.08915844559669495,0.017752543091773987,0.07858976721763611,0.00889809,0.009502928,0.0006048381,last
130,0,The paragraph pattern signals the final section's concluding list item.,,False,0.14655018,,,0.0007908936240710318,,,0.7797131,0.7950027,0.015289612,unanchored
130,1,"The final token ""Lastly"" is part of the fourth list item.",,False,0.14655018,,,0.0007908936240710318,,,0.6682249,0.72501224,0.05678735,unanchored
131,0,The text provides advice on personal finance planning.,offering actionable advice for personal finance planning,True,0.13966109,0.007470935583114624,0.006101951003074646,0.0009160228655673563,-0.00018654722953215241,-8.367042755708098e-05,0.99838126,0.9989881,0.0006068297,first
131,1,The text emphasizes monthly budget tracking.,emphasizing monthly budget tracking,True,0.13966109,-0.000593528151512146,0.005807340145111084,0.0009160228655673563,4.155252827331424e-05,-0.00012252770829945803,0.9790395,0.9883486,0.009309137,first
131,2,The text includes investment insights.,and investment insights.,True,0.13966109,-0.00359894335269928,-0.0007215589284896851,0.0009160228655673563,-0.0001345167402178049,-0.0001142049441114068,0.0017067068,0.0021944446,0.00048773777,first
131,3,The text advises to account for all sources of income.,ensure to include all sources. Make sure to account,True,0.13966109,0.0023322999477386475,0.007992878556251526,0.0009160228655673563,-0.00023775181034579873,-7.65809090808034e-06,0.9971491,0.9982493,0.0011001606,last
132,0,The explanation discusses a how-to article tone for meal prep.,guiding readers through rushing cleaning tasks.,True,0.15930687,-0.0006813555955886841,0.0019351541996002197,0.0008054014178924263,0.00014316278975456953,0.00027603033231571317,-0.9973275,0.00042893752,0.9977564,first
132,1,The text mentions the importance of having cleaning supplies readily accessible.,having all necessary cleaning supplies readily accessible is essential,True,0.15930687,0.0019606351852416992,0.0042454153299331665,0.0008054014178924263,-3.6803656257689e-05,0.0006455883267335594,0.99724376,0.9983365,0.001092761,middle
132,2,The explanation suggests using a supply board for organizing cleaning supplies.,making sure all your cleaning products and tools on,True,0.15930687,0.003636389970779419,-0.0012209266424179077,0.0008054014178924263,-0.00021750916494056582,0.0004776198766194284,0.0007975213,0.0017141375,0.0009166162,middle
133,0,The text describes the structure of MAYA documentation.,"MAYA documentation topic structure with numbered sections, each describing a view or property of a model view in AutoCAD Mechanical,",True,0.25654677,0.02046334743499756,0.015466809272766113,0.25089484453201294,0.04889628291130066,-0.00477205216884613,-0.9710847,0.0043697264,0.97545445,first
133,1,The pattern indicates the next section will introduce another UI feature.,"The pattern ""Change annotation appearance by setting font, line width, or style"" mirrors the prior section on ""Control annotation properties,""",True,0.25654677,0.015035748481750488,0.03391560912132263,0.25089484453201294,0.04066017270088196,0.0996115505695343,-0.4339834,0.0035039796,0.43748736,middle
133,2,The final token opens a new subsection about font styles.,,False,0.25654677,,,0.25089484453201294,,,-0.6129853,0.005979881,0.6189652,unanchored
134,0,The text describes a structured format for an article on sinus disorders.,"Health article format with structured informational tone covers sinus disorders,",True,0.15813302,0.0012044757604599,0.006626591086387634,0.02585141733288765,0.001390557736158371,0.021044865250587463,-0.47070646,0.16745184,0.6381583,first
134,1,The explanation identifies a pattern of question headers in the text.,"The pattern ""What is chronic orthopaedic disease? How is it diagnosed?"" establishes",True,0.15813302,0.0003454536199569702,0.010447368025779724,0.02585141733288765,0.0035510659217834473,0.005189772695302963,0.922175,0.95504695,0.032871958,middle
134,2,The explanation predicts the next section will cover scoliosis.,"signaling the next section likely continues explaining causes, diagnosis, or treatment of scoliosis,",True,0.15813302,0.0002858787775039673,0.0028594285249710083,0.02585141733288765,-0.0009298492223024368,0.0017299875617027283,0.0018996722,0.0065149646,0.0046152924,middle
134,3,The explanation anticipates a continuation of the question list with a diagnosis question.,"Final token ""How"" opens a second repeated question header (""How is lumbar spine disease diagnosed?""),",True,0.15813302,0.031207650899887085,0.6265783458948135,0.02585141733288765,0.14697962626814842,11.204712700098753,0.20067765,0.21101026,0.010332612,last
135,0,The explanation describes a blog-style article structure.,"Blog-style article structure with informative tone explaining allergies and cold symptoms,",True,0.24123435,-0.0008246302604675293,0.009192302823066711,0.018548034131526947,-0.00020184367895126343,-0.002275848761200905,0.03412772,0.049641788,0.015514066,first
135,1,The explanation discusses signs of a yeast infection in recovery.,systematically covering signs of a yeast infection in recovery.,True,0.24123435,0.0027069002389907837,-0.0023313164710998535,0.018548034131526947,0.0005632992833852768,0.00029313936829566956,-0.9994733,8.561282e-05,0.99955887,first
135,2,The explanation uses a pattern to mirror earlier sections.,The first sign of a urinary tract infection is the initial sign,True,0.24123435,-0.0008983761072158813,0.0041015297174453735,0.018548034131526947,-0.0029970062896609306,-0.0032673487439751625,0.049552783,0.05231798,0.002765199,middle
135,3,The explanation continues defining the first sign of a UTI.,"directly continuing the definition clause (""The very first sign...The first sign of a UTI..."")",True,0.24123435,0.0021639466285705566,0.007174670696258545,0.018548034131526947,-0.0034667328000068665,-0.003352738916873932,-0.004847294,0.002856175,0.007703469,last
136,0,The sentence structure mirrors the historical context clause.,,False,0.47477397,,,1.4414645433425903,,,0.9820717,0.99004793,0.007976218,unanchored
136,1,The explanation expects a continuation about the imperial founder's stance.,,False,0.47477397,,,1.4414645433425903,,,0.014251033,0.016198998,0.0019479654,unanchored
137,0,The study focuses on socio-ecological assessment of hunting behavior and biodiversity change.,This study focuses on socio-ecological assessment of hunting behavior and biodiversity change,True,0.1038418,0.0019948408007621765,0.0028893202543258667,0.047405268996953964,0.011352870613336563,-0.004631474614143372,-0.056559157,0.0015617809,0.058120936,middle
137,1,The explanation expects a continuation of the list with livelihood strategies or socio-economic conditions.,"s a third term or list item continues, likely describing households' livelihood strategies or socio-economic conditions",True,0.1038418,0.02407538890838623,0.016907833516597748,0.047405268996953964,0.08788660541176796,0.0327022485435009,0.1799663,0.18706185,0.0070955413,middle
137,2,The research scope includes socioeconomic aspects and resilience.,completing the research scope about socioeconomic aspects and resilience,True,0.1038418,-0.00023671239614486694,0.0032715797424316406,0.047405268996953964,-0.001997247338294983,0.002756938338279724,0.45703954,0.4648758,0.0078362655,last
138,0,The article discusses Supplements and their benefits of Food items,Article discusses Supplements and its benefits of Food items,True,0.12662879,0.006402745842933655,0.011435732245445251,0.07584776729345322,0.00023334473371505737,0.01230030506849289,0.9638098,0.9751965,0.011386673,first
138,1,The sentence introduces a list of functions of dietary supplements,Fruits and Vegetables are being used as:,True,0.12662879,-0.0001297295093536377,-0.014400355517864227,0.07584776729345322,-0.0035341233015060425,-0.010101959109306335,0.9767676,0.9874307,0.010663067,middle
138,2,"The final token ""a"" requires a noun phrase to complete the item","immediately requiring a noun phrase like ""Health supplement"" or ""Food supplement""",True,0.12662879,-0.0024213865399360657,0.0025517940521240234,0.07584776729345322,0.050522513687610626,0.05682495981454849,0.9942892,0.9962465,0.0019573134,last
139,0,"The phrase ""special label-variation (SOG2 juniors)"" suggests a specific product name or model distinction.","""special label-variation (SOG2 juniors)"" suggests a specific product name or model distinction",True,0.38453484,0.04548916220664978,0.21767842769622803,0.011691831052303314,-0.001910550519824028,0.3855229392647743,0.58876574,0.6659704,0.077204674,middle
139,1,The text implies a particular context or aberrant measurement value.,implying a particular context or aberrant measurement value,True,0.38453484,0.016886025667190552,0.14936161041259766,0.011691831052303314,0.00361025333404541,0.5051892176270485,0.9705696,0.97880954,0.008239943,middle
139,2,"The final token ""Lancaster"" is part of a parenthetical label or specific name."," "" is mid-phrase in a parenthetical label or specific name",True,0.38453484,0.05280151963233948,0.35522985458374023,0.011691831052303314,-0.006463713012635708,1.235367275774479,0.92744464,0.9499158,0.022471162,last
140,0,"The product description emphasizes luxury, color, and sophistication.","emphasizing luxury, color, and sophistication for an indoor plant furniture piece.",True,0.17150496,-0.000449255108833313,0.01188613474369049,0.017558343708515167,0.0001246519386768341,0.004191560670733452,-0.6908101,0.12462421,0.8154343,first
140,1,The text suggests the product is a statement piece for indoor spaces.,"making it a sublime decor piece — perfect for welcoming spaces, creating a impactful display",True,0.17150496,-0.004442721605300903,0.009697481989860535,0.017558343708515167,-0.00041851215064525604,0.000939931720495224,0.99380285,0.9949386,0.001135747,middle
140,2,The product is positioned as an ideal home addition.,implying a concluding summary claim about owner prestige.,True,0.17150496,0.0009446144104003906,0.0059254467487335205,0.017558343708515167,0.0002179313451051712,0.001384235918521881,0.99094313,0.99171513,0.00077200274,middle
140,3,The text implies the product enhances the owner's prestige.," this elegant indoor tree mirrors your lifestyle, making it a sublime decor piece — perfect for welcoming spaces, creating a impactful display",True,0.17150496,0.01227937638759613,0.02012006938457489,0.017558343708515167,-0.0018015168607234955,-0.001578623428940773,-0.057310693,0.0652513,0.12256199,middle
141,0,The sentence introduces a third reason for force update.,,False,0.22006315,,,0.021127974614501,,,0.008599704,0.01499071,0.006391006,unanchored
142,0,The explanation describes the structure of a formal UN human rights document.,"Formal UN human rights document structure with defined source/source format,",True,0.261406,-0.003843933343887329,-0.0006811618804931641,0.15151354670524597,0.1272951066493988,0.10624048113822937,0.99173933,0.9940003,0.002260984,first
142,1,The explanation references the UN Declaration on Indigenous rights.,presenting international law text on Indigenous rights.,True,0.261406,-0.0032249391078948975,-0.005668967962265015,0.15151354670524597,0.01808515191078186,0.015911027789115906,0.99137557,0.99387795,0.0025023727,first
142,2,The quoted UN Declaration pattern establishes a definition clause.,establishing a definition clause expected to enumerate rights or self-determination for Indigenous peoples.,True,0.261406,0.0028839111328125,0.002662867307662964,0.15151354670524597,0.015427455306053162,-0.029106631875038147,0.07569799,0.08036072,0.004662733,middle
142,3,"The final token ""to"" continues the Declaration's quoted text.","directly continuing the Declaration's quoted text about Indigenous rights,",True,0.261406,-0.000729680061340332,0.005883365869522095,0.15151354670524597,-0.019136041402816772,0.0005976706743240356,0.010192377,0.013963457,0.0037710809,last
143,0,The article format includes sections on art and colors.,presenting sections on the significance of art and colors in a visually stunning gallery.,True,0.21763699,0.01134742796421051,0.006543874740600586,2.040285110473633,-0.12314081192016602,0.15311074256896973,0.99545395,0.9959674,0.0005134524,first
143,1,The text mirrors the introduction's concluding phrase.,Embark on a thrilling journey as we explore the captivating worlds of painting and photography through these stunning images,True,0.21763699,0.006448075175285339,0.02590000629425049,2.040285110473633,-0.3072812557220459,0.022242307662963867,0.8740562,0.91059136,0.036535118,middle
144,0,The sentence describes passive dispersal methods.,Other forms of passive dispersal may also vary in method (e.g. gravity: fruits fall under gravity),True,0.36228356,-0.00022649765014648438,0.06565582752227783,1.332620620727539,-0.004110813140869141,0.27460241317749023,0.90181196,0.949989,0.048177063,middle
144,1,The explanation expects a specific noun to complete the example.,"strongly expecting a specific noun like ""sinkstone"" or ""passive sinking"" or ""volensation"" or ""submerged or basal dispersal.""",True,0.36228356,0.09873086214065552,0.10097864270210266,1.332620620727539,1.2467844486236572,1.2098159790039062,0.9574792,0.9772234,0.0197442,last
145,0,The paragraph discusses hormonal changes during peri-menopause.,now continuing with a paragraph explaining hormonal changes during peri-menopause,True,0.11836504,0.002223275601863861,-0.000606246292591095,0.016772989183664322,0.003571661189198494,-0.0075427470728755,-0.5103261,0.2245289,0.734855,middle
146,0,The blog post involves kid-friendly educational activities.,Blog post format with kid-friendly educational activities,True,0.22120042,0.0051613301038742065,0.007727980613708496,0.21007125079631805,0.027949318289756775,0.06816248595714569,0.9989399,0.9992317,0.00029180042,first
146,1,The activities celebrate Marchand materials.,Blog post format with kid-friendly educational activities celebrating Marchand materials,True,0.22120042,0.004098638892173767,0.012827962636947632,0.21007125079631805,0.05623792111873627,0.11191852390766144,0.3024345,0.46413156,0.16169707,first
146,2,The activities blend crafts and learning about flowers.,blending crafts and learning facts about flowers and art,True,0.22120042,0.007228687405586243,0.005012884736061096,0.21007125079631805,0.005124405026435852,0.006800293922424316,0.9958067,0.99668247,0.0008757478,first
146,3,The text refers to VanGogh's Starry Night colors.,"Starry Night colors"" is mid-description, listing a specific art piece or creative details from the artist.",True,0.22120042,0.02408522367477417,0.0070207566022872925,0.21007125079631805,0.031067341566085815,-0.03126850724220276,-0.99305904,0.0012368672,0.9942959,middle
147,0,The text explains social changes in America's North and South during the early Industrial Revolution.,"Historical children's book with informational text explaining early Industrial Revolution changes, using a reading guide format that describes social changes in America's North and South.",True,0.1737021,0.0018826276063919067,0.022309929132461548,0.2531393766403198,-0.012050807476043701,-0.007700249552726746,0.4887612,0.6532964,0.16453524,first
147,1,The paragraph structure signals a second paragraph about new ideas and immigrants.,,False,0.1737021,,,0.2531393766403198,,,0.04525837,0.05472396,0.009465589,unanchored
147,2,The text continues the argument about the same period's economic and scientific discoveries.,,False,0.1737021,,,0.2531393766403198,,,-0.0007735342,0.020460319,0.021233853,unanchored
148,0,The text introduces a location for a luxury villa.,"""Discover the imposing Exclusive Residence Villa, located within the esteemed resort of Casale Sforza, one""",True,0.3277187,0.003681480884552002,0.011883825063705444,0.00043775051017291844,0.00017199452850036323,0.00011637943680398166,0.9860409,0.992015,0.005974101,middle
148,1,"The location is in Tivoli, Italy.","""In Tivoli, one of Italy's most luxurious locations, one""",True,0.3277187,-0.007036924362182617,0.009168177843093872,0.00043775051017291844,3.887718776240945e-06,-2.1514511900022626e-05,-0.8562233,0.015290985,0.87151426,last
149,0,The blog post uses imagery comparing menorah and candlesticks to symbolism,comparing menorah and candlesticks to symbolism.,True,0.28124034,0.0053032636642456055,-0.000883638858795166,0.013548849150538445,-0.0007646400481462479,-0.002543228678405285,0.9867024,0.98982215,0.0031197714,first
149,1,The paragraph structure mirrors earlier description by detailing both types' seven-branched attributes,"The paragraph structure ""The Luna Moon has eight candlesticks which is the modern version of the Chandelier candle menorah. The traditional menorah has seven"" mirrors earlier description, now detailing both types' seven-branched attributes",True,0.28124034,0.0024729371070861816,0.03893089294433594,0.013548849150538445,-0.002968752756714821,0.009502191096544266,0.97785085,0.984703,0.006852179,middle
149,2,"The final token ""seven"" repeats mid-sentence, continuing the parallel attribute listing","Final token ""seven"" repeats mid-sentence (""The secular menorah has seven""), directly continuing the parallel attribute listing about the second version's seven branches",True,0.28124034,0.010414063930511475,0.031118243932724,0.013548849150538445,0.0006290748715400696,0.006878471001982689,0.9752469,0.9841791,0.00893217,last
150,0,The sentence lists symptoms of Mercury poisoning.,"""Alcohol alcohol can trigger symptoms such as weakness and can adversely affect the brain""",True,0.22142792,0.008798941969871521,0.004354536533355713,0.23642413318157196,-0.010640397667884827,-0.050130441784858704,0.67528147,0.7739141,0.09863264,middle
150,1,The text suggests an incomplete enumeration of health effects.,"""For example, damage to the brain""",True,0.22142792,-0.00246487557888031,0.001735582947731018,0.23642413318157196,-0.028698548674583435,-0.004707798361778259,0.98723876,0.99172497,0.0044862106,middle
151,0,The explanation discusses the structure of a European policy document.,"European policy document structure with official EU policy context,",True,0.27950573,0.0029494762420654297,0.0056321024894714355,0.13349658250808716,0.029896453022956848,0.05656617879867554,0.9852368,0.9901225,0.004885664,first
151,1,The text mentions a repeated definition pattern about the EES concept.,"The paragraph opening ""The Energy Efficiency Directive promotes the implementation of the Energy Efficiency Target through the Energy Efficiency Obligations"" mirrors earlier definition language, establishing a repeated definition pattern about the EES concept and its measures to reduce energy consumption.",True,0.27950573,-0.0014860332012176514,0.07268768548965454,0.13349658250808716,-0.014589577913284302,0.29195457696914673,0.976086,0.98630893,0.010222935,middle
151,2,"The explanation expects a continuation of the main point after ""Efficiency"".","Final token ""Efficiency"" is mid-term ""The Energy Efficiency"" — completing a quoted definition phrase already mid-sentence (""about the Energy Efficiency programmes""), immediately expecting ""Programme"" or ""Policy (EES)"" or ""Efficiency Principle"" or ""DDP [Deep Decarbonisation",True,0.27950573,0.05491486191749573,1.0573617219924927,0.13349658250808716,0.21641945838928223,6.314953982830048,0.8913461,0.900119,0.008772902,last
152,0,The paragraph introduces a concluding warning about risks.,"""However, Cryptocurrency trading carries inherent risks, and it's essential to manage them wisely""",True,0.22074877,0.00350797176361084,0.04090522229671478,0.6776491403579712,-0.2621546685695648,0.04347759485244751,0.97194564,0.98125136,0.009305686,middle
152,1,The text lists risks such as volatility and price fluctuations.,following the pattern of listing risks like volatility and price fluctuations,True,0.22074877,-0.008065804839134216,-0.004726812243461609,0.6776491403579712,-0.19248709082603455,-0.16431301832199097,0.022450369,0.025001297,0.0025509275,middle
152,2,"The final token ""risks"" ends mid-clause.","Final token ""risks,"" ends mid-clause",True,0.22074877,0.009975314140319824,0.4923257976770401,0.6776491403579712,0.11696583032608032,9.364363074302673,0.9093076,0.938549,0.029241387,last
153,0,Paint removal can release hazardous chemicals.,"While painted tiles may seem safe, the removal process can still cause hazardous chemicals.",True,0.23928674,0.003242284059524536,0.01884518563747406,0.5813248753547668,0.01112455129623413,-0.0269012451171875,0.02467043,0.026342573,0.0016721435,middle
153,1,Cleaned tiles may not be completely harmless.,Even the cleaned tiles may not be completely harmless.,True,0.23928674,0.006848856806755066,0.005099236965179443,0.5813248753547668,-0.0445256233215332,-0.03054124116897583,0.43289098,0.43548808,0.0025971045,last
154,0,The blog post shows activities celebrating Christmas and Chinese New Year.,Malaysian Chinese kindergarten kids' blog post format with numbered counting activities shows a series of school activities celebrating Christmas and Chinese New Year.,True,0.19005756,-0.002062752842903137,0.028526082634925842,0.11164824664592743,0.0009079873561859131,-0.001144126057624817,-0.9311696,0.0019137056,0.93308336,first
154,1,The sentence implies a second item in a list of school activities.,,False,0.19005756,,,0.11164824664592743,,,0.9852856,0.99215937,0.006873791,unanchored
154,2,The text expects the third activity to be about military.,,False,0.19005756,,,0.11164824664592743,,,0.0060792025,0.018388627,0.012309425,unanchored
155,0,Dogs are allowed on the beach days but not on picnic tables.,"""While dogs are allowed on the beach days in the park, they are NOT permitted on picnic tables due to park regulations and safety rules. Also,""",True,0.2161359,-0.004069298505783081,0.035942062735557556,0.1147870272397995,-0.008258126676082611,0.02759617567062378,0.09200448,0.11514832,0.023143845,middle
156,0,The liver's insulin suppression role is shown through gate-keeping,"""The second explanation is that the liver's insulin suppression role is also shown through the gate-keeping""",True,0.3348316,0.005972445011138916,0.007782667875289917,0.09393449872732162,0.023564323782920837,0.027744419872760773,0.024901913,0.044405885,0.019503972,middle
156,1,The sympathetic system controls carbohydrate uptake,interact with carbohydrate uptake,True,0.3348316,-0.0014224052429199219,-0.008658885955810547,0.09393449872732162,0.012557931244373322,0.002158060669898987,-0.0007338119,0.0034021493,0.004135961,middle
157,0,The text discusses the structure of an encyclopedic/academic article.,"Encyclopedic/academic article structure with definitional format explaining crowdsourcing benefits for business communication,",True,0.0899242,0.0038278400897979736,0.019732080399990082,0.002026158384978771,-0.00013063335791230202,0.0013045482337474823,-0.11365524,0.004683565,0.1183388,first
157,1,"The text indicates the final token ""of"" ends an incomplete noun phrase.","Final token ""of"" ends an incomplete noun phrase ""Advantages of,""",True,0.0899242,0.0005614012479782104,0.6364557296037674,0.002026158384978771,0.00021173572167754173,0.9056132258847356,0.98410714,0.9901343,0.0060271737,last
158,0,The text suggests a list of specific prevention measures.,"sweep regularly, seal loose cracks and vents"" suggests a list continues with specific prevention measures",True,0.2715091,0.0024217069149017334,0.006431460380554199,0.008624885231256485,0.00012050475925207138,0.008035693317651749,0.80082655,0.8378557,0.037029143,middle
158,1,The explanation implies related home safety steps follow.,"""blocking attic vents"" implying related home safety steps like shielding or sealing entries",True,0.2715091,0.005317360162734985,0.0019120275974273682,0.008624885231256485,-0.00220249081030488,0.005857720971107483,0.99601424,0.99666756,0.0006533379,middle
159,0,The text suggests an interactive or community-oriented article format,suggesting an interactive or community-oriented article format,True,0.26024958,0.004977792501449585,0.008102089166641235,0.020271962508559227,0.00018762797117233276,0.001851685345172882,0.97947955,0.98082745,0.0013479067,first
159,1,The text invites reader engagement through mindfulness and self-improvement themes,Formal blog/post tone with bullet-pointed questions invites reader engagement around mindfulness and self-improvement themes,True,0.26024958,0.04482564330101013,0.038867831230163574,0.020271962508559227,0.010663384571671486,0.006440918892621994,-0.00589866,0.001835147,0.007733807,first
159,2,The text implies a journey theme,,False,0.26024958,,,0.020271962508559227,,,0.9972436,0.9983353,0.0010916932,unanchored
160,0,The explanation discusses UK Microsoft documentation for a PowerShell command syntax table.,UK Microsoft documentation tool format with numbered examples showing PowerShell command syntax tables,True,0.27365062,0.00034227967262268066,0.008481830358505249,0.2514007091522217,0.015955030918121338,0.06849101185798645,-0.85289234,0.0031980213,0.85609037,first
160,1,The explanation includes examples of CLI commands for the softphone's SIP address.,,False,0.27365062,,,0.2514007091522217,,,0.04405805,0.08034168,0.03628363,unanchored
161,0,The text discusses Giant Sequoia trees in a nature and science context,"Educational/Geographic blog post format with descriptive photos and text about Giant Sequoia trees, establishing nature and science narrative.",True,0.24693686,-0.004589647054672241,0.05683794617652893,0.2031620293855667,-0.01345643401145935,0.0009453296661376953,-0.9685459,0.0050197854,0.9735657,first
161,1,"The phrase ""The oldest living (alive)"" introduces a comparative or factual claim about longevity",,False,0.24693686,,,0.2031620293855667,,,0.9291942,0.94131273,0.012118539,unanchored
161,2,The claim likely continues with a scientific qualification about the oldest living trees or biological status,likely continuing with a scientific qualification about the oldest living trees or biological status,True,0.24693686,-0.0016400665044784546,-0.013701483607292175,0.2031620293855667,0.044689714908599854,-0.027623862028121948,0.021843258,0.022871753,0.0010284944,middle
161,3,"The final token ""living ( "" opens a parenthetical clause mid-sentence",,False,0.24693686,,,0.2031620293855667,,,0.97685903,0.98575324,0.00889419,unanchored
162,0,The text introduces the Emotional Processing Theory.,Article is introducing the Emotional Processing Theory,True,0.13147303,-0.0014546960592269897,0.004167899489402771,0.05474521964788437,-0.000637587159872055,0.010799139738082886,0.018122781,0.019141197,0.0010184166,first
162,1,The text signals an upcoming list or explanation.,"""First off, let's look at one way psychologists have defined psychology's big picture""",True,0.13147303,0.004987210035324097,0.007689952850341797,0.05474521964788437,-0.0034944936633110046,-0.006416257470846176,0.7276434,0.7373421,0.009698753,middle
162,2,"The text expects a noun phrase following ""One.""",One theory that helps us understand this idea is...,True,0.13147303,-0.0028479546308517456,0.003448769450187683,0.05474521964788437,-0.007597487419843674,-0.011993035674095154,0.9815586,0.98885494,0.0072963047,last
163,0,The sentence implies a list or narrative of interventions and anatomical findings.,"Case report about a 66-years-old woman affected by cardiomeatal dysplasia and kidney stones, in a patient with odontogenic carcinoma, describing evolution and treatment strategies",True,0.32241854,0.0072193443775177,0.013624429702758789,0.20035910606384277,0.001652449369430542,0.011055797338485718,0.9910939,0.9933756,0.002281737,middle
163,1,The explanation mentions a list of multiple chronic conditions.,"in a patient affected by chronic pelvic pain, endemic cirrhosis and multiple skeletal diseases, in a patient with Pompe disease and gynecologic disease,",True,0.32241854,-0.01096770167350769,0.0973728597164154,0.20035910606384277,-0.023449033498764038,0.32328182458877563,0.9477416,0.96943283,0.021691198,last
164,0,The study evaluated FHB inoculation for initial colonization and FHB DNA levels in wheat seedlings,"""Our study evaluated FHB inoculation to determine initial colonization and produce FHB DNA levels in wheat seedlings""",True,0.22724344,-0.009548470377922058,-0.0001293867826461792,0.010415599681437016,-0.0032277279533445835,-0.0020067989826202393,0.6678336,0.7815933,0.11375972,middle
164,1,"The explanation expects the next part to discuss FHB disease symptoms, resistance genes, or SPC counts","""F"" is mid-word (""F""), part of a numbered finding clause (""Evaluation of FHB infection for FHB responses""), continuing the measurement/analysis context, strongly expects ""HB disease symptoms"" or ""HB resistance genes"" or ""SPC counts were detected prior to infection.""",True,0.22724344,0.008069604635238647,1.0186204761266708,0.010415599681437016,-0.00574862863868475,14.720610096119344,0.01343147,0.01582267,0.0023911998,last
165,0,The text is in an educational/blog post format.,"Educational/blog post format with adorable ocean animal facts,",True,0.19767265,0.005660682916641235,0.020232945680618286,0.1807176023721695,-0.006448566913604736,0.020223960280418396,0.7205037,0.82674813,0.10624442,first
165,1,The paragraph structure introduces a list item with specific biological details.,"The paragraph structure ""The Blue Crabs are a very cool species - facts about the moon snail"" introduces a list item describing the blue crab's attributes,",True,0.19767265,-0.005460023880004883,0.02026847004890442,0.1807176023721695,-0.00783209502696991,0.008569642901420593,0.9741877,0.9856289,0.01144125,middle
165,2,The text expects specific biological details or facts about the species.,expecting specific biological details or facts about the species,True,0.19767265,0.008120909333229065,0.005282163619995117,0.1807176023721695,0.021242260932922363,0.009801536798477173,-0.40436995,0.07829419,0.48266414,middle
165,3,The final token begins a bulleted fact list mid-sentence.,"Final token ""- "" begins a bulleted fact list mid-sentence (""Fact #1: They can grow up to 15 inches...""),",True,0.19767265,0.0005131512880325317,0.058543965220451355,0.1807176023721695,0.0015423744916915894,1.276001200079918,0.7218501,0.7776343,0.055784207,last
166,0,The text discusses a weekly reward system.,We have been doing a 'Reading Mileage' chart each week to track how many times students read,True,0.24879198,0.008494541049003601,0.006723687052726746,0.26481154561042786,0.0028655827045440674,0.02146896719932556,-0.021096079,0.006213857,0.027309936,middle
166,1,The reward is a special day.,we have chosen a special reward day,True,0.24879198,0.0027401000261306763,-0.0033727288246154785,0.26481154561042786,-0.0020639002323150635,0.0028354227542877197,-0.016378064,0.016009573,0.032387637,middle
167,0,The text suggests personal variation in group participation frequency.,the frequency of attending groups may fluctuate based on your individual circumstances,True,0.2110099,0.0012044310569763184,0.03023184835910797,0.05297406017780304,-0.007971737533807755,-0.008179515600204468,0.9947911,0.99701726,0.002226155,middle
167,1,The text implies a need for varying levels of support.,"""the kinds of emotions needed for varying levels of support for support""",True,0.2110099,0.02312551438808441,0.04197053611278534,0.05297406017780304,0.028958313167095184,0.019980445504188538,0.9955127,0.9974667,0.001953978,last
168,0,The text describes a company's product lines and services.,"Belgian/Industrial company technical product description with Dutch language format, establishing a company activity description listing product lines and services.",True,0.27410161,0.0032342076301574707,0.041242361068725586,0.024692177772521973,-0.0012881830334663391,0.002750130370259285,0.98258144,0.9905461,0.0079646595,first
168,1,The description includes conventional steam turbines and measurement products for gas cylinders tanks.,"Our production company has developed some different product lines : conventional steam turbines, measurement products for gas cylinders tanks… and the WISFI type instruments",True,0.27410161,0.009171247482299805,0.03602364659309387,0.024692177772521973,0.0006233658641576767,0.033934395760297775,-0.99878645,0.00017763102,0.9989641,middle
168,2,The list of product lines is incomplete.,,False,0.27410161,,,0.024692177772521973,,,0.1662642,0.17201385,0.0057496415,unanchored
169,0,The explanation describes corporate sustainability communications.,"Corporate sustainability communications format with mission-driven framing around ASU's Center for Strategic Innovation,",True,0.20235191,0.0009415149688720703,0.028583168983459473,0.00016449153190478683,-1.3127384590916336e-05,-2.989039057865739e-05,-0.89644325,0.006856486,0.90329975,first
169,1,The phrase mirrors a list pattern with two core activities.,"The phrase ""Our analytics priorities focus on: Building awareness, driving innovation, nurturing networks"" mirrors a list pattern suggesting ""two core activities"" style items,",True,0.20235191,-0.007029235363006592,0.03989057242870331,0.00016449153190478683,-3.581422788556665e-05,-9.573454735800624e-05,0.98105836,0.98977345,0.0087150745,middle
169,2,"The final token ""championing"" is incomplete.",,False,0.20235191,,,0.00016449153190478683,,,0.37579134,0.44374174,0.0679504,unanchored
170,0,The sentence mentions server infrastructure criteria.,,False,0.19335778,,,0.7554823160171509,,,0.9920792,0.99560046,0.0035212457,unanchored
170,1,The text suggests global reach for hosting.,preferring hosting with optimized servers and a global CDN,True,0.19335778,-0.001664191484451294,0.017604947090148926,0.7554823160171509,0.12140530347824097,0.22122937440872192,-0.07273834,0.0061528953,0.07889124,middle
171,0,The review sentence structure indicates a second reviewer quote or concluding assessment,"""This is an engaging and well-researched study that""",True,0.108611934,-0.0025555118918418884,0.007716722786426544,0.0470067523419857,-0.0080762580037117,-0.0005872361361980438,0.9562113,0.97328794,0.017076636,middle
171,1,The review concludes with scholarly praise,"""A lively and accessible study that""",True,0.108611934,0.001673191785812378,0.007716506719589233,0.0470067523419857,-0.004544354975223541,0.004687432199716568,0.007853473,0.010175508,0.0023220363,last
172,0,The text discusses modern architectural style in Spain.,European design article with aesthetic/photographic tone discussing modern architectural style in Spain,True,0.23859574,0.00992421805858612,0.010826781392097473,0.5861878395080566,0.012137293815612793,0.01901853084564209,-0.99520266,5.8473455e-05,0.99526113,first
172,1,The explanation mentions a shift from medieval monkish or traditional religious imagery.,mentioning a shift from medieval monkish or traditional religious imagery,True,0.23859574,0.020040974020957947,0.005892425775527954,0.5861878395080566,0.047466814517974854,0.0013364553451538086,0.99590904,0.9969392,0.001030135,middle
172,2,The sentence structure indicates a comparison between early painting styles.,,False,0.23859574,,,0.5861878395080566,,,0.5333232,0.554576,0.021252723,unanchored
172,3,"The final token ""monastic"" is part of a parenthetical clause.","Final token ""monastic"" mid-phrase ""from monastic""",True,0.23859574,0.002178594470024109,0.01178140938282013,0.5861878395080566,0.0295601487159729,0.09472239017486572,0.95761734,0.97405267,0.016435344,last
173,0,The text introduces a fact or statistic about blood physiology.,Red blood cell statistics: Haematocrit is approximately 4%,True,0.18964621,0.0012773722410202026,0.009608358144760132,0.1570550799369812,-0.00495418906211853,0.032036468386650085,0.9636567,0.9738496,0.010192852,middle
173,1,The explanation suggests possible additional facts about blood components.,implying possible additional facts about water or red cells or their percentage context,True,0.18964621,0.0021473318338394165,0.0036731958389282227,0.1570550799369812,0.005473732948303223,-0.004033669829368591,0.11942775,0.12176614,0.0023383969,middle
174,0,The sentence pattern mirrors experimental findings.,,False,0.22410552,,,0.23200783133506775,,,0.96340954,0.97930044,0.01589087,unanchored
174,1,The explanation describes mechanisms.,"establishing parallel clauses describing mechanisms, with the second finding continuing the experimental correlation about inhibition vs. activation assays.",True,0.22410552,-0.0029468685388565063,0.00533701479434967,0.23200783133506775,0.0037369728088378906,0.06563055515289307,0.71260643,0.72684705,0.014240627,middle
174,2,"The final token ""Was"" ends an incomplete clause.",,False,0.22410552,,,0.23200783133506775,,,0.9765025,0.9870997,0.010597216,unanchored
175,0,The sentence describes a positive attitude towards literature.,"""Children should recognise reading as an enjoyable activity and see books as a""",True,0.32371318,0.025264322757720947,-0.006760984659194946,0.16780582070350647,0.06300100684165955,0.039368003606796265,0.99102265,0.9936445,0.0026218484,middle
175,1,"The text anticipates a noun following ""as a"".","strongly anticipating noun like ""pleasure"" or ""valued tool"" or ""natural source of pleasure and activity.""",True,0.32371318,0.0020759105682373047,0.0030563175678253174,0.16780582070350647,-0.004780963063240051,0.0681660920381546,0.4519347,0.48586506,0.03393035,last
176,0,The text discusses ethical questions in international development theory.,Other questions raised around ethics include: what defines development? This section asks the question of construction of identity…,True,0.20938295,0.006147146224975586,0.01701943576335907,0.19498488306999207,0.040253594517707825,0.05726519227027893,0.0020724037,0.0029754422,0.0009030384,middle
177,0,The sentence structure implies a contrasting or extreme total figure.,"But that mean one capsule daily is bigger number then 2,000 calorie so total intake become around(10,",True,0.76210415,0.010310053825378418,0.12066340446472168,0.000849949021358043,0.0001312500680796802,0.0005627553327940404,0.9605754,0.9789578,0.018382348,middle
177,1,"The final token ""10,0"" is part of an unclosed parenthesis.","Final token ""10,0"" is mid-number in an unclosed parenthesis",True,0.76210415,0.0003758668899536133,0.03774309158325195,0.000849949021358043,-4.879280459135771e-05,-0.00011801341315731406,0.9047178,0.94921064,0.04449283,last
178,0,The text discusses a case report format with English translation.,Chinese medical journal article structure: a case report format with English translation presenting a Chinese study on respiratory failure patients with COVID-19 and CNN.,True,0.2097765,0.00031504034996032715,0.10435043275356293,0.10700594633817673,0.002834908664226532,0.061356253921985626,0.97477585,0.98164016,0.006864301,first
178,1,The Methods section's findings are listed in the paragraph about patient screening.,,False,0.2097765,,,0.10700594633817673,,,0.032414768,0.06845037,0.0360356,unanchored
178,2,"The final token ""4."" indicates the start of a results presentation block.",,False,0.2097765,,,0.10700594633817673,,,0.8893077,0.9348858,0.045578144,unanchored
179,0,The explanation discusses China's lunar rover initiative.,Structured news article format with headline and subheading presenting China's lunar rover initiative,True,0.21695215,-0.006595149636268616,0.06868550181388855,0.09714514762163162,-0.01344413310289383,0.008598990738391876,-0.97394013,0.0016171496,0.97555727,first
179,1,The explanation mentions ongoing efforts in lunar exploration.,"""With successful missions like Chang'e 4, Chinese entities are increasingly bonding toward the lunar""",True,0.21695215,0.0003292262554168701,-0.005988970398902893,0.09714514762163162,-0.0011257529258728027,-0.015957079827785492,0.99806154,0.9986706,0.00060901116,middle
179,2,The explanation refers to multiple countries' lunar ambitions.,"""The countries' ambitions toward the lunar""",True,0.21695215,0.0023350417613983154,-0.00630420446395874,0.09714514762163162,-0.004947066307067871,-0.01406426727771759,0.99198705,0.9953561,0.0033690268,last
180,0,"The text describes material properties related to stiffness, weight, and lightness.","""This material is also known for its high stiffness, lightweight and ligh""",True,0.17221768,-0.0016080588102340698,0.0001672208309173584,0.16595561802387238,-0.01776336133480072,-0.010943040251731873,0.5808061,0.69892776,0.1181217,middle
180,1,"The explanation suggests the word ""ligh"" is a truncation of ""lightweight"".","part of an attribute list (""including material's stiffness and lightness..."")",True,0.17221768,-0.00034390389919281006,0.019713014364242554,0.16595561802387238,-0.012128517031669617,0.051381632685661316,0.35561463,0.40939417,0.05377955,last
181,0,"The phrase ""But the Duke of Lebrija descended from Igual"" suggests a Spanish dialect term or historical event.","""But the Duke of Lebrija descended from Igual"" appears to be a proper noun or historical place name mid-sentence, suggesting a Spanish dialect term or historical event about a barren or oppressed region, possibly naming a church or historical combination.",True,0.46906954,0.005452007055282593,0.016079068183898926,2.0701024532318115,0.0681154727935791,1.436887502670288,0.23332845,0.24493036,0.011601904,middle
181,1,"The final token ""Igiah"" is part of a quoted name ""From Málibelab"".",,False,0.46906954,,,2.0701024532318115,,,0.68340147,0.7193563,0.035954818,unanchored
182,0,The article uses a blog format to address food allergies.,blog format addresses food allergies,True,0.13536945,-0.0028732717037200928,-0.0024888813495635986,0.18386539816856384,-0.042551830410957336,-0.05608344078063965,0.008739279,0.011281145,0.002541866,first
182,1,The text establishes a contrast between serious reactions and mild symptoms.,"While some food allergies cause serious reactions, others only cause mild symptoms.",True,0.13536945,0.0012896806001663208,0.008123710751533508,0.18386539816856384,-0.0011972934007644653,-0.00530831515789032,0.99499226,0.99671704,0.001724767,middle
182,2,The text implies a list of lesser allergy symptoms that do not qualify as food intolerances.,others only cause mild symptoms. Some food allergies cause,True,0.13536945,-0.0002469271421432495,0.0038757622241973877,0.18386539816856384,0.004144236445426941,0.03702832758426666,0.62956285,0.7188853,0.08932243,middle
182,3,The sentence ends mid-clause expecting a completion with examples of lesser allergy symptoms.,"cause"" ends mid-clause (""While some allergies cause serious symptoms, others cause",True,0.13536945,0.0033392757177352905,0.34630006551742554,0.18386539816856384,-0.04065050184726715,0.6953543126583099,0.36994085,0.41035372,0.04041288,last
183,0,The text begins with a numbered list about mandatory clothing policies.,"The text begins a numbered list (""An employer may require employees to wear uniforms if: "")",True,0.17540619,0.010094225406646729,0.005658969283103943,0.09353867173194885,0.0536607950925827,0.03670664131641388,-0.9882723,0.0010403827,0.9893127,middle
183,1,The first bullet in the list cites legal grounds for requiring uniforms.,"""An employer may require employees to wear uniforms if: """,True,0.17540619,0.003911718726158142,0.009564489126205444,0.09353867173194885,0.023735791444778442,0.07439850270748138,-0.0072339107,0.002877125,0.010111036,middle
183,2,The explanation mentions a legal condition for enforcing mandatory dress codes.,"""When:""",True,0.17540619,0.009651437401771545,0.006373226642608643,0.09353867173194885,-0.0010920092463493347,-0.004087343811988831,-0.49082702,0.04691894,0.53774595,last
184,0,The text suggests a continuation about the benefits of learning Chinese.,"""Learning of Chinese language will help you to understand the culture, connect with new people and you can interact with""",True,0.15173839,0.007777556777000427,0.044169723987579346,0.12540054321289062,0.005529075860977173,0.053006336092948914,0.9956847,0.997063,0.0013782708,middle
184,1,The sentence implies an incomplete list or metaphor about international connections.,"s a continuation of an example about Chinese culture connecting abroad, implying an incomplete list or metaphor about international connections",True,0.15173839,0.011469781398773193,0.017518192529678345,0.12540054321289062,-0.0008401572704315186,0.048317015171051025,0.9854529,0.9910541,0.0056012394,middle
185,0,The text presents Textmate editor's capabilities in a quirky informal tone,"British technical software documentation with a quirky informal tone, presenting the Textmate editor's capabilities",True,0.1276235,0.01862017810344696,0.02303507924079895,0.09146793186664581,0.031507112085819244,0.018582932651042938,0.00030369707,0.0008791001,0.00057540304,first
186,0,The text discusses heraldic symbols and coats of arms in a descriptive tone.,"Historical/educational web page describing heraldic symbols & coats of arms, establishing an informative and descriptive tone about Canadian history and hereditary design.",True,0.10593302,0.009160369634628296,0.010328248143196106,0.06790543347597122,0.005573689937591553,-0.01453973725438118,0.968766,0.9758967,0.007130715,first
186,1,The text signals a concluding section with services or rules for armory.,,False,0.10593302,,,0.06790543347597122,,,0.14352174,0.18629828,0.042776536,unanchored
187,0,"The phrase ""For instance - a patient's brain/health data - Surge"" references a real-world example.","""For instance - a patient's brain/health data - Surge""",True,0.2124107,0.0071280598640441895,-0.0016346275806427002,5.754477751906961e-05,-3.073692278121598e-05,-3.779817598115187e-05,0.23379228,0.2822724,0.048480123,middle
187,1,"The final token ""surge"" is part of a parenthetical example.","""surge"" is an incomplete word mid-phrase (""Patients/surge"")",True,0.2124107,0.0362253338098526,0.29716913402080536,5.754477751906961e-05,0.00019215450447518378,11.170940074851387,0.11159071,0.4011996,0.2896089,last
188,0,The paragraph pattern mirrors the preceding paragraph's claim.,"The paragraph pattern ""Whether you're staying active or just enjoying the outdoors, your sunglasses can make a big difference—and polarized sunglasses can help with those sunny days"" mirrors the preceding paragraph's claim,",True,0.13662007,0.019018366932868958,0.1000366061925888,0.04451623931527138,0.03235643729567528,0.05982575938105583,0.97899437,0.98851657,0.009522214,middle
188,1,Sunglasses benefit outdoor activities during summer.,sunglasses can make a big difference—and polarized sunglasses can help with those sunny days,True,0.13662007,0.035515278577804565,0.007940858602523804,0.04451623931527138,0.07754239812493324,-0.008259736001491547,0.6118229,0.61470026,0.0028773707,middle
189,0,The text focuses on cross-sectoral phenomena and their interactional boundaries.,suggesting the book's focus on cross-sectoral phenomena and their interactional boundaries and emergent patterns.,True,0.4025563,-0.032349735498428345,-0.0028255879878997803,0.08927488327026367,-0.009642787277698517,0.01426650583744049,0.97454625,0.9804623,0.0059160716,middle
189,1,"The final token ""cross"" is part of a noun phrase anticipating ""roads"" or ""roads intersections.""",,False,0.4025563,,,0.08927488327026367,,,0.8647357,0.9229662,0.058230482,unanchored
190,0,Zero trust evolves from the traditional perimeter security model,"""Zero trust is evolving from the traditional perimeter security model to a more adaptive approach called 'Continuous Monitoring'. """,True,0.14218847,-0.0015497952699661255,-0.0013062208890914917,0.10830916464328766,-0.01825140416622162,-0.03359466791152954,0.34777114,0.35728312,0.009511978,middle
190,1,Zero trust involves continuous monitoring,to a more adaptive approach called 'Continuous Monitoring'.,True,0.14218847,0.006754770874977112,-0.0013341456651687622,0.10830916464328766,-0.001537710428237915,-0.020561769604682922,0.30841848,0.36562228,0.0572038,middle
190,2,Zero trust eliminates a single gatekeeper for data movement,Zero trust means there's no single gatekeeper guiding data movement.,True,0.14218847,0.00032110512256622314,0.023892268538475037,0.10830916464328766,-0.008190818130970001,0.05362965166568756,0.74631625,0.78935206,0.04303582,last
191,0,The article format includes an intro and listed benefits.,article format with intro and listed benefits,True,0.16341004,0.01060660183429718,0.01281808316707611,0.06392163783311844,0.020256973803043365,-0.0063629113137722015,0.9924176,0.99518025,0.002762691,first
191,1,The explanation follows a formal definition pattern.,signaling a formal explanation pattern continues defining,True,0.16341004,-0.010347679257392883,0.0044203996658325195,0.06392163783311844,-0.019837528467178345,-0.008450601249933243,0.9456484,0.9634504,0.017801987,middle
191,2,"The text ends mid-sentence with ""strategy.""",,False,0.16341004,,,0.06392163783311844,,,0.43316796,0.7122094,0.27904144,unanchored
192,0,The text discusses hardware architecture features.,"Technical/academic IBM patent presentation slide describing hardware architecture features,",True,0.32894123,0.0432409942150116,-0.008764207363128662,0.0008923038840293884,-0.0007841444603400305,0.0013323202729225159,-0.22033176,0.29739776,0.5177295,first
192,1,The phrase lists parallelism concepts.,"""Beyond conventional parallelism, it targets single-core multithreading, parallel multitasking and synchronized multith""",True,0.32894123,-0.005611509084701538,0.015778928995132446,0.0008923038840293884,1.3215350918471813e-05,-0.0008381399093195796,0.9664799,0.98073125,0.014251371,middle
192,2,"The term ""multith"" is part of a larger term.","""multith"" is an incomplete word mid-term (""synchronized multithreaded multith"")",True,0.32894123,-0.0004242360591888428,0.031792134046554565,0.0008923038840293884,-0.0001564284902997315,-0.0006129411631263793,0.50159633,0.52140296,0.019806603,last
193,0,The text suggests helmets should have performance features.,Look for helmets with performance features,True,0.18290344,-0.0007013231515884399,0.010291174054145813,0.2800045311450958,0.0030364990234375,0.11017587780952454,0.993996,0.99626213,0.0022661288,middle
193,1,The text indicates required safety standards are mentioned.,"""Required certifications (""",True,0.18290344,0.007340669631958008,-0.0022581517696380615,0.2800045311450958,-0.020746290683746338,0.16586890816688538,0.9652621,0.9799834,0.014721271,last
194,0,The explanation describes an Indian/technical product description format.,"Indian/technical product description format with list structure using ""Category"" labels for Electronics topics,",True,0.48821014,-7.495284080505371e-05,-0.0004303455352783203,0.00019474928558338434,-2.5594985345378518e-05,-0.00015067953427205794,0.03548833,0.14475557,0.10926724,first
194,1,"The explanation refers to a pattern ""DC Machinery / HVAC basics : All definitions list - DC Electronics"".",DC Machinery / HVAC basics : All definitions list - DC Electronics,True,0.48821014,0.0022048652172088623,-0.0454525351524353,0.00019474928558338434,-3.0138471629470587e-05,-0.00016877854068297893,-0.9903706,0.0008278064,0.99119836,middle
194,2,"The explanation suggests a sequence of definitions similar to ""DC Topics page"".",implying the sequence continues listing other Flashcards definitions,True,0.48821014,-0.0033086836338043213,0.02008455991744995,0.00019474928558338434,-4.428016836754978e-05,7.10128661012277e-05,0.36347008,0.39106128,0.027591206,middle
194,3,"The explanation mentions a sequence of page links including ""The GB Portal : DC Foundation Definitions : AIEEE"".",The GB Portal : DC Foundation Definitions : AIEEE,True,0.48821014,0.002711683511734009,0.009274393320083618,0.00019474928558338434,-2.408688305877149e-05,-4.309257201384753e-05,0.01269073,0.06029468,0.04760395,last
195,0,Kate Harvey's dietary habits and net worth are detailed.,establishing a pattern around her dietary habits and net worth.,True,0.16214214,0.006225958466529846,0.001991093158721924,1.0012154579162598,-0.032724976539611816,-0.03236711025238037,-0.20463307,0.042421043,0.24705411,first
195,1,Emma Stone's eating habits are fluid and casual.,"""While Emma Stone maintains a healthy weight, her eating habits are fluid and casual""",True,0.16214214,0.018360376358032227,0.010638222098350525,1.0012154579162598,0.023434042930603027,-0.2459314465522766,0.820738,0.8725269,0.051788844,middle
195,2,Taylor Swift shares her eating habits and discusses her weight.,"""Taylor Swift often shares her eating habits. She's often""",True,0.16214214,0.00691869854927063,0.008830785751342773,1.0012154579162598,-0.05709207057952881,0.3837639093399048,-0.048642125,0.016125996,0.06476812,last
196,0,The sentence establishes a list pattern.,"""As a result of questionnaire result in SWPM program The result showed that change in psychological quality""",True,0.17859851,0.006211116909980774,0.013950198888778687,0.12717467546463013,-0.015081927180290222,0.040625378489494324,0.94966304,0.96708417,0.017421132,middle
196,1,The next item in the list is expected to name specific psychological factors.,"specific psychological factor scores (e.g., creativity, emotionality, Joy)",True,0.17859851,0.009911850094795227,-0.0016343891620635986,0.12717467546463013,0.028840750455856323,0.011022835969924927,0.0006648379,0.0011530847,0.0004882468,middle
197,0,The text signals a second question about pilot program results.,"""What are the results of the pilot programs? And what kind of traction numbers are""",True,0.13882023,-0.0015950500965118408,0.008807048201560974,0.14169080555438995,-0.019645817577838898,0.020642906427383423,0.10619409,0.11339747,0.0072033876,middle
197,1,"The final token ""are"" completes a question about results.","Final token ""are"" completes a question (""What results are"")",True,0.13882023,0.013549193739891052,0.049998924136161804,0.14169080555438995,-0.0013781636953353882,-0.022430136799812317,0.98237306,0.99003613,0.007663075,last
198,0,The term 'deadly combat' is used figuratively or colloquially,"""The term 'deadly combat' is: A close""",True,0.2855808,0.004479050636291504,0.012055069208145142,0.3163834810256958,0.04705089330673218,0.06774842739105225,0.79560065,0.8732166,0.077616,middle
198,1,"The phrase ""A close"" is part of a compound noun phrase",,False,0.2855808,,,0.3163834810256958,,,0.8842862,0.93681616,0.052529957,unanchored
199,0,The pattern suggests a third bullet point for partnership activities.,,False,0.11382219,,,0.008128151297569275,,,0.046326708,0.050560925,0.0042342176,unanchored
200,0,The text discusses Danish academic paper structure with Swedish research findings.,Danish academic paper structure with Swedish research findings presented in numbered sections discussing health behaviour factors on self-efficacy and acceptance of patient involvement in TB intervention.,True,0.27174315,0.0006577670574188232,0.07629874348640442,0.11641035228967667,0.002093955874443054,-0.0023297294974327087,-0.0005643112,0.0006391573,0.0012034685,first
200,1,The sentence mirrors the concluding clause about not concluding mediation effects.,"""Regarding the temporal association concerning the mediator effects neither results were supporting findings suggesting""",True,0.27174315,-0.0030213594436645508,0.0052225589752197266,0.11641035228967667,-0.012000158429145813,0.010579951107501984,0.9836957,0.99012405,0.0064283693,middle
200,2,The final token is part of a concluding qualification clause.,"""There is no evidence for indicating""",True,0.27174315,0.003078371286392212,0.015165865421295166,0.11641035228967667,-0.015744172036647797,0.025384478271007538,0.98768777,0.99034727,0.0026594887,last
201,0,The text describes a functional app with user interaction features.,uibot format with structured Russian language UI description presents a functional app with user interaction features,True,0.22263476,-0.0011117011308670044,0.06744274497032166,0.11593607068061829,-0.012664109468460083,-0.0021281838417053223,0.9987473,0.99919134,0.0004440564,first
201,1,The sentence structure mirrors earlier content listing activities.,,False,0.22263476,,,0.11593607068061829,,,0.8352761,0.8577808,0.022504687,unanchored
201,2,The explanation expects a continuation of the list of actions.,,False,0.22263476,,,0.11593607068061829,,,0.8406747,0.8474556,0.006780925,unanchored
202,0,The article focuses on luxury beauty brands and trendy fashion attire.,Structured fashion article format with engaging tone establishes that content covers luxury beauty brands and trendy fashion attire,True,0.10645073,0.005395673215389252,0.01641261577606201,0.01981200836598873,-0.007867304608225822,0.07044886238873005,-0.9976182,0.0006087406,0.99822694,first
203,0,Carpal tunnel syndrome can cause fluid buildup due to inflammation.,"When inflammation occurs, it can lead to discomfort and other symptoms.",True,0.13729173,0.014909043908119202,0.015648096799850464,0.1085016131401062,-0.008969902992248535,0.009197965264320374,-0.0002114838,0.0051768883,0.005388372,middle
203,1,The condition's mechanism involves inflammation leading to discomfort.,,False,0.13729173,,,0.1085016131401062,,,0.9977454,0.99856645,0.0008210306,unanchored
204,0,"The essay writing process involves research, modification, and proofreading.",creating an essay additionally needs a lot of research and modifying together with proofreading and editing,True,0.14852454,0.01339384913444519,0.01480090618133545,0.09322775155305862,0.0099862739443779,-0.030759569257497787,0.9387538,0.94632584,0.0075720367,middle
204,1,Extensive revising and proofreading are necessary for a good essay.,it additionally requires plenty of revising and proofreading,True,0.14852454,0.0010247230529785156,0.008546605706214905,0.09322775155305862,0.0005180612206459045,-0.010374240577220917,0.589586,0.5998263,0.010240266,middle
205,0,The text describes health impacts of food allergen symptoms.,"Article format with health content listing symptoms of a food allergen,",True,0.60727996,0.0016115903854370117,0.0202333927154541,2.004875421524048,0.02538275718688965,0.19881558418273926,-0.6566568,0.0027750693,0.6594319,first
205,1,The explanation mentions immediate and long term side effects.,Health impacts can bring about immediate and long term side effects including,True,0.60727996,0.0343247652053833,0.008403778076171875,2.004875421524048,0.3558933734893799,0.3171558380126953,0.9928229,0.9951538,0.0023309053,middle
205,2,The text anticipates genetic damage as a potential outcome.,,False,0.60727996,,,2.004875421524048,,,0.9969215,0.9979792,0.0010577278,unanchored
206,0,The article structure promotes career paths in game design.,Educational platform article structure with a homepage format promoting career paths in game design,True,0.1677752,0.001037299633026123,0.006946668028831482,0.0038692124653607607,-0.0006181085482239723,-0.0005884557031095028,0.994243,0.99500114,0.0007580973,first
206,1,The question title implies the second question will complete the phrase about video game development careers.,establishing a pattern of asking about degree programs and industry requirements for video game development.,True,0.1677752,0.0022345930337905884,0.011273205280303955,0.0038692124653607607,0.0008678173180669546,0.002640931634232402,0.96740305,0.97545594,0.008052882,first
206,2,"The final token ""Game"" is part of a repeated phrase expecting completion.","Final token ""Game"" is mid-phrase (""Video Game Game Developer""), directly repeating the subject already named (""The Degree for the Video Game Industry"")",True,0.1677752,0.015285253524780273,0.38365574181079865,0.0038692124653607607,0.0036643792409449816,3.258646809263155,0.90455794,0.9300039,0.025445933,last
207,0,The text describes a Southeast Asian drongo species.,"Bird species account format with taxonomic/description pattern, describing a Southeast Asian drongo species",True,0.15838629,0.002853959798812866,0.03427349030971527,0.1380079686641693,0.018111228942871094,0.06844855844974518,-0.998361,0.0003917064,0.9987527,first
207,1,The text implies an upcoming list of distinguishing features.,,False,0.15838629,,,0.1380079686641693,,,0.015488915,0.01774872,0.0022598044,unanchored
207,2,The text expects a noun phrase to complete a sentence.,,False,0.15838629,,,0.1380079686641693,,,0.7502041,0.77599037,0.025786297,unanchored
208,0,The text describes a rhetorical question pattern for introducing a topic.,"""First, you need to introduce your topic. Why is this issue important?""",True,0.20880336,0.0010815858840942383,0.01863551139831543,0.047709956765174866,0.004698622971773148,-0.013094674795866013,0.9403065,0.96703845,0.026731947,middle
208,1,The explanation mentions the expected completion of a reason clause.,,False,0.20880336,,,0.047709956765174866,,,0.9869705,0.9914335,0.0044630463,unanchored
209,0,The text implies a numbered list of methods for stress relief and happiness enhancement,implying numbered or listed methods follow.,True,0.48221558,0.020024538040161133,0.03196221590042114,0.13174325227737427,0.00864952802658081,0.013230741024017334,0.9877168,0.9931786,0.005461839,first
209,1,"The text signals an enumerated list introduction with ""First step: Effective Strategies for Anxiety and Happiness""","""First step: Effective Strategies for Anxiety and Happiness"" signals an enumerated list introduction",True,0.48221558,0.005531877279281616,0.07839906215667725,0.13174325227737427,0.001492619514465332,0.027189433574676514,0.90414953,0.94375503,0.03960551,middle
209,2,"The text suggests the first item in the list is likely ""Mindfulness Meditation""","immediately requiring a specific strategy or subheading item, likely ""Mindfulness Meditation""",True,0.48221558,0.00793030858039856,0.0014376044273376465,0.13174325227737427,0.002977132797241211,-0.0009379088878631592,0.023448976,0.02833733,0.0048883543,last
209,3,"The text indicates a list of steps to overcome anxiety begins with ""Here are some effective steps to overcome anxiety:""","""Here are some effective steps to overcome anxiety:"" signals a list.",True,0.48221558,-0.026463091373443604,-0.045144349336624146,0.13174325227737427,-0.010324090719223022,-0.015397526323795319,0.97153646,0.98492926,0.0133928135,last
210,0,The explanation discusses a study on strategy dynamics in competitive markets.,"Academic paper from Canada's Rotman School of Management examining strategy dynamics in competitive markets,",True,0.26605123,0.013777405023574829,0.022133827209472656,0.24346420168876648,-0.010969072580337524,-0.008979752659797668,0.9824227,0.98792505,0.0055023604,first
210,1,The explanation mentions a profit obtainability dimension that captures market share management.,"Second, the profit obtainability dimension captures how firms manage their market share.",True,0.26605123,0.014339804649353027,0.022675275802612305,0.24346420168876648,0.0026265978813171387,0.05575525760650635,0.074406415,0.18974683,0.11534041,middle
210,2,The explanation describes competitive constraints including cost efficiency and market demand pressure.,,False,0.26605123,,,0.24346420168876648,,,0.0048467033,0.04779092,0.042944215,unanchored
211,0,The text discusses types of research activities or approaches.,"""In science, an estimate can be either theoretical""",True,0.20344305,0.006665974855422974,-0.013980790972709656,0.05225013941526413,-0.002493336796760559,0.003588695079088211,0.9645241,0.9778334,0.013309317,middle
211,1,The explanation suggests a definitional or enumerated clause.,implying a definitional or enumerated clause about how knowledge or prediction is generated,True,0.20344305,-0.005693107843399048,0.006387442350387573,0.05225013941526413,0.01718619465827942,-0.004033181816339493,0.9004181,0.9124079,0.011989796,middle
212,0,The explanation describes the importance of tracking audience data for improving customer analytics.,"To improve customer analytics, it's important to track your audience data.",True,0.21332854,0.03047958016395569,0.03515513241291046,0.004932880867272615,0.005180092062801123,0.005457547027617693,0.99300736,0.99522734,0.0022199894,middle
212,1,Segmentation is a key concept in marketing analytics that helps track user behavior.,Segmentation helps track user behavior,True,0.21332854,0.019254043698310852,-0.0016701817512512207,0.004932880867272615,0.0038629728369414806,-0.0007727779448032379,0.5051122,0.5081936,0.00308143,middle
212,2,The explanation continues a list item about segmenting data.,"continuing a list item explaining a second key concept (""Segment your data"")",True,0.21332854,0.008151620626449585,0.012450352311134338,0.004932880867272615,-0.0012041046284139156,-0.000801541842520237,0.9726839,0.98238087,0.009696985,middle
213,0,The text discusses tips for social media marketing in business interior design.,promising tips for social media marketing.,True,0.1244437,-0.004663385450839996,0.005154304206371307,0.013680871576070786,-0.0023984042927622795,0.000591999851167202,-0.99878734,8.572134e-05,0.99887305,first
213,1,The phrase suggests a focus on creating visually engaging content.,craft engaging restaurant menus that visually,True,0.1244437,-0.0007844790816307068,0.01586485654115677,0.013680871576070786,0.003531554713845253,-0.0004325276240706444,0.994756,0.99616843,0.0014124456,middle
213,2,The explanation expects a completion with a compound noun phrase.,visually appealing designs to create,True,0.1244437,0.00219794362783432,-0.006759196519851685,0.013680871576070786,0.0031921397894620895,0.0006116852164268494,0.9865432,0.9913686,0.0048253876,last
214,0,The article has a witty and informative style.,Teen/Health Blog tone with fashion-focused article structure establishes witty and informative style throughout.,True,0.18043548,0.0010703355073928833,0.028228268027305603,0.08856721967458725,-0.002625502645969391,0.028465576469898224,0.045614064,0.049401224,0.003787158,first
214,1,The text uses a declarative advice pattern.,"The sentence ""Now while cleanliness is not only desired but absolutely essential when it comes to eating habits, not only is it recommended but but""",True,0.18043548,0.005282953381538391,0.022043883800506592,0.08856721967458725,-0.008727766573429108,0.03348841518163681,0.96377647,0.9809114,0.017134925,middle
214,2,The text builds toward a concluding claim about food safety.,building toward a concluding claim about mandatory food safety regulations.,True,0.18043548,-0.0050294846296310425,-0.0067408084869384766,0.08856721967458725,-0.003991134464740753,0.005030713975429535,0.9904717,0.9938455,0.003373784,middle
214,3,"The final ""but"" strongly expects a completion.","strongly expecting ""absolutely required"" or ""necessary"" or ""also mandatory"" to complete the parallel construction about food safety standards and responsibility.",True,0.18043548,0.0022650957107543945,-0.003140971064567566,0.08856721967458725,-0.008048854768276215,0.0034908130764961243,0.13633773,0.17846006,0.042122338,last
215,0,The sentence mirrors a comparative pattern listing differences.,"mirrors a comparative pattern listing differences, implying a parallel example about knitting density or embroidery quality.",True,0.14156845,0.009135067462921143,0.006088972091674805,0.1890023648738861,-0.005260840058326721,0.02842821180820465,0.9741519,0.9796672,0.005515297,middle
215,1,"The final token ""make"" ends mid-clause.",,False,0.14156845,,,0.1890023648738861,,,0.2866286,0.39870468,0.11207609,unanchored
216,0,The instructions use a numbered steps format.,Educational software UI instructions format with numbered steps,True,0.22477739,-0.003326728940010071,0.0024148672819137573,0.05017344653606415,-0.00804324820637703,-0.008549395948648453,0.7757225,0.8303284,0.054605886,first
216,1,The instructions use bullet points to explain settings.,establishing pattern of showing checkboxes to toggle features.,True,0.22477739,0.004325598478317261,0.00936482846736908,0.05017344653606415,-0.019168805330991745,-0.02003825455904007,0.7558232,0.7898558,0.03403261,first
216,2,The sentence structure mirrors between two instructions.,"""To access the 'Always Show Status Bar' option go to Settings | Show/Hide, make sure the checkbox labelled 'Always show the Chat Pane' is checked""",True,0.22477739,-0.006333842873573303,-0.0006504803895950317,0.05017344653606415,-0.004810690879821777,0.031042635440826416,0.97635764,0.98669505,0.010337389,middle
216,3,"The final token ""checked"" implies an expected period or conjunction.",,False,0.22477739,,,0.05017344653606415,,,0.8933711,0.9354034,0.04203232,unanchored
217,0,The explanation discusses a yeast RNAi assay method.,Scientific journal abstract format with biology/biochemistry context describing a yeast RNAi assay method,True,0.16841511,-0.004490897059440613,0.004539504647254944,3.5839930205838755e-05,-1.8423190340399742e-05,5.827569111716002e-06,-0.9989503,0.00017593335,0.99912626,first
217,1,The text mentions experimental findings on viral infection and cell death dynamics.,listing experimental findings about viral infection and cell death dynamics,True,0.16841511,0.0014718472957611084,0.009020969271659851,3.5839930205838755e-05,7.786911737639457e-07,4.817313310923055e-06,-0.99722177,0.0003076776,0.99752945,first
217,2,The phrase suggests a descriptive term for actin filament disruption.,,False,0.16841511,,,3.5839930205838755e-05,,,0.90606546,0.9373668,0.03130133,unanchored
217,3,"The final token ""cy"" is part of the term ""actin cytoskeleton"".", actin cytoskeleton and the protein cytoskeleton,True,0.16841511,0.004863172769546509,0.004074186086654663,3.5839930205838755e-05,1.820502438931726e-05,3.2313040719600394e-05,0.89514095,0.9426613,0.047520358,last
218,0,The text discusses a scientific journal article on population genetic analysis.,"Scientific journal article format with Japanese ecological biology context, presenting abstract structure discussing population genetic analysis of a tropical plant species.",True,0.34959632,0.00938764214515686,0.07494422793388367,0.0016070394776761532,6.68868888169527e-05,-0.00022561277728527784,0.0024174107,0.0033505566,0.00093314575,first
218,1,The explanation mentions the use of multiple nuclear markers.,"""The present study investigated the usefulness of multiple nuclear markers together with nuclear primers, in order to reliably describe genetic divergence, as well""",True,0.34959632,-0.012230724096298218,0.027328401803970337,0.0016070394776761532,9.42964106798172e-06,-0.00018295226618647575,0.99537927,0.9970385,0.0016592271,middle
219,0,The article focuses on evidence-based patient engagement.,"establishes educational, professional focus on evidence-based patient engagement",True,0.24903846,0.0030829012393951416,0.003674149513244629,0.06675156950950623,-0.0057909488677978516,-0.001828812062740326,0.019087786,0.043859497,0.02477171,first
219,1,The text discusses EMR/medical records trends.,and EMR/medical records trends,True,0.24903846,0.0011461079120635986,0.003234684467315674,0.06675156950950623,-0.003820955753326416,-0.006780661642551422,0.057823017,0.22361349,0.16579047,first
219,2,The sentence structure implies a concluding phrase about collective impact., a concluding phrase about the workforce's collective impact,True,0.24903846,0.002882629632949829,0.005534768104553223,0.06675156950950623,0.009577803313732147,0.022344283759593964,0.9843291,0.99083155,0.0065024397,middle
219,3,"The text expects ""provider"" or ""professional"" to continue the subject.","strongly expecting ""provider"" or ""professional"" or ""worker has faced",True,0.24903846,0.005208224058151245,0.009769201278686523,0.06675156950950623,-0.00893734022974968,0.011173680424690247,0.89558136,0.9172588,0.02167745,last
220,0,The text introduces a medical breakthrough story,"""Thanks to some doctors"" signals an introduction cue,",True,0.1221022,-0.0010716170072555542,0.004574939608573914,0.05105547234416008,-0.0002566389739513397,0.003829922527074814,0.0006374747,0.0016324555,0.0009949808,middle
220,1,The story is about a baby's blindness cure,News Article/blog tone with health reporter format highlights a remarkable medical story about a baby's blindness cure.,True,0.1221022,-0.006086602807044983,0.017147675156593323,0.05105547234416008,-0.0033121034502983093,-0.03126215375959873,-0.9992319,4.483855e-05,0.9992767,first
221,0,"The paragraph pattern ""Let us Discuss the Composition and Features of a Soccer Ball"" implies the next sentences will continue listing components or characteristics of a soccer ball.","""Let us Discuss the Composition and Features of a Soccer Ball"" mirrors the opening question structure, strongly implying the next sentences will continue listing components or characteristics of a soccer ball",True,0.1620876,0.004530131816864014,0.01475362479686737,0.06707117706537247,-0.0029296129941940308,0.19315993040800095,0.87671477,0.8867205,0.0100056995,middle
221,1,"The explanation suggests the final token ""Ball"" ends mid-sentence and expects a completion question.","""Ball"" ends mid-sentence (""What Does a Soccer Ball""), directly continuing the question phrase pattern already used",True,0.1620876,0.010265111923217773,0.20865534245967865,0.06707117706537247,0.023024842143058777,0.0707215741276741,0.74920034,0.8143721,0.0651718,last
222,0,The explanation discusses a scholarly approach to the Jewish calendar.,"Christian theological/cultural blog format with numbered arguments explaining the Jewish calendar,",True,0.25426427,0.0021952688694000244,-0.0061931610107421875,0.0627114474773407,0.005192480981349945,0.008913084864616394,0.89046884,0.89879507,0.00832626,first
222,1,The sentence implies a challenge in maintaining the timing of feasts.,"""One solution was to adjust the liturgical calendar so that the feasts remained in season, ensuring the Passover and other festivals stay in""",True,0.25426427,0.007376194000244141,0.02804964780807495,0.0627114474773407,-0.02036892995238304,0.10964168608188629,0.9719193,0.97341746,0.0014981793,middle
222,2,"The explanation expects a specific completion to the phrase ""to keep the feasts in.""","""in"" ends an incomplete phrase (""to keep the feasts in""), part of a parenthetical clause explaining the calendar rationale (""To ensure the Mesanksy cycle kept the Jewish seasons in"")",True,0.25426427,0.02319544553756714,0.0931617021560669,0.0627114474773407,0.041809648275375366,0.02946505695581436,0.98954153,0.991017,0.0014754545,last
223,0,The explanation discusses a blog post on numerology focusing on birthday numbers.,"Home/spirituality/numerology blog post discussing birthday numbers,",True,0.17100151,-0.002459421753883362,0.017718464136123657,0.09482257813215256,0.005609378218650818,0.027715779840946198,0.6941326,0.75884014,0.064707495,first
223,1,The initial step in calculating a Life Path Number is adding all digits of the birthdate.,"To calculate a Life Path Number you add all digits of your birthdate (day, month, year)",True,0.17100151,-5.918741226196289e-05,-0.0006798803806304932,0.09482257813215256,0.004384808242321014,-0.00748414546251297,0.81583565,0.85249555,0.036659904,middle
223,2,The explanation expects a specific numeric breakdown for the birthday number.,Add up your birthday number by adding all digits of your birthday number (,True,0.17100151,0.005288988351821899,0.10386963188648224,0.09482257813215256,0.0101756751537323,0.11527349799871445,0.5697098,0.7688324,0.19912264,last
224,0,The text discusses a PhD candidacy proposal in Environmental Science.,"Australian academic researcher blog format with student writer introducing her research interests in Environmental Science, establishing context around a PhD candidacy proposal.",True,0.15424107,0.0017504096031188965,0.0012369602918624878,0.056678250432014465,0.010762564837932587,0.02227911353111267,-0.53781855,0.08669173,0.6245103,first
224,1,The sentence structure signals an upcoming mention of the scholarship proposal title or research aim.,"signals an upcoming mention of her scholarship proposal title or research aim, implying the thesis proposal submission details or timeframe.",True,0.15424107,0.0005408823490142822,0.007488831877708435,0.056678250432014465,0.009569346904754639,-0.010881863534450531,0.9846278,0.99012625,0.005498488,middle
224,2,"The final token ""proposed"" ends an incomplete noun phrase.",,False,0.15424107,,,0.056678250432014465,,,0.971859,0.9853094,0.013450421,unanchored
225,0,The exercise involves a split stance with one leg lifted.,,False,0.26857132,,,0.1283920854330063,,,0.9480134,0.97200495,0.023991529,unanchored
225,1,The exercise requires maintaining two specific leg positions.,"""while keeping that one leg raised while keeping that other leg""",True,0.26857132,0.00470280647277832,-0.0025434494018554688,0.1283920854330063,0.010278895497322083,0.001979351043701172,0.9434256,0.970517,0.027091382,last
226,0,The dentist will file down the tooth to ensure the crown fits properly.,The dentist will then file down the tooth to ensure the crown fits properly.,True,0.21816191,0.0015801936388015747,0.012424871325492859,0.05193517357110977,0.0007382035255432129,-0.012048870325088501,0.108646035,0.117863156,0.009217118,middle
226,1,Ensuring the tooth's fit is part of verifying the crown's placement.,This ensures that,True,0.21816191,0.0051300376653671265,0.0005708038806915283,0.05193517357110977,0.010036252439022064,0.005518920719623566,0.22138485,0.22920091,0.007816064,middle
227,0,The script scans SQS idle containers to mark deleted IDs.,Technical/SQL troubleshooting post with code snippet showing script to scan SQS idle containers to mark deleted IDs,True,0.26529422,0.0004464387893676758,0.0176241397857666,0.2847380042076111,-0.006200551986694336,-0.01627415418624878,-0.37117568,0.061414246,0.43258992,first
227,1,"""NULL"" values in the attribute count field indicate inactive entries.","""Now since we scan the attribute count field 'NULL' values would mean any inactive entry is an""",True,0.26529422,0.0028598904609680176,0.009318947792053223,0.2847380042076111,-0.04557065665721893,0.08605211973190308,0.0108067095,0.13643715,0.12563044,middle
227,2,Zero size records are indicators of empty or temporary objects.,"""Any record with zero size would be an""",True,0.26529422,0.008949697017669678,0.02333807945251465,0.2847380042076111,-0.04525379836559296,-0.020199835300445557,0.025898807,0.09340952,0.06751072,last
228,0,The text discusses chemotherapy treatments.,"UK NHS website health news article format with two sections explaining chemotherapy treatments,",True,0.2201249,0.003762483596801758,0.02692572772502899,0.4072820246219635,-0.00717473030090332,0.11820504069328308,-0.9921219,0.0002473924,0.9923693,first
228,1,"The text expects a continuation after ""but"".","""but"" ends mid-clause (""the NHS says doctors can use them for prostate ablation and they recommend it but...""),",True,0.2201249,0.006059318780899048,0.5946373343467712,0.4072820246219635,0.0044866204261779785,5.117105811834335,0.9107465,0.92095745,0.010210951,last
229,0,The text discusses nursing and medical professionalism.,"Student/health blog article written in casual, informative tone discussing nursing and medical professionalism surrounding medication errors and patient safety.",True,0.10768375,0.008020833134651184,0.054289430379867554,0.07637041062116623,0.006453610956668854,0.06983094662427902,0.995441,0.99704605,0.0016050523,first
229,1,The sentence structure signals an enumerated list or guideline.,"""When dealing with medications, nursing professionals should always be vigilant. Always remember that as a nurse, you should always""",True,0.10768375,0.0028563812375068665,0.026053234934806824,0.07637041062116623,0.0047278255224227905,0.06982515007257462,0.9610336,0.97191525,0.010881685,middle
229,2,The text provides professional reminders about medication administration.,"""In medication administration, you should always...""",True,0.10768375,-0.0033617988228797913,0.0022092461585998535,0.07637041062116623,0.007176101207733154,-0.007456496357917786,0.91825354,0.9251944,0.0069408608,last
230,0,The explanation describes GA Disorders with symptom timelines.,"Medical/clinical genetics document structured with research sections describing GA Disorders (Type I, Classic, Classic variants), following a numbered format detailing symptom timelines for infantile prolonged neonatal adrenal insufficiency.",True,0.36449194,0.005133777856826782,0.06228867173194885,0.09165310859680176,-0.010403573513031006,-0.04598342254757881,0.9841567,0.991197,0.007040278,first
230,1,The paragraph pattern for Classic Congenital Adrenal Hyperplasia mirrors the earlier definition.,"The paragraph pattern ""2. Classic Congenital Adrenal Hyperplasia ( Classic onset)"" mirrors the earlier definition, now listing the second category of Non-classic Classic-Onset symptoms, establishing the second disorder's symptoms.",True,0.36449194,0.00688403844833374,0.03355357050895691,0.09165310859680176,-0.023694798350334167,-0.048863280564546585,0.06933454,0.113891594,0.044557054,middle
231,0,"Artikel ini menggunakan bahasa teks Indonesia ("" jadxo"") untuk tipografi.","Indonesia design/graphics article with formal descriptive language using Indonesian script characters ("" jadxo"") for typography,",True,0.2712467,0.005419939756393433,0.0034156739711761475,0.01341790147125721,-0.0015568258240818977,-0.0012186430394649506,0.057890084,0.06902556,0.011135477,first
231,1,Artikel ini membahas konsep modernisasi.,discussing modernization concept.,True,0.2712467,0.0013258755207061768,0.008696794509887695,0.01341790147125721,-0.00027964822947978973,-0.0031595733016729355,0.021671612,0.030088231,0.00841662,first
231,2,Referensi historis menunjukkan penggunaan gambar dan gambar atau buku gambar yang sudah ada di Indonesia beberapa abad lalu.,"""In addition, the use of images and drawings or picturebooks that existed long ago in Indonesia countries, similar to early scripts before the arrival of printing 300 years ago several centuries ago""",True,0.2712467,0.03811582922935486,0.05354994535446167,0.01341790147125721,0.013425236567854881,0.014608936384320259,0.0637919,0.07687477,0.013082869,middle
231,3,"Contoh tradisional ditutup dengan ""ago"" dan membutuhkan penutupan tambahan.","Final token ""ago"" closes a historical example clause (""such as the traditional books and writings recorded in ancient Java communities in the past few centuries ago some time ago""), expecting continuation like ""and"" or ""such as the initial manuscript"" or ""when recorded.",True,0.2712467,0.22012728452682495,0.10485434532165527,0.01341790147125721,0.01690005138516426,-0.0017969058826565742,0.18451774,0.20331885,0.018801114,last
232,0,The worksheet format includes interactive elements.,"Educational worksheet format with interactive elements like ""Solve Worksheets"" and "" Summer Olympics"" matching game",True,0.5230384,0.0009534955024719238,-0.0011464953422546387,2.1933208699920215e-05,1.690757017058786e-05,2.4244434825959615e-05,0.0016261974,0.0028943592,0.0012681618,first
232,1,"The text follows a ""Printable worksheets and activities"" section header pattern.","""Printable worksheets and activities"" section header",True,0.5230384,0.05468052625656128,-0.006547093391418457,2.1933208699920215e-05,8.8782689999789e-07,-4.332528988015838e-06,0.9840837,0.9876808,0.00359709,middle
232,2,"The resource list ends with ""Some of the worksheets for.""","""Some of the worksheets for""",True,0.5230384,0.024162650108337402,0.03959500789642334,2.1933208699920215e-05,-4.396893928060308e-06,3.390978235984221e-07,0.9636706,0.9769945,0.0133238975,middle
233,0,The explanation describes the function of nasal cavities in filtering air.,,False,0.26283538,,,0.1529049277305603,,,0.08282737,0.08441518,0.0015878145,unanchored
233,1,The explanation expects a continuation describing the structure of nasal cavities.,,False,0.26283538,,,0.1529049277305603,,,0.47614273,0.4779211,0.0017783672,unanchored
234,0,The text describes an educational app format.,Educational app article format with structured bold headers,True,0.3730988,-0.002021312713623047,-0.01488792896270752,0.0005711122648790479,-1.1023948900401592e-05,-8.708375389687717e-05,-0.31855687,0.32958898,0.64814585,first
234,1,The description includes a math quiz.,"a math quiz description, mixing content about third-grade math topics",True,0.3730988,0.01601991057395935,0.016461849212646484,0.0005711122648790479,6.593536818400025e-05,0.00030551390955224633,-0.003704811,0.0005450832,0.004249894,first
234,2,The final phrase cites a learning platform.,"IXL offers an online math practice app with interactive worksheets and games for kids, a comprehensive kindergarten to grade 8 curriculum",True,0.3730988,0.03420659899711609,0.05120459198951721,0.0005711122648790479,0.000211605045478791,0.00047825335059314966,0.9906993,0.9947488,0.0040494613,middle
234,3,"The text expects a continuation after ""kids.""","inal token ""kids"" ends mid-sentence (""for kids for a learning app with math games and reading activities for kids"")",True,0.3730988,0.005563884973526001,0.6963154673576355,0.0005711122648790479,-1.91893195733428e-05,4.835598130594008,0.95566183,0.9731756,0.017513752,last
235,0,The text discusses car technology dangers and benefits.,"Blog-style article structure with youth-oriented tone discussing car technology dangers, establishing informative article format",True,0.15894108,-0.0072740912437438965,0.0005000680685043335,0.07662897557020187,-0.005008824169635773,-0.02377701923251152,0.16787809,0.29124355,0.123365454,first
235,1,The sentence sets up a pivot toward listing benefits.,"While certainly not without its downsides, the introduction of autonomous cars brings with it some incredible advances",True,0.15894108,0.0010209381580352783,0.028141170740127563,0.07662897557020187,-0.02547159418463707,-0.011750243604183197,0.9567837,0.9599795,0.0031957885,middle
235,2,"The text expects a continuation after ""advances.""","), part of a clause listing benefits (""While many technologies offer some incredible advances""), strongly expecting continuation like ""and potential,"" ""for humanity, there are certainly drawbacks,"" or ""in transportation, they also raise concerns,"" completing the topic.",True,0.15894108,0.027469724416732788,0.08987674117088318,0.07662897557020187,0.16200345009565353,0.25060565024614334,0.9093129,0.91104776,0.0017348543,last
236,0,The text introduces a second clause about special detergents.,some wool washes may require a specialized detergent.,True,0.17063771,0.001677870750427246,0.01860949397087097,0.09129057079553604,0.0025955960154533386,0.02270425111055374,0.84134024,0.8647714,0.023431161,middle
236,1,The text suggests a conditional clause for detergent recommendations.,Some garments may require a different detergent,True,0.17063771,0.007274031639099121,0.001109778881072998,0.09129057079553604,0.007545061409473419,0.003732547163963318,0.890035,0.90286344,0.012828446,last
237,0,The text indicates the speaker's name will be introduced again.,"""In his lecture Hou presented an overview about those texts and his findings. In total Hou presented four main topics""",True,0.17782135,0.020800083875656128,0.024412959814071655,0.06323099136352539,0.02607095241546631,0.1090172827243805,0.9903556,0.9934262,0.0030705691,middle
238,0,The text discusses Unity game development and video designing.,Indian content creator/blog writer style discussing Unity game development and video designing,True,0.12605134,0.006194785237312317,0.05420733988285065,0.02647704817354679,0.004836035892367363,0.05333845876157284,-0.95049596,0.013836296,0.9643323,first
238,1,"The sentence ""So, there are many game"" signals a list or continuation.","So, there are many game",True,0.12605134,0.0014179199934005737,0.004878342151641846,0.02647704817354679,0.0014836378395557404,-0.0018330477178096771,0.28762752,0.48407146,0.19644395,middle
238,2,"The final token ""game"" is mid-word in ""There are many game,"" part of an enumeration or list context.",,False,0.12605134,,,0.02647704817354679,,,0.30992544,0.60622436,0.29629892,unanchored
239,0,The text discusses peptide engineering results.,Scientific paper structure with abstract format presenting peptide engineering results using molecular docking and chemical modification strategies on glucose oxidase from Thermus thermoacidophilus.,True,0.35001463,0.005956530570983887,0.014751821756362915,7.03048353898339e-05,7.186498987721279e-05,1.614680513739586e-07,-0.99138296,9.6416006e-05,0.9914794,first
239,1,The text mentions comparative rational design and experimental optimization of mutants.,"Here, we report the comparative rational design and experimental optimization of four mutants of the carbohydrate-active enzyme Triposin A and obtained two new mutants",True,0.35001463,0.019399523735046387,0.01222527027130127,7.03048353898339e-05,-2.0341678464319557e-05,3.2832394936122e-06,-0.009721307,0.002765951,0.012487258,middle
239,2,The text implies a continuation of mutant generation experiments.,"""Here, we report the comparative rational design and experimental optimization of four mutants of the carbohydrate-active enzyme Triposin A and obtained two new mutants""",True,0.35001463,0.02271851897239685,0.005944281816482544,7.03048353898339e-05,6.746049621142447e-07,-8.703864295966923e-06,0.0016333604,0.0027572073,0.0011238469,middle
239,3,The text suggests further screening of mutant combinations.,"""hybridized-mutant 1 and recombine several optimized mutants to improve their properties...-h""",True,0.35001463,0.03507182002067566,0.049682408571243286,7.03048353898339e-05,0.025163368096400518,0.7693120527619612,0.00024997344,0.0005366736,0.00028670015,last
240,0,The text discusses water quality time series comparison methods.,Scientific Finnish paper abstract structure with Finnish language methodology describing water quality time series comparison methods.,True,0.12502803,0.003922194242477417,0.024432510137557983,0.07986846566200256,0.004284001886844635,0.023812606930732727,-0.9846167,0.0045943963,0.9892111,first
240,1,The sentence implies a list or numerical results follows.,The accuracy of the five estimation methods was tested using measured flows. The results were compared.,True,0.12502803,0.017535358667373657,0.018718108534812927,0.07986846566200256,0.008454687893390656,0.03670667111873627,0.97531736,0.98588085,0.01056348,middle
240,2,The results summary includes findings from four studied time periods.,"expects a noun like ""estimates showed mean biases"" or ""four methods produced most accurate values"" or similar results.",True,0.12502803,-0.0017432868480682373,0.002355232834815979,0.07986846566200256,-0.017168506979942322,-0.007921874523162842,-0.0031481143,0.0020361394,0.0051842537,last
241,0,PET scans use tracers formed from radioactive molecules.,The tracer utilized in MRIs is one that's formed from radioactive molecules,True,0.2963432,0.00010010600090026855,0.015057951211929321,0.3199825882911682,-0.01191684603691101,0.028218746185302734,0.8511314,0.89779234,0.04666095,middle
241,1,Fluorine is an example of an element used in PET tracers.,one of these elements is usually a chemical like Fluorine,True,0.2963432,0.00402069091796875,0.022280007600784302,0.3199825882911682,0.008649557828903198,-0.03880169987678528,0.984712,0.9869221,0.00221008,last
242,0,"The phrase ""A beautiful German pansy with the name 'Gertrud von"" is a floral quotation.","""A beautiful German pansy with the name 'Gertrud von""",True,0.18975931,0.008912980556488037,0.01498425006866455,1.5866072177886963,0.580651044845581,0.3975083827972412,0.38808388,0.4740332,0.085949324,middle
242,1,"The name ""Gertrud von"" suggests an invalid naming or folkloric adjective.",suggesting an invalid naming or folkloric adjective,True,0.18975931,-0.0020304620265960693,-0.001419171690940857,1.5866072177886963,-0.10034728050231934,-0.13441932201385498,0.2515778,0.28725177,0.035673983,middle
242,2,"The final token ""von"" is part of a parenthetical phrase.","inal token ""von"" is mid-quote name",True,0.18975931,-0.003886669874191284,0.028554826974868774,1.5866072177886963,-0.0526425838470459,0.21898901462554932,0.9766925,0.9869218,0.010229287,last
243,0,"The phrase ""Version 1.5.2: Added some new sounds, improved gameplay"" suggests additional updates.","""Version 1.5.2: Added some new sounds, improved gameplay"" suggests a continuation of ""Other changes"" or ""New graphics"" items, implying additional updates like new artwork or visual changes to the game.",True,0.11254488,0.011317268013954163,0.017570525407791138,0.07255525141954422,0.024438537657260895,-0.01628754287958145,0.09019364,0.10115428,0.010960645,middle
243,1,"The final token ""graphics"" ends an incomplete noun phrase.","Final token ""graphics"" ends an incomplete noun phrase (""New graphics",True,0.11254488,0.07944394648075104,0.637792780995369,0.07255525141954422,0.35098352283239365,6.781321816146374,0.9579905,0.97737473,0.019384233,last
244,0,The text implies a product code or additional tool reference.,"""The Brush Cleaner 240N10 is now available to assist cleaning our Jewellers Brush product line SKU 959.1.""",True,0.33326846,-0.0004590153694152832,0.03934568166732788,0.1277405321598053,-0.012002401053905487,0.0006674826145172119,0.98407716,0.9901398,0.006062626,middle
244,1,"The final token ""1."" suggests an incomplete product code reference.","Final token ""1. "" closes an incomplete product code reference",True,0.33326846,0.00021180510520935059,0.03123071789741516,0.1277405321598053,0.0001471489667892456,0.01494230329990387,0.9091971,0.9453915,0.03619438,last
245,0,The text describes a technical article structure with citation metadata.,Technical article structure with citation metadata followed by a definition and description of fuzzy logic algorithms,True,0.17135414,-0.0003657788038253784,0.008591920137405396,0.08555762469768524,-0.006799958646297455,0.011180639266967773,0.95149374,0.9564836,0.004989842,first
245,1,"The metadata field ""This article is cited by 411. Computer Science, Hardware and Architecture"" follows a standard IEEE journal pattern.","The text ""This article is cited by 411. Computer Science, Hardware and Architecture"" presents a standard IEEE journal metadata field pattern",True,0.17135414,0.0020220279693603516,0.023168116807937622,0.08555762469768524,-0.005400851368904114,0.041842296719551086,-0.1306119,0.071852386,0.20246428,middle
245,2,The list of subject areas in the metadata field is incomplete.,"strongly expecting continuation like ""Information Science"" or ""Software Engineering"" or ""Computational Theory"" or ""Engineering Design""",True,0.17135414,0.0222063809633255,0.018604189157485962,0.08555762469768524,-0.008313745260238647,-0.010882019996643066,0.0496156,0.061108824,0.011493226,last
246,0,The text suggests a brand or third-party context.,,False,0.113346696,,,0.2849130928516388,,,0.9308324,0.9402319,0.009399513,unanchored
246,1,"The final token ""Z"" is part of a qualifier or credit clause.",,False,0.113346696,,,0.2849130928516388,,,0.4880436,0.5320369,0.04399329,unanchored
247,0,The headline reports on a political figure's climate change award.,"Australian newspaper headline format with witty commentary tone, reporting on a political figure's climate change award.",True,0.241613,0.0016165226697921753,0.11215445399284363,0.028048645704984665,-0.00039226189255714417,8.706189692020416e-05,-0.9994724,9.970262e-05,0.9995721,first
247,1,The quote suggests further reasoning follows.,"""His reasoning: 'My point is…'""",True,0.241613,-0.0018665343523025513,-0.006060376763343811,0.028048645704984665,-0.0022743679583072662,0.0037018507719039917,0.57177263,0.57449615,0.0027235355,middle
247,2,The sentence structure indicates a direct quote.,"The sentence structure ""Mr Clarke himself welcomed the honour, saying he is keen to share the science within the museum and he is happy to be part of the museum.",True,0.241613,0.005913987755775452,0.07435518503189087,0.028048645704984665,0.0029832497239112854,-0.013233381323516369,0.9711762,0.9849609,0.013784696,middle
247,3,The explanation expects a continuation of the explanation.,"strongly expecting "" "" or "" 'And so he wants the museum to remain open'."" continuing the explanation.",True,0.241613,0.0032379627227783203,0.01346588134765625,0.028048645704984665,-0.00608428567647934,0.00021086446940898895,0.05671803,0.058357414,0.0016393843,last
248,0,FSM-style behavior scripts use sub-labels and timing.,FSM-style behavior script with sub-labels and timing behavior.,True,0.39025226,-0.01946967840194702,0.026141375303268433,0.13331075012683868,-0.009521618485450745,0.0144377201795578,0.002684052,0.004632004,0.001947952,first
248,1,Considerations include using raw values instead of flags or variables.,There's also a common situation where you're checking a flag or variable,True,0.39025226,-0.013934969902038574,0.021165549755096436,0.13331075012683868,-0.03344927728176117,-0.024088576436042786,0.0064319083,0.011626546,0.005194638,middle
248,2,Accessing stateful values or variables should be cautious.,introducing a similar caution about accessing stateful values or variables,True,0.39025226,0.006690382957458496,0.0009197592735290527,0.13331075012683868,-0.0007385462522506714,-0.0003771781921386719,0.7372322,0.7403174,0.0030851807,middle
249,0,The article has a review-style format.,with a review-style format illustrating the anti-inflammation and antioxidant virtues of Andromedia.,True,0.44440305,0.00074005126953125,-0.00022986531257629395,0.36273127794265747,-0.005746185779571533,-0.0813811719417572,0.6068342,0.6183492,0.01151505,first
249,1,The text implies a closing remark.,,False,0.44440305,,,0.36273127794265747,,,0.33009315,0.33459872,0.004505572,unanchored
249,2,The text expects additional information about the product.,,False,0.44440305,,,0.36273127794265747,,,0.019276977,0.021626448,0.0023494714,unanchored
250,0,The sentence introduces an example of zoonotic viruses.,"""Some coronaviruses are zoonotic viruses, meaning they can infect cells and some can have""",True,0.15471554,0.013524025678634644,0.006763920187950134,0.05061480402946472,0.000390026718378067,-0.010020323097705841,0.9912792,0.99432266,0.0030434728,middle
250,1,The text expects specific harms or effects from these viruses.,continuing the biological context,True,0.15471554,,0.00042344629764556885,0.05061480402946472,,0.0004086829721927643,0.9700041,0.9739612,0.0039571025,last
251,0,The explanation describes yoga's benefits for physical fitness.,,False,0.19586542,,,0.03704872354865074,,,0.93686485,0.9629302,0.026065327,unanchored
251,1,Yoga classes for arthritis include gentle exercise and a slower pace.,Yoga classes for arthritis typically include gentle exercise and a slower pace,True,0.19586542,0.004055798053741455,0.014774560928344727,0.03704872354865074,0.019638311117887497,0.06492277607321739,0.018368036,0.12481939,0.106451355,middle
251,2,The explanation mentions yoga's characteristics like mindfulness or Hatha-style sessions., characteristics of yoga practice like mindfulness or Hatha-style sessions,True,0.19586542,0.0049859583377838135,-0.004910871386528015,0.03704872354865074,0.0005625486373901367,0.002744179219007492,0.8701578,0.89318293,0.023025177,middle
251,3,"The final token ""slow"" is part of a list describing yoga's holistic exercise nature.",,False,0.19586542,,,0.03704872354865074,,,0.95879596,0.97097105,0.01217507,unanchored
252,0,The text discusses the impact of recent fires on the mountain ashes forest.,Australian forestry/scientific blogger presenting climate and fuel dynamics around the mountain ashes forest,True,0.2559683,0.008348256349563599,0.0550898015499115,0.22884628176689148,-0.008556842803955078,0.05753520131111145,-0.88419676,0.04554944,0.9297462,first
252,1,The recent fire history shows a pattern of large fires destroying fuel loads.,The recent fire history of the dry forests shows a pattern of large fires destroying fuel loads.,True,0.2559683,0.0031738877296447754,0.01956114172935486,0.22884628176689148,-0.0275765061378479,0.02792215347290039,0.36705244,0.3852942,0.018241774,middle
252,2,The explanation mentions specific fire events.,Each of the recent major fires,True,0.2559683,0.004077643156051636,0.012115031480789185,0.22884628176689148,0.00017945468425750732,0.004591763019561768,0.9906608,0.9946043,0.0039435118,middle
253,0,The text discusses a blog article on marketing methods during the pandemic.,article about marketing methods during pandemic focusing on student efficiency,True,0.1499505,0.0058250874280929565,0.006771564483642578,0.024703331291675568,-0.0008097812533378601,0.004783567041158676,-0.87923324,0.0010489826,0.8802822,first
253,1,The text introduces a rhetorical question about speeding up product development.,Nowadays a lot of people are thinking about ways that the whole process of product development could speed up,True,0.1499505,0.002753838896751404,0.02090860903263092,0.024703331291675568,0.019604962319135666,0.059834450483322144,-0.32138115,0.3368476,0.65822875,middle
253,2,The text mentions a hypothetical simulation tool that eliminates unnecessary testing steps.,,False,0.1499505,,,0.024703331291675568,,,-0.004910566,0.002012867,0.006923433,unanchored
253,3,The text refers to an analogy involving researchers' idea.,"""Some researchers came up with an idea that...""",True,0.1499505,0.006846681237220764,0.005537882447242737,0.024703331291675568,0.01473306491971016,0.017345629632472992,-0.20074703,0.19713356,0.39788058,last
254,0,The text discusses factors affecting children's dietary habits.,listing factors affecting children's dietary habits and nutrition adequacy index.,True,0.13900402,0.0007131099700927734,0.004851043224334717,0.039468005299568176,-0.0017520524561405182,-0.006904900074005127,0.99413764,0.9963471,0.002209503,first
254,1,The text mentions specific behaviors related to diet.,"habit of drinking milk, consume vitamin, inactive physical activity, fruit",True,0.13900402,0.009205877780914307,0.04034888744354248,0.039468005299568176,0.010897330939769745,-0.013715444132685661,0.99498993,0.99726945,0.0022795235,middle
254,2,"The text expects a continuation after ""fruit.""",,False,0.13900402,,,0.039468005299568176,,,0.88052016,0.89385617,0.013335995,unanchored
255,0,The text describes a series of false societal rules or expectations.,,False,0.27845356,,,0.004209243692457676,,,0.9750881,0.9811786,0.006090458,unanchored
255,1,"The final token ""have"" is part of an incomplete claim about not owing anyone.",,False,0.27845356,,,0.004209243692457676,,,0.94674367,0.96144253,0.014698872,unanchored
256,0,The model provides a flexible means of generating synthetic household panels,The model provides a flexible means of generating synthetic household panels that can be estimated,True,0.21050549,0.006774425506591797,0.017317861318588257,0.05947645753622055,0.0009862780570983887,-0.00891789048910141,0.0027474426,0.0045215804,0.001774138,middle
256,1,The output is part of a list of data attributes,"""output that""",True,0.21050549,-0.01643294095993042,0.004735350608825684,0.05947645753622055,-0.010986328125,0.04873170703649521,0.59285957,0.5988937,0.006034107,last
257,0,The text discusses the definition of serological response in terms of antibodies.,"""The serological response is defined by the immune response (antibody) that is the presence of antibodies""",True,0.26773256,-0.01090306043624878,-0.0102120041847229,0.2706896662712097,-0.07565148174762726,-0.12242524325847626,0.98523104,0.9892859,0.0040548476,middle
257,1,The explanation suggests the text continues to explain the immune reaction mechanism.,suggesting the definition continues explaining the immune reaction mechanism,True,0.26773256,0.002850860357284546,0.009407669305801392,0.2706896662712097,0.008624255657196045,0.09776467084884644,0.9595547,0.9676531,0.008098433,middle
258,0,Practical solutions for RF cable impedance behavior are discussed.,with practical solutions and observations presented sequentially.,True,0.17291796,0.0016762316226959229,0.007899194955825806,0.2414170503616333,-0.002228572964668274,0.007572844624519348,0.9548304,0.95850307,0.0036726727,first
258,1,One suggestion is to bury the shielded feedline.,One suggestion is to bury the shielded feedline...,True,0.17291796,9.350478649139404e-05,0.009037032723426819,0.2414170503616333,-0.004626840353012085,0.058615684509277344,0.827787,0.83549666,0.007709702,middle
259,0,The explanation discusses a scenario where the voltage is zero at t=0.,"So, if the voltage is zero in t=0",True,0.30104652,0.002035588026046753,0.02561047673225403,0.5909475684165955,0.04236882925033569,0.16776925325393677,0.24933682,0.3503715,0.101034686,middle
259,1,The current source becomes an ideal voltage source under these conditions.,the current source become a ideal voltage source,True,0.30104652,-0.01273435354232788,0.00503578782081604,0.5909475684165955,-0.08515971899032593,-0.08222383260726929,0.003865625,0.005864988,0.001999363,middle
259,2,The inductor term disappears due to the constant term becoming zero.,"the inductor term disappears due to constant term, leading to the source being zero",True,0.30104652,0.01527780294418335,0.00454401969909668,0.5909475684165955,0.058247506618499756,0.037343621253967285,0.01763817,0.032073807,0.014435637,middle
259,3,"The source becomes nullified, leading to a zero current source.",,False,0.30104652,,,0.5909475684165955,,,0.10492987,0.14091794,0.03598807,unanchored
260,0,The Foundations for Success (FSEP) project began in 1992 as a three-year pilot project called FUSE.,The Foundations for Success (FSEP) project began in 1992 as a three-year pilot project called FUSE.,True,0.22637783,0.0013166218996047974,0.04234512150287628,0.0002301248605363071,-3.1262898119166493e-06,0.00028042373014613986,-0.93710756,0.022122603,0.9592302,middle
260,1,The acronym FUSE is used for the initial project name.,,False,0.22637783,,,0.0002301248605363071,,,0.474131,0.7284826,0.25435162,unanchored
261,0,The text discusses nanocomposites for thermal conductivity enhancement.,Indian academic/technical paper format with scientific writing style discussing nanocomposites for Thermal conductivity enhancement,True,0.177893,0.0006372183561325073,0.02846255898475647,0.03361640125513077,0.0049994513392448425,0.022050179541110992,-0.9957759,0.000104713334,0.9958806,first
261,1,The text mentions conflicting requirements of high viscosity and degrading performance.,establishing context about conflicting requirements of high viscosity and degrading performance,True,0.177893,0.0038827061653137207,0.008900776505470276,0.03361640125513077,0.0017401613295078278,0.0013904385268688202,-0.7617828,0.10861055,0.8703934,first
261,2,The sentence implies a conclusion or contradiction problem statement.,"implies a conclusion or contradiction problem statement, implying a proposed solution is needed",True,0.177893,0.013014107942581177,0.0032204538583755493,0.03361640125513077,-0.0016333609819412231,0.007551055401563644,-0.6738698,0.1534964,0.8273662,middle
261,3,The text anticipates a continuation about a tradeoff solution.,"""Hence, both properties cannot coexist together. Hence""",True,0.177893,0.007049441337585449,0.014209538698196411,0.03361640125513077,0.001628689467906952,0.005749158561229706,0.012191221,0.022916023,0.010724802,last
262,0,The sentence introduces a list or elaboration of effects related to the victim or subject's mental state.,,False,0.2830892,,,0.23340623080730438,,,0.9613287,0.977746,0.016417304,unanchored
262,1,"The explanation expects a noun to complete the phrase ""the state of the"".",,False,0.2830892,,,0.23340623080730438,,,0.94602543,0.97128505,0.025259592,unanchored
263,0,The text mentions a list of unhealthy behaviors or food color associations.,"""Some folks claim consuming pizza, soda or crimson""",True,0.15578555,0.005758568644523621,0.026237010955810547,0.40803512930870056,-0.003957122564315796,0.20915785431861877,0.9744988,0.9867879,0.012289103,middle
263,1,The list includes hot peppers or other colorful foods/chemicals.,Whether you chew on red...,True,0.15578555,0.0005871951580047607,-0.004597976803779602,0.40803512930870056,-0.016455799341201782,0.01863962411880493,-0.0066879834,0.0058033294,0.012491313,last
264,0,The text advises having extra supplies prepared for disasters.,It's a good idea to have extra supplies on hand ahead of time in case of a disaster,True,0.31638753,0.00047346949577331543,-0.002251952886581421,0.02104092389345169,0.004239074885845184,-0.011058189906179905,0.99786323,0.9987696,0.0009063238,middle
264,1,The text emphasizes planning for pets in emergencies.,make sure you have your pets accounted for before a disaster occurs,True,0.31638753,0.0023457705974578857,0.006440669298171997,0.02104092389345169,0.0007207915186882019,-0.004816818982362747,-0.95911115,0.00028402387,0.9593952,middle
264,2,The text suggests preparing supplies in advance.,"""Make sure you stock up ahead of time ahead of""",True,0.31638753,-0.006814301013946533,0.006355792284011841,0.02104092389345169,0.003955641761422157,-0.0026556458324193954,0.99734086,0.99842095,0.0010801214,last
265,0,The forum post asks about receiving ISS data beyond JWST schedules,listing possibilities for receiving ISS data beyond JWST schedules,True,0.24740633,-0.0019958913326263428,0.0014308243989944458,0.10607035458087921,0.0028962641954421997,-0.008347690105438232,-0.015728055,0.025111308,0.040839363,first
265,1,The question suggests a query about satellite beacons transmitting data,s a second question or a closing question about satellite beacons transmitting data,True,0.24740633,0.00756603479385376,0.020972371101379395,0.10607035458087921,0.018194980919361115,-0.009840324521064758,0.98934686,0.993751,0.0044041243,middle
265,2,"The final token ""that"" ends an incomplete clause","Final token ""that"" ends an incomplete clause",True,0.24740633,-0.0004019439220428467,0.008625119924545288,0.10607035458087921,-0.0032029226422309875,-0.00724831223487854,0.97050416,0.9829627,0.012458551,last
266,0,The sentence discusses complexity in sustainability policy implementation.,"Furthermore, the multi stakeholder nature of sustainability implementation means that the adoption of the policy is complex adding to the complexity.",True,0.13499379,0.003489971160888672,0.015134990215301514,0.06008107587695122,0.007955055683851242,0.0049233026802539825,0.15808699,0.48803812,0.32995114,middle
266,1,The text suggests that multiple actors contribute to complexity.,"""Given multiple actors and change processes this adds to complexity...""",True,0.13499379,0.0009268373250961304,0.00655791163444519,0.06008107587695122,0.0012219548225402832,0.010908659547567368,0.9955996,0.99720335,0.0016037386,last
267,0,The thesis will examine current failures of Native American water policy.,"""My thesis will then examine the current failures of Native American water policy and explore solutions for sustainability in regards to incarceration, and then explore""",True,0.12560157,0.002681255340576172,0.0013242363929748535,0.05395127832889557,0.0018391050398349762,-0.003114260733127594,-0.120920785,0.002975588,0.123896375,middle
267,1,The thesis will explore solutions for sustainability related to incarceration.,,False,0.12560157,,,0.05395127832889557,,,-0.092929915,0.006077188,0.0990071,unanchored
267,2,The explanation suggests the thesis will continue with additional research goals.,"implies a concluding list or additional research goals, continuing the paper's argumentative arc",True,0.12560157,0.005394876003265381,0.01749366521835327,0.05395127832889557,0.010415695607662201,0.0013051703572273254,0.0014166235,0.0019597702,0.00054314674,middle
267,3,The thesis will explore potential solutions and future directions for the issue.,,False,0.12560157,,,0.05395127832889557,,,0.0055391495,0.007110241,0.0015710914,unanchored
268,0,The text describes a course on value investing basics.,introducing a course on Value Investing basics through quantified methodology.,True,0.10407553,0.0016953498125076294,0.0010137856006622314,0.07822976261377335,-0.0022509023547172546,0.006061926484107971,-0.95421606,0.02100528,0.97522134,first
268,1,The course will cover why contrarian investing matters.,"The course will cover : Why contrarian investing matters,",True,0.10407553,0.003191813826560974,0.011696740984916687,0.07822976261377335,0.003259986639022827,0.010520502924919128,-0.123799406,0.002554143,0.12635355,middle
268,2,The course will cover understanding equity cycles.,"""The course will cover : Why contrarian investing matters, understanding equity cycles""",True,0.10407553,-6.26295804977417e-05,0.009753800928592682,0.07822976261377335,-0.0002144649624824524,0.010012306272983551,-0.66874355,0.07254212,0.7412857,middle
269,0,The article focuses on plant-based milk alternatives and their sustainability.,article focuses on plant-based milk alternatives and their sustainability,True,0.15495256,-0.001536533236503601,0.004883304238319397,0.004882851615548134,-0.00021546287462115288,2.4913810193538666e-05,-0.978652,0.0012260952,0.97987807,first
269,1,The text suggests a continuation with facts or a closing analogy about the industry.,suggesting continuation with facts or a closing analogy about the industry,True,0.15495256,0.01724126935005188,0.009761705994606018,0.004882851615548134,0.002435542643070221,-6.239395588636398e-05,0.032385908,0.042052858,0.009666948,middle
269,2,"The text ends mid-sentence with ""context,"" expecting a completion.","), part of a parenthetical clause (""For context... For context"")",True,0.15495256,-0.00021563470363616943,0.0007329583168029785,0.004882851615548134,0.0002964697778224945,-0.00015195459127426147,0.023293704,0.15522203,0.13192832,last
270,0,The text suggests an educational video source or scientific visualization tool.,"s a credit or source attribution, likely referencing a specific educational video source or scientific visualization tool",True,0.2034319,0.0061276257038116455,0.028301313519477844,0.09010358154773712,-0.021127119660377502,-0.009078353643417358,0.99520785,0.99649686,0.0012889855,middle
270,1,"The phrase ends with an incomplete clause ""by"".",,False,0.2034319,,,0.09010358154773712,,,0.9585395,0.97853845,0.01999894,unanchored
271,0,The text discusses Korean women's oppression under neoliberalism.,"Academic article format with Korean feminist scholar, discussing Korean women's oppression under neoliberalism",True,0.136951,0.000993102788925171,0.07913322746753693,0.10915815830230713,9.350478649139404e-06,0.08619853854179382,-0.0001807306,0.026348142,0.026528873,first
271,1,The sentence structure suggests a list of negative impacts of discrimination.,"""Not only in economic areas, but discriminatory experiences are experienced daily and accumulate in life and are felt in various fields and""",True,0.136951,0.007170200347900391,0.03010585904121399,0.10915815830230713,0.019873037934303284,0.02377834916114807,0.99452853,0.9965605,0.0020319528,middle
271,2,The consequences of discrimination include social stigma and concrete experiences.,"""social stigma and concrete experiences""",True,0.136951,0.011004224419593811,0.0051279813051223755,0.10915815830230713,0.0064450278878211975,0.005283385515213013,0.93527144,0.93717116,0.0018996964,middle
272,0,The explanation describes UI documentation for ServiceNow's proposal editor.,"UI documentation with reference images and step-by-step instructions for proposal editor in ServiceNow,",True,0.17215422,-0.0018974989652633667,0.04046545922756195,0.05491621419787407,-0.000681072473526001,0.03787805512547493,-0.7687269,0.00850875,0.7772356,first
272,1,Fields turn yellow during edit mode.,The fields turn yellow during the edit mode,True,0.17215422,0.00846700370311737,-0.0021335482597351074,0.05491621419787407,0.011671993881464005,0.00562039390206337,0.002495104,0.0043910723,0.0018959682,middle
273,0,The explanation describes a German academic-blog format with a musicological perspective.,German academic-blog format with musicological perspective on cultures of media cultures presenting a lecture sequence and concepts by terms.,True,0.28194848,0.08464255928993225,0.10158491134643555,0.19357675313949585,0.017040163278579712,0.00695367157459259,-0.9933087,0.0018951078,0.99520385,first
273,1,The sentence suggests a third item in a list of four perspectives about embodiment and ecology.,suggests a third item completing the list of four perspectives about embodiment and ecology.,True,0.28194848,-0.005512446165084839,-0.009191900491714478,0.19357675313949585,0.016702502965927124,0.0024210959672927856,-0.31990206,0.29085058,0.61075264,middle
273,2,"The final token ""existence."" closes a clause mid-sentence.",,False,0.28194848,,,0.19357675313949585,,,0.96040016,0.9787426,0.01834245,unanchored
274,0,The text describes qualities of her poetry.,,False,0.25554043,,,0.0027016105595976114,,,0.35263777,0.551124,0.1984862,unanchored
274,1,"The qualities include clear, concise communication with imagery.","""A clear, concise communication with imagery""",True,0.25554043,0.0056371986865997314,0.005663812160491943,0.0027016105595976114,0.0016136027406901121,0.0008114806842058897,0.66891307,0.68647176,0.017558698,middle
275,0,The blog post combines hands-on learning with an Easter color activity.,Early childhood educator blog post combining hands-on learning with an Easter color activity,True,0.18457587,0.011122658848762512,0.016933441162109375,0.19850227236747742,0.02676442265510559,0.02586081624031067,0.9895462,0.99258435,0.0030381521,first
275,1,The text signals a pivot from creative play to formal learning.,But while that's great practice...But,True,0.18457587,0.011593088507652283,0.007148295640945435,0.19850227236747742,0.015937909483909607,0.006682693958282471,-0.0042705643,0.0010207767,0.005291341,middle
275,2,The explanation suggests the need for formal problem solving.,we also want to add some formal problem solving,True,0.18457587,0.02403135597705841,0.024412229657173157,0.19850227236747742,0.008541807532310486,0.013078153133392334,0.0008441033,0.014596115,0.013752012,last
276,0,The article is about chemical inspection equipment knowledge.,English article about some chemical inspection equipment knowledge,True,0.11790442,0.0011542737483978271,0.007463015615940094,0.05660107731819153,-0.00016490742564201355,0.018418341875076294,-0.9868508,0.0027633836,0.9896142,first
277,0,The post discusses Chemistry concepts and their relation to the human body.,Egyptian/Arabic language blog post with an informative/explanatory tone discussing Chemistry concepts and its relationship to the human body.,True,0.16971867,0.02100512385368347,0.05525381863117218,0.028355609625577927,0.013765670359134674,0.02919761836528778,-0.98037136,0.0012697693,0.9816411,first
277,1,The text sets up a悬念 (suspense) with a question about life and death.,"""Now many students are asking me the question : Is man alive or dead? The answer""",True,0.16971867,-0.026190370321273804,-0.004724472761154175,0.028355609625577927,0.0035034194588661194,0.021946940571069717,0.87403625,0.9278041,0.053767867,middle
277,2,The post implies a complex answer to a question.,"""The answer is not simple... The answer... The answer is... """,True,0.16971867,-0.000979781150817871,-0.007580935955047607,0.028355609625577927,-0.004216428846120834,-0.009707096964120865,0.98127216,0.9832114,0.001939264,last
278,0,The text discusses a Markov chain's property of remaining constant,building toward a key claim about the property of the Markov chain remaining constant,True,0.29466248,0.0016568303108215332,0.01442769169807434,0.05734384432435036,0.0033358708024024963,0.024801429361104965,-0.82847756,0.029651726,0.85812926,middle
278,1,The system stays stationary meaning Time is independent,The system stays stationary meaning Time is independent,True,0.29466248,0.004001975059509277,0.006309032440185547,0.05734384432435036,-0.0019209496676921844,0.0034745559096336365,-0.17882764,0.044296574,0.22312422,middle
278,2,"The final token ""In"" opens a quoted expression mid-sentence","Final token ""In"" opens a quoted expression mid-sentence",True,0.29466248,0.0019207894802093506,0.2328757643699646,0.05734384432435036,-0.00039476528763771057,0.06804753467440605,0.5236234,0.7455448,0.22192138,last
279,0,The text discusses cell death mechanisms in plant immunity.,Scientific journal article (Cell Biology) with review structure discussing cell death mechanisms in plant immunity,True,0.18172008,-0.001840442419052124,0.020332083106040955,8.10895289760083e-05,-3.6780984373763204e-06,-6.379089609254152e-05,-0.9953353,0.00011361597,0.9954489,first
279,1,The sentence mentions a review article by Rifai and Basson (2000).,,False,0.18172008,,,8.10895289760083e-05,,,-0.9767249,0.007470524,0.9841955,unanchored
279,2,The citation is part of a literature review context.,"which is currently under review (Holmes and Thompson, 20",True,0.18172008,0.004703626036643982,0.00416015088558197,8.10895289760083e-05,-6.025823677191511e-05,-5.5723699915688485e-05,0.14132357,0.14447674,0.00315318,middle
280,0,"The text discusses indoor plant care, focusing on the Peace Lily.","Indian lifestyle/blog article format with descriptive prose around indoor plant care, listing benefits and varieties of Peace Lily plant.",True,0.15297337,0.008424758911132812,0.11854968965053558,0.1348753124475479,-0.0011627525091171265,0.10894325375556946,-0.99910057,9.039187e-05,0.999191,first
280,1,The explanation suggests a sentence about plant height is incomplete.,,False,0.15297337,,,0.1348753124475479,,,0.96295637,0.97926325,0.016306859,unanchored
281,0,The article discusses brain inflammation mechanisms and pain research using neuroimaging.,discussing brain inflammation mechanisms and pain research using neuroimaging.,True,0.2422517,0.0024870187044143677,0.004618600010871887,0.049456797540187836,-0.001489594578742981,-0.009666454046964645,0.97230595,0.9735826,0.0012766813,first
281,1,The sentence mirrors the article's conclusion about future research implications for CRPS.,"mirrors the article's conclusion, completing a statement about future research implications for the disorder",True,0.2422517,0.014075636863708496,0.022491276264190674,0.049456797540187836,0.0053320229053497314,0.0008886568248271942,0.98239094,0.9901376,0.007746631,middle
281,2,The explanation expects a closing clause or affirmation about CRPS.,"strongly expecting ""in particular"" or ""specifically"" or ""a disorder"" or similar.",True,0.2422517,0.03684648871421814,0.03336015343666077,0.049456797540187836,0.07109610736370087,0.13892803341150284,0.097271904,0.106989056,0.00971715,last
282,0,The NCDD program resources webpage lists educational professional development sessions.,"NCDD program resources webpage format with educational professional development sessions listing topics around health and wellness, social policy, and aging matters for NIA members.",True,0.2301915,0.01221168041229248,0.009214326739311218,0.06332410871982574,-0.007791236042976379,-0.021748311817646027,0.05343776,0.06617221,0.012734455,first
283,0,The text implies a clause completing the historical context.,whose discoveries and geological research have fascinated researchers for decades,True,0.13882294,-0.002900838851928711,0.01552613079547882,0.0008918367093428969,-0.00042822741670534015,0.006517211091704667,0.98036534,0.98683524,0.006469892,middle
283,1,The sentence structure suggests an expected continuation.,and has fascinated scientists for decades,True,0.13882294,-0.0034782886505126953,0.0014826059341430664,0.0008918367093428969,-0.0003529238747432828,0.0008398465579375625,0.7831923,0.7871105,0.0039182077,last
284,0,The website celebrates plants and sustainability.,"celebrating plants and sustainability,",True,0.22053963,0.05331912636756897,0.01447954773902893,0.08637804538011551,0.007431916892528534,0.001989029347896576,0.0042435816,0.005149941,0.0009063594,first
284,1,The text promises a continuation of humanity's relationship with time/circadian cycles.,promising continuation of humanity's long relationship with time/circadian cycles.,True,0.22053963,0.010853022336959839,0.0027582943439483643,0.08637804538011551,0.0073073506355285645,-0.0028177350759506226,2.2177119e-05,0.0022820588,0.0022598817,middle
284,2,"The final token ""time,"" strongly expects continuation.","strongly expects continuation like ""and our biological clocks were established,""",True,0.22053963,0.004120483994483948,0.0027905702590942383,0.08637804538011551,0.016215741634368896,0.007452338933944702,0.029390782,0.044819653,0.015428872,last
285,0,The text discusses a limitation in using ball collisions for simulating snow.,"""Now since i cannot use the collisions to make the balls bounce ... to make""",True,0.31220993,0.009322494268417358,0.019985735416412354,0.22732047736644745,-0.016058310866355896,0.048899486660957336,-0.2692149,0.006464389,0.2756793,middle
286,0,Pre-bedtime caffeine can negatively affect sleep.,Another theory suggests pre-bedtime caffeine can negatively affect sleep,True,0.2014295,-0.0009601116180419922,0.0018177330493927002,0.15123595297336578,-0.009791001677513123,-0.04421992599964142,0.003830711,0.009218084,0.005387373,middle
286,1,Caffeine causes brain arousal.,it causes your brain,True,0.2014295,-0.0030230730772018433,-0.004065603017807007,0.15123595297336578,-0.017735779285430908,-0.01153653860092163,0.0009942022,0.0023633277,0.0013691254,middle
287,0,Search terms that are too specific can limit results.,If too specific your term may limit results.,True,0.17752825,0.00039030611515045166,0.0041167885065078735,0.046759702265262604,0.005075637251138687,-0.0008420310914516449,0.93940717,0.9403289,0.0009217283,middle
287,1,A broader term can help when search terms do not find exact results.,A broader term can help,True,0.17752825,0.0029005706310272217,0.007272660732269287,0.046759702265262604,0.00021104514598846436,-0.006555337458848953,0.9770128,0.9776413,0.00062847027,middle
287,2,Sometimes a more general term will work better.,,False,0.17752825,,,0.046759702265262604,,,0.98858196,0.9895111,0.00092914345,unanchored
288,0,The text suggests a humanities or social studies course context.,suggesting a humanities or social studies course context focusing on American history and racism.,True,0.13232283,0.009167522192001343,0.0025989264249801636,0.0899701789021492,-0.016757570207118988,0.008705280721187592,0.019014696,0.021429623,0.0024149262,first
288,1,The phrase implies an expected second question about societal impacts.,implies a paired assignment question expects a second question about societal impacts or a broader thematic statement about US identity or historical development.,True,0.13232283,0.005079939961433411,0.005124449729919434,0.0899701789021492,-0.020167380571365356,0.0006197616457939148,0.9299134,0.93777716,0.00786374,middle
288,2,"The text ends with an incomplete noun phrase ""shaped.""",,False,0.13232283,,,0.0899701789021492,,,0.97564864,0.9868773,0.011228683,unanchored
289,0,The sentence mirrors the title's focus,"""Evidence suggests that variation in storage and quality of red blood cells may influence postoperative outcomes""",True,0.2607097,0.014539152383804321,-0.021006926894187927,0.06013461947441101,0.01095782220363617,-0.0009889528155326843,0.5345155,0.5439668,0.009451316,middle
289,1,The explanation describes characteristics of the blood product,continuing to describe characteristics of the blood product or its efficacy factors,True,0.2607097,0.0027775466442108154,-0.015722408890724182,0.06013461947441101,0.0036346912384033203,-0.005583595484495163,0.9644864,0.96648026,0.0019938494,middle
290,0,"The explanation describes the progression sequence of ""Oxford Reading Tree"" phonics scheme books.","UK primary school subject book description format with structured features listing, showing a progression sequence of books for ""Oxford Reading Tree"" phonics scheme.",True,0.23064521,-0.002615407109260559,0.06558164954185486,0.11163374781608582,-0.023600347340106964,0.009449101984500885,-0.5822471,0.008594122,0.5908412,first
290,1,The sentence structure mirrors an enumerated list pattern describing curriculum progression milestones.,"The sentence structure ""Book 4: The focus of Book 1–3 establishes sound skills; topics include... - Levels 1 and 2"" mirrors an enumerated list pattern describing curriculum progression milestones.",True,0.23064521,-0.0040334612131118774,0.03986656665802002,0.11163374781608582,0.0033666566014289856,0.20494303107261658,0.64540875,0.7034327,0.058023904,middle
290,2,The explanation indicates an expectation for further curriculum details.,"Final token "" - "" continues the second item in the bulleted list mid-description (""Level 2 introduces new words and longer texts. / Level 1 develops fluency...""), strongly expecting ""Level 3 introduces grammar concepts"" or ""The remaining units develop comprehension and vocabulary skills"" or similar curriculum detail following.",True,0.23064521,0.041889727115631104,0.03871294856071472,0.11163374781608582,0.15841957926750183,-0.05131818354129791,-0.00043070212,0.0016938035,0.0021245056,last
291,0,The explanation discusses product/technical marketing benefits of concrete homes.,"Product/technical marketing format with bullet points listing benefits of concrete homes,",True,0.18722823,0.00025215744972229004,0.04363533854484558,0.012280719354748726,-0.0008152294903993607,0.07954908721148968,-0.99891794,0.0001030118,0.99902093,first
291,1,The text suggests a concluding list item about design flexibility.,"Less formal 'custom built' homes tend to allow more design features like additions, shaping, rooflines, peaks, etc.",True,0.18722823,-0.0010840445756912231,0.00293181836605072,0.012280719354748726,-0.004372265189886093,4.041939973831177e-05,0.4106192,0.41731194,0.0066927276,middle
291,2,"The explanation indicates an expectation for additional content after ""etc.""","inal token ""etc"" ends an incomplete list (""ability to add features like angles, curves, variations, windows and holes, etc"")",True,0.18722823,0.006789937615394592,0.09716758131980896,0.012280719354748726,0.0030881185084581375,-0.004619966726750135,0.9800551,0.98419684,0.004141769,last
292,0,The text discusses an NHS overview document for social care professionals.,"UK NHS overview document with plain-language health guidance, explaining nursing standards and values for social care professionals,",True,0.1206544,0.024098210036754608,0.09658753126859665,0.003268743399530649,0.0024559693410992622,0.01026931731030345,-0.50967467,0.0021560271,0.5118307,first
293,0,The explanation discusses the structure of Wikipedia articles.,"Wikipedia article structure with free culture wiki (""Project:WikiProject Commons""),",True,0.26099676,-0.004567354917526245,-0.007828444242477417,0.008357456885278225,0.002864362671971321,0.009243982844054699,-0.024401605,0.0041589797,0.028560584,first
293,1,The explanation mentions concerns about Wikimedia Commons.,Wikinews has just raised concerns about Wikimedia Commons as a proprietary resource;,True,0.26099676,-0.0039758384227752686,-0.002694636583328247,0.008357456885278225,0.0006141280755400658,0.002747565507888794,-0.37487844,0.012538935,0.38741738,middle
293,2,The explanation suggests a link to another project.,see Wik,True,0.26099676,0.004069626331329346,0.008002042770385742,0.008357456885278225,-0.0009665265679359436,0.00134379044175148,0.99278826,0.99522406,0.0024357936,middle
294,0,The text discusses the sequence of Evolution concept & Cosmology in the Quran.,Indian Spirituality/Science Writer's blog post establishing sequence about Evolution concept & Cosmology in Quran,True,0.2980825,0.004096716642379761,0.017445236444473267,0.3092772364616394,-0.022571295499801636,0.029850482940673828,-0.69311374,0.0030106893,0.69612443,first
294,1,The paragraph suggests a logical progression to explain the order of first principle of Matter/Creation.,Now Lets Check About Those Three Types Of Creation And From First,True,0.2980825,-0.002969980239868164,0.017317533493041992,0.3092772364616394,-0.007846981287002563,0.07476672530174255,0.9500911,0.9618611,0.011769951,middle
294,2,"The final token ""First"" is part of an incomplete question bullet point.",So lets Talk About First,True,0.2980825,-0.006629258394241333,0.02599737048149109,0.3092772364616394,-0.02255690097808838,-0.025142043828964233,0.9219492,0.9578772,0.03592799,last
295,0,The text discusses a structured curriculum document format.,Structured curriculum document format with a mathematical task prompt followed by a course description,True,0.6621532,-4.76837158203125e-07,0.017352163791656494,1.6145399808883667,0.05425834655761719,-0.23918771743774414,0.98973507,0.9935795,0.003844435,first
295,1,The phrase is a citation/comparison clause.,,False,0.6621532,,,1.6145399808883667,,,0.9425788,0.9666246,0.024045853,unanchored
295,2,The text implies a definition of unit circle relationships.,implying a definition of unit circle relationships.,True,0.6621532,0.00509113073348999,0.03201216459274292,1.6145399808883667,-0.1425999402999878,-0.2956937551498413,0.54536843,0.61100614,0.065637685,middle
296,0,"The blog post includes a video link about ""public learning"".","Blog post from an educational literacy expert shares a short video link about ""public learning""",True,0.265308,0.0026678740978240967,-0.036830171942710876,0.2565564811229706,-0.010381042957305908,-0.12755729258060455,-0.5814435,0.11776613,0.69920963,first
296,1,The text suggests related posts about COVID-19 and student agency.,"""You might also be interested in his other related posts about COVID-19 and student agency""",True,0.265308,-0.00010526180267333984,0.005608856678009033,0.2565564811229706,-0.016428232192993164,-0.011541128158569336,-0.00095234107,0.0007570637,0.0017094048,middle
297,0,The text describes a specific behavior subcategory of sexually abusive behaviors.,,False,0.57695395,,,0.4584583640098572,,,0.3278855,0.64410466,0.31621915,unanchored
297,1,"The text expects continuation of the phrase ""Sex desire sex when"".",,False,0.57695395,,,0.4584583640098572,,,0.08246338,0.099974796,0.017511409,unanchored
298,0,The query is informal and seeks design patterns.,"""Is it possible to list design patterns instead of Codegen or similar components?""",True,0.24321154,0.028095394372940063,0.014326483011245728,0.2337697148323059,0.025825023651123047,0.010927706956863403,0.63149995,0.6413239,0.009823955,first
298,1,The response suggests listing pattern ideas.,"""So looking for the actual pattern(s) you need to create this pipeline or similar options? I can list some ideas?""",True,0.24321154,0.0004143714904785156,0.02121424674987793,0.2337697148323059,-0.03724531829357147,0.04314219951629639,0.004049979,0.0050650295,0.0010150502,middle
299,0,Common problems include blocked valves or filters.,"Another common problem is when the valve or filter gets blocked,",True,0.19962202,0.00379142165184021,0.007857456803321838,0.1610843390226364,-0.011697843670845032,-0.010448649525642395,-0.008512908,0.0113776615,0.01989057,middle
299,1,Blocked valves or filters cause similar issues to thermostat misfires.,causing blockages that mimic the same issue,True,0.19962202,-6.9141387939453125e-06,0.003766000270843506,0.1610843390226364,0.0016780197620391846,-0.026385515928268433,0.39490357,0.40572637,0.010822806,middle
300,0,The explanation focuses on smartphone security for healthcare professionals.,Blog-style article tone with expert advice about smartphone security for healthcare professionals,True,0.1247605,0.008956514298915863,0.006353490054607391,0.04166122525930405,0.002064742147922516,-0.007930576801300049,0.98899287,0.99333537,0.004342504,first
300,1,The text emphasizes the importance of monitoring security on personal devices.,"While protecting your own home computer is important, the same mindfulness also applies to the devices your doctor's office uses.",True,0.1247605,0.003269799053668976,0.009487129747867584,0.04166122525930405,-0.00928039476275444,0.010031308978796005,0.99638087,0.99742365,0.0010427844,middle
301,0,The sentence structure implies a numbered or sequential process description is expected next.,,False,0.14221872,,,0.050761397927999496,,,0.98180395,0.9877758,0.005971853,unanchored
301,1,"The final token ""To"" opens an instructional clause that expects a verb phrase.",,False,0.14221872,,,0.050761397927999496,,,0.90251297,0.92777425,0.025261281,unanchored
302,0,Compile-time string literals are faster than reflection.,An advantage of a compile-time string literal is that it is faster than a reflection.,True,0.28657216,-0.019371479749679565,-0.007858991622924805,0.039725109934806824,-0.008966200053691864,-0.006001271307468414,-0.00035686034,0.0011631853,0.0015200457,middle
302,1,String literals can be misleading due to potential changes.,,False,0.28657216,,,0.039725109934806824,,,0.89781755,0.90732336,0.009505829,unanchored
303,0,The article focuses on international study benefits for women.,informative article on international study for women,True,0.1466071,-0.0032588839530944824,-0.0051094889640808105,0.09927890449762344,-0.0074657052755355835,0.0014006942510604858,-0.016877867,0.0040318137,0.020909682,first
303,1,The explanation describes a second attribute of vocational college courses.,describes a second attribute about vocational college course content,True,0.1466071,0.0070005059242248535,0.005758702754974365,0.09927890449762344,-0.0007196664810180664,-0.003570772707462311,0.9807139,0.985241,0.004527065,middle
303,2,"The incomplete clause ends with ""that"".","""that"" ends an incomplete clause",True,0.1466071,0.0006117820739746094,0.001574873924255371,0.09927890449762344,-0.002397701144218445,-0.0007125735282897949,0.9671733,0.9823691,0.015195841,last
304,0,The question asks about specific evidence points from the testimonial.,,False,0.37134534,,,1.513871431350708,,,0.9921236,0.9950728,0.0029491792,unanchored
304,1,The explanation expects an answer using the proposed evidence to evaluate scientific reasoning.,,False,0.37134534,,,1.513871431350708,,,0.32036853,0.328123,0.0077544847,unanchored
304,2,"The prompt structure includes ""What evidence from part of Martin's testimony"".","""What evidence from part of Martin's testimony""",True,0.37134534,0.0022127926349639893,0.0018163025379180908,1.513871431350708,-0.0744631290435791,-0.3240044116973877,0.9914551,0.9951727,0.0037175787,last
305,0,The text describes a product listing format for a makeup product.,Product listing format with beauty/health ingredient description listing ingredients for a naturally formed makeup product,True,0.18677956,0.09383994340896606,0.018013134598731995,0.00610393239185214,0.01569249900057912,-0.00045576179400086403,-0.82646894,0.057513233,0.8839822,first
305,1,The phrase mentions Sodium Hyaluronate and Titanium as ingredients.,"""Ingredients/Ingredients : Organic, Non Toxic- Ingredients Include : Sodium Hyaluronate, Titanium""",True,0.18677956,0.002858981490135193,0.003886401653289795,0.00610393239185214,0.0004723002202808857,-0.000857694074511528,0.9711791,0.98482126,0.013642137,middle
305,2,"The explanation expects ""Dioxide"" to follow ""Titanium"" in the ingredient list."," ""Titanium"" is mid-list after ""Titanium,"" part of a parenthetical ingredient ingredient list specifying a compound (""Titanium"")",True,0.18677956,0.009309813380241394,0.3470161557197571,0.00610393239185214,-0.0026261142920702696,0.8749469523318112,0.22877966,0.25160718,0.02282752,last
306,0,"The paragraph structure ""Let's Honor The History"" signals a second section or concluding point.","The paragraph structure ""Let's Honor The History"" signals a second section or concluding point, likely listing or honoring the activism and struggles behind Pride Month, or a call to remember the LGBTQ+ movement's roots and challenges.",True,0.15257448,0.017988741397857666,0.016461774706840515,0.06214746832847595,-0.028806626796722412,0.008961424231529236,0.5998329,0.6194359,0.019603033,middle
306,1,"The final token ""History"" ends a phrase (""Understand the History""), part of a third section header pattern.","Final token ""History"" ends a phrase (""Understand the History""), part of a third section header pattern (""Remember the History""), strongly anticipating continuation",True,0.15257448,0.13157489895820618,0.8915180563926697,0.06214746832847595,0.07465682923793793,14.263244301080704,0.76807994,0.8043655,0.0362856,last
307,0,The product dimensions include height and depth measurements.,Height : 15″ Depth : 15.5,True,0.3989118,0.0043375492095947266,0.05695876479148865,0.03947240486741066,-0.0088010523468256,0.008366204798221588,0.9151727,0.9417849,0.026612226,middle
307,1,"The numeric value ""25"" is part of an incomplete unit expression.","Final token ""25"" closes a numeric value mid-expression",True,0.3989118,0.0018971264362335205,0.050584375858306885,0.03947240486741066,0.008052553981542587,-0.02553404774516821,0.97689897,0.9872115,0.010312543,last
308,0,The product description highlights eco-friendly bamboo fabric hair bands.,highlighting eco-friendly bamboo fabric hair band.,True,0.17079102,0.0012918859720230103,0.002221226692199707,0.0654318556189537,-0.0071757398545742035,-0.009980008006095886,-0.9555512,0.0092302635,0.96478146,first
308,1,The description begins with listing features.,The product description begins listing features,True,0.17079102,0.00022004544734954834,0.0010970383882522583,0.0654318556189537,-0.00018090754747390747,0.0008747875690460205,0.7435667,0.8645323,0.120965615,middle
308,2,The first bullet lists key functional benefits or product specifications.,strongly implying the first bullet lists key functional benefits or product specifications,True,0.17079102,-0.0012359023094177246,0.0014197677373886108,0.0654318556189537,5.319714546203613e-05,0.006553240120410919,0.9731075,0.9788264,0.0057188985,middle
308,3,The text ends with an incomplete phrase about holding hair.,,False,0.17079102,,,0.0654318556189537,,,0.98193955,0.9904377,0.00849813,unanchored
309,0,The text describes particle physics collaboration results.,Particle physics collaboration result format with numerical bounds on decay branching ratios,True,0.3784673,0.03783220052719116,0.08997365832328796,0.061031192541122437,-0.01160307228565216,0.04081207513809204,0.89854527,0.9099102,0.011364943,first
309,1,The new limits include a branching ratio less than 0.28 fb.,The new limits are: branching ratio < 0.28 fb for both states,True,0.3784673,0.005602419376373291,0.07792764902114868,0.061031192541122437,0.0037190020084381104,-0.004646375775337219,-0.43526363,0.18807687,0.6233405,middle
309,2,The text expects a specific numerical bound for b.,,False,0.3784673,,,0.061031192541122437,,,0.91348433,0.95149314,0.038008798,unanchored
310,0,The text suggests a rhetorical question about the attribution of illnesses and deaths to insects.,"""While many illnesses and injuries observed in cows are certainly attributed to insects... Just how many cases of illness or death can be attributed""",True,0.19366105,2.695620059967041e-05,0.01740686595439911,0.011087195947766304,-0.0012176567688584328,-0.0021746885031461716,0.98599976,0.99162614,0.005626408,middle
310,1,The text implies a broader statistic or mystery about health causes.,suggests a rhetorical question implying a broader statistic or mystery about health causes,True,0.19366105,0.0057463496923446655,0.005932018160820007,0.011087195947766304,0.001037146896123886,0.0012226495891809464,0.95669144,0.962448,0.005756556,middle
310,2,The text continues a pattern about hidden benefits.,continuing a pattern about hidden benefits,True,0.19366105,0.0025687217712402344,0.001528218388557434,0.011087195947766304,-0.0010350262746214867,-0.00016674213111400604,-0.50067455,0.00794482,0.50861937,middle
310,3,"The text expects a completion of the clause with ""directly to pesticide use?"" or ""to pesticide illness is unknown?"".","expecting ""directly to pesticide use?"" or ""to pesticide illness is unknown?",True,0.19366105,0.016945406794548035,0.01752166450023651,0.011087195947766304,0.0017760349437594414,0.001577429473400116,0.117108285,0.15144493,0.034336645,last
311,0,The article aims to boost the platform's popularity.,"covering climate facts, listing facts about biology to boost the platform's popularity.",True,0.14712298,0.003644391894340515,0.006618231534957886,0.07191231846809387,-0.008209720253944397,-0.005204014480113983,-0.00044453391,0.00026356606,0.0007081,first
311,1,The text signals a closing action prompt.,"The paragraph ending ""Now that we have given you the link to the video all about the human brain and coronavirus myths watch the video below and"" signals a closing action prompt",True,0.14712298,0.002873465418815613,0.0543057918548584,0.07191231846809387,-0.0025276392698287964,0.19014331698417664,0.50372875,0.5182302,0.014501436,middle
311,2,The explanation mentions a second resource.,Watch the video below and check out everything below and click the link above.,True,0.14712298,0.0026884078979492188,0.0356576144695282,0.07191231846809387,0.03137366473674774,0.052031658589839935,0.8486152,0.8523523,0.00373711,last
312,0,The sentence suggests a specific example or outcome.,"""Now in case of driving training with simulator you can actually examine the effects of driving occasions. As lengthy times studying with driving""",True,0.29662016,0.028557628393173218,0.03506919741630554,0.09220662713050842,0.09946192800998688,0.0548730343580246,0.5179926,0.7456143,0.22762169,middle
312,1,The text implies the sentence continues about negative results from simulations.,mirrors a pattern suggesting a specific example or outcome,True,0.29662016,-0.004665642976760864,0.0044449567794799805,0.09220662713050842,0.012587055563926697,0.0008088946342468262,-0.97368956,0.010884352,0.9845739,middle
312,2,"The final token ""driving"" is part of a comparative clause structure.",,False,0.29662016,,,0.09220662713050842,,,0.9696674,0.98187137,0.012204016,unanchored
313,0,The paragraph introduces a checklist item for Bluetooth connectivity verification.,"""Step 2: Verify Bluetooth Connectivity - Ensure Location Mode is On""",True,0.18289617,0.0005733966827392578,-0.0013430416584014893,0.057381413877010345,-0.005605779588222504,0.01475398987531662,0.6794163,0.79429287,0.1148766,middle
313,1,"The explanation mentions verifying ""Motion Sensing is Enabled.""",,False,0.18289617,,,0.057381413877010345,,,0.9942083,0.9968002,0.0025919278,unanchored
313,2,The explanation includes a prompt to verify another setting.,"""Ensure Motion Detection is""",True,0.18289617,-1.1280179023742676e-05,-0.001993045210838318,0.057381413877010345,0.0024417415261268616,-0.006225615739822388,0.09609406,0.10128408,0.005190022,middle
313,3,"The final token ""is"" ends an incomplete clause about Motion Detection settings.",,False,0.18289617,,,0.057381413877010345,,,0.97970575,0.9887587,0.009052952,unanchored
314,0,The sentence suggests hypocrisy or defiance of faith.,suggests an ironic or contradicting clause about hypocrisy or defiance of faith,True,0.40400332,0.012338876724243164,-0.012435674667358398,0.5789341926574707,0.01779276132583618,0.0193212628364563,-0.07434529,0.36650681,0.4408521,middle
314,1,The text implies a contrast between declared beliefs and actions., a contrasting sinful behavior or lifestyle,True,0.40400332,0.020767658948898315,0.00726887583732605,0.5789341926574707,-0.005437135696411133,-0.048566460609436035,0.9928351,0.9958242,0.0029891143,middle
315,0,The paragraph cites a UN report listing development projects.,"is citing a UN report listing development projects, offering a specific numeric list of programs.",True,0.3465534,0.02648255228996277,0.03687846660614014,0.3950924873352051,0.05852419137954712,0.14098435640335083,0.0010402156,0.004388946,0.0033487305,middle
315,1,The text mentions Conservation International's Seed Funds.,"International relief organization Conservation International has donated more than $25 million of its Seed Funds toward humanitarian aid programs,",True,0.3465534,0.004501998424530029,0.02242588996887207,0.3950924873352051,0.07800805568695068,0.08412045240402222,-0.19608574,0.010471353,0.2065571,middle
316,0,The product description uses a classic phrase structure for dual functions.,"""This two-in-one product cleans and lubricates""",True,0.2693356,0.010657340288162231,0.02034062147140503,0.0032663261517882347,0.00018185656517744064,0.0006676004268229008,0.9848247,0.9907856,0.0059608724,middle
316,1,The explanation expects a specific completion for the compound verb.,"strongly expecting ""ates"" or ""ates oil for全身"" or ""ates one at a time""",True,0.2693356,0.003480881452560425,0.007383137941360474,0.0032663261517882347,-0.0002720113843679428,-0.0005203057080507278,0.961796,0.978693,0.016896999,last
317,0,The sentence describes protection and raising awareness about child sexual abuse impacts.,"mirrors a standard definition clause, establishing a list describing protection and raising awareness about child sexual abuse impacts.",True,0.25332847,0.021723240613937378,0.02369639277458191,0.06342539191246033,0.00025665760040283203,-0.0015012510120868683,0.8081788,0.8206643,0.012485491,middle
317,1,"The text ends with an incomplete participle clause expecting ""abused"" or similar.","strongly expecting ""abused"" or ""harmed"" or ""affected by abuse"" or similar.",True,0.25332847,0.059435904026031494,0.0024129748344421387,0.06342539191246033,0.13772669434547424,0.04788628965616226,0.8997324,0.9417407,0.042008277,last
318,0,The article establishes a rising narrative around smart home security and privacy.,British news magazine tone piece establishes a rising narrative around smart home security and privacy,True,0.21990079,4.236400127410889e-05,0.000294417142868042,0.03243103623390198,0.00024159252643585205,-0.007169419899582863,0.0030699451,0.003781084,0.0007111387,first
318,1,The explanation mirrors the argument that compromising brain implant networked codes translates to control.,the idea of the brain's internet being hacked is similarly chilling. If data stored within the mind could be hacked...,True,0.21990079,0.0012187808752059937,0.0021123290061950684,0.03243103623390198,0.00034369155764579773,0.00010807067155838013,0.99002427,0.99190944,0.0018851489,middle
318,2,The text strongly expects a consequence after the conditional scenario.,the very data could be accessed.,True,0.21990079,0.0012304484844207764,-0.002837240695953369,0.03243103623390198,0.0004211403429508209,-0.00370665080845356,0.98627925,0.99100494,0.0047257035,last
319,0,The sentence structure indicates a list or definition of subtypes or metrics,"""Serial prospective studies evaluated recurrence pattern (criteria for relapse) and quantitative scoring of episodes""",True,0.16949394,0.007177487015724182,0.02391865849494934,0.18645049631595612,0.017932087182998657,0.058626726269721985,0.9765539,0.9855511,0.008997187,middle
319,1,The final token opens a parenthetical term mid-sentence,"""recurrence ( """,True,0.16949394,0.002699911594390869,-0.0008363723754882812,0.18645049631595612,-0.029823198914527893,-0.032960861921310425,0.96099436,0.9776523,0.016657965,last
320,0,The sentence structure mirrors earlier patterns.,"""This course examines how coloniality shapes (in)visibility and mobility and German (auto)immigrants' (non...) spatial practices"" mirrors earlier patterns,",True,0.29553336,0.004684329032897949,0.022693872451782227,0.0013170300517231226,0.000774523476138711,0.000253171194344759,0.9660894,0.9736181,0.007528641,middle
320,1,The explanation describes a repeated parenthetical term.,"Final token "" ( "" opens a repeated parenthetical term ""German (non) mobility and bodily ("", directly continuing the pattern",True,0.29553336,0.08501419425010681,0.25603801012039185,0.0013170300517231226,0.0008369332645088434,-0.00017110747285187244,0.9737852,0.9863977,0.012612453,last
321,0,The explanation mentions the Mayo Clinic as a source.,"Medical reference article from Mayo Clinic explains cardiac echo tests,",True,0.16238639,0.005074933171272278,0.0202777236700058,0.09413696825504303,-0.011690229177474976,0.002314634621143341,-6.767572e-05,0.00026110446,0.00032878018,first
321,1,The text describes the pattern of concluding with a question.,"now concluding with a final question about additional reasons or a second test scenario for the echo procedure,",True,0.16238639,0.006998330354690552,0.011588484048843384,0.09413696825504303,0.0025378018617630005,0.025063946843147278,0.9328839,0.9655173,0.032633353,middle
321,2,"The explanation refers to an incomplete clause ending with ""need"".","Final token ""need"" ends an incomplete clause (""You might also need""",True,0.16238639,0.0029464364051818848,0.28942355513572693,0.09413696825504303,0.0028336718678474426,0.127432182431221,0.96175843,0.98011315,0.018354686,last
322,0,The text is about a sermon on anger and emotional warfare.,presenting a sermon excerpt about anger and emotional warfare,True,0.12506424,0.0038162171840667725,0.0028085708618164062,0.20511312782764435,0.008595213294029236,0.022298529744148254,-0.9740446,0.0005004498,0.97454506,first
322,1,The phrase signals a named author or speaker follows.,"""A popular woman's book on spiritual healing, by Joyce"" signals a named author or speaker likely follows",True,0.12506424,0.005819588899612427,-0.00386742502450943,0.20511312782764435,-0.023795276880264282,-0.050434693694114685,0.91326386,0.92352325,0.010259417,middle
322,2,"The final token ""Joyce"" is part of a name or attribution clause.","Final token ""Joyce"" is a proper noun mid-sentence (""Joyce"")",True,0.12506424,-0.000949472188949585,0.04897715151309967,0.20511312782764435,-0.0025484412908554077,0.2665470093488693,0.9858184,0.99043196,0.0046135634,last
323,0,The text discusses a reflective article on language learning/teaching for educators.,"Singaporean tuition writer's reflective article on Language Learning / Teaching, aimed at educators",True,0.18851247,0.012310683727264404,0.09534314274787903,0.21008525788784027,0.02583816647529602,0.08053754270076752,0.30377227,0.3717962,0.06802393,first
323,1,The sentence structure signals an enumerated or reflective clause about tutoring pitfalls or strategies.,"""But the process of exam preparation for a learner often entails more than the usual""",True,0.18851247,0.0018874555826187134,0.002680733799934387,0.21008525788784027,-0.01487460732460022,0.025866717100143433,0.96832097,0.9736441,0.00532313,middle
323,2,"The final token ""usually"" is part of a nominal clause sequence.","Final token ""usually"" is mid-phrase (""the usually"")",True,0.18851247,0.012398838996887207,0.05604398250579834,0.21008525788784027,0.07883600890636444,0.617094412446022,0.9888157,0.9935582,0.0047425083,last
324,0,The paragraph discusses a general monitoring protocol for lithium use in children.,General monitoring protocol for lithium use in children - Specific dosing recommendations vary by age/condition.,True,0.21657963,0.01884639263153076,0.017921999096870422,0.15014712512493134,0.05013112723827362,-0.041080959141254425,-0.9721222,0.011338306,0.9834605,middle
324,1,The explanation anticipates further details or a structured format following the paragraph.,"signals a section structure promising further details or recommendations, likely a table or outlined schedule for lithium initiation and management parameters.",True,0.21657963,0.003179103136062622,0.0068775564432144165,0.15014712512493134,-0.007043600082397461,-0.07482308894395828,0.984011,0.98804104,0.0040300195,middle
324,2,The text suggests a list of management parameters for lithium use in children.,likely a table or outlined schedule for lithium initiation and management parameters.,True,0.21657963,0.017416268587112427,0.004751607775688171,0.15014712512493134,0.034888699650764465,0.0013841837644577026,0.5021597,0.7205386,0.21837889,middle
325,0,The explanation discusses Indian Government policy on 5G spectrum auction rules.,"Indian Government policy news article format with official statements on 5G spectrum auction rules,",True,0.19648826,-0.00038808584213256836,0.09322062134742737,0.0008977261604741216,6.419012788683176e-05,0.0047459875931963325,-0.96332633,0.010736654,0.974063,first
325,1,The sentence structure implies a continuation about compliance or stakeholder criteria.,"The sentence structure ""The Blueprint mandates that the TSPs have to come up with their own investment plan for increasing 5G rollout"" mirrors a second clause about obligations of telecom companies, implying continuation about compliance or stakeholder criteria from private entities.",True,0.19648826,0.009638577699661255,0.049524009227752686,0.0008977261604741216,-7.422675844281912e-05,0.001568505191244185,0.9761065,0.9851976,0.009091096,middle
325,2,The text expects a completion about intellectual property submission or ownership.,"Final token ""TSP"" is mid-phrase (""The TSP""), part of a second clause listing obligations (""The Telecom TSPs are expected...""), strongly expecting ""s are expected to"" or ""s will have to submit/own intellectual property"" completing the obligation clause.",True,0.19648826,0.0035813450813293457,0.8342862129211426,0.0008977261604741216,-5.283579230308533e-05,12.267370859044604,0.0049211527,0.011620175,0.0066990224,last
326,0,A persistent identifier ensures accessibility even if changes in the document's availability.,a persistent identifier ensures accessibility even if the,True,0.19817713,0.010017260909080505,0.0006223917007446289,0.17031988501548767,0.01803264021873474,-0.006634727120399475,0.3088857,0.3672488,0.05836312,middle
326,1,The explanation contrasts document reliability with changes in digital storage or URLs.,"""While access to a document remains reliable even if the availability changes, a persistent identifier ensures accessibility even if the""",True,0.19817713,0.004075586795806885,0.01505310833454132,0.17031988501548767,0.013114780187606812,-0.0007460713386535645,0.9497422,0.9695329,0.019790715,middle
327,0,The explanation discusses a conference paper on teacher education policy contexts.,"Danish academic/educational scholar's conference paper structure with Nordic comparative focus on teacher education policy contexts,",True,0.2532246,-0.0001907944679260254,0.011339962482452393,0.02711813896894455,0.0006391257047653198,-0.001033090054988861,-0.004347699,0.00030097677,0.004648676,first
327,1,The text suggests a concluding clause about changes and incorporation in national systems.,"s a concluding clause continuing about changes and incorporation in national systems,",True,0.2532246,0.007759958505630493,0.007156729698181152,0.02711813896894455,0.00438912957906723,-0.00010814890265464783,0.9761499,0.9808363,0.004686357,middle
327,2,The explanation mentions parallel findings about trends in Nordic countries' internationalization.,implying parallel findings about trends.,True,0.2532246,0.005516409873962402,-0.004472136497497559,0.02711813896894455,-0.0011352337896823883,0.0054951012134552,0.23907822,0.2445528,0.0054745763,middle
328,0,The webpage format is educational and accessible.,"Canadian public health resource webpage format establishes educational, accessible tone around disability rights and mental health supports for youth.",True,0.16016929,0.010921180248260498,-0.0024796128273010254,0.16249334812164307,0.013115376234054565,-0.0019433945417404175,0.89583373,0.8966018,0.00076805946,first
328,1,The text implies a list or link section follows.,"The phrase ""A resource page about accessible voting for people with disabilities – including information about voting access guides, ballots, and voting rights"" implies a list or link section follows,",True,0.16016929,0.0038420408964157104,0.035280391573905945,0.16249334812164307,0.03936326503753662,0.07499036192893982,0.9335967,0.9368909,0.0032942425,middle
328,2,"The final token ""rights. "" closes a resource description clause.",,False,0.16016929,,,0.16249334812164307,,,0.44954833,0.5224652,0.07291689,unanchored
329,0,The text describes a format for a parental/teacher information leaflet.,"Parental/teacher information leaflet format with a school curriculum introduction,",True,0.18514177,0.003873199224472046,0.004593119025230408,0.11168815195560455,0.015975192189216614,0.008128494024276733,-0.004495439,0.00878917,0.013284609,first
329,1,The explanation signals an upcoming description of curriculum components.,,False,0.18514177,,,0.11168815195560455,,,0.011015221,0.014646911,0.0036316903,unanchored
329,2,The explanation indicates the curriculum is based on the National Curriculum.,The curriculum is planned in accordance with the statutory framework of the National Curriculum.,True,0.18514177,-0.0042806267738342285,0.014789164066314697,0.11168815195560455,-0.0020394474267959595,0.008655846118927002,0.00012637454,0.0016816031,0.0015552286,middle
330,0,"The paper titled ""E-commerce supply chain risk behavior cognition"" presents a research framework.","professional paper titled ""E-commerce supply chain risk behavior cognition"" presents a research framework",True,0.2644894,-0.0029417574405670166,0.004964649677276611,0.010855779983103275,0.00018974021077156067,0.003627118654549122,-0.58945477,0.0031961577,0.59265095,first
330,1,"The sentence ""This paper first explains the connotation"" indicates a two-part framework introduction.",,False,0.2644894,,,0.010855779983103275,,,0.9559286,0.97090316,0.014974545,unanchored
330,2,"The phrase ""The paper connotation"" is incomplete and expects continuation.","The paper connotation "" explored the connotation,"" immediately expecting continuation",True,0.2644894,0.03490966558456421,0.012757211923599243,0.010855779983103275,0.01503495778888464,0.00983866024762392,0.07054919,0.114152476,0.04360329,last
331,0,The text describes a format for MP3 torrent ratings with metrics.,"Internet/math puzzle game format with metrics for MP3 torrent ratings, listing stats like",True,0.25130588,-0.012312963604927063,0.014512330293655396,0.06379483640193939,-0.008741989731788635,0.019234925508499146,-0.9973488,0.00028850362,0.9976373,first
331,1,"""One metric: Enthusiasm"" introduces a new metric.",,False,0.25130588,,,0.06379483640193939,,,-0.047353506,0.07027125,0.11762476,unanchored
331,2,"The explanation expects the metric ""Enthusiasm"" to be defined.",,False,0.25130588,,,0.06379483640193939,,,0.05477728,0.06357443,0.008797154,unanchored
332,0,The sentence signals a concluding clause.,"""As institutions prepare for the upcoming flu season, it's important for us all to make healthy""",True,0.14594086,-0.0045777857303619385,0.016506806015968323,0.04743054136633873,-0.0023445114493370056,0.013809431344270706,0.9707122,0.9797086,0.008996409,middle
332,1,The text implies individual behavior and public health recommendations.,it's important for us all to make healthy,True,0.14594086,-0.0011899471282958984,0.010669425129890442,0.04743054136633873,0.0032628625631332397,0.008025579154491425,0.9936796,0.995568,0.0018884102,middle
333,0,Bones require blood for health,"""Your bones need blood to stay healthy""",True,0.31130505,-0.008358508348464966,0.03887289762496948,0.007161843124777079,-0.006186155485920608,-0.006859667657408863,0.98706347,0.9892063,0.0021428515,middle
333,1,Cells need blood for nutrients and health,Cells need blood to get nutrients and stay healthy,True,0.31130505,0.0006721615791320801,0.014236748218536377,0.007161843124777079,-0.0032637317199259996,-0.001542411744594574,0.8846025,0.8894941,0.0048916414,last
333,2,Kidneys need blood flow,"""That's why kidneys need blood flow.""",True,0.31130505,0.0034591853618621826,-0.0023823976516723633,0.007161843124777079,0.003330965992063284,0.01727920351549983,-0.20540497,0.042305987,0.24771096,last
334,0,The explanation describes the structure of a British newspaper article.,"British newspaper article structure: science magazine report with clear sections explaining optical illusions, with factual detail about pendulum experiments.",True,0.30331883,0.02249041199684143,0.11578530073165894,0.07373004406690598,0.10088341683149338,0.07471159845590591,-0.9887995,0.0010532209,0.9898527,first
334,1,The explanation mentions a historical analogy with St Paul's Cathedral.,Another example is the acoustic resonance in the Whispering Gallery in St Paul's Cathedral,True,0.30331883,0.0010176599025726318,0.0014499127864837646,0.07373004406690598,-0.03431179001927376,-0.042116813361644745,0.99646986,0.9978067,0.0013368623,middle
334,2,The explanation notes the incomplete parenthetical citation.,"expecting continuation like ""in London,"" or ""in which visitors can hear whispered words.""",True,0.30331883,0.01611846685409546,0.02519911527633667,0.07373004406690598,0.008099198341369629,0.10412345081567764,0.9723988,0.9815361,0.009137264,last
335,0,A drooping mouth or lips appearing downward can make your skin look permanently sad or frownish,"""A drooping mouth or lips appearing downward can make your skin look permanent sad or frownish - like you are""",True,0.20773128,0.009255975484848022,0.02297767996788025,0.10332927852869034,0.008269697427749634,0.039614222943782806,0.0053315973,0.014509427,0.00917783,middle
335,1,The text uses a simile comparing worried facial expressions with expressions of sadness or sorrow,using a simile comparing worried facial expressions with facial expression of sadness or sorrow,True,0.20773128,0.006008550524711609,0.024666205048561096,0.10332927852869034,0.0036167502403259277,0.050048910081386566,0.98507684,0.99160343,0.006526598,middle
336,0,The workflow generates FPGA code from MATLAB models.,The workflow demonstrated generating FPGA code from MATLAB models and then deploying those designs onto an FPGA board.,True,0.41686708,0.0073664188385009766,0.007995933294296265,6.596819002879784e-05,-4.764515324495733e-06,1.3619348464999348e-05,-0.061642155,0.054302268,0.11594442,middle
337,0,The article focuses on dog behavior and emotional development.,focusing on dog behavior and emotional development.,True,0.21781126,-0.0005336254835128784,0.002169176936149597,0.15686531364917755,-0.013989612460136414,-0.029742419719696045,0.9511447,0.96779656,0.016651861,first
337,1,The sentence implies a concluding phrase about the dog's environment.,implies a concluding phrase about the dog's environment and human world,True,0.21781126,0.0015976130962371826,0.004319638013839722,0.15686531364917755,-0.022937119007110596,-0.023368269205093384,0.95649177,0.97508055,0.018588798,middle
337,2,"The final token ""you"" is part of a clause describing environmental constraints.","inal token ""you"" is mid-phrase (""the world you""), part of a clause describing environmental constraints",True,0.21781126,0.008119702339172363,0.022040754556655884,0.15686531364917755,0.004780083894729614,0.06701892614364624,0.95525175,0.9681875,0.012935767,last
338,0,The platform introduces a curated collection of youth-focused environmental resources around social justice topics.,introducing a curated collection of youth-focused environmental resources around social justice topics.,True,0.12526424,0.007898062467575073,0.006409808993339539,0.07218533754348755,0.00039446353912353516,0.01166728138923645,-0.5821387,0.0012712287,0.58340997,first
338,1,The sentence implies a list pattern of metadata attributes for content features.,"implies a list pattern establishing categories or metadata attributes, promising continuation of descriptive criteria about content features.",True,0.12526424,0.008361130952835083,0.009777486324310303,0.07218533754348755,0.011166676878929138,0.016458123922348022,0.93965787,0.96030146,0.020643564,middle
338,2,"The list of filtering options includes medium, topic, and format.","""filter by topic, medium, format, """,True,0.12526424,0.0036192983388900757,0.0016721785068511963,0.07218533754348755,-0.003286227583885193,-0.0024192631244659424,0.15680906,0.16561192,0.008802862,last
339,0,The explanation describes spinal range of motion and joint mechanics.,Medical/educational anatomy text describing spinal range of motion and joint mechanics,True,0.4101439,0.005240321159362793,0.03310519456863403,0.132461279630661,-0.007945418357849121,0.0004747062921524048,0.98849255,0.9929889,0.0044963164,first
339,1,The explanation lists combined movement capacities.,"the lower spine can flex forward, side bend, and rotation during walking - allowing more forward bend and rotation to occur",True,0.4101439,-0.0024386048316955566,0.008614122867584229,0.132461279630661,0.03948958218097687,0.0765615850687027,0.62371737,0.78823626,0.1645189,middle
340,0,The explanation discusses search results for product listings.,"Search results format with product listing instructions,",True,0.24101932,-0.0010627806186676025,0.007001861929893494,0.12005935609340668,0.001420825719833374,-0.010041020810604095,0.91899335,0.95754385,0.038550504,first
340,1,The advice suggests using multiple keywords for better search results.,"Try using more than one word or keyword(s): If the search is not finding results, try using more than one",True,0.24101932,0.005365476012229919,0.012648507952690125,0.12005935609340668,-0.0003970414400100708,0.0059649646282196045,0.9961643,0.9973117,0.0011473849,middle
341,0,The sentence continues a logical progression about literary phenomena.,"""So the science of psychology discovers plenty of questions which""",True,0.24662103,0.0022489577531814575,0.01570199429988861,0.11122746765613556,-0.022825874388217926,-0.015321522951126099,0.52852434,0.5446047,0.016080372,middle
341,1,"The explanation expects a specific continuation for the final token ""which"".",,False,0.24662103,,,0.11122746765613556,,,0.7692087,0.8138404,0.044631686,unanchored
342,0,The text provides a safety advisory clause.,"""Make sure the fermented pile is fully drying out and keep pets and animals""",True,0.23848909,-0.0019510090351104736,-0.009306773543357849,0.023637086153030396,0.00213535875082016,0.0019643642008304596,0.99557346,0.9973111,0.0017376328,middle
342,1,The text ends with an incomplete list related to safety.,"""keep pets and people and animals""",True,0.23848909,0.004652395844459534,0.013973057270050049,0.023637086153030396,0.005774218589067459,0.001751244068145752,0.98359805,0.9900448,0.0064467136,last
343,0,The text suggests informational or list-oriented content about vintage names.,suggesting informational or list-oriented content about vintage names from 1890.,True,0.2920676,-0.012404799461364746,-0.012846946716308594,0.4152325987815857,-0.07367202639579773,-0.031425654888153076,-0.9584854,0.016385013,0.97487044,first
343,1,"The phrase ""Most Popular Names"" indicates a header or section.","The phrase ""Most Popular Names"" signals a header or related section",True,0.2920676,0.0020128488540649414,0.024270564317703247,0.4152325987815857,0.015866994857788086,-0.026992857456207275,0.6284512,0.68537325,0.056922022,middle
343,2,The text implies a continuation with a scope description.,"strongly expecting continuation such ""For 1890"" or ""in History"" or ""Ranked Babies"" or ""Of the Last 5 Years""",True,0.2920676,5.0067901611328125e-06,0.005491584539413452,0.4152325987815857,-0.02481895685195923,0.24201977252960205,0.9734039,0.9856489,0.012244985,last
344,0,The explanation mentions Einstein's quote about the universe.,"""Einstein's famous question about the mind of God: 'Are the laws of physics perfect ones we can""",True,0.53942096,0.009722113609313965,0.06177395582199097,0.3811023533344269,-0.1063733696937561,-0.21276170015335083,-0.2808768,0.027196597,0.30807337,middle
344,1,The quote is incomplete and expected to be finished.,"expecting ""understand"" or ""never understand"" or ""find"" completing the Albert Einstein's theological question.",True,0.53942096,0.013088107109069824,0.0538521409034729,0.3811023533344269,1.9796132743358612,0.8843179643154144,0.7292912,0.7332768,0.0039855666,last
345,0,The text is an inline academic copyright/formula disclaimer,"""NRC NPTEL documents may be reproduced for noncommercial purposes provided that the following notice is given""",True,0.55782455,0.031130313873291016,0.09898775815963745,6.709094304824248e-05,-6.698810466332361e-06,1.0562034731265157e-05,0.45783296,0.5150909,0.05725792,middle
345,1,The IEEE formatting rule typically includes citing the original work,"""that the original work is cited.""",True,0.55782455,-0.0010257363319396973,5.6624412536621094e-05,6.709094304824248e-05,6.258538633119315e-06,-8.400635124417022e-06,0.07541405,0.09261789,0.017203841,middle
346,0,The text discusses a Soviet astronaut's statements about UFOs.,"Russian military/technical writer with transcript of a Soviet astronaut's statements about UFOs,",True,0.34190503,0.010580718517303467,0.06888613104820251,0.36311858892440796,-0.014961391687393188,0.2354447841644287,0.97735506,0.98829657,0.010941522,first
346,1,The quoted sentence describes a shape that is somewhat similar to a sphere but has odd attributes.,"Then there is another object — it is somewhat similar to a sphere, but...",True,0.34190503,-0.0028482377529144287,0.006387621164321899,0.36311858892440796,-0.0008951723575592041,-0.009140849113464355,0.98946476,0.99413186,0.0046671177,middle
346,2,"The final token ""but"" is part of a contrastive attribute clarification clause.","""it had a shape, but it had certain features, but""",True,0.34190503,0.02085086703300476,0.06647878885269165,0.36311858892440796,0.042156100273132324,0.11180675029754639,0.9480672,0.9670889,0.01902168,last
347,0,"The explanation describes characteristics of skin cancer, specifically melanoma.","describing cancer symptoms using plain language with bullet points listing characteristics of skin cancer, specifically melanoma.",True,0.32999495,-0.014296650886535645,-0.013322651386260986,0.5890669822692871,-0.03478443622589111,0.14467978477478027,-0.9837746,0.0019177581,0.9856924,first
347,1,"The sentence ""Benign (non): A lump or spot that grows slowly. As"" is mid-description of a type of tumor's appearance and behavior.","The sentence ""Benign (non): A lump or spot that grows slowly. As""",True,0.32999495,0.023300766944885254,0.0038169026374816895,0.5890669822692871,0.016009867191314697,-0.04580235481262207,0.54973805,0.60322505,0.053487007,middle
347,2,"The final token ""As"" is mid-clause in a quoted medical definition.","inal token ""As"" is mid-clause in a quoted medical definition (""As the tumor grows... The appearance may change... As"")",True,0.32999495,0.014341026544570923,0.1742134988307953,0.5890669822692871,0.14839905500411987,0.14807403087615967,0.9691629,0.98317343,0.014010527,last
348,0,The text describes Anthrax transmission through mucous membranes.,"""germ-to your eyes,"".",True,0.48459566,0.007600545883178711,0.0026530027389526367,0.021751796826720238,-0.0030596330761909485,-0.0037630796432495117,-0.99416816,0.0021477395,0.9963159,middle
348,1,The text lists potential entry points for Anthrax bacteria.,"""The germ that causes Anthrax can get into your body from the bacteria...",True,0.48459566,0.0012837350368499756,-0.010777056217193604,0.021751796826720238,0.0005474146455526352,-0.0027072038501501083,-0.9339717,0.0018639351,0.93583566,middle
349,0,The text suggests a concluding argument with listed goals.,"""But I work with parents helping students catch up, helping them overcome those math struggles and helping them""",True,0.20204997,-0.001024201512336731,0.011525273323059082,0.17169438302516937,-0.013961151242256165,0.00478750467300415,0.9686687,0.98189044,0.013221741,middle
350,0,The text discusses a UNDP/SWISS programme situation report on poor nutrition.,"Technical/development document format with Technical Assistance document structure, presenting UNDP/SWISS programme situation report for poor nutrition reflecting on poverty and food security.",True,0.3954646,-0.000601649284362793,0.0753517746925354,0.4636927843093872,0.0002008974552154541,0.15365421772003174,0.0010759609,0.00381771,0.0027417492,first
350,1,"The text lists chronic undernutrition, poverty, poor health, and food insecurity as causal factors for food insecurity.","""A combination of chronic undernutrition, poverty, poor health, food insecurity, poor infrastructure...all""",True,0.3954646,0.003954052925109863,-0.016486376523971558,0.4636927843093872,0.029023289680480957,0.038490235805511475,0.97427624,0.984212,0.0099357385,middle
350,2,The text suggests that these factors contribute to a serious multidimensional poverty situation.,,False,0.3954646,,,0.4636927843093872,,,0.8229273,0.8267409,0.0038136444,unanchored
351,0,The sentence implies a second clause listing qualities desired in strain performance.,implies a second clause continuation listing qualities desired in milling behavior or strain performance,True,0.18701951,0.01125788688659668,-0.0021172910928726196,0.07363377511501312,0.024187393486499786,0.011064805090427399,0.9823056,0.98952174,0.0072161625,middle
351,1,"The explanation expects ""quality buds"" or similar to complete the contrasting claim.","strongly expecting ""quality buds"" or ""quantity of crystals"" or ""yield numbers"" or ""healthy bud growth",True,0.18701951,0.10897396504878998,0.006789505481719971,0.07363377511501312,0.22686339914798737,0.04642979055643082,0.7354304,0.7652475,0.0298171,last
352,0,Some activity may be non-steroidal in nature.,Some of the activity may be non-steroidal in nature,True,0.21961424,0.011387646198272705,0.02506469190120697,0.12148524820804596,0.02362009882926941,0.028811991214752197,0.026922168,0.030326352,0.0034041838,middle
352,1,Metabolism can inhibit perceived hormonal activity.,some of the perceived hormonal activity may be inhibited by the metabolism,True,0.21961424,0.00043620169162750244,0.02244839072227478,0.12148524820804596,-0.0035069063305854797,0.018616095185279846,0.008826469,0.010020968,0.0011944986,middle
352,2,Hydroxylation contributes to partial steroid activity or additional effects.,Thus some of its biological activity may be,True,0.21961424,0.002804785966873169,4.76837158203125e-05,0.12148524820804596,0.006723061203956604,0.024845510721206665,0.12590827,0.13972428,0.013816013,middle
353,0,The blog structure includes numbered sections on algorithmic topics using JavaScript array methods.,Moroccan developer technical blog structure with numbered sections listing algorithmic topics using JavaScript array methods,True,0.19685985,0.003031298518180847,0.018734782934188843,0.5926302075386047,0.026227355003356934,-0.1918039321899414,0.0052240565,0.0790623,0.07383824,first
353,1,The explanation mentions interesting facts about TypeScript fundamentals.,interesting facts about TypeScript fundamentals.,True,0.19685985,0.004377618432044983,-0.00324462354183197,0.5926302075386047,0.025595009326934814,-0.058750689029693604,-0.6619045,0.014998616,0.6769031,first
353,2,The pattern includes a second list of topics around data structure/algorithm.,Second list: topics around data structure / algorithm,True,0.19685985,0.0006830990314483643,0.006870433688163757,0.5926302075386047,-0.002631247043609619,0.0014441609382629395,0.026963219,0.034835342,0.007872123,middle
353,3,"The final token ""string: "" expects content about string manipulation or algorithms.","""string: "" closes mid-item in the third topic list (""Data: string: ""), directly expecting content like ""string manipulation"" or ""common string algorithms, palindrome detection""",True,0.19685985,0.12927742302417755,0.2892978936433792,0.5926302075386047,1.197801649570465,2.0014862418174744,0.5950244,0.61144674,0.016422303,last
354,0,The article provides dietary recommendations for pregnant women.,"""Some studies also suggest pregnant women should consume more iodine to boost thyroid health during pregnancy. Additionally, consuming""",True,0.22982956,0.012860193848609924,0.024257346987724304,0.30909299850463867,-0.09443362057209015,0.03555220365524292,0.65173453,0.6627766,0.011042058,middle
355,0,The text introduces a character named J't'l,"""One Faith'n'habitual worker named J't'l""",True,0.43545324,0.0016627311706542969,0.008614510297775269,0.25320547819137573,0.007565319538116455,0.0007379651069641113,-0.71529806,0.13630682,0.8516049,middle
355,1,"The name ""J't'l"" is part of a squished name or title",""" 'd'l"" is mid-squished name (""I'n'l"")",True,0.43545324,0.010852962732315063,0.14712828397750854,0.25320547819137573,0.007658243179321289,0.6462101936340332,0.97517407,0.9856426,0.010468513,last
356,0,The sentence structure mirrors an enumerated statistical comparison pattern.,,False,0.2821908,,,0.8578417897224426,,,0.99517983,0.9972351,0.0020552885,unanchored
356,1,"The final token ""p"" is mid-statistic in a parenthetical comparison clause."," immediately expecting "" = 0.003)"" or "" < 0.05)"" to complete the paired t-test values.",True,0.2821908,0.01872044801712036,0.00513535737991333,0.8578417897224426,-0.26909351348876953,-0.03906899690628052,0.98267317,0.99056834,0.007895142,last
357,0,Technical policy documents define BIM procurement terms.,Technical policy document structure with Global Standards definition of BIM procurement terms,True,0.22806475,0.002542242407798767,0.035285621881484985,0.018560251221060753,0.009797090664505959,0.106820622459054,0.0032389052,0.023918044,0.020679139,first
357,1,Examples illustrate accounting data rules for BIM procurement.,using concrete examples illustrating accounting data rules.,True,0.22806475,0.01338106393814087,0.02624937891960144,0.018560251221060753,0.0002176482230424881,-0.0019332654774188995,-0.13397011,0.013910376,0.1478805,first
357,2,Partial contracts and umbrella contracts capture spend differently.,"For instance, how partial contracts vs. umbrella contracts capture spend against subcontracts under a master agreement",True,0.22806475,0.012724250555038452,0.04471161961555481,0.018560251221060753,0.00311480276286602,0.003692641854286194,0.45351678,0.49022767,0.036710873,middle
357,3,Long-term supply contracts under framework agreements have specific clauses.,clauses for purchases under a master agreement),True,0.22806475,0.0006166398525238037,0.003780350089073181,0.018560251221060753,-0.0012344885617494583,-0.000871485099196434,0.054093342,0.06142911,0.0073357658,last
358,0,The post focuses on resources for multicultural families with a Christian faith.,Bilingual parenting blogger shares practical resources for multicultural families with Christian faith,True,0.11382748,0.0028263404965400696,-0.006376184523105621,0.04669588804244995,-0.0014277808368206024,-0.004927866160869598,0.0026472928,0.0061296388,0.003482346,first
358,1,The post includes four book recommendations related to travel.,Post structure offers four books recommendations around travel.,True,0.11382748,0.0013228878378868103,0.0034719929099082947,0.04669588804244995,-0.0017817877233028412,0.0005622170865535736,0.19293983,0.2780745,0.08513467,first
358,2,"""A Treasury of Multicultural Kids Books: Real Questions & Answers"" is about parenting resources.","""A Treasury of Multicultural Kids Books: Real Questions & Answers"" — establishing a description claim promising content about parenting resources.",True,0.11382748,0.0006254762411117554,0.003570474684238434,0.04669588804244995,-0.0013293102383613586,0.006631392985582352,0.77320355,0.80252117,0.029317599,middle
358,3,"The text continues a book review summary with ""This book: The Mom's Handbook... This"".",This book: The Mom's Handbook... This,True,0.11382748,-0.00047732889652252197,0.01392953097820282,0.04669588804244995,-0.0007280223071575165,0.0017277225852012634,0.06165961,0.1546788,0.093019195,last
359,0,The sentence describes a specific sketching technique for the stem line.,"""To make the 2nd petal shape, I drew the flower shape onto a folded gingham paper and measured up to""",True,0.33720285,-0.01102912425994873,0.010789334774017334,0.047045573592185974,-0.002575300633907318,-0.0016990229487419128,0.8603682,0.9211864,0.0608182,middle
359,1,The instructions include a diagonal cross-cut connection point., up to...starting from the bottom left corner and up to,True,0.33720285,0.028683900833129883,0.04289218783378601,0.047045573592185974,0.0029412060976028442,-0.012716460973024368,-0.048668146,0.045185797,0.09385394,last
360,0,The sentence establishes a second outcome item.,"""This project aims to build capacity for Indigenous-led research methodologies and evaluation frameworks around food security programming for Indigenous health workers"" establishes a second listed outcome item (""capacity building grant"")",True,0.1597789,0.0016510486602783203,0.018692344427108765,0.14200067520141602,0.002891361713409424,0.02806738018989563,0.9812181,0.9894182,0.008200117,middle
360,1,The text implies a second target audience or partnership partner list.,"""This project aims to build capacity for Indigenous-led research methodologies and evaluation frameworks around food security programming for Indigenous health workers"" establishes a second listed outcome item (""capacity building grant""), implying a second target audience or partnership partner list with Indigenous organizations.",True,0.1597789,0.012999624013900757,0.029472559690475464,0.14200067520141602,0.022348538041114807,0.06074540317058563,0.8996119,0.9288052,0.029193265,middle
361,0,The text describes a social media/listicle format.,"Social media/listicle format with SEO article structure listing celebrity gossip posts,",True,0.32971007,0.007963061332702637,0.01601216197013855,0.11555040627717972,0.0008508414030075073,0.01592760533094406,-0.110965356,0.09124233,0.20220768,first
361,1,The text blends humor with product mentions.,blending humor with product mentions and public opinion tracking statistics.,True,0.32971007,-0.0021250247955322266,0.022097885608673096,0.11555040627717972,-0.0030818581581115723,0.001872226595878601,0.010771964,0.011861906,0.0010899425,first
361,2,The explanation describes a satirical mock scenario.,suggesting a quirky social behavior or consumer complaint scenario about Coca-Cola.,True,0.32971007,-0.002653568983078003,0.006126224994659424,0.11555040627717972,0.00045462697744369507,0.032880209386348724,0.045757372,0.049786113,0.0040287413,middle
361,3,"The final token ""open"" is part of an incomplete mock scenario.","Final token ""open"" is mid-list item (""buy a Coke, open""),",True,0.32971007,0.01368105411529541,0.02628949284553528,0.11555040627717972,-0.014565989375114441,0.043832071125507355,0.041294646,0.047368564,0.006073917,last
362,0,The list structure establishes evaluation questions about the piano's condition.,,False,0.13581121,,,0.14811524748802185,,,0.8339983,0.8658463,0.03184795,unanchored
362,1,The list continues with specific mechanical or structural issues.,continuing enumeration of specific mechanical or structural issues with a classic upright piano.,True,0.13581121,0.016635090112686157,0.007728263735771179,0.14811524748802185,0.015200406312942505,0.012948140501976013,0.11109151,0.12580758,0.014716077,middle
363,0,The text discusses day trading and the psychology of entry points.,discussing day trading and the psychology of entry points,True,0.094012894,-0.0023985132575035095,-0.007508829236030579,0.12531240284442902,-0.01728026568889618,-0.00012390315532684326,-0.97474223,0.0002864058,0.97502863,first
363,1,The paragraph structure signals an enumerated list defining trading plan components.,"The paragraph structure ""A trading plan is important to set up your trades each day. The plan includes a stop loss. A plan includes""",True,0.094012894,0.002322375774383545,0.01946522295475006,0.12531240284442902,-0.003974832594394684,0.006723731756210327,0.25228912,0.26272795,0.010438835,middle
363,2,"The explanation continues defining plan components with ""includes.""","Final token ""includes"" follows ""A trading plan includes a plan that includes,""",True,0.094012894,0.0011285990476608276,0.05646281689405441,0.12531240284442902,-0.0037736892700195312,0.03940965235233307,0.98665,0.99107236,0.004422381,last
364,0,The text uses a metaphor suggesting the childcare centre is a second home.,,False,0.21459785,,,0.5930833220481873,,,0.9809609,0.9885754,0.0076144976,unanchored
364,1,The explanation continues the list of benefits with home-like activities.,continuing the list of benefits.,True,0.21459785,0.0024126768112182617,0.007103458046913147,0.5930833220481873,0.04100126028060913,0.08551102876663208,0.32752222,0.33541033,0.0078880945,middle
365,0,The text discusses dietary habits and stress management.,British elderly health/medical writer with informative prose on dietary habits and stress management,True,0.24648266,-0.0016022026538848877,0.020178750157356262,1.345210313796997,-0.012897610664367676,-0.025646686553955078,0.9968635,0.99806684,0.0012033595,first
365,1,The explanation mentions a preference for calming TV programmes.,And for television viewing - preferably avoid violent or exciting programmes but rather a calming nature or music or,True,0.24648266,-0.003469139337539673,0.005790457129478455,1.345210313796997,-0.17880654335021973,-0.10638701915740967,0.9814007,0.98904115,0.0076404363,middle
365,2,The explanation notes an incomplete list of preferred TV programme types.,a peaceful music or a quiet nature or,True,0.24648266,0.009003773331642151,0.0008566081523895264,1.345210313796997,-0.15938901901245117,-0.13117671012878418,0.9893022,0.99188894,0.0025867245,last
366,0,The project involves developing a customized ultra mini housing.,The project design and development of customized ultra mini housing was made by Aeroflex Israel team,True,0.19724992,0.0018756389617919922,0.008215248584747314,0.21052683889865875,-0.007951498031616211,0.03267556428909302,-0.0025084384,0.00015894204,0.0026673805,middle
366,1,Allen incorporated mechanical and electronic solutions.,Allen incorporated all mechanical and electronic solutions.,True,0.19724992,0.0012420862913131714,-0.0007758438587188721,0.21052683889865875,-0.008803963661193848,-0.015561848878860474,-0.0012539488,0.00063622935,0.0018901781,middle
366,2,The R&D team developed the concept & design.,our R&D team developed the concept & design,True,0.19724992,-0.0016678273677825928,-0.0023310333490371704,0.21052683889865875,-0.011534392833709717,0.006739303469657898,-0.48765552,0.0043405546,0.49199608,last
367,0,The sentence provides information about the recruitment process.,,False,0.25878924,,,0.2236640751361847,,,0.9657599,0.9801425,0.014382587,unanchored
367,1,The explanation suggests an expected continuation for the subject count statement.,,False,0.25878924,,,0.2236640751361847,,,0.010527734,0.011701738,0.001174005,unanchored
368,0,The text describes a digital hand painted and die cut art piece,This beautiful with text and hand painted illustration is a digital hand painted and die cut,True,0.37456343,-0.0018993914127349854,0.009769320487976074,0.6170614957809448,0.02909398078918457,-0.1101069450378418,-0.9480219,0.0037479682,0.9517698,middle
368,1,"The product is a combination of text, hand painted illustration, and die cut art",,False,0.37456343,,,0.6170614957809448,,,0.23189175,0.35508674,0.123194985,unanchored
368,2,"The phrase ""a water color and paper cut cut"" is part of a list of art elements",,False,0.37456343,,,0.6170614957809448,,,0.121423386,0.14031011,0.018886723,unanchored
369,0,The sentence structure mirrors a list of symptoms common to depression.,"""When anxiety disorders develop, noticeable changes may include decreased appetite, fatigue, or reduced activity — and other signs such as decreased""",True,0.13138425,0.010135546326637268,0.008625060319900513,0.14723578095436096,-0.024785757064819336,-0.026341989636421204,0.9757027,0.9824996,0.006796904,middle
369,1,"The text expects continuation of observable signs with ""social interaction"" or ""energy levels.""",,False,0.13138425,,,0.14723578095436096,,,0.33945203,0.51632917,0.17687714,unanchored
370,0,The text introduces a new distribution to address the limitations of the classical skew generalized normal distribution.,"""In order to address the shortcomings of the classical skew generalized normal distribution, a new distribution is presented""",True,0.19687465,0.002894103527069092,0.018040552735328674,0.06536846607923508,0.005358479917049408,0.013312108814716339,0.5955611,0.60814583,0.012584741,middle
370,1,The text expects to continue describing the properties or estimation approach of the new distribution.,,False,0.19687465,,,0.06536846607923508,,,0.0031462589,0.0041822265,0.0010359676,unanchored
371,0,The explanation discusses American health/safety article format.,"American health/safety article format with structured sections covering speed limit laws and warnings about railroad crossings, providing informational content about vehicles and equipment.",True,0.26404682,0.011438757181167603,0.03225216269493103,0.17159488797187805,0.022497475147247314,-0.0259324312210083,-0.3620587,0.26542652,0.6274852,first
371,1,The sentence suggests a concluding clause about localized signs or road markings.,"While the signs may not always be required to be posted, certain roads may have restrictions noted on",True,0.26404682,-0.004472106695175171,-0.014963507652282715,0.17159488797187805,-0.021707206964492798,-0.005270436406135559,0.9865585,0.9913368,0.0047783414,middle
371,2,"The final token ""on"" is part of an incomplete advisory clause.",,False,0.26404682,,,0.17159488797187805,,,0.9729055,0.9822204,0.009314875,unanchored
372,0,The sentence discusses a health issue related to testosterone suppression.,"""Another drawback of testosterone suppression, likewise, could incorporate steroid-related weight gain, a condition known as g""",True,0.19304128,-0.0014028549194335938,-0.007181257009506226,0.000279442552709952,8.419557707384229e-05,-8.756817260291427e-05,-0.9903441,0.0031251565,0.99346924,middle
372,1,The explanation suggests the missing word is related to estrogenic symptoms or gender-related fat.,"strongly expecting ""estrogenic swelling"" or ""gender-related fat"" or similar.",True,0.19304128,0.0066404789686203,-0.004611313343048096,0.000279442552709952,-3.057514550164342e-05,-5.307694664224982e-06,0.921206,0.95100975,0.029803738,last
373,0,The text discusses an educational article on essay writing.,Article structure: educational article on essay writing with subsections describing publishing strategies and parts of essays;,True,0.26160467,-0.007571995258331299,0.007484644651412964,0.13350631296634674,0.012333095073699951,0.027507945895195007,-0.078732915,0.005198575,0.08393149,first
373,1,"The text shifts to another topic, ""Book Summary writing.""","the text shifts to another topic (""Book Summary writing"").",True,0.26160467,0.008178919553756714,0.008350223302841187,0.13350631296634674,-0.010381579399108887,-0.005219012498855591,-0.026484335,0.023579122,0.050063457,first
373,2,The sentence suggests a concluding clause with a resource or process description.,"suggests a concluding clause with a resource or process description,",True,0.26160467,-0.003472059965133667,-0.0001589953899383545,0.13350631296634674,-0.004894226789474487,-0.02242480218410492,0.7532082,0.7979632,0.044754997,middle
373,3,"The final token ""easy"" ends mid-sentence expecting ""task"" or ""thing procedure.""","however with suitable materials,"" completing the comparative language context about writing.",True,0.26160467,0.0052346885204315186,0.003402918577194214,0.13350631296634674,0.002113252878189087,0.037734076380729675,0.6562571,0.6969009,0.040643804,last
374,0,The text suggests a concluding resource or link.,"""You may also find useful the following video...""",True,0.16191716,0.011502757668495178,0.0069190263748168945,0.10368724167346954,-0.005453035235404968,-0.01559390127658844,0.944297,0.9585,0.0142030325,middle
374,1,"The final token ""video"" implies an expected continuation.",,False,0.16191716,,,0.10368724167346954,,,0.81197107,0.8211922,0.009221147,unanchored
375,0,The sentence discusses the evaluation of treaty principle enforcement.,"""On the other hand, the interpretation process evaluates the effectiveness of the enforcement of the principles contained in the Treaty provisions""",True,0.17214385,0.006213784217834473,0.008367747068405151,0.04803431034088135,0.008213557302951813,0.0020634233951568604,0.9030623,0.9468078,0.043745518,middle
375,1,The explanation mentions an incomplete clause about treaty interpretation.,,False,0.17214385,,,0.04803431034088135,,,0.2958278,0.33364788,0.037820075,unanchored
376,0,The article discusses cleaning kitchen drains to eliminate bacterial buildup.,"To eliminate bacterial buildup, clean out your kitchen drain regularly.",True,0.19307978,0.0030278414487838745,0.006775110960006714,0.23201611638069153,0.01589977741241455,0.008413568139076233,-0.97937226,0.0028131686,0.9821854,middle
376,1,The text suggests scrubbing all drain pipes to prevent stinking.,"To prevent your pipes from stinking, you should scrub your",True,0.19307978,0.0004192143678665161,-0.0014666467905044556,0.23201611638069153,-0.012401401996612549,-0.014070093631744385,-0.9531265,0.0050675776,0.9581941,middle
376,2,"The final token ""your"" is part of an incomplete phrase expecting a noun.","""your""",True,0.19307978,-0.0022256970405578613,0.03466939926147461,0.23201611638069153,-0.009377270936965942,0.006209194660186768,0.98528844,0.9905065,0.0052180444,last
377,0,The text discusses Indian business in the context of food and nutrition.,"Indian business article tone with marketing/content writer structure discussing Food sustenance and nutritional products,",True,0.3502489,0.020081132650375366,0.010670274496078491,0.16533559560775757,0.018929511308670044,0.004380941390991211,0.96867573,0.9702224,0.001546693,first
377,1,"The sentence ""As India develops as an piece of"" is poorly constructed.","""As India develops as an piece of""",True,0.3502489,-0.00025790929794311523,0.034000784158706665,0.16533559560775757,-0.008615463972091675,0.019933760166168213,0.25933284,0.26976204,0.010429211,middle
377,2,The sentence implies a geopolitical/brand status claim about India.,"""Thus India turns into a piece of""",True,0.3502489,-0.004623591899871826,0.01238328218460083,0.16533559560775757,-0.052955374121665955,-0.008928179740905762,0.95468163,0.96583855,0.011156912,last
378,0,The pattern ends with a bullet list of qualifications and competencies.,"""Experience with data analysis, reporting and documenting systems. Excellent communication and organizational skills required. Strong Technical acumen and Administrative experience. """,True,0.104530804,0.0015301331877708435,0.018988780677318573,0.12229400873184204,0.0028594136238098145,0.018941625952720642,0.78860027,0.8890025,0.10040221,middle
378,1,Another bullet is expected to continue similar professional attributes or close the list.,another bullet expected continuing similar professional attributes or closing requirements clause.,True,0.104530804,-0.0024238526821136475,-0.00490039587020874,0.12229400873184204,-0.0007073283195495605,-0.005722030997276306,0.017751586,0.020626001,0.0028744154,middle
379,0,The text discusses an Indian children's article with educational content.,"Indian children's article structure with educational content about kid coloring pages,",True,0.46146002,-0.000667572021484375,-0.005393564701080322,7.058189392089844,0.15965557098388672,-0.37000322341918945,-0.41691446,0.23094504,0.6478595,first
379,1,The paragraph follows a common cliché phrase about keeping kids busy.,Most of the parents always wants их child to remain engaged in kids activities like educational games,True,0.46146002,-0.012618720531463623,0.012464851140975952,7.058189392089844,-1.8934602737426758,2.0328617095947266,0.92762375,0.9442393,0.016615579,middle
379,2,The explanation expects a completion to a familiar idiom.,"strongly expecting ""some activity"" or ""fun activities"" or ""any constructive work"" or ""some entertaining tasks,""",True,0.46146002,0.031275659799575806,0.016617000102996826,7.058189392089844,1.6798582077026367,-0.33347654342651367,0.9464634,0.96914446,0.022681074,last
380,0,The explanation describes a scientific blog post structure.,Scientific blog post structure: UK newspaper article describing COVID research findings with visual microbiology images showing virus movement inside cells.,True,0.22840305,0.029817774891853333,0.043228939175605774,0.2893192768096924,0.011454671621322632,0.021421968936920166,0.59825486,0.62680817,0.028553326,first
380,1,The sentence establishes a comparison pattern explaining resistance findings.,"The sentence ""The experiments found that while the virus infected lung cells the host cells were very sensitive to infection, but other cell types including immune cells were not susceptible"" establishes a comparison pattern explaining resistance findings",True,0.22840305,0.006256595253944397,0.09120093286037445,0.2893192768096924,0.034746527671813965,0.665067732334137,0.98723537,0.9912588,0.0040234504,middle
380,2,"The final token ""susceptible"" ends mid-clause, strongly expecting a continuation.","Final token ""susceptible"" ends mid clause (""but the viruses themselves were not susceptible...so the Human cell lines tested were not susceptible""), strongly expecting a continuation like ""to infection"" or ""to the virus"" or ""to the experiment."" or ""to acquiring infection,"" completing the scientific conclusion.",True,0.22840305,0.04323239624500275,0.21589402854442596,0.2893192768096924,-0.02152600884437561,-0.18008814007043839,0.90553933,0.92390794,0.018368619,last
381,0,Research has proven that children with dyslexia have abnormal brain patterns,"""Research has proven that children with dyslexia have abnormal brain patterns""",True,0.14468004,0.0024010837078094482,0.024976208806037903,0.002821017522364855,0.0005545578896999359,0.0013877833262085915,0.27113435,0.31371573,0.042581376,middle
381,1,"In children with ADHD, their brains show no visual processing","their brains show no visual processing,",True,0.14468004,0.004146069288253784,0.0011024028062820435,0.002821017522364855,0.00017245975323021412,0.00016193627379834652,-0.005002966,0.015652863,0.02065583,last
382,0,The sentence describes a process of quality control and collaboration.,implies a clause about quality control and collaboration feedback process,True,0.14620195,-0.001080334186553955,0.003323853015899658,0.13417977094650269,-0.02470611035823822,-0.0019239187240600586,0.9661291,0.968544,0.002414889,middle
382,1,The final product specifications are the goal.,suggesting a completion about achieving the desired final product specs or design approval,True,0.14620195,0.001810416579246521,0.002567589282989502,0.13417977094650269,0.007667034864425659,-0.0014223605394363403,0.004257381,0.005286161,0.0010287798,middle
383,0,The text discusses morphological and biochemical characteristics of a plant endocarp.,"Scientific巴西ian paper structure with Portuguese language describing morphological characteristics of a plant endocarp,",True,0.1371704,0.0068602412939071655,0.07626104354858398,0.0699235126376152,-0.0016124770045280457,0.015223562717437744,0.8758054,0.93639493,0.060589544,first
383,1,Biochemical analyses revealed flavonoid and phenolic compounds in the grain cell walls.,"Biochemical analyses revealed flavonoid and phenolic compounds present in the grain cell walls,",True,0.1371704,0.0034753084182739258,0.009118080139160156,0.0699235126376152,0.006817586719989777,0.010592646896839142,-0.19575663,0.0012805113,0.19703715,middle
383,2,FTIR and SEM were used to detect lipid lamellae.,lipid lamellae detected by FTIR and SEM.,True,0.1371704,0.006337746977806091,-0.0012493282556533813,0.0699235126376152,0.008152909576892853,0.012385405600070953,0.00064328464,0.001981249,0.0013379644,middle
383,3,Some structures showed absence of chloroplasts and cytoplasmic organelles.,Some structures showed absence of chloroplasts and cytoplasmic organelles.,True,0.1371704,0.0005060583353042603,-0.0040594786405563354,0.0699235126376152,-0.00020969659090042114,-0.00012803822755813599,0.006415765,0.008228666,0.0018129016,last
384,0,The text describes an Indian tech blog format.,,False,0.16328333,,,0.0001937828492373228,,,-0.041575685,0.024047187,0.06562287,unanchored
384,1,The text provides a tutorial pattern using a quoted Python installation image.,establishing a tutorial pattern using a quoted Python installation image.,True,0.16328333,-0.0028410106897354126,0.0012731552124023438,0.0001937828492373228,-3.096211003139615e-05,-2.3132539354264736e-05,-0.013636842,0.004578704,0.018215546,first
384,2,The text begins with a code-block linking to Python installation instructions.,"""To start installing Python, visit the official site: https://www.python""",True,0.16328333,0.0008379369974136353,-0.008929550647735596,0.0001937828492373228,-1.6737758414819837e-06,-4.182469274383038e-05,0.33695215,0.48969233,0.15274018,middle
384,3,"The explanation expects the URL to continue with ""/install"" or similar.",,False,0.16328333,,,0.0001937828492373228,,,0.5283125,0.54968876,0.02137628,unanchored
385,0,The text discusses a blog post structure involving personal anecdotes and climate policy education.,"Blog post structure: student essay blog documenting racial stereotypes, using personal anecdotes to extort evidence about climate policy education's effectiveness.",True,0.27384168,0.004034072160720825,0.0755625069141388,0.00630733510479331,-0.0005682199262082577,-0.004095038864761591,-0.08102389,0.009058819,0.090082705,first
385,1,"The sentence ""While other reports, like the CDCs report, finds buy-in lacking..."" shifts to a citation critique.",,False,0.27384168,,,0.00630733510479331,,,0.40520492,0.4233851,0.018180199,unanchored
385,2,The second claim in the sentence implies an argument or evidence about the study's methodology or findings.,,False,0.27384168,,,0.00630733510479331,,,0.95024645,0.9704264,0.020179933,unanchored
385,3,"The final token ""pro"" is part of a citation context clause.",,False,0.27384168,,,0.00630733510479331,,,0.90895617,0.9391754,0.03021924,unanchored
386,0,The text uses a figurative comparison about children's misconceptions.,"""Kids think pain goes away, like things on cartoons""",True,0.21301973,0.005242392420768738,0.02795456349849701,0.17046396434307098,-0.013715282082557678,0.11489419639110565,0.99487764,0.99714357,0.00226592,middle
386,1,The explanation suggests the continuation with specific examples or humorous illustrations.,suggesting continuation with specific examples or humorous illustration,True,0.21301973,0.004613861441612244,-0.002704530954360962,0.17046396434307098,-0.0031744390726089478,-0.017302364110946655,0.0042588757,0.0048176497,0.00055877375,middle
387,0,The phrase suggests a Java textbook implementation context.,"suggests a named package or Java class library reference, likely a Java textbook implementation context",True,0.21235965,0.00952698290348053,0.02368442714214325,0.1813255250453949,0.12796634435653687,0.17197063565254211,0.99107194,0.99318177,0.00210985,middle
387,1,The phrase implies a referenced project or software framework.,implying a referenced project or software framework,True,0.21235965,0.0010182857513427734,0.0006494820117950439,0.1813255250453949,-0.0024029165506362915,0.044779613614082336,0.9280646,0.9592793,0.031214707,middle
387,2,"The final token ""net"" is part of a package name.","Final token ""net"" is mid-sentence ("" package net""",True,0.21235965,0.003784656524658203,0.17045195400714874,0.1813255250453949,0.00568622350692749,0.6593100130558014,0.97956187,0.9888576,0.009295758,last
388,0,The text contains a poetic or ironic aside.,"""And there is also quite a strange rejection of the red dress, however, often considered one of the most amazing""",True,0.28098306,-0.0016134679317474365,0.030029654502868652,0.2228308767080307,0.019353091716766357,0.061812058091163635,0.9093928,0.9259265,0.016533758,middle
388,1,The sentence ends with an incomplete noun phrase.,"""amazing"" ends an incomplete noun phrase (""some of the most amazing"")",True,0.28098306,0.020245760679244995,0.12971454858779907,0.2228308767080307,-0.013569936156272888,0.1254853755235672,0.93010324,0.9644303,0.034327038,last
389,0,The sentence implies a hopeful prognosis about the Park's status.,implies a closing clause completing the hopeful prognosis about Park status and conservation outcomes.,True,0.13173833,0.0031212717294692993,-0.001920446753501892,0.006445789709687233,0.0001890677958726883,-0.000613432377576828,-0.24672806,0.29012638,0.53685445,middle
389,1,The text expresses a concern about the Park's fate.,,False,0.13173833,,,0.006445789709687233,,,0.9924858,0.9958335,0.0033476802,unanchored
390,0,The activity involves listening and sound recreation,listen to your shake mixing sounds. Can you recreate sounds,True,0.3090692,0.016408294439315796,0.005430728197097778,0.3101550340652466,0.0684659481048584,0.004698723554611206,0.9960106,0.9972319,0.0012212871,middle
390,1,The activity includes a comparison or guessing game,,False,0.3090692,,,0.3101550340652466,,,0.0358249,0.041909955,0.006085056,unanchored
391,0,The text describes an educational product listing with a DIY format.,"Educational product listing with playful DIY product format,",True,0.3296661,-0.0006369054317474365,-0.004243582487106323,1.1834837465585224e-07,2.986411118399701e-11,6.212275138750556e-11,0.98435336,0.99117017,0.0068168263,first
391,1,The product description blends STEM toy description with product specs.,blending STEM toy description with product specs and,True,0.3296661,0.0032745003700256348,0.0046765804290771484,1.1834837465585224e-07,1.433164698028122e-11,3.5640823625726625e-11,0.9736063,0.9814363,0.0078300005,first
391,2,The explanation mentions a standard tech product description of a Microbit's sensor suite.,"The LEGO® Brick Arduino Nano has speaker, light sensor, touch, transmit and receive",True,0.3296661,0.020820051431655884,0.06808927655220032,1.1834837465585224e-07,-1.1921988657404015e-07,-1.1875244601555757e-07,0.6959181,0.8382643,0.1423462,middle
391,3,The text expects the enumeration to continue with specific hardware attributes.,closing the Microbit feature claim.,True,0.3296661,,-0.003016561269760132,1.1834837465585224e-07,,2.383485124823892e-07,0.9211278,0.94459116,0.023463354,last
392,0,The text discusses a product description for a Hot Wheels Battlesuit Toyline.,Product description with bold marketing copy celebrating theatches from the Hot Wheels Battlesuit Toyline,True,0.305862,-0.004292160272598267,0.002819657325744629,0.017446478828787804,-0.0019242474809288979,0.01721779815852642,-0.9993,3.9264403e-05,0.9993393,first
392,1,"The phrase ""This throne-busting Regal Superman Snowboarder (item number) and More...There"" suggests a product details section.","The phrase ""This throne-busting Regal Superman Snowboarder (item number) and More...There"" suggests a product details section or listing",True,0.305862,0.00514569878578186,0.024080365896224976,0.017446478828787804,0.006419504061341286,0.007021591067314148,0.18196663,0.23054603,0.0485794,middle
392,2,"The final token ""There"" is part of a numbered or quoted product description clause.","Final token ""There"" is mid-sentence (""There...""), part of a numbered or quoted product description clause",True,0.305862,-0.006100356578826904,0.929790198802948,0.017446478828787804,-0.004004335962235928,13.591244736686349,0.8897103,0.9119686,0.022258298,last
393,0,The explanation describes a process for sharing written work.,Educational/academic writing advice format with personality and concrete steps encourages student goal-setting about sharing written work.,True,0.22249067,0.002882525324821472,-0.0006306767463684082,0.2573806643486023,0.034983932971954346,-0.01839354634284973,0.99582857,0.99750817,0.0016795765,first
393,1,The sentence structure mirrors the described process.,,False,0.22249067,,,0.2573806643486023,,,0.98420477,0.98741573,0.003210978,unanchored
393,2,"The final token ""read"" continues the action sequence.",,False,0.22249067,,,0.2573806643486023,,,0.7412835,0.74532664,0.0040431567,unanchored
394,0,The explanation describes the structure of an academic paper.,"Academic paper structure: abstract defining a learning task with formal machine learning terminology, establishing a framework around metric learning for relational/categorical data.",True,0.2959075,-0.0010995566844940186,0.015634119510650635,0.1762600839138031,-0.028069153428077698,0.024370253086090088,-0.80426526,0.00696389,0.81122917,first
395,0,British art magazine explores traditional folk song history,"British art magazine prose style with poetic imagery and cultural celebration, exploring traditional folk song history",True,0.102121115,0.03138856589794159,0.01876535266637802,0.11881551146507263,0.0003474131226539612,0.015695661306381226,0.005518984,0.0063828025,0.0008638184,first
395,1,Folklore preserves a sense of community and heritage,"these tales preserve a sense of community and heritage, giving people a sense of belonging and",True,0.102121115,0.008153699338436127,0.004821397364139557,0.11881551146507263,0.052834734320640564,-0.001986280083656311,0.95907116,0.96019983,0.0011286787,middle
396,0,The sentence establishes a contrast/comedy pattern,"""While winter is Water's dormant season, it's also her busiest — that's when most birds are busiest""",True,0.13505687,0.00801156461238861,0.0016052573919296265,0.05977006256580353,0.006317920982837677,-0.0006724856793880463,0.9382782,0.95063686,0.01235868,middle
396,1,"The text strongly expects ""season"" or ""time for activity"" to follow",,False,0.13505687,,,0.05977006256580353,,,0.9278253,0.9624224,0.0345971,unanchored
397,0,The text discusses literary theory's cultural dread and nihilism.,discussing literary theory's growing cultural dread and nihilism,True,0.16203205,0.0023995786905288696,-0.0022744834423065186,0.23798149824142456,-0.007601886987686157,0.01991826295852661,-0.9805582,0.0040395753,0.9845978,first
397,1,The text uses consumer culture as an example of a dominant psychological state.,describing a dominant psychological state of modern civilization,True,0.16203205,0.004794776439666748,0.005167514085769653,0.23798149824142456,-0.01080198585987091,0.025149285793304443,0.9409116,0.9501359,0.009224283,middle
397,2,The sentence structure indicates a critical indictment of consumer culture., describing a dominant psychological state of modern civilization — the example of boredom/overproduction of happiness frames a critical indictment of consumer culture,True,0.16203205,0.007741138339042664,0.01592940092086792,0.23798149824142456,-0.0042287856340408325,0.04649317264556885,0.98136455,0.9837141,0.002349555,middle
398,0,"The text discusses a MMORPG expansion pack called ""Operation Snakebite.""","Game announcement/post format with a guild store listing mechanics for a MMORPG expansion pack called ""Operation Snakebite",True,0.3798072,-0.006251603364944458,0.004001647233963013,0.21436579525470734,-0.008852988481521606,0.008500531315803528,-0.99879473,0.00015163672,0.99894637,first
398,1,The expansion includes 29 missions and new weapon and item features.,This Expansion has 29 total missions along with a bunch of new Weapon and Item features!,True,0.3798072,-0.0026029348373413086,0.014788627624511719,0.21436579525470734,0.006095290184020996,0.025846406817436218,-0.08891614,0.0096214125,0.09853755,middle
398,2,The text suggests a closing list or additional bullet points about store mechanics., suggests a closing list or additional bullet points continuing the section structure about store mechanics or purchase details.,True,0.3798072,-0.0017893314361572266,0.031184107065200806,0.21436579525470734,-0.0042458176612854,-0.004200592637062073,0.38341683,0.42566654,0.04224972,middle
398,3,The explanation expects continuation about store updates or pricing.,"strongly expecting continuation like ""The store system has been updated"" or ""All items and missions now have a specific price.""",True,0.3798072,-0.0032720565795898438,-0.015903711318969727,0.21436579525470734,-0.03108242154121399,-0.07436801493167877,0.3692986,0.37163493,0.0023363177,last
399,0,The sentence describes a physical mechanism for fox control.,"""Domed gates are one-way, allowing animals to enter but not exit, creating a tunnels which allow the animal to""",True,0.25606188,0.022639542818069458,0.017525464296340942,0.48120856285095215,0.11412286758422852,0.09737688302993774,0.46869078,0.73019737,0.2615066,middle
399,1,The explanation implies a reverse escape behavior.,implying a reverse escape behavior.,True,0.25606188,0.005538225173950195,0.001963675022125244,0.48120856285095215,0.014445662498474121,0.023017168045043945,0.9591534,0.9784551,0.01930171,middle
399,2,The sentence ends with an incomplete infinitive clause.,"""to""",True,0.25606188,-0.0001621246337890625,0.002813398838043213,0.48120856285095215,-0.0006884336471557617,-0.01642400026321411,0.8244661,0.91107035,0.08660422,last
400,0,The text discusses a historical argument about cultural history and the humanities in Australian politics.,Academic book review column with Australian historian Tony Taylor setting up a historical argument about cultural history and the humanities in Australian politics.,True,0.17069997,0.017541587352752686,0.005195245146751404,0.011714868247509003,0.008548129349946976,-0.0045910063199698925,0.0042895945,0.010365093,0.0060754986,first
400,1,The paragraph structure sets up an expectation for elaboration on cultural studies's growing scholarly status.,,False,0.17069997,,,0.011714868247509003,,,0.49639648,0.5058912,0.009494718,unanchored
400,2,"The final token ""cultural"" continues the argument about cultural history theories entering academic history.",,False,0.17069997,,,0.011714868247509003,,,0.06648712,0.08308993,0.01660281,unanchored
401,0,The paper focuses on a mid-infrared H2SO4 laser.,Technical optics paper abstract format with scientific figure caption describing a mid-infrared H2SO4 laser,True,0.17835057,0.00045002996921539307,0.0017215311527252197,0.13212357461452484,-0.006042554974555969,0.0009843558073043823,-0.98656327,0.00020235029,0.9867656,first
401,1,The experimental focus is on a specific molecular absorption peak near 1530 nm.,"s a specific wavelength center or spectral region, continuing a stated experimental focus on a particular molecular absorption peak near a center wavelength",True,0.17835057,0.001377299427986145,0.021506190299987793,0.13212357461452484,-0.006659522652626038,0.021765336394309998,-0.92125034,0.00031279417,0.92156315,middle
402,0,The book description follows a pattern of scholarly summaries about writing Hebrew literary studies.,establishing pattern of scholarly summaries about writing Hebrew literary studies.,True,0.28300148,0.0005810558795928955,0.01811954379081726,0.003085967618972063,-0.0005785808898508549,-0.0008113652002066374,0.8446035,0.89029086,0.045687363,first
402,1,The list structure mirrors earlier items with similar themes.,"mirrors earlier items (""definitions of terminology, style, conventions""), with items expected continuing the themes",True,0.28300148,0.023074239492416382,0.013040095567703247,0.003085967618972063,0.00011132098734378815,-0.00038824137300252914,0.04049103,0.042258874,0.0017678449,middle
402,2,"The final token ""phrase"" is part of an enumeration about writing issues.",,False,0.28300148,,,0.003085967618972063,,,0.98092777,0.9861894,0.0052616782,unanchored
403,0,The paragraph structure signals a concluding section or list,,False,0.14681512,,,0.18315622210502625,,,0.19857916,0.22174025,0.023161082,unanchored
403,1,"The final token ""The"" begins a noun phrase mid-sentence",,False,0.14681512,,,0.18315622210502625,,,0.96131396,0.97731256,0.015998611,unanchored
404,0,The text introduces how to detect hypertension.,,False,0.14243923,,,0.07954136282205582,,,0.9505912,0.97179,0.021198798,unanchored
404,1,"The text establishes a pattern of advice, definitions, and facts about regular screening.",,False,0.14243923,,,0.07954136282205582,,,0.9866109,0.99230754,0.005696642,unanchored
405,0,The text describes a Christmas story in Australian children's literature.,Australian children's literature resource format with educational book description listing activities and performance poem for a Christmas story,True,0.18103646,0.0008968561887741089,0.06032377481460571,0.20415088534355164,0.0019870102405548096,0.13333263993263245,-0.0021174136,0.0005567076,0.0026741212,first
405,1,The text includes a verse-play script by Jean Little.,This enjoyable verse-play script by Jean Little includes a suggested performance version of 'The Carnival Tree',True,0.18103646,0.003227517008781433,0.03235393762588501,0.20415088534355164,-0.009138017892837524,0.020555168390274048,-0.005353764,0.0007776168,0.006131381,middle
405,2,The text provides a list of activities.,a list of activities and a suggested word bank,True,0.18103646,-6.51627779006958e-05,-0.0011309236288070679,0.20415088534355164,-0.003498971462249756,-0.010898664593696594,0.8158353,0.8570726,0.04123729,middle
405,3,The text anticipates additional list items.,"""of"" ends an incomplete noun phrase (""a list of"")",True,0.18103646,0.005701571702957153,0.016652077436447144,0.20415088534355164,-0.003171280026435852,-0.017603859305381775,0.97742033,0.97931826,0.0018979283,last
406,0,The explanation discusses a technical discussion on git semantics.,"Usenet technical discussion posting explaining git semantics,",True,0.26450643,0.008227020502090454,0.007537245750427246,0.1493624895811081,0.02414238452911377,0.011166170239448547,-0.9724559,0.0009104203,0.9733663,first
406,1,"The explanation mentions different meanings of ""closedness"" and ""errors"" for the RFC author.","with longish quotes about ""closedness"" and ""errors"" having different meanings for the RFC author.",True,0.26450643,0.001883178949356079,0.022959381341934204,0.1493624895811081,0.00020460784435272217,0.03152237832546234,0.85611224,0.886784,0.0306718,first
406,2,The explanation argues that non-breaking semantic violations are acceptable.,continues an argument defending non-breaking semantic violations.,True,0.26450643,-0.0019209682941436768,0.0089225172996521,0.1493624895811081,-0.012424767017364502,0.0035760998725891113,-0.65183675,0.051771894,0.70360863,middle
406,3,"The explanation expects ""that's"" to be followed by ""still acceptable"" or ""not a violation of the semantic intent.""","strongly expecting ""still acceptable"" or ""not a violation of the semantic intent.""",True,0.26450643,0.05472499132156372,0.026958882808685303,0.1493624895811081,0.5254689604043961,0.25856851041316986,0.016744353,0.03680236,0.020058006,last
407,0,The text refers to a professional accreditation organization.,"""The National Council for Accreditation of Teacher Education (NCATE) has pioneered standards for the""",True,0.10222896,0.0019460171461105347,0.0012654662132263184,0.00025091704446822405,1.4639226719737053e-07,5.841488018631935e-06,0.9824603,0.9875223,0.005062,middle
407,1,The explanation suggests the organization is related to teacher education.,,False,0.10222896,,,0.00025091704446822405,,,0.9944506,0.9957979,0.0013472636,unanchored
408,0,The headline structure is in a news report tone.,"Indonesia media article headline structure with a news report tone,",True,0.34907064,-0.010206073522567749,0.013002395629882812,0.10362203419208527,-0.004676647484302521,0.020721495151519775,0.9869186,0.99074835,0.0038297386,first
408,1,The phrase suggests an Indonesian scholar recognized for an initiative.,implying an Indonesian scholar recognized for his initiative.,True,0.34907064,0.004351317882537842,0.002111375331878662,0.10362203419208527,0.010082840919494629,0.036661550402641296,0.009252671,0.027395176,0.018142505,middle
408,2,"The final token ""MS., "" is mid-sentence and expects a continuation.","Final token ""MS., "" is mid-sentence after ""Nama Arief Suryono, S.Ps., Drs. Subur Sinon., "" — expects a continuation",True,0.34907064,-0.006758451461791992,0.1976393759250641,0.10362203419208527,0.0003810077905654907,0.235415980219841,0.8035822,0.8224015,0.01881934,last
409,0,"The text introduces a numeric range listing age groups starting with ""Pre-K"".","""There are also many preschool math games that cover curriculum from preschool all the way up to grade school age""",True,0.22485547,0.0060710608959198,-0.003968879580497742,0.006316527724266052,0.0027488991618156433,0.0023123137652873993,0.96878207,0.98353505,0.014752997,middle
409,1,The text establishes a continuation pattern about developmental activity content for children.,,False,0.22485547,,,0.006316527724266052,,,0.98668826,0.9925788,0.0058905734,unanchored
409,2,"The final token ""pre-kindergarten"" ends an incomplete range.","""pre-kindergarten"" ends an incomplete range (""from preschool kindergarten"")",True,0.22485547,0.0010689198970794678,0.12071047723293304,0.006316527724266052,-0.000352516770362854,0.032362014055252075,0.8734336,0.93396163,0.06052807,last
410,0,The text discusses behaviors related to concealing skin tone issues.,Some people might avoid wearing clothing that exposes the areas of darkened skin tone.,True,0.2973976,0.014918804168701172,0.028715908527374268,0.16909532248973846,0.0219113826751709,-0.027092397212982178,0.9979443,0.998621,0.00067671866,middle
410,1,The explanation mentions a pattern of explaining behaviors with implied consequences.,Those individuals may also try to hide areas that have uneven skin tone,True,0.2973976,0.005156785249710083,-0.0035751760005950928,0.16909532248973846,-0.012435778975486755,-0.05900461971759796,0.972304,0.9839395,0.011635543,middle
410,2,The text describes behaviors of individuals with hidden darker skin tone.,people who have areas of hidden darker skin tone may have avoided areas with uneven skin tone,True,0.2973976,0.013178050518035889,0.011615872383117676,0.16909532248973846,0.004779696464538574,0.013265833258628845,0.9798413,0.9889492,0.009107907,last
411,0,The final prompt asks about the student's planned impact or contribution.,"""After completing this Reflective Journal, what vision(s) or impact(s) envisioning hope to make""",True,0.16090362,0.0036061257123947144,0.012433633208274841,0.0983056053519249,0.011820390820503235,0.03758469969034195,0.89908004,0.90357804,0.004497979,middle
411,1,The explanation suggests the closing question is about anticipated outcomes or contribution.,implies a final prompt question about anticipated outcomes or contribution,True,0.16090362,0.003668174147605896,0.006080895662307739,0.0983056053519249,-0.012585781514644623,0.0036491528153419495,0.9911439,0.9942931,0.0031492026,middle
412,0,Sickle cell disease causes Hemoglobin disease,Another disorder caused by sickle cell disease is Hemoglobin disease.,True,0.18928303,0.0008534491062164307,0.017033040523529053,0.038090694695711136,0.004415672272443771,0.017477646470069885,0.034730744,0.0823927,0.047661956,middle
412,1,The abnormal shape of sickle cells causes blockages,The abnormal shape of the cells causes blockages.,True,0.18928303,-0.006631404161453247,-0.0018543899059295654,0.038090694695711136,-0.0028403587639331818,-0.014320295304059982,0.0022501994,0.004377269,0.0021270697,middle
412,2,This means cells are not able to flow properly,This means the cells are not able to flow properly,True,0.18928303,-0.0001774430274963379,0.0067625492811203,0.038090694695711136,0.00027658045291900635,-0.0021476484835147858,0.054492116,0.06310829,0.008616174,middle
413,0,The paragraph pattern signals the closing sentence delivers the company's services.,signaling the closing sentence delivers the company's services to contact or perform assessment.,True,0.14058092,0.0021450966596603394,0.005056470632553101,2.3824399249861017e-05,2.120719727827236e-06,1.781819446478039e-05,0.9688575,0.9792788,0.010421257,middle
413,1,The text mentions SER as an incomplete abbreviation.,"immediately requiring ""VIC'S Emergency Restoration team"" or ""ERVPRO can provide our Mold Services""",True,0.14058092,0.01409536600112915,0.009982407093048096,2.3824399249861017e-05,1.7612499505048618e-05,-5.310286724125035e-06,0.96137947,0.98004466,0.018665198,last
414,0,The text mirrors earlier lists with the sentence pattern.,,False,0.43650535,,,0.00010297817789250985,,,0.979966,0.98822856,0.00826256,unanchored
414,1,The text promises a summary of thermostat values.,presenting explanations of gas appliance hazards for a public health audience.,True,0.43650535,0.0036471784114837646,-0.00023230910301208496,0.00010297817789250985,-1.754294498823583e-05,-2.09533391171135e-05,-0.54188603,0.03903336,0.5809194,first
415,0,The text describes a formula or definition pattern for company valuation.,Financial stock calculation format with defined metrics section suggesting quantile or analytical formula for company valuation.,True,0.83011496,0.01245790719985962,0.04327845573425293,2.647914409637451,0.09619569778442383,0.1400315761566162,-0.43305033,0.17424935,0.6072997,first
415,1,"""Current Debt"" defines the company's short-term debt.",Current Debt is company's Short Term Debt.,True,0.83011496,-0.006264090538024902,0.056490421295166016,2.647914409637451,-0.20804333686828613,-0.29928135871887207,0.9590861,0.97723114,0.018145,last
415,2,"The explanation expects a continuation after ""Assets.""","""Assets. "" closes an incomplete definition clause (""Current Debt is company's Short Term Debt. Company's Total Debt.""), strongly expecting continuation like ""It is..."" or ""EVA is sum of these"" or ""The higher the value indicates"" or ""This metric tracks short-term.""",True,0.83011496,0.05360382795333862,0.15453577041625977,2.647914409637451,-0.12824416160583496,0.06146645545959473,0.005313635,0.0064869476,0.0011733128,last
416,0,The text discusses historical movements relating to art and culture.,,False,0.23626387,,,0.002635242650285363,,,0.9781428,0.9841807,0.0060379202,unanchored
416,1,The explanation mentions an incomplete list of historical periods.,,False,0.23626387,,,0.002635242650285363,,,0.94815654,0.9684737,0.020317113,unanchored
417,0,CBD oil is defined as an abbreviation for cannabidiol oil,"""CBD oil, which is an abbreviation for cannabidiol oil and is frequently referred to as hemp oil, is a product produced from hemp plants""",True,0.25218675,0.004520118236541748,0.02537420392036438,0.008979694917798042,9.190477430820465e-05,0.005546318367123604,0.93662333,0.9653505,0.028727153,middle
417,1,CBD oil is produced from hemp plants,is a product produced from hemp plants,True,0.25218675,0.0007722377777099609,0.011802583932876587,0.008979694917798042,-7.832422852516174e-05,-0.0006446344777941704,0.9859752,0.99008113,0.004105943,middle
418,0,The article focuses on autism and Huntington's Disease.,"teen health/medical article focuses on autism and the Huntington's Disease,",True,0.13665332,0.0018611103296279907,0.010194078087806702,0.08828631788492203,-0.0053715333342552185,-0.02312474697828293,-0.9980177,5.0549446e-05,0.9980683,first
418,1,The sentence suggests a list of characteristics.,"There are several characteristics of cystic fibrosis which can vary, some",True,0.13665332,-0.00045089423656463623,0.006140381097793579,0.08828631788492203,-0.00547201931476593,0.0033028647303581238,0.95652735,0.97400475,0.017477397,middle
418,2,"The final token ""some"" is part of a qualification clause.","Final token ""some"" is mid-clause (""some characteristics, some""),",True,0.13665332,0.0046625882387161255,0.023034468293190002,0.08828631788492203,0.04514216631650925,0.0359065979719162,0.9455504,0.96496135,0.019410964,last
419,0,The narrative is described as somewhat chaotic.,narrative is somewhat chaotic but maintaining descriptive Russian prose style.,True,0.28269207,0.00886043906211853,0.0016275644302368164,0.26490500569343567,0.04019173979759216,-0.017620086669921875,0.7228252,0.72758144,0.0047562164,first
419,1,"The sentence ends with ""And he was not overly angry on her heart, although the growing.""","""And he was not overly angry on her heart, although the growing""",True,0.28269207,-0.004514098167419434,-0.00908440351486206,0.26490500569343567,0.026423722505569458,0.04443371295928955,0.44984153,0.46843547,0.01859394,middle
419,2,"The final token ""growing"" is part of an incomplete clause.",part of an incomplete clause describing her emotions,True,0.28269207,0.0036243796348571777,-0.003972500562667847,0.26490500569343567,0.02131122350692749,-0.009725719690322876,0.9735101,0.98481977,0.011309712,last
420,0,The text describes dyslexic symptoms in children.,"Educational/reading material with an experienced professional describing dyslexic symptoms in children,",True,0.21597618,-0.0043105632066726685,-0.01168745756149292,0.3445606827735901,-0.0015529990196228027,-0.0377066433429718,0.99149567,0.9949297,0.0034340033,first
420,1,The text lists observable signs of poor reading.,"listing observable signs of poor reading,",True,0.21597618,0.003385677933692932,0.006105393171310425,0.3445606827735901,0.01340821385383606,-0.02484998106956482,0.99786633,0.99875164,0.0008853129,first
420,2,The text emphasizes therapy.,emphasizing therapy.,True,0.21597618,0.003621816635131836,-0.006118744611740112,0.3445606827735901,0.03090721368789673,-0.02796003222465515,0.004529728,0.011873262,0.007343534,first
420,3,"The sentence ""Some students with dyslexia reads incorrectly... Students sometimes adds"" continues a list of specific writing errors or habits.","The sentence structure ""Some students with dyslexia reads incorrectly... Students sometimes adds"" continues a list of specific writing errors or habits,",True,0.21597618,0.0028375983238220215,0.010301485657691956,0.3445606827735901,-0.04342654347419739,0.09551706910133362,0.3990448,0.41652465,0.017479822,middle
421,0,The sentence describes programming misuse or efficiency debates.,an anecdote about programming misuse or efficiency debates,True,0.40803602,0.007778674364089966,0.01840236783027649,0.14581096172332764,0.016229331493377686,0.026643097400665283,0.8168197,0.8870492,0.07022945,middle
421,1,"The final token ""into"" ends mid-clause.","Final token ""into"" ends mid-clause",True,0.40803602,-0.004541933536529541,-0.0011903643608093262,0.14581096172332764,-0.0003457367420196533,0.016539961099624634,0.955455,0.97402364,0.01856865,last
422,0,The text describes a kinetic sculpture with acoustic space experience.,ing kinetic sculpture and acoustic space experience,True,0.22288567,0.004542648792266846,0.00822584331035614,0.6215918660163879,-0.048401713371276855,-0.017313659191131592,-0.033491254,0.40556872,0.43905997,first
422,1,The hanging drone has a glowing halo.,the hanging drone's glowing halo,True,0.22288567,0.00042332708835601807,0.007819846272468567,0.6215918660163879,-0.0025801658630371094,0.01517641544342041,-0.18500172,0.22949357,0.4144953,middle
422,2,The final element is a metaphorical string or woven material.,likely a metaphorical string or woven material,True,0.22288567,0.0002034008502960205,0.007921159267425537,0.6215918660163879,0.008015990257263184,0.06886643171310425,0.7337201,0.76792485,0.034204725,middle
422,3,The hanging drone's behavior is part of a speculative material metaphor.,,False,0.22288567,,,0.6215918660163879,,,0.36196908,0.4484892,0.086520106,unanchored
423,0,The text discusses agricultural trade economics focusing on fertilizer use and gender-specific irrigation.,"discussing agricultural trade economics, focusing on fertilizer use and gender-specific irrigation.",True,0.2318566,0.010974094271659851,0.005877390503883362,0.047515396028757095,0.0006391219794750214,0.0028235577046871185,-0.016426371,0.0008493615,0.017275732,first
423,1,The text establishes a connection between agricultural development and poverty.,Agricultural development has long been a source of economic livelihood for the poor,True,0.2318566,0.0024345070123672485,0.007665872573852539,0.047515396028757095,0.0031912140548229218,0.004328940063714981,0.8564879,0.864951,0.008463136,middle
423,2,The text mentions that about half of the world's poor are rural and dependent on agriculture.,,False,0.2318566,,,0.047515396028757095,,,0.8835502,0.93532217,0.051771928,unanchored
424,0,The article is in a blog-style format for a maternity magazine.,"Blog-style maternity magazine article covering Kate Hudson's baby announcement,",True,0.20267834,-0.0004247426986694336,0.03378167748451233,0.5852214694023132,0.014636635780334473,-0.06953203678131104,0.010170518,0.014022943,0.0038524242,first
424,1,The text includes personal anecdotes about the pregnancy experience.,with upbeat tone and personal anecdotes sharing the pregnancy experience.,True,0.20267834,0.005744919180870056,-0.007477939128875732,0.5852214694023132,-0.03132742643356323,-0.04545539617538452,0.9062528,0.9268911,0.0206383,first
424,2,The paragraph structure includes details about the birth.,"The paragraph structure ""The mom shares details about the birth""",True,0.20267834,0.005329698324203491,0.006590217351913452,0.5852214694023132,0.013525426387786865,-0.01024538278579712,0.74523515,0.7533386,0.008103436,middle
424,3,The explanation ends with a heading about the birth.,"Final token ""birth"" ends a heading question (""On the birth""),",True,0.20267834,0.015121817588806152,0.15660329163074493,0.5852214694023132,0.2550487518310547,0.9650165438652039,0.02312701,0.03269223,0.009565221,last
425,0,The explanation describes Google's Privacy Center structure.,"Legal/privacy terms page format with Google's Privacy Center explanation structure,",True,0.21644562,-0.013775467872619629,-0.011646047234535217,0.001239440287463367,0.0005842575337737799,0.005308211431838572,0.00011812209,0.0019496286,0.0018315065,first
426,0,The blog post emphasizes healthcare and workforce trends.,emphasizing the importance of healthcare and workforce trends.,True,0.13713649,1.563131809234619e-05,0.004462823271751404,0.00043279764940962195,5.0261442083865404e-05,3.6584504414349794e-05,-0.4321896,0.0024182352,0.43460786,first
426,1,The text includes a standard boilerplate contact prompt.,"implies a closing clause inviting consultation, signaling the standard boilerplate contact prompt pattern.",True,0.13713649,0.0007474720478057861,0.004268229007720947,0.00043279764940962195,0.00012731761671602726,-2.5152286980301142e-05,0.9757609,0.98286575,0.0071049025,middle
426,2,The final phrase continues the contact invitation.,"directly continuing the contact invitation clause, strongly expecting ""out to our team"" or ""out to our office at ||healthinfo@businessadvisors.com"" or ""out our professional staff.""",True,0.13713649,0.032035693526268005,0.016170144081115723,0.00043279764940962195,0.00020891678286716342,0.00018788647139444947,0.97923684,0.98515224,0.0059154164,last
427,0,The text describes a scientific article format.,"Scientific article format with educational resource page structure,",True,0.4439739,-0.005156040191650391,0.010298758745193481,1.7209604978561401,0.4355891942977905,-0.956902027130127,0.9357738,0.9431022,0.007328368,first
427,1,The Human Cell Biology course uses NCBI for learning.,"The Human Cell Biology course uses the NCBI to study cell biology,",True,0.4439739,0.009555190801620483,0.0011504888534545898,1.7209604978561401,0.6184898614883423,2.46357262134552,0.0025549182,0.0030797466,0.0005248284,middle
427,2,The text mirrors an encyclopedia definition pattern.,This type of information can show how cells,True,0.4439739,0.02531912922859192,0.01296946406364441,1.7209604978561401,1.0803450345993042,0.6943396329879761,0.8971259,0.9171724,0.020046473,middle
427,3,The sentence ends mid-sentence expecting completion.,"how cells divide, scientists study how cells",True,0.4439739,0.02621471881866455,0.012632042169570923,1.7209604978561401,-1.1834585666656494,1.9441686868667603,0.17805141,0.20953192,0.0314805,last
428,0,The explanation describes an Elementary School/Child Therapy blogger post format.,Elementary School/Child Therapy blogger post format,True,0.23888732,0.0799357146024704,0.06596378982067108,0.24129584431648254,0.05669388175010681,0.09580615162849426,-0.0026291553,0.009682131,0.012311286,first
428,1,The explanation mentions speech/language skills and categories of language development.,defining speech/language skills and categories of language development.,True,0.23888732,0.0014306306838989258,0.023654326796531677,0.24129584431648254,-0.00038029253482818604,0.05163609981536865,0.9964131,0.99773175,0.00131861,first
428,2,"The explanation expects a specific definition for ""expression"" under semantics.","defining ""expression"" with a list element illustrating ""comprehension and language""",True,0.23888732,2.1278858184814453e-05,0.0023035556077957153,0.24129584431648254,-0.006925404071807861,0.015706121921539307,0.21129405,0.3677872,0.15649316,middle
428,3,"The explanation expects a continuation after ""language;"".","strongly expecting continuation like ""includes speaking, sentences, and ideas""",True,0.23888732,0.013888046145439148,0.018750622868537903,0.24129584431648254,0.03622162342071533,0.09781283140182495,0.9440292,0.95811605,0.014086859,last
429,0,The text expresses a goal to learn programming from scratch.,"""So i am constantly looking out for ways to learn from scratch , from a beginner level till intermediate to become better programmer""",True,0.18448275,0.003442108631134033,0.020599111914634705,0.14777377247810364,-0.008768528699874878,0.04767104983329773,-0.053202584,0.07486616,0.12806875,middle
429,1,The text seeks tips or methods for learning math and coding.,"""any tips/methods a person like me from beginner to""",True,0.18448275,0.002482473850250244,0.017847940325737,0.14777377247810364,-0.006729930639266968,-0.004183441400527954,0.21158111,0.28681284,0.07523172,last
430,0,The sentence discusses motives for enemy actions.,,False,0.62968457,,,3.3532114028930664,,,0.986405,0.9923287,0.005923697,unanchored
430,1,The text suggests a trick of the enemy's intent or prior action.,suggesting a trick of the enemy's intent or prior action is being completed.,True,0.62968457,0.01230013370513916,0.012668430805206299,3.3532114028930664,0.0744626522064209,0.4112222194671631,0.9954868,0.99695957,0.0014727509,middle
431,0,The text explains bicep tendon problems in a medical article format,"Medical article format with health content explaining bicep tendon problems,",True,0.2865159,-0.004799157381057739,-0.0075844526290893555,0.010077550075948238,-0.0025382786989212036,0.010235623456537724,0.9648328,0.97913057,0.0142977545,first
431,1,The sentence about diagnosing a biceps tendon rupture mirrors the heading,"To diagnose a biceps tendon rupture, you may see symptoms of a biceps hernia",True,0.2865159,0.0056501030921936035,-0.011191606521606445,0.010077550075948238,-0.0008974336087703705,0.007892430759966373,0.9595655,0.9743018,0.014736314,middle
431,2,"The final token ""biceps"" begins the second instance of the topic being described","Final token ""biceps"" is mid-term in ""A biceps,""",True,0.2865159,0.052633076906204224,0.24088269472122192,0.010077550075948238,0.019373069517314434,0.010050497017800808,0.8496856,0.91882926,0.06914365,last
432,0,The text discusses a system for Greek fire brigades.,Greek technical/academic article structure with humanitarian/pilot context presenting operational system for Greek fire brigades,True,0.20335133,0.08557595312595367,0.10696329176425934,0.12334120273590088,0.08256003260612488,0.11260195076465607,0.63852805,0.74478126,0.1062532,first
432,1,The phrase suggests an additional component for coordination.,"""In addition, the development of an integration, coordination and communication""",True,0.20335133,0.004454001784324646,0.012903749942779541,0.12334120273590088,-0.0057854726910591125,-0.013875052332878113,0.96517336,0.97172076,0.006547403,middle
432,2,The system elements are incomplete and require further description.,,False,0.20335133,,,0.12334120273590088,,,0.7398513,0.7524112,0.012559904,unanchored
433,0,The text discusses infrastructure compliance for construction process safety audit.,Article/blog format: utility/industry article structure explains infrastructure compliance for construction process safety audit,True,0.18926266,-0.002491965889930725,0.012188762426376343,0.512737512588501,-0.04564407467842102,-0.02747175097465515,-0.27300128,0.004722836,0.27772412,first
433,1,The paragraph signals a section header or list continuation.,"""To validate a CMMS project, organizations must identify applicable ISO standards. Applicable""",True,0.18926266,-0.013996511697769165,0.004275619983673096,0.512737512588501,-0.07986420392990112,0.049465835094451904,0.93081844,0.9455304,0.014711951,middle
433,2,"The final token ""Applicable"" is part of a heading or subsection title.","Final token ""Applicable"" is mid-term, part of a heading or subsection title",True,0.18926266,0.003998905420303345,0.012767791748046875,0.512737512588501,-0.00785672664642334,0.022108256816864014,0.95668536,0.9768506,0.020165289,last
434,0,The sentence introduces a specific claim about proposed legislation.,"""Some of the proposed legislation actually puts money into SERS(& other) on PROGRAMS rather than directly into BOCES’ budget""",True,0.45030972,0.021073371171951294,-0.002145051956176758,0.9657772779464722,0.028242945671081543,-0.06083202362060547,0.8698301,0.9337373,0.06390723,middle
434,1,The explanation suggests a concrete example or list of new budgetary benefits.," a specific claim about the proposed Fund Transfer limiting MTA funds, implying a concrete example or list of new budgetary benefits for the district",True,0.45030972,-0.0032705068588256836,0.008361250162124634,0.9657772779464722,-0.06831717491149902,-0.32234424352645874,-0.9869017,0.0023443806,0.9892461,middle
435,0,Puppies have a fragmented sleep schedule.,puppies are active sleepers. They don't sleep through the night and instead take frequent naps,True,0.17011997,0.011581897735595703,0.04623417556285858,0.062431108206510544,-0.01436728984117508,0.021994609385728836,0.98345566,0.9853137,0.0018580407,middle
435,1,Puppies take several short naps.,puppies take lots of naps.,True,0.17011997,-0.0029110461473464966,-0.0005512088537216187,0.062431108206510544,-0.00844251736998558,-0.0033112429082393646,0.3732481,0.3851426,0.011894481,last
436,0,The text pairs two contemporary artists with shared themes.,Australian art writer/blog tone establishes pairing of two contemporary artists whose works are currently on view — comparison context established around shared themes.,True,0.18277174,-0.0010447204113006592,0.007920786738395691,0.0005189108196645975,-3.861164441332221e-05,0.00032264029141515493,0.9161889,0.9499223,0.03373344,first
436,1,The sentence contrasts Chan's and Hebert's works.,"""While Chan's work is about dense and quirky sculpture, British artist James Hebert's recent exhibition 'Stasis' is a different kind of practice.""",True,0.18277174,0.005279839038848877,0.0176771879196167,0.0005189108196645975,4.664063453674316e-06,-7.33159831725061e-05,0.15021345,0.5703602,0.42014673,middle
436,2,The text expects to mention Lipton's work to complete the contrast.,,False,0.18277174,,,0.0005189108196645975,,,0.0011224907,0.0042389603,0.0031164696,unanchored
437,0,The sentence structure implies a second clause.,,False,0.3783573,,,0.22209012508392334,,,0.98312163,0.9906782,0.007556538,unanchored
437,1,The dish is expected to continue with health attributes or effects.,,False,0.3783573,,,0.22209012508392334,,,0.00073438836,0.0018636396,0.0011292512,unanchored
437,2,"The final token ""so"" ends mid-clause.",,False,0.3783573,,,0.22209012508392334,,,0.8651235,0.92197156,0.05684803,unanchored
437,3,The dish's properties include a cooling effect.,,False,0.3783573,,,0.22209012508392334,,,-0.0009410179,0.0026222966,0.0035633144,unanchored
438,0,The explanation describes the sequence of events in an eye exam.,After the exam the doctor will examine your test readings and produce an eyeglass chart.,True,0.16937156,0.013853475451469421,0.000271722674369812,0.20116636157035828,0.04923173785209656,-0.02371479570865631,-0.9977002,0.0006135683,0.9983138,middle
438,1,The explanation expects a concluding diagnosis or recommendation.,,False,0.16937156,,,0.20116636157035828,,,0.0004699693,0.0012127702,0.00074280094,unanchored
439,0,The sentence lists chemical additives with contradictory environmental impacts.,"notably phosphates, alongside EDTA"" lists chemical additives with contradictory environmental impacts",True,0.23943824,0.0033709853887557983,0.01882725954055786,0.15197962522506714,-0.005370095372200012,0.012512072920799255,0.991657,0.9946749,0.0030179096,middle
439,1,EDTA is a second chemical compound or metal chelating agent.,,False,0.23943824,,,0.15197962522506714,,,-0.0014702776,0.0013845593,0.0028548369,unanchored
440,0,The sentence provides historical context for the港澳密度 estimator.,"Wikipedia-style article format with mathematical definition entry describing the港澳密度 estimator, establishing technical terminology and historical context.",True,0.3328566,-0.0033758580684661865,0.01702699065208435,0.13524343073368073,-0.005623310804367065,0.010990604758262634,-0.09645336,0.06092844,0.1573818,first
440,1,"The explanation expects ""It is also known as"" or ""The algorithm has since been renamed.""",,False,0.3328566,,,0.13524343073368073,,,0.38726172,0.39904416,0.01178245,unanchored
441,0,The sentence structure implies an example clause.,"""In my experience, when I am taught to read a book I tend to develop more sympathy toward""",True,0.24506186,0.004637882113456726,0.015304848551750183,0.24479003250598907,0.019280120730400085,0.01572798192501068,0.9922644,0.99485886,0.0025944696,middle
441,1,The explanation suggests a differing perspective or group showing sympathy.,suggesting a logical continuation about a differing perspective or group showing sympathy,True,0.24506186,0.005329683423042297,0.006840899586677551,0.24479003250598907,-0.013807758688926697,-0.02387183904647827,0.94830036,0.9564309,0.008130565,middle
441,2,"The final token ""toward"" ends an incomplete noun phrase.",,False,0.24506186,,,0.24479003250598907,,,0.98772734,0.99299437,0.005267033,unanchored
441,3,The text provides an illustrative example clause.,"""If you have read a book you may develop more sympathy toward""",True,0.24506186,0.0008037388324737549,0.012019947171211243,0.24479003250598907,0.001983240246772766,0.060387298464775085,0.9849577,0.9900575,0.005099836,last
442,0,The text offers resources and guidance for blended learning implementation.,Our webinar team can assist you through the process of understanding your district's current technology needs and the steps to build your blended curriculum,True,0.14499278,0.00930812954902649,0.03399655222892761,0.12481407076120377,-0.012091383337974548,0.11071448773145676,0.9976687,0.99831045,0.00064175733,middle
442,1,The explanation suggests the webinar covers steps in developing a blended learning plan.,"""Explore the steps in your journey toward the process of""",True,0.14499278,-0.002000585198402405,-0.008040890097618103,0.12481407076120377,-0.0054592713713645935,-0.02630125731229782,0.8607018,0.9261928,0.06549099,last
443,0,Preeclampsia is a severe form of pregnancy hypertension,"""Preeclampsia is a severe form of pregnancy hypertension that includes high blood pressure along with high""",True,0.17823718,-0.007517650723457336,-0.0174875408411026,0.0004472267464734614,3.5489851143211126e-05,0.00023347121896222234,0.31168076,0.32524353,0.013562764,middle
443,1,Preeclampsia includes high blood pressure and high protein levels,,False,0.17823718,,,0.0004472267464734614,,,0.021561034,0.025489038,0.003928004,unanchored
444,0,The sentence pattern lists two contradictory effects of social comparison outcomes.,"mirrors a paired contrast, listing two contradictory effects of perceived social comparison outcomes",True,0.31419602,-0.005754142999649048,-0.004927188158035278,0.22152665257453918,0.006713017821311951,0.020009607076644897,0.9877132,0.99350655,0.005793343,middle
444,1,The explanation requires a parallel noun phrase to complete the sentence.,,False,0.31419602,,,0.22152665257453918,,,0.95603275,0.97700465,0.020971887,unanchored
445,0,The explanation discusses urinary tract disorders and dental care tips.,systematically describing urinary tract disorders and dental caregiver tips,True,0.24514891,0.0021048039197921753,0.005994394421577454,0.3371179699897766,0.020703613758087158,0.047862499952316284,-0.9423523,0.022290938,0.96464324,first
445,1,The explanation provides an example of dogs licking an injured foot.,"A damaged paw pad might also develop sores, causing your dog to lick it constantly.",True,0.24514891,0.010028883814811707,-0.008136555552482605,0.3371179699897766,0.07674694061279297,-0.05638772249221802,-0.0057464615,0.008043773,0.013790234,middle
446,0,The explanation describes a structured article format with expert health questions and answers.,,False,0.40095472,,,0.0024289542343467474,,,-0.68128234,0.14448033,0.8257627,unanchored
446,1,"The paragraph pattern mirrors earlier content, implying the same answer repeats.",,False,0.40095472,,,0.0024289542343467474,,,0.9915327,0.99503136,0.0034986727,unanchored
447,0,Some ferns are epiphytic plants,"""Some ferns are epiphytic plants - meaning they grow upon trees, not in the soil, but upon""",True,0.3201563,0.0036529898643493652,0.01687583327293396,0.0407867431640625,0.005538802593946457,0.0006826967000961304,0.76377183,0.7859369,0.02216506,middle
447,1,Epiphytes can grow on trees or other plants,"not in the soil, but upon",True,0.3201563,0.00018787384033203125,0.022285819053649902,0.0407867431640625,0.004995640367269516,0.01629774644970894,0.81176317,0.8385342,0.026771007,middle
448,0,The explanation describes a format for local environmental advisory signboards.,Local County/State environmental advisory signboard message format,True,0.18489249,0.00382213294506073,0.002077236771583557,0.0008531387429684401,-0.00031355221290141344,-0.0003526179352775216,-0.8481653,0.012469622,0.8606349,first
448,1,The explanation mentions ongoing vehicle registration requirements despite lifting snowmobile use prohibition.,vehicles ARE still required to register on trail and roads.,True,0.18489249,0.0016592144966125488,0.013264045119285583,0.0008531387429684401,0.00032294541597366333,0.00038578431122004986,0.10612863,0.52857745,0.4224488,middle
448,2,The explanation suggests a list of remaining obligations for hunters and drivers.,Hunters/Property owners are required,True,0.18489249,0.0006741136312484741,0.0016504377126693726,0.0008531387429684401,-0.00014094915241003036,-0.00021283072419464588,0.18767108,0.22080477,0.033133682,middle
449,0,The text discusses a technical environmental publication format.,Technical environmental publication format with US EPA resource center,True,0.26083705,-0.0042899250984191895,-0.018141791224479675,0.07554060965776443,-0.0013706609606742859,-0.01800849288702011,0.9571058,0.97701025,0.019904433,first
449,1,The publication focuses on land use and transportation topics.,featuring authoritative guidance on land use and transportation topics,True,0.26083705,0.0037990808486938477,-0.0013332366943359375,0.07554060965776443,0.002613954246044159,-0.004217527806758881,-0.99824387,0.00028484035,0.9985287,first
449,2,The text suggests a title or concept box for a policy document.,"suggests a title or concept box introduction, likely a policy document",True,0.26083705,-0.005539894104003906,0.011396914720535278,0.07554060965776443,-0.009254753589630127,-0.00704558938741684,0.37190983,0.40009725,0.028187416,middle
449,3,"The phrase ends mid-phrase with ""Comprehensive.""","Final token ""Comprehensive"" is mid-phrase (""through Comprehensive"")",True,0.26083705,-0.0042830705642700195,0.05448329448699951,0.07554060965776443,-0.00588381290435791,0.11967644840478897,0.8885356,0.9397592,0.051223572,last
450,0,La presión de aire generada por el gas caliente en un plasma puede generar suficiente presión como para contrarrestar el peso del objeto,"The air pressure generated by the heated gas in a plasma can generate enough pressure to counteract the object's weight,",True,0.24346215,0.014380574226379395,0.016965001821517944,0.03838247060775757,0.0182635560631752,0.01694876328110695,0.0063775126,0.01011211,0.003734597,middle
450,1,"Si la presión es lo suficientemente fuerte, la presión de aire induce suficiente presión para levitar el objeto","if strong enough, it",True,0.24346215,0.022426754236221313,0.03502020239830017,0.03838247060775757,0.026190385222434998,0.01756681129336357,0.0035763613,0.00653216,0.0029557988,middle
451,0,The text uses a literary fiction narrative with scholarly commentary and biblical references.,"Literary fiction narrative with scholarly commentary format and biblical references establishes playful, descriptive prose style continuing an academic text.",True,0.38515562,-0.009751826524734497,0.040986448526382446,0.09388438612222672,-0.017588607966899872,0.06879120320081711,0.6811272,0.7938256,0.11269843,first
451,1,The sentence structure hints at a plot scenario from a chapter.,,False,0.38515562,,,0.09388438612222672,,,0.99083054,0.99201727,0.0011867577,unanchored
451,2,The scenario likely involves a mock challenge about a deity or ruler's predicament.,likely a mock challenge about the absent deity or ruler's predicament,True,0.38515562,0.014709264039993286,0.034689754247665405,0.09388438612222672,-0.04070383310317993,0.06631747633218765,0.19636996,0.20739935,0.011029397,middle
451,3,"The final token ""relieve"" ends mid-clause, expecting a noun phrase.",,False,0.38515562,,,0.09388438612222672,,,0.11416997,0.117802784,0.0036328153,unanchored
452,0,The article has a blog-style health article tone.,Blog-style health article tone with tips about home product safety featuring an expert voice discussing toxic household items like Halloween candy.,True,0.14449753,0.04440006613731384,0.03150084614753723,0.001956105697900057,0.005089743994176388,0.0008852158207446337,0.00345333,0.004559929,0.0011065991,first
452,1,The sentence structure mirrors earlier mention of a government report.,"The sentence structure ""For more info about recalled products, check out this Consumer Product Safety Commission article by the FDA. Also, the Consumer",True,0.14449753,0.007899031043052673,0.005764380097389221,0.001956105697900057,0.001618637004867196,0.002297834027558565,0.9659228,0.9702523,0.004329477,middle
452,2,"The final token ""Consumer"" is part of a governmental source reference.","Final token ""Consumer"" is mid-sentence (""from the Consumer"")",True,0.14449753,0.01141674816608429,0.027056768536567688,0.001956105697900057,0.0025397357530891895,0.0001203769352287054,0.9686405,0.97594064,0.0073001436,last
453,0,The sentence establishes a pattern about finding generated files.,"""To generate the generated tests put the .runfiles in the src dir of the project in the testfolder with the callname in the dependency directory""",True,0.23437645,0.01139688491821289,0.03032653033733368,0.1979319155216217,0.02338692545890808,0.05603507161140442,0.9728031,0.9751185,0.0023154183,middle
453,1,"The final token ""the"" is an incomplete noun phrase.","""the""",True,0.23437645,-0.000788763165473938,-0.002873659133911133,0.1979319155216217,0.02374643087387085,-0.00948682427406311,0.97436327,0.98644584,0.01208258,last
454,0,The discovery involves a new mechanism for electron interaction.,This newly discovered fluctuation in helical conduction has revealed a surprising new mechanism for how electrons interact with the crystal.,True,0.16157812,0.0007695704698562622,0.007062539458274841,0.12466506659984589,0.003310292959213257,0.02679106593132019,-0.0012557852,0.00059077167,0.0018465569,middle
454,1,The discovery is about superfluid helium's heat transport behavior.,Scientific news article format with Cornell University researcher explaining a surprising new physics phenomenon about superfluid helium's heat transport behavior.,True,0.16157812,0.0028232187032699585,0.013321533799171448,0.12466506659984589,-0.011663109064102173,-0.0017693117260932922,-0.0013910753,0.0004521409,0.0018432162,first
455,0,The text discusses Lyme disease and rash cases in a medical/educational blog format.,"Medical/educational blog format with clinical expert (ERD) discussing Lyme disease and rash cases,",True,0.15559348,-0.0016038566827774048,0.0010797828435897827,0.038548778742551804,0.005655080080032349,0.006932470947504044,-0.97440624,0.003632227,0.9780385,first
455,1,"""What to recognize in clinic"" signals a transition to actionable recommendations.","The phrase ""What to recognize in clinic"" signals a section or list transition likely addressing actionable recommendations",True,0.15559348,-0.0004612058401107788,0.0029721856117248535,0.038548778742551804,-0.004228629171848297,-0.0041521042585372925,0.05162148,0.05756085,0.0059393663,middle
455,2,"The text expects a practical checklist to follow the phrase ""In what to do in clinic.""","strongly expecting continuation like ""practice:"" or ""related to vaccination decisions"" or ""for patients:"" or ""about patient education and screening""",True,0.15559348,0.1494484841823578,0.028564706444740295,0.038548778742551804,0.14307977631688118,0.021183043718338013,0.73102945,0.7804878,0.049458306,last
456,0,The text discusses a literary-commons project in cultural studies.,"Academic UK university cultural studies publication, with scholarly and innovative framing around a literary-commons project promoting humanities methodology.",True,0.24348074,0.007640659809112549,0.021247655153274536,0.15522201359272003,0.017861604690551758,-0.00036685168743133545,-0.14156102,0.03963499,0.181196,first
456,1,The sentence structure signals a concluding claim about interdisciplinary fields.,,False,0.24348074,,,0.15522201359272003,,,0.59978163,0.60626495,0.00648331,unanchored
456,2,"The final token ""and"" ends an incomplete noun phrase.",,False,0.24348074,,,0.15522201359272003,,,0.9807474,0.98939985,0.008652436,unanchored
457,0,The explanation outlines Archimedes's method for handling large numbers.,"""So how did Archimedes invent his famous new big numbers? He had to find a way to prove mental mathematics could handle very very large numbers""",True,0.21374199,0.004493117332458496,0.03528568148612976,0.3394709825515747,0.021548330783843994,0.08919733762741089,0.9904171,0.99208105,0.001663926,middle
457,1,The explanation continues with a specific step in Archimedes's method.,,False,0.21374199,,,0.3394709825515747,,,0.5193184,0.52944124,0.010122808,unanchored
458,0,The text refers to a dish in a travel/food blog format,Travel/food blog format with Indonesian English caption text introducing a dish,True,0.15325777,-0.0018406957387924194,0.0036719441413879395,0.0013477259781211615,-8.860952220857143e-05,-0.00018387450836598873,-0.99888384,0.00019702705,0.9990809,first
458,1,"""This beautiful traditional banding comes from West Kal"" indicates a location in Indonesia","""This beautiful traditional banding comes from West Kal""",True,0.15325777,-0.0006761550903320312,0.005200490355491638,0.0013477259781211615,-1.536891795694828e-05,6.334716454148293e-05,0.83710814,0.8530244,0.015916286,middle
458,2,"The abbreviation ""Kal"" likely refers to Kalimantan, a tropical Indonesian region","""Kal"" is a truncated Indonesian word mid-phrase (""West Kal""), part of a parenthetical geographic qualifier (""East Kalimantan, East Kal...",True,0.15325777,0.0352654904127121,0.48778481781482697,0.0013477259781211615,-0.00025009841192513704,11.16743260086514,0.0953817,0.09964645,0.0042647487,last
458,3,"The text anticipates the completion of ""West Kal"" to ""West Kalimantan"" or ""West Kalimantan Island""","strongly anticipating ""imantan"" or ""imantan Island"" completing the regional designation",True,0.15325777,-0.009823068976402283,0.002367570996284485,0.0013477259781211615,-6.989669054746628e-05,-7.187202572822571e-05,0.0018821015,0.003437625,0.0015555235,last
459,0,The text provides advice for practical laboratory classes.,Australian university biology/chemistry lecturer notes establishing practical instructions for practical laboratory classes;,True,0.18422498,0.02031676471233368,0.028668060898780823,0.1455412656068802,-0.0031672120094299316,0.013862565159797668,0.9645403,0.9785671,0.014026835,first
459,1,The text lists key skills for the exams.,"These exams test your knowledge of scientific method, analytical skills and understanding.",True,0.18422498,0.016919836401939392,0.017914101481437683,0.1455412656068802,0.03558996319770813,0.04361632466316223,0.81330806,0.8508376,0.03752951,last
460,0,The explanation discusses academic policy analysis.,"Academic policy analysis framing with Harvard Law faculty expert describing intellectual property and ethics dynamics of public sector science, arguing for transformational change.",True,0.21479978,0.005605161190032959,0.06723491847515106,0.03795621916651726,0.004208516329526901,0.11693072691559792,-0.94920266,0.008981058,0.9581837,first
460,1,The sentence structure suggests an enumerated or dual concern.,,False,0.21479978,,,0.03795621916651726,,,0.98910356,0.99370533,0.0046017687,unanchored
460,2,"The final token ""pace"" is part of a mid-clause question.",,False,0.21479978,,,0.03795621916651726,,,0.97636485,0.98590845,0.009543575,unanchored
461,0,The text discusses Indian academic/religious discourse on left-liberation and pandemic responses.,"Indian academic/religious discourse piece on left-liberation and pandemic responses,",True,0.36535928,0.0004271268844604492,0.06491142511367798,0.09003365784883499,0.0004792511463165283,-0.018677666783332825,-0.0028972407,0.0017807895,0.00467803,first
461,1,The text mentions a concluding clause introducing an article series on minority rights and social justice.,,False,0.36535928,,,0.09003365784883499,,,-0.0032652896,0.023542956,0.026808245,unanchored
461,2,The explanation suggests an expected continuation with a platform attribution clause.,,False,0.36535928,,,0.09003365784883499,,,0.15384795,0.15691325,0.0030653023,unanchored
462,0,The text discusses climate research findings and their impact on biodiversity.,"discussing climate research findings, presenting evidence about climate and biodiversity trends",True,0.118929975,-0.0017497017979621887,0.0005539879202842712,0.0037657576613128185,7.226644083857536e-05,-0.00017058290541172028,-0.75801146,0.0022030673,0.7602145,first
462,1,The findings suggest the need for continued preparation by humanity.,the study suggests that humanity may need to prepare for continued disturbances,True,0.118929975,0.0004001408815383911,0.009251333773136139,0.0037657576613128185,-0.00036834878847002983,-0.0007609706372022629,0.017039092,0.019004354,0.0019652615,middle
462,2,The explanation implies a policy recommendation for government officials.,Government officials may be well advised,True,0.118929975,0.0005175769329071045,0.005355469882488251,0.0037657576613128185,0.0006338735111057758,0.0013020592741668224,0.99031675,0.99206734,0.0017505803,middle
463,0,The text describes a product support article format.,Product support article format with FAQ-style UI elements,True,0.3337677,0.00908595323562622,0.014273077249526978,0.0015279927756637335,0.0006232140585780144,0.0003763972781598568,0.9898044,0.99315614,0.0033517468,first
463,1,"The text mentions a ""Find your device"" pattern.","following a ""Find your device"" pattern.",True,0.3337677,0.006212979555130005,0.026515930891036987,0.0015279927756637335,7.055315654724836e-05,0.0002632236573845148,0.25990805,0.56650454,0.3065965,middle
463,2,The text describes a UI prompt with a dropdown or checkbox menu.,UI prompt with a dropdown or checkbox menu asking users to select a device type,True,0.3337677,0.027405858039855957,-0.00431707501411438,0.0015279927756637335,-0.00024464167654514313,-0.0004057162441313267,0.98752517,0.9896774,0.0021522627,middle
463,3,The text indicates an incomplete phrase ending mid-phrase.,"Final token ""one"" ends mid-phrase ""From one""",True,0.3337677,-0.0009115636348724365,0.24074184894561768,0.0015279927756637335,-1.972145400941372e-05,0.04972275183536112,0.9628822,0.97441643,0.011534187,last
464,0,The text describes a course platform or instructor product for AutoCAD Revit training.,,False,0.1891979,,,0.0010359514271840453,,,-0.83981407,0.045521915,0.885336,unanchored
464,1,The course structure includes a bulleted list of modules.,"The phrase ""This course covers the following Modules : Basic Drafting"" signals a bulleted list structure",True,0.1891979,0.010981708765029907,0.011367693543434143,0.0010359514271840453,3.578758332878351e-05,0.00039364618714898825,0.19731723,0.22794914,0.030631915,middle
464,2,The list of modules is expected to continue with more topics.,"strongly implying continuation of enumerated skill areas like ""2D Design, Drawing Views,"" etc.",True,0.1891979,0.022466346621513367,0.01690998673439026,0.0010359514271840453,0.0001860929187387228,-0.00011068384628742933,0.00019181974,0.0003604117,0.00016859197,middle
464,3,"The list item ""Drawing"" is part of a larger enumerated list.",,False,0.1891979,,,0.0010359514271840453,,,0.42144507,0.58423746,0.16279237,unanchored
465,0,The explanation discusses variable definition behavior in Kubernetes.,Bulgarian/Slovak IT/programming article detailing variable definition behavior in Kubernetes,True,0.19746898,0.01063026487827301,0.022968709468841553,0.08683890104293823,-0.0022954344749450684,0.049913808703422546,-0.95448387,0.0011454616,0.95562935,first
465,1,The sentence explains the need to negate the original formula.,So when we create the below formula we need to negate the above one - the new version of the condition should contain all functionalities from the above formula,True,0.19746898,0.01444949209690094,0.03113250434398651,0.08683890104293823,0.03177326172590256,0.03083270788192749,0.99217266,0.9949591,0.0027864603,middle
465,2,The explanation compares the original formula to the new condition.,So the condition from the first one is opposite of the above formula...,True,0.19746898,0.011823371052742004,0.04984670877456665,0.08683890104293823,0.032279446721076965,0.24568891525268555,0.99015045,0.99278545,0.0026349756,last
466,0,The sentence continues a comparative drawback list,,False,0.14647686,,,0.04936222732067108,,,0.6028866,0.6305364,0.027649779,unanchored
467,0,The text provides instructions on wooden cutting board care.,Homemade kitchen product description format with instructional tips on wooden cutting board care,True,0.24621601,0.011134669184684753,0.019297733902931213,0.03761612996459007,0.003167673945426941,-0.0005002878606319427,0.9929716,0.9962239,0.003252301,first
467,1,The drying procedure involves laying the board flat and hanging it upside down., laid flat then hung upside down to dry while still wet,True,0.24621601,0.005889967083930969,0.015173181891441345,0.03761612996459007,0.002224799245595932,0.028215575963258743,-0.99443877,0.0002063704,0.9946451,middle
467,2,The drying process should be completed before the next use., dry and make sure the board IS laid flat then hung upside down to dry while still wet,True,0.24621601,0.004579678177833557,0.02508978545665741,0.03761612996459007,-0.0012666992843151093,0.033337537199258804,0.060721163,0.06368601,0.0029648496,middle
468,0,The text describes a hands-on scientific experiment kit for children.,"Educational science blog format with儿童-friendly tone describes a hands-on scientific experiment kit,",True,0.25682154,-0.004411548376083374,0.005618184804916382,1.0798166990280151,-0.09481751918792725,0.1563713550567627,0.98582715,0.98801816,0.0021910325,first
468,1,The text mentions children creating their own 'volcano' and 'lava' experiments.,Kids created their own 'volcano' and 'lava' experiments — they even made their own 'lava,True,0.25682154,0.004675149917602539,-0.0010403692722320557,1.0798166990280151,0.3108474016189575,-0.2810184955596924,0.98393744,0.98995763,0.006020216,middle
468,2,The explanation suggests a dramatic eruption or molten lava appearance.,,False,0.25682154,,,1.0798166990280151,,,0.9749544,0.97677135,0.0018169208,unanchored
468,3,"The text implies a continuation of the phrase ""make your own 'lava..."".","r own 'lava"" suggests an itemized list or second product feature describing the dramatic eruption or molten lava appearance,",True,0.25682154,-0.004314035177230835,0.008794933557510376,1.0798166990280151,-0.5297445058822632,-0.30570465326309204,0.9855816,0.9913059,0.0057243346,middle
469,0,The sentence structure describes a dual-light combination pattern.,"sentence structure ""Product feature : White light mode + Red light mode / Normal light mode + Red light SOS / RS-BL�"" is mid-listing a specific dual-light combination pattern",True,0.41179326,0.004331052303314209,0.10157981514930725,0.11107820272445679,-0.005557119846343994,0.10102972388267517,0.9817621,0.9904022,0.008640082,middle
469,1,The explanation expects a completion for the color pattern.,,False,0.41179326,,,0.11107820272445679,,,0.8761761,0.9028338,0.02665769,unanchored
470,0,The sentence structure builds toward the conclusion about bathroom access.,"""Since trans people aren't forced to identify as one gender or the other, they should be able to go""",True,0.21115685,0.005391478538513184,0.0029675811529159546,0.05535386502742767,0.004735521972179413,-0.01833411678671837,0.99616235,0.9978294,0.0016670425,middle
470,1,The argument connects gender norms to bathroom etiquette.,connecting gender norms to bathroom etiquette rules for gender non-binary individuals,True,0.21115685,0.00162525475025177,-0.004011467099189758,0.05535386502742767,-0.003138989210128784,0.0013749189674854279,0.99587905,0.9974202,0.00154113,first
471,0,The article is about children's emotions from a parenting perspective.,establishing a parenting perspective about babies' stubborn or rebellious behaviors.,True,0.16982909,-0.00028176605701446533,-0.005817711353302002,0.029403148218989372,0.020797589793801308,0.032004768028855324,0.94573724,0.94990206,0.0041648136,first
471,1,The text lists characteristics of children's behavior.,a pattern listing reasons or describing this stage's characteristics,True,0.16982909,-0.00026729702949523926,0.003328859806060791,0.029403148218989372,0.003757799044251442,0.0057436320930719376,0.9964769,0.9969919,0.0005149854,middle
471,2,The text continues with parental guidance or child's behavior.,likely continuing with parental guidance or child's behavior.,True,0.16982909,-0.006081491708755493,0.0010872334241867065,0.029403148218989372,6.23110681772232e-05,-0.007504371926188469,0.97525656,0.97893494,0.0036784108,middle
471,3,The text describes parents' reactions to children's behaviors.,"Some parents even feel frustrated with these behaviors, and children...",True,0.16982909,-0.0009660869836807251,0.00387004017829895,0.029403148218989372,-0.00040602870285511017,0.014457253739237785,0.9419773,0.9436198,0.0016424807,last
472,0,The explanation discusses a technical petroleum engineering document.,"Technical petroleum engineering document with industry expertise structure,",True,0.27325225,-0.0013261139392852783,-0.0021109580993652344,0.6615444421768188,0.01870417594909668,-0.039672672748565674,-0.016384702,0.0027957826,0.019180484,first
472,1,The document presents reservoir economics methodology using a quantitative framework.,presenting reservoir economics methodology using quantitative framework definitions and measurements.,True,0.27325225,0.001093834638595581,-0.008195608854293823,0.6615444421768188,0.017534613609313965,-0.02735680341720581,0.1776233,0.47886896,0.30124566,first
472,2,The text lists examples of challenged well performance scenarios.,Another example includes initial reserves deemed economic prior to drilling (e.g.,True,0.27325225,0.009237796068191528,0.037718385457992554,0.6615444421768188,0.08505260944366455,0.1436018943786621,-0.0028052758,0.0017297127,0.0045349887,middle
472,3,The explanation mentions a parenthetical defining failure scenario.,if initial reserves were unrecoverable (non productive or,True,0.27325225,-0.007902264595031738,0.0049887001514434814,0.6615444421768188,0.05819892883300781,-0.02145063877105713,0.98807013,0.99279976,0.004729641,last
473,0,The text uses a metaphor of sorting through spiritual inventory.,"""In sorting through my spiritual 'inventory'...by rummaging""",True,0.18560407,-0.00297759473323822,0.00045692920684814453,0.009096112102270126,0.0015810327604413033,0.0011288980022072792,0.88213575,0.92447567,0.042339932,middle
473,1,The author continues the metaphor by rummaging through memories.,,False,0.18560407,,,0.009096112102270126,,,0.9343437,0.9386146,0.00427091,unanchored
474,0,The text describes an activity involving emotion cards.,Interactive sorting activity helps kids practice identifying 3 emotion cards.,True,0.20889053,0.0026612132787704468,0.007601737976074219,0.018178917467594147,-0.00036093220114707947,0.0015940237790346146,0.6699471,0.7555021,0.08555504,middle
474,1,The activity involves sorting 3 emotion cards.,"""Students sort 3""",True,0.20889053,-0.002978086471557617,0.005020961165428162,0.018178917467594147,-0.003490261733531952,-0.000523153692483902,0.05676077,0.063043855,0.006283086,last
475,0,"The sentence ""Other signs of braces include: Crooked,"" follows a common dental symptom list pattern.","""Other signs of braces include: Crooked,"" mirrors a common dental symptom list pattern (""Crowded,"")",True,0.3300188,0.012677580118179321,0.07799682021141052,0.3815009891986847,0.07241383194923401,0.2012469470500946,0.8207232,0.84942216,0.028698962,middle
475,1,The next tokens are expected to continue naming dental issues like crowded teeth or spacing problems.,suggesting the next tokens continue naming dental issues like crowded teeth or spacing problems.,True,0.3300188,0.003200024366378784,-0.014673173427581787,0.3815009891986847,0.016011595726013184,-0.08086878061294556,0.010049968,0.010836082,0.0007861138,middle
475,2,"The final token ""Crowded,"" is part of a checklist of orthodontic conditions.","""Crowded,"" is mid-item in a comma-separated list of specific tooth characteristics (""Crowded,"")",True,0.3300188,-0.004648834466934204,0.00448077917098999,0.3815009891986847,0.004855424165725708,0.10321208834648132,0.57928073,0.59386015,0.014579444,last
476,0,The text describes an Arabic speaking military art article format.,Arabic speaking military art article format with formal structure:,True,0.5699951,-0.006219744682312012,-0.11388084292411804,0.5925928950309753,-0.07195067405700684,-0.31860822439193726,-0.7094004,0.08970043,0.7991009,first
476,1,The explanation includes a printable worksheet pattern.,printable worksheet pattern following a pinning post convention.,True,0.5699951,0.08047235012054443,0.023222029209136963,0.5925928950309753,0.8696244359016418,-0.10359442234039307,0.46696675,0.47298506,0.006018308,first
476,2,The concluding sentence signals the worksheet's end.,"""And thank you for looking at our best choosing pics, if you are ready to get this awesome drawing""",True,0.5699951,0.0003161430358886719,-0.0044623613357543945,0.5925928950309753,0.22270959615707397,0.7700081467628479,0.09377049,0.1396724,0.04590191,middle
476,3,The text implies a demand for a collection.,,False,0.5699951,,,0.5925928950309753,,,0.6085514,0.670492,0.061940603,unanchored
477,0,The article introduces the topic of water and fitness with common questions.,"For years, many people have wondered about the true health benefits of soda and whether drinking soda is actually bad for you?",True,0.12553771,-0.0023845434188842773,-0.00493534654378891,0.0827622339129448,-0.0028617531061172485,-0.019055500626564026,-0.94905865,0.021484002,0.97054267,middle
477,1,The article structure includes research findings and dispels myths.,signals a structure introducing the topic with research findings and myths.,True,0.12553771,0.00708751380443573,0.006868034601211548,0.0827622339129448,0.024693086743354797,0.020445220172405243,0.98128724,0.98345965,0.002172421,middle
477,2,The article promises to answer questions about water and weight loss.,promising answers to common questions about water and its effects on weight loss.,True,0.12553771,0.0056081414222717285,0.0004394650459289551,0.0827622339129448,0.0022387728095054626,-0.007696650922298431,-0.9895257,0.0038173352,0.993343,first
477,3,The final sentence strongly expects a response.,health?,True,0.12553771,0.017420142889022827,0.008693218231201172,0.0827622339129448,0.01686861366033554,0.015522502362728119,0.72348946,0.73567444,0.012184952,last
478,0,The paragraph discusses the formation history of a planet similar to Venus.,"""But the planet Neptune initially formed as""",True,0.30023614,-0.00625920295715332,-0.012458175420761108,0.07811544835567474,-0.0035584643483161926,-0.013461001217365265,0.35232988,0.44338107,0.09105118,middle
478,1,The explanation requires a noun phrase to complete a historical comparison.,,False,0.30023614,,,0.07811544835567474,,,0.98918444,0.9927649,0.0035804692,unanchored
479,0,There are two main types of confirmatory testing.,There are two main types of confirmatory testing:,True,0.1886959,0.008726701140403748,0.013868138194084167,0.17152079939842224,0.00888688862323761,0.012730181217193604,0.29519045,0.3381019,0.042911436,middle
479,1,The indirect immunofluorescence assay (IFA) is an older method.,This test (IFA) is an older method.,True,0.1886959,0.003326103091239929,0.02092882990837097,0.17152079939842224,-0.0002460181713104248,-0.01767735183238983,0.00044288865,0.0012633846,0.00082049594,last
480,0,The sentence implies a bureaucratic reference or reported action sequence.,"""The proposals have been sent to the parliament and the Council"" implies a bureaucratic reference or reported action sequence,",True,0.32711357,0.00127488374710083,0.034443795680999756,0.0014367059338837862,-8.377362973988056e-05,-0.00017096393276005983,0.9930625,0.99595153,0.0028890427,middle
480,1,"""to the Parliament and Council"" suggests a government bill or legislative process connection.","""to the Parliament and Council"" suggesting a government bill or legislative process connection,",True,0.32711357,0.004401564598083496,-0.005767852067947388,0.0014367059338837862,-0.00033637776505202055,-0.00024215015582740307,0.000103143975,0.011787175,0.011684031,middle
480,2,"The final token ""Council"" ends mid-phrase, strongly expecting a noun phrase for approval.","""Council"" ends mid-phrase (""to the Council""), part of an incomplete clause (""it must go to the bill and to the Council""),",True,0.32711357,0.004190564155578613,0.13364750146865845,0.0014367059338837862,0.0004006167873740196,0.0032032679300755262,0.93168133,0.94799244,0.016311113,last
481,0,"The phrase ""Species: Coastal and Coastal/Marine"" suggests a description of habitat.",,False,0.20352644,,,0.12407694011926651,,,0.53605926,0.7589994,0.22294015,unanchored
481,1,"The text expects ""Coastal and Coastal"" to be part of a larger habitat description.",,False,0.20352644,,,0.12407694011926651,,,0.5646682,0.65445876,0.08979061,unanchored
482,0,The text describes a biomedical data visualization tool UI.,Biomedical data visualization tool UI description,True,0.19056419,0.0013166964054107666,0.0020223408937454224,0.18872720003128052,0.0031449049711227417,-0.005755186080932617,0.1712797,0.54021305,0.36893335,first
482,1,The explanation mentions an Update option for the tool.,"For the Update option,",True,0.19056419,0.0033126920461654663,0.005645528435707092,0.18872720003128052,0.01214897632598877,0.011891454458236694,0.98846066,0.99347913,0.0050184806,middle
483,0,The sentence sets up a description of the adult Boxelder Bugs.,"Adult Boxelder Bugs are"" sets up a description, immediately promising physical characteristics or traits of the adult insect",True,0.124035016,0.025201067328453064,0.03184099495410919,0.06616349518299103,0.053452953696250916,0.005068369209766388,0.9681388,0.9827728,0.014633988,middle
483,1,The final token completes a defining noun phrase.,"""are"" completes a defining noun phrase (""Adult Boxelder Bugs are""), part of the species description sequence",True,0.124035016,0.061624541878700256,0.036458566784858704,0.06616349518299103,0.04651428759098053,0.025768518447875977,0.90569896,0.9356584,0.029959433,last
484,0,The passage mirrors a Hebrew idiom about gathering wind or overwhelming power,mirrors a familiar Hebrew idiom about gathering wind or overwhelming power,True,0.35162956,0.0010797679424285889,0.017450571060180664,3.3490798473358154,-0.18230271339416504,-0.07729101181030273,0.9749553,0.98046434,0.005509014,middle
484,1,The numbered questions imply vivid imagery of power and abundance,listing numbered questions implying vivid imagery of power and abundance,True,0.35162956,-0.0013765692710876465,0.0223332941532135,3.3490798473358154,-0.3492147922515869,1.0818450450897217,0.92303133,0.9534872,0.030455861,middle
484,2,"The final token ""handfull"" is part of a parallel list of what God cannot do",part of a parallel list of what God cannot do,True,0.35162956,0.002932816743850708,0.012488365173339844,3.3490798473358154,-0.24288654327392578,1.4325811862945557,-0.52133036,0.09464802,0.61597836,last
485,0,The text implies a contrast between grassroots community concerns and abstract politics.,s an implied civic pride claim about grassroots community concerns versus abstract politics.,True,0.18597545,0.005360201001167297,0.007766306400299072,0.09666566550731659,0.02876441180706024,0.0037035420536994934,0.994841,0.99685377,0.0020127983,middle
485,1,The sentence expresses disappointment in politicians' spending priorities.,But it's a shame that some politicians in County Hall seem to completely ignore the basics of local government spending.,True,0.18597545,0.010018900036811829,0.02174478769302368,0.09666566550731659,0.015557661652565002,-0.013080611824989319,0.026955888,0.030167507,0.003211619,middle
486,0,The sentence discusses limitations and uncertainties in measurements.,establishes a second claim continuing the concept of limitations and uncertainties,True,0.3844297,0.008404076099395752,0.0015584826469421387,0.13239677250385284,-0.017614081501960754,-0.024652674794197083,0.98652613,0.9902108,0.0036846215,middle
486,1,The text lists limitations related to measuring instruments and values.,,False,0.3844297,,,0.13239677250385284,,,0.036557995,0.04569821,0.009140217,unanchored
487,0,Legal frameworks are necessary for addressing SDGs.,effective policy implementation also requires a legal framework that establishes and supports sustainability goals.,True,0.14756161,-0.005207285284996033,-0.0036727190017700195,0.19845569133758545,-0.03807707130908966,-0.04087516665458679,0.012769392,0.029566715,0.016797323,middle
488,0,The paragraph structure indicates valuable insights from field experience.,"""I much prefer reading an actual white paper on standards development methodology — with that firsthand anecdotal evidence and personal experience-backed insights""",True,0.20286816,0.0036852657794952393,0.01280452311038971,0.14440542459487915,0.002283349633216858,0.04006701707839966,0.08615536,0.08773742,0.001582053,middle
488,1,"The explanation expects ""experience-based advice"" or ""details that illuminate problems.""","strongly expecting ""experience-based advice"" or ""details that illuminate problems.""",True,0.20286816,0.016947999596595764,0.026975631713867188,0.14440542459487915,0.1051882654428482,0.1638859510421753,0.14109929,0.15156566,0.010466372,last
489,0,The paragraph introduces a scholarly definition and research study.,,False,0.23453833,,,0.02523125894367695,,,0.11123754,0.16776048,0.05652294,unanchored
489,1,The text follows a formal academic section format.,with a quotation following a formal academic section format about strategic human resource management theory.,True,0.23453833,0.004092171788215637,0.007257908582687378,0.02523125894367695,0.0015223827213048935,0.004001017659902573,0.002375797,0.009899869,0.0075240717,middle
490,0,"The phrase ""So spesso si vedono i 'Blanco di Bolgheri' e 'Rosso di"" suggests a comparative reference to a specific denomination.","""So spesso si vedono i 'Blanco di Bolgheri' e 'Rosso di""",True,0.35643047,-0.001499861478805542,0.016216665506362915,0.01903887465596199,-0.00017775967717170715,4.4424086809158325e-05,0.2385214,0.25426024,0.015738845,middle
490,1,"The final token ""di"" is part of a parenthetical historical comparison expression.",'Brunello di,True,0.35643047,0.013289928436279297,0.014387249946594238,0.01903887465596199,0.0014237146824598312,0.00026348233222961426,0.031031286,0.042300045,0.011268759,last
491,0,The essay uses theological critique to analyze Eve's character.,Academic literary analysis essay establishes scholarly prose style with theological critique of Eve's character in the Bible,True,0.19290747,0.0006066858768463135,0.036188170313835144,0.16240248084068298,0.0005112886428833008,0.05128389596939087,-0.19582206,0.03498269,0.23080474,first
491,1,The sentence structure lists specific examples of Odysseus's behavior.,"""Odysseus is foolish and vindictive, he behaves negatively on several occasions""",True,0.19290747,0.005934298038482666,-0.00861385464668274,0.16240248084068298,0.001945212483406067,-0.011891424655914307,-0.92846584,0.0173055,0.94577134,middle
491,2,The explanation implies a second instance of Jupiter's foolish divine actions.,"he creates disasters,"" implying a second instance or pattern of similarly foolish divine actions follows",True,0.19290747,0.007408231496810913,0.009452149271965027,0.16240248084068298,0.046035051345825195,0.05557459592819214,0.025090551,0.026589338,0.0014987865,middle
491,3,The text expects concrete actions to continue the narrative about Jupiter's flaws.,"expecting concrete actions like ""marries a snow queen,"" ""changes his mind about justice,"" or ""borrows ridiculous schemes,"" continuing narrative",True,0.19290747,0.05824081599712372,0.008872449398040771,0.16240248084068298,0.16094094514846802,0.030476421117782593,0.052501727,0.055457894,0.0029561678,last
492,0,"The explanation discusses the value of books, history, and video for learning about Lean/Agile perspectives.","structured blog post argues for using books, history, and video to learn about Lean/Agile perspectives.",True,0.16889888,-0.0074439942836761475,0.014134123921394348,0.10212429612874985,0.0049691274762153625,0.03249271959066391,0.0107711535,0.013159499,0.0023883455,first
492,1,"The sentence ""A book is important source to learn"" continues a list of reasons why prior writings and history are valuable.",,False,0.16889888,,,0.10212429612874985,,,0.98106194,0.9835774,0.0025154364,unanchored
493,0,The text discusses SiO/Si thin films with novel optical properties.,"Scientific paper structure with technical material characterization format, presenting experimental results on SiO/Si thin films with novel optical properties.",True,0.23629655,0.005603358149528503,0.03876553475856781,0.19309520721435547,-0.017441928386688232,-0.020068541169166565,-0.8661362,0.0011417328,0.8672779,first
493,1,"""In addition,a partial melting process lead to microdis"" suggests a specific term related to void defects.","""In addition,a partial melting process lead to microdis""",True,0.23629655,0.017774149775505066,0.015040621161460876,0.19309520721435547,0.009516626596450806,0.029558300971984863,-0.0008930303,0.0014043767,0.002297407,middle
493,2,"The final token ""microdis"" is part of a parenthetical clause.","inal token ""microdis"" is a truncated word mid-term (""Microdis""), part of a parenthetical clause describing experimental findings (""The introduced microndis"")",True,0.23629655,0.010007411241531372,0.17045791447162628,0.19309520721435547,-0.020776331424713135,3.0443649291992188,0.96042126,0.97813636,0.017715123,last
494,0,The tool regenerates Kit Parts when downloading Vaulted Copies.,But the tool will regenerate your Kit Parts when you download your Vaulted Copy...,True,0.32361737,0.0039050281047821045,0.017697632312774658,0.33086806535720825,0.004065275192260742,-0.03830820322036743,-0.0017948933,0.027830219,0.029625112,middle
494,1,The restored bundle includes purchased items.,so you can retrieve all your purchased items,True,0.32361737,0.0027394890785217285,0.00852203369140625,0.33086806535720825,0.004944175481796265,-0.019344300031661987,0.99535054,0.99651504,0.0011645225,middle
495,0,The explanation describes consumer behavior through cognitive psychology.,Women's lifestyle/business writer tone with cognitive psychology framing exploring consumer behavior and brand messaging through evolutionary psychology metaphors.,True,0.26177585,0.003724128007888794,0.01261758804321289,0.6552435755729675,-0.07503050565719604,-0.21623796224594116,0.06342587,0.08987694,0.026451077,first
495,1,"The explanation outlines a psychological mechanism of resistance via ""status loss.""",,False,0.26177585,,,0.6552435755729675,,,0.9395427,0.9628369,0.0232942,unanchored
495,2,The explanation uses parallel clause completion to describe discomfort signals.,,False,0.26177585,,,0.6552435755729675,,,0.9334201,0.95957273,0.026152613,unanchored
495,3,The explanation continues a quoted thought mid-sentence.,,False,0.26177585,,,0.6552435755729675,,,0.64123,0.79034996,0.14911999,unanchored
496,0,The text suggests a product care label pattern.,,False,0.21469031,,,0.02209584414958954,,,-0.043249086,0.016526219,0.059775304,unanchored
496,1,"The final token ""wear."" closes a third item in a list.",closes a third item in a list,True,0.21469031,0.004251793026924133,0.0023362189531326294,0.02209584414958954,0.0010292381048202515,0.0011908486485481262,0.8287013,0.9083006,0.079599276,last
497,0,The text implies a personal note or confirmation of a successful setup process.,implying a personal note or confirmation of successful setup process.,True,0.28282148,-0.0003204941749572754,-0.005913197994232178,0.016734998673200607,0.016014374792575836,0.010854117572307587,0.8989696,0.9152328,0.016263202,first
497,1,"The phrase ""So after doing the 'Load', the answer is : 'Vo"" suggests a closing joke or phrase.","So after doing the 'Load', the answer is : 'Vo",True,0.28282148,,0.07393753528594971,0.016734998673200607,,0.029405377805233,0.76517904,0.7803792,0.01520012,middle
497,2,"The final token ""Vo"" is part of a concluding punchline or statement.","Final token ""Vo"" is an incomplete word mid-sentence",True,0.28282148,0.0061064064502716064,0.002884119749069214,0.016734998673200607,0.005604509264230728,0.02017819508910179,0.81329644,0.83222944,0.018932974,last
497,3,"The post likely completes the final announcement about their success with ""Voilà.""","likely continuing ""Voilà"" or ""Here is the result""",True,0.28282148,0.000538557767868042,0.0027433931827545166,0.016734998673200607,-0.005667378194630146,0.037440720945596695,0.004464998,0.01449692,0.010031922,last
498,0,The text describes a Thai language app.,Thai language app description format with catchy title structure,True,0.18997522,0.009433165192604065,0.00599554181098938,0.16151154041290283,0.0029445141553878784,-0.01098988950252533,-0.9549303,0.005449116,0.9603794,first
498,1,The app is for PDF editing on IOS.,iMobsoft PDF editor for IOS equipment,True,0.18997522,-0.013083234429359436,-0.011071309447288513,0.16151154041290283,0.04487988352775574,0.03632047772407532,-0.36049417,0.0047907806,0.36528495,first
498,2,The text implies the app can download and convert PDFs.,And additionally you can download many PDF file from web and transform it.,True,0.18997522,0.004744246602058411,0.02431599795818329,0.16151154041290283,-0.015149340033531189,0.05440634489059448,-0.73937476,0.089573555,0.8289483,middle
498,3,The text suggests further editing capabilities are anticipated.,you can edit,True,0.18997522,0.004787281155586243,0.0010286420583724976,0.16151154041290283,0.020672380924224854,-0.01894843578338623,0.71931505,0.7377482,0.018433128,last
499,0,The explanation describes a course syllabus for corporate finance.,Academic/Financial economics textbook format with UK university syllabus listing course topics in corporate finance,True,0.179309,0.024093136191368103,0.024015411734580994,0.12646172940731049,0.025435537099838257,0.019499897956848145,0.041457888,0.04433463,0.002876743,first
499,1,"The course will cover aspects of time value of money, capital structure, working capital management, and price determination.",,False,0.179309,,,0.12646172940731049,,,0.030170385,0.08042605,0.050255667,unanchored
499,2,The list includes theories of portfolio and firm valuation.,plus theories of portfolio valuation and the theory of firm valuation,True,0.179309,0.009335070848464966,0.008593469858169556,0.12646172940731049,0.01726752519607544,0.013276681303977966,-0.0061386116,0.018458113,0.024596725,middle
499,3,The final item is expected to be a financial theory idea.,"the theory of shareholder value, short term liquidity and short term theory and",True,0.179309,0.005578979849815369,0.13140754401683807,0.12646172940731049,0.04356905817985535,0.1608378142118454,0.0029536337,0.0073208394,0.004367206,last
500,0,The text describes a component for executing a workflow.,"""Description : a component to execute a workflow, can be a Python""",True,0.13213424,0.006625741720199585,0.0010746121406555176,0.26949968934059143,0.019560009241104126,-0.06206128001213074,0.042004198,0.17963189,0.13762769,middle
500,1,"The term ""Python"" is part of an incomplete noun phrase.",""" a Python""",True,0.13213424,0.043343499302864075,0.0015954822301864624,0.26949968934059143,-0.060117319226264954,0.0031752586364746094,0.93207407,0.96230555,0.03023145,last
501,0,The text suggests a concluding example or additional scenario.,"""If you hear clicking or rattling sounds when you have your floor – especially if you have""",True,0.2856013,0.0021113157272338867,0.02027830481529236,0.3470420837402344,0.019758284091949463,0.01695692539215088,0.39881206,0.41282833,0.014016277,middle
501,1,The sentence structure implies an incomplete clause.,"""have"" ends an incomplete clause",True,0.2856013,0.00011882185935974121,0.016228169202804565,0.3470420837402344,0.00216829776763916,0.033413976430892944,0.9898143,0.9942814,0.004467133,last
502,0,The text introduces a personal discovery footnote.,"When researching the iconic Gothic sculptor Teresa Riordan, I'd never expected to encounter her.",True,0.3380726,-0.005488932132720947,0.023347675800323486,0.7394524812698364,0.0030195116996765137,0.11961543560028076,0.264438,0.27661538,0.012177391,middle
502,1,The text signals an unexpected research context.,"For a book project, I had",True,0.3380726,-0.028586149215698242,0.011950254440307617,0.7394524812698364,-0.20854252576828003,0.08083081245422363,0.97246385,0.980401,0.007937159,middle
503,0,The explanation uses a balloon analogy to discuss air pressure.,"""The same logic applies to air pressure: the more air you blow into a balloon, the higher its pressure""",True,0.2977176,0.020795613527297974,0.022803008556365967,0.05979708954691887,-0.011304017156362534,0.006823558360338211,0.9293837,0.95508564,0.025701946,middle
503,1,The text discusses the relationship between air volume and pressure in gases.,,False,0.2977176,,,0.05979708954691887,,,0.96185976,0.9783679,0.016508156,unanchored
504,0,The context involves Ukrainian-language web design services.,"Ukrainian-language web design service context establishes a list pattern of promotional images and photo effects,",True,0.27266893,0.01521638035774231,0.052990078926086426,0.45166996121406555,-0.09018832445144653,-0.1699114739894867,-0.8343084,0.00255652,0.8368649,first
504,1,The content includes examples of architecture presentations.,"For example, examples of architecture presentations (videos of a product or a project)",True,0.27266893,0.009949862957000732,0.007556289434432983,0.45166996121406555,-0.051686882972717285,-0.12623193860054016,0.04441076,0.056301948,0.011891186,middle
504,2,A model of a building is mentioned as a specific visual output.,,False,0.27266893,,,0.45166996121406555,,,0.9953753,0.99703777,0.0016624697,unanchored
504,3,The list of examples likely continues with additional items.,"likely continuing with ""or schematic"" or ""for advertisement"" or ""completed in virtual reality.""",True,0.27266893,0.05070355534553528,0.04232636094093323,0.45166996121406555,0.5483525693416595,0.49017634987831116,0.041452106,0.042260714,0.0008086081,last
505,0,The text suggests a nature literature or park history context.,suggesting a nature literature or park history context,True,0.11333077,0.006801322102546692,0.0013971924781799316,0.21026082336902618,0.022895202040672302,-0.008634641766548157,0.11474112,0.11745527,0.0027141515,first
505,1,"The phrase ""One famous adventure story from this area was the expedition of the 'Bugg"" implies an unfamiliar place name or named animal.","""One famous adventure story from this area was the expedition of the 'Bugg""",True,0.11333077,0.00018437951803207397,0.0018515661358833313,0.21026082336902618,0.0330391526222229,-0.0017304867506027222,0.37935096,0.6554206,0.27606964,middle
505,2,"The final token ""Bugg"" is a truncated word mid-item.","Final token ""Bugg"" is a truncated word mid-item",True,0.11333077,0.0028977394104003906,0.013421669602394104,0.21026082336902618,0.04290919005870819,0.35332314670085907,0.9567351,0.9725944,0.015859302,last
505,3,"The word ""Bugg"" is part of a list of named locations or incidents.",part of a list of named locations or incidents,True,0.11333077,-0.00108405202627182,0.01223599910736084,0.21026082336902618,0.007059797644615173,0.18354342877864838,0.85926455,0.8761309,0.016866345,last
506,0,The explanation describes integrating Stripe Pay for an e-commerce platform.,"UK-based e-commerce platform guide structure with visual walkthrough details about integrating Stripe Pay,",True,0.17493907,0.0012623369693756104,0.016260787844657898,0.07321494072675705,-0.006406426429748535,-0.007486231625080109,0.11813691,0.12130076,0.003163847,first
506,1,The explanation mentions connecting a Coinbase account to a website.,presenting step-by-step instructions for connecting Coinbase account to website.,True,0.17493907,-0.003147318959236145,0.0001579970121383667,0.07321494072675705,0.005975864827632904,-0.00244005024433136,-0.9975327,0.0003480867,0.9978808,first
506,2,The explanation describes an OAuth step for wallet setup.,To setup the wallet you will need to visit the Google OAuth page - here you'll be prompted to connect your wallet within the MetaMask browser.,True,0.17493907,0.0012790411710739136,0.02408568561077118,0.07321494072675705,0.005476862192153931,0.029150590300559998,0.9806258,0.98608047,0.005454671,middle
506,3,The explanation indicates the need for user permissions or login credentials.,Once there you'll need to,True,0.17493907,-0.0008388906717300415,0.0012878179550170898,0.07321494072675705,-0.009452112019062042,0.004654325544834137,0.97623813,0.97996384,0.0037256824,middle
507,0,The sentence describes a concluding claim or advertisement phrase.,,False,0.19839534,,,0.1593955010175705,,,0.9668622,0.98072916,0.013866936,unanchored
507,1,"The text expects a noun following ""suitable for.""",,False,0.19839534,,,0.1593955010175705,,,0.9674004,0.9808956,0.013495187,unanchored
508,0,The essay focuses on a mid-19th century New York author's photographic documentation of Chicago's middle-class women.,Academic literary history essay format with thesis-driven analysis of a mid-19th century New York author's photographic documentation of Chicago's middle-class women.,True,0.09841255,0.000499531626701355,0.020120449364185333,0.07374639809131622,0.0022545531392097473,0.0014737993478775024,-0.99566066,0.000120984,0.99578166,first
508,1,The sentence structure signals a concluding theme list.,"""This book charts a narrative of industrialization and""",True,0.09841255,0.0026176273822784424,0.005634285509586334,0.07374639809131622,0.007900446653366089,0.011121861636638641,0.08262256,0.08627699,0.003654436,middle
508,2,"The themes likely include urbanization, economic change, or cultural assimilation.","likely continuing with historical social themes like urbanization, economic change, or cultural assimilation",True,0.09841255,0.006094902753829956,0.006292156875133514,0.07374639809131622,0.027197837829589844,-0.008405148983001709,0.007307021,0.009223442,0.0019164205,middle
508,3,"The text expects ""modernization"" or ""economic progress"" as a paired theme.",,False,0.09841255,,,0.07374639809131622,,,0.7589064,0.7672157,0.008309318,unanchored
509,0,The brochure format includes practical leadership skills discussion.,"Professional coaching/consulting practice brochure format with practical leadership skills discussion,",True,0.19729155,0.0007204264402389526,0.010561048984527588,0.030955689027905464,-0.0009061228483915329,0.010193763300776482,-0.69703585,0.06347125,0.7605071,first
509,1,The format features women business coach questions and testimonies.,featuring women business coach questions and testimonies,True,0.19729155,0.004255831241607666,0.00796055793762207,0.030955689027905464,0.006377300247550011,-0.0048442985862493515,-0.003492265,0.00042470463,0.0039169695,first
509,2,The numbered list introduces a quoted expert's qualifications or framework definition.,"introduces a quoted expert's qualifications or framework definition,",True,0.19729155,0.013548150658607483,0.003901153802871704,0.030955689027905464,0.003401605412364006,0.004970228299498558,-0.54172695,0.21003473,0.7517617,middle
509,3,"The final token ""is"" is mid-quote expecting a noun phrase.",,False,0.19729155,,,0.030955689027905464,,,0.6286559,0.8006299,0.17197403,unanchored
510,0,The sentence describes a continuation of the creative process.,"""During the inspirations stage I collected multiple textures from the colored storm pattern to develop""",True,0.16109313,0.0007413774728775024,0.009835571050643921,0.1051381379365921,0.0018426328897476196,0.028094127774238586,0.9818387,0.98834383,0.006505144,middle
510,1,The process involves using storm imagery colors.,"""The colors gathered from the storm imagery helped me to develop""",True,0.16109313,0.0017997324466705322,0.001573711633682251,0.1051381379365921,0.003864683210849762,-0.007345288991928101,-0.9955877,0.00033869516,0.9959264,last
511,0,The task involves designing a portable/collapsible storage box,design a portable/collapsible storage box that will,True,0.2441345,0.010604336857795715,0.021874770522117615,0.30383169651031494,0.0794544517993927,0.07775819301605225,0.09960252,0.11284625,0.013243731,middle
511,1,The project is related to engineering and design challenges,engineering and design challenges involving cardboard boxes,True,0.2441345,0.0009476989507675171,-0.005885988473892212,0.30383169651031494,-0.011625945568084717,-0.03992569446563721,0.50183254,0.56223047,0.060397934,first
511,2,"The challenge description is incomplete with ""will""",,False,0.2441345,,,0.30383169651031494,,,0.97119516,0.9844514,0.013256227,unanchored
511,3,The project context is a student competition,student competition context establishing a student project idea,True,0.2441345,-0.0011541694402694702,-0.004301786422729492,0.30383169651031494,-0.013958126306533813,-0.016124069690704346,0.53040874,0.54619324,0.015784485,first
