idx,kind,claim_id,vid,p_entail,p_neutral,p_contra,S_x
0,orig,-1,0,0.68447274,0.3106323,0.004895024,0.6795777
0,paraphrase,-1,1,0.46142527,0.5316161,0.00695864,0.45446664
0,translate,-1,2,0.2644319,0.7322621,0.0033060291,0.26112586
0,polarity,-1,3,0.94939923,0.044166133,0.0064345943,0.9429646
0,vocab,-1,4,0.677205,0.25320753,0.069587395,0.6076176
0,cat,-1,5,0.6217508,0.37344614,0.0048030834,0.6169477
0,shuffle,-1,6,0.99216413,0.0061586485,0.0016771167,0.99048704
0,unrelated,32,7,0.6797527,0.30579075,0.014456485,0.6652962
0,unrelated_token,32,8,0.30933806,0.6769774,0.013684594,0.29565346
1,orig,-1,9,0.9789742,0.009739148,0.011286584,0.96768767
1,paraphrase,-1,10,0.97491634,0.010164234,0.014919426,0.95999694
1,translate,-1,11,0.9654845,0.017089263,0.01742632,0.9480582
1,polarity,-1,12,0.86390126,0.05311163,0.08298709,0.7809142
1,vocab,-1,13,0.8635761,0.024521703,0.111902155,0.75167394
1,cat,-1,14,0.96315134,0.024253719,0.012594957,0.9505564
1,shuffle,-1,15,0.9416646,0.01929708,0.03903832,0.9026263
1,unrelated,90,16,0.10719928,0.82365525,0.0691455,0.03805378
1,unrelated_token,90,17,0.10359828,0.83093536,0.06546636,0.038131922
2,orig,-1,18,0.84093076,0.1361278,0.022941487,0.8179893
2,paraphrase,-1,19,0.80149704,0.18797068,0.010532335,0.7909647
2,translate,-1,20,0.32514805,0.6347467,0.04010525,0.2850428
2,polarity,-1,21,0.96785,0.029694038,0.0024559526,0.9653941
2,vocab,-1,22,0.96276486,0.02244393,0.014791135,0.9479737
2,cat,-1,23,0.8626155,0.11810221,0.019282306,0.84333324
2,shuffle,-1,24,0.9612995,0.033403706,0.0052968594,0.9560026
2,unrelated,188,25,0.94563586,0.03704419,0.017319925,0.92831594
2,unrelated_token,188,26,0.9166587,0.056824837,0.02651648,0.8901422
3,orig,-1,27,0.5184519,0.45286474,0.028683327,0.4897686
3,paraphrase,-1,28,0.7599368,0.22474661,0.01531662,0.7446202
3,translate,-1,29,0.37132955,0.615516,0.013154421,0.35817513
3,polarity,-1,30,0.9797347,0.017409367,0.0028559119,0.9768788
3,vocab,-1,31,0.8084983,0.16295823,0.028543482,0.77995485
3,cat,-1,32,0.7610943,0.21789752,0.021008212,0.7400861
3,shuffle,-1,33,0.47609732,0.4632554,0.060647316,0.41545
3,unrelated,254,34,0.98119074,0.016132835,0.002676393,0.9785144
3,unrelated_token,254,35,0.980529,0.016903916,0.0025671076,0.9779619
4,orig,-1,36,0.8825985,0.093252584,0.02414887,0.85844964
4,paraphrase,-1,37,0.6406842,0.33124843,0.028067349,0.61261684
4,translate,-1,38,0.66949296,0.26304275,0.067464314,0.60202867
4,polarity,-1,39,0.9438954,0.051681925,0.004422628,0.9394728
4,vocab,-1,40,0.9539729,0.022766354,0.023260767,0.9307121
4,cat,-1,41,0.81859946,0.12618157,0.055218935,0.7633805
4,shuffle,-1,42,0.86724323,0.10669588,0.026060916,0.8411823
4,unrelated,81,43,0.98862004,0.0029674897,0.008412414,0.9802076
4,unrelated_token,81,44,0.9927254,0.002289168,0.004985376,0.98774
5,orig,-1,45,0.002623336,0.010905328,0.98647135,-0.98384804
5,paraphrase,-1,46,0.00021176875,0.00081895903,0.9989693,-0.99875754
5,translate,-1,47,0.00043677763,0.0032210767,0.9963421,-0.99590534
5,polarity,-1,48,0.03268607,0.41284892,0.55446494,-0.5217789
5,vocab,-1,49,0.000106539,0.00040840573,0.999485,-0.9993785
5,cat,-1,50,0.00087626476,0.0037988934,0.99532485,-0.9944486
5,shuffle,-1,51,0.0031906532,0.015643718,0.98116565,-0.977975
5,unrelated,55,52,0.9833612,0.011183215,0.005455589,0.9779056
5,unrelated_token,55,53,0.97309905,0.018733071,0.008167904,0.96493113
6,orig,-1,54,0.9776748,0.0046530403,0.017672211,0.96000254
6,paraphrase,-1,55,0.8281798,0.046997275,0.12482294,0.70335686
6,translate,-1,56,0.2404901,0.047995467,0.71151435,-0.47102427
6,polarity,-1,57,0.98417944,0.00841562,0.0074050324,0.9767744
6,vocab,-1,58,0.022219265,0.0068030152,0.97097766,-0.9487584
6,cat,-1,59,0.96540904,0.006016026,0.028575003,0.93683404
6,shuffle,-1,60,0.979563,0.0054611177,0.014975904,0.9645871
6,unrelated,17,61,0.090796866,0.87161124,0.037591908,0.053204957
6,unrelated_token,17,62,0.14089014,0.79527926,0.06383058,0.07705956
7,orig,-1,63,0.50685436,0.051275246,0.44187042,0.064983934
7,paraphrase,-1,64,0.7517752,0.051359177,0.19686559,0.5549096
7,translate,-1,65,0.054864485,0.054464113,0.89067143,-0.83580697
7,polarity,-1,66,0.855388,0.028508095,0.11610383,0.73928416
7,vocab,-1,67,0.90894955,0.010602796,0.080447674,0.8285019
7,cat,-1,68,0.59012973,0.08988279,0.31998745,0.2701423
7,shuffle,-1,69,0.60791755,0.20749104,0.1845914,0.42332613
7,unrelated,216,70,0.95004386,0.043787993,0.006168149,0.94387573
7,unrelated_token,216,71,0.9520624,0.042004682,0.0059328554,0.94612956
8,orig,-1,72,0.86091655,0.12342267,0.015660815,0.84525573
8,paraphrase,-1,73,0.8950256,0.08373957,0.021234803,0.8737908
8,translate,-1,74,0.76351297,0.18314108,0.053345907,0.71016705
8,polarity,-1,75,0.99174714,0.006708494,0.0015443829,0.9902028
8,vocab,-1,76,0.69470817,0.06367827,0.24161352,0.45309466
8,cat,-1,77,0.8570962,0.12642,0.016483802,0.8406124
8,shuffle,-1,78,0.88678515,0.08409019,0.029124713,0.8576604
8,unrelated,205,79,0.1078133,0.8788164,0.013370211,0.09444309
8,unrelated_token,205,80,0.095326826,0.8888934,0.015779749,0.07954708
9,orig,-1,81,0.9826397,0.013026691,0.0043336684,0.978306
9,paraphrase,-1,82,0.9750181,0.020305138,0.0046767914,0.97034127
9,translate,-1,83,0.95147425,0.02573009,0.022795597,0.92867863
9,polarity,-1,84,0.989465,0.008636121,0.0018989574,0.98756605
9,vocab,-1,85,0.8383727,0.13024303,0.03138426,0.8069885
9,cat,-1,86,0.9812726,0.0147406375,0.003986808,0.97728574
9,shuffle,-1,87,0.00069086876,0.99783224,0.001476922,-0.0007860532
9,unrelated,68,88,0.06408144,0.25898266,0.6769359,-0.6128545
9,unrelated_token,68,89,0.13248764,0.38336572,0.48414668,-0.35165906
10,orig,-1,90,0.903881,0.043916218,0.052202754,0.85167825
10,paraphrase,-1,91,0.7470263,0.16526587,0.08770778,0.65931857
10,translate,-1,92,0.5251119,0.24351506,0.23137304,0.29373887
10,polarity,-1,93,0.93154746,0.031076642,0.037375927,0.89417154
10,vocab,-1,94,0.93891054,0.018485485,0.04260394,0.89630663
10,cat,-1,95,0.841416,0.122541584,0.03604238,0.8053736
10,shuffle,-1,96,0.92952335,0.027445741,0.043030884,0.8864925
10,unrelated,26,97,0.16102897,0.79179037,0.047180664,0.1138483
10,unrelated_token,26,98,0.15243448,0.7961686,0.051396836,0.10103765
11,orig,-1,99,0.40888473,0.025372053,0.56574327,-0.15685853
11,paraphrase,-1,100,0.84955233,0.07614201,0.07430559,0.77524674
11,translate,-1,101,0.41054356,0.4321409,0.15731554,0.253228
11,polarity,-1,102,0.9968258,0.0019699605,0.0012042128,0.9956216
11,vocab,-1,103,0.98892444,0.0053593596,0.005716162,0.9832083
11,cat,-1,104,0.20648926,0.02293111,0.77057964,-0.5640904
11,shuffle,-1,105,0.4083536,0.027465064,0.5641813,-0.15582773
11,unrelated,67,106,0.9772768,0.007796814,0.014926368,0.9623504
11,unrelated_token,67,107,0.97492015,0.014531243,0.01054855,0.9643716
12,orig,-1,108,0.11185262,0.86752474,0.020622574,0.09123005
12,paraphrase,-1,109,0.30569947,0.6602523,0.034048233,0.27165124
12,translate,-1,110,0.13801296,0.84067225,0.021314705,0.11669826
12,polarity,-1,111,0.696299,0.22618629,0.07751463,0.61878437
12,vocab,-1,112,0.38476384,0.47837892,0.13685724,0.2479066
12,cat,-1,113,0.14990613,0.81221706,0.037876766,0.11202936
12,shuffle,-1,114,0.3931708,0.58220476,0.024624363,0.36854643
12,unrelated,59,115,0.07360217,0.8618866,0.06451118,0.00909099
12,unrelated_token,59,116,0.072033376,0.83940727,0.088559315,-0.01652594
13,orig,-1,117,0.32379955,0.10044319,0.57575727,-0.2519577
13,paraphrase,-1,118,0.42710802,0.19129454,0.3815974,0.04551062
13,translate,-1,119,0.07696115,0.0813666,0.84167224,-0.7647111
13,polarity,-1,120,0.9050991,0.033097267,0.06180365,0.84329545
13,vocab,-1,121,0.1078663,0.07660079,0.81553286,-0.7076666
13,cat,-1,122,0.70645785,0.07772931,0.21581283,0.49064502
13,shuffle,-1,123,0.547962,0.415648,0.03638993,0.51157206
13,unrelated,206,124,0.3694201,0.58488023,0.045699652,0.32372046
13,unrelated_token,206,125,0.3682118,0.57547253,0.05631566,0.31189615
14,orig,-1,126,0.025580773,0.964139,0.010280201,0.015300572
14,paraphrase,-1,127,0.030328318,0.950422,0.019249633,0.0110786855
14,translate,-1,128,0.01917048,0.9699065,0.010923011,0.008247469
14,polarity,-1,129,0.39984623,0.5649759,0.035177827,0.3646684
14,vocab,-1,130,0.057503838,0.65938324,0.28311294,-0.22560911
14,cat,-1,131,0.053198177,0.76288706,0.18391472,-0.13071655
14,shuffle,-1,132,0.7049169,0.24549346,0.049589694,0.6553272
14,unrelated,168,133,0.0037288573,0.089180484,0.9070906,-0.90336174
14,unrelated_token,168,134,0.0023845416,0.04683031,0.95078516,-0.9484006
15,orig,-1,135,0.9601328,0.026631923,0.013235358,0.94689745
15,paraphrase,-1,136,0.7693444,0.22443926,0.006216327,0.76312804
15,translate,-1,137,0.21604006,0.7795111,0.0044488753,0.21159118
15,polarity,-1,138,0.9866106,0.011879828,0.0015096131,0.985101
15,vocab,-1,139,0.007484503,0.0074407775,0.98507476,-0.97759026
15,cat,-1,140,0.9670396,0.020727597,0.012232818,0.95480675
15,shuffle,-1,141,0.9784379,0.007768054,0.013794067,0.96464384
15,unrelated,186,142,0.036881577,0.95026,0.01285845,0.024023127
15,unrelated_token,186,143,0.101432316,0.87634844,0.022219252,0.07921307
16,orig,-1,144,0.084605195,0.9008621,0.014532668,0.070072524
16,paraphrase,-1,145,0.12474959,0.8522486,0.023001827,0.101747766
16,translate,-1,146,0.09576884,0.8952115,0.009019635,0.0867492
16,polarity,-1,147,0.21194878,0.78021324,0.007837982,0.2041108
16,vocab,-1,148,0.31378266,0.6498411,0.036376227,0.27740642
16,cat,-1,149,0.07612301,0.9061069,0.01777009,0.058352917
16,shuffle,-1,150,0.36314392,0.592326,0.04453015,0.31861377
16,unrelated,247,151,0.9188446,0.07156647,0.009589004,0.90925556
16,unrelated_token,247,152,0.919497,0.070446745,0.010056324,0.9094407
17,orig,-1,153,0.14648709,0.17847474,0.6750382,-0.5285511
17,paraphrase,-1,154,0.17566161,0.2581258,0.5662126,-0.39055097
17,translate,-1,155,0.07036073,0.41979566,0.50984365,-0.43948293
17,polarity,-1,156,0.39370608,0.49093303,0.115360916,0.27834517
17,vocab,-1,157,0.30947402,0.21041271,0.48011327,-0.17063925
17,cat,-1,158,0.21178678,0.11810754,0.6701057,-0.45831892
17,shuffle,-1,159,0.08087303,0.036398977,0.88272804,-0.801855
17,unrelated,105,160,0.013982149,0.31560165,0.6704162,-0.656434
17,unrelated_token,105,161,0.017667059,0.32325453,0.65907836,-0.6414113
18,orig,-1,162,0.1683577,0.10867337,0.72296894,-0.5546112
18,paraphrase,-1,163,0.07404227,0.03878958,0.88716817,-0.8131259
18,translate,-1,164,0.0048551625,0.005421617,0.9897232,-0.98486805
18,polarity,-1,165,0.30966192,0.04083756,0.6495006,-0.33983868
18,vocab,-1,166,0.002727093,0.0013928628,0.99588,-0.9931529
18,cat,-1,167,0.2887673,0.1483501,0.5628826,-0.2741153
18,shuffle,-1,168,0.6102351,0.04189361,0.3478713,0.2623638
18,unrelated,215,169,0.9251868,0.071534604,0.0032786035,0.9219082
18,unrelated_token,215,170,0.93842876,0.056760922,0.004810348,0.9336184
19,orig,-1,171,0.98010695,0.010625402,0.00926764,0.9708393
19,paraphrase,-1,172,0.7426112,0.13663343,0.12075532,0.6218559
19,translate,-1,173,0.37806705,0.473046,0.14888687,0.22918017
19,polarity,-1,174,0.9716915,0.018148169,0.010160336,0.96153116
19,vocab,-1,175,0.81748194,0.02671781,0.15580028,0.66168165
19,cat,-1,176,0.9840184,0.008706809,0.007274812,0.9767436
19,shuffle,-1,177,0.9794677,0.012091202,0.008441019,0.97102666
19,unrelated,240,178,0.6494266,0.32863158,0.021941824,0.62748474
19,unrelated_token,240,179,0.41244915,0.57151157,0.01603931,0.39640984
20,orig,-1,180,0.87604207,0.006407347,0.117550634,0.75849146
20,paraphrase,-1,181,0.7107414,0.013094183,0.27616438,0.43457702
20,translate,-1,182,0.8359262,0.006470233,0.15760364,0.67832255
20,polarity,-1,183,0.98956925,0.0038664928,0.006564292,0.9830049
20,vocab,-1,184,0.15444168,0.008817863,0.83674043,-0.6822988
20,cat,-1,185,0.9390006,0.0045839017,0.05641547,0.88258517
20,shuffle,-1,186,0.8856681,0.005727772,0.108604126,0.77706397
20,unrelated,58,187,0.9613031,0.007155628,0.03154129,0.9297618
20,unrelated_token,58,188,0.9590492,0.007779478,0.033171285,0.9258779
21,orig,-1,189,0.99475443,0.0025242234,0.0027213518,0.99203306
21,paraphrase,-1,190,0.99596524,0.0022390601,0.0017956247,0.9941696
21,translate,-1,191,0.99027455,0.0050169695,0.004708406,0.98556614
21,polarity,-1,192,0.87657565,0.0061176578,0.11730677,0.7592689
21,vocab,-1,193,0.96948516,0.0048924964,0.025622334,0.94386286
21,cat,-1,194,0.99349546,0.003664495,0.0028400102,0.9906555
21,shuffle,-1,195,0.9740296,0.021206193,0.0047641983,0.9692654
21,unrelated,251,196,0.9814187,0.009734906,0.008846438,0.97257227
21,unrelated_token,251,197,0.97068393,0.020999629,0.008316449,0.9623675
22,orig,-1,198,0.946439,0.024445755,0.029115224,0.9173238
22,paraphrase,-1,199,0.8692339,0.10378984,0.026976226,0.8422577
22,translate,-1,200,0.5611916,0.40204594,0.036762435,0.5244292
22,polarity,-1,201,0.93363947,0.046211608,0.020148966,0.9134905
22,vocab,-1,202,0.9368757,0.023615107,0.03950926,0.89736646
22,cat,-1,203,0.9391663,0.027220678,0.033613052,0.9055533
22,shuffle,-1,204,0.7820607,0.12723227,0.09070708,0.6913536
22,unrelated,130,205,0.07909291,0.8355124,0.08539465,-0.0063017383
22,unrelated_token,130,206,0.03237559,0.90106416,0.06656025,-0.034184664
23,orig,-1,207,0.61022484,0.19981109,0.18996412,0.42026073
23,paraphrase,-1,208,0.6960852,0.07000713,0.23390765,0.46217757
23,translate,-1,209,0.7282999,0.15158293,0.120117076,0.60818285
23,polarity,-1,210,0.9647918,0.024117736,0.011090535,0.95370126
23,vocab,-1,211,0.872161,0.041272346,0.08656672,0.7855942
23,cat,-1,212,0.65877503,0.16836333,0.17286162,0.4859134
23,shuffle,-1,213,0.8491696,0.07333517,0.077495195,0.7716744
23,unrelated,112,214,0.09399505,0.8842123,0.021792639,0.072202414
23,unrelated_token,112,215,0.11095279,0.87446415,0.014583071,0.09636971
24,orig,-1,216,0.23741902,0.6988363,0.06374465,0.17367437
24,paraphrase,-1,217,0.98147786,0.012985901,0.0055362927,0.97594154
24,translate,-1,218,0.86001486,0.1063115,0.03367364,0.8263412
24,polarity,-1,219,0.948521,0.04587183,0.005607161,0.94291383
24,vocab,-1,220,0.5994978,0.037952166,0.36255005,0.23694775
24,cat,-1,221,0.23163743,0.6913939,0.07696858,0.15466885
24,shuffle,-1,222,0.4179158,0.51605713,0.06602709,0.35188872
24,unrelated,84,223,0.25132266,0.72033477,0.028342558,0.2229801
24,unrelated_token,84,224,0.25050128,0.7262666,0.023232086,0.22726919
25,orig,-1,225,0.95671463,0.022898773,0.02038649,0.9363281
25,paraphrase,-1,226,0.91710186,0.04264283,0.040255312,0.87684655
25,translate,-1,227,0.9898622,0.0062777954,0.0038600906,0.9860021
25,polarity,-1,228,0.98893225,0.0045395903,0.0065281135,0.9824041
25,vocab,-1,229,0.281358,0.046166517,0.6724755,-0.3911175
25,cat,-1,230,0.9633054,0.014886408,0.021808168,0.94149727
25,shuffle,-1,231,0.93152004,0.024463184,0.04401681,0.88750327
25,unrelated,147,232,0.9765499,0.014569755,0.008880259,0.96766967
25,unrelated_token,147,233,0.97400767,0.018805578,0.007186753,0.9668209
26,orig,-1,234,0.41247535,0.47836295,0.10916175,0.3033136
26,paraphrase,-1,235,0.3871922,0.46784177,0.14496602,0.24222617
26,translate,-1,236,0.12276062,0.8238965,0.053342864,0.06941776
26,polarity,-1,237,0.6077675,0.32160297,0.07062956,0.537138
26,vocab,-1,238,0.4053809,0.40577698,0.18884207,0.21653883
26,cat,-1,239,0.32952064,0.5429562,0.12752318,0.20199746
26,shuffle,-1,240,0.40584502,0.4583135,0.13584153,0.2700035
26,unrelated,36,241,0.794986,0.17767793,0.027336076,0.76764995
26,unrelated_token,36,242,0.812261,0.16132115,0.026417864,0.78584313
27,orig,-1,243,0.9734394,0.01107038,0.015490247,0.95794916
27,paraphrase,-1,244,0.77824897,0.1407985,0.080952525,0.69729644
27,translate,-1,245,0.9549319,0.021852084,0.023216035,0.9317159
27,polarity,-1,246,0.99650013,0.0027582622,0.00074165163,0.9957585
27,vocab,-1,247,0.98413646,0.006290435,0.009573053,0.9745634
27,cat,-1,248,0.9629959,0.02169497,0.015309103,0.9476868
27,shuffle,-1,249,0.9875401,0.008057662,0.0044023176,0.9831378
27,unrelated,18,250,0.3073076,0.6017526,0.09093981,0.21636778
27,unrelated_token,18,251,0.42205322,0.5209117,0.057035077,0.36501813
28,orig,-1,252,0.84862596,0.028504552,0.12286957,0.7257564
28,paraphrase,-1,253,0.867923,0.031337455,0.10073955,0.7671835
28,translate,-1,254,0.46594203,0.08814844,0.44590947,0.020032555
28,polarity,-1,255,0.98667324,0.010993109,0.0023337207,0.98433954
28,vocab,-1,256,0.73818177,0.14960502,0.11221325,0.6259685
28,cat,-1,257,0.8468088,0.03133075,0.12186042,0.72494835
28,shuffle,-1,258,0.11572855,0.8551248,0.029146686,0.08658186
28,unrelated,194,259,0.9095169,0.074130975,0.016352141,0.89316475
28,unrelated_token,194,260,0.86006516,0.088334374,0.051600516,0.80846465
29,orig,-1,261,0.9901816,0.004457411,0.005360935,0.98482066
29,paraphrase,-1,262,0.9902767,0.0043460764,0.00537718,0.9848995
29,translate,-1,263,0.9860281,0.0063025253,0.0076694083,0.9783587
29,polarity,-1,264,0.993252,0.004333667,0.0024144056,0.9908376
29,vocab,-1,265,0.98743457,0.005186644,0.0073789093,0.98005563
29,cat,-1,266,0.9879579,0.005897605,0.006144528,0.9818134
29,shuffle,-1,267,0.9442066,0.017965099,0.03782839,0.9063782
29,unrelated,132,268,0.6219072,0.24786122,0.13023159,0.4916756
29,unrelated_token,132,269,0.5478498,0.29248315,0.15966709,0.3881827
30,orig,-1,270,0.75204945,0.2332017,0.014748798,0.73730063
30,paraphrase,-1,271,0.96188027,0.034000006,0.004119637,0.95776063
30,translate,-1,272,0.8416567,0.055513278,0.10283001,0.7388267
30,polarity,-1,273,0.9834658,0.015592589,0.0009416807,0.9825241
30,vocab,-1,274,0.35351804,0.61802465,0.028457263,0.32506078
30,cat,-1,275,0.51186526,0.4710921,0.017042628,0.49482262
30,shuffle,-1,276,0.7449595,0.23734887,0.017691698,0.7272678
30,unrelated,134,277,0.4277971,0.5399946,0.032208268,0.39558885
30,unrelated_token,134,278,0.42231184,0.53935444,0.03833372,0.38397813
31,orig,-1,279,0.8915371,0.009376997,0.09908585,0.7924512
31,paraphrase,-1,280,0.8139691,0.04696409,0.13906683,0.67490226
31,translate,-1,281,0.9691771,0.0058996025,0.024923293,0.94425386
31,polarity,-1,282,0.99576026,0.0029339746,0.0013057634,0.9944545
31,vocab,-1,283,0.97490996,0.004787167,0.020302888,0.95460707
31,cat,-1,284,0.90443635,0.007779192,0.08778441,0.81665194
31,shuffle,-1,285,0.8404654,0.044673726,0.114860855,0.7256046
31,unrelated,97,286,0.7628639,0.22227721,0.014858959,0.7480049
31,unrelated_token,97,287,0.8222426,0.16393772,0.01381974,0.80842286
32,orig,-1,288,0.9621771,0.026740804,0.011082102,0.951095
32,paraphrase,-1,289,0.9274104,0.05364019,0.018949378,0.90846103
32,translate,-1,290,0.6367821,0.34368593,0.019531967,0.61725014
32,polarity,-1,291,0.9903287,0.007717919,0.0019533022,0.9883754
32,vocab,-1,292,0.8633248,0.07315125,0.06352389,0.79980093
32,cat,-1,293,0.90792936,0.07125355,0.020817125,0.88711226
32,shuffle,-1,294,0.84288365,0.07940205,0.07771435,0.7651693
32,unrelated,87,295,0.9038601,0.084850505,0.011289377,0.89257073
32,unrelated_token,87,296,0.8942419,0.09522456,0.010533599,0.88370836
33,orig,-1,297,0.9516933,0.024247678,0.024058983,0.9276343
33,paraphrase,-1,298,0.5145342,0.4426907,0.042775147,0.47175902
33,translate,-1,299,0.29648903,0.6634345,0.04007648,0.25641257
33,polarity,-1,300,0.956286,0.024269706,0.019444209,0.9368418
33,vocab,-1,301,0.544007,0.16143756,0.29455546,0.24945155
33,cat,-1,302,0.9558844,0.021788603,0.022327095,0.9335573
33,shuffle,-1,303,0.93295705,0.031429097,0.035613835,0.8973432
33,unrelated,131,304,0.908461,0.031237982,0.060301058,0.8481599
33,unrelated_token,131,305,0.88972795,0.038335815,0.07193616,0.8177918
34,orig,-1,306,0.8631461,0.12795115,0.008902795,0.85424334
34,paraphrase,-1,307,0.56775457,0.4103384,0.021907005,0.54584754
34,translate,-1,308,0.95934534,0.031723935,0.008930687,0.95041466
34,polarity,-1,309,0.23988852,0.6980918,0.062019706,0.17786881
34,vocab,-1,310,0.3225083,0.6524397,0.025051987,0.29745632
34,cat,-1,311,0.5892346,0.39060295,0.020162499,0.56907207
34,shuffle,-1,312,0.960153,0.033502627,0.006344329,0.95380867
34,unrelated,24,313,0.17294858,0.75779384,0.069257624,0.10369096
34,unrelated_token,24,314,0.19153158,0.71414983,0.09431862,0.09721296
35,orig,-1,315,0.94857895,0.042853918,0.008567139,0.9400118
35,paraphrase,-1,316,0.9698729,0.024602514,0.0055245194,0.9643484
35,translate,-1,317,0.8951738,0.09972713,0.0050990237,0.8900748
35,polarity,-1,318,0.94837934,0.048139486,0.0034810458,0.9448983
35,vocab,-1,319,0.89657205,0.062064145,0.04136383,0.8552082
35,cat,-1,320,0.9124596,0.07573589,0.01180458,0.90065503
35,shuffle,-1,321,0.96657884,0.026113039,0.007308202,0.95927066
35,unrelated,170,322,0.014951203,0.9836944,0.0013544895,0.013596714
35,unrelated_token,170,323,0.012991712,0.9857603,0.0012479948,0.011743718
36,orig,-1,324,0.7011276,0.2691892,0.029683178,0.6714444
36,paraphrase,-1,325,0.97311944,0.020374741,0.0065058013,0.96661365
36,translate,-1,326,0.66735125,0.29190028,0.040748462,0.62660277
36,polarity,-1,327,0.99449086,0.004326379,0.0011827662,0.99330807
36,vocab,-1,328,0.8631929,0.07400222,0.062804885,0.80038804
36,cat,-1,329,0.7674085,0.20326854,0.029322958,0.7380855
36,shuffle,-1,330,0.8571468,0.13036112,0.012492064,0.84465474
36,unrelated,122,331,0.62770617,0.34061202,0.03168185,0.59602433
36,unrelated_token,122,332,0.5958534,0.37488365,0.029262966,0.5665904
37,orig,-1,333,0.53632426,0.12895274,0.33472303,0.20160124
37,paraphrase,-1,334,0.49633086,0.29570416,0.207965,0.28836584
37,translate,-1,335,0.09815254,0.056419328,0.8454281,-0.7472756
37,polarity,-1,336,0.9845708,0.011428967,0.0040002083,0.9805706
37,vocab,-1,337,0.36055753,0.06115928,0.5782832,-0.21772566
37,cat,-1,338,0.6348619,0.07989024,0.28524792,0.34961396
37,shuffle,-1,339,0.32096457,0.036028817,0.64300656,-0.322042
37,unrelated,113,340,0.9365104,0.047871854,0.015617789,0.9208926
37,unrelated_token,113,341,0.9118198,0.06330485,0.024875414,0.8869444
38,orig,-1,342,0.010915395,0.015110191,0.9739744,-0.963059
38,paraphrase,-1,343,0.07675294,0.05466569,0.8685813,-0.79182833
38,translate,-1,344,0.4054711,0.3625093,0.23201965,0.17345144
38,polarity,-1,345,0.048754763,0.019101964,0.9321433,-0.8833885
38,vocab,-1,346,0.084513515,0.039552707,0.8759337,-0.7914202
38,cat,-1,347,0.009052427,0.010898005,0.9800496,-0.97099715
38,shuffle,-1,348,0.26539207,0.121943675,0.6126642,-0.34727216
38,unrelated,226,349,0.7947286,0.09612947,0.109141916,0.6855867
38,unrelated_token,226,350,0.83000046,0.080749206,0.089250386,0.7407501
39,orig,-1,351,0.0025462247,0.9956162,0.0018375624,0.0007086623
39,paraphrase,-1,352,0.0015644988,0.9968464,0.001589136,-2.4637207e-05
39,translate,-1,353,0.0032160564,0.9938182,0.0029656647,0.00025039166
39,polarity,-1,354,0.029092181,0.9683527,0.0025551128,0.026537068
39,vocab,-1,355,0.020842515,0.7361604,0.24299711,-0.22215459
39,cat,-1,356,0.0025404475,0.9952992,0.002160265,0.0003801824
39,shuffle,-1,357,0.9799034,0.014183828,0.005912699,0.9739907
39,unrelated,41,358,0.52897966,0.44937786,0.021642542,0.5073371
39,unrelated_token,41,359,0.5428622,0.43641508,0.020722715,0.5221395
40,orig,-1,360,0.9962263,0.0029497156,0.00082392007,0.9954024
40,paraphrase,-1,361,0.9972512,0.0019289114,0.0008199492,0.9964313
40,translate,-1,362,0.9928076,0.0058517912,0.001340597,0.99146706
40,polarity,-1,363,0.9933791,0.0052742218,0.0013466188,0.99203247
40,vocab,-1,364,0.9678229,0.02102995,0.011147129,0.95667577
40,cat,-1,365,0.99540025,0.003307239,0.0012926062,0.99410766
40,shuffle,-1,366,0.98331684,0.013535107,0.0031480738,0.98016876
40,unrelated,138,367,0.7029121,0.14059126,0.15649666,0.54641545
40,unrelated_token,138,368,0.6877277,0.131063,0.1812093,0.50651836
41,orig,-1,369,0.6422061,0.23624,0.12155398,0.5206521
41,paraphrase,-1,370,0.8706157,0.059507072,0.06987722,0.8007385
41,translate,-1,371,0.8111973,0.14098215,0.047820605,0.76337665
41,polarity,-1,372,0.9518522,0.04253195,0.005615874,0.9462363
41,vocab,-1,373,0.7976428,0.08883998,0.11351715,0.68412566
41,cat,-1,374,0.5372577,0.29434574,0.16839655,0.36886114
41,shuffle,-1,375,0.70010996,0.17727499,0.12261507,0.57749486
41,unrelated,171,376,0.22156183,0.73123324,0.047204915,0.17435692
41,unrelated_token,171,377,0.24600485,0.7059543,0.048040792,0.19796406
42,orig,-1,378,0.7742341,0.20746852,0.018297365,0.75593674
42,paraphrase,-1,379,0.37745193,0.33311033,0.28943777,0.088014156
42,translate,-1,380,0.018585173,0.96824884,0.013165998,0.005419175
42,polarity,-1,381,0.64497983,0.24644083,0.10857931,0.53640056
42,vocab,-1,382,0.32222095,0.12875871,0.54902035,-0.2267994
42,cat,-1,383,0.74291706,0.23675591,0.020327032,0.72259
42,shuffle,-1,384,0.7994976,0.18640633,0.0140960915,0.7854015
42,unrelated,108,385,0.17823139,0.808983,0.012785567,0.16544582
42,unrelated_token,108,386,0.12357315,0.8656568,0.010770055,0.112803094
43,orig,-1,387,0.9863623,0.008943247,0.004694387,0.9816679
43,paraphrase,-1,388,0.9156019,0.07060364,0.013794489,0.9018074
43,translate,-1,389,0.52390903,0.45053655,0.02555442,0.4983546
43,polarity,-1,390,0.98621815,0.010838834,0.0029429854,0.9832752
43,vocab,-1,391,0.9895125,0.0049113473,0.0055761663,0.9839363
43,cat,-1,392,0.9841426,0.010575792,0.0052816137,0.978861
43,shuffle,-1,393,0.8879216,0.07071162,0.041366737,0.8465548
43,unrelated,176,394,0.85872024,0.11431568,0.026964083,0.8317562
43,unrelated_token,176,395,0.89500195,0.088314824,0.01668323,0.8783187
44,orig,-1,396,0.77416223,0.20836294,0.017474905,0.75668734
44,paraphrase,-1,397,0.8300278,0.15725756,0.012714566,0.81731325
44,translate,-1,398,0.5273144,0.4563526,0.016333,0.51098144
44,polarity,-1,399,0.95882046,0.03887143,0.0023080593,0.9565124
44,vocab,-1,400,0.61910975,0.16024761,0.22064264,0.39846712
44,cat,-1,401,0.7877027,0.19379036,0.018506909,0.7691958
44,shuffle,-1,402,0.98990285,0.006983186,0.0031139378,0.9867889
44,unrelated,31,403,0.05156798,0.014517036,0.93391496,-0.882347
44,unrelated_token,31,404,0.02445019,0.00932567,0.96622413,-0.94177395
45,orig,-1,405,0.45880082,0.48720002,0.053999115,0.4048017
45,paraphrase,-1,406,0.45250812,0.49577105,0.05172082,0.4007873
45,translate,-1,407,0.9742443,0.021735085,0.0040205866,0.9702237
45,polarity,-1,408,0.9243984,0.06483961,0.010761966,0.91363645
45,vocab,-1,409,0.17203806,0.11766398,0.71029794,-0.53825986
45,cat,-1,410,0.4771537,0.47367167,0.04917462,0.42797905
45,shuffle,-1,411,0.75806946,0.21330193,0.028628645,0.7294408
45,unrelated,164,412,0.7261434,0.23399536,0.039861217,0.6862822
45,unrelated_token,164,413,0.5349385,0.3948243,0.07023722,0.4647013
46,orig,-1,414,0.8313079,0.1409325,0.027759723,0.80354816
46,paraphrase,-1,415,0.52027094,0.45981053,0.019918608,0.5003523
46,translate,-1,416,0.6372842,0.35194176,0.010774019,0.6265102
46,polarity,-1,417,0.96747756,0.029250976,0.0032714691,0.9642061
46,vocab,-1,418,0.7309398,0.14915344,0.1199067,0.6110331
46,cat,-1,419,0.85986507,0.10759846,0.032536462,0.8273286
46,shuffle,-1,420,0.9475769,0.027170999,0.025252068,0.92232484
46,unrelated,56,421,0.94969386,0.016630158,0.03367596,0.9160179
46,unrelated_token,56,422,0.9095863,0.07610812,0.01430553,0.8952808
47,orig,-1,423,0.8198649,0.07431112,0.10582389,0.71404105
47,paraphrase,-1,424,0.7418602,0.11460427,0.14353554,0.59832466
47,translate,-1,425,0.7421098,0.15939914,0.09849108,0.6436187
47,polarity,-1,426,0.97090596,0.0237547,0.005339354,0.96556664
47,vocab,-1,427,0.8556961,0.06824517,0.07605868,0.7796374
47,cat,-1,428,0.58743846,0.14586842,0.26669312,0.32074535
47,shuffle,-1,429,0.90988535,0.025761098,0.06435359,0.84553176
47,unrelated,144,430,0.59077287,0.26445198,0.14477512,0.44599774
47,unrelated_token,144,431,0.73213077,0.15706387,0.1108054,0.6213254
48,orig,-1,432,0.9204845,0.0555771,0.023938453,0.896546
48,paraphrase,-1,433,0.7930765,0.18155424,0.025369225,0.7677073
48,translate,-1,434,0.5033926,0.47800082,0.018606644,0.48478594
48,polarity,-1,435,0.9634541,0.011998512,0.024547327,0.9389068
48,vocab,-1,436,0.68819565,0.2163654,0.09543899,0.5927566
48,cat,-1,437,0.9012287,0.06980137,0.028969951,0.8722588
48,shuffle,-1,438,0.99519014,0.0022993379,0.0025105753,0.9926796
48,unrelated,76,439,0.8949945,0.063146055,0.04185945,0.85313505
48,unrelated_token,76,440,0.9128562,0.04800311,0.039140757,0.87371546
49,orig,-1,441,0.28625658,0.68938154,0.024361923,0.26189464
49,paraphrase,-1,442,0.4437172,0.52744204,0.028840741,0.41487646
49,translate,-1,443,0.19291098,0.7593888,0.04770021,0.14521077
49,polarity,-1,444,0.94269806,0.050353017,0.0069489446,0.9357491
49,vocab,-1,445,0.93162256,0.05600295,0.01237451,0.91924804
49,cat,-1,446,0.27045435,0.6946879,0.034857742,0.2355966
49,shuffle,-1,447,0.954084,0.03688563,0.00903039,0.9450536
49,unrelated,196,448,0.0024210599,0.9969626,0.0006163387,0.0018047212
49,unrelated_token,196,449,0.0025643527,0.9968464,0.0005891956,0.001975157
50,orig,-1,450,0.9499718,0.02249444,0.027533863,0.9224379
50,paraphrase,-1,451,0.91126055,0.062042344,0.026697112,0.88456345
50,translate,-1,452,0.23142377,0.7003718,0.06820445,0.16321932
50,polarity,-1,453,0.9905372,0.0052080243,0.0042548184,0.9862824
50,vocab,-1,454,0.51774246,0.02646558,0.45579195,0.061950505
50,cat,-1,455,0.97282785,0.013241187,0.013930956,0.9588969
50,shuffle,-1,456,0.9817083,0.010969884,0.007321804,0.9743865
50,unrelated,73,457,0.97317886,0.02041582,0.0064053293,0.9667735
51,orig,-1,458,0.11225415,0.05829359,0.8294522,-0.7171981
51,paraphrase,-1,459,0.022701168,0.069617905,0.90768087,-0.8849797
51,translate,-1,460,0.107791126,0.30949563,0.5827133,-0.47492218
51,polarity,-1,461,0.5061822,0.092905626,0.40091217,0.10527003
51,vocab,-1,462,0.012415425,0.0070671905,0.9805173,-0.9681019
51,cat,-1,463,0.08806469,0.040142164,0.87179315,-0.7837285
51,shuffle,-1,464,0.34516376,0.08506232,0.5697739,-0.22461015
51,unrelated,44,465,0.6725771,0.29787192,0.029550975,0.6430261
51,unrelated_token,44,466,0.71026975,0.26078382,0.028946506,0.68132323
52,orig,-1,467,0.69710654,0.25824177,0.044651657,0.65245485
52,paraphrase,-1,468,0.0200744,0.023955623,0.95597,-0.93589556
52,translate,-1,469,0.7690204,0.18379344,0.04718622,0.7218342
52,polarity,-1,470,0.74383533,0.25123042,0.00493422,0.73890114
52,vocab,-1,471,0.0631968,0.08043623,0.856367,-0.7931702
52,cat,-1,472,0.76360613,0.18161605,0.054777883,0.7088283
52,shuffle,-1,473,0.12798588,0.4094283,0.4625858,-0.3345999
52,unrelated,211,474,0.75167817,0.2428455,0.005476319,0.7462019
52,unrelated_token,211,475,0.6346849,0.3581182,0.0071968003,0.62748814
53,orig,-1,476,0.9763222,0.0083974935,0.015280325,0.96104187
53,paraphrase,-1,477,0.9828857,0.004921522,0.012192786,0.97069293
53,translate,-1,478,0.93603164,0.03545314,0.02851523,0.9075164
53,polarity,-1,479,0.9922896,0.004631253,0.0030790602,0.98921055
53,vocab,-1,480,0.6259981,0.05168702,0.32231486,0.30368322
53,cat,-1,481,0.9723218,0.009393692,0.018284505,0.9540373
53,shuffle,-1,482,0.94926924,0.009829421,0.040901277,0.90836793
53,unrelated,161,483,0.49520698,0.49424073,0.010552292,0.4846547
53,unrelated_token,161,484,0.43423632,0.55161303,0.014150655,0.42008567
54,orig,-1,485,0.69747317,0.220517,0.08200982,0.6154634
54,paraphrase,-1,486,0.027484031,0.96036756,0.0121484175,0.015335614
54,translate,-1,487,0.015831785,0.92193323,0.062234916,-0.046403132
54,polarity,-1,488,0.67262495,0.30615103,0.021224014,0.6514009
54,vocab,-1,489,0.5131095,0.2900327,0.1968578,0.3162517
54,cat,-1,490,0.851019,0.11483599,0.034144934,0.8168741
54,shuffle,-1,491,0.7271785,0.1937445,0.079077,0.6481015
54,unrelated,75,492,0.068250366,0.023017822,0.9087318,-0.84048146
54,unrelated_token,75,493,0.14056256,0.044311035,0.81512636,-0.67456377
55,orig,-1,494,0.9879518,0.007874288,0.0041738423,0.983778
55,paraphrase,-1,495,0.9913208,0.005237656,0.0034416541,0.98787916
55,translate,-1,496,0.98574036,0.010634422,0.0036252537,0.9821151
55,polarity,-1,497,0.9892239,0.007664269,0.003111802,0.9861121
55,vocab,-1,498,0.9711889,0.015898366,0.012912663,0.9582762
55,cat,-1,499,0.96953404,0.019965446,0.010500522,0.9590335
55,shuffle,-1,500,0.98754716,0.006417903,0.0060349526,0.9815122
55,unrelated,149,501,0.6601912,0.27157104,0.06823777,0.5919534
55,unrelated_token,149,502,0.6420772,0.29142758,0.06649524,0.57558197
56,orig,-1,503,0.8388403,0.024527472,0.13663219,0.7022081
56,paraphrase,-1,504,0.9737058,0.008196978,0.018097207,0.9556086
56,translate,-1,505,0.48557222,0.20157826,0.31284955,0.17272267
56,polarity,-1,506,0.96637994,0.018989183,0.014630779,0.95174915
56,vocab,-1,507,0.07337438,0.037530906,0.88909477,-0.8157204
56,cat,-1,508,0.6024985,0.119045176,0.27845633,0.32404214
56,shuffle,-1,509,0.81751364,0.022653857,0.1598325,0.6576811
56,unrelated,82,510,0.6551741,0.13219988,0.212626,0.4425481
56,unrelated_token,82,511,0.76512164,0.07292627,0.16195208,0.60316956
57,orig,-1,512,0.6652661,0.11298306,0.22175083,0.44351527
57,paraphrase,-1,513,0.6297831,0.1870291,0.18318784,0.44659525
57,translate,-1,514,0.612715,0.12868312,0.25860193,0.35411307
57,polarity,-1,515,0.90197855,0.04403829,0.053983193,0.84799534
57,vocab,-1,516,0.53165495,0.073156156,0.39518893,0.13646603
57,cat,-1,517,0.40542227,0.11371427,0.4808635,-0.07544124
57,shuffle,-1,518,0.5956117,0.35704798,0.04734032,0.54827136
57,unrelated,120,519,0.70644766,0.15349038,0.14006197,0.5663857
57,unrelated_token,120,520,0.78522205,0.12672153,0.08805647,0.6971656
58,orig,-1,521,0.98038554,0.015753878,0.0038606538,0.9765249
58,paraphrase,-1,522,0.88324857,0.10550187,0.011249519,0.871999
58,translate,-1,523,0.52802503,0.44442457,0.027550446,0.5004746
58,polarity,-1,524,0.94108,0.056702826,0.0022172038,0.93886274
58,vocab,-1,525,0.7379176,0.0755304,0.186552,0.5513656
58,cat,-1,526,0.9667382,0.026593478,0.0066683018,0.9600699
58,shuffle,-1,527,0.9812315,0.015023404,0.0037451028,0.97748643
58,unrelated,64,528,0.03711102,0.93996966,0.022919325,0.014191696
58,unrelated_token,64,529,0.043481227,0.9260452,0.030473594,0.013007633
59,orig,-1,530,0.82329494,0.075354315,0.101350814,0.7219441
59,paraphrase,-1,531,0.91902095,0.049958844,0.031020151,0.8880008
59,translate,-1,532,0.9370118,0.04200192,0.020986255,0.9160255
59,polarity,-1,533,0.9620176,0.01652013,0.021462312,0.9405553
59,vocab,-1,534,0.45682073,0.045121085,0.49805814,-0.041237414
59,cat,-1,535,0.79769045,0.08906245,0.11324711,0.68444335
59,shuffle,-1,536,0.9626397,0.013933941,0.023426292,0.9392134
59,unrelated,213,537,0.87707156,0.09878985,0.024138672,0.8529329
59,unrelated_token,213,538,0.9105722,0.06909345,0.020334426,0.89023775
60,orig,-1,539,0.926873,0.059776086,0.01335088,0.9135221
60,paraphrase,-1,540,0.93710333,0.05005418,0.012842431,0.9242609
60,translate,-1,541,0.9342941,0.055265814,0.010440064,0.92385405
60,polarity,-1,542,0.9608988,0.030722585,0.008378606,0.9525202
60,vocab,-1,543,0.95460516,0.027053632,0.01834119,0.936264
60,cat,-1,544,0.8631075,0.1033607,0.033531733,0.8295758
60,shuffle,-1,545,0.8613062,0.08149485,0.057198983,0.8041072
60,unrelated,127,546,0.6358077,0.31039795,0.05379441,0.5820133
60,unrelated_token,127,547,0.5385928,0.39069018,0.07071703,0.46787578
61,orig,-1,548,0.9541937,0.02714781,0.018658398,0.9355353
61,paraphrase,-1,549,0.97981113,0.011485332,0.008703516,0.9711076
61,translate,-1,550,0.9840673,0.009423974,0.006508699,0.9775586
61,polarity,-1,551,0.9898982,0.006290297,0.003811534,0.98608667
61,vocab,-1,552,0.98755497,0.0060645402,0.006380459,0.9811745
61,cat,-1,553,0.9552548,0.025882827,0.018862456,0.9363923
61,shuffle,-1,554,0.9496657,0.03134257,0.018991673,0.9306741
61,unrelated,204,555,0.97223556,0.017326798,0.010437639,0.9617979
61,unrelated_token,204,556,0.9652358,0.02176668,0.012997478,0.9522383
62,orig,-1,557,0.04244716,0.07101624,0.8865367,-0.84408957
62,paraphrase,-1,558,0.2849818,0.071467765,0.64355046,-0.35856867
62,translate,-1,559,0.06718477,0.24156538,0.6912498,-0.62406504
62,polarity,-1,560,0.6132931,0.07877509,0.30793178,0.30536133
62,vocab,-1,561,0.112017974,0.05662952,0.8313524,-0.7193344
62,cat,-1,562,0.039827112,0.06689355,0.8932794,-0.85345227
62,shuffle,-1,563,0.043368183,0.042862926,0.9137688,-0.87040067
62,unrelated,92,564,0.30311328,0.49174622,0.20514052,0.097972766
62,unrelated_token,92,565,0.62051725,0.3108751,0.06860771,0.55190957
63,orig,-1,566,0.001593839,0.0025074608,0.99589866,-0.99430484
63,paraphrase,-1,567,0.0007228486,0.0011173853,0.9981597,-0.9974369
63,translate,-1,568,0.0011215751,0.00088205555,0.9979964,-0.9968748
63,polarity,-1,569,0.05945267,0.010096929,0.93045044,-0.8709978
63,vocab,-1,570,0.0026830002,0.0011371637,0.9961798,-0.99349684
63,cat,-1,571,0.0008680786,0.001482431,0.9976495,-0.9967814
63,shuffle,-1,572,0.0016407917,0.00077657035,0.9975827,-0.9959419
63,unrelated,47,573,0.22630414,0.5476678,0.22602807,0.0002760738
63,unrelated_token,47,574,0.09298978,0.55426663,0.35274363,-0.25975385
64,orig,-1,575,0.105991006,0.8127825,0.081226446,0.02476456
64,paraphrase,-1,576,0.07133805,0.7632206,0.1654413,-0.094103254
64,translate,-1,577,0.3022112,0.6148961,0.0828927,0.2193185
64,polarity,-1,578,0.31077123,0.6170624,0.07216636,0.23860487
64,vocab,-1,579,0.00078551815,0.0018935836,0.99732095,-0.9965354
64,cat,-1,580,0.12269213,0.772415,0.10489291,0.017799221
64,shuffle,-1,581,0.97366047,0.011996061,0.014343391,0.9593171
64,unrelated,78,582,0.93032724,0.05836624,0.011306527,0.9190207
64,unrelated_token,78,583,0.967721,0.025117796,0.007161316,0.96055967
65,orig,-1,584,0.8744448,0.09548695,0.030068314,0.84437644
65,paraphrase,-1,585,0.7871766,0.11797862,0.09484478,0.69233185
65,translate,-1,586,0.9785323,0.013475827,0.007991965,0.97054034
65,polarity,-1,587,0.96882766,0.026755266,0.0044170045,0.96441066
65,vocab,-1,588,0.76139116,0.061951894,0.17665696,0.5847342
65,cat,-1,589,0.6677245,0.2946418,0.03763367,0.63009083
65,shuffle,-1,590,0.61654085,0.27849528,0.10496393,0.5115769
65,unrelated,91,591,0.975683,0.00851583,0.015801277,0.9598817
65,unrelated_token,91,592,0.99219257,0.004805875,0.0030015714,0.989191
66,orig,-1,593,0.8658452,0.12875926,0.0053955857,0.8604496
66,paraphrase,-1,594,0.19949223,0.79132205,0.009185722,0.19030651
66,translate,-1,595,0.7529686,0.21316373,0.033867676,0.71910095
66,polarity,-1,596,0.92173755,0.047811978,0.030450556,0.89128697
66,vocab,-1,597,0.5057163,0.038298454,0.4559852,0.049731135
66,cat,-1,598,0.907928,0.08620023,0.0058717304,0.9020563
66,shuffle,-1,599,0.98515826,0.012958445,0.0018833209,0.98327494
66,unrelated,27,600,0.885837,0.032806758,0.08135625,0.8044808
66,unrelated_token,27,601,0.92757684,0.019862343,0.052560776,0.8750161
67,orig,-1,602,0.988389,0.006911494,0.004699441,0.98368955
67,paraphrase,-1,603,0.9741356,0.014378445,0.011485908,0.96264964
67,translate,-1,604,0.92152977,0.059344493,0.01912574,0.902404
67,polarity,-1,605,0.99458224,0.0033336927,0.0020841353,0.9924981
67,vocab,-1,606,0.6538558,0.014138512,0.33200577,0.32185003
67,cat,-1,607,0.98186433,0.012432481,0.005703133,0.9761612
67,shuffle,-1,608,0.9750225,0.010027308,0.014950223,0.9600723
67,unrelated,62,609,0.03785344,0.04145225,0.9206943,-0.8828409
67,unrelated_token,62,610,0.042505853,0.050452307,0.90704185,-0.864536
68,orig,-1,611,0.38901696,0.53185296,0.07913012,0.30988684
68,paraphrase,-1,612,0.70599806,0.26744375,0.026558213,0.67943984
68,translate,-1,613,0.3870034,0.53782594,0.075170696,0.3118327
68,polarity,-1,614,0.85517555,0.12112692,0.023697495,0.83147806
68,vocab,-1,615,0.41455755,0.05908456,0.5263579,-0.11180034
68,cat,-1,616,0.33360356,0.5674095,0.0989869,0.23461667
68,shuffle,-1,617,0.78580165,0.13206011,0.08213824,0.7036634
68,unrelated,241,618,0.98218346,0.011445878,0.0063705905,0.97581285
68,unrelated_token,241,619,0.98170185,0.012601539,0.005696623,0.97600526
69,orig,-1,620,0.19719978,0.796489,0.00631118,0.1908886
69,paraphrase,-1,621,0.074085556,0.9212472,0.00466726,0.069418296
69,translate,-1,622,0.21156424,0.7849059,0.0035298911,0.20803435
69,polarity,-1,623,0.6828948,0.30870792,0.008397243,0.6744976
69,vocab,-1,624,0.30243686,0.65400356,0.04355953,0.25887734
69,cat,-1,625,0.23259138,0.7596645,0.0077441623,0.22484721
69,shuffle,-1,626,0.23876351,0.7539876,0.0072488636,0.23151465
69,unrelated,118,627,0.9753145,0.018886061,0.005799432,0.9695151
69,unrelated_token,118,628,0.98648655,0.0107154725,0.0027980292,0.98368853
70,orig,-1,629,0.6948152,0.256828,0.048356798,0.64645845
70,paraphrase,-1,630,0.8777993,0.08882308,0.033377655,0.8444216
70,translate,-1,631,0.043623097,0.9155565,0.040820345,0.002802752
70,polarity,-1,632,0.9287292,0.059255827,0.012015061,0.91671413
70,vocab,-1,633,0.95903605,0.01998206,0.020981962,0.9380541
70,cat,-1,634,0.48152906,0.46716994,0.051300924,0.43022814
70,shuffle,-1,635,0.89910316,0.053106334,0.047790527,0.85131264
70,unrelated,110,636,0.7474102,0.21697837,0.035611507,0.71179867
70,unrelated_token,110,637,0.7692263,0.20117973,0.029594032,0.7396323
71,orig,-1,638,0.053565662,0.92386365,0.022570651,0.030995011
71,paraphrase,-1,639,0.06753487,0.9212037,0.011261437,0.056273434
71,translate,-1,640,0.023798507,0.9689042,0.007297223,0.016501283
71,polarity,-1,641,0.34550312,0.6486443,0.0058525456,0.33965057
71,vocab,-1,642,0.10070621,0.8817294,0.017564321,0.08314189
71,cat,-1,643,0.067677595,0.9159665,0.016355908,0.051321685
71,shuffle,-1,644,0.93262804,0.055140335,0.012231592,0.92039645
71,unrelated,225,645,0.01274904,0.9835407,0.0037101822,0.009038857
71,unrelated_token,225,646,0.017206326,0.97781074,0.0049829357,0.012223391
72,orig,-1,647,0.491131,0.38156056,0.12730849,0.36382252
72,paraphrase,-1,648,0.91990477,0.06876137,0.01133376,0.908571
72,translate,-1,649,0.18027203,0.77087855,0.04884938,0.13142264
72,polarity,-1,650,0.7988492,0.18431008,0.016840678,0.7820085
72,vocab,-1,651,0.6634728,0.03659922,0.299928,0.36354476
72,cat,-1,652,0.51942563,0.27716437,0.20340998,0.31601566
72,shuffle,-1,653,0.12662834,0.65001696,0.22335473,-0.09672639
72,unrelated,100,654,0.9304819,0.05001699,0.01950105,0.9109809
72,unrelated_token,100,655,0.93368095,0.04905027,0.017268782,0.9164122
73,orig,-1,656,0.9432954,0.039086837,0.017617818,0.9256776
73,paraphrase,-1,657,0.8823156,0.0934962,0.024188325,0.85812724
73,translate,-1,658,0.855033,0.043494064,0.10147296,0.75356
73,polarity,-1,659,0.97921294,0.015176633,0.0056104995,0.9736024
73,vocab,-1,660,0.6209908,0.1310596,0.2479496,0.3730412
73,cat,-1,661,0.9357115,0.042708296,0.021580195,0.9141313
73,shuffle,-1,662,0.94891435,0.041066054,0.010019541,0.9388948
73,unrelated,1,663,0.40583572,0.57624584,0.017918456,0.38791725
73,unrelated_token,1,664,0.34202918,0.63837093,0.019599834,0.32242936
74,orig,-1,665,0.967552,0.023396846,0.00905117,0.95850086
74,paraphrase,-1,666,0.340925,0.5156142,0.14346083,0.19746418
74,translate,-1,667,0.8353659,0.14132686,0.023307338,0.81205857
74,polarity,-1,668,0.81564623,0.15899119,0.025362648,0.79028356
74,vocab,-1,669,0.05791163,0.0223815,0.9197068,-0.8617952
74,cat,-1,670,0.9661688,0.023034899,0.0107962405,0.9553726
74,shuffle,-1,671,0.9705228,0.021006398,0.008470792,0.96205205
74,unrelated,246,672,0.023937237,0.2211462,0.75491655,-0.7309793
74,unrelated_token,246,673,0.073995,0.17648931,0.7495157,-0.6755207
75,orig,-1,674,0.3121923,0.030276367,0.6575313,-0.34533903
75,paraphrase,-1,675,0.19445188,0.074466236,0.7310819,-0.53663003
75,translate,-1,676,0.10100162,0.03748443,0.861514,-0.76051235
75,polarity,-1,677,0.6351154,0.035069164,0.32981545,0.30529994
75,vocab,-1,678,0.22114284,0.029735425,0.7491218,-0.52797896
75,cat,-1,679,0.42720252,0.04988884,0.5229086,-0.095706105
75,shuffle,-1,680,0.56140584,0.32313684,0.11545733,0.4459485
75,unrelated,7,681,0.627012,0.35275382,0.020234153,0.60677785
75,unrelated_token,7,682,0.4134737,0.5637734,0.022752875,0.3907208
76,orig,-1,683,0.90914047,0.04277094,0.048088662,0.8610518
76,paraphrase,-1,684,0.9569477,0.026081067,0.016971275,0.9399764
76,translate,-1,685,0.76575845,0.10813141,0.12611015,0.6396483
76,polarity,-1,686,0.95734376,0.02458295,0.018073304,0.93927044
76,vocab,-1,687,0.3876142,0.100132555,0.5122532,-0.124639034
76,cat,-1,688,0.93619275,0.026171552,0.037635744,0.898557
76,shuffle,-1,689,0.9873524,0.004384321,0.008263299,0.9790891
76,unrelated,28,690,0.9223001,0.0126272235,0.06507259,0.8572275
76,unrelated_token,28,691,0.8825658,0.015394422,0.10203978,0.78052604
77,orig,-1,692,0.5236916,0.4590077,0.017300697,0.50639087
77,paraphrase,-1,693,0.9479141,0.046644047,0.005441788,0.94247234
77,translate,-1,694,0.7259055,0.251234,0.022860533,0.70304495
77,polarity,-1,695,0.8221211,0.17376234,0.004116539,0.81800455
77,vocab,-1,696,0.909321,0.0683113,0.022367748,0.88695323
77,cat,-1,697,0.3725998,0.609235,0.018165221,0.35443458
77,shuffle,-1,698,0.83489203,0.1578705,0.0072373534,0.82765466
77,unrelated,210,699,0.106480315,0.88623196,0.007287769,0.099192545
77,unrelated_token,210,700,0.056544207,0.9377031,0.00575278,0.050791427
78,orig,-1,701,0.8856207,0.08848402,0.025895318,0.8597254
78,paraphrase,-1,702,0.666809,0.24268338,0.09050755,0.57630146
78,translate,-1,703,0.5612214,0.27978167,0.15899694,0.40222448
78,polarity,-1,704,0.9932473,0.005564512,0.0011882292,0.99205905
78,vocab,-1,705,0.4860578,0.3252649,0.18867736,0.29738045
78,cat,-1,706,0.92869014,0.04483609,0.026473863,0.90221626
78,shuffle,-1,707,0.31972554,0.61885023,0.06142425,0.2583013
78,unrelated,128,708,0.9217677,0.05495249,0.023279715,0.898488
78,unrelated_token,128,709,0.8857632,0.08407534,0.030161517,0.8556017
79,orig,-1,710,0.025961285,0.9590866,0.014952052,0.011009233
79,paraphrase,-1,711,0.013295065,0.97678626,0.009918722,0.0033763424
79,translate,-1,712,0.013559713,0.9788711,0.0075692595,0.0059904535
79,polarity,-1,713,0.15728134,0.7119772,0.13074145,0.026539892
79,vocab,-1,714,0.22285801,0.07689554,0.7002464,-0.47738838
79,cat,-1,715,0.029873827,0.95045775,0.019668415,0.010205412
79,shuffle,-1,716,0.22966403,0.14398347,0.62635255,-0.39668852
79,unrelated,231,717,0.9911542,0.005461362,0.0033844204,0.9877698
79,unrelated_token,231,718,0.97971374,0.016274577,0.004011694,0.97570205
80,orig,-1,719,0.85133946,0.02015892,0.12850165,0.7228378
80,paraphrase,-1,720,0.06580656,0.17071007,0.7634834,-0.69767684
80,translate,-1,721,0.6766945,0.10291662,0.2203889,0.45630562
80,polarity,-1,722,0.74571866,0.04053797,0.21374328,0.5319754
80,vocab,-1,723,0.12606454,0.5268784,0.34705707,-0.22099254
80,cat,-1,724,0.8413354,0.01746136,0.14120325,0.70013213
80,shuffle,-1,725,0.6085152,0.17974505,0.21173973,0.39677548
80,unrelated,222,726,0.8689968,0.046871863,0.08413129,0.7848655
80,unrelated_token,222,727,0.8091335,0.066417724,0.1244487,0.6846848
81,orig,-1,728,0.98411316,0.0030240125,0.012862789,0.97125036
81,paraphrase,-1,729,0.99553204,0.0011408721,0.0033271145,0.9922049
81,translate,-1,730,0.96228665,0.014726152,0.022987196,0.93929946
81,polarity,-1,731,0.9972295,0.0015348282,0.0012356802,0.99599385
81,vocab,-1,732,0.71013886,0.04927869,0.2405825,0.46955636
81,cat,-1,733,0.992975,0.0018042745,0.0052208416,0.98775417
81,shuffle,-1,734,0.04298304,0.010214352,0.9468026,-0.90381956
81,unrelated,229,735,0.93500626,0.054463767,0.010529967,0.92447627
81,unrelated_token,229,736,0.93821126,0.05152771,0.010260998,0.92795026
82,orig,-1,737,0.9415373,0.023524934,0.034937777,0.9065995
82,paraphrase,-1,738,0.95865667,0.010587496,0.030755838,0.92790085
82,translate,-1,739,0.8272107,0.13176543,0.04102383,0.7861869
82,polarity,-1,740,0.99208504,0.005455825,0.002459133,0.98962593
82,vocab,-1,741,0.90183115,0.053137574,0.045031264,0.8567999
82,cat,-1,742,0.9532881,0.016807599,0.029904323,0.9233838
82,shuffle,-1,743,0.93511623,0.014074742,0.050808985,0.88430727
82,unrelated,72,744,0.6610124,0.16893514,0.17005241,0.49096
82,unrelated_token,72,745,0.6150464,0.15711085,0.22784276,0.38720363
83,orig,-1,746,0.01236629,0.045655612,0.9419781,-0.9296118
83,paraphrase,-1,747,0.005365719,0.043395787,0.9512385,-0.9458728
83,translate,-1,748,0.009847285,0.0950295,0.89512324,-0.88527596
83,polarity,-1,749,0.20254241,0.35311592,0.44434166,-0.24179925
83,vocab,-1,750,0.0068110134,0.0076878006,0.9855012,-0.9786902
83,cat,-1,751,0.012048628,0.034541916,0.9534095,-0.9413609
83,shuffle,-1,752,0.045511436,0.006038697,0.9484498,-0.90293837
83,unrelated,151,753,0.71854645,0.10758751,0.17386603,0.5446804
83,unrelated_token,151,754,0.8038524,0.082803175,0.11334443,0.69050795
84,orig,-1,755,0.94522285,0.05241584,0.0023613495,0.9428615
84,paraphrase,-1,756,0.9360945,0.06092605,0.0029793838,0.9331151
84,translate,-1,757,0.9857721,0.013209354,0.001018596,0.9847535
84,polarity,-1,758,0.9868485,0.012063925,0.0010875958,0.98576087
84,vocab,-1,759,0.8520793,0.13930202,0.00861866,0.8434606
84,cat,-1,760,0.94290173,0.054696195,0.0024020097,0.9404997
84,shuffle,-1,761,0.9795313,0.0158791,0.0045896,0.9749417
84,unrelated,198,762,0.9910018,0.004413437,0.0045847693,0.986417
84,unrelated_token,198,763,0.99038446,0.005161655,0.0044539724,0.9859305
85,orig,-1,764,0.3443315,0.46921128,0.18645719,0.15787432
85,paraphrase,-1,765,0.42516962,0.46547773,0.10935265,0.31581697
85,translate,-1,766,0.3875538,0.570813,0.041633185,0.34592062
85,polarity,-1,767,0.91333175,0.07599358,0.010674743,0.90265703
85,vocab,-1,768,0.5099276,0.15750608,0.33256638,0.17736119
85,cat,-1,769,0.37342396,0.4158732,0.21070284,0.16272113
85,shuffle,-1,770,0.88145405,0.08307605,0.035469823,0.8459842
85,unrelated,125,771,0.8842313,0.1078603,0.007908371,0.876323
85,unrelated_token,125,772,0.82925326,0.1623753,0.008371411,0.82088184
86,orig,-1,773,0.7343132,0.17802846,0.08765839,0.6466548
86,paraphrase,-1,774,0.8486201,0.106971964,0.044407852,0.8042123
86,translate,-1,775,0.54883945,0.3945429,0.056617692,0.49222177
86,polarity,-1,776,0.7061363,0.2673003,0.026563413,0.6795729
86,vocab,-1,777,0.5100715,0.110041715,0.37988678,0.13018474
86,cat,-1,778,0.90085834,0.05889811,0.040243544,0.8606148
86,shuffle,-1,779,0.53129244,0.44499657,0.023710964,0.5075815
86,unrelated,104,780,0.99160415,0.004826534,0.0035693047,0.98803484
86,unrelated_token,104,781,0.98811346,0.0073551955,0.004531404,0.9835821
87,orig,-1,782,0.99295384,0.0058698244,0.0011763341,0.9917775
87,paraphrase,-1,783,0.98865837,0.010019688,0.0013220205,0.98733634
87,translate,-1,784,0.6733954,0.31407672,0.012527893,0.6608675
87,polarity,-1,785,0.99310714,0.0056183264,0.0012746039,0.99183255
87,vocab,-1,786,0.14463975,0.04576361,0.80959666,-0.6649569
87,cat,-1,787,0.99301904,0.006098095,0.00088281394,0.99213624
87,shuffle,-1,788,0.9938228,0.004053602,0.0021236185,0.9916992
87,unrelated,103,789,0.78895795,0.20252225,0.0085197985,0.7804382
87,unrelated_token,103,790,0.8586728,0.13290909,0.008418133,0.85025465
88,orig,-1,791,0.9719179,0.009426542,0.0186556,0.9532623
88,paraphrase,-1,792,0.9857721,0.005522634,0.008705309,0.97706676
88,translate,-1,793,0.96333736,0.013984952,0.02267766,0.9406597
88,polarity,-1,794,0.99716383,0.0019919116,0.0008442525,0.9963196
88,vocab,-1,795,0.56836575,0.023253974,0.4083803,0.15998545
88,cat,-1,796,0.9676301,0.010378056,0.021991812,0.9456383
88,shuffle,-1,797,0.99058175,0.0054210234,0.0039972123,0.98658454
88,unrelated,157,798,0.9392464,0.048743986,0.012009558,0.92723686
88,unrelated_token,157,799,0.919598,0.06440847,0.015993442,0.90360457
89,orig,-1,800,0.5552525,0.4238601,0.020887472,0.534365
89,paraphrase,-1,801,0.41976544,0.5488156,0.031418942,0.3883465
89,translate,-1,802,0.6810175,0.29247323,0.026509264,0.65450823
89,polarity,-1,803,0.79874045,0.19469126,0.0065682987,0.79217213
89,vocab,-1,804,0.701671,0.26535073,0.03297822,0.66869277
89,cat,-1,805,0.2915687,0.6734635,0.034967747,0.25660095
89,shuffle,-1,806,0.9208185,0.059559856,0.019621585,0.9011969
89,unrelated,189,807,0.29472724,0.67694724,0.028325576,0.26640165
89,unrelated_token,189,808,0.37316385,0.59952563,0.02731051,0.34585333
90,orig,-1,809,0.5297567,0.4022313,0.068011954,0.4617448
90,paraphrase,-1,810,0.36201668,0.5986158,0.039367486,0.32264918
90,translate,-1,811,0.23740904,0.63340354,0.12918739,0.10822165
90,polarity,-1,812,0.79263705,0.17150155,0.035861433,0.7567756
90,vocab,-1,813,0.48924446,0.40658933,0.10416615,0.3850783
90,cat,-1,814,0.44986895,0.4675613,0.08256978,0.36729917
90,shuffle,-1,815,0.51462984,0.43782824,0.047541924,0.46708792
90,unrelated,63,816,0.0029403337,0.0059396382,0.99112004,-0.9881797
90,unrelated_token,63,817,0.0025388598,0.0047247233,0.99273646,-0.9901976
91,orig,-1,818,0.9933931,0.0037363854,0.0028703867,0.99052274
91,paraphrase,-1,819,0.942457,0.029277246,0.02826585,0.9141912
91,translate,-1,820,0.9441712,0.042800833,0.013028046,0.93114316
91,polarity,-1,821,0.994429,0.0033266752,0.0022443563,0.99218464
91,vocab,-1,822,0.69649696,0.020991348,0.28251165,0.4139853
91,cat,-1,823,0.99063885,0.0046371142,0.0047239573,0.9859149
91,shuffle,-1,824,0.9930703,0.003960568,0.0029692266,0.9901011
91,unrelated,89,825,0.6164255,0.35780647,0.025767984,0.59065753
91,unrelated_token,89,826,0.4144831,0.5309091,0.054607805,0.3598753
92,orig,-1,827,0.40597162,0.23027323,0.3637552,0.04221642
92,paraphrase,-1,828,0.9167992,0.06020431,0.02299649,0.8938027
92,translate,-1,829,0.6692626,0.21746348,0.113273956,0.5559886
92,polarity,-1,830,0.6885011,0.14049353,0.17100532,0.5174958
92,vocab,-1,831,0.45711327,0.3540932,0.18879351,0.26831976
92,cat,-1,832,0.63784236,0.19086152,0.17129615,0.4665462
92,shuffle,-1,833,0.87334335,0.08405813,0.042598583,0.83074474
92,unrelated,146,834,0.5625623,0.35968775,0.07774995,0.48481232
92,unrelated_token,146,835,0.54790735,0.3770308,0.0750619,0.47284544
93,orig,-1,836,0.7362761,0.24500127,0.018722579,0.7175535
93,paraphrase,-1,837,0.49053693,0.46738845,0.04207467,0.44846225
93,translate,-1,838,0.45474163,0.50631106,0.038947318,0.4157943
93,polarity,-1,839,0.9265146,0.055154633,0.01833072,0.90818393
93,vocab,-1,840,0.24129851,0.5471037,0.21159777,0.029700741
93,cat,-1,841,0.67909306,0.29164678,0.029260164,0.6498329
93,shuffle,-1,842,0.6933443,0.29530567,0.011350049,0.68199426
93,unrelated,98,843,0.27979434,0.7027163,0.01748938,0.26230496
93,unrelated_token,98,844,0.107527606,0.8700651,0.022407334,0.085120276
94,orig,-1,845,0.765849,0.18398194,0.050169088,0.7156799
94,paraphrase,-1,846,0.7748012,0.13629389,0.08890491,0.6858963
94,translate,-1,847,0.727198,0.19822328,0.07457871,0.6526193
94,polarity,-1,848,0.9870166,0.00824437,0.0047389693,0.98227763
94,vocab,-1,849,0.45608386,0.105304524,0.43861157,0.017472297
94,cat,-1,850,0.80314136,0.14645943,0.050399233,0.7527421
94,shuffle,-1,851,0.8765637,0.09393574,0.02950052,0.8470632
94,unrelated,15,852,0.99191344,0.0026741198,0.005412431,0.986501
94,unrelated_token,15,853,0.99553704,0.0021650055,0.0022978946,0.99323916
95,orig,-1,854,0.9653679,0.011162371,0.023469752,0.94189817
95,paraphrase,-1,855,0.9612327,0.021298707,0.017468583,0.94376415
95,translate,-1,856,0.9433829,0.03215494,0.024462188,0.91892076
95,polarity,-1,857,0.9844462,0.008182848,0.0073709604,0.9770753
95,vocab,-1,858,0.8528691,0.01408472,0.13304614,0.71982294
95,cat,-1,859,0.962909,0.011840448,0.025250493,0.9376585
95,shuffle,-1,860,0.96971893,0.0096376585,0.020643426,0.9490755
95,unrelated,200,861,0.057329647,0.032206155,0.91046417,-0.8531345
95,unrelated_token,200,862,0.054495554,0.029614253,0.9158902,-0.86139464
96,orig,-1,863,0.9867622,0.0044724876,0.008765262,0.97799695
96,paraphrase,-1,864,0.967159,0.0057509374,0.02709008,0.9400689
96,translate,-1,865,0.9728881,0.010903221,0.01620861,0.9566795
96,polarity,-1,866,0.9955422,0.0024749427,0.0019828547,0.99355936
96,vocab,-1,867,0.9837933,0.0035411895,0.012665438,0.97112787
96,cat,-1,868,0.9894036,0.0035963333,0.0070001427,0.98240346
96,shuffle,-1,869,0.97613823,0.012408353,0.011453458,0.9646848
96,unrelated,43,870,0.98113567,0.01446057,0.0044037695,0.9767319
96,unrelated_token,43,871,0.96903956,0.02422392,0.006736601,0.962303
97,orig,-1,872,0.35286883,0.62752277,0.01960843,0.3332604
97,paraphrase,-1,873,0.2662026,0.6466271,0.08717029,0.17903231
97,translate,-1,874,0.37196967,0.5577114,0.070318915,0.30165076
97,polarity,-1,875,0.35707316,0.4693065,0.1736204,0.18345276
97,vocab,-1,876,0.06490727,0.8722745,0.06281819,0.0020890757
97,cat,-1,877,0.3238215,0.64904684,0.02713163,0.2966899
97,shuffle,-1,878,0.7013878,0.22875726,0.0698549,0.6315329
97,unrelated,60,879,0.35749406,0.63296044,0.00954552,0.34794855
97,unrelated_token,60,880,0.25137144,0.7309277,0.017700829,0.23367062
98,orig,-1,881,0.78776616,0.1960905,0.016143313,0.77162284
98,paraphrase,-1,882,0.23217855,0.73319304,0.034628414,0.19755015
98,translate,-1,883,0.3257871,0.5566233,0.11758966,0.20819744
98,polarity,-1,884,0.96862596,0.030215325,0.0011587745,0.9674672
98,vocab,-1,885,0.7188191,0.09143223,0.1897487,0.5290704
98,cat,-1,886,0.6258448,0.33993378,0.03422144,0.5916233
98,shuffle,-1,887,0.950828,0.03601357,0.013158392,0.93766963
98,unrelated,116,888,0.97874624,0.008304032,0.012949759,0.9657965
98,unrelated_token,116,889,0.9767878,0.009128651,0.014083609,0.9627042
99,orig,-1,890,0.88852394,0.09695923,0.014516761,0.87400717
99,paraphrase,-1,891,0.8742198,0.10783026,0.01794999,0.8562698
99,translate,-1,892,0.5815686,0.37129557,0.047135834,0.53443277
99,polarity,-1,893,0.9670488,0.028221082,0.0047300537,0.9623188
99,vocab,-1,894,0.77844554,0.17968959,0.041864887,0.73658067
99,cat,-1,895,0.8702627,0.1159159,0.013821384,0.8564413
99,shuffle,-1,896,0.8423668,0.11690505,0.04072812,0.8016387
99,unrelated,255,897,0.47903275,0.4135574,0.10740984,0.37162292
99,unrelated_token,255,898,0.50058186,0.35753143,0.14188671,0.35869515
100,orig,-1,899,0.8947627,0.08080328,0.024433928,0.8703288
100,paraphrase,-1,900,0.8665526,0.080483966,0.052963387,0.8135892
100,translate,-1,901,0.5057443,0.15081745,0.34343824,0.16230604
100,polarity,-1,902,0.88440734,0.105215594,0.01037714,0.8740302
100,vocab,-1,903,0.89117455,0.016611885,0.0922136,0.7989609
100,cat,-1,904,0.88961977,0.08317286,0.027207414,0.86241233
100,shuffle,-1,905,0.74673766,0.19717859,0.056083784,0.69065386
100,unrelated,203,906,0.6088873,0.3460031,0.045109563,0.56377774
100,unrelated_token,203,907,0.87042725,0.08870292,0.04086976,0.8295575
101,orig,-1,908,0.03439775,0.04132985,0.92427236,-0.8898746
101,paraphrase,-1,909,0.13935098,0.06128056,0.7993685,-0.6600175
101,translate,-1,910,0.023471938,0.040774282,0.9357538,-0.9122819
101,polarity,-1,911,0.18475363,0.14224467,0.6730017,-0.48824808
101,vocab,-1,912,0.5841784,0.012159808,0.40366185,0.18051654
101,cat,-1,913,0.06367603,0.06414411,0.8721798,-0.80850375
101,shuffle,-1,914,0.050141115,0.049291488,0.9005673,-0.8504262
101,unrelated,13,915,0.84140825,0.12044935,0.038142417,0.8032658
101,unrelated_token,13,916,0.87251925,0.105913214,0.02156754,0.85095173
102,orig,-1,917,0.42777953,0.5511604,0.02106004,0.40671948
102,paraphrase,-1,918,0.74933517,0.22163829,0.02902652,0.72030866
102,translate,-1,919,0.28987083,0.692653,0.017476229,0.2723946
102,polarity,-1,920,0.6028778,0.382278,0.0148442555,0.58803356
102,vocab,-1,921,0.53534585,0.42349344,0.04116067,0.49418518
102,cat,-1,922,0.5177111,0.45620972,0.02607915,0.49163195
102,shuffle,-1,923,0.9447438,0.028612493,0.026643747,0.91810006
102,unrelated,141,924,0.28889632,0.6695756,0.041528113,0.24736822
102,unrelated_token,141,925,0.31415644,0.6364754,0.049368132,0.2647883
103,orig,-1,926,0.74819696,0.2358909,0.015912108,0.73228484
103,paraphrase,-1,927,0.31098777,0.6453121,0.043700136,0.26728764
103,translate,-1,928,0.4990466,0.45505318,0.04590018,0.4531464
103,polarity,-1,929,0.9444013,0.049655873,0.005942868,0.93845844
103,vocab,-1,930,0.2091728,0.08690929,0.7039179,-0.49474514
103,cat,-1,931,0.7458482,0.23769,0.01646185,0.7293863
103,shuffle,-1,932,0.6625883,0.32166082,0.015750878,0.6468374
103,unrelated,192,933,0.2922692,0.30422738,0.40350345,-0.11123425
103,unrelated_token,192,934,0.23141381,0.36683086,0.4017553,-0.17034149
104,orig,-1,935,0.9913653,0.004462739,0.0041719354,0.9871934
104,paraphrase,-1,936,0.9228631,0.05684746,0.02028939,0.90257376
104,translate,-1,937,0.9487186,0.03291025,0.018371055,0.93034756
104,polarity,-1,938,0.9756824,0.013541965,0.01077553,0.9649069
104,vocab,-1,939,0.98135847,0.0040499456,0.0145915365,0.96676695
104,cat,-1,940,0.98961747,0.004945561,0.0054369424,0.9841805
104,shuffle,-1,941,0.99080515,0.0046288427,0.0045659887,0.98623914
104,unrelated,221,942,0.030809326,0.92805487,0.041135848,-0.0103265215
104,unrelated_token,221,943,0.02010941,0.9511133,0.028777285,-0.008667875
105,orig,-1,944,0.80285686,0.14995271,0.047190476,0.7556664
105,paraphrase,-1,945,0.8013635,0.1458323,0.052804064,0.7485595
105,translate,-1,946,0.7327515,0.20252988,0.064718604,0.6680329
105,polarity,-1,947,0.8820171,0.05932274,0.058660243,0.8233568
105,vocab,-1,948,0.8275048,0.056865025,0.11563021,0.7118746
105,cat,-1,949,0.8321799,0.1197114,0.048108686,0.7840712
105,shuffle,-1,950,0.85712755,0.102744855,0.040127557,0.817
105,unrelated,51,951,0.672965,0.098572746,0.22846225,0.44450274
105,unrelated_token,51,952,0.671875,0.101586655,0.22653832,0.4453367
106,orig,-1,953,0.33657575,0.601331,0.062093277,0.27448246
106,paraphrase,-1,954,0.22979943,0.7294102,0.04079042,0.18900901
106,translate,-1,955,0.44920075,0.50752205,0.043277208,0.40592355
106,polarity,-1,956,0.7235664,0.25989214,0.016541496,0.70702493
106,vocab,-1,957,0.51039,0.12804255,0.3615674,0.14882258
106,cat,-1,958,0.33602798,0.5888842,0.07508788,0.2609401
106,shuffle,-1,959,0.64692,0.3038723,0.049207732,0.5977123
106,unrelated,136,960,0.9155947,0.04174932,0.042655982,0.8729387
106,unrelated_token,136,961,0.90214646,0.0536778,0.044175718,0.8579707
107,orig,-1,962,0.9555503,0.03189295,0.012556723,0.9429936
107,paraphrase,-1,963,0.9827726,0.014183744,0.0030435787,0.979729
107,translate,-1,964,0.6136563,0.3682245,0.018119233,0.59553707
107,polarity,-1,965,0.88229764,0.09139543,0.026306977,0.85599065
107,vocab,-1,966,0.8012185,0.009633391,0.18914808,0.61207044
107,cat,-1,967,0.9611858,0.025577242,0.013236941,0.9479489
107,shuffle,-1,968,0.89540595,0.016723393,0.087870665,0.8075353
107,unrelated,129,969,0.059681535,0.938375,0.0019434452,0.057738088
107,unrelated_token,129,970,0.05594882,0.9420382,0.002012964,0.053935856
108,orig,-1,971,0.5168115,0.4381841,0.045004394,0.4718071
108,paraphrase,-1,972,0.60832876,0.36042288,0.031248316,0.5770804
108,translate,-1,973,0.8924978,0.087297074,0.02020516,0.87229264
108,polarity,-1,974,0.6304377,0.25133774,0.11822458,0.5122131
108,vocab,-1,975,0.80482143,0.09325587,0.10192264,0.7028988
108,cat,-1,976,0.49977317,0.45839378,0.041833006,0.45794016
108,shuffle,-1,977,0.25570405,0.7008694,0.04342657,0.21227747
108,unrelated,245,978,0.96401227,0.018485792,0.017501995,0.94651026
108,unrelated_token,245,979,0.9493523,0.026435962,0.024211666,0.9251407
109,orig,-1,980,0.72729176,0.08694748,0.18576077,0.54153097
109,paraphrase,-1,981,0.7688844,0.15747193,0.073643625,0.6952408
109,translate,-1,982,0.36729524,0.053172894,0.57953185,-0.21223661
109,polarity,-1,983,0.69225246,0.085135795,0.22261176,0.4696407
109,vocab,-1,984,0.0477145,0.01428458,0.9380009,-0.89028645
109,cat,-1,985,0.62126523,0.08815718,0.29057753,0.3306877
109,shuffle,-1,986,0.28558707,0.18083352,0.53357947,-0.2479924
109,unrelated,153,987,0.53154737,0.41316175,0.055290915,0.47625646
109,unrelated_token,153,988,0.3307692,0.6094183,0.059812564,0.27095664
110,orig,-1,989,0.82879806,0.09092323,0.08027866,0.7485194
110,paraphrase,-1,990,0.40572357,0.49071208,0.10356438,0.3021592
110,translate,-1,991,0.5117986,0.3771924,0.11100897,0.40078965
110,polarity,-1,992,0.9749841,0.014518009,0.010497858,0.96448624
110,vocab,-1,993,0.7500518,0.08156435,0.16838378,0.581668
110,cat,-1,994,0.7455276,0.18236516,0.072107255,0.67342037
110,shuffle,-1,995,0.68902004,0.26956072,0.041419297,0.64760077
110,unrelated,109,996,0.38839456,0.17331956,0.4382859,-0.049891323
110,unrelated_token,109,997,0.60231286,0.13341342,0.26427376,0.3380391
111,orig,-1,998,0.7452915,0.12036553,0.13434303,0.61094844
111,paraphrase,-1,999,0.5344092,0.2900483,0.17554241,0.3588668
111,translate,-1,1000,0.5352201,0.3183874,0.14639248,0.38882762
111,polarity,-1,1001,0.8539381,0.109124094,0.03693774,0.8170004
111,vocab,-1,1002,0.72726154,0.031797998,0.24094045,0.4863211
111,cat,-1,1003,0.8156172,0.068873085,0.11550978,0.70010746
111,shuffle,-1,1004,0.56413317,0.26490462,0.17096224,0.39317092
111,unrelated,22,1005,0.58007956,0.2281629,0.19175752,0.38832206
111,unrelated_token,22,1006,0.48572063,0.28567988,0.2285995,0.25712115
112,orig,-1,1007,0.40651566,0.5406535,0.05283083,0.35368484
112,paraphrase,-1,1008,0.549136,0.43567684,0.015187237,0.5339487
112,translate,-1,1009,0.97398937,0.014890692,0.011119987,0.9628694
112,polarity,-1,1010,0.95209694,0.041284338,0.0066188187,0.94547814
112,vocab,-1,1011,0.08973397,0.8275992,0.08266681,0.0070671663
112,cat,-1,1012,0.5189989,0.44219258,0.03880853,0.4801904
112,shuffle,-1,1013,0.9781918,0.012458767,0.009349428,0.9688424
112,unrelated,159,1014,0.8684628,0.04758073,0.08395651,0.7845063
112,unrelated_token,159,1015,0.8738337,0.043040775,0.083125465,0.79070824
113,orig,-1,1016,0.6940513,0.2579273,0.048021432,0.6460299
113,paraphrase,-1,1017,0.836729,0.08394685,0.07932419,0.7574048
113,translate,-1,1018,0.2949317,0.64458334,0.060484868,0.23444684
113,polarity,-1,1019,0.94538265,0.051133763,0.0034836275,0.941899
113,vocab,-1,1020,0.3262313,0.38919863,0.28457004,0.041661263
113,cat,-1,1021,0.7757303,0.18164481,0.042624865,0.7331054
113,shuffle,-1,1022,0.97504616,0.015561338,0.009392454,0.9656537
113,unrelated,6,1023,0.9860044,0.008406561,0.00558905,0.98041534
113,unrelated_token,6,1024,0.96322906,0.023647564,0.0131233465,0.9501057
114,orig,-1,1025,0.51533765,0.4747513,0.009911051,0.5054266
114,paraphrase,-1,1026,0.21749595,0.7718435,0.0106606055,0.20683534
114,translate,-1,1027,0.28369263,0.7062722,0.010035155,0.27365747
114,polarity,-1,1028,0.849575,0.13258484,0.017840212,0.8317348
114,vocab,-1,1029,0.5481066,0.44084632,0.011047156,0.5370594
114,cat,-1,1030,0.5403197,0.4483784,0.011301929,0.52901775
114,shuffle,-1,1031,0.98120177,0.015705524,0.0030926012,0.9781092
114,unrelated,180,1032,0.014541785,0.9818402,0.0036179696,0.010923816
114,unrelated_token,180,1033,0.008200001,0.9894043,0.0023956764,0.0058043245
115,orig,-1,1034,0.74698454,0.13418879,0.118826635,0.6281579
115,paraphrase,-1,1035,0.62724316,0.20244636,0.17031053,0.45693263
115,translate,-1,1036,0.60178196,0.28442654,0.113791496,0.48799047
115,polarity,-1,1037,0.97786635,0.01318042,0.008953223,0.96891314
115,vocab,-1,1038,0.8881071,0.020007828,0.09188499,0.79622215
115,cat,-1,1039,0.6666718,0.24428566,0.089042544,0.57762927
115,shuffle,-1,1040,0.83869857,0.0905829,0.07071848,0.7679801
115,unrelated,150,1041,0.24818426,0.6638791,0.087936565,0.1602477
115,unrelated_token,150,1042,0.13015248,0.8227899,0.047057617,0.083094865
116,orig,-1,1043,0.98619604,0.004809595,0.008994286,0.97720176
116,paraphrase,-1,1044,0.9857487,0.0040839855,0.010167361,0.97558135
116,translate,-1,1045,0.98119503,0.0064897016,0.012315289,0.96887976
116,polarity,-1,1046,0.9540787,0.009995675,0.03592557,0.9181531
116,vocab,-1,1047,0.97106665,0.01217627,0.016757147,0.9543095
116,cat,-1,1048,0.9821352,0.0056217504,0.012243111,0.9698921
116,shuffle,-1,1049,0.9865022,0.0053934283,0.008104404,0.9783978
116,unrelated,242,1050,0.9849111,0.006740785,0.00834818,0.9765629
116,unrelated_token,242,1051,0.98647887,0.00641096,0.0071101594,0.9793687
117,orig,-1,1052,0.98164636,0.010016865,0.008336775,0.9733096
117,paraphrase,-1,1053,0.98409176,0.0057778046,0.010130466,0.9739613
117,translate,-1,1054,0.9362645,0.05804731,0.005688135,0.9305764
117,polarity,-1,1055,0.9963722,0.0021269878,0.0015009135,0.9948713
117,vocab,-1,1056,0.9598759,0.025969967,0.01415414,0.94572175
117,cat,-1,1057,0.97735274,0.012693597,0.009953593,0.9673991
117,shuffle,-1,1058,0.81605387,0.098853655,0.08509243,0.73096144
117,unrelated,14,1059,0.08015132,0.9144324,0.0054162154,0.074735105
117,unrelated_token,14,1060,0.10433147,0.8562424,0.039426126,0.064905345
118,orig,-1,1061,0.99188095,0.0036800392,0.004438975,0.98744196
118,paraphrase,-1,1062,0.9927087,0.003947544,0.0033436997,0.989365
118,translate,-1,1063,0.9804323,0.00922556,0.010342233,0.97009003
118,polarity,-1,1064,0.99591994,0.0019643302,0.0021156666,0.9938043
118,vocab,-1,1065,0.9918073,0.003767029,0.00442566,0.98738164
118,cat,-1,1066,0.9768337,0.009502015,0.01366428,0.9631694
118,shuffle,-1,1067,0.9939381,0.0028579726,0.0032039047,0.99073416
118,unrelated,123,1068,0.42855486,0.47785407,0.093591005,0.33496386
118,unrelated_token,123,1069,0.46516636,0.4473461,0.08748756,0.3776788
119,orig,-1,1070,0.274272,0.631697,0.09403103,0.18024096
119,paraphrase,-1,1071,0.12979253,0.80858266,0.061624784,0.068167746
119,translate,-1,1072,0.26914018,0.6466196,0.0842402,0.18489999
119,polarity,-1,1073,0.76376957,0.2108006,0.025429817,0.7383397
119,vocab,-1,1074,0.39546785,0.3603854,0.2441468,0.15132105
119,cat,-1,1075,0.27010542,0.63386726,0.09602731,0.1740781
119,shuffle,-1,1076,0.14739098,0.6284673,0.22414166,-0.07675068
119,unrelated,219,1077,0.384158,0.60436535,0.011476618,0.37268138
119,unrelated_token,219,1078,0.3961724,0.59356475,0.010262835,0.38590956
120,orig,-1,1079,0.72979045,0.189913,0.08029652,0.64949393
120,paraphrase,-1,1080,0.944552,0.042092558,0.013355412,0.9311966
120,translate,-1,1081,0.62194586,0.3490504,0.029003698,0.5929422
120,polarity,-1,1082,0.95686156,0.034046292,0.009092125,0.9477694
120,vocab,-1,1083,0.10516209,0.27894017,0.6158978,-0.5107357
120,cat,-1,1084,0.7659794,0.16754599,0.06647456,0.69950485
120,shuffle,-1,1085,0.853688,0.104631506,0.041680545,0.8120074
120,unrelated,167,1086,0.9347803,0.061964802,0.0032548797,0.9315254
120,unrelated_token,167,1087,0.8296412,0.16464736,0.0057114772,0.8239297
121,orig,-1,1088,0.5819871,0.32682404,0.091188855,0.49079823
121,paraphrase,-1,1089,0.88351023,0.0833512,0.033138633,0.8503716
121,translate,-1,1090,0.57930744,0.3461737,0.074518844,0.5047886
121,polarity,-1,1091,0.7836124,0.1860334,0.030354293,0.75325805
121,vocab,-1,1092,0.4044766,0.31380734,0.28171602,0.122760594
121,cat,-1,1093,0.49115792,0.31131476,0.19752735,0.29363057
121,shuffle,-1,1094,0.7937734,0.16006848,0.046158057,0.74761534
121,unrelated,177,1095,0.7378122,0.07837476,0.18381299,0.55399925
121,unrelated_token,177,1096,0.82619727,0.15537056,0.018432202,0.80776507
122,orig,-1,1097,0.6658873,0.30770695,0.026405739,0.63948154
122,paraphrase,-1,1098,0.69584364,0.27895838,0.025198026,0.6706456
122,translate,-1,1099,0.4099798,0.5694786,0.02054167,0.38943812
122,polarity,-1,1100,0.896986,0.09573782,0.007276043,0.88970995
122,vocab,-1,1101,0.6260711,0.29022747,0.08370149,0.5423696
122,cat,-1,1102,0.63903123,0.32830325,0.032665532,0.6063657
122,shuffle,-1,1103,0.8113213,0.16970964,0.018968977,0.7923523
122,unrelated,174,1104,0.4848802,0.47736287,0.03775687,0.44712335
122,unrelated_token,174,1105,0.464308,0.49885997,0.036832053,0.42747593
123,orig,-1,1106,0.85336834,0.13015534,0.016476344,0.836892
123,paraphrase,-1,1107,0.8148091,0.17289092,0.012299942,0.8025091
123,translate,-1,1108,0.8014584,0.18387665,0.014664894,0.78679353
123,polarity,-1,1109,0.913091,0.08072055,0.0061885137,0.9069025
123,vocab,-1,1110,0.795666,0.12812516,0.07620876,0.7194572
123,cat,-1,1111,0.8233618,0.15717973,0.019458394,0.8039034
123,shuffle,-1,1112,0.9890652,0.008189189,0.002745715,0.9863195
123,unrelated,37,1113,0.8359159,0.14717017,0.01691393,0.819002
123,unrelated_token,37,1114,0.90777284,0.07310898,0.019118236,0.8886546
124,orig,-1,1115,0.61267745,0.36656165,0.020760933,0.5919165
124,paraphrase,-1,1116,0.87953436,0.07659062,0.043875042,0.8356593
124,translate,-1,1117,0.99209327,0.0045943037,0.0033123859,0.98878086
124,polarity,-1,1118,0.97138894,0.025585052,0.003026003,0.9683629
124,vocab,-1,1119,0.86116666,0.11208142,0.026751976,0.83441466
124,cat,-1,1120,0.422312,0.5478482,0.02983977,0.3924722
124,shuffle,-1,1121,0.5352383,0.43175933,0.033002365,0.50223595
124,unrelated,139,1122,0.043762702,0.9526296,0.003607642,0.04015506
124,unrelated_token,139,1123,0.043125663,0.9515692,0.005305051,0.03782061
125,orig,-1,1124,0.22312783,0.05339035,0.7234818,-0.50035393
125,paraphrase,-1,1125,0.055588152,0.06847482,0.8759371,-0.820349
125,translate,-1,1126,0.1276071,0.047370013,0.82502294,-0.6974158
125,polarity,-1,1127,0.8714315,0.055981435,0.07258699,0.7988445
125,vocab,-1,1128,0.21414816,0.018992817,0.76685905,-0.5527109
125,cat,-1,1129,0.21715567,0.04951531,0.73332894,-0.51617324
125,shuffle,-1,1130,0.40700644,0.008843897,0.58414966,-0.17714322
125,unrelated,19,1131,0.9813588,0.015018018,0.0036232653,0.9777356
125,unrelated_token,19,1132,0.9862299,0.01094533,0.0028247524,0.9834052
126,orig,-1,1133,0.22345214,0.35555318,0.42099464,-0.1975425
126,paraphrase,-1,1134,0.11764135,0.36784267,0.51451594,-0.39687458
126,translate,-1,1135,0.15848418,0.27826723,0.56324863,-0.40476447
126,polarity,-1,1136,0.88380736,0.09626223,0.019930415,0.86387694
126,vocab,-1,1137,0.1561244,0.22033201,0.6235436,-0.4674192
126,cat,-1,1138,0.22407489,0.3362428,0.43968233,-0.21560745
126,shuffle,-1,1139,0.325236,0.34599537,0.32876864,-0.003532648
126,unrelated,236,1140,0.9813193,0.01416277,0.0045178602,0.97680146
126,unrelated_token,236,1141,0.9811669,0.012981786,0.0058513493,0.9753156
127,orig,-1,1142,0.6947639,0.24633858,0.0588975,0.6358664
127,paraphrase,-1,1143,0.8613458,0.113121994,0.025532225,0.8358136
127,translate,-1,1144,0.862973,0.09016076,0.046866234,0.81610674
127,polarity,-1,1145,0.9734432,0.02153769,0.005019154,0.9684241
127,vocab,-1,1146,0.81077343,0.111835785,0.07739077,0.73338264
127,cat,-1,1147,0.77876616,0.15945685,0.061777,0.71698916
127,shuffle,-1,1148,0.9514274,0.029527059,0.019045494,0.9323819
127,unrelated,184,1149,0.96334946,0.025522409,0.011128159,0.9522213
127,unrelated_token,184,1150,0.9450765,0.040740512,0.0141830435,0.9308935
128,orig,-1,1151,0.9566936,0.029116226,0.014190116,0.94250345
128,paraphrase,-1,1152,0.9842047,0.008440528,0.007354773,0.9768499
128,translate,-1,1153,0.97409445,0.008997421,0.016908176,0.9571863
128,polarity,-1,1154,0.9923511,0.0039345776,0.0037142856,0.98863685
128,vocab,-1,1155,0.8519734,0.018013295,0.13001323,0.7219602
128,cat,-1,1156,0.9443116,0.038409613,0.017278787,0.9270328
128,shuffle,-1,1157,0.49796543,0.47354057,0.028493924,0.4694715
128,unrelated,148,1158,0.7206073,0.2656149,0.013777861,0.7068294
128,unrelated_token,148,1159,0.78635806,0.19921115,0.014430808,0.77192724
129,orig,-1,1160,0.19191392,0.8040521,0.0040339343,0.18787998
129,paraphrase,-1,1161,0.28382927,0.7128502,0.0033205508,0.28050873
129,translate,-1,1162,0.00846418,0.9903418,0.0011940454,0.0072701345
129,polarity,-1,1163,0.017234921,0.98087156,0.0018935277,0.015341394
129,vocab,-1,1164,0.022624677,0.92336595,0.054009415,-0.031384736
129,cat,-1,1165,0.4541376,0.5393017,0.006560689,0.4475769
129,shuffle,-1,1166,0.870792,0.10306603,0.026142014,0.84465
129,unrelated,208,1167,0.5952006,0.3647282,0.040071137,0.55512947
129,unrelated_token,208,1168,0.7124727,0.23150374,0.056023587,0.6564491
130,orig,-1,1169,0.8938504,0.07212845,0.034021195,0.8598292
130,paraphrase,-1,1170,0.95652866,0.03273061,0.010740837,0.94578785
130,translate,-1,1171,0.947265,0.04020177,0.012533233,0.9347318
130,polarity,-1,1172,0.99502474,0.0032866772,0.0016885351,0.9933362
130,vocab,-1,1173,0.82576555,0.1264499,0.04778451,0.77798104
130,cat,-1,1174,0.82906014,0.1168417,0.054098185,0.77496195
130,shuffle,-1,1175,0.9781909,0.012087238,0.0097218575,0.968469
130,unrelated,199,1176,0.72974956,0.05148725,0.21876313,0.51098645
130,unrelated_token,199,1177,0.8450327,0.02314362,0.13182366,0.71320903
131,orig,-1,1178,0.9552427,0.011620675,0.033136565,0.92210615
131,paraphrase,-1,1179,0.9424272,0.009551153,0.048021656,0.89440554
131,translate,-1,1180,0.87528384,0.09261531,0.0321009,0.8431829
131,polarity,-1,1181,0.9902936,0.0050663007,0.004640027,0.9856536
131,vocab,-1,1182,0.90770996,0.015152288,0.07713775,0.8305722
131,cat,-1,1183,0.96491176,0.008388984,0.026699219,0.9382125
131,shuffle,-1,1184,0.48470885,0.25072798,0.26456308,0.22014576
131,unrelated,23,1185,0.7681635,0.13782504,0.094011456,0.674152
131,unrelated_token,23,1186,0.7539099,0.15075465,0.09533544,0.65857446
132,orig,-1,1187,0.4144398,0.3943043,0.19125588,0.22318392
132,paraphrase,-1,1188,0.84041625,0.06854906,0.091034725,0.74938154
132,translate,-1,1189,0.8329997,0.08852934,0.07847096,0.75452876
132,polarity,-1,1190,0.9046398,0.07685809,0.018502176,0.8861376
132,vocab,-1,1191,0.4196101,0.049434774,0.53095514,-0.11134502
132,cat,-1,1192,0.56887513,0.141466,0.2896588,0.27921632
132,shuffle,-1,1193,0.64675575,0.15249695,0.2007473,0.44600844
132,unrelated,94,1194,0.28359857,0.67915595,0.03724547,0.2463531
132,unrelated_token,94,1195,0.29868057,0.66184336,0.039476003,0.25920457
133,orig,-1,1196,0.9871962,0.008294328,0.004509548,0.98268664
133,paraphrase,-1,1197,0.9900484,0.0055034272,0.004448115,0.9856003
133,translate,-1,1198,0.8927991,0.0608448,0.04635614,0.84644294
133,polarity,-1,1199,0.994618,0.003369818,0.0020122102,0.9926058
133,vocab,-1,1200,0.9870495,0.0071212235,0.0058292258,0.9812203
133,cat,-1,1201,0.96980816,0.020305412,0.009886407,0.9599218
133,shuffle,-1,1202,0.97134745,0.01707591,0.011576727,0.95977074
133,unrelated,86,1203,0.336087,0.63934004,0.024572978,0.31151402
133,unrelated_token,86,1204,0.3368501,0.6386052,0.024544735,0.31230536
134,orig,-1,1205,0.6625046,0.29384112,0.043654263,0.61885035
134,paraphrase,-1,1206,0.34894308,0.60350865,0.047548242,0.30139485
134,translate,-1,1207,0.41337234,0.57167315,0.014954508,0.39841783
134,polarity,-1,1208,0.97523177,0.023399033,0.0013693221,0.97386247
134,vocab,-1,1209,0.8318446,0.01683155,0.15132383,0.6805208
134,cat,-1,1210,0.72123474,0.22777922,0.050985977,0.67024875
134,shuffle,-1,1211,0.9911073,0.004452872,0.0044398457,0.98666745
134,unrelated,244,1212,0.9363709,0.010023199,0.05360595,0.88276494
134,unrelated_token,244,1213,0.70220613,0.032175947,0.26561797,0.43658817
135,orig,-1,1214,0.90667766,0.07600378,0.017318567,0.8893591
135,paraphrase,-1,1215,0.9883752,0.007236012,0.0043888628,0.9839863
135,translate,-1,1216,0.98739654,0.009977626,0.0026257965,0.9847707
135,polarity,-1,1217,0.96022797,0.017365327,0.02240666,0.9378213
135,vocab,-1,1218,0.95648336,0.016170446,0.027346157,0.92913723
135,cat,-1,1219,0.9531207,0.035836965,0.011042304,0.9420784
135,shuffle,-1,1220,0.9920176,0.004294598,0.0036877417,0.9883299
135,unrelated,69,1221,0.37313345,0.5864484,0.040418193,0.33271527
135,unrelated_token,69,1222,0.2724394,0.6923096,0.035251014,0.23718837
136,orig,-1,1223,0.95146096,0.02542997,0.023109071,0.9283519
136,paraphrase,-1,1224,0.9185678,0.054468382,0.026963804,0.89160395
136,translate,-1,1225,0.798183,0.13186793,0.069949076,0.72823393
136,polarity,-1,1226,0.93567187,0.025576029,0.038752016,0.89691985
136,vocab,-1,1227,0.89399415,0.032979775,0.07302606,0.8209681
136,cat,-1,1228,0.89404017,0.07071384,0.035246007,0.85879415
136,shuffle,-1,1229,0.9543624,0.024220886,0.021416647,0.9329457
136,unrelated,38,1230,0.0043248474,0.009272678,0.98640245,-0.9820776
136,unrelated_token,38,1231,0.004385984,0.008851283,0.9867627,-0.9823767
137,orig,-1,1232,0.00576065,0.99176663,0.0024727904,0.0032878597
137,paraphrase,-1,1233,0.030733988,0.96266454,0.0066014095,0.024132578
137,translate,-1,1234,0.81090087,0.15415977,0.034939382,0.77596146
137,polarity,-1,1235,0.8971487,0.09887925,0.003972119,0.8931766
137,vocab,-1,1236,0.027955687,0.9588905,0.013153849,0.0148018375
137,cat,-1,1237,0.00920187,0.98270124,0.008096866,0.001105004
137,shuffle,-1,1238,0.015208761,0.9822447,0.002546608,0.012662154
137,unrelated,35,1239,0.18706022,0.79411745,0.018822327,0.1682379
137,unrelated_token,35,1240,0.56741816,0.3996186,0.032963254,0.5344549
138,orig,-1,1241,0.55196714,0.28124693,0.16678591,0.38518125
138,paraphrase,-1,1242,0.3937522,0.44270748,0.16354033,0.23021185
138,translate,-1,1243,0.71102136,0.09613236,0.1928462,0.5181752
138,polarity,-1,1244,0.9569287,0.036698747,0.006372616,0.95055604
138,vocab,-1,1245,0.08806934,0.0226789,0.88925177,-0.80118245
138,cat,-1,1246,0.5540834,0.25776708,0.18814954,0.36593387
138,shuffle,-1,1247,0.04504285,0.9416685,0.013288661,0.03175419
138,unrelated,2,1248,0.11124109,0.8684347,0.020324145,0.09091695
138,unrelated_token,2,1249,0.09304531,0.8945867,0.012367992,0.080677316
139,orig,-1,1250,0.014520941,0.9828294,0.0026496297,0.011871312
139,paraphrase,-1,1251,0.016186925,0.98255944,0.0012536988,0.014933226
139,translate,-1,1252,0.011775929,0.98757917,0.0006448563,0.011131072
139,polarity,-1,1253,0.37967998,0.6049519,0.015368153,0.3643118
139,vocab,-1,1254,0.022287501,0.97538733,0.002325121,0.01996238
139,cat,-1,1255,0.0117297955,0.9832302,0.0050399983,0.006689797
139,shuffle,-1,1256,0.9916903,0.007785343,0.0005243945,0.9911659
139,unrelated,74,1257,0.7657516,0.21923089,0.015017516,0.7507341
139,unrelated_token,74,1258,0.781964,0.20443621,0.013599743,0.76836425
140,orig,-1,1259,0.39859596,0.5367625,0.0646415,0.33395445
140,paraphrase,-1,1260,0.53869396,0.37837133,0.08293472,0.45575923
140,translate,-1,1261,0.3229566,0.6460502,0.030993203,0.2919634
140,polarity,-1,1262,0.9199975,0.058555584,0.021446938,0.89855057
140,vocab,-1,1263,0.58043957,0.31735656,0.102203846,0.47823572
140,cat,-1,1264,0.37300098,0.56254417,0.0644549,0.30854607
140,shuffle,-1,1265,0.63712573,0.11012278,0.25275144,0.3843743
140,unrelated,238,1266,0.2193913,0.7462795,0.034329277,0.18506202
140,unrelated_token,238,1267,0.21350725,0.7529862,0.033506595,0.18000066
141,orig,-1,1268,0.15787531,0.7908701,0.05125461,0.1066207
141,paraphrase,-1,1269,0.67352796,0.235631,0.09084107,0.5826869
141,translate,-1,1270,0.19895734,0.75434816,0.04669455,0.15226279
141,polarity,-1,1271,0.8650858,0.12307026,0.011843901,0.85324186
141,vocab,-1,1272,0.24749224,0.6930085,0.05949927,0.18799296
141,cat,-1,1273,0.28694865,0.6462542,0.06679723,0.22015142
141,shuffle,-1,1274,0.26492566,0.69086564,0.044208713,0.22071695
141,unrelated,53,1275,0.98544544,0.008643136,0.0059114005,0.97953403
141,unrelated_token,53,1276,0.9697759,0.019130496,0.011093528,0.95868236
142,orig,-1,1277,0.7242382,0.20053759,0.07522412,0.6490141
142,paraphrase,-1,1278,0.8986466,0.061753795,0.03959962,0.859047
142,translate,-1,1279,0.19987887,0.67387426,0.12624681,0.07363206
142,polarity,-1,1280,0.95854545,0.015253241,0.026201265,0.9323442
142,vocab,-1,1281,0.5298107,0.025566164,0.44462305,0.08518767
142,cat,-1,1282,0.4318568,0.47592583,0.09221739,0.33963943
142,shuffle,-1,1283,0.8271493,0.094587766,0.07826301,0.7488863
142,unrelated,45,1284,0.26187685,0.7023604,0.035762776,0.22611408
142,unrelated_token,45,1285,0.22579437,0.7425234,0.03168228,0.19411209
143,orig,-1,1286,0.032550957,0.80655146,0.16089761,-0.12834665
143,paraphrase,-1,1287,0.13748325,0.7026436,0.1598732,-0.022389948
143,translate,-1,1288,0.061949734,0.6878356,0.2502147,-0.18826497
143,polarity,-1,1289,0.74843866,0.15811169,0.09344965,0.654989
143,vocab,-1,1290,0.62828195,0.040717617,0.33100048,0.29728147
143,cat,-1,1291,0.044578973,0.7825022,0.1729189,-0.12833993
143,shuffle,-1,1292,0.16433166,0.33072543,0.5049429,-0.34061122
143,unrelated,137,1293,0.0032219708,0.9956458,0.001132123,0.0020898478
143,unrelated_token,137,1294,0.0044188164,0.99414945,0.0014317806,0.0029870358
144,orig,-1,1295,0.9243587,0.05744224,0.018198986,0.90615976
144,paraphrase,-1,1296,0.92024475,0.06288389,0.016871339,0.9033734
144,translate,-1,1297,0.8792948,0.108260304,0.012444861,0.86684996
144,polarity,-1,1298,0.992187,0.0044970755,0.0033159354,0.9888711
144,vocab,-1,1299,0.62811685,0.29410508,0.077778034,0.5503388
144,cat,-1,1300,0.91326714,0.067215085,0.01951777,0.89374936
144,shuffle,-1,1301,0.9956649,0.0027694402,0.0015656993,0.9940992
144,unrelated,95,1302,0.8056558,0.069306,0.12503822,0.6806176
144,unrelated_token,95,1303,0.8136982,0.06757974,0.118722014,0.69497615
145,orig,-1,1304,0.9883144,0.007854133,0.0038315386,0.9844828
145,paraphrase,-1,1305,0.8965995,0.09347905,0.009921489,0.886678
145,translate,-1,1306,0.1139841,0.8758392,0.010176737,0.10380736
145,polarity,-1,1307,0.9952728,0.0031863507,0.0015408185,0.993732
145,vocab,-1,1308,0.9174557,0.014275122,0.06826927,0.8491864
145,cat,-1,1309,0.98709315,0.008317796,0.0045890394,0.9825041
145,shuffle,-1,1310,0.9841785,0.013507338,0.0023142206,0.9818643
145,unrelated,111,1311,0.76862293,0.17824781,0.05312914,0.7154938
145,unrelated_token,111,1312,0.72115695,0.23389685,0.044946197,0.67621076
146,orig,-1,1313,0.9130712,0.050862126,0.036066648,0.87700456
146,paraphrase,-1,1314,0.8623234,0.11297422,0.024702292,0.8376211
146,translate,-1,1315,0.23733607,0.73966396,0.022999968,0.2143361
146,polarity,-1,1316,0.9538321,0.032116644,0.014051291,0.9397808
146,vocab,-1,1317,0.9033735,0.041922536,0.054704,0.84866947
146,cat,-1,1318,0.9062833,0.056126814,0.037589878,0.8686935
146,shuffle,-1,1319,0.9325608,0.035807908,0.031631242,0.9009296
146,unrelated,117,1320,0.9673629,0.021164136,0.011473079,0.9558898
146,unrelated_token,117,1321,0.9794413,0.012377602,0.008181095,0.9712602
147,orig,-1,1322,0.5046638,0.03223059,0.46310556,0.041558266
147,paraphrase,-1,1323,0.26340693,0.05311735,0.6834758,-0.42006886
147,translate,-1,1324,0.0063013975,0.0059196153,0.98777896,-0.98147756
147,polarity,-1,1325,0.9109701,0.026429242,0.06260065,0.8483694
147,vocab,-1,1326,0.5241643,0.022873277,0.4529624,0.07120192
147,cat,-1,1327,0.5975989,0.03656072,0.36584038,0.23175853
147,shuffle,-1,1328,0.57426625,0.030853959,0.3948798,0.17938647
147,unrelated,207,1329,0.08016925,0.8531079,0.06672277,0.01344648
147,unrelated_token,207,1330,0.08822694,0.68855816,0.2232149,-0.13498795
148,orig,-1,1331,0.9339815,0.058559746,0.0074586803,0.9265228
148,paraphrase,-1,1332,0.9248802,0.06506374,0.010056104,0.9148241
148,translate,-1,1333,0.6868629,0.30419886,0.008938232,0.67792463
148,polarity,-1,1334,0.9626513,0.029354822,0.007993875,0.95465744
148,vocab,-1,1335,0.889155,0.09493675,0.015908191,0.8732468
148,cat,-1,1336,0.9364611,0.05542105,0.008117816,0.9283433
148,shuffle,-1,1337,0.9598367,0.032067318,0.00809602,0.9517407
148,unrelated,217,1338,0.32407513,0.6656087,0.010316141,0.313759
148,unrelated_token,217,1339,0.5394145,0.4454469,0.015138515,0.524276
149,orig,-1,1340,0.5499516,0.36031502,0.08973331,0.4602183
149,paraphrase,-1,1341,0.6173097,0.32347786,0.0592125,0.5580972
149,translate,-1,1342,0.59209716,0.34858626,0.059316624,0.5327805
149,polarity,-1,1343,0.89963615,0.06866479,0.031699073,0.8679371
149,vocab,-1,1344,0.59197646,0.26045287,0.14757061,0.44440585
149,cat,-1,1345,0.46491978,0.44995612,0.085124165,0.3797956
149,shuffle,-1,1346,0.70951504,0.20335391,0.08713108,0.62238395
149,unrelated,227,1347,0.18893677,0.78187937,0.029183825,0.15975295
149,unrelated_token,227,1348,0.20534618,0.7693131,0.025340708,0.18000548
150,orig,-1,1349,0.69231117,0.24766612,0.060022715,0.63228846
150,paraphrase,-1,1350,0.7766878,0.20960484,0.013707307,0.7629805
150,translate,-1,1351,0.8957802,0.04092567,0.063294135,0.8324861
150,polarity,-1,1352,0.9917502,0.0039980207,0.004251717,0.98749846
150,vocab,-1,1353,0.8882321,0.04776922,0.06399865,0.8242335
150,cat,-1,1354,0.519826,0.42014652,0.0600275,0.45979849
150,shuffle,-1,1355,0.9635198,0.01638513,0.020095097,0.9434247
150,unrelated,93,1356,0.29333845,0.6790417,0.027619833,0.2657186
150,unrelated_token,93,1357,0.3430589,0.624545,0.03239613,0.31066278
151,orig,-1,1358,0.63338363,0.12687041,0.23974591,0.39363772
151,paraphrase,-1,1359,0.883912,0.08247798,0.03361009,0.8503019
151,translate,-1,1360,0.6779428,0.23282602,0.08923121,0.5887116
151,polarity,-1,1361,0.98052615,0.015458931,0.0040150206,0.9765111
151,vocab,-1,1362,0.7533428,0.073291324,0.17336586,0.5799769
151,cat,-1,1363,0.5768138,0.10033315,0.32285306,0.25396076
151,shuffle,-1,1364,0.5989556,0.1423339,0.25871056,0.340245
151,unrelated,253,1365,0.4420688,0.5247134,0.03321782,0.40885097
151,unrelated_token,253,1366,0.3058374,0.6568514,0.03731121,0.2685262
152,orig,-1,1367,0.87725866,0.10479919,0.017942164,0.85931647
152,paraphrase,-1,1368,0.7687285,0.2096974,0.021574145,0.74715436
152,translate,-1,1369,0.8756246,0.107320145,0.017055297,0.8585693
152,polarity,-1,1370,0.9781341,0.013655774,0.008210167,0.9699239
152,vocab,-1,1371,0.08114124,0.89587665,0.022982128,0.058159113
152,cat,-1,1372,0.903409,0.08022127,0.016369719,0.8870393
152,shuffle,-1,1373,0.93508726,0.033565253,0.031347424,0.9037398
152,unrelated,142,1374,0.11915363,0.81069684,0.070149496,0.049004138
152,unrelated_token,142,1375,0.11518461,0.80699176,0.07782371,0.0373609
153,orig,-1,1376,0.585454,0.3974943,0.017051782,0.56840223
153,paraphrase,-1,1377,0.901747,0.08783646,0.010416557,0.8913304
153,translate,-1,1378,0.91661173,0.07506119,0.008327073,0.90828466
153,polarity,-1,1379,0.9785366,0.019712897,0.0017504736,0.97678614
153,vocab,-1,1380,0.9832144,0.01323957,0.0035460247,0.9796684
153,cat,-1,1381,0.3918384,0.59196484,0.016196812,0.37564158
153,shuffle,-1,1382,0.9791837,0.01712982,0.0036865387,0.9754971
153,unrelated,218,1383,0.9664648,0.011462428,0.02207284,0.94439197
153,unrelated_token,218,1384,0.97612834,0.0087132435,0.015158403,0.9609699
154,orig,-1,1385,0.70887893,0.11980347,0.17131752,0.5375614
154,paraphrase,-1,1386,0.8868414,0.08989153,0.023267118,0.8635743
154,translate,-1,1387,0.9971812,0.0018621455,0.00095668004,0.9962245
154,polarity,-1,1388,0.9853087,0.010024823,0.004666531,0.9806422
154,vocab,-1,1389,0.39453158,0.030586854,0.57488155,-0.18034998
154,cat,-1,1390,0.76184684,0.061206974,0.1769462,0.5849006
154,shuffle,-1,1391,0.6304289,0.3234097,0.046161335,0.58426756
154,unrelated,52,1392,0.6672631,0.29393545,0.038801458,0.62846166
154,unrelated_token,52,1393,0.71442413,0.19928649,0.08628944,0.62813467
155,orig,-1,1394,0.9615718,0.010598969,0.02782928,0.9337425
155,paraphrase,-1,1395,0.7880053,0.20416303,0.007831677,0.7801736
155,translate,-1,1396,0.9845333,0.010579991,0.0048866337,0.9796467
155,polarity,-1,1397,0.98560333,0.006745523,0.0076511465,0.9779522
155,vocab,-1,1398,0.9746752,0.010711973,0.0146129625,0.9600622
155,cat,-1,1399,0.9514928,0.01145138,0.03705587,0.91443694
155,shuffle,-1,1400,0.9521409,0.025597688,0.022261389,0.92987955
155,unrelated,187,1401,0.4559939,0.5325905,0.011415584,0.44457832
155,unrelated_token,187,1402,0.30228895,0.6852219,0.012489146,0.2897998
156,orig,-1,1403,0.08801809,0.8909067,0.021075243,0.06694285
156,paraphrase,-1,1404,0.20992346,0.76254386,0.02753261,0.18239085
156,translate,-1,1405,0.5370634,0.4368427,0.026093913,0.5109695
156,polarity,-1,1406,0.2939735,0.69021654,0.01580993,0.27816358
156,vocab,-1,1407,0.37972763,0.37122568,0.24904665,0.13068098
156,cat,-1,1408,0.096846506,0.86276215,0.04039135,0.056455158
156,shuffle,-1,1409,0.76487464,0.20879902,0.026326373,0.7385483
156,unrelated,10,1410,0.7345805,0.115266725,0.15015274,0.5844278
156,unrelated_token,10,1411,0.7782037,0.17574117,0.04605516,0.7321486
157,orig,-1,1412,0.9624009,0.03153109,0.0060679745,0.9563329
157,paraphrase,-1,1413,0.979431,0.01830165,0.0022673516,0.9771636
157,translate,-1,1414,0.41656637,0.5666053,0.016828291,0.39973807
157,polarity,-1,1415,0.99642414,0.0030469282,0.0005289599,0.9958952
157,vocab,-1,1416,0.97544837,0.00575509,0.018796645,0.95665175
157,cat,-1,1417,0.9764494,0.01850614,0.0050444966,0.97140485
157,shuffle,-1,1418,0.8548527,0.13661805,0.0085293,0.8463234
157,unrelated,4,1419,0.53716606,0.43713963,0.025694277,0.5114718
157,unrelated_token,4,1420,0.7172161,0.24144268,0.041341282,0.67587477
158,orig,-1,1421,0.77848643,0.09911852,0.122395046,0.6560914
158,paraphrase,-1,1422,0.13194108,0.7922175,0.07584143,0.056099653
158,translate,-1,1423,0.39311424,0.53379315,0.0730926,0.32002163
158,polarity,-1,1424,0.9443536,0.025141606,0.03050478,0.9138488
158,vocab,-1,1425,0.62333447,0.05806413,0.31860137,0.3047331
158,cat,-1,1426,0.386381,0.079403974,0.53421503,-0.14783403
158,shuffle,-1,1427,0.8303561,0.07515187,0.094491966,0.73586416
158,unrelated,175,1428,0.13546602,0.8563807,0.008153263,0.12731276
158,unrelated_token,175,1429,0.5378225,0.44936752,0.012809971,0.5250125
159,orig,-1,1430,0.9155682,0.041020673,0.043411165,0.872157
159,paraphrase,-1,1431,0.93536985,0.038250808,0.02637938,0.90899044
159,translate,-1,1432,0.6233457,0.28552783,0.09112658,0.5322191
159,polarity,-1,1433,0.9896053,0.008225731,0.002168985,0.9874363
159,vocab,-1,1434,0.92250794,0.01691283,0.06057919,0.86192876
159,cat,-1,1435,0.90289676,0.045084473,0.052018758,0.850878
159,shuffle,-1,1436,0.90989184,0.042307585,0.04780053,0.8620913
159,unrelated,39,1437,0.0107640615,0.9851703,0.0040656766,0.006698385
159,unrelated_token,39,1438,0.008812688,0.98726904,0.0039182524,0.004894436
160,orig,-1,1439,0.9662801,0.026003195,0.007716614,0.9585635
160,paraphrase,-1,1440,0.97150964,0.020956011,0.0075343773,0.96397525
160,translate,-1,1441,0.9490742,0.043594047,0.007331688,0.94174254
160,polarity,-1,1442,0.9920515,0.0063039805,0.0016444916,0.990407
160,vocab,-1,1443,0.9758312,0.01324321,0.0109255295,0.9649057
160,cat,-1,1444,0.96434647,0.028390653,0.0072628967,0.9570836
160,shuffle,-1,1445,0.8236073,0.097314864,0.0790778,0.74452955
160,unrelated,165,1446,0.4086195,0.14073327,0.45064723,-0.04202774
160,unrelated_token,165,1447,0.10091757,0.07166617,0.8274163,-0.7264987
161,orig,-1,1448,0.92824996,0.06561642,0.006133526,0.92211646
161,paraphrase,-1,1449,0.7811272,0.21023755,0.008635272,0.77249193
161,translate,-1,1450,0.70708627,0.28332707,0.009586651,0.69749963
161,polarity,-1,1451,0.9568446,0.034989476,0.008165918,0.94867873
161,vocab,-1,1452,0.78231865,0.13093022,0.08675112,0.69556755
161,cat,-1,1453,0.86534077,0.117404565,0.017254695,0.84808606
161,shuffle,-1,1454,0.94062907,0.053928666,0.0054423185,0.93518674
161,unrelated,88,1455,0.9364139,0.031886246,0.03169996,0.9047139
161,unrelated_token,88,1456,0.9406846,0.032157037,0.027158393,0.91352624
162,orig,-1,1457,0.16709718,0.6868732,0.14602967,0.021067515
162,paraphrase,-1,1458,0.08905897,0.8066679,0.10427312,-0.015214145
162,translate,-1,1459,0.042638376,0.8750133,0.0823483,-0.039709926
162,polarity,-1,1460,0.49136898,0.47904986,0.029581133,0.46178785
162,vocab,-1,1461,0.18319471,0.5479876,0.2688177,-0.08562298
162,cat,-1,1462,0.08858674,0.8462528,0.06516049,0.02342625
162,shuffle,-1,1463,0.103491254,0.86103874,0.035469968,0.06802128
162,unrelated,133,1464,0.09620666,0.879746,0.02404733,0.07215933
162,unrelated_token,133,1465,0.168322,0.7959804,0.035697564,0.13262443
163,orig,-1,1466,0.5560579,0.26905617,0.17488596,0.3811719
163,paraphrase,-1,1467,0.084385164,0.73433536,0.1812795,-0.09689433
163,translate,-1,1468,0.49807766,0.2860743,0.215848,0.28222966
163,polarity,-1,1469,0.7884116,0.19948773,0.01210069,0.7763109
163,vocab,-1,1470,0.10274618,0.09694621,0.8003076,-0.6975614
163,cat,-1,1471,0.6586509,0.10910842,0.23224068,0.4264102
163,shuffle,-1,1472,0.55599004,0.24503827,0.19897167,0.35701835
163,unrelated,34,1473,0.16801818,0.79803073,0.033951074,0.1340671
163,unrelated_token,34,1474,0.11364707,0.85421896,0.032133985,0.08151309
164,orig,-1,1475,0.8223234,0.12995172,0.04772494,0.7745984
164,paraphrase,-1,1476,0.9782949,0.016571531,0.0051336205,0.9731613
164,translate,-1,1477,0.9262324,0.04436944,0.029398093,0.8968343
164,polarity,-1,1478,0.9861602,0.010372223,0.0034674802,0.9826927
164,vocab,-1,1479,0.8321677,0.063113354,0.10471896,0.7274487
164,cat,-1,1480,0.10249972,0.046790507,0.85070974,-0.74821
164,shuffle,-1,1481,0.6392295,0.30055323,0.060217246,0.5790122
164,unrelated,65,1482,0.7915771,0.18710023,0.021322643,0.77025443
164,unrelated_token,65,1483,0.46343747,0.49622568,0.04033684,0.42310062
165,orig,-1,1484,0.5874877,0.20154873,0.21096356,0.37652415
165,paraphrase,-1,1485,0.71980315,0.24912198,0.031074876,0.6887283
165,translate,-1,1486,0.6068604,0.33123568,0.061903946,0.54495645
165,polarity,-1,1487,0.98055583,0.017120352,0.002323786,0.978232
165,vocab,-1,1488,0.70144236,0.13064381,0.16791387,0.5335285
165,cat,-1,1489,0.38442302,0.17289272,0.4426843,-0.058261275
165,shuffle,-1,1490,0.63815933,0.26194805,0.09989262,0.5382667
165,unrelated,29,1491,0.9908703,0.0025440059,0.0065857735,0.9842845
165,unrelated_token,29,1492,0.991484,0.0027794407,0.0057365564,0.98574746
166,orig,-1,1493,0.9890463,0.008424264,0.0025294225,0.98651683
166,paraphrase,-1,1494,0.9970187,0.0021534564,0.00082780264,0.9961909
166,translate,-1,1495,0.99133873,0.0068983543,0.0017630144,0.98957574
166,polarity,-1,1496,0.99226224,0.0063114804,0.0014262743,0.99083596
166,vocab,-1,1497,0.9232123,0.025260108,0.05152757,0.87168473
166,cat,-1,1498,0.9914306,0.006500019,0.0020694314,0.98936117
166,shuffle,-1,1499,0.970385,0.023603247,0.006011706,0.9643733
166,unrelated,115,1500,0.1515343,0.79146695,0.056998715,0.09453559
166,unrelated_token,115,1501,0.29102626,0.6298667,0.079107,0.21191926
167,orig,-1,1502,0.8826037,0.11515226,0.0022440155,0.8803597
167,paraphrase,-1,1503,0.5902332,0.40724868,0.0025180543,0.58771515
167,translate,-1,1504,0.87301046,0.12363796,0.0033516325,0.8696588
167,polarity,-1,1505,0.9613879,0.03578778,0.002824411,0.95856345
167,vocab,-1,1506,0.98573375,0.0123964455,0.0018697564,0.983864
167,cat,-1,1507,0.6962782,0.30093133,0.0027904923,0.6934877
167,shuffle,-1,1508,0.06259468,0.93302506,0.004380242,0.05821444
167,unrelated,70,1509,0.894897,0.07582643,0.029276546,0.86562043
167,unrelated_token,70,1510,0.8304739,0.13246298,0.03706309,0.79341084
168,orig,-1,1511,0.0025632428,0.9954424,0.001994307,0.0005689359
168,paraphrase,-1,1512,0.0029467852,0.9913565,0.005696743,-0.0027499576
168,translate,-1,1513,0.0062666177,0.9727807,0.02095271,-0.014686093
168,polarity,-1,1514,0.002826055,0.99636745,0.00080652174,0.0020195334
168,vocab,-1,1515,0.0032102906,0.99397594,0.0028137707,0.0003965199
168,cat,-1,1516,0.00270112,0.9941316,0.0031671943,-0.00046607433
168,shuffle,-1,1517,0.002377981,0.9956156,0.0020063757,0.0003716054
168,unrelated,5,1518,0.014800992,0.070387825,0.9148112,-0.9000102
168,unrelated_token,5,1519,0.003773479,0.020985207,0.97524124,-0.9714678
169,orig,-1,1520,0.2721149,0.4626571,0.26522797,0.0068869293
169,paraphrase,-1,1521,0.12734057,0.27457002,0.5980894,-0.47074884
169,translate,-1,1522,0.24437577,0.5798217,0.17580253,0.06857324
169,polarity,-1,1523,0.48754513,0.1534878,0.35896704,0.1285781
169,vocab,-1,1524,0.07314887,0.21983652,0.7070146,-0.6338658
169,cat,-1,1525,0.49529043,0.2945804,0.21012917,0.28516126
169,shuffle,-1,1526,0.2570922,0.24994394,0.49296385,-0.23587164
169,unrelated,249,1527,0.0474198,0.4407739,0.51180625,-0.46438646
169,unrelated_token,249,1528,0.04680692,0.24699327,0.7061998,-0.6593929
170,orig,-1,1529,0.4539291,0.51815027,0.027920656,0.42600843
170,paraphrase,-1,1530,0.4470594,0.48126683,0.07167378,0.3753856
170,translate,-1,1531,0.5680057,0.41963997,0.012354327,0.55565137
170,polarity,-1,1532,0.9774169,0.018264016,0.004319062,0.9730978
170,vocab,-1,1533,0.887251,0.086932324,0.025816625,0.8614344
170,cat,-1,1534,0.3694268,0.6073,0.023273239,0.34615356
170,shuffle,-1,1535,0.18343931,0.7857643,0.030796438,0.15264288
170,unrelated,160,1536,0.94936186,0.04015328,0.010484843,0.93887705
170,unrelated_token,160,1537,0.9478247,0.041563254,0.010611965,0.93721277
171,orig,-1,1538,0.75104856,0.19287346,0.056078013,0.69497055
171,paraphrase,-1,1539,0.9080634,0.07479359,0.01714296,0.89092046
171,translate,-1,1540,0.9286563,0.04523025,0.026113428,0.9025428
171,polarity,-1,1541,0.9463849,0.049433235,0.0041819364,0.942203
171,vocab,-1,1542,0.6411626,0.09227807,0.26655936,0.3746032
171,cat,-1,1543,0.70608467,0.20631178,0.08760352,0.61848116
171,shuffle,-1,1544,0.937579,0.0407343,0.021686705,0.91589224
171,unrelated,101,1545,0.0013001376,0.0033493259,0.9953506,-0.99405044
171,unrelated_token,101,1546,0.0011074869,0.0037612435,0.99513125,-0.99402374
172,orig,-1,1547,0.9725061,0.024856724,0.002637206,0.9698689
172,paraphrase,-1,1548,0.96731746,0.030189244,0.0024932555,0.9648242
172,translate,-1,1549,0.8239434,0.17003031,0.006026299,0.81791705
172,polarity,-1,1550,0.98571754,0.0128460685,0.001436371,0.9842812
172,vocab,-1,1551,0.9574228,0.030536804,0.01204041,0.94538236
172,cat,-1,1552,0.9418848,0.04805264,0.010062548,0.93182224
172,shuffle,-1,1553,0.9764124,0.019824378,0.0037632815,0.97264916
172,unrelated,121,1554,0.2023915,0.73471314,0.06289536,0.13949615
172,unrelated_token,121,1555,0.251332,0.69896585,0.049702104,0.2016299
173,orig,-1,1556,0.5501626,0.4324606,0.017376795,0.53278583
173,paraphrase,-1,1557,0.16494359,0.8282981,0.0067583546,0.15818524
173,translate,-1,1558,0.7327363,0.2630573,0.0042064944,0.7285298
173,polarity,-1,1559,0.9230714,0.056335222,0.020593435,0.902478
173,vocab,-1,1560,0.8697976,0.092688724,0.037513684,0.8322839
173,cat,-1,1561,0.5065044,0.47861305,0.014882549,0.49162188
173,shuffle,-1,1562,0.9039633,0.07858351,0.017453203,0.88651013
173,unrelated,182,1563,0.30195874,0.6496305,0.048410848,0.2535479
173,unrelated_token,182,1564,0.29703066,0.65883046,0.04413889,0.25289178
174,orig,-1,1565,0.53876615,0.40549228,0.055741612,0.48302454
174,paraphrase,-1,1566,0.50131416,0.40876132,0.089924574,0.4113896
174,translate,-1,1567,0.035291485,0.8434241,0.12128447,-0.085992984
174,polarity,-1,1568,0.9675049,0.018881772,0.013613319,0.9538916
174,vocab,-1,1569,0.20639367,0.63325876,0.1603476,0.04604608
174,cat,-1,1570,0.56125444,0.37699246,0.061753035,0.4995014
174,shuffle,-1,1571,0.9667508,0.021150745,0.0120985,0.9546523
174,unrelated,46,1572,0.5473697,0.41459095,0.03803933,0.5093304
174,unrelated_token,46,1573,0.72724307,0.23847644,0.034280386,0.6929627
175,orig,-1,1574,0.2700119,0.7173162,0.012671862,0.25734004
175,paraphrase,-1,1575,0.76950824,0.21452107,0.015970634,0.7535376
175,translate,-1,1576,0.38651758,0.6015804,0.011902026,0.37461555
175,polarity,-1,1577,0.7832262,0.14197598,0.07479782,0.7084284
175,vocab,-1,1578,0.59012747,0.37712798,0.032744564,0.5573829
175,cat,-1,1579,0.3537792,0.63253003,0.013690743,0.34008846
175,shuffle,-1,1580,0.8685454,0.110747136,0.020707414,0.847838
175,unrelated,71,1581,0.070187286,0.8813376,0.04847509,0.021712195
175,unrelated_token,71,1582,0.14261416,0.8206879,0.036697958,0.1059162
176,orig,-1,1583,0.9786928,0.01602903,0.0052780756,0.9734148
176,paraphrase,-1,1584,0.90560275,0.086250156,0.008147109,0.89745563
176,translate,-1,1585,0.7124305,0.25708202,0.03048745,0.681943
176,polarity,-1,1586,0.99152255,0.007049471,0.0014279974,0.99009454
176,vocab,-1,1587,0.82731044,0.118228994,0.054460574,0.77284986
176,cat,-1,1588,0.9844305,0.012550476,0.0030190852,0.9814114
176,shuffle,-1,1589,0.98493737,0.0077739717,0.0072887205,0.9776487
176,unrelated,77,1590,0.9593606,0.03141614,0.009223327,0.95013726
176,unrelated_token,77,1591,0.89228475,0.0922271,0.015488137,0.8767966
177,orig,-1,1592,0.018705906,0.010554725,0.9707394,-0.9520335
177,paraphrase,-1,1593,0.027093519,0.058889434,0.914017,-0.8869235
177,translate,-1,1594,0.010165652,0.012875712,0.9769586,-0.96679294
177,polarity,-1,1595,0.9233518,0.025288612,0.051359516,0.8719923
177,vocab,-1,1596,0.0037076275,0.0057200985,0.9905723,-0.9868646
177,cat,-1,1597,0.116068594,0.032136798,0.8517946,-0.735726
177,shuffle,-1,1598,0.0305117,0.02214912,0.94733906,-0.9168274
177,unrelated,50,1599,0.2817015,0.08347435,0.63482416,-0.35312265
177,unrelated_token,50,1600,0.32576135,0.08680422,0.5874345,-0.26167312
178,orig,-1,1601,0.9708855,0.015224944,0.013889571,0.95699596
178,paraphrase,-1,1602,0.8888089,0.09654147,0.014649608,0.8741593
178,translate,-1,1603,0.9623537,0.027100654,0.010545616,0.9518081
178,polarity,-1,1604,0.9959479,0.0028083613,0.0012437712,0.9947041
178,vocab,-1,1605,0.8925817,0.053971384,0.05344689,0.8391348
178,cat,-1,1606,0.9701952,0.017005756,0.0127990665,0.9573961
178,shuffle,-1,1607,0.9353424,0.030420948,0.034236606,0.90110576
178,unrelated,250,1608,0.5643073,0.37008175,0.065611005,0.49869627
178,unrelated_token,250,1609,0.4843145,0.4232525,0.09243304,0.39188147
179,orig,-1,1610,0.28929275,0.6036374,0.107069865,0.18222289
179,paraphrase,-1,1611,0.5153907,0.42436302,0.06024628,0.4551444
179,translate,-1,1612,0.1280414,0.8088514,0.06310715,0.06493425
179,polarity,-1,1613,0.83364654,0.08429357,0.08205995,0.75158656
179,vocab,-1,1614,0.30920628,0.16812025,0.52267337,-0.21346709
179,cat,-1,1615,0.28859317,0.58777964,0.12362714,0.16496603
179,shuffle,-1,1616,0.17223002,0.71719265,0.11057739,0.06165263
179,unrelated,155,1617,0.9009965,0.07192827,0.027075212,0.8739213
179,unrelated_token,155,1618,0.93279755,0.04343622,0.023766244,0.90903133
180,orig,-1,1619,0.046695784,0.94296104,0.010343203,0.036352582
180,paraphrase,-1,1620,0.9606795,0.015896171,0.023424294,0.9372552
180,translate,-1,1621,0.57367903,0.3641188,0.062202204,0.5114768
180,polarity,-1,1622,0.79528373,0.18610412,0.018612178,0.7766715
180,vocab,-1,1623,0.54621905,0.30254507,0.15123583,0.39498323
180,cat,-1,1624,0.017848784,0.9778471,0.0043041175,0.013544667
180,shuffle,-1,1625,0.8699961,0.11049963,0.019504344,0.8504917
180,unrelated,30,1626,0.27022526,0.71055955,0.019215193,0.25101006
180,unrelated_token,30,1627,0.2811486,0.7002805,0.018570943,0.26257768
181,orig,-1,1628,0.04088376,0.00700464,0.95211154,-0.91122776
181,paraphrase,-1,1629,0.17339672,0.047831256,0.77877206,-0.60537535
181,translate,-1,1630,0.45656645,0.028847275,0.51458627,-0.058019817
181,polarity,-1,1631,0.97939223,0.009695848,0.010911987,0.9684802
181,vocab,-1,1632,0.5085128,0.027575828,0.46391135,0.04460144
181,cat,-1,1633,0.072591,0.010755498,0.9166535,-0.8440625
181,shuffle,-1,1634,0.03313721,0.005987772,0.96087503,-0.92773783
181,unrelated,201,1635,0.057905268,0.011421726,0.930673,-0.87276775
181,unrelated_token,201,1636,0.30019718,0.033623677,0.6661792,-0.365982
182,orig,-1,1637,0.6520621,0.31118694,0.03675092,0.6153112
182,paraphrase,-1,1638,0.24630043,0.73999965,0.013699947,0.23260048
182,translate,-1,1639,0.10086396,0.8874739,0.011662142,0.08920182
182,polarity,-1,1640,0.9189409,0.037231945,0.04382713,0.8751138
182,vocab,-1,1641,0.81631446,0.15064397,0.033041634,0.7832728
182,cat,-1,1642,0.5948398,0.36880383,0.036356397,0.5584834
182,shuffle,-1,1643,0.9841377,0.004314918,0.01154732,0.9725904
182,unrelated,25,1644,0.9496453,0.03247921,0.01787552,0.9317698
182,unrelated_token,25,1645,0.95292526,0.025794506,0.021280235,0.93164504
183,orig,-1,1646,0.99075574,0.0075497534,0.0016944773,0.98906124
183,paraphrase,-1,1647,0.6452531,0.34002453,0.014722387,0.6305307
183,translate,-1,1648,0.7586048,0.23238036,0.009014765,0.74959004
183,polarity,-1,1649,0.9823455,0.013748094,0.0039063343,0.9784392
183,vocab,-1,1650,0.9815314,0.00849191,0.009976644,0.97155476
183,cat,-1,1651,0.9931902,0.005387736,0.0014220424,0.9917682
183,shuffle,-1,1652,0.9657069,0.02903395,0.0052591516,0.9604477
183,unrelated,156,1653,0.05943858,0.9144675,0.026093893,0.033344686
183,unrelated_token,156,1654,0.10082045,0.85724354,0.04193597,0.058884483
184,orig,-1,1655,0.9485964,0.046541065,0.0048624673,0.94373393
184,paraphrase,-1,1656,0.98425955,0.01224565,0.00349476,0.9807648
184,translate,-1,1657,0.9613883,0.03082842,0.007783236,0.95360506
184,polarity,-1,1658,0.98152244,0.0158107,0.00266686,0.9788556
184,vocab,-1,1659,0.81963223,0.16688468,0.013483058,0.8061492
184,cat,-1,1660,0.9398543,0.05481304,0.0053326585,0.9345217
184,shuffle,-1,1661,0.90598536,0.08832473,0.0056900023,0.9002954
184,unrelated,214,1662,0.0857735,0.1433633,0.7708632,-0.6850897
184,unrelated_token,214,1663,0.18820168,0.54272145,0.26907688,-0.0808752
185,orig,-1,1664,0.26984444,0.72214115,0.008014433,0.26183
185,paraphrase,-1,1665,0.54031783,0.4536622,0.0060199997,0.5342978
185,translate,-1,1666,0.78238565,0.21088493,0.0067294156,0.7756562
185,polarity,-1,1667,0.8585737,0.13818762,0.0032387725,0.8553349
185,vocab,-1,1668,0.6697886,0.32674783,0.0034636182,0.666325
185,cat,-1,1669,0.26526815,0.7260196,0.008712211,0.25655594
185,shuffle,-1,1670,0.39583787,0.5770667,0.027095405,0.36874247
185,unrelated,235,1671,0.97702324,0.008184842,0.014791915,0.96223134
185,unrelated_token,235,1672,0.98751915,0.006088055,0.006392701,0.9811264
186,orig,-1,1673,0.59689325,0.39529365,0.007813092,0.58908015
186,paraphrase,-1,1674,0.57571787,0.4142693,0.010012757,0.5657051
186,translate,-1,1675,0.22764117,0.76747245,0.0048864298,0.22275473
186,polarity,-1,1676,0.9740656,0.02471792,0.001216444,0.97284913
186,vocab,-1,1677,0.87684613,0.09610046,0.027053487,0.84979266
186,cat,-1,1678,0.75854623,0.23145653,0.009997171,0.74854904
186,shuffle,-1,1679,0.9873382,0.00975544,0.00290632,0.98443186
186,unrelated,190,1680,0.93194735,0.06420656,0.003846032,0.9281013
186,unrelated_token,190,1681,0.9338975,0.062727824,0.003374745,0.93052274
187,orig,-1,1682,0.93423736,0.06285799,0.0029045923,0.93133277
187,paraphrase,-1,1683,0.9866197,0.011741533,0.0016386849,0.984981
187,translate,-1,1684,0.9403174,0.0568821,0.002800537,0.93751687
187,polarity,-1,1685,0.98665977,0.0117362775,0.0016039194,0.98505586
187,vocab,-1,1686,0.9520834,0.032467343,0.015449227,0.9366342
187,cat,-1,1687,0.8233752,0.16974725,0.006877504,0.81649774
187,shuffle,-1,1688,0.84540975,0.15231554,0.0022747102,0.84313506
187,unrelated,183,1689,0.9973948,0.0020757904,0.00052947516,0.99686533
187,unrelated_token,183,1690,0.9973022,0.0021186029,0.0005791939,0.996723
188,orig,-1,1691,0.97237355,0.020458775,0.0071676928,0.96520585
188,paraphrase,-1,1692,0.94037884,0.041641418,0.017979847,0.922399
188,translate,-1,1693,0.7384247,0.23412086,0.027454412,0.7109703
188,polarity,-1,1694,0.9940659,0.0047449316,0.0011892085,0.99287665
188,vocab,-1,1695,0.31383836,0.02370937,0.6624522,-0.34861386
188,cat,-1,1696,0.96615833,0.02390551,0.009936147,0.9562222
188,shuffle,-1,1697,0.9736386,0.017763289,0.008598158,0.96504045
188,unrelated,195,1698,0.95345384,0.040159326,0.0063867886,0.947067
188,unrelated_token,195,1699,0.9613905,0.033057995,0.005551587,0.9558389
189,orig,-1,1700,0.63400483,0.33085027,0.035144866,0.59885997
189,paraphrase,-1,1701,0.91108954,0.07628975,0.012620775,0.8984688
189,translate,-1,1702,0.5967859,0.37952545,0.023688648,0.5730972
189,polarity,-1,1703,0.9686594,0.029889867,0.001450643,0.96720874
189,vocab,-1,1704,0.9045036,0.036504127,0.058992237,0.8455113
189,cat,-1,1705,0.8592867,0.1219137,0.018799627,0.8404871
189,shuffle,-1,1706,0.98404205,0.012338968,0.0036190078,0.98042303
189,unrelated,54,1707,0.508673,0.42521977,0.06610723,0.4425658
189,unrelated_token,54,1708,0.69545776,0.27307755,0.03146473,0.663993
190,orig,-1,1709,0.99176097,0.005209369,0.0030297088,0.98873127
190,paraphrase,-1,1710,0.98928154,0.00663974,0.0040786583,0.98520285
190,translate,-1,1711,0.9849775,0.012508493,0.0025141018,0.98246336
190,polarity,-1,1712,0.995095,0.0029035208,0.0020014138,0.9930936
190,vocab,-1,1713,0.98670745,0.005890141,0.007402335,0.9793051
190,cat,-1,1714,0.98893666,0.008100638,0.002962648,0.985974
190,shuffle,-1,1715,0.9919619,0.005129644,0.0029085465,0.98905337
190,unrelated,209,1716,0.95157886,0.036395703,0.012025493,0.9395534
190,unrelated_token,209,1717,0.91344047,0.069582365,0.016977122,0.89646333
191,orig,-1,1718,0.79776704,0.1189254,0.08330756,0.7144595
191,paraphrase,-1,1719,0.6967486,0.25738552,0.045865886,0.6508827
191,translate,-1,1720,0.24671657,0.19763829,0.55564517,-0.3089286
191,polarity,-1,1721,0.9552253,0.03832594,0.0064488407,0.9487764
191,vocab,-1,1722,0.18653022,0.060166966,0.75330275,-0.5667725
191,cat,-1,1723,0.7887914,0.13337412,0.077834435,0.710957
191,shuffle,-1,1724,0.89798033,0.063666835,0.038352814,0.85962754
191,unrelated,80,1725,0.8965285,0.015275718,0.08819589,0.80833256
191,unrelated_token,80,1726,0.7959459,0.019965071,0.1840891,0.6118568
192,orig,-1,1727,0.79876786,0.15873332,0.04249883,0.75626904
192,paraphrase,-1,1728,0.20711045,0.78124505,0.011644504,0.19546595
192,translate,-1,1729,0.97940344,0.015283708,0.005312947,0.9740905
192,polarity,-1,1730,0.99483985,0.004340595,0.0008195657,0.9940203
192,vocab,-1,1731,0.9476354,0.03142865,0.020935992,0.9266994
192,cat,-1,1732,0.7317961,0.23746343,0.030740472,0.7010556
192,shuffle,-1,1733,0.94559675,0.04737828,0.0070249806,0.93857175
192,unrelated,202,1734,0.80114627,0.18358079,0.0152729405,0.78587335
192,unrelated_token,202,1735,0.77340585,0.20861726,0.017976856,0.75542897
193,orig,-1,1736,0.3394205,0.5248071,0.1357724,0.20364809
193,paraphrase,-1,1737,0.5138863,0.44494876,0.041164983,0.47272128
193,translate,-1,1738,0.357885,0.5517379,0.09037711,0.2675079
193,polarity,-1,1739,0.40069437,0.5711725,0.028133163,0.37256122
193,vocab,-1,1740,0.7344479,0.123520136,0.14203203,0.59241587
193,cat,-1,1741,0.27708033,0.59297746,0.12994224,0.14713809
193,shuffle,-1,1742,0.17987218,0.72988087,0.09024691,0.08962528
193,unrelated,173,1743,0.085945375,0.8922976,0.021756936,0.064188436
193,unrelated_token,173,1744,0.08722329,0.8917434,0.021033328,0.06618996
194,orig,-1,1745,0.98269063,0.007824709,0.009484599,0.97320604
194,paraphrase,-1,1746,0.9886574,0.008420953,0.0029215934,0.98573583
194,translate,-1,1747,0.8427041,0.13716523,0.020130597,0.82257354
194,polarity,-1,1748,0.9896673,0.007996543,0.0023362353,0.98733103
194,vocab,-1,1749,0.95823866,0.023296427,0.018465018,0.9397736
194,cat,-1,1750,0.97824895,0.010625994,0.011125077,0.96712387
194,shuffle,-1,1751,0.9828319,0.007856463,0.009311576,0.97352034
194,unrelated,230,1752,0.9940374,0.0032802108,0.002682464,0.99135494
194,unrelated_token,230,1753,0.9937285,0.0033406038,0.002930849,0.9907977
195,orig,-1,1754,0.97607124,0.01996313,0.0039656754,0.97210556
195,paraphrase,-1,1755,0.9446817,0.05285473,0.0024636136,0.94221807
195,translate,-1,1756,0.877444,0.09465195,0.027904026,0.84954
195,polarity,-1,1757,0.9854128,0.013295114,0.0012921945,0.9841206
195,vocab,-1,1758,0.95775235,0.033648096,0.008599454,0.9491529
195,cat,-1,1759,0.98037225,0.015993936,0.0036337893,0.97673845
195,shuffle,-1,1760,0.9490625,0.04253172,0.008405717,0.9406568
195,unrelated,3,1761,0.6473909,0.33635437,0.016254665,0.63113624
195,unrelated_token,3,1762,0.40123096,0.5736153,0.025153723,0.37607723
196,orig,-1,1763,0.15376543,0.8418683,0.004366251,0.14939918
196,paraphrase,-1,1764,0.39404386,0.59850264,0.007453537,0.38659033
196,translate,-1,1765,0.088956155,0.14594951,0.7650943,-0.6761381
196,polarity,-1,1766,0.67018235,0.32313094,0.00668675,0.6634956
196,vocab,-1,1767,0.7748086,0.19449644,0.030695023,0.74411356
196,cat,-1,1768,0.091536745,0.9052801,0.0031830943,0.08835365
196,shuffle,-1,1769,0.20909423,0.78565323,0.005252494,0.20384173
196,unrelated,33,1770,0.89402765,0.09755982,0.00841252,0.8856151
196,unrelated_token,33,1771,0.90488636,0.088013224,0.007100415,0.89778596
197,orig,-1,1772,0.25182456,0.7260149,0.02216053,0.22966403
197,paraphrase,-1,1773,0.03540571,0.94211096,0.02248327,0.01292244
197,translate,-1,1774,0.17371592,0.8079746,0.018309522,0.1554064
197,polarity,-1,1775,0.39955866,0.5703885,0.030052874,0.3695058
197,vocab,-1,1776,0.14081857,0.2534379,0.6057435,-0.46492496
197,cat,-1,1777,0.2624419,0.71793383,0.01962429,0.24281761
197,shuffle,-1,1778,0.58136374,0.09902349,0.31961274,0.261751
197,unrelated,185,1779,0.06484748,0.9330136,0.0021389066,0.06270857
197,unrelated_token,185,1780,0.094959185,0.90226835,0.0027725173,0.09218667
198,orig,-1,1781,0.98897165,0.0061148987,0.004913459,0.9840582
198,paraphrase,-1,1782,0.98054594,0.014082677,0.0053713447,0.9751746
198,translate,-1,1783,0.9427576,0.027378188,0.02986421,0.9128934
198,polarity,-1,1784,0.99396175,0.0036733823,0.0023647754,0.991597
198,vocab,-1,1785,0.82808524,0.088265255,0.083649516,0.7444357
198,cat,-1,1786,0.9907425,0.00466941,0.0045880484,0.98615444
198,shuffle,-1,1787,0.97209597,0.010579802,0.01732431,0.95477164
198,unrelated,21,1788,0.9836731,0.008997598,0.007329297,0.9763438
198,unrelated_token,21,1789,0.975875,0.018172983,0.005951987,0.969923
199,orig,-1,1790,0.92741674,0.020389503,0.05219369,0.87522304
199,paraphrase,-1,1791,0.8727029,0.09639653,0.030900575,0.8418023
199,translate,-1,1792,0.90119416,0.05854724,0.040258545,0.8609356
199,polarity,-1,1793,0.9413966,0.014980353,0.043623116,0.8977735
199,vocab,-1,1794,0.6454378,0.012608637,0.34195358,0.3034842
199,cat,-1,1795,0.92805946,0.015659293,0.05628125,0.8717782
199,shuffle,-1,1796,0.95635474,0.022121,0.021524323,0.9348304
199,unrelated,162,1797,0.3665199,0.49877658,0.13470353,0.23181637
199,unrelated_token,162,1798,0.5431958,0.3681733,0.08863098,0.4545648
200,orig,-1,1799,0.5884134,0.12202032,0.2895663,0.2988471
200,paraphrase,-1,1800,0.6295021,0.21765636,0.15284157,0.47666055
200,translate,-1,1801,0.06004983,0.049734466,0.89021564,-0.8301658
200,polarity,-1,1802,0.8983936,0.07745371,0.024152726,0.8742409
200,vocab,-1,1803,0.8594032,0.055587426,0.08500938,0.7743938
200,cat,-1,1804,0.50447875,0.10730488,0.38821638,0.11626238
200,shuffle,-1,1805,0.40747434,0.18205592,0.4104697,-0.0029953718
200,unrelated,140,1806,0.14806382,0.82708216,0.024854064,0.12320976
200,unrelated_token,140,1807,0.15966372,0.81237495,0.027961297,0.13170242
201,orig,-1,1808,0.09989026,0.016725972,0.8833837,-0.7834934
201,paraphrase,-1,1809,0.5299209,0.078958236,0.3911209,0.13879997
201,translate,-1,1810,0.37063465,0.14949423,0.47987112,-0.10923648
201,polarity,-1,1811,0.95281553,0.016346138,0.030838296,0.9219772
201,vocab,-1,1812,0.94368666,0.019971883,0.03634142,0.90734524
201,cat,-1,1813,0.41715604,0.042740207,0.5401037,-0.12294763
201,shuffle,-1,1814,0.18769929,0.26811302,0.5441877,-0.35648844
201,unrelated,48,1815,0.8006759,0.1676043,0.03171979,0.7689561
201,unrelated_token,48,1816,0.81444734,0.15685527,0.028697405,0.7857499
202,orig,-1,1817,0.74030864,0.24652359,0.013167745,0.7271409
202,paraphrase,-1,1818,0.53771883,0.43164745,0.03063372,0.5070851
202,translate,-1,1819,0.29122922,0.68444127,0.024329482,0.26689973
202,polarity,-1,1820,0.9546085,0.04134275,0.00404876,0.95055974
202,vocab,-1,1821,0.80586535,0.14093016,0.053204514,0.7526608
202,cat,-1,1822,0.83627456,0.15667166,0.0070537985,0.8292208
202,shuffle,-1,1823,0.98390067,0.012217301,0.0038820708,0.9800186
202,unrelated,232,1824,0.13657512,0.85646397,0.0069609247,0.12961419
202,unrelated_token,232,1825,0.17103371,0.8187499,0.0102163525,0.16081735
203,orig,-1,1826,0.7344467,0.16879053,0.09676275,0.637684
203,paraphrase,-1,1827,0.91314876,0.02317492,0.06367633,0.8494724
203,translate,-1,1828,0.2722535,0.6759759,0.051770557,0.22048296
203,polarity,-1,1829,0.962675,0.023267549,0.014057462,0.9486175
203,vocab,-1,1830,0.8461474,0.031923737,0.12192886,0.72421855
203,cat,-1,1831,0.7455164,0.12211889,0.13236476,0.61315167
203,shuffle,-1,1832,0.89920175,0.045919877,0.05487845,0.8443233
203,unrelated,12,1833,0.08935896,0.8998534,0.01078767,0.07857129
203,unrelated_token,12,1834,0.11875808,0.8692477,0.011994222,0.10676386
204,orig,-1,1835,0.9713109,0.020277381,0.008411696,0.9628992
204,paraphrase,-1,1836,0.4354461,0.26456317,0.29999068,0.13545543
204,translate,-1,1837,0.86261827,0.097233064,0.040148675,0.8224696
204,polarity,-1,1838,0.9772489,0.021624528,0.001126501,0.9761224
204,vocab,-1,1839,0.91093075,0.043871447,0.04519782,0.8657329
204,cat,-1,1840,0.96543515,0.023379881,0.011184973,0.95425016
204,shuffle,-1,1841,0.96320057,0.027971864,0.008827561,0.954373
204,unrelated,119,1842,0.4060272,0.3689481,0.2250247,0.1810025
204,unrelated_token,119,1843,0.41966575,0.38243663,0.19789758,0.22176817
205,orig,-1,1844,0.37277052,0.6003576,0.026871873,0.34589866
205,paraphrase,-1,1845,0.20309313,0.78215533,0.01475158,0.18834154
205,translate,-1,1846,0.14283258,0.8414366,0.015730768,0.12710181
205,polarity,-1,1847,0.8472792,0.14291431,0.0098065045,0.8374727
205,vocab,-1,1848,0.81637424,0.14357187,0.040053837,0.7763204
205,cat,-1,1849,0.32058486,0.6472831,0.032132052,0.2884528
205,shuffle,-1,1850,0.8977415,0.088942714,0.013315712,0.88442576
205,unrelated,79,1851,0.0061846464,0.98956466,0.004250641,0.0019340054
205,unrelated_token,79,1852,0.0033755566,0.9933971,0.0032272756,0.00014828099
206,orig,-1,1853,0.722067,0.24346171,0.03447125,0.6875957
206,paraphrase,-1,1854,0.72609675,0.24043714,0.03346616,0.6926306
206,translate,-1,1855,0.8471943,0.13107239,0.02173327,0.82546103
206,polarity,-1,1856,0.7188946,0.26317838,0.01792701,0.7009676
206,vocab,-1,1857,0.5247561,0.3130785,0.16216545,0.3625906
206,cat,-1,1858,0.69916457,0.26784638,0.032989036,0.66617554
206,shuffle,-1,1859,0.7472755,0.19773959,0.054984916,0.69229054
206,unrelated,83,1860,0.045872413,0.88867456,0.06545302,-0.01958061
206,unrelated_token,83,1861,0.043440692,0.90110624,0.055453077,-0.012012385
207,orig,-1,1862,0.310108,0.66846704,0.021424975,0.28868303
207,paraphrase,-1,1863,0.25303113,0.72860354,0.018365351,0.23466578
207,translate,-1,1864,0.1432839,0.8447138,0.01200222,0.13128169
207,polarity,-1,1865,0.9704761,0.028039025,0.0014849259,0.96899116
207,vocab,-1,1866,0.60930437,0.35109207,0.03960358,0.5697008
207,cat,-1,1867,0.33982614,0.50536686,0.154807,0.18501914
207,shuffle,-1,1868,0.5008589,0.48592338,0.013217727,0.4876412
207,unrelated,126,1869,0.13209301,0.6565651,0.21134186,-0.079248846
207,unrelated_token,126,1870,0.22354634,0.56199545,0.21445821,0.009088129
208,orig,-1,1871,0.7057126,0.26242104,0.031866387,0.67384624
208,paraphrase,-1,1872,0.54835427,0.3980625,0.05358332,0.49477094
208,translate,-1,1873,0.6448677,0.31047028,0.044662014,0.6002057
208,polarity,-1,1874,0.9080044,0.07946655,0.012529003,0.8954754
208,vocab,-1,1875,0.77268356,0.16554122,0.06177523,0.71090835
208,cat,-1,1876,0.3459629,0.4297308,0.22430629,0.12165663
208,shuffle,-1,1877,0.53069293,0.43292746,0.036379583,0.49431336
208,unrelated,9,1878,0.9859589,0.011653731,0.002387334,0.9835715
208,unrelated_token,9,1879,0.98343545,0.014117281,0.0024472338,0.9809882
209,orig,-1,1880,0.9841627,0.0067290883,0.00910819,0.9750545
209,paraphrase,-1,1881,0.96944505,0.01342914,0.017125882,0.95231915
209,translate,-1,1882,0.880197,0.056876823,0.06292617,0.8172708
209,polarity,-1,1883,0.9531952,0.019419255,0.027385537,0.9258097
209,vocab,-1,1884,0.27620932,0.015704881,0.7080858,-0.43187645
209,cat,-1,1885,0.983652,0.0062812013,0.010066781,0.9735852
209,shuffle,-1,1886,0.9812764,0.008522932,0.010200613,0.9710758
209,unrelated,248,1887,0.5321134,0.4186815,0.0492051,0.48290828
209,unrelated_token,248,1888,0.4511148,0.51217943,0.036705732,0.41440907
210,orig,-1,1889,0.35464922,0.08577225,0.55957854,-0.20492932
210,paraphrase,-1,1890,0.5955121,0.11777973,0.28670812,0.30880398
210,translate,-1,1891,0.10507096,0.7325492,0.1623799,-0.057308942
210,polarity,-1,1892,0.6859874,0.08932532,0.22468723,0.4613002
210,vocab,-1,1893,0.58499414,0.08793364,0.3270722,0.25792193
210,cat,-1,1894,0.40706608,0.15085205,0.44208184,-0.03501576
210,shuffle,-1,1895,0.6799884,0.03855009,0.2814615,0.39852688
210,unrelated,193,1896,0.13335472,0.03546512,0.8311802,-0.6978255
210,unrelated_token,193,1897,0.14357795,0.036417592,0.82000446,-0.67642653
211,orig,-1,1898,0.84580564,0.1483489,0.0058455467,0.8399601
211,paraphrase,-1,1899,0.7432676,0.22086577,0.035866585,0.70740104
211,translate,-1,1900,0.6549457,0.31501454,0.030039737,0.62490594
211,polarity,-1,1901,0.95114285,0.044010226,0.0048470357,0.9462958
211,vocab,-1,1902,0.8609897,0.097381786,0.04162853,0.81936115
211,cat,-1,1903,0.8093946,0.18353398,0.007071356,0.8023232
211,shuffle,-1,1904,0.85720426,0.1372952,0.0055005504,0.8517037
211,unrelated,154,1905,0.77417254,0.04388961,0.18193787,0.5922347
211,unrelated_token,154,1906,0.77759004,0.040890057,0.18151994,0.5960701
212,orig,-1,1907,0.6591491,0.25986537,0.080985494,0.5781636
212,paraphrase,-1,1908,0.7062196,0.19927135,0.094509065,0.61171055
212,translate,-1,1909,0.93679565,0.043261793,0.019942554,0.9168531
212,polarity,-1,1910,0.9844551,0.013198149,0.0023467368,0.98210835
212,vocab,-1,1911,0.98981255,0.0038977766,0.006289753,0.9835228
212,cat,-1,1912,0.65853524,0.20490319,0.13656162,0.5219736
212,shuffle,-1,1913,0.98298186,0.004025076,0.012993105,0.96998876
212,unrelated,143,1914,0.030913703,0.94494003,0.024146255,0.006767448
212,unrelated_token,143,1915,0.04223358,0.93211293,0.025653515,0.016580064
213,orig,-1,1916,0.4947688,0.4133948,0.091836385,0.4029324
213,paraphrase,-1,1917,0.4050615,0.47402757,0.12091097,0.28415054
213,translate,-1,1918,0.11951041,0.79080546,0.08968416,0.029826254
213,polarity,-1,1919,0.5748325,0.33394885,0.09121855,0.48361394
213,vocab,-1,1920,0.4706529,0.30130923,0.22803783,0.24261507
213,cat,-1,1921,0.4691758,0.4305399,0.10028426,0.36889154
213,shuffle,-1,1922,0.21809813,0.548031,0.23387091,-0.015772775
213,unrelated,124,1923,0.2824425,0.5637992,0.15375827,0.12868424
213,unrelated_token,124,1924,0.18242787,0.7053187,0.11225344,0.070174426
214,orig,-1,1925,0.013261421,0.024715183,0.9620235,-0.94876206
214,paraphrase,-1,1926,0.5962175,0.22230123,0.18148126,0.41473627
214,translate,-1,1927,0.16023302,0.18303652,0.6567304,-0.4964974
214,polarity,-1,1928,0.9764441,0.016767867,0.0067880764,0.96965605
214,vocab,-1,1929,0.7732267,0.035292067,0.19148123,0.58174545
214,cat,-1,1930,0.0297424,0.044998813,0.9252589,-0.89551646
214,shuffle,-1,1931,0.975133,0.006493847,0.018373221,0.9567598
214,unrelated,135,1932,0.78870577,0.19135562,0.019938627,0.7687671
214,unrelated_token,135,1933,0.59065557,0.39020893,0.019135507,0.57152003
215,orig,-1,1934,0.9506613,0.048052523,0.0012861962,0.9493751
215,paraphrase,-1,1935,0.9926442,0.0064070793,0.0009486147,0.9916956
215,translate,-1,1936,0.9469732,0.051920123,0.0011066281,0.9458666
215,polarity,-1,1937,0.011961592,0.006690216,0.9813483,-0.9693867
215,vocab,-1,1938,0.52746195,0.4338784,0.038659617,0.4888023
215,cat,-1,1939,0.96034336,0.037636418,0.0020202643,0.9583231
215,shuffle,-1,1940,0.78675735,0.2074545,0.0057881367,0.7809692
215,unrelated,220,1941,0.9891468,0.0053815455,0.005471633,0.9836752
215,unrelated_token,220,1942,0.9916495,0.0038821963,0.0044683805,0.9871811
216,orig,-1,1943,0.8755694,0.09725775,0.027172845,0.84839654
216,paraphrase,-1,1944,0.7333937,0.0261716,0.24043466,0.49295908
216,translate,-1,1945,0.78225964,0.19452976,0.023210589,0.75904906
216,polarity,-1,1946,0.9873892,0.008856903,0.0037539124,0.9836353
216,vocab,-1,1947,0.01332185,0.002652854,0.9840253,-0.9707034
216,cat,-1,1948,0.858076,0.11343785,0.028486185,0.8295898
216,shuffle,-1,1949,0.9069335,0.048395414,0.04467111,0.86226237
216,unrelated,243,1950,0.9892882,0.00999674,0.00071502617,0.9885732
216,unrelated_token,243,1951,0.98690456,0.0122695705,0.00082583184,0.98607874
217,orig,-1,1952,0.08602522,0.90046126,0.01351349,0.07251173
217,paraphrase,-1,1953,0.25458542,0.72189003,0.023524553,0.23106086
217,translate,-1,1954,0.35718122,0.62108374,0.021735065,0.33544615
217,polarity,-1,1955,0.92863965,0.06354281,0.007817596,0.920822
217,vocab,-1,1956,0.4482713,0.51495034,0.036778387,0.4114929
217,cat,-1,1957,0.13096587,0.8481706,0.020863552,0.110102326
217,shuffle,-1,1958,0.32215768,0.4677364,0.21010594,0.11205174
217,unrelated,228,1959,0.180138,0.8035863,0.016275655,0.16386235
217,unrelated_token,228,1960,0.21637712,0.76525295,0.018369915,0.19800721
218,orig,-1,1961,0.9540291,0.030907743,0.01506323,0.93896586
218,paraphrase,-1,1962,0.96706563,0.022832219,0.010102096,0.95696354
218,translate,-1,1963,0.81278557,0.15215963,0.035054803,0.77773076
218,polarity,-1,1964,0.9877806,0.004407692,0.0078116544,0.9799689
218,vocab,-1,1965,0.927143,0.020423336,0.052433684,0.8747093
218,cat,-1,1966,0.8878953,0.02927531,0.08282944,0.8050659
218,shuffle,-1,1967,0.97656983,0.014713035,0.008717184,0.96785265
218,unrelated,66,1968,0.13980274,0.8516002,0.008597007,0.13120574
218,unrelated_token,66,1969,0.096963674,0.8952605,0.007775836,0.08918784
219,orig,-1,1970,0.39670658,0.58258456,0.020708833,0.37599775
219,paraphrase,-1,1971,0.60526025,0.38061613,0.014123585,0.5911367
219,translate,-1,1972,0.5774765,0.41310707,0.009416439,0.56806004
219,polarity,-1,1973,0.33842465,0.2862984,0.37527704,-0.03685239
219,vocab,-1,1974,0.25597078,0.6853061,0.05872316,0.19724762
219,cat,-1,1975,0.33284613,0.65263635,0.014517519,0.31832862
219,shuffle,-1,1976,0.43237618,0.5449757,0.022648128,0.40972805
219,unrelated,16,1977,0.0517448,0.93620247,0.012052748,0.03969205
219,unrelated_token,16,1978,0.048433065,0.9387397,0.01282722,0.035605844
220,orig,-1,1979,0.9870553,0.0087336805,0.004210978,0.98284435
220,paraphrase,-1,1980,0.96996236,0.02361602,0.0064216764,0.9635407
220,translate,-1,1981,0.49580887,0.49580887,0.008382216,0.48742664
220,polarity,-1,1982,0.9927821,0.005108879,0.002109001,0.9906731
220,vocab,-1,1983,0.940161,0.015587071,0.044251923,0.8959091
220,cat,-1,1984,0.9889811,0.006008407,0.0050104163,0.9839707
220,shuffle,-1,1985,0.47536784,0.5045461,0.020086065,0.4552818
220,unrelated,239,1986,0.013276346,0.9859455,0.0007780767,0.012498269
220,unrelated_token,239,1987,0.011972652,0.9870635,0.0009637666,0.011008885
221,orig,-1,1988,0.17558105,0.3312679,0.49315107,-0.31757003
221,paraphrase,-1,1989,0.25302884,0.50895315,0.23801799,0.015010849
221,translate,-1,1990,0.34922934,0.44368225,0.2070884,0.14214094
221,polarity,-1,1991,0.55530316,0.275752,0.16894493,0.38635823
221,vocab,-1,1992,0.60296065,0.22663398,0.17040534,0.43255532
221,cat,-1,1993,0.1259227,0.5041506,0.3699267,-0.244004
221,shuffle,-1,1994,0.33658496,0.13859022,0.52482474,-0.18823978
221,unrelated,42,1995,0.8611582,0.1357901,0.003051704,0.8581065
221,unrelated_token,42,1996,0.82262665,0.17310679,0.0042664567,0.8183602
222,orig,-1,1997,0.89662915,0.07071116,0.032659717,0.86396945
222,paraphrase,-1,1998,0.9415349,0.049125902,0.00933929,0.9321956
222,translate,-1,1999,0.94619703,0.05033673,0.0034662588,0.9427308
222,polarity,-1,2000,0.9944482,0.0038741895,0.0016776975,0.9927705
222,vocab,-1,2001,0.2591926,0.042669915,0.69813746,-0.43894488
222,cat,-1,2002,0.8681652,0.090991564,0.04084324,0.82732195
222,shuffle,-1,2003,0.9133515,0.05830314,0.028345391,0.88500607
222,unrelated,11,2004,0.60188687,0.084329985,0.3137832,0.28810367
222,unrelated_token,11,2005,0.3478154,0.062405556,0.5897791,-0.24196368
223,orig,-1,2006,0.9678161,0.02889208,0.0032918456,0.96452427
223,paraphrase,-1,2007,0.9771523,0.018719476,0.004128217,0.9730241
223,translate,-1,2008,0.9599484,0.03652806,0.0035235102,0.9564249
223,polarity,-1,2009,0.9936279,0.0053065442,0.0010655298,0.99256235
223,vocab,-1,2010,0.8307321,0.031804636,0.13746332,0.6932688
223,cat,-1,2011,0.9685934,0.026696606,0.00470993,0.96388346
223,shuffle,-1,2012,0.9942865,0.0039692926,0.0017442456,0.9925422
223,unrelated,237,2013,0.03545979,0.9621599,0.0023803024,0.033079486
223,unrelated_token,237,2014,0.048624743,0.94884706,0.0025282144,0.04609653
224,orig,-1,2015,0.616464,0.36240047,0.02113548,0.59532857
224,paraphrase,-1,2016,0.611228,0.34623253,0.04253941,0.5686886
224,translate,-1,2017,0.6956511,0.2820308,0.022318037,0.67333305
224,polarity,-1,2018,0.8929827,0.09879323,0.008224086,0.88475865
224,vocab,-1,2019,0.9463373,0.033279542,0.020383148,0.92595416
224,cat,-1,2020,0.70844394,0.27007926,0.021476883,0.6869671
224,shuffle,-1,2021,0.9864987,0.009539968,0.003961346,0.9825374
224,unrelated,169,2022,0.26356658,0.71574897,0.020684492,0.24288209
224,unrelated_token,169,2023,0.20838344,0.772539,0.01907752,0.18930592
225,orig,-1,2024,0.93538046,0.058205266,0.0064143105,0.92896616
225,paraphrase,-1,2025,0.94166815,0.051604055,0.00672779,0.93494034
225,translate,-1,2026,0.9206816,0.07394974,0.0053686844,0.9153129
225,polarity,-1,2027,0.9795594,0.017645862,0.0027947086,0.97676474
225,vocab,-1,2028,0.908058,0.073993996,0.017948026,0.89010996
225,cat,-1,2029,0.93469995,0.05819133,0.0071086995,0.92759126
225,shuffle,-1,2030,0.9341522,0.05944198,0.0064058877,0.9277463
225,unrelated,197,2031,0.15836945,0.8020115,0.03961907,0.11875038
225,unrelated_token,197,2032,0.16037838,0.80834,0.031281587,0.12909679
226,orig,-1,2033,0.9719426,0.019656692,0.008400743,0.96354187
226,paraphrase,-1,2034,0.99367577,0.005048971,0.0012753337,0.9924004
226,translate,-1,2035,0.79479355,0.062010344,0.14319614,0.6515974
226,polarity,-1,2036,0.99103665,0.005094919,0.0038684467,0.9871682
226,vocab,-1,2037,0.7787253,0.13020162,0.09107307,0.68765223
226,cat,-1,2038,0.9644081,0.025228137,0.010363721,0.9540444
226,shuffle,-1,2039,0.8888321,0.09566413,0.015503724,0.8733284
226,unrelated,107,2040,0.97244745,0.019437777,0.008114749,0.9643327
226,unrelated_token,107,2041,0.9901093,0.0066582873,0.003232339,0.98687696
227,orig,-1,2042,0.6868416,0.29425523,0.018903183,0.6679384
227,paraphrase,-1,2043,0.55905324,0.39047268,0.05047406,0.5085792
227,translate,-1,2044,0.4592892,0.5029548,0.03775602,0.42153317
227,polarity,-1,2045,0.87257993,0.113776736,0.013643335,0.8589366
227,vocab,-1,2046,0.78909993,0.1827956,0.028104564,0.7609954
227,cat,-1,2047,0.6764448,0.29609463,0.027460521,0.6489843
227,shuffle,-1,2048,0.33744743,0.6391132,0.02343938,0.31400806
227,unrelated,234,2049,0.057938553,0.18628742,0.755774,-0.69783545
227,unrelated_token,234,2050,0.11909529,0.64823925,0.23266548,-0.11357019
228,orig,-1,2051,0.87819684,0.075215034,0.0465882,0.83160865
228,paraphrase,-1,2052,0.76757234,0.20018435,0.03224332,0.73532903
228,translate,-1,2053,0.65205413,0.09343412,0.25451174,0.3975424
228,polarity,-1,2054,0.9157786,0.058344007,0.025877358,0.8899012
228,vocab,-1,2055,0.9837652,0.005988403,0.010246479,0.9735187
228,cat,-1,2056,0.7456132,0.15352826,0.100858524,0.6447547
228,shuffle,-1,2057,0.87202656,0.07977566,0.04819774,0.8238288
228,unrelated,179,2058,0.3160221,0.66511023,0.018867726,0.29715437
228,unrelated_token,179,2059,0.23099072,0.74947995,0.019529352,0.21146137
229,orig,-1,2060,0.74394757,0.20557426,0.05047817,0.6934694
229,paraphrase,-1,2061,0.8296498,0.09566451,0.07468571,0.7549641
229,translate,-1,2062,0.6630995,0.3033668,0.03353367,0.62956583
229,polarity,-1,2063,0.97228044,0.024972597,0.0027469841,0.96953344
229,vocab,-1,2064,0.16594438,0.24227434,0.59178126,-0.42583686
229,cat,-1,2065,0.7934701,0.17494175,0.031588178,0.7618819
229,shuffle,-1,2066,0.826189,0.1342147,0.039596375,0.7865926
229,unrelated,233,2067,0.63902473,0.33022916,0.030746112,0.60827863
229,unrelated_token,233,2068,0.4609909,0.5060523,0.032956704,0.4280342
230,orig,-1,2069,0.9906455,0.0040327585,0.005321708,0.98532385
230,paraphrase,-1,2070,0.9409746,0.022522038,0.036503367,0.9044712
230,translate,-1,2071,0.9828152,0.008911085,0.008273664,0.97454154
230,polarity,-1,2072,0.99248284,0.0037548987,0.0037622396,0.9887206
230,vocab,-1,2073,0.20771673,0.743885,0.048398297,0.15931843
230,cat,-1,2074,0.9909046,0.0040654503,0.005029976,0.98587465
230,shuffle,-1,2075,0.9905377,0.0040520565,0.0054102046,0.9851275
230,unrelated,102,2076,0.7262605,0.24445753,0.029281951,0.6969785
230,unrelated_token,102,2077,0.7564895,0.21228649,0.031224053,0.72526544
231,orig,-1,2078,0.9881039,0.007248168,0.0046478882,0.983456
231,paraphrase,-1,2079,0.9838028,0.010307088,0.005890032,0.9779128
231,translate,-1,2080,0.92620313,0.06258424,0.011212521,0.9149906
231,polarity,-1,2081,0.48998782,0.020502614,0.48950955,0.00047826767
231,vocab,-1,2082,0.009189249,0.0012774804,0.98953325,-0.980344
231,cat,-1,2083,0.9791135,0.015595762,0.005290668,0.97382283
231,shuffle,-1,2084,0.86512095,0.037862573,0.0970165,0.76810443
231,unrelated,8,2085,0.7433951,0.23661923,0.019985694,0.7234094
231,unrelated_token,8,2086,0.72050285,0.2581607,0.021336477,0.69916636
232,orig,-1,2087,0.81197304,0.17543009,0.012596909,0.79937613
232,paraphrase,-1,2088,0.20843822,0.7847194,0.0068424013,0.20159581
232,translate,-1,2089,0.31725785,0.6621914,0.020550769,0.2967071
232,polarity,-1,2090,0.9239885,0.07324336,0.0027680767,0.9212204
232,vocab,-1,2091,0.8152772,0.13010257,0.054620165,0.7606571
232,cat,-1,2092,0.83638734,0.14977305,0.0138395345,0.8225478
232,shuffle,-1,2093,0.9445813,0.04708537,0.008333412,0.9362479
232,unrelated,252,2094,0.47875494,0.45683116,0.064413905,0.41434103
232,unrelated_token,252,2095,0.29161385,0.67537916,0.033006996,0.25860685
233,orig,-1,2096,0.61356354,0.255865,0.13057144,0.4829921
233,paraphrase,-1,2097,0.66248953,0.2493284,0.08818204,0.5743075
233,translate,-1,2098,0.3931971,0.46397856,0.14282437,0.2503727
233,polarity,-1,2099,0.96309596,0.0227163,0.014187761,0.9489082
233,vocab,-1,2100,0.22019525,0.52654713,0.25325763,-0.033062384
233,cat,-1,2101,0.5878007,0.29554668,0.116652615,0.47114807
233,shuffle,-1,2102,0.64054275,0.22413914,0.1353181,0.50522465
233,unrelated,223,2103,0.7063806,0.26440662,0.029212812,0.6771678
233,unrelated_token,223,2104,0.6679117,0.2983442,0.033744063,0.6341677
234,orig,-1,2105,0.55104053,0.33186504,0.117094375,0.43394616
234,paraphrase,-1,2106,0.49766174,0.34929496,0.15304337,0.34461838
234,translate,-1,2107,0.42146567,0.2876252,0.29090908,0.13055658
234,polarity,-1,2108,0.9154276,0.04795066,0.036621716,0.87880594
234,vocab,-1,2109,0.41793472,0.5026508,0.07941449,0.33852023
234,cat,-1,2110,0.43946812,0.331814,0.22871783,0.21075028
234,shuffle,-1,2111,0.61122656,0.25677988,0.13199353,0.47923303
234,unrelated,145,2112,0.8544678,0.13383357,0.011698531,0.84276927
234,unrelated_token,145,2113,0.8780389,0.111079596,0.01088152,0.86715734
235,orig,-1,2114,0.9957926,0.0025566437,0.0016506931,0.99414194
235,paraphrase,-1,2115,0.91288275,0.032481473,0.054635804,0.8582469
235,translate,-1,2116,0.9847147,0.008453152,0.0068322136,0.97788244
235,polarity,-1,2117,0.99802715,0.0012709502,0.00070188544,0.99732524
235,vocab,-1,2118,0.14967264,0.0032018344,0.84712553,-0.6974529
235,cat,-1,2119,0.9932603,0.0038244799,0.002915199,0.9903451
235,shuffle,-1,2120,0.9935243,0.0030798821,0.003395828,0.99012846
235,unrelated,172,2121,0.46876353,0.5061123,0.025124134,0.4436394
235,unrelated_token,172,2122,0.38149238,0.5552037,0.063303985,0.3181884
236,orig,-1,2123,0.961468,0.029780442,0.008751653,0.95271635
236,paraphrase,-1,2124,0.92088807,0.07063088,0.008481085,0.912407
236,translate,-1,2125,0.8538061,0.13648409,0.009709857,0.84409624
236,polarity,-1,2126,0.97899926,0.01755844,0.0034423014,0.97555697
236,vocab,-1,2127,0.95403135,0.035766266,0.010202275,0.94382906
236,cat,-1,2128,0.92019224,0.06747719,0.012330583,0.90786165
236,shuffle,-1,2129,0.45665762,0.5281824,0.015160001,0.44149762
236,unrelated,224,2130,0.604833,0.37720335,0.017963659,0.58686936
236,unrelated_token,224,2131,0.6503278,0.33085996,0.018812241,0.63151556
237,orig,-1,2132,0.9221699,0.072216704,0.005613459,0.9165565
237,paraphrase,-1,2133,0.7264353,0.26232776,0.011236913,0.7151984
237,translate,-1,2134,0.47080556,0.51808965,0.011104771,0.4597008
237,polarity,-1,2135,0.9407281,0.052033033,0.007238881,0.93348926
237,vocab,-1,2136,0.32322413,0.057233807,0.6195421,-0.296318
237,cat,-1,2137,0.899077,0.09226227,0.008660656,0.8904163
237,shuffle,-1,2138,0.9940095,0.0024542974,0.0035362784,0.9904732
237,unrelated,181,2139,0.026321314,0.004136265,0.9695425,-0.9432212
237,unrelated_token,181,2140,0.017330281,0.0040465537,0.9786233,-0.961293
238,orig,-1,2141,0.24505697,0.6669069,0.088036194,0.15702078
238,paraphrase,-1,2142,0.42012012,0.46446326,0.11541663,0.30470347
238,translate,-1,2143,0.3009216,0.6087695,0.09030894,0.21061265
238,polarity,-1,2144,0.8011848,0.14445339,0.054361813,0.74682295
238,vocab,-1,2145,0.25594229,0.24049425,0.5035635,-0.24762124
238,cat,-1,2146,0.22282805,0.68619114,0.090980805,0.13184723
238,shuffle,-1,2147,0.57544595,0.3338159,0.09073811,0.48470783
238,unrelated,96,2148,0.97544247,0.011267852,0.013289745,0.9621527
238,unrelated_token,96,2149,0.9753783,0.011070786,0.013550971,0.9618273
239,orig,-1,2150,0.49028504,0.5083244,0.001390624,0.4888944
239,paraphrase,-1,2151,0.4577923,0.5409938,0.0012138517,0.45657846
239,translate,-1,2152,0.50460094,0.4938755,0.0015235352,0.5030774
239,polarity,-1,2153,0.40889108,0.58915144,0.0019574685,0.4069336
239,vocab,-1,2154,0.14427969,0.85370505,0.002015279,0.14226441
239,cat,-1,2155,0.598794,0.3996626,0.0015433882,0.5972506
239,shuffle,-1,2156,0.28360656,0.7129868,0.003406594,0.28019997
239,unrelated,114,2157,0.26843318,0.70860994,0.022956882,0.2454763
239,unrelated_token,114,2158,0.27083558,0.7052435,0.023920938,0.24691464
240,orig,-1,2159,0.8566029,0.11037705,0.033020057,0.8235828
240,paraphrase,-1,2160,0.22976398,0.7024297,0.06780627,0.16195771
240,translate,-1,2161,0.038834512,0.9427135,0.018451925,0.020382587
240,polarity,-1,2162,0.9274466,0.059478153,0.01307519,0.91437143
240,vocab,-1,2163,0.966765,0.012654563,0.020580541,0.94618446
240,cat,-1,2164,0.7109768,0.24317074,0.04585246,0.6651243
240,shuffle,-1,2165,0.828377,0.14591469,0.025708254,0.80266875
240,unrelated,163,2166,0.913246,0.0730487,0.013705353,0.8995406
240,unrelated_token,163,2167,0.96314937,0.02513377,0.01171686,0.9514325
241,orig,-1,2168,0.9765223,0.009063997,0.014413673,0.9621087
241,paraphrase,-1,2169,0.9764168,0.011423212,0.012159945,0.9642569
241,translate,-1,2170,0.86024964,0.10479415,0.03495626,0.82529336
241,polarity,-1,2171,0.99246615,0.003544607,0.003989203,0.98847693
241,vocab,-1,2172,0.7901477,0.031272143,0.17858012,0.6115676
241,cat,-1,2173,0.98010695,0.008471309,0.0114216795,0.96868527
241,shuffle,-1,2174,0.97644126,0.009089835,0.014468886,0.96197236
241,unrelated,57,2175,0.28553113,0.6827831,0.031685676,0.25384545
241,unrelated_token,57,2176,0.2209869,0.74140924,0.03760389,0.18338302
242,orig,-1,2177,0.87117296,0.12191057,0.0069164517,0.8642565
242,paraphrase,-1,2178,0.9256866,0.06944636,0.004867054,0.9208195
242,translate,-1,2179,0.8069032,0.18794933,0.0051475256,0.80175567
242,polarity,-1,2180,0.85978496,0.13191669,0.008298355,0.8514866
242,vocab,-1,2181,0.90265465,0.070666865,0.026678436,0.8759762
242,cat,-1,2182,0.90616405,0.087987006,0.0058488883,0.90031517
242,shuffle,-1,2183,0.90728015,0.07954869,0.013171159,0.894109
242,unrelated,61,2184,0.7372109,0.24209946,0.020689614,0.7165213
242,unrelated_token,61,2185,0.755065,0.2263798,0.018555183,0.73650986
243,orig,-1,2186,0.99267936,0.0051786704,0.0021419912,0.99053735
243,paraphrase,-1,2187,0.986827,0.009515226,0.0036577142,0.9831693
243,translate,-1,2188,0.5277902,0.40585813,0.06635164,0.46143854
243,polarity,-1,2189,0.9796666,0.018567115,0.0017662399,0.9779003
243,vocab,-1,2190,0.7929292,0.035283986,0.17178677,0.6211424
243,cat,-1,2191,0.98866314,0.008019696,0.0033170907,0.985346
243,shuffle,-1,2192,0.9877913,0.0065269526,0.005681801,0.9821095
243,unrelated,40,2193,0.99630785,0.002765821,0.00092643395,0.9953814
243,unrelated_token,40,2194,0.99625504,0.002725457,0.0010194238,0.9952356
244,orig,-1,2195,0.9900711,0.0026022347,0.007326711,0.9827444
244,paraphrase,-1,2196,0.9868307,0.009000075,0.004169106,0.9826616
244,translate,-1,2197,0.98255825,0.0076573617,0.009784355,0.9727739
244,polarity,-1,2198,0.99171305,0.004076722,0.0042102407,0.9875028
244,vocab,-1,2199,0.96426255,0.009082273,0.026655212,0.93760735
244,cat,-1,2200,0.9874133,0.0031121788,0.009474503,0.9779388
244,shuffle,-1,2201,0.9904603,0.0032334847,0.0063061737,0.9841541
244,unrelated,85,2202,0.8281994,0.111158065,0.060642507,0.7675569
244,unrelated_token,85,2203,0.71825486,0.20409483,0.07765028,0.6406046
245,orig,-1,2204,0.9876045,0.0074744704,0.0049210633,0.9826834
245,paraphrase,-1,2205,0.96729904,0.026518114,0.0061828126,0.96111625
245,translate,-1,2206,0.97328204,0.02337507,0.0033429237,0.9699391
245,polarity,-1,2207,0.9930016,0.0044439896,0.002554462,0.9904471
245,vocab,-1,2208,0.9826027,0.01267484,0.0047223866,0.97788036
245,cat,-1,2209,0.9847179,0.00931124,0.0059708334,0.97874707
245,shuffle,-1,2210,0.8869056,0.0561744,0.056919888,0.82998574
245,unrelated,178,2211,0.9822855,0.014392936,0.0033215412,0.978964
245,unrelated_token,178,2212,0.95093924,0.042678297,0.006382399,0.94455683
246,orig,-1,2213,0.03805025,0.5419413,0.42000848,-0.38195825
246,paraphrase,-1,2214,0.020935059,0.8485878,0.13047715,-0.10954209
246,translate,-1,2215,0.016697673,0.24429458,0.7390078,-0.7223101
246,polarity,-1,2216,0.044977624,0.70632213,0.24870022,-0.2037226
246,vocab,-1,2217,0.004844397,0.040809963,0.9543456,-0.9495012
246,cat,-1,2218,0.021065367,0.04205745,0.9368772,-0.91581184
246,shuffle,-1,2219,0.69027156,0.07805374,0.23167466,0.4585969
246,unrelated,49,2220,0.41977116,0.56486386,0.015365006,0.40440616
246,unrelated_token,49,2221,0.27937594,0.7057888,0.014835328,0.2645406
247,orig,-1,2222,0.9239644,0.05921145,0.016824132,0.90714025
247,paraphrase,-1,2223,0.14666797,0.83372474,0.019607326,0.12706065
247,translate,-1,2224,0.29086486,0.60136837,0.10776677,0.18309808
247,polarity,-1,2225,0.98379517,0.011297946,0.004906871,0.9788883
247,vocab,-1,2226,0.97543985,0.014439939,0.010120156,0.9653197
247,cat,-1,2227,0.9031562,0.077371635,0.019472077,0.88368416
247,shuffle,-1,2228,0.8432118,0.12713511,0.029652962,0.8135589
247,unrelated,152,2229,0.7436974,0.22291717,0.0333854,0.710312
247,unrelated_token,152,2230,0.8048765,0.16692902,0.028194482,0.776682
248,orig,-1,2231,0.54166347,0.39024082,0.06809572,0.47356775
248,paraphrase,-1,2232,0.57968944,0.25414565,0.16616492,0.4135245
248,translate,-1,2233,0.09048126,0.8929865,0.01653226,0.073948994
248,polarity,-1,2234,0.994294,0.0037179254,0.0019881194,0.9923059
248,vocab,-1,2235,0.74087876,0.11334039,0.14578086,0.5950979
248,cat,-1,2236,0.28233847,0.6661434,0.051518176,0.2308203
248,shuffle,-1,2237,0.74922884,0.22114745,0.029623732,0.7196051
248,unrelated,0,2238,0.6147231,0.38020214,0.0050748494,0.6096482
248,unrelated_token,0,2239,0.7014104,0.2922486,0.006341013,0.6950694
249,orig,-1,2240,0.09815197,0.8933264,0.008521635,0.089630336
249,paraphrase,-1,2241,0.81496614,0.17389798,0.011135941,0.8038302
249,translate,-1,2242,0.50867116,0.47785237,0.013476433,0.49519473
249,polarity,-1,2243,0.17984746,0.7820089,0.038143612,0.14170384
249,vocab,-1,2244,0.9205555,0.039664082,0.039780453,0.88077503
249,cat,-1,2245,0.123727754,0.862834,0.013438355,0.110289395
249,shuffle,-1,2246,0.9695944,0.018702097,0.0117034735,0.9578909
249,unrelated,20,2247,0.97776616,0.013140515,0.009093285,0.9686729
249,unrelated_token,20,2248,0.982485,0.010223156,0.0072919037,0.9751931
250,orig,-1,2249,0.6598664,0.28484625,0.055287402,0.604579
250,paraphrase,-1,2250,0.7187504,0.22276726,0.058482356,0.66026807
250,translate,-1,2251,0.59926265,0.321939,0.0787983,0.52046436
250,polarity,-1,2252,0.88042706,0.1158823,0.003690632,0.8767364
250,vocab,-1,2253,0.7273966,0.21501392,0.05758943,0.6698072
250,cat,-1,2254,0.5812782,0.31676933,0.10195247,0.47932574
250,shuffle,-1,2255,0.99225605,0.0034482672,0.0042956304,0.9879604
250,unrelated,166,2256,0.9861627,0.010443396,0.0033937867,0.98276895
250,unrelated_token,166,2257,0.9875421,0.009265278,0.0031926269,0.9843495
251,orig,-1,2258,0.9643242,0.01614457,0.019531203,0.944793
251,paraphrase,-1,2259,0.13087894,0.6527579,0.21636315,-0.08548421
251,translate,-1,2260,0.3423709,0.5932995,0.064329594,0.2780413
251,polarity,-1,2261,0.981323,0.009994026,0.00868296,0.97264004
251,vocab,-1,2262,0.9544507,0.014778408,0.030770786,0.92367995
251,cat,-1,2263,0.8726814,0.04952264,0.077796005,0.7948854
251,shuffle,-1,2264,0.99156123,0.004921516,0.003517249,0.98804396
251,unrelated,212,2265,0.39260143,0.33746895,0.2699296,0.12267184
251,unrelated_token,212,2266,0.25022116,0.21460104,0.5351778,-0.28495666
252,orig,-1,2267,0.8092637,0.117098965,0.07363734,0.73562634
252,paraphrase,-1,2268,0.9425736,0.048382178,0.009044253,0.9335294
252,translate,-1,2269,0.9845293,0.01175677,0.0037139114,0.9808154
252,polarity,-1,2270,0.9927993,0.0051039807,0.0020967158,0.99070257
252,vocab,-1,2271,0.9811002,0.006597703,0.012302081,0.9687981
252,cat,-1,2272,0.9091939,0.06641076,0.024395393,0.88479847
252,shuffle,-1,2273,0.7052451,0.21101756,0.083737426,0.62150764
252,unrelated,106,2274,0.17795569,0.7242227,0.097821645,0.08013404
252,unrelated_token,106,2275,0.18904218,0.70521206,0.10574575,0.08329643
253,orig,-1,2276,0.63016605,0.32454014,0.045293834,0.58487225
253,paraphrase,-1,2277,0.044552997,0.9465576,0.00888943,0.035663567
253,translate,-1,2278,0.26226947,0.70427257,0.033457983,0.22881149
253,polarity,-1,2279,0.9339105,0.060002454,0.006087134,0.92782336
253,vocab,-1,2280,0.36746374,0.37220398,0.26033235,0.10713139
253,cat,-1,2281,0.58094597,0.37035522,0.048698775,0.5322472
253,shuffle,-1,2282,0.68950135,0.2809058,0.0295928,0.65990853
253,unrelated,191,2283,0.5801343,0.21731025,0.20255543,0.37757885
253,unrelated_token,191,2284,0.55419636,0.19731556,0.24848813,0.30570823
254,orig,-1,2285,0.99220496,0.006473411,0.0013215906,0.99088335
254,paraphrase,-1,2286,0.9833506,0.015173933,0.0014755232,0.98187506
254,translate,-1,2287,0.9443032,0.052162282,0.0035344462,0.9407688
254,polarity,-1,2288,0.9933617,0.0051822304,0.0014560166,0.9919057
254,vocab,-1,2289,0.98942566,0.0073505924,0.0032238043,0.9862019
254,cat,-1,2290,0.9909402,0.007632712,0.0014271587,0.98951304
254,shuffle,-1,2291,0.97180104,0.025236018,0.002962941,0.9688381
254,unrelated,99,2292,0.9070084,0.089543276,0.0034483161,0.9035601
254,unrelated_token,99,2293,0.877334,0.11835801,0.0043080333,0.87302595
255,orig,-1,2294,0.42783266,0.3841627,0.18800461,0.23982805
255,paraphrase,-1,2295,0.16785812,0.32237226,0.5097696,-0.3419115
255,translate,-1,2296,0.41901794,0.54570246,0.03527958,0.38373837
255,polarity,-1,2297,0.9157995,0.05608277,0.028117692,0.8876818
255,vocab,-1,2298,0.93614644,0.044669524,0.019184,0.91696244
255,cat,-1,2299,0.4870566,0.31495,0.19799344,0.28906316
255,shuffle,-1,2300,0.92014563,0.03108846,0.04876593,0.8713797
255,unrelated,158,2301,0.5333393,0.27838674,0.18827394,0.3450654
255,unrelated_token,158,2302,0.57146955,0.24003376,0.1884967,0.38297284
