vid,idx,kind,claim_id,L_o,KL_rev,top1_agree,p_top1_under_q
0,0,orig,-1,0.029555819928646088,0.03532177954912186,True,0.7073360681533813
9,1,orig,-1,0.0797605961561203,0.07375582307577133,True,0.2674005329608917
18,2,orig,-1,0.03802664205431938,0.04532138630747795,True,0.6424689292907715
27,3,orig,-1,0.07171493023633957,0.08301971107721329,True,0.3916696310043335
36,4,orig,-1,0.006461835466325283,0.008385566994547844,True,0.9345207810401917
45,5,orig,-1,0.026932891458272934,0.027927782386541367,True,0.3170262575149536
54,6,orig,-1,0.0026207990013062954,0.002906039822846651,True,0.8374119400978088
63,7,orig,-1,0.09416336566209793,0.11294351518154144,True,0.5169448852539062
72,8,orig,-1,0.0010141088860109448,0.0009466345072723925,True,0.9798310399055481
81,9,orig,-1,0.012174701318144798,0.01226263027638197,True,0.1405661702156067
90,10,orig,-1,0.009347768500447273,0.01035090908408165,True,0.4496382772922516
99,11,orig,-1,0.17236360907554626,0.18794593214988708,False,0.1870390921831131
108,12,orig,-1,0.01787150651216507,0.013186498545110226,True,0.927335262298584
117,13,orig,-1,0.014133404940366745,0.012471720576286316,True,0.8977359533309937
126,14,orig,-1,0.031878482550382614,0.029544340446591377,True,0.28091326355934143
135,15,orig,-1,0.001071720733307302,0.001090128323994577,True,0.635934591293335
1,0,paraphrase,-1,0.023935385048389435,0.029129106551408768,True,0.696419894695282
10,1,paraphrase,-1,0.07750137895345688,0.07319264858961105,True,0.26529383659362793
19,2,paraphrase,-1,0.03275647014379501,0.04131992161273956,True,0.6580212116241455
28,3,paraphrase,-1,0.06480779498815536,0.07309219986200333,True,0.3969407379627228
37,4,paraphrase,-1,0.0035835718736052513,0.004312293604016304,True,0.9398393034934998
46,5,paraphrase,-1,0.0354415699839592,0.03595055639743805,True,0.32492995262145996
55,6,paraphrase,-1,0.005263417027890682,0.00541065214201808,True,0.831727921962738
64,7,paraphrase,-1,0.15318050980567932,0.1877666562795639,True,0.49187228083610535
73,8,paraphrase,-1,0.001697218045592308,0.001772276358678937,True,0.9774782657623291
82,9,paraphrase,-1,0.012321523390710354,0.012435631826519966,True,0.13777272403240204
91,10,paraphrase,-1,0.012072930112481117,0.0127375777810812,True,0.44458940625190735
100,11,paraphrase,-1,0.18203839659690857,0.18202917277812958,False,0.17010411620140076
109,12,paraphrase,-1,0.018748700618743896,0.013913346454501152,True,0.9293767809867859
118,13,paraphrase,-1,0.014148246496915817,0.012487657368183136,True,0.8981068730354309
127,14,paraphrase,-1,0.02809317782521248,0.02728082425892353,True,0.27466318011283875
136,15,paraphrase,-1,0.0017165114404633641,0.0017566889291629195,True,0.6416482329368591
2,0,translate,-1,0.042456578463315964,0.04998557269573212,True,0.7125682234764099
11,1,translate,-1,0.07826488465070724,0.07142287492752075,True,0.2805022597312927
20,2,translate,-1,0.04469793662428856,0.05475487932562828,True,0.6445885896682739
29,3,translate,-1,0.06258904188871384,0.07146518677473068,True,0.4053097069263458
38,4,translate,-1,0.003598904935643077,0.004321149084717035,True,0.9397180080413818
47,5,translate,-1,0.02478114888072014,0.025976266711950302,True,0.29575997591018677
56,6,translate,-1,0.0050736782141029835,0.005622943863272667,True,0.8248040676116943
65,7,translate,-1,0.0993679016828537,0.11937417834997177,True,0.5276154279708862
74,8,translate,-1,0.006111980881541967,0.009440288878977299,True,0.9780003428459167
83,9,translate,-1,0.0260385200381279,0.027451351284980774,True,0.13596101105213165
92,10,translate,-1,0.007253754884004593,0.007731882389634848,True,0.4686150550842285
101,11,translate,-1,0.1525789052248001,0.1549886167049408,False,0.18462786078453064
110,12,translate,-1,0.022075582295656204,0.016002973541617393,True,0.9340580105781555
119,13,translate,-1,0.014122292399406433,0.012470625340938568,True,0.897948682308197
128,14,translate,-1,0.029085030779242516,0.02703559771180153,True,0.2767849564552307
137,15,translate,-1,0.001470662304200232,0.0014322525821626186,True,0.6423846483230591
3,0,polarity,-1,0.03458535298705101,0.0426446869969368,True,0.69798344373703
12,1,polarity,-1,0.07479411363601685,0.06944187730550766,True,0.2722109258174896
21,2,polarity,-1,0.03369086608290672,0.04057983681559563,True,0.6593834161758423
30,3,polarity,-1,0.05620841681957245,0.06225859373807907,True,0.39892569184303284
39,4,polarity,-1,0.006334430538117886,0.008276291191577911,True,0.9345446228981018
48,5,polarity,-1,0.036152105778455734,0.03643802925944328,True,0.32164281606674194
57,6,polarity,-1,0.003123591421172023,0.0035761066246777773,True,0.8360534906387329
66,7,polarity,-1,0.08334062993526459,0.09826056659221649,True,0.5441817045211792
75,8,polarity,-1,0.0011127874022349715,0.0010309988865628839,True,0.9799688458442688
84,9,polarity,-1,0.011106779798865318,0.010921617969870567,True,0.14226968586444855
93,10,polarity,-1,0.0047570387832820415,0.005291077308356762,True,0.48465603590011597
102,11,polarity,-1,0.1463538259267807,0.16338177025318146,True,0.20441874861717224
111,12,polarity,-1,0.019316043704748154,0.014182193204760551,True,0.9311683773994446
120,13,polarity,-1,0.02131611853837967,0.018182210624217987,True,0.9078935980796814
129,14,polarity,-1,0.0314551405608654,0.029128598049283028,True,0.28492870926856995
138,15,polarity,-1,0.003073502564802766,0.0032404488883912563,True,0.6178655028343201
4,0,vocab,-1,0.041193462908267975,0.05482818931341171,True,0.6501999497413635
13,1,vocab,-1,0.06671566516160965,0.06694544851779938,True,0.2857220768928528
22,2,vocab,-1,0.028121687471866608,0.03234277665615082,True,0.706645131111145
31,3,vocab,-1,0.05637142434716225,0.06339741498231888,True,0.4070422351360321
40,4,vocab,-1,0.0024961347226053476,0.002888132119551301,True,0.9372740983963013
49,5,vocab,-1,0.02856835164129734,0.030165323987603188,True,0.3137671649456024
58,6,vocab,-1,0.00828478578478098,0.010077684186398983,True,0.8138157725334167
67,7,vocab,-1,0.20992304384708405,0.2521309554576874,True,0.4605429172515869
76,8,vocab,-1,0.011461544781923294,0.011364251375198364,True,0.9809542894363403
85,9,vocab,-1,0.015813101083040237,0.015772733837366104,True,0.15057316422462463
94,10,vocab,-1,0.007307569030672312,0.008672851137816906,True,0.5029587149620056
103,11,vocab,-1,0.09027929604053497,0.10408006608486176,True,0.2535555064678192
112,12,vocab,-1,0.02208377793431282,0.018034949898719788,True,0.9269059300422668
121,13,vocab,-1,0.0040112752467393875,0.0037833135575056076,True,0.8739921450614929
130,14,vocab,-1,0.025212038308382034,0.02696903795003891,True,0.28723764419555664
139,15,vocab,-1,0.0028561141807585955,0.0030076950788497925,True,0.6207736730575562
5,0,cat,-1,5.973324298858643,17.279687881469727,False,0.0007134507759474218
14,1,cat,-1,5.8438262939453125,11.55439567565918,False,0.007445080671459436
23,2,cat,-1,4.447850227355957,7.411464214324951,False,0.002364063635468483
32,3,cat,-1,9.190564155578613,16.443222045898438,False,8.607549534644932e-05
41,4,cat,-1,5.724484920501709,11.158803939819336,False,0.002710299799218774
50,5,cat,-1,1.9694342613220215,5.736370086669922,True,0.19349093735218048
59,6,cat,-1,3.757796287536621,9.648686408996582,False,0.014167246408760548
68,7,cat,-1,0.1769508719444275,0.21907003223896027,True,0.5601123571395874
77,8,cat,-1,1.9681435823440552,5.298430442810059,False,0.130986288189888
86,9,cat,-1,3.375340461730957,6.123842239379883,False,0.011574018746614456
95,10,cat,-1,0.06890958547592163,0.2294488251209259,True,0.48207709193229675
104,11,cat,-1,5.242650985717773,7.960831165313721,False,0.0001457140751881525
113,12,cat,-1,5.805708408355713,11.235939025878906,False,0.0019756220281124115
122,13,cat,-1,0.5971980094909668,2.961106538772583,True,0.6842784285545349
131,14,cat,-1,5.556842803955078,15.086153030395508,False,0.000697670504450798
140,15,cat,-1,1.648005485534668,5.367771625518799,False,0.15229296684265137
6,0,shuffle,-1,0.019226880744099617,0.022852450609207153,True,0.7070412039756775
15,1,shuffle,-1,0.08947940915822983,0.07801195979118347,True,0.2728785276412964
24,2,shuffle,-1,0.034560732543468475,0.04285570606589317,True,0.6455831527709961
33,3,shuffle,-1,0.05754031240940094,0.06518330425024033,True,0.4037851095199585
42,4,shuffle,-1,0.003735867328941822,0.004400049336254597,True,0.9402134418487549
51,5,shuffle,-1,0.02886851690709591,0.030116993933916092,True,0.3030730187892914
60,6,shuffle,-1,0.002683045109733939,0.003052561776712537,True,0.8348609209060669
69,7,shuffle,-1,0.07845132797956467,0.09274399280548096,True,0.550653338432312
78,8,shuffle,-1,0.0012066714698448777,0.0011674375273287296,True,0.9795212149620056
87,9,shuffle,-1,0.012048834934830666,0.011622142046689987,True,0.14702555537223816
96,10,shuffle,-1,0.008707568049430847,0.009726165793836117,True,0.4647218883037567
105,11,shuffle,-1,0.16726839542388916,0.18409638106822968,False,0.18770469725131989
114,12,shuffle,-1,0.01882605068385601,0.013985522091388702,True,0.9313051104545593
123,13,shuffle,-1,0.014140117913484573,0.012477010488510132,True,0.8978580832481384
132,14,shuffle,-1,0.03600794076919556,0.03548280522227287,True,0.2628895044326782
141,15,shuffle,-1,0.0028515998274087906,0.002992897294461727,True,0.6200282573699951
7,0,unrelated,32,9.510622024536133,8.737482070922852,False,3.186747198924422e-05
16,1,unrelated,90,9.759678840637207,6.971777439117432,False,1.9229444660595618e-05
25,2,unrelated,188,9.06311321258545,6.369453430175781,False,2.5570945581421256e-05
34,3,unrelated,254,6.052724838256836,7.690669536590576,False,0.003318025264889002
43,4,unrelated,81,13.006409645080566,8.25217056274414,False,1.6633675841148943e-06
52,5,unrelated,55,5.903712272644043,9.249421119689941,False,0.0006807142635807395
61,6,unrelated,17,7.208739757537842,3.750699996948242,False,0.0001797301520127803
70,7,unrelated,216,0.3567133843898773,0.43605825304985046,True,0.36631646752357483
79,8,unrelated,205,10.501493453979492,11.639638900756836,False,2.2940630515222438e-05
88,9,unrelated,68,5.5079240798950195,3.8723816871643066,False,0.0002749070117715746
97,10,unrelated,26,5.008732795715332,7.930325984954834,False,0.001914897933602333
106,11,unrelated,67,7.393679141998291,3.4640707969665527,False,3.0228079594962765e-07
115,12,unrelated,59,8.120262145996094,11.702248573303223,False,0.00016648277232889086
124,13,unrelated,206,4.982796669006348,9.060644149780273,False,0.006307440809905529
133,14,unrelated,168,7.690296649932861,6.2668585777282715,False,0.0005094836815260351
142,15,unrelated,186,7.161331653594971,7.192755699157715,False,0.00026486508431844413
8,0,unrelated_token,32,0.24106404185295105,0.292447954416275,True,0.5828618407249451
17,1,unrelated_token,90,2.501039743423462,9.807193756103516,False,0.03728978708386421
26,2,unrelated_token,188,0.14643637835979462,0.10472206771373749,True,0.8723630309104919
35,3,unrelated_token,254,0.5492706894874573,0.3993227779865265,True,0.42608368396759033
44,4,unrelated_token,81,0.006524523254483938,0.008601777255535126,True,0.931629478931427
53,5,unrelated_token,55,0.09609676897525787,0.12102515995502472,True,0.22405214607715607
62,6,unrelated_token,17,0.17271889746189117,0.27888667583465576,True,0.7632891535758972
71,7,unrelated_token,216,0.28831955790519714,0.31468304991722107,True,0.47160860896110535
80,8,unrelated_token,205,1.313820242881775,3.966779947280884,False,0.252910315990448
89,9,unrelated_token,68,0.1029498428106308,0.10485972464084625,True,0.09745248407125473
98,10,unrelated_token,26,0.5945979952812195,1.6533656120300293,True,0.4836774170398712
107,11,unrelated_token,67,2.295999526977539,4.400445461273193,False,0.14857806265354156
116,12,unrelated_token,59,0.3388039171695709,0.9328332543373108,True,0.7148219347000122
125,13,unrelated_token,206,0.013719514012336731,0.015114091336727142,True,0.8785529136657715
134,14,unrelated_token,168,1.4484745264053345,2.021737575531006,False,0.057047538459300995
143,15,unrelated_token,186,0.024329867213964462,0.027747133746743202,True,0.584265410900116
2301,0,resample,1,0.009213309735059738,0.009545712731778622,True,0.7532227039337158
2302,1,resample,1,0.1281324326992035,0.11078567802906036,True,0.2646523118019104
2303,2,resample,1,0.03060595877468586,0.02237830124795437,True,0.715368926525116
2304,3,resample,1,0.042191363871097565,0.04722421616315842,True,0.40502142906188965
2305,4,resample,1,0.007857169955968857,0.006233021151274443,True,0.9681437015533447
2306,5,resample,1,0.06068805605173111,0.05629262700676918,True,0.3437041640281677
2307,6,resample,1,0.005622508469969034,0.006376910489052534,True,0.8183742165565491
2308,7,resample,1,0.003040874842554331,0.00311091635376215,True,0.6778026223182678
2309,8,resample,1,0.016022110357880592,0.010707083158195019,True,0.9867815375328064
2310,9,resample,1,0.011339470744132996,0.011759376153349876,True,0.133526012301445
2311,10,resample,1,0.0067687625996768475,0.006965598091483116,True,0.45726630091667175
2312,11,resample,1,0.11309240013360977,0.13323910534381866,True,0.25114405155181885
2313,12,resample,1,0.006987137719988823,0.005827330052852631,True,0.9153878688812256
2314,13,resample,1,0.008309494704008102,0.007578343152999878,True,0.8866718411445618
2315,14,resample,1,0.0724220797419548,0.06896080821752548,True,0.23751284182071686
2316,15,resample,1,0.003701398614794016,0.0038453859742730856,True,0.6081888675689697
2365,0,resample,2,0.025005247443914413,0.028890788555145264,True,0.6588281989097595
2366,1,resample,2,0.06342791765928268,0.05977713689208031,True,0.2585269510746002
2367,2,resample,2,0.02491190657019615,0.028079109266400337,True,0.6762876510620117
2368,3,resample,2,0.04828253015875816,0.053624533116817474,True,0.4230736494064331
2369,4,resample,2,0.00451534753665328,0.003695400897413492,True,0.9613994359970093
2370,5,resample,2,0.0710948258638382,0.06224140152335167,True,0.35647329688072205
2371,6,resample,2,0.0058253915049135685,0.006477223243564367,True,0.8227898478507996
2372,7,resample,2,0.10828925669193268,0.1277649998664856,True,0.49258655309677124
2373,8,resample,2,0.002089735586196184,0.0020662492606788874,True,0.9818245768547058
2374,9,resample,2,0.010686978697776794,0.010750378482043743,True,0.13178704679012299
2375,10,resample,2,0.00455430056899786,0.004902918357402086,True,0.5119163990020752
2376,11,resample,2,0.0833519995212555,0.09637215733528137,True,0.2913326621055603
2377,12,resample,2,0.01919734850525856,0.013999748975038528,True,0.9291049242019653
2378,13,resample,2,0.004005527123808861,0.0037729740142822266,True,0.8741577863693237
2379,14,resample,2,0.06117638200521469,0.06166205182671547,True,0.24828003346920013
2380,15,resample,2,0.008603612892329693,0.009030239656567574,True,0.5842641592025757
2429,0,resample,3,0.043576158583164215,0.0549691841006279,True,0.7057626247406006
2430,1,resample,3,0.08582331240177155,0.08095941692590714,True,0.25794535875320435
2431,2,resample,3,0.02159840054810047,0.023801030591130257,True,0.7146037817001343
2432,3,resample,3,0.05690450966358185,0.06864459812641144,True,0.38078558444976807
2433,4,resample,3,0.0028420707676559687,0.0028428048826754093,True,0.9504050016403198
2434,5,resample,3,0.053637780249118805,0.0501999594271183,True,0.3435641825199127
2435,6,resample,3,0.008962437510490417,0.009854272939264774,True,0.8047987222671509
2436,7,resample,3,0.024201633408665657,0.027613887563347816,True,0.6174021363258362
2437,8,resample,3,0.0014737768797203898,0.001584319630637765,True,0.9804743528366089
2438,9,resample,3,0.015395933762192726,0.016179008409380913,True,0.1482476145029068
2439,10,resample,3,0.009959755465388298,0.010093366727232933,True,0.44830211997032166
2440,11,resample,3,0.21365070343017578,0.24866162240505219,False,0.1902105063199997
2441,12,resample,3,0.015175887383520603,0.011586454696953297,True,0.9273293018341064
2442,13,resample,3,0.0011734673753380775,0.0011282935738563538,True,0.8603336811065674
2443,14,resample,3,0.045113157480955124,0.04274890944361687,True,0.2724705934524536
2444,15,resample,3,0.002833845093846321,0.002925517037510872,True,0.6130449771881104
2493,0,resample,4,0.03880394995212555,0.053085993975400925,True,0.6742770671844482
2494,1,resample,4,0.07444894313812256,0.06955594569444656,True,0.26696890592575073
2495,2,resample,4,0.019427277147769928,0.021565329283475876,True,0.6821688413619995
2496,3,resample,4,0.07715194672346115,0.09309433400630951,True,0.406507670879364
2497,4,resample,4,0.006383863277733326,0.004996147006750107,True,0.9615510702133179
2498,5,resample,4,0.031318821012973785,0.032894574105739594,True,0.3194710314273834
2499,6,resample,4,0.01059185341000557,0.011944524012506008,True,0.8021549582481384
2500,7,resample,4,0.04487503319978714,0.05129264295101166,True,0.5700501799583435
2501,8,resample,4,0.0017150845378637314,0.0014022315153852105,True,0.9852627515792847
2502,9,resample,4,0.013270076364278793,0.013590147718787193,True,0.13947217166423798
2503,10,resample,4,0.007182275410741568,0.007593736983835697,True,0.45405277609825134
2504,11,resample,4,0.09373998641967773,0.10481444001197815,True,0.24292315542697906
2505,12,resample,4,0.012852801010012627,0.009804815985262394,True,0.9200736880302429
2506,13,resample,4,0.003812050446867943,0.003597807139158249,True,0.8740325570106506
2507,14,resample,4,0.06487070024013519,0.06451867520809174,True,0.23966996371746063
2508,15,resample,4,0.0028223954141139984,0.0029955143108963966,True,0.6213010549545288
2557,0,resample,5,0.044199347496032715,0.05806684121489525,True,0.6748234033584595
2558,1,resample,5,0.11294867098331451,0.09412109106779099,True,0.2931297719478607
2559,2,resample,5,0.028241697698831558,0.026679204776883125,True,0.7203102707862854
2560,3,resample,5,0.050216540694236755,0.05878423899412155,True,0.4097754955291748
2561,4,resample,5,0.0045197284780442715,0.0037910027895122766,True,0.9582450985908508
2562,5,resample,5,0.037401795387268066,0.03741715848445892,True,0.3376501798629761
2563,6,resample,5,0.02524823136627674,0.029408691450953484,True,0.7672367095947266
2564,7,resample,5,0.04438401758670807,0.04858690872788429,True,0.6019242405891418
2565,8,resample,5,0.0055670165456831455,0.004284458700567484,True,0.9858830571174622
2566,9,resample,5,0.02349746786057949,0.02303534373641014,True,0.14795497059822083
2567,10,resample,5,0.010931788943707943,0.011482924222946167,True,0.44542741775512695
2568,11,resample,5,0.1257181018590927,0.1471753567457199,True,0.2303684502840042
2569,12,resample,5,0.018493201583623886,0.0137653648853302,True,0.9318022727966309
2570,13,resample,5,0.003984268754720688,0.0037231333553791046,True,0.8745104074478149
2571,14,resample,5,0.04064673185348511,0.03909725695848465,True,0.2759952247142792
2572,15,resample,5,0.02042439952492714,0.022961288690567017,True,0.5641442537307739
2621,0,resample,6,0.0347929485142231,0.04729191213846207,True,0.6692133545875549
2622,1,resample,6,0.10019469261169434,0.09541518241167068,True,0.24951998889446259
2623,2,resample,6,0.025407053530216217,0.025632154196500778,True,0.6831557154655457
2624,3,resample,6,0.06759423017501831,0.08397268503904343,True,0.3964555561542511
2625,4,resample,6,0.004091108683496714,0.003476096550002694,True,0.9569125175476074
2626,5,resample,6,0.03712014853954315,0.0357038788497448,True,0.3275085985660553
2627,6,resample,6,0.005839623976498842,0.006550500635057688,True,0.8230378031730652
2628,7,resample,6,0.03210857883095741,0.03329932689666748,True,0.6403946876525879
2629,8,resample,6,0.0033990656957030296,0.003865830833092332,True,0.9788206219673157
2630,9,resample,6,0.014875940978527069,0.015275729820132256,True,0.13432055711746216
2631,10,resample,6,0.005153359845280647,0.00527107622474432,True,0.47538599371910095
2632,11,resample,6,0.18421313166618347,0.19651558995246887,False,0.17910555005073547
2633,12,resample,6,0.023807715624570847,0.016711454838514328,True,0.932639479637146
2634,13,resample,6,0.003813778981566429,0.0036034639924764633,True,0.8735268115997314
2635,14,resample,6,0.042265526950359344,0.03966766595840454,True,0.28238368034362793
2636,15,resample,6,0.011117037385702133,0.011811441741883755,True,0.5773392915725708
2685,0,resample,7,0.007413838990032673,0.008524011820554733,True,0.7237069606781006
2686,1,resample,7,0.08641650527715683,0.08084162324666977,True,0.2775341868400574
2687,2,resample,7,0.018271949142217636,0.018411049619317055,True,0.7041148543357849
2688,3,resample,7,0.044992875307798386,0.053228139877319336,True,0.3870769739151001
2689,4,resample,7,0.015149888582527637,0.010744402185082436,True,0.9733567237854004
2690,5,resample,7,0.029189400374889374,0.029164057224988937,True,0.3277309238910675
2691,6,resample,7,0.0067252060398459435,0.007963597774505615,True,0.8166272044181824
2692,7,resample,7,0.04748506098985672,0.05248203128576279,True,0.5514501929283142
2693,8,resample,7,0.0013153711333870888,0.0013013045536354184,True,0.9811413884162903
2694,9,resample,7,0.014761686325073242,0.01475193165242672,True,0.15789532661437988
2695,10,resample,7,0.009674668312072754,0.0106938062235713,True,0.4545910656452179
2696,11,resample,7,0.03571465611457825,0.038450442254543304,True,0.3203309178352356
2697,12,resample,7,0.012026794254779816,0.010081813670694828,True,0.9194198846817017
2698,13,resample,7,0.01411525160074234,0.012446943670511246,True,0.8978092670440674
2699,14,resample,7,0.07320693135261536,0.07111219316720963,True,0.24239754676818848
2700,15,resample,7,0.004600983578711748,0.004892095923423767,True,0.6102107763290405
2749,0,resample,8,0.041073184460401535,0.05342552065849304,True,0.6949617266654968
2750,1,resample,8,0.07301206886768341,0.07296569645404816,True,0.2663310468196869
2751,2,resample,8,0.04243787005543709,0.04116296395659447,True,0.716480553150177
2752,3,resample,8,0.011353188194334507,0.011720671318471432,True,0.4162101149559021
2753,4,resample,8,0.0017273054691031575,0.0016013893764466047,True,0.9530572891235352
2754,5,resample,8,0.029908431693911552,0.03153608739376068,True,0.3111458122730255
2755,6,resample,8,0.009653463028371334,0.010850893333554268,True,0.8051274418830872
2756,7,resample,8,0.06316953152418137,0.07132938504219055,True,0.5307968854904175
2757,8,resample,8,0.0008988127810880542,0.000812909915111959,True,0.9807703495025635
2758,9,resample,8,0.012110596522688866,0.012601611204445362,True,0.1359119713306427
2759,10,resample,8,0.007727339863777161,0.007628649938851595,True,0.5050477981567383
2760,11,resample,8,0.07462266087532043,0.08361571282148361,True,0.2691563665866852
2761,12,resample,8,0.02545763924717903,0.017860665917396545,True,0.934965968132019
2762,13,resample,8,0.0037885867059230804,0.003571975976228714,True,0.8737345933914185
2763,14,resample,8,0.06013958528637886,0.05703344941139221,True,0.26640960574150085
2764,15,resample,8,0.0010519311763346195,0.0010191041510552168,True,0.6397036910057068
-1,0,ref_identity,-1,0.0,0.0,True,0.7438216805458069
-1,1,ref_identity,-1,0.0,0.0,True,0.23608613014221191
-1,2,ref_identity,-1,0.0,0.0,True,0.7113307118415833
-1,3,ref_identity,-1,0.0,0.0,True,0.4269084930419922
-1,4,ref_identity,-1,0.0,0.0,True,0.9475491642951965
-1,5,ref_identity,-1,0.0,0.0,True,0.33024853467941284
-1,6,ref_identity,-1,0.0,0.0,True,0.8534871935844421
-1,7,ref_identity,-1,0.0,0.0,True,0.6867179870605469
-1,8,ref_identity,-1,0.0,0.0,True,0.9802575707435608
-1,9,ref_identity,-1,0.0,0.0,True,0.13734127581119537
-1,10,ref_identity,-1,0.0,0.0,True,0.49880528450012207
-1,11,ref_identity,-1,0.0,0.0,True,0.3652309477329254
-1,12,ref_identity,-1,0.0,0.0,True,0.8931503891944885
-1,13,ref_identity,-1,0.0,0.0,True,0.8452936410903931
-1,14,ref_identity,-1,0.0,0.0,True,0.295197457075119
-1,15,ref_identity,-1,0.0,0.0,True,0.6414392590522766
-2,0,ref_mean,-1,8.394166946411133,8.60288143157959,False,3.3306081604678184e-05
-2,1,ref_mean,-1,3.559990882873535,6.642932891845703,False,0.08383519947528839
-2,2,ref_mean,-1,4.165836334228516,5.532321929931641,False,0.0048087895847857
-2,3,ref_mean,-1,0.6136708855628967,0.6532562971115112,True,0.5278466939926147
-2,4,ref_mean,-1,4.498783111572266,10.978631973266602,False,0.009528321214020252
-2,5,ref_mean,-1,1.0038481950759888,1.541518211364746,True,0.2765671908855438
-2,6,ref_mean,-1,1.1739634275436401,3.144153356552124,True,0.22632722556591034
-2,7,ref_mean,-1,0.21920503675937653,0.29481375217437744,True,0.4703909158706665
-2,8,ref_mean,-1,2.121138572692871,5.186120986938477,False,0.10999470204114914
-2,9,ref_mean,-1,1.5214520692825317,2.0792016983032227,True,0.20442670583724976
-2,10,ref_mean,-1,0.9991231560707092,3.7158803939819336,True,0.1917976438999176
-2,11,ref_mean,-1,5.949889183044434,3.915327548980713,False,1.2260009498277213e-05
-2,12,ref_mean,-1,8.469208717346191,7.623702526092529,False,0.00011547298345249146
-2,13,ref_mean,-1,0.020603151991963387,0.040232785046100616,True,0.8514103293418884
-2,14,ref_mean,-1,2.398970603942871,3.4519593715667725,False,0.041400570422410965
-2,15,ref_mean,-1,2.748669385910034,7.043384552001953,False,0.03232806921005249
144,16,orig,-1,0.0015271923039108515,0.0013077252078801394,True,0.9691444635391235
153,17,orig,-1,0.038768917322158813,0.03213227167725563,True,0.695509135723114
162,18,orig,-1,0.010540632531046867,0.009507094509899616,True,0.42740970849990845
171,19,orig,-1,0.003722268622368574,0.004222025163471699,True,0.8683109283447266
180,20,orig,-1,0.06320261210203171,0.06556260585784912,True,0.1723102331161499
189,21,orig,-1,0.03058483451604843,0.028873682022094727,True,0.4164009094238281
198,22,orig,-1,0.09203178435564041,0.056429579854011536,True,0.9651849865913391
207,23,orig,-1,0.14697059988975525,0.11921590566635132,True,0.15900473296642303
216,24,orig,-1,0.00039796793134883046,0.0003829734050668776,True,0.49433383345603943
225,25,orig,-1,0.006484875455498695,0.0069071403704583645,True,0.8617520332336426
234,26,orig,-1,0.009509054012596607,0.008444339036941528,True,0.6468970775604248
243,27,orig,-1,0.11310013383626938,0.13735948503017426,True,0.29104089736938477
252,28,orig,-1,0.009496040642261505,0.013213744387030602,True,0.9559195637702942
261,29,orig,-1,0.008644398301839828,0.008886476047337055,True,0.22055238485336304
270,30,orig,-1,0.28040996193885803,0.3063243627548218,False,0.26503047347068787
279,31,orig,-1,0.0027534996625036,0.002884700195863843,True,0.6959654688835144
145,16,paraphrase,-1,0.0011589471250772476,0.0010260543785989285,True,0.9695146083831787
154,17,paraphrase,-1,0.03461867943406105,0.029042746871709824,True,0.6917310953140259
163,18,paraphrase,-1,0.00886760838329792,0.007985679432749748,True,0.4378882646560669
172,19,paraphrase,-1,0.0032979710958898067,0.0034137433394789696,True,0.8742460608482361
181,20,paraphrase,-1,0.07874804735183716,0.08618584275245667,True,0.1663006991147995
190,21,paraphrase,-1,0.02728363871574402,0.025940638035535812,True,0.411225825548172
199,22,paraphrase,-1,0.0796578899025917,0.050746381282806396,True,0.961874783039093
208,23,paraphrase,-1,0.17774036526679993,0.13931040465831757,True,0.14589160680770874
217,24,paraphrase,-1,0.0005105832824483514,0.000574691453948617,True,0.49284759163856506
226,25,paraphrase,-1,0.006211724132299423,0.006236489862203598,True,0.872516393661499
235,26,paraphrase,-1,0.012574644759297371,0.010917684994637966,True,0.6703097820281982
244,27,paraphrase,-1,0.12939083576202393,0.16436584293842316,True,0.2885355055332184
253,28,paraphrase,-1,0.0059568616561591625,0.007946770638227463,True,0.9625543355941772
262,29,paraphrase,-1,0.002875257283449173,0.0029361208435148,True,0.18659979104995728
271,30,paraphrase,-1,0.2391202747821808,0.2606552243232727,True,0.29882994294166565
280,31,paraphrase,-1,0.00402627419680357,0.00430526677519083,True,0.6734859943389893
146,16,translate,-1,0.001463641645386815,0.0012576247099786997,True,0.9690225124359131
155,17,translate,-1,0.03777923434972763,0.03136904537677765,True,0.6929965615272522
164,18,translate,-1,0.00868171826004982,0.007769955322146416,True,0.43619662523269653
173,19,translate,-1,0.004484529606997967,0.00505242682993412,True,0.8581571578979492
182,20,translate,-1,0.11777082085609436,0.14095810055732727,True,0.1510191112756729
191,21,translate,-1,0.02999604493379593,0.0279558002948761,True,0.4174191951751709
200,22,translate,-1,0.06761708855628967,0.04357383772730827,True,0.9565150141716003
209,23,translate,-1,0.15287739038467407,0.12107276916503906,True,0.15112854540348053
218,24,translate,-1,0.00036707648541778326,0.00039113161619752645,True,0.4933454990386963
227,25,translate,-1,0.0066279396414756775,0.007258770056068897,True,0.8606770634651184
236,26,translate,-1,0.014788039028644562,0.012646396644413471,True,0.6677041053771973
245,27,translate,-1,0.1343093067407608,0.16591836512088776,True,0.27153244614601135
254,28,translate,-1,0.006969757378101349,0.00931093841791153,True,0.9596874713897705
263,29,translate,-1,0.027081109583377838,0.025715813040733337,True,0.21427014470100403
272,30,translate,-1,0.4323453903198242,0.4526022672653198,False,0.20580865442752838
281,31,translate,-1,0.007645444944500923,0.00846615619957447,True,0.6603814959526062
147,16,polarity,-1,0.0022000425960868597,0.0019101398065686226,True,0.9662511348724365
156,17,polarity,-1,0.02975429594516754,0.025108125060796738,True,0.6837762594223022
165,18,polarity,-1,0.008686114102602005,0.007927183993160725,True,0.4171103239059448
174,19,polarity,-1,0.004440216347575188,0.005009912885725498,True,0.858547031879425
183,20,polarity,-1,0.10040798038244247,0.09500226378440857,True,0.20522837340831757
192,21,polarity,-1,0.032443027943372726,0.032009538263082504,True,0.39894452691078186
201,22,polarity,-1,0.11405263841152191,0.06537042558193207,True,0.9712756872177124
210,23,polarity,-1,0.12133584171533585,0.1042638048529625,True,0.13595521450042725
219,24,polarity,-1,0.002220821799710393,0.0022539086639881134,False,0.46268773078918457
228,25,polarity,-1,0.006244549993425608,0.00672990083694458,True,0.8620246052742004
237,26,polarity,-1,0.01010753121227026,0.008973440155386925,True,0.6489731073379517
246,27,polarity,-1,0.11667107790708542,0.14494812488555908,True,0.29423925280570984
255,28,polarity,-1,0.011117528192698956,0.01592250168323517,True,0.9540354013442993
264,29,polarity,-1,0.007924837060272694,0.00829319842159748,True,0.2164124846458435
273,30,polarity,-1,0.34192320704460144,0.3630222976207733,False,0.249381884932518
282,31,polarity,-1,0.0036134691908955574,0.0038244780153036118,True,0.6751284003257751
148,16,vocab,-1,0.00044739554869011045,0.000458095979411155,True,0.9632049798965454
157,17,vocab,-1,0.020040443167090416,0.01778438314795494,True,0.6726160645484924
166,18,vocab,-1,0.00462321937084198,0.004582300782203674,True,0.4247165620326996
175,19,vocab,-1,0.007232101634144783,0.008178419433534145,True,0.84562087059021
184,20,vocab,-1,0.6093785166740417,0.35412201285362244,True,0.24865323305130005
193,21,vocab,-1,0.06828319281339645,0.06540712714195251,True,0.4199439287185669
202,22,vocab,-1,0.0214836485683918,0.015889938920736313,True,0.9111496806144714
211,23,vocab,-1,0.22612720727920532,0.15924791991710663,True,0.17789050936698914
220,24,vocab,-1,0.004930040333420038,0.005862881429493427,True,0.5199602842330933
229,25,vocab,-1,0.012751624919474125,0.01177555974572897,True,0.8755835890769958
238,26,vocab,-1,0.00899516511708498,0.008788110688328743,True,0.6496910452842712
247,27,vocab,-1,0.08959005028009415,0.11233970522880554,True,0.2842232882976532
256,28,vocab,-1,0.008311471901834011,0.011977161280810833,True,0.9579827785491943
265,29,vocab,-1,0.03510051220655441,0.03429175168275833,True,0.14497391879558563
274,30,vocab,-1,0.4911841154098511,0.55659019947052,False,0.21281418204307556
283,31,vocab,-1,0.006087898276746273,0.006563895381987095,True,0.6648428440093994
149,16,cat,-1,0.02654455229640007,0.06918483227491379,True,0.9455358982086182
158,17,cat,-1,4.150637626647949,9.601384162902832,False,0.06348400563001633
167,18,cat,-1,2.190298080444336,8.950410842895508,False,0.009062014520168304
176,19,cat,-1,0.1666966676712036,1.0855501890182495,True,0.7539483904838562
185,20,cat,-1,3.2057783603668213,3.8721888065338135,False,0.010514196008443832
194,21,cat,-1,4.600783824920654,12.25284481048584,False,0.005047885235399008
203,22,cat,-1,5.94892692565918,8.586536407470703,False,0.0011901346733793616
212,23,cat,-1,2.5074522495269775,4.463726997375488,False,0.005885573569685221
221,24,cat,-1,12.221673965454102,19.567819595336914,False,3.123727219644934e-05
230,25,cat,-1,4.677099227905273,8.863873481750488,False,0.007466290611773729
239,26,cat,-1,6.086341381072998,9.307535171508789,False,0.0006062972242943943
248,27,cat,-1,2.6931183338165283,8.028543472290039,False,0.016050279140472412
257,28,cat,-1,7.6410746574401855,7.75312614440918,False,0.000388839456718415
266,29,cat,-1,3.344815254211426,8.43447208404541,False,0.0027642748318612576
275,30,cat,-1,4.155587196350098,8.972444534301758,False,0.0008500022813677788
284,31,cat,-1,3.7304434776306152,6.505457878112793,False,0.007849411107599735
150,16,shuffle,-1,0.002070871414616704,0.0017418282805010676,True,0.9692476987838745
159,17,shuffle,-1,0.03948966786265373,0.03315792232751846,True,0.6754006147384644
168,18,shuffle,-1,0.00830639898777008,0.007640436291694641,True,0.4404071271419525
177,19,shuffle,-1,0.0037893657572567463,0.004288096446543932,True,0.8685019016265869
186,20,shuffle,-1,0.06338108330965042,0.06655586510896683,True,0.18025964498519897
195,21,shuffle,-1,0.027196668088436127,0.026492681354284286,True,0.41658657789230347
204,22,shuffle,-1,0.07225703448057175,0.04758772999048233,True,0.9596986770629883
213,23,shuffle,-1,0.1049744039773941,0.09549608081579208,True,0.13194698095321655
222,24,shuffle,-1,0.002341859508305788,0.002342615043744445,False,0.46315133571624756
231,25,shuffle,-1,0.004050492774695158,0.003928754013031721,True,0.8776244521141052
240,26,shuffle,-1,0.009670821949839592,0.008516345173120499,True,0.6515154838562012
249,27,shuffle,-1,0.12411348521709442,0.15396280586719513,True,0.28489550948143005
258,28,shuffle,-1,0.029147904366254807,0.047107260674238205,True,0.9280802011489868
267,29,shuffle,-1,0.013495562598109245,0.013828860595822334,True,0.21869325637817383
276,30,shuffle,-1,0.29199865460395813,0.3195841908454895,False,0.2603082060813904
285,31,shuffle,-1,0.004063487984240055,0.004121298436075449,True,0.7020909190177917
151,16,unrelated,247,12.464982986450195,9.360546112060547,False,2.474371967764455e-06
160,17,unrelated,105,7.296454906463623,6.0213165283203125,False,0.00040405747131444514
169,18,unrelated,215,7.416794300079346,8.64401626586914,False,9.711974416859448e-05
178,19,unrelated,240,0.3980846703052521,1.7806706428527832,True,0.5500200986862183
187,20,unrelated,58,2.2408370971679688,2.7309722900390625,False,0.02155233733355999
196,21,unrelated,251,0.9215664863586426,0.6199070811271667,True,0.3467474579811096
205,22,unrelated,130,17.544872283935547,9.134235382080078,False,8.455622868552837e-09
214,23,unrelated,112,3.81565523147583,1.6278510093688965,False,0.0004957277560606599
223,24,unrelated,84,14.913182258605957,18.259347915649414,False,4.149362951011426e-07
232,25,unrelated,147,7.498818397521973,8.678474426269531,False,0.0003138806205242872
241,26,unrelated,36,5.071608543395996,7.896897315979004,False,0.004200307186692953
250,27,unrelated,18,2.1674575805664062,4.812479019165039,False,0.14473463594913483
259,28,unrelated,194,10.360642433166504,8.180513381958008,False,2.464808858348988e-05
268,29,unrelated,132,7.295243740081787,8.818928718566895,False,3.125852163066156e-05
277,30,unrelated,134,7.064028263092041,2.6627047061920166,False,4.989595709048444e-06
286,31,unrelated,97,1.987735390663147,5.418754577636719,False,0.08964839577674866
152,16,unrelated_token,247,0.023439891636371613,0.037813372910022736,True,0.9271402359008789
161,17,unrelated_token,105,2.280005931854248,2.4579057693481445,False,0.03581463545560837
170,18,unrelated_token,215,0.0809422954916954,0.08617362380027771,True,0.3901839554309845
179,19,unrelated_token,240,0.09621571749448776,0.30191993713378906,True,0.8189589381217957
188,20,unrelated_token,58,0.6806209683418274,0.42433422803878784,True,0.2820640504360199
197,21,unrelated_token,251,0.08455797284841537,0.0795389860868454,True,0.3777294456958771
206,22,unrelated_token,130,17.590681076049805,9.218494415283203,False,7.381275146656208e-09
215,23,unrelated_token,112,0.19119319319725037,0.18906424939632416,False,0.13111598789691925
224,24,unrelated_token,84,0.033491574227809906,0.07870893180370331,True,0.5367622971534729
233,25,unrelated_token,147,0.09344658255577087,0.05702989548444748,True,0.9008277654647827
242,26,unrelated_token,36,0.07942021638154984,0.06446221470832825,True,0.7151871919631958
251,27,unrelated_token,18,0.1938900649547577,0.2549280524253845,True,0.2721646726131439
260,28,unrelated_token,194,5.374889373779297,4.625853061676025,False,0.0038901118095964193
269,29,unrelated_token,132,0.07214263081550598,0.06719333678483963,False,0.1439749151468277
278,30,unrelated_token,134,3.5091257095336914,2.943688154220581,False,0.0030786278657615185
287,31,unrelated_token,97,0.09726475924253464,0.14566780626773834,True,0.5404646992683411
2317,16,resample,1,0.001507461303845048,0.0013208570890128613,True,0.9674698710441589
2318,17,resample,1,0.026611780747771263,0.023935839533805847,True,0.6546092629432678
2319,18,resample,1,0.004697659984230995,0.004494312684983015,True,0.42120784521102905
2320,19,resample,1,0.0043959286995232105,0.004851636476814747,True,0.8718098998069763
2321,20,resample,1,0.14274656772613525,0.1336062252521515,True,0.2352137416601181
2322,21,resample,1,0.031473707407712936,0.028292562812566757,True,0.4076239764690399
2323,22,resample,1,0.07551582157611847,0.04919780045747757,True,0.9623188972473145
2324,23,resample,1,0.11262955516576767,0.09811563789844513,True,0.14530861377716064
2325,24,resample,1,0.008954177610576153,0.009159316308796406,True,0.5525696873664856
2326,25,resample,1,0.006571829319000244,0.007263508625328541,True,0.859747052192688
2327,26,resample,1,0.022236527875065804,0.0188861433416605,True,0.6783315539360046
2328,27,resample,1,0.10248293727636337,0.1265680491924286,True,0.30252864956855774
2329,28,resample,1,0.0015068119391798973,0.0017637874698266387,True,0.9736104607582092
2330,29,resample,1,0.023167960345745087,0.022108573466539383,True,0.16887667775154114
2331,30,resample,1,0.4337916374206543,0.4465543329715729,False,0.21387554705142975
2332,31,resample,1,0.00842684879899025,0.009776036255061626,True,0.6645421385765076
2381,16,resample,2,0.0011816569603979588,0.0010687140747904778,True,0.9682982563972473
2382,17,resample,2,0.09767899662256241,0.07150176912546158,True,0.709456205368042
2383,18,resample,2,0.003904459998011589,0.003652353771030903,True,0.4265219271183014
2384,19,resample,2,0.0014476266223937273,0.0014655818231403828,True,0.8736767172813416
2385,20,resample,2,0.29597043991088867,0.43630269169807434,False,0.16422654688358307
2386,21,resample,2,0.03422243148088455,0.03376765921711922,True,0.36695387959480286
2387,22,resample,2,0.01744093745946884,0.012864917516708374,True,0.91117262840271
2388,23,resample,2,0.32014694809913635,0.2218654751777649,True,0.159068763256073
2389,24,resample,2,0.0035421685315668583,0.003992744721472263,True,0.5217500329017639
2390,25,resample,2,0.008398600853979588,0.009547235444188118,True,0.8394426107406616
2391,26,resample,2,0.018981412053108215,0.016492068767547607,True,0.6711896657943726
2392,27,resample,2,0.09403564035892487,0.11871825158596039,True,0.3150438368320465
2393,28,resample,2,0.002065487438812852,0.002451077103614807,True,0.9723705649375916
2394,29,resample,2,0.8120040893554688,0.9638472199440002,False,0.06784048676490784
2395,30,resample,2,0.24905754625797272,0.2705796957015991,True,0.29271847009658813
2396,31,resample,2,0.010807402431964874,0.01327509991824627,True,0.6724202632904053
2445,16,resample,3,0.0008291987469419837,0.0007465424132533371,True,0.9681997895240784
2446,17,resample,3,0.04078972339630127,0.03321251645684242,True,0.7090147733688354
2447,18,resample,3,0.008721742779016495,0.007814688608050346,True,0.4366401731967926
2448,19,resample,3,0.001580954878591001,0.001592582673765719,True,0.8785010576248169
2449,20,resample,3,0.29282745718955994,0.43583473563194275,False,0.14447054266929626
2450,21,resample,3,0.020065341144800186,0.01913641206920147,True,0.38727396726608276
2451,22,resample,3,0.0747569352388382,0.04839693009853363,True,0.9598165154457092
2452,23,resample,3,0.308835506439209,0.21938815712928772,True,0.16356168687343597
2453,24,resample,3,0.00029381189960986376,0.0003195767058059573,True,0.4938438832759857
2454,25,resample,3,0.009397784247994423,0.010703993029892445,True,0.8481235504150391
2455,26,resample,3,0.008931150659918785,0.0085398955270648,True,0.6350400447845459
2456,27,resample,3,0.11042402684688568,0.147558331489563,True,0.3082875907421112
2457,28,resample,3,0.0017539323307573795,0.002156252507120371,True,0.9729933738708496
2458,29,resample,3,0.020472537726163864,0.021085422486066818,True,0.2477414458990097
2459,30,resample,3,0.3085149824619293,0.3327362537384033,False,0.26450249552726746
2460,31,resample,3,0.005219584330916405,0.005943696945905685,True,0.6715770363807678
2509,16,resample,4,0.001673716469667852,0.0015702128876000643,True,0.9657910466194153
2510,17,resample,4,0.05842846632003784,0.04734230786561966,True,0.7386062145233154
2511,18,resample,4,0.007823549211025238,0.0071724783629179,True,0.4457331597805023
2512,19,resample,4,0.002404755912721157,0.0026063034310936928,True,0.8703104257583618
2513,20,resample,4,0.24718064069747925,0.31939899921417236,False,0.15027929842472076
2514,21,resample,4,0.017872437834739685,0.016738438978791237,True,0.3794398009777069
2515,22,resample,4,0.042104125022888184,0.03069237805902958,True,0.9470421671867371
2516,23,resample,4,0.2621590495109558,0.1901741921901703,True,0.14882802963256836
2517,24,resample,4,0.0025613734032958746,0.002589438110589981,False,0.4628984332084656
2518,25,resample,4,0.0062750945799052715,0.007152811624109745,True,0.8522112965583801
2519,26,resample,4,0.01181594468653202,0.010760004632174969,True,0.6597915291786194
2520,27,resample,4,0.14139404892921448,0.18737711012363434,True,0.2821968197822571
2521,28,resample,4,0.0015505305491387844,0.0016689000185579062,True,0.9814296364784241
2522,29,resample,4,0.0063124834559857845,0.006368372589349747,True,0.1735636591911316
2523,30,resample,4,0.2987596392631531,0.32164087891578674,False,0.2684166133403778
2524,31,resample,4,0.012981243431568146,0.015129192732274532,True,0.6430287957191467
2573,16,resample,5,0.0024296350311487913,0.002117125317454338,True,0.966079592704773
2574,17,resample,5,0.10831461101770401,0.07945309579372406,True,0.6892544627189636
2575,18,resample,5,0.003554483875632286,0.003467273898422718,True,0.4104681611061096
2576,19,resample,5,0.0031290813349187374,0.0032350807450711727,True,0.8757404088973999
2577,20,resample,5,0.2901134490966797,0.4196462631225586,False,0.15648944675922394
2578,21,resample,5,0.023495163768529892,0.020849153399467468,True,0.3809877634048462
2579,22,resample,5,0.0409533865749836,0.029176773503422737,True,0.943807065486908
2580,23,resample,5,0.1519867181777954,0.11803340911865234,True,0.15769606828689575
2581,24,resample,5,0.002428417792543769,0.0024702639784663916,False,0.46259012818336487
2582,25,resample,5,0.008815283887088299,0.00908929854631424,True,0.8667898178100586
2583,26,resample,5,0.026470579206943512,0.022438572719693184,True,0.6863811612129211
2584,27,resample,5,0.10471561551094055,0.13690204918384552,True,0.3183952867984772
2585,28,resample,5,0.005474643781781197,0.007092723622918129,True,0.9617977738380432
2586,29,resample,5,0.008972372859716415,0.00896382238715887,True,0.20924966037273407
2587,30,resample,5,0.2438405305147171,0.26502734422683716,False,0.280882328748703
2588,31,resample,5,0.014757998287677765,0.017811931669712067,True,0.64121013879776
2637,16,resample,6,0.0008089645998552442,0.0007205674191936851,True,0.968325674533844
2638,17,resample,6,0.07466069608926773,0.057416435331106186,True,0.6975182890892029
2639,18,resample,6,0.006087553221732378,0.005688994191586971,True,0.40114152431488037
2640,19,resample,6,0.004018498584628105,0.004412088543176651,True,0.8541737794876099
2641,20,resample,6,0.214095801115036,0.31911540031433105,False,0.15371645987033844
2642,21,resample,6,0.017924150452017784,0.01616763137280941,True,0.3789595067501068
2643,22,resample,6,0.03891797736287117,0.028301550075411797,True,0.943077027797699
2644,23,resample,6,0.12631109356880188,0.1109200194478035,True,0.14049938321113586
2645,24,resample,6,0.0030101060401648283,0.003214641008526087,True,0.5223926305770874
2646,25,resample,6,0.0030304710380733013,0.0033197952434420586,True,0.8704321384429932
2647,26,resample,6,0.014550205320119858,0.012933317571878433,True,0.6777216196060181
2648,27,resample,6,0.08447497338056564,0.10452192276716232,True,0.3105548918247223
2649,28,resample,6,0.003555749775841832,0.004545201081782579,True,0.967541515827179
2650,29,resample,6,0.009897290728986263,0.009633882902562618,True,0.21000564098358154
2651,30,resample,6,0.19581297039985657,0.21208429336547852,True,0.3395988643169403
2652,31,resample,6,0.005192519165575504,0.005878817290067673,True,0.6723278164863586
2701,16,resample,7,0.0007579310913570225,0.000730847823433578,True,0.9640440344810486
2702,17,resample,7,0.03020458295941353,0.025992849841713905,True,0.7107551693916321
2703,18,resample,7,0.013495439663529396,0.011705515906214714,True,0.44602036476135254
2704,19,resample,7,0.0013210520846769214,0.0013747455086559057,True,0.8707944750785828
2705,20,resample,7,0.17278628051280975,0.19990238547325134,True,0.16997091472148895
2706,21,resample,7,0.024852192029356956,0.02265075594186783,True,0.36570897698402405
2707,22,resample,7,0.026965828612446785,0.02078242599964142,True,0.9348270893096924
2708,23,resample,7,0.31718459725379944,0.23510289192199707,True,0.14962759613990784
2709,24,resample,7,0.0009303073165938258,0.0011909175664186478,True,0.4923177659511566
2710,25,resample,7,0.003388333134353161,0.00343953724950552,True,0.8697112202644348
2711,26,resample,7,0.016297176480293274,0.014456389471888542,True,0.6621981263160706
2712,27,resample,7,0.1492813378572464,0.19804330170154572,True,0.2961181700229645
2713,28,resample,7,0.023606644943356514,0.03672434017062187,True,0.9353001713752747
2714,29,resample,7,0.023711446672677994,0.022340869531035423,True,0.18612153828144073
2715,30,resample,7,0.37689632177352905,0.3954482674598694,False,0.2349262684583664
2716,31,resample,7,0.005164877511560917,0.005690366495400667,True,0.6924409866333008
2765,16,resample,8,0.0006849612109363079,0.0006237735506147146,True,0.9669960737228394
2766,17,resample,8,0.08153289556503296,0.06246340647339821,True,0.677510678768158
2767,18,resample,8,0.008157957345247269,0.007477583363652229,True,0.4395267069339752
2768,19,resample,8,0.0023413347080349922,0.0022697928361594677,True,0.8799723386764526
2769,20,resample,8,0.3309822976589203,0.4513528645038605,False,0.1506882756948471
2770,21,resample,8,0.018167749047279358,0.01647895574569702,True,0.38077211380004883
2771,22,resample,8,0.04192139580845833,0.029658416286110878,True,0.9427937269210815
2772,23,resample,8,0.5967467427253723,0.33021509647369385,True,0.16299836337566376
2773,24,resample,8,0.0024583819322288036,0.00253367074765265,True,0.5232951045036316
2774,25,resample,8,0.0035374904982745647,0.004245194606482983,True,0.8753981590270996
2775,26,resample,8,0.023227393627166748,0.020148083567619324,True,0.6954050064086914
2776,27,resample,8,0.09444750845432281,0.11981160193681717,True,0.32771050930023193
2777,28,resample,8,0.002267637988552451,0.0027217548340559006,True,0.9715375900268555
2778,29,resample,8,0.007718246430158615,0.007622427307069302,True,0.20541676878929138
2779,30,resample,8,0.3738660216331482,0.39250320196151733,False,0.2606530487537384
2780,31,resample,8,0.016090640798211098,0.019800644367933273,True,0.6404401659965515
-1,16,ref_identity,-1,0.0,0.0,True,0.9635398983955383
-1,17,ref_identity,-1,0.0,0.0,True,0.6226722598075867
-1,18,ref_identity,-1,0.0,0.0,True,0.41148191690444946
-1,19,ref_identity,-1,0.0,0.0,True,0.8809334635734558
-1,20,ref_identity,-1,0.0,0.0,True,0.171127051115036
-1,21,ref_identity,-1,0.0,0.0,True,0.3483342230319977
-1,22,ref_identity,-1,0.0,0.0,True,0.8772560954093933
-1,23,ref_identity,-1,0.0,0.0,True,0.13226361572742462
-1,24,ref_identity,-1,0.0,0.0,True,0.4941059648990631
-1,25,ref_identity,-1,0.0,0.0,True,0.8775880336761475
-1,26,ref_identity,-1,0.0,0.0,True,0.6259565353393555
-1,27,ref_identity,-1,0.0,0.0,True,0.417778342962265
-1,28,ref_identity,-1,0.0,0.0,True,0.978828489780426
-1,29,ref_identity,-1,0.0,0.0,True,0.18041780591011047
-1,30,ref_identity,-1,0.0,0.0,True,0.477614164352417
-1,31,ref_identity,-1,0.0,0.0,True,0.6971442103385925
-2,16,ref_mean,-1,3.087167263031006,7.691028118133545,False,0.03908718749880791
-2,17,ref_mean,-1,3.3141915798187256,5.562053203582764,False,0.07493209838867188
-2,18,ref_mean,-1,4.039192199707031,8.979690551757812,False,0.002005347516387701
-2,19,ref_mean,-1,1.8225033283233643,6.092512607574463,False,0.13280217349529266
-2,20,ref_mean,-1,1.515125036239624,1.450789451599121,True,0.14311154186725616
-2,21,ref_mean,-1,1.3646910190582275,2.1507697105407715,True,0.2142138034105301
-2,22,ref_mean,-1,12.625030517578125,9.995355606079102,False,1.3133209222360165e-06
-2,23,ref_mean,-1,0.8026086688041687,0.48399147391319275,False,0.1042662262916565
-2,24,ref_mean,-1,8.123753547668457,9.476724624633789,False,0.00040416326373815536
-2,25,ref_mean,-1,1.9884761571884155,5.1270294189453125,False,0.10072850435972214
-2,26,ref_mean,-1,5.280560493469238,8.006819725036621,False,0.002085179788991809
-2,27,ref_mean,-1,0.360279381275177,0.5309332609176636,True,0.17862796783447266
-2,28,ref_mean,-1,8.060050964355469,6.858514308929443,False,0.00025452885893173516
-2,29,ref_mean,-1,4.1608099937438965,4.880784034729004,False,0.0007145344861783087
-2,30,ref_mean,-1,6.09682559967041,2.864198684692383,False,4.8908328608376905e-05
-2,31,ref_mean,-1,4.323906898498535,5.875250816345215,False,0.005902568809688091
288,32,orig,-1,0.022160306572914124,0.018361471593379974,True,0.5166516304016113
297,33,orig,-1,0.003995758946985006,0.004574838560074568,True,0.48228004574775696
306,34,orig,-1,0.011188281700015068,0.011333039030432701,True,0.2687651813030243
315,35,orig,-1,0.016398627310991287,0.016619272530078888,True,0.19395659863948822
324,36,orig,-1,0.04015430808067322,0.03953603655099869,True,0.3347981870174408
333,37,orig,-1,0.012577630579471588,0.011729402467608452,True,0.2547455430030823
342,38,orig,-1,0.05504447594285011,0.05135812610387802,True,0.21440541744232178
351,39,orig,-1,0.04175544157624245,0.031911153346300125,True,0.6606698632240295
360,40,orig,-1,0.013581335544586182,0.013202989473938942,False,0.20473594963550568
369,41,orig,-1,0.02522595413029194,0.025322280824184418,True,0.24114175140857697
378,42,orig,-1,0.007203118409961462,0.007153796497732401,True,0.2989378571510315
387,43,orig,-1,0.016264384612441063,0.016325723379850388,True,0.2783949673175812
396,44,orig,-1,0.009657722897827625,0.01058102585375309,True,0.39352941513061523
405,45,orig,-1,0.0170622318983078,0.016995936632156372,True,0.17231912910938263
414,46,orig,-1,0.016220159828662872,0.013969983905553818,True,0.8498764634132385
423,47,orig,-1,0.017686840146780014,0.01726691797375679,True,0.25063303112983704
289,32,paraphrase,-1,0.02420569211244583,0.021028144285082817,True,0.5227979421615601
298,33,paraphrase,-1,0.007489865645766258,0.007515410892665386,True,0.5376142859458923
307,34,paraphrase,-1,0.005717745050787926,0.005725537426769733,True,0.277038037776947
316,35,paraphrase,-1,0.020313959568738937,0.020374950021505356,True,0.19676579535007477
325,36,paraphrase,-1,0.06746387481689453,0.06358053535223007,True,0.36922600865364075
334,37,paraphrase,-1,0.013960815034806728,0.012857251800596714,True,0.22989191114902496
343,38,paraphrase,-1,0.03687363117933273,0.033724285662174225,True,0.252695769071579
352,39,paraphrase,-1,0.04444661736488342,0.033238187432289124,True,0.6590007543563843
361,40,paraphrase,-1,0.020122703164815903,0.019620351493358612,False,0.192412331700325
370,41,paraphrase,-1,0.027422554790973663,0.027844294905662537,True,0.24118638038635254
379,42,paraphrase,-1,0.0035577586386352777,0.0035153767094016075,True,0.32547247409820557
388,43,paraphrase,-1,0.024393148720264435,0.023815590888261795,True,0.27082061767578125
397,44,paraphrase,-1,0.007442443631589413,0.007787606678903103,True,0.398615300655365
406,45,paraphrase,-1,0.022208930924534798,0.022074878215789795,True,0.16805478930473328
415,46,paraphrase,-1,0.014040161855518818,0.012038430199027061,True,0.8437528014183044
424,47,paraphrase,-1,0.015567723661661148,0.01434179488569498,True,0.2519095242023468
290,32,translate,-1,0.025751080363988876,0.02204481139779091,True,0.5558866858482361
299,33,translate,-1,0.008753148838877678,0.008810706436634064,True,0.5444651246070862
308,34,translate,-1,0.007980909198522568,0.007859407924115658,True,0.3003835380077362
317,35,translate,-1,0.017567675560712814,0.01755812205374241,True,0.2040790617465973
326,36,translate,-1,0.03991221636533737,0.039331305772066116,True,0.31942471861839294
335,37,translate,-1,0.010166717693209648,0.00961543433368206,True,0.2420271784067154
344,38,translate,-1,0.047916390001773834,0.044002532958984375,True,0.22769245505332947
353,39,translate,-1,0.041856661438941956,0.032005466520786285,True,0.6614922881126404
362,40,translate,-1,0.034934982657432556,0.03363883122801781,False,0.18559503555297852
371,41,translate,-1,0.0245234165340662,0.02494780719280243,True,0.23664812743663788
380,42,translate,-1,0.006802483461797237,0.006819624453783035,True,0.30135577917099
389,43,translate,-1,0.009616159833967686,0.009432289749383926,True,0.2559479773044586
398,44,translate,-1,0.006877842824906111,0.0075191929936409,True,0.42160066962242126
407,45,translate,-1,0.022364718839526176,0.022229371592402458,True,0.16304391622543335
416,46,translate,-1,0.01617571711540222,0.013679258525371552,True,0.8471837639808655
425,47,translate,-1,0.019428342580795288,0.017684560269117355,True,0.23817065358161926
291,32,polarity,-1,0.023027105256915092,0.019336817786097527,True,0.5452864766120911
300,33,polarity,-1,0.004006263799965382,0.0045851413160562515,True,0.4823167622089386
309,34,polarity,-1,0.012298375368118286,0.012382866814732552,True,0.2707294225692749
318,35,polarity,-1,0.01931985467672348,0.019446801394224167,True,0.20112483203411102
327,36,polarity,-1,0.03936341032385826,0.038166243582963943,True,0.33780667185783386
336,37,polarity,-1,0.009498301893472672,0.009044423699378967,True,0.23947294056415558
345,38,polarity,-1,0.04698188230395317,0.0432170033454895,True,0.2433708757162094
354,39,polarity,-1,0.034359805285930634,0.025955509394407272,True,0.6325860023498535
363,40,polarity,-1,0.016548190265893936,0.016543766483664513,False,0.1915282905101776
372,41,polarity,-1,0.018114324659109116,0.018233347684144974,True,0.23744983971118927
381,42,polarity,-1,0.008381213061511517,0.008397124707698822,True,0.296520471572876
390,43,polarity,-1,0.01632879488170147,0.016145292669534683,True,0.27178826928138733
399,44,polarity,-1,0.012668702751398087,0.014743532985448837,True,0.4100378751754761
408,45,polarity,-1,0.018120672553777695,0.018307210877537727,True,0.1702214479446411
417,46,polarity,-1,0.012844959273934364,0.011125035583972931,True,0.8399291634559631
426,47,polarity,-1,0.019928112626075745,0.019267462193965912,True,0.24383272230625153
292,32,vocab,-1,0.034148335456848145,0.029846202582120895,True,0.5432117581367493
301,33,vocab,-1,0.00311068631708622,0.0029471106827259064,True,0.5082385540008545
310,34,vocab,-1,0.008666626177728176,0.008599421009421349,True,0.2699032127857208
319,35,vocab,-1,0.10094880312681198,0.12342201918363571,True,0.20650427043437958
328,36,vocab,-1,0.14582718908786774,0.1259206384420395,True,0.2875586450099945
337,37,vocab,-1,0.05049080401659012,0.0531945638358593,True,0.24721212685108185
346,38,vocab,-1,0.07808889448642731,0.0759924128651619,False,0.166886106133461
355,39,vocab,-1,0.04105447977781296,0.03409804403781891,True,0.6718419194221497
364,40,vocab,-1,0.025608070194721222,0.02940433844923973,True,0.23980480432510376
373,41,vocab,-1,0.025022976100444794,0.024943331256508827,True,0.2508223056793213
382,42,vocab,-1,0.00828583538532257,0.008300993591547012,True,0.31326955556869507
391,43,vocab,-1,0.007007462903857231,0.00702060479670763,True,0.22595734894275665
400,44,vocab,-1,0.028764942660927773,0.031100451946258545,True,0.3403947651386261
409,45,vocab,-1,0.05728886276483536,0.055814579129219055,True,0.17534634470939636
418,46,vocab,-1,0.02143186330795288,0.017544005066156387,True,0.8460475206375122
427,47,vocab,-1,0.06271921843290329,0.06974199414253235,True,0.2200360894203186
293,32,cat,-1,7.727382183074951,18.9481143951416,False,2.730499363678973e-05
302,33,cat,-1,11.716287612915039,15.405590057373047,False,2.9919494863861473e-06
311,34,cat,-1,2.272855281829834,9.206473350524902,False,0.016150619834661484
320,35,cat,-1,0.800566554069519,4.019651889801025,True,0.17352892458438873
329,36,cat,-1,4.979617118835449,10.875277519226074,False,0.0057000997476279736
338,37,cat,-1,7.329370975494385,11.864505767822266,False,2.4595453851361526e-06
347,38,cat,-1,4.257736682891846,10.385483741760254,False,0.0013609689194709063
356,39,cat,-1,6.974761962890625,15.17581844329834,False,0.000172897067386657
365,40,cat,-1,6.579663276672363,15.928237915039062,False,0.0016535536851733923
374,41,cat,-1,5.936859607696533,12.267873764038086,False,0.00020734197460114956
383,42,cat,-1,6.380502700805664,13.795089721679688,False,0.0003588819527067244
392,43,cat,-1,0.1726354956626892,0.5087212920188904,True,0.2237054407596588
401,44,cat,-1,0.010165579617023468,0.011174652725458145,True,0.39535650610923767
410,45,cat,-1,3.9245429039001465,5.900846481323242,False,0.00038975238567218184
419,46,cat,-1,0.1765834093093872,0.7720224857330322,True,0.8158659338951111
428,47,cat,-1,4.133005142211914,10.765935897827148,False,0.0019413495901972055
294,32,shuffle,-1,0.031455591320991516,0.025870880112051964,True,0.5579435229301453
303,33,shuffle,-1,0.003996670711785555,0.004576030652970076,True,0.48230546712875366
312,34,shuffle,-1,0.01079736091196537,0.010912902653217316,True,0.2713717818260193
321,35,shuffle,-1,0.026441551744937897,0.025574317201972008,True,0.2257615327835083
330,36,shuffle,-1,0.05898696929216385,0.05361536517739296,True,0.3394585847854614
339,37,shuffle,-1,0.008585535921156406,0.008047714829444885,True,0.23764294385910034
348,38,shuffle,-1,0.05413356050848961,0.0504712276160717,True,0.2432224005460739
357,39,shuffle,-1,0.048628710210323334,0.036327265202999115,True,0.657861590385437
366,40,shuffle,-1,0.023462016135454178,0.02350044995546341,False,0.2031019777059555
375,41,shuffle,-1,0.019573844969272614,0.020027490332722664,True,0.22824151813983917
384,42,shuffle,-1,0.00813004095107317,0.008141327649354935,True,0.2971639335155487
393,43,shuffle,-1,0.01641097664833069,0.01568887196481228,True,0.2483491152524948
402,44,shuffle,-1,0.019826512783765793,0.023372657597064972,True,0.3874166011810303
411,45,shuffle,-1,0.016191881150007248,0.016233734786510468,True,0.18460510671138763
420,46,shuffle,-1,0.024046655744314194,0.019927341490983963,True,0.8588462471961975
429,47,shuffle,-1,0.025082845240831375,0.02518986538052559,True,0.23680181801319122
295,32,unrelated,87,6.222176551818848,4.992687225341797,False,7.582869147881866e-05
304,33,unrelated,131,10.060276985168457,10.13885498046875,False,1.555101880512666e-05
313,34,unrelated,24,1.5524758100509644,2.7200968265533447,False,0.032486144453287125
322,35,unrelated,170,8.4425630569458,9.966449737548828,False,2.830030098266434e-05
331,36,unrelated,122,2.1375253200531006,2.860332727432251,False,0.07768543064594269
340,37,unrelated,113,10.724883079528809,12.490700721740723,False,3.174706080244505e-06
349,38,unrelated,226,2.292505979537964,1.2588021755218506,False,0.0003307304286863655
358,39,unrelated,41,0.6422763466835022,1.8842638731002808,False,0.203101247549057
367,40,unrelated,138,6.0232391357421875,7.63690185546875,False,9.479364234721288e-05
376,41,unrelated,171,9.424114227294922,8.931051254272461,False,3.819523954007309e-06
385,42,unrelated,108,6.713902473449707,8.893166542053223,False,1.4190049114404246e-05
394,43,unrelated,176,1.7394170761108398,4.6496100425720215,False,0.1442384421825409
403,44,unrelated,31,4.167316436767578,5.466957092285156,False,0.0019204630516469479
412,45,unrelated,164,6.085398197174072,5.4838948249816895,False,3.4703282381087774e-06
421,46,unrelated,56,5.278552532196045,13.181070327758789,False,0.0034811077639460564
430,47,unrelated,144,5.94851016998291,14.06765365600586,False,0.0003908603102900088
296,32,unrelated_token,87,0.1723024994134903,0.10062194615602493,True,0.6465972661972046
305,33,unrelated_token,131,0.0336584635078907,0.04967574030160904,True,0.4456173777580261
314,34,unrelated_token,24,0.13351382315158844,0.1094270572066307,True,0.3823440372943878
323,35,unrelated_token,170,0.28008532524108887,0.3364284038543701,True,0.18946176767349243
332,36,unrelated_token,122,0.611725926399231,0.285911500453949,True,0.37442418932914734
341,37,unrelated_token,113,0.414124071598053,0.507220447063446,False,0.10515134036540985
350,38,unrelated_token,226,0.18447789549827576,0.17077305912971497,False,0.13518644869327545
359,39,unrelated_token,41,0.04163924232125282,0.05231165885925293,True,0.6088336110115051
368,40,unrelated_token,138,0.599833607673645,0.47458717226982117,False,0.06206168979406357
377,41,unrelated_token,171,0.051305584609508514,0.04918215796351433,True,0.2650279700756073
386,42,unrelated_token,108,0.44030991196632385,0.7618601322174072,False,0.15914717316627502
395,43,unrelated_token,176,0.15023575723171234,0.1802307665348053,False,0.18097646534442902
404,44,unrelated_token,31,0.08985929936170578,0.12116188555955887,True,0.36335641145706177
413,45,unrelated_token,164,0.08573532104492188,0.08237247914075851,True,0.25987592339515686
422,46,unrelated_token,56,0.12927235662937164,0.09633918851613998,True,0.8891901969909668
431,47,unrelated_token,144,0.4365767240524292,1.010392665863037,True,0.29046639800071716
2333,32,resample,1,0.026471169665455818,0.025067025795578957,True,0.46515384316444397
2334,33,resample,1,0.005664682015776634,0.005799524486064911,True,0.5048568248748779
2335,34,resample,1,0.011640192940831184,0.011919546872377396,True,0.2721174657344818
2336,35,resample,1,0.015887144953012466,0.01687031425535679,True,0.19124621152877808
2337,36,resample,1,0.030789190903306007,0.031172774732112885,True,0.3326748013496399
2338,37,resample,1,0.037277646362781525,0.03315412625670433,False,0.225812166929245
2339,38,resample,1,0.03034374862909317,0.028602467849850655,True,0.23661686480045319
2340,39,resample,1,0.015841662883758545,0.01412893645465374,True,0.6011364459991455
2341,40,resample,1,0.041537120938301086,0.04008064046502113,False,0.16702555119991302
2342,41,resample,1,0.021236825734376907,0.02128184586763382,True,0.21824626624584198
2343,42,resample,1,0.006515469402074814,0.006519496440887451,True,0.3019637167453766
2344,43,resample,1,0.009042177349328995,0.008865537121891975,True,0.254116028547287
2345,44,resample,1,0.01758740097284317,0.021271657198667526,True,0.4036388397216797
2346,45,resample,1,0.015660762786865234,0.016031188890337944,True,0.16627177596092224
2347,46,resample,1,0.019582482054829597,0.016780853271484375,True,0.8528298735618591
2348,47,resample,1,0.028906621038913727,0.028066720813512802,True,0.27338147163391113
2397,32,resample,2,0.05199361965060234,0.04133466258645058,True,0.523659348487854
2398,33,resample,2,0.005944531410932541,0.005968449637293816,True,0.5303184390068054
2399,34,resample,2,0.0048034219071269035,0.005088702775537968,True,0.2829169034957886
2400,35,resample,2,0.01895175129175186,0.02006775513291359,True,0.19062663614749908
2401,36,resample,2,0.03253280371427536,0.03129435330629349,True,0.275077760219574
2402,37,resample,2,0.03785973787307739,0.036590248346328735,False,0.24240760505199432
2403,38,resample,2,0.07043943554162979,0.06764300912618637,True,0.19821739196777344
2404,39,resample,2,0.017490990459918976,0.015379254706203938,True,0.6001372933387756
2405,40,resample,2,0.024720177054405212,0.024059515446424484,False,0.18377135694026947
2406,41,resample,2,0.025501789525151253,0.026931099593639374,True,0.2202708125114441
2407,42,resample,2,0.002856805920600891,0.0028148505371063948,True,0.33271870017051697
2408,43,resample,2,0.024409644305706024,0.02347416803240776,True,0.2681981027126312
2409,44,resample,2,0.016493937000632286,0.01906328834593296,True,0.41946926712989807
2410,45,resample,2,0.026529816910624504,0.02786276862025261,True,0.16858315467834473
2411,46,resample,2,0.020509023219347,0.017387259751558304,True,0.8480040431022644
2412,47,resample,2,0.01337418146431446,0.011378013528883457,True,0.25176769495010376
2461,32,resample,3,0.01650901697576046,0.01469347532838583,True,0.5046899914741516
2462,33,resample,3,0.006797840818762779,0.007795938290655613,True,0.46543389558792114
2463,34,resample,3,0.0094926618039608,0.009352980181574821,True,0.2847177982330322
2464,35,resample,3,0.021870512515306473,0.0233805812895298,True,0.19271786510944366
2465,36,resample,3,0.05494067817926407,0.05448920652270317,True,0.25863680243492126
2466,37,resample,3,0.022447383031249046,0.021569686010479927,True,0.26461315155029297
2467,38,resample,3,0.04335013031959534,0.040707916021347046,True,0.2360602468252182
2468,39,resample,3,0.039786454290151596,0.029682163149118423,True,0.6360765695571899
2469,40,resample,3,0.021238071843981743,0.020478952676057816,False,0.18366718292236328
2470,41,resample,3,0.01615411788225174,0.016041109338402748,True,0.2275223284959793
2471,42,resample,3,0.007694026455283165,0.007613001391291618,True,0.2971230745315552
2472,43,resample,3,0.01940828748047352,0.019320394843816757,True,0.27952438592910767
2473,44,resample,3,0.020488789305090904,0.024051684886217117,True,0.421377569437027
2474,45,resample,3,0.016781292855739594,0.01695842295885086,True,0.1764470487833023
2475,46,resample,3,0.01306170504540205,0.011682355776429176,True,0.8350866436958313
2476,47,resample,3,0.02179749682545662,0.023433178663253784,True,0.2244841605424881
2525,32,resample,4,0.019397303462028503,0.01629028469324112,True,0.49475204944610596
2526,33,resample,4,0.010095320641994476,0.01168466079980135,True,0.44877561926841736
2527,34,resample,4,0.012695858255028725,0.012710554525256157,True,0.27113258838653564
2528,35,resample,4,0.02779904380440712,0.0265114177018404,True,0.21366405487060547
2529,36,resample,4,0.04575551301240921,0.04055771231651306,True,0.31161051988601685
2530,37,resample,4,0.05729926750063896,0.054118234664201736,False,0.1969633251428604
2531,38,resample,4,0.06870463490486145,0.06743741780519485,False,0.198056161403656
2532,39,resample,4,0.029081933200359344,0.02469337359070778,True,0.6473711133003235
2533,40,resample,4,0.03162882477045059,0.030361413955688477,False,0.17308580875396729
2534,41,resample,4,0.0187443345785141,0.018662769347429276,True,0.22928553819656372
2535,42,resample,4,0.0024994220584630966,0.002481963951140642,True,0.33139029145240784
2536,43,resample,4,0.016473881900310516,0.015566524118185043,True,0.2531670033931732
2537,44,resample,4,0.010373950004577637,0.011815163306891918,True,0.4075176417827606
2538,45,resample,4,0.026678645983338356,0.02760951966047287,True,0.15221872925758362
2539,46,resample,4,0.018286265432834625,0.015586014837026596,True,0.8534368276596069
2540,47,resample,4,0.03796966373920441,0.036020077764987946,True,0.2802790403366089
2589,32,resample,5,0.04343700408935547,0.03458043932914734,True,0.569214940071106
2590,33,resample,5,0.0038757342845201492,0.0038799531757831573,True,0.47390690445899963
2591,34,resample,5,0.00520771648734808,0.005364552140235901,True,0.2748599648475647
2592,35,resample,5,0.01753557287156582,0.017794277518987656,True,0.20149461925029755
2593,36,resample,5,0.018742099404335022,0.018801746889948845,True,0.31785038113594055
2594,37,resample,5,0.023502439260482788,0.02306651696562767,False,0.20332777500152588
2595,38,resample,5,0.04225519299507141,0.04196781665086746,True,0.20328779518604279
2596,39,resample,5,0.03927789628505707,0.0311017706990242,True,0.6529793739318848
2597,40,resample,5,0.023279841989278793,0.02241210639476776,False,0.19169467687606812
2598,41,resample,5,0.023026946932077408,0.023320505395531654,True,0.2351229190826416
2599,42,resample,5,0.0025574294850230217,0.0025339159183204174,True,0.3314487636089325
2600,43,resample,5,0.008283502422273159,0.008112151175737381,True,0.22891324758529663
2601,44,resample,5,0.007783875800669193,0.008156394585967064,True,0.44048911333084106
2602,45,resample,5,0.027844004333019257,0.028231974691152573,True,0.16653606295585632
2603,46,resample,5,0.01915265992283821,0.01607687585055828,True,0.8518385887145996
2604,47,resample,5,0.02638126350939274,0.026015281677246094,True,0.2701748013496399
2653,32,resample,6,0.028040798380970955,0.025119822472333908,True,0.4669339656829834
2654,33,resample,6,0.0022232122719287872,0.002288786694407463,True,0.5011621117591858
2655,34,resample,6,0.011841007508337498,0.01188245601952076,True,0.29141300916671753
2656,35,resample,6,0.026115693151950836,0.026118023321032524,False,0.18683606386184692
2657,36,resample,6,0.08920986950397491,0.07233637571334839,True,0.330169141292572
2658,37,resample,6,0.05518690496683121,0.05118654668331146,False,0.24794137477874756
2659,38,resample,6,0.07061327248811722,0.06753114610910416,False,0.19516922533512115
2660,39,resample,6,0.03540356457233429,0.02869988977909088,True,0.6515811085700989
2661,40,resample,6,0.03005981259047985,0.028533201664686203,False,0.16965675354003906
2662,41,resample,6,0.02246432937681675,0.02277567982673645,True,0.2553923726081848
2663,42,resample,6,0.006518593057990074,0.006490902975201607,True,0.30125918984413147
2664,43,resample,6,0.025907987728714943,0.02496260032057762,True,0.2766472399234772
2665,44,resample,6,0.020022587850689888,0.020781010389328003,True,0.363180935382843
2666,45,resample,6,0.01578102633357048,0.01615084335207939,True,0.16748417913913727
2667,46,resample,6,0.02280610054731369,0.019244298338890076,True,0.8548668026924133
2668,47,resample,6,0.030275605618953705,0.03265497088432312,True,0.2442655861377716
2717,32,resample,7,0.03707030788064003,0.03035733290016651,True,0.5401979088783264
2718,33,resample,7,0.01268531009554863,0.0130095724016428,True,0.549528956413269
2719,34,resample,7,0.01511191576719284,0.01548786647617817,True,0.27443721890449524
2720,35,resample,7,0.017530176788568497,0.018059711903333664,True,0.20027068257331848
2721,36,resample,7,0.044513870030641556,0.04099506512284279,True,0.29543009400367737
2722,37,resample,7,0.018651461228728294,0.017259396612644196,True,0.24852986633777618
2723,38,resample,7,0.04010521620512009,0.03615758195519447,True,0.30741217732429504
2724,39,resample,7,0.015615575015544891,0.013877147808670998,True,0.619259774684906
2725,40,resample,7,0.043948739767074585,0.041774969547986984,False,0.16717836260795593
2726,41,resample,7,0.015730667859315872,0.015551255084574223,True,0.23741298913955688
2727,42,resample,7,0.005810174159705639,0.005810118746012449,True,0.3049718737602234
2728,43,resample,7,0.015542836859822273,0.015526045113801956,True,0.2264825403690338
2729,44,resample,7,0.014072582125663757,0.015223486348986626,True,0.385306715965271
2730,45,resample,7,0.0187754575163126,0.019359977915883064,True,0.16125726699829102
2731,46,resample,7,0.01204609964042902,0.010574371553957462,True,0.829815149307251
2732,47,resample,7,0.03142619878053665,0.030439823865890503,True,0.27158790826797485
2781,32,resample,8,0.020207479596138,0.01757575385272503,True,0.4920685589313507
2782,33,resample,8,0.005027111619710922,0.004949573427438736,True,0.5323604941368103
2783,34,resample,8,0.0050939759239554405,0.005380013957619667,True,0.27561506628990173
2784,35,resample,8,0.020843666046857834,0.022625569254159927,True,0.198207825422287
2785,36,resample,8,0.06444595009088516,0.05668278783559799,True,0.34125909209251404
2786,37,resample,8,0.01989329606294632,0.01903233863413334,True,0.2541835904121399
2787,38,resample,8,0.03979632630944252,0.037596557289361954,True,0.24016031622886658
2788,39,resample,8,0.01901044324040413,0.01631569117307663,True,0.5933747291564941
2789,40,resample,8,0.030760765075683594,0.030054621398448944,False,0.1828877478837967
2790,41,resample,8,0.02067556604743004,0.020693402737379074,True,0.22268585860729218
2791,42,resample,8,0.002849982585757971,0.0028214401099830866,True,0.32673129439353943
2792,43,resample,8,0.02413639798760414,0.023015528917312622,True,0.26231902837753296
2793,44,resample,8,0.015168605372309685,0.01566515490412712,True,0.4596339166164398
2794,45,resample,8,0.019665155559778214,0.01964530348777771,True,0.18581651151180267
2795,46,resample,8,0.0072871786542236805,0.006756370887160301,True,0.8211410045623779
2796,47,resample,8,0.025717515498399734,0.026207994669675827,True,0.2501714527606964
-1,32,ref_identity,-1,0.0,0.0,True,0.500995934009552
-1,33,ref_identity,-1,0.0,0.0,True,0.49446314573287964
-1,34,ref_identity,-1,0.0,0.0,True,0.2881022095680237
-1,35,ref_identity,-1,0.0,0.0,True,0.21658332645893097
-1,36,ref_identity,-1,0.0,0.0,True,0.3023439943790436
-1,37,ref_identity,-1,0.0,0.0,True,0.2255595326423645
-1,38,ref_identity,-1,0.0,0.0,True,0.2563881576061249
-1,39,ref_identity,-1,0.0,0.0,True,0.5803152918815613
-1,40,ref_identity,-1,0.0,0.0,True,0.23850926756858826
-1,41,ref_identity,-1,0.0,0.0,True,0.24818356335163116
-1,42,ref_identity,-1,0.0,0.0,True,0.34329289197921753
-1,43,ref_identity,-1,0.0,0.0,True,0.21571403741836548
-1,44,ref_identity,-1,0.0,0.0,True,0.4335725009441376
-1,45,ref_identity,-1,0.0,0.0,True,0.19312427937984467
-1,46,ref_identity,-1,0.0,0.0,True,0.7939298748970032
-1,47,ref_identity,-1,0.0,0.0,True,0.23978391289710999
-2,32,ref_mean,-1,3.358322858810425,6.042049407958984,False,0.0023810071870684624
-2,33,ref_mean,-1,6.310319900512695,9.885156631469727,False,0.0012880769791081548
-2,34,ref_mean,-1,0.14224466681480408,0.370806485414505,True,0.3444913327693939
-2,35,ref_mean,-1,0.5581841468811035,0.876830518245697,True,0.19800996780395508
-2,36,ref_mean,-1,2.5756704807281494,4.498578071594238,True,0.05597260966897011
-2,37,ref_mean,-1,3.769253730773926,7.536008358001709,False,0.01480787806212902
-2,38,ref_mean,-1,0.8796216249465942,1.491994857788086,False,0.07444977760314941
-2,39,ref_mean,-1,4.88690710067749,10.398064613342285,False,0.0021514114923775196
-2,40,ref_mean,-1,1.9004387855529785,1.435342788696289,True,0.29893264174461365
-2,41,ref_mean,-1,4.123470306396484,7.588243007659912,False,0.005723132286220789
-2,42,ref_mean,-1,0.4710931181907654,1.896559238433838,True,0.18403741717338562
-2,43,ref_mean,-1,0.25184205174446106,0.9717467427253723,True,0.1409105658531189
-2,44,ref_mean,-1,0.08951172232627869,0.21010813117027283,True,0.44467052817344666
-2,45,ref_mean,-1,3.6151204109191895,3.2289373874664307,False,0.00017453418695367873
-2,46,ref_mean,-1,1.2461669445037842,3.10248064994812,True,0.18971845507621765
-2,47,ref_mean,-1,2.331113815307617,4.258996963500977,False,0.08169148117303848
432,48,orig,-1,0.012986816465854645,0.013344203121960163,True,0.06997373700141907
441,49,orig,-1,0.06259945034980774,0.0642671063542366,True,0.34334057569503784
450,50,orig,-1,0.0033415108919143677,0.0036879535764455795,True,0.8814145922660828
458,51,orig,-1,0.0009754395578056574,0.0010521949734538794,True,0.9676055312156677
467,52,orig,-1,0.04707539081573486,0.04970688372850418,False,0.15169793367385864
476,53,orig,-1,0.008658427745103836,0.008788194507360458,True,0.1504865288734436
485,54,orig,-1,0.04855068400502205,0.05564821511507034,True,0.29356780648231506
494,55,orig,-1,0.002299361163750291,0.002276722574606538,True,0.4826946258544922
503,56,orig,-1,0.16036801040172577,0.13227824866771698,True,0.2878287434577942
512,57,orig,-1,0.03549249470233917,0.02934712916612625,True,0.8591640591621399
521,58,orig,-1,0.023467427119612694,0.021602680906653404,True,0.23614059388637543
530,59,orig,-1,0.019684193655848503,0.016811855137348175,True,0.8484234809875488
539,60,orig,-1,0.028974350541830063,0.026083841919898987,True,0.610183835029602
548,61,orig,-1,0.04607198387384415,0.044141486287117004,False,0.05357252433896065
557,62,orig,-1,0.24623769521713257,0.24967393279075623,True,0.22503958642482758
566,63,orig,-1,0.006983946543186903,0.006639576982706785,True,0.5912837386131287
433,48,paraphrase,-1,0.012530779466032982,0.012828121893107891,True,0.06914333254098892
442,49,paraphrase,-1,0.052565209567546844,0.05452776700258255,True,0.32815656065940857
451,50,paraphrase,-1,0.0029263943433761597,0.0031502284109592438,True,0.8835858106613159
459,51,paraphrase,-1,0.0011059221578761935,0.0012219641357660294,True,0.965884804725647
468,52,paraphrase,-1,0.04597582668066025,0.049052685499191284,False,0.1436830461025238
477,53,paraphrase,-1,0.014469968155026436,0.01559555996209383,True,0.1359584927558899
486,54,paraphrase,-1,0.03560808300971985,0.03998791426420212,True,0.31334641575813293
495,55,paraphrase,-1,0.002202003262937069,0.0022045066580176353,True,0.48218902945518494
504,56,paraphrase,-1,0.0948367491364479,0.08284874260425568,True,0.2768052816390991
513,57,paraphrase,-1,0.030575841665267944,0.023687688633799553,True,0.871225893497467
522,58,paraphrase,-1,0.020489271730184555,0.01840326376259327,True,0.24054354429244995
531,59,paraphrase,-1,0.02150585874915123,0.018064966425299644,True,0.8511722683906555
540,60,paraphrase,-1,0.03498950973153114,0.031065793707966805,True,0.6164540648460388
549,61,paraphrase,-1,0.045599184930324554,0.044257257133722305,False,0.05703136697411537
558,62,paraphrase,-1,0.2961559295654297,0.29662394523620605,True,0.23842167854309082
567,63,paraphrase,-1,0.004524747841060162,0.004247997887432575,True,0.5943183898925781
434,48,translate,-1,0.014827417209744453,0.015232563950121403,True,0.06620439141988754
443,49,translate,-1,0.07369063049554825,0.07965024560689926,True,0.3624664545059204
452,50,translate,-1,0.003228267654776573,0.003534547984600067,True,0.8827439546585083
460,51,translate,-1,0.0008060956606641412,0.0008423381368629634,True,0.9686736464500427
469,52,translate,-1,0.04603569954633713,0.051598526537418365,False,0.15751159191131592
478,53,translate,-1,0.01539185643196106,0.01583927497267723,False,0.14472633600234985
487,54,translate,-1,0.07881004363298416,0.0897223949432373,True,0.2922912836074829
496,55,translate,-1,0.003549848683178425,0.003625862766057253,True,0.4768408536911011
505,56,translate,-1,0.07404689490795135,0.06676289439201355,True,0.26194751262664795
514,57,translate,-1,0.02633768878877163,0.021163906902074814,True,0.8702411651611328
523,58,translate,-1,0.020366549491882324,0.020828256383538246,True,0.232638880610466
532,59,translate,-1,0.017463888972997665,0.014899536967277527,True,0.8397331833839417
541,60,translate,-1,0.027372533455491066,0.024708684533834457,True,0.6072035431861877
550,61,translate,-1,0.034272536635398865,0.03376663848757744,False,0.05628088116645813
559,62,translate,-1,0.3035120666027069,0.2798107862472534,True,0.3008541762828827
568,63,translate,-1,0.005688896402716637,0.005313996225595474,True,0.595319926738739
435,48,polarity,-1,0.012452788650989532,0.01268760859966278,True,0.06707075983285904
444,49,polarity,-1,0.07013873010873795,0.07148536294698715,True,0.32155606150627136
453,50,polarity,-1,0.0026323143392801285,0.0028629936277866364,True,0.8857799172401428
461,51,polarity,-1,0.0021463886369019747,0.0024749706499278545,True,0.9633848667144775
470,52,polarity,-1,0.056750230491161346,0.06155570596456528,False,0.1588364988565445
479,53,polarity,-1,0.011038258671760559,0.011226324364542961,False,0.13950635492801666
488,54,polarity,-1,0.050779033452272415,0.05784643813967705,True,0.2987867593765259
497,55,polarity,-1,0.008115909062325954,0.008086214773356915,False,0.45183122158050537
506,56,polarity,-1,0.11417557299137115,0.09711149334907532,True,0.2800636291503906
515,57,polarity,-1,0.03512614965438843,0.02892794832587242,True,0.859828770160675
524,58,polarity,-1,0.02226635068655014,0.020137866958975792,True,0.2380138635635376
533,59,polarity,-1,0.01637113280594349,0.014103583991527557,True,0.8395084142684937
542,60,polarity,-1,0.0267742071300745,0.02469240128993988,True,0.5886818766593933
551,61,polarity,-1,0.04141046479344368,0.04103272780776024,False,0.055955782532691956
560,62,polarity,-1,0.24868957698345184,0.2348807454109192,True,0.262940913438797
569,63,polarity,-1,0.007371869869530201,0.00687129283323884,True,0.5928385257720947
436,48,vocab,-1,0.017178550362586975,0.017485298216342926,True,0.0779246911406517
445,49,vocab,-1,0.040073227137327194,0.041472285985946655,True,0.27121374011039734
454,50,vocab,-1,0.003958640620112419,0.004369013011455536,True,0.8805640339851379
462,51,vocab,-1,0.0011335364542901516,0.0013127548154443502,True,0.9652238488197327
471,52,vocab,-1,0.1018892303109169,0.10449935495853424,False,0.11554691195487976
480,53,vocab,-1,0.021892672404646873,0.023741744458675385,False,0.1219860091805458
489,54,vocab,-1,0.09148259460926056,0.10749199986457825,True,0.2597305178642273
498,55,vocab,-1,0.008419220335781574,0.008736556395888329,False,0.45384153723716736
507,56,vocab,-1,0.3533933460712433,0.36179840564727783,False,0.07373642921447754
516,57,vocab,-1,0.027971085160970688,0.02164784073829651,True,0.8813226819038391
525,58,vocab,-1,0.03224889561533928,0.030129149556159973,True,0.26117005944252014
534,59,vocab,-1,0.017507009208202362,0.017333878204226494,True,0.7990595102310181
543,60,vocab,-1,0.06857429444789886,0.0780898928642273,True,0.45410388708114624
552,61,vocab,-1,0.08463414758443832,0.08916428685188293,True,0.08956189453601837
561,62,vocab,-1,0.21619842946529388,0.23970891535282135,True,0.21888455748558044
570,63,vocab,-1,0.014902850612998009,0.013477589935064316,True,0.551591694355011
437,48,cat,-1,3.9714932441711426,9.854686737060547,False,0.0047586094588041306
446,49,cat,-1,1.6238751411437988,8.614669799804688,False,0.0956406369805336
455,50,cat,-1,1.8849730491638184,11.141219139099121,False,0.13563717901706696
463,51,cat,-1,2.863590717315674,10.009084701538086,False,0.052128639072179794
472,52,cat,-1,6.8836493492126465,13.47821044921875,False,2.176097041228786e-05
481,53,cat,-1,5.254822731018066,9.991490364074707,False,0.0006279172375798225
490,54,cat,-1,3.3343818187713623,10.597850799560547,False,0.004698653239756823
499,55,cat,-1,8.865010261535645,14.011504173278809,False,3.663557072286494e-05
508,56,cat,-1,6.360642910003662,14.05411434173584,False,0.02914421446621418
517,57,cat,-1,2.625561237335205,9.624153137207031,False,0.06251823902130127
526,58,cat,-1,2.1507081985473633,7.638011455535889,False,0.01614060439169407
535,59,cat,-1,2.1261744499206543,10.300064086914062,False,0.0917031317949295
544,60,cat,-1,6.46069860458374,14.619124412536621,False,0.0005515981465578079
553,61,cat,-1,4.984152793884277,6.347832679748535,False,0.000696093775331974
562,62,cat,-1,7.723896026611328,9.245505332946777,False,3.0083524507062975e-06
571,63,cat,-1,9.732489585876465,12.37075424194336,False,2.4713663151487708e-05
438,48,shuffle,-1,0.01146282535046339,0.01158573105931282,True,0.06967589259147644
447,49,shuffle,-1,0.0832131952047348,0.08109055459499359,True,0.3384157419204712
456,50,shuffle,-1,0.0027950406074523926,0.0030831657350063324,True,0.8856343626976013
464,51,shuffle,-1,0.0008381920051760972,0.0009260158403776586,True,0.9668428301811218
473,52,shuffle,-1,0.0731811448931694,0.07847347855567932,False,0.15103866159915924
482,53,shuffle,-1,0.011326979845762253,0.011624319478869438,False,0.1417732536792755
491,54,shuffle,-1,0.11589609086513519,0.13733650743961334,True,0.23829323053359985
500,55,shuffle,-1,0.002551466226577759,0.0027208561077713966,True,0.5022542476654053
509,56,shuffle,-1,0.13965103030204773,0.11731980741024017,True,0.28132864832878113
518,57,shuffle,-1,0.02129616029560566,0.015464372001588345,True,0.8937168717384338
527,58,shuffle,-1,0.017377842217683792,0.0166255421936512,True,0.23356463015079498
536,59,shuffle,-1,0.019158247858285904,0.016410447657108307,True,0.8439591526985168
545,60,shuffle,-1,0.0319809690117836,0.028751080855727196,True,0.6094896197319031
554,61,shuffle,-1,0.04516349360346794,0.04436589404940605,False,0.062293097376823425
563,62,shuffle,-1,0.2669782042503357,0.2684701383113861,True,0.21210022270679474
572,63,shuffle,-1,0.0053944974206388,0.005143071990460157,True,0.5965485572814941
439,48,unrelated,76,3.086423397064209,2.871734142303467,False,0.003806362859904766
448,49,unrelated,196,6.9088969230651855,8.2361421585083,False,6.913643301231787e-05
457,50,unrelated,73,0.01589464396238327,0.020174551755189896,True,0.855281412601471
465,51,unrelated,44,8.398073196411133,11.110374450683594,False,0.00021635994198732078
474,52,unrelated,211,6.35715913772583,4.166874885559082,False,5.514158601727104e-06
483,53,unrelated,161,9.385011672973633,10.771744728088379,False,5.841645815962693e-06
492,54,unrelated,75,1.625603437423706,9.006155014038086,True,0.1706395149230957
501,55,unrelated,149,4.26113224029541,7.578010082244873,False,0.009164796210825443
510,56,unrelated,82,6.804671287536621,5.334306240081787,False,0.014612739905714989
519,57,unrelated,120,5.221071720123291,10.816067695617676,False,0.005528544541448355
528,58,unrelated,64,5.269783020019531,3.3226158618927,False,0.0011148705380037427
537,59,unrelated,213,10.4955472946167,16.902137756347656,False,1.110804714699043e-05
546,60,unrelated,127,7.688545227050781,7.649089336395264,False,0.00014485062274616212
555,61,unrelated,204,5.510117053985596,3.628012180328369,False,2.2183163309819065e-05
564,62,unrelated,92,6.7995100021362305,9.38845443725586,False,8.991586946649477e-05
573,63,unrelated,47,7.456696033477783,8.92027473449707,False,7.896976603660733e-05
440,48,unrelated_token,76,0.06411146372556686,0.0625327005982399,False,0.063595712184906
449,49,unrelated_token,196,0.7290058135986328,1.1865545511245728,False,0.061434339731931686
2351,50,resample,1,0.003523940220475197,0.003907358273863792,True,0.882171094417572
466,51,unrelated_token,44,0.013070398010313511,0.01192384958267212,True,0.9749979972839355
475,52,unrelated_token,211,0.9994699358940125,0.8557066917419434,False,0.01664973795413971
484,53,unrelated_token,161,9.033638954162598,10.874146461486816,False,4.0194041503127664e-05
493,54,unrelated_token,75,0.3569793701171875,0.4436757266521454,True,0.23928551375865936
502,55,unrelated_token,149,0.0335082933306694,0.042568501085042953,False,0.4065060317516327
511,56,unrelated_token,82,0.23217356204986572,0.30928680300712585,False,0.10297022014856339
520,57,unrelated_token,120,0.028125759214162827,0.03252086043357849,True,0.8521104454994202
529,58,unrelated_token,64,0.08921219408512115,0.10930955410003662,False,0.22788511216640472
538,59,unrelated_token,213,0.06728142499923706,0.06971476227045059,True,0.7954440116882324
547,60,unrelated_token,127,0.3581428825855255,0.47308841347694397,True,0.29240933060646057
556,61,unrelated_token,204,0.9168088436126709,0.7811012864112854,True,0.07882470637559891
565,62,unrelated_token,92,1.9587247371673584,2.9855031967163086,False,0.020179806277155876
574,63,unrelated_token,47,0.47353407740592957,0.44817912578582764,False,0.17519107460975647
2349,48,resample,1,0.007960342802107334,0.008220594376325607,True,0.07227668166160583
2350,49,resample,1,0.045077964663505554,0.04674384370446205,True,0.3001481890678406
2415,50,resample,2,0.0058936383575201035,0.006603924557566643,True,0.874524712562561
2352,51,resample,1,0.0037106340751051903,0.004386501386761665,True,0.9612988233566284
2353,52,resample,1,0.05189070850610733,0.055989205837249756,True,0.1793254315853119
2354,53,resample,1,0.009323541074991226,0.009399278089404106,False,0.14246632158756256
2355,54,resample,1,0.011272644624114037,0.011748164892196655,True,0.30564555525779724
2356,55,resample,1,0.017706887796521187,0.01758529804646969,False,0.42188137769699097
2357,56,resample,1,0.10861007869243622,0.09473393112421036,True,0.2716664969921112
2358,57,resample,1,0.010029604658484459,0.008163414895534515,True,0.9048185348510742
2359,58,resample,1,0.009504237212240696,0.012336531654000282,True,0.22752606868743896
2360,59,resample,1,0.021195240318775177,0.018090229481458664,True,0.8454606533050537
2361,60,resample,1,0.017691774293780327,0.017035972326993942,True,0.5724011659622192
2362,61,resample,1,0.04695199057459831,0.046696413308382034,False,0.04947283864021301
2363,62,resample,1,0.342328816652298,0.30939769744873047,True,0.39695900678634644
2364,63,resample,1,0.021418824791908264,0.018822524696588516,True,0.6332423686981201
2413,48,resample,2,0.009079859592020512,0.009342926554381847,True,0.07027449458837509
2414,49,resample,2,0.028337080031633377,0.029352810233831406,True,0.29435381293296814
2479,50,resample,3,0.004853235557675362,0.005359707400202751,True,0.8764926791191101
2416,51,resample,2,0.0003741281107068062,0.00041734444675967097,True,0.9706206917762756
2417,52,resample,2,0.038355715572834015,0.04100627824664116,False,0.18517865240573883
2418,53,resample,2,0.015976930037140846,0.015773635357618332,False,0.14544910192489624
2419,54,resample,2,0.0258498452603817,0.024805795401334763,True,0.383095920085907
2420,55,resample,2,0.0021376856602728367,0.002131989225745201,True,0.4824522137641907
2421,56,resample,2,0.2592877149581909,0.20793500542640686,True,0.3360881209373474
2422,57,resample,2,0.011023439466953278,0.009181428700685501,True,0.9110805988311768
2423,58,resample,2,0.021686965599656105,0.029382431879639626,True,0.24336254596710205
2424,59,resample,2,0.023425186052918434,0.01994408667087555,True,0.8476116061210632
2425,60,resample,2,0.04150920733809471,0.04497096315026283,True,0.5216532945632935
2426,61,resample,2,0.0411890484392643,0.04201051965355873,False,0.05117914825677872
2427,62,resample,2,0.5867272615432739,0.48328763246536255,True,0.5744785070419312
2428,63,resample,2,0.008651389740407467,0.008605832234025002,True,0.526793897151947
2477,48,resample,3,0.013616064563393593,0.013820838183164597,True,0.0763295590877533
2478,49,resample,3,0.013511080294847488,0.013776382431387901,True,0.2821107804775238
2543,50,resample,4,0.0016202982515096664,0.0017418013885617256,True,0.8917871117591858
2480,51,resample,3,0.0005298744072206318,0.0005935743101872504,True,0.9694920778274536
2481,52,resample,3,0.04949482902884483,0.05539177730679512,False,0.17543233931064606
2482,53,resample,3,0.009738598018884659,0.009690750390291214,False,0.14372849464416504
2483,54,resample,3,0.03832464665174484,0.037666939198970795,True,0.3304235339164734
2484,55,resample,3,0.002068697242066264,0.0020424402318894863,True,0.5393048524856567
2485,56,resample,3,0.13803814351558685,0.11235294491052628,True,0.28113338351249695
2486,57,resample,3,0.015678271651268005,0.011789552867412567,True,0.907110333442688
2487,58,resample,3,0.008815147913992405,0.008227065205574036,False,0.22985027730464935
2488,59,resample,3,0.016213033348321915,0.013776985928416252,True,0.8394570350646973
2489,60,resample,3,0.042073119431734085,0.04160282760858536,True,0.5482207536697388
2490,61,resample,3,0.056324563920497894,0.05872795730829239,False,0.05657993629574776
2491,62,resample,3,0.5921868085861206,0.486319899559021,True,0.5015837550163269
2492,63,resample,3,0.01057691965252161,0.010308640077710152,True,0.5789434909820557
2541,48,resample,4,0.010559702292084694,0.01064982544630766,True,0.07807409018278122
2542,49,resample,4,0.015451721847057343,0.016898080706596375,False,0.23516787588596344
2607,50,resample,5,0.002053133212029934,0.0022755302488803864,True,0.8909369707107544
2544,51,resample,4,0.0003361775306984782,0.0003443263121880591,True,0.9702786207199097
2545,52,resample,4,0.02194075658917427,0.0248231403529644,False,0.1658737063407898
2546,53,resample,4,0.005985146388411522,0.005938868969678879,True,0.14865441620349884
2547,54,resample,4,0.01926640048623085,0.018855035305023193,True,0.3463421165943146
2548,55,resample,4,0.00247129681520164,0.0023965253494679928,True,0.4833613932132721
2549,56,resample,4,0.2887689173221588,0.22795706987380981,True,0.33417999744415283
2550,57,resample,4,0.0267771128565073,0.01938740164041519,True,0.8836686015129089
2551,58,resample,4,0.029200688004493713,0.042902622371912,True,0.23377326130867004
2552,59,resample,4,0.012158608064055443,0.010679430328309536,True,0.8187472224235535
2553,60,resample,4,0.03482694923877716,0.031073562800884247,True,0.5926212668418884
2554,61,resample,4,0.07758593559265137,0.0814768597483635,False,0.05663660913705826
2555,62,resample,4,0.3922058343887329,0.35332149267196655,True,0.4113253951072693
2556,63,resample,4,0.017043832689523697,0.01600160449743271,True,0.6453146934509277
2605,48,resample,5,0.009980760514736176,0.010331999510526657,True,0.06848517060279846
2606,49,resample,5,0.012275055050849915,0.013474976643919945,True,0.27852264046669006
2671,50,resample,6,0.0031773149967193604,0.0033972319215536118,True,0.8842747807502747
2608,51,resample,5,0.002406372455880046,0.002661843318492174,True,0.9648983478546143
2609,52,resample,5,0.038733094930648804,0.04195713996887207,False,0.16474492847919464
2610,53,resample,5,0.01588725857436657,0.016558293253183365,False,0.13619881868362427
2611,54,resample,5,0.05227240175008774,0.05760762095451355,True,0.27341464161872864
2612,55,resample,5,0.0008467065053991973,0.0008303623180836439,True,0.5088610053062439
2613,56,resample,5,0.11706823110580444,0.1051267609000206,True,0.31315869092941284
2614,57,resample,5,0.05083874240517616,0.04190386086702347,True,0.8484448194503784
2615,58,resample,5,0.009772004559636116,0.009234288707375526,False,0.21703167259693146
2616,59,resample,5,0.006551634985953569,0.006301051937043667,True,0.808120846748352
2617,60,resample,5,0.05182277038693428,0.04271000623703003,True,0.638094961643219
2618,61,resample,5,0.06834246218204498,0.06589891016483307,False,0.06843075156211853
2619,62,resample,5,0.336506724357605,0.2913564145565033,True,0.3461673855781555
2620,63,resample,5,0.004864756017923355,0.004532252438366413,True,0.5882337689399719
2669,48,resample,6,0.010827198624610901,0.011030463501811028,True,0.07418504357337952
2670,49,resample,6,0.016178661957383156,0.01777086779475212,True,0.270131379365921
2735,50,resample,7,0.0020734211429953575,0.002213129773736,True,0.8891589045524597
2672,51,resample,6,0.0013779997825622559,0.0015473406529054046,True,0.9660332798957825
2673,52,resample,6,0.04269316792488098,0.04579576849937439,False,0.1591685563325882
2674,53,resample,6,0.0054089948534965515,0.005438384599983692,True,0.1468692272901535
2675,54,resample,6,0.010224329307675362,0.010108698159456253,True,0.3307757079601288
2676,55,resample,6,0.003216290147975087,0.0032010632567107677,True,0.5340059995651245
2677,56,resample,6,0.240035742521286,0.19719311594963074,True,0.35175228118896484
2678,57,resample,6,0.009636104106903076,0.0077152131125330925,True,0.8966573476791382
2679,58,resample,6,0.0034459964372217655,0.0034995856694877148,False,0.21830108761787415
2680,59,resample,6,0.023276682943105698,0.020068172365427017,True,0.8520448207855225
2681,60,resample,6,0.0632951408624649,0.07098567485809326,True,0.48107242584228516
2682,61,resample,6,0.04839244857430458,0.049227025359869,False,0.0475606769323349
2683,62,resample,6,0.30804064869880676,0.27630364894866943,True,0.3202521502971649
2684,63,resample,6,0.016271524131298065,0.01504146121442318,True,0.6283344626426697
2733,48,resample,7,0.013084140606224537,0.01321505382657051,True,0.07115539908409119
2734,49,resample,7,0.018652742728590965,0.020751699805259705,True,0.284151166677475
2799,50,resample,8,0.002774946391582489,0.0030200500041246414,True,0.8861809372901917
2736,51,resample,7,0.0003965530195273459,0.0004292014637030661,True,0.9709369540214539
2737,52,resample,7,0.027832496911287308,0.029892342165112495,False,0.1721383035182953
2738,53,resample,7,0.013543866574764252,0.013652890920639038,False,0.14744779467582703
2739,54,resample,7,0.008530326187610626,0.00844032783061266,True,0.34322214126586914
2740,55,resample,7,0.0007366675417870283,0.0007429106626659632,True,0.5083663463592529
2741,56,resample,7,0.21475450694561005,0.16877710819244385,True,0.3168008625507355
2742,57,resample,7,0.010996896773576736,0.009632114320993423,True,0.9150950908660889
2743,58,resample,7,0.02260279655456543,0.02764188125729561,True,0.24745751917362213
2744,59,resample,7,0.011400909163057804,0.011932914145290852,True,0.8025292754173279
2745,60,resample,7,0.05978982150554657,0.06593388319015503,True,0.4884897768497467
2746,61,resample,7,0.06391918659210205,0.06273379921913147,False,0.05448548123240471
2747,62,resample,7,0.5294562578201294,0.4485633671283722,True,0.5002030730247498
2748,63,resample,7,0.007244681008160114,0.0073253558948636055,True,0.5185185074806213
2797,48,resample,8,0.011801054701209068,0.012186718173325062,True,0.06953591108322144
2798,49,resample,8,0.02702454663813114,0.025979749858379364,False,0.27469366788864136
-1,50,ref_identity,-1,0.0,0.0,True,0.9047641754150391
2800,51,resample,8,0.0015663037775084376,0.0016482874052599072,True,0.9683716893196106
2801,52,resample,8,0.058391645550727844,0.05983247607946396,True,0.19571621716022491
2802,53,resample,8,0.017249897122383118,0.01713714189827442,True,0.16529737412929535
2803,54,resample,8,0.012990988790988922,0.012652179226279259,True,0.3571600019931793
2804,55,resample,8,0.0027024198789149523,0.0026420042850077152,True,0.4830246567726135
2805,56,resample,8,0.19050449132919312,0.15613821148872375,True,0.29311415553092957
2806,57,resample,8,0.027303259819746017,0.02168135531246662,True,0.8718336224555969
2807,58,resample,8,0.006874526850879192,0.007283988408744335,False,0.21515583992004395
2808,59,resample,8,0.014317474327981472,0.012783167883753777,True,0.8268190622329712
2809,60,resample,8,0.05491399019956589,0.04455458000302315,True,0.6194966435432434
2810,61,resample,8,0.02274956926703453,0.02318284660577774,False,0.07047067582607269
2811,62,resample,8,0.2890731394290924,0.28887492418289185,True,0.22245770692825317
2812,63,resample,8,0.008760876022279263,0.00826955959200859,True,0.6092872619628906
-1,48,ref_identity,-1,0.0,0.0,True,0.07588380575180054
-1,49,ref_identity,-1,0.0,0.0,True,0.27120065689086914
-2,50,ref_mean,-1,0.5498800277709961,2.6589152812957764,True,0.46143215894699097
-1,51,ref_identity,-1,0.0,0.0,True,0.9720455408096313
-1,52,ref_identity,-1,0.0,0.0,True,0.19529841840267181
-1,53,ref_identity,-1,0.0,0.0,True,0.14956991374492645
-1,54,ref_identity,-1,0.0,0.0,True,0.31095293164253235
-1,55,ref_identity,-1,0.0,0.0,True,0.5131933093070984
-1,56,ref_identity,-1,0.0,0.0,True,0.2007649689912796
-1,57,ref_identity,-1,0.0,0.0,True,0.8741796016693115
-1,58,ref_identity,-1,0.0,0.0,True,0.23890729248523712
-1,59,ref_identity,-1,0.0,0.0,True,0.7836734056472778
-1,60,ref_identity,-1,0.0,0.0,True,0.5518931150436401
-1,61,ref_identity,-1,0.0,0.0,True,0.0843958631157875
-1,62,ref_identity,-1,0.0,0.0,True,0.20356284081935883
-1,63,ref_identity,-1,0.0,0.0,True,0.5664767622947693
-2,48,ref_mean,-1,4.373437404632568,7.941804885864258,False,0.006764086429029703
-2,49,ref_mean,-1,0.39536339044570923,0.6727930903434753,True,0.22806061804294586
-2,51,ref_mean,-1,1.2771618366241455,4.6401047706604,True,0.2527819573879242
-2,52,ref_mean,-1,3.5110785961151123,3.3390774726867676,False,8.947576861828566e-05
-2,53,ref_mean,-1,5.255731582641602,7.946835994720459,False,0.0007294578826986253
-2,54,ref_mean,-1,0.5731294751167297,1.7600963115692139,True,0.22020508348941803
-2,55,ref_mean,-1,4.618683338165283,6.712985992431641,False,0.003803779138252139
-2,56,ref_mean,-1,5.939234256744385,4.150825500488281,False,0.03880703076720238
-2,57,ref_mean,-1,2.84462571144104,7.401290416717529,False,0.05329354479908943
-2,58,ref_mean,-1,2.6346678733825684,5.918646812438965,False,0.02814996987581253
-2,59,ref_mean,-1,0.8104435205459595,1.7639490365982056,True,0.45286643505096436
-2,60,ref_mean,-1,3.287853717803955,4.154354572296143,False,0.02142459526658058
-2,61,ref_mean,-1,3.225045680999756,2.8521535396575928,False,0.00237963255494833
-2,62,ref_mean,-1,7.5953497886657715,9.239561080932617,False,2.4897235562093556e-05
-2,63,ref_mean,-1,5.234382152557373,7.325013160705566,False,0.0014370838180184364
575,64,orig,-1,0.012497208081185818,0.012555239722132683,True,0.13475441932678223
584,65,orig,-1,0.0005835072952322662,0.0007628449238836765,True,0.9945380091667175
593,66,orig,-1,0.0018872376531362534,0.002078412100672722,True,0.8286711573600769
602,67,orig,-1,0.016873717308044434,0.016918562352657318,True,0.041403017938137054
611,68,orig,-1,0.013394096866250038,0.015530407428741455,True,0.7054213285446167
620,69,orig,-1,0.010719163343310356,0.01123904250562191,True,0.43820157647132874
629,70,orig,-1,0.0786290168762207,0.1151123121380806,True,0.36167728900909424
638,71,orig,-1,0.013193484395742416,0.011079782620072365,True,0.8053990602493286
647,72,orig,-1,0.06998030096292496,0.05913526564836502,True,0.7547528147697449
656,73,orig,-1,0.02471495233476162,0.018658600747585297,True,0.5069928169250488
665,74,orig,-1,0.014767482876777649,0.015809200704097748,True,0.3871888816356659
674,75,orig,-1,0.061421871185302734,0.06324200332164764,True,0.27586960792541504
683,76,orig,-1,0.0019022597698494792,0.002181422198191285,True,0.9669291973114014
692,77,orig,-1,0.008741578087210655,0.009732850827276707,True,0.6858556270599365
701,78,orig,-1,0.07787405699491501,0.06447736918926239,True,0.8543171286582947
710,79,orig,-1,0.0555984228849411,0.048688627779483795,False,0.1311531364917755
576,64,paraphrase,-1,0.011508919298648834,0.01136056799441576,True,0.1380234658718109
585,65,paraphrase,-1,0.00041363044874742627,0.0005224841297604144,True,0.9950844645500183
594,66,paraphrase,-1,0.005143174901604652,0.0056321583688259125,True,0.8100838661193848
603,67,paraphrase,-1,0.014254944398999214,0.014260329306125641,True,0.041731614619493484
612,68,paraphrase,-1,0.021444600075483322,0.0258730910718441,True,0.6783090829849243
621,69,paraphrase,-1,0.02051696926355362,0.022097917273640633,True,0.43145716190338135
630,70,paraphrase,-1,0.04563763365149498,0.06264976412057877,True,0.3947000801563263
639,71,paraphrase,-1,0.006943808868527412,0.006256347522139549,True,0.7980675101280212
648,72,paraphrase,-1,0.06240270286798477,0.05317259207367897,True,0.7425224781036377
657,73,paraphrase,-1,0.02359885163605213,0.015575841069221497,True,0.5364015698432922
666,74,paraphrase,-1,0.024887368083000183,0.02631712332367897,True,0.3605494797229767
675,75,paraphrase,-1,0.06378871202468872,0.06581354886293411,True,0.2801108956336975
684,76,paraphrase,-1,0.0051774512976408005,0.006336165126413107,True,0.95877605676651
693,77,paraphrase,-1,0.009157567285001278,0.010232587344944477,True,0.682583212852478
702,78,paraphrase,-1,0.19526401162147522,0.13839328289031982,True,0.9164432883262634
711,79,paraphrase,-1,0.05141307786107063,0.04512481763958931,True,0.13959692418575287
577,64,translate,-1,0.017165474593639374,0.01677064411342144,True,0.135583758354187
586,65,translate,-1,0.0013795641716569662,0.0021371962502598763,True,0.9930705428123474
595,66,translate,-1,0.0017795562744140625,0.001962924376130104,True,0.8285585045814514
604,67,translate,-1,0.015512607991695404,0.015518112108111382,True,0.04358777031302452
613,68,translate,-1,0.016152892261743546,0.019210711121559143,True,0.6999562978744507
622,69,translate,-1,0.009585303254425526,0.010074774734675884,True,0.45864367485046387
631,70,translate,-1,0.04913743585348129,0.06899075955152512,True,0.39504948258399963
640,71,translate,-1,0.010015906766057014,0.008656980469822884,True,0.8017498850822449
649,72,translate,-1,0.0798666924238205,0.06673821061849594,True,0.7691019177436829
658,73,translate,-1,0.028811069205403328,0.02209322154521942,True,0.4917546808719635
667,74,translate,-1,0.01775471866130829,0.01842394471168518,True,0.3716724216938019
676,75,translate,-1,0.05305425822734833,0.05235607549548149,True,0.2995981276035309
685,76,translate,-1,0.001964191673323512,0.0022308339830487967,True,0.9667345285415649
694,77,translate,-1,0.005027910694479942,0.005562381353229284,True,0.6992198824882507
703,78,translate,-1,0.06224510073661804,0.05290869250893593,True,0.8405781984329224
712,79,translate,-1,0.052532799541950226,0.047282107174396515,False,0.13334979116916656
578,64,polarity,-1,0.011721547693014145,0.011522612534463406,True,0.13816004991531372
587,65,polarity,-1,0.0005720933550037444,0.0007441150955855846,True,0.994644045829773
596,66,polarity,-1,0.0021249335259199142,0.002422397956252098,True,0.8280916213989258
605,67,polarity,-1,0.014988666400313377,0.01499752514064312,True,0.04371053725481033
614,68,polarity,-1,0.020600706338882446,0.0248580165207386,True,0.6871985197067261
623,69,polarity,-1,0.017060864716768265,0.018101900815963745,True,0.4322853982448578
632,70,polarity,-1,0.020936213433742523,0.025380820035934448,True,0.427109032869339
641,71,polarity,-1,0.016512930393218994,0.013333521783351898,True,0.8085238337516785
650,72,polarity,-1,0.09353761374950409,0.07684449851512909,True,0.7769271731376648
659,73,polarity,-1,0.03218492120504379,0.02656979113817215,True,0.47596636414527893
668,74,polarity,-1,0.021673139184713364,0.023831747472286224,True,0.37534841895103455
677,75,polarity,-1,0.053745850920677185,0.05520349368453026,True,0.2596682906150818
686,76,polarity,-1,0.001946109696291387,0.002226967364549637,True,0.9666576981544495
695,77,polarity,-1,0.008808823302388191,0.009767038747668266,True,0.6849411129951477
704,78,polarity,-1,0.039894379675388336,0.03513830527663231,True,0.8152075409889221
713,79,polarity,-1,0.05179019272327423,0.047971561551094055,False,0.13561475276947021
579,64,vocab,-1,0.008039831183850765,0.008153163827955723,True,0.12935668230056763
588,65,vocab,-1,0.001670979312621057,0.0027228877879679203,True,0.9928713440895081
597,66,vocab,-1,0.0028958451002836227,0.0037087006494402885,True,0.8258182406425476
606,67,vocab,-1,0.042378056794404984,0.04029736667871475,True,0.0363568551838398
615,68,vocab,-1,0.02121211588382721,0.025006592273712158,True,0.6675399541854858
624,69,vocab,-1,0.19213975965976715,0.21765564382076263,True,0.2775736153125763
633,70,vocab,-1,0.025069020688533783,0.02733868733048439,True,0.45411020517349243
642,71,vocab,-1,0.019027918577194214,0.014588410034775734,True,0.8030902743339539
651,72,vocab,-1,0.0564749613404274,0.050590358674526215,True,0.7183107733726501
660,73,vocab,-1,0.02572140097618103,0.023169299587607384,True,0.5566588044166565
669,74,vocab,-1,0.028300397098064423,0.029704203829169273,True,0.4243864119052887
678,75,vocab,-1,0.12542444467544556,0.14352025091648102,True,0.21295912563800812
687,76,vocab,-1,0.007979512214660645,0.010260245762765408,True,0.953307569026947
696,77,vocab,-1,0.02319422736763954,0.023581545799970627,True,0.7140883207321167
705,78,vocab,-1,0.10518232733011246,0.18339060246944427,True,0.5591316223144531
714,79,vocab,-1,0.05307909846305847,0.0544104166328907,False,0.1051015853881836
580,64,cat,-1,8.644855499267578,18.24502182006836,False,5.456961298477836e-05
589,65,cat,-1,4.777003765106201,11.044975280761719,False,0.00819710548967123
598,66,cat,-1,2.288221597671509,8.752691268920898,False,0.09067878127098083
607,67,cat,-1,6.2971930503845215,11.806745529174805,False,4.2631026531125826e-07
616,68,cat,-1,5.888730525970459,16.286691665649414,False,0.0013773360988125205
625,69,cat,-1,1.9912117719650269,4.928223609924316,False,0.10307461023330688
634,70,cat,-1,2.3201286792755127,6.1550679206848145,False,0.06954757124185562
643,71,cat,-1,1.008149266242981,5.646653652191162,False,0.2642817795276642
652,72,cat,-1,5.358994483947754,14.339970588684082,False,0.003552516456693411
661,73,cat,-1,0.5982194542884827,2.4566030502319336,True,0.19750478863716125
670,74,cat,-1,7.559943199157715,13.739864349365234,False,0.00023884428082965314
679,75,cat,-1,6.77006196975708,14.481389045715332,False,7.13888366590254e-05
688,76,cat,-1,1.1899709701538086,6.626687049865723,True,0.331890732049942
697,77,cat,-1,1.1668310165405273,7.966114044189453,False,0.22750982642173767
706,78,cat,-1,7.79775333404541,15.136839866638184,False,0.00025825592456385493
715,79,cat,-1,1.402125597000122,6.621501922607422,False,0.04708648845553398
581,64,shuffle,-1,0.014751194044947624,0.0143269719555974,True,0.13925226032733917
590,65,shuffle,-1,0.0005681308102793992,0.0007286991458386183,True,0.9947004318237305
599,66,shuffle,-1,0.0021979920566082,0.002348046749830246,True,0.8287093043327332
608,67,shuffle,-1,0.016132881864905357,0.01607518643140793,True,0.039158228784799576
617,68,shuffle,-1,0.013033883646130562,0.01516825519502163,True,0.7051403522491455
626,69,shuffle,-1,0.015685223042964935,0.016674933955073357,True,0.4306018054485321
635,70,shuffle,-1,0.013033438473939896,0.014824019744992256,True,0.44099608063697815
644,71,shuffle,-1,0.01908443123102188,0.014584345743060112,True,0.8079381585121155
653,72,shuffle,-1,0.07457712292671204,0.06263840198516846,True,0.7628370523452759
662,73,shuffle,-1,0.02768881805241108,0.021293550729751587,True,0.49203988909721375
671,74,shuffle,-1,0.01613505929708481,0.017299871891736984,True,0.38383620977401733
680,75,shuffle,-1,0.04654473811388016,0.049677774310112,True,0.24718903005123138
689,76,shuffle,-1,0.0009494788246229291,0.001033263048157096,True,0.9700608253479004
698,77,shuffle,-1,0.013982750475406647,0.01558450236916542,True,0.6714754104614258
707,78,shuffle,-1,0.0303792804479599,0.027138330042362213,True,0.7993135452270508
716,79,shuffle,-1,0.045399680733680725,0.039401620626449585,False,0.13437949120998383
582,64,unrelated,78,3.316744089126587,6.652105331420898,False,0.013168571516871452
591,65,unrelated,91,4.052315711975098,9.988786697387695,False,0.01694260537624359
600,66,unrelated,27,0.1638323962688446,0.7870408296585083,True,0.7650601863861084
609,67,unrelated,62,8.015815734863281,11.070117950439453,False,9.846812645264436e-07
618,68,unrelated,241,8.327971458435059,9.720641136169434,False,8.696912118466571e-05
627,69,unrelated,118,9.188801765441895,9.146957397460938,False,2.750912608462386e-05
636,70,unrelated,110,8.647154808044434,10.57080078125,False,1.4870080121909268e-05
645,71,unrelated,225,5.304921627044678,6.232794284820557,False,0.0031700911931693554
654,72,unrelated,100,6.6115241050720215,6.627275466918945,False,0.0002849954762496054
663,73,unrelated,1,7.2500739097595215,11.307966232299805,False,9.978897287510335e-05
672,74,unrelated,246,7.500279903411865,8.707354545593262,False,0.0004401277401484549
681,75,unrelated,7,2.9560790061950684,2.288654327392578,False,0.0005033600027672946
690,76,unrelated,28,7.54867696762085,12.521909713745117,False,0.0005098999827168882
699,77,unrelated,210,4.8814239501953125,12.93713092803955,False,0.0033090950455516577
708,78,unrelated,128,11.03482437133789,10.893004417419434,False,8.587219781475142e-06
717,79,unrelated,231,6.879289150238037,10.797873497009277,False,0.06004335731267929
583,64,unrelated_token,78,0.06758330017328262,0.06888976693153381,True,0.1986462026834488
592,65,unrelated_token,91,0.21676631271839142,1.0057262182235718,True,0.7943189144134521
601,66,unrelated_token,27,0.054557494819164276,0.21691608428955078,True,0.8577157855033875
610,67,unrelated_token,62,0.9597601294517517,1.049886703491211,False,0.019887154921889305
619,68,unrelated_token,241,0.031356848776340485,0.04276016727089882,True,0.6833521723747253
628,69,unrelated_token,118,0.2191924750804901,0.42201024293899536,True,0.33217233419418335
637,70,unrelated_token,110,0.2930746078491211,0.24313879013061523,True,0.620999813079834
646,71,unrelated_token,225,0.12837938964366913,0.08273398876190186,True,0.861084520816803
655,72,unrelated_token,100,0.154098778963089,0.21292772889137268,True,0.4477195739746094
664,73,unrelated_token,1,0.11431203782558441,0.05824356526136398,True,0.5612249970436096
673,74,unrelated_token,246,1.342757225036621,2.2332639694213867,True,0.34129634499549866
682,75,unrelated_token,7,1.8141943216323853,1.822536587715149,False,0.005007243249565363
691,76,unrelated_token,28,0.06016348674893379,0.10035476833581924,True,0.886394202709198
700,77,unrelated_token,210,0.27642878890037537,0.5839666724205017,True,0.43862611055374146
709,78,unrelated_token,128,0.5907854437828064,0.9937679767608643,True,0.25127026438713074
718,79,unrelated_token,231,0.1694360226392746,0.17826677858829498,False,0.08983051031827927
-1,64,ref_identity,-1,0.0,0.0,True,0.11769331991672516
-1,65,ref_identity,-1,0.0,0.0,True,0.9959113597869873
-1,66,ref_identity,-1,0.0,0.0,True,0.8463948965072632
-1,67,ref_identity,-1,0.0,0.0,True,0.04415570944547653
-1,68,ref_identity,-1,0.0,0.0,True,0.7431848049163818
-1,69,ref_identity,-1,0.0,0.0,True,0.486479252576828
-1,70,ref_identity,-1,0.0,0.0,True,0.46212369203567505
-1,71,ref_identity,-1,0.0,0.0,True,0.7656439542770386
-1,72,ref_identity,-1,0.0,0.0,True,0.6164373755455017
-1,73,ref_identity,-1,0.0,0.0,True,0.5428793430328369
-1,74,ref_identity,-1,0.0,0.0,True,0.44014355540275574
-1,75,ref_identity,-1,0.0,0.0,True,0.2850346565246582
-1,76,ref_identity,-1,0.0,0.0,True,0.9764671921730042
-1,77,ref_identity,-1,0.0,0.0,True,0.7029718160629272
-1,78,ref_identity,-1,0.0,0.0,True,0.7045490741729736
-1,79,ref_identity,-1,0.0,0.0,True,0.1593157798051834
-2,64,ref_mean,-1,1.453742504119873,3.419238805770874,False,0.045620523393154144
-2,65,ref_mean,-1,2.460857629776001,7.126886367797852,False,0.08322601020336151
-2,66,ref_mean,-1,0.23446375131607056,1.240882396697998,True,0.7373336553573608
-2,67,ref_mean,-1,3.7237071990966797,3.948578357696533,False,0.00011538260878296569
-2,68,ref_mean,-1,4.822129726409912,8.28844928741455,False,0.0038587255403399467
-2,69,ref_mean,-1,4.168517112731934,6.694095611572266,False,0.007266490254551172
-2,70,ref_mean,-1,3.864898204803467,5.980926036834717,False,0.005064281634986401
-2,71,ref_mean,-1,0.8673366904258728,2.5124902725219727,True,0.30302587151527405
-2,72,ref_mean,-1,1.3622536659240723,1.7826755046844482,False,0.06665109097957611
-2,73,ref_mean,-1,0.3021506369113922,0.41110876202583313,True,0.41165125370025635
-2,74,ref_mean,-1,0.8059985637664795,1.8274009227752686,False,0.2153138965368271
-2,75,ref_mean,-1,2.7433409690856934,2.3980917930603027,False,0.0013678640825673938
-2,76,ref_mean,-1,2.202223777770996,8.391136169433594,False,0.1106577143073082
-2,77,ref_mean,-1,0.3774397373199463,0.8452069759368896,True,0.4114414155483246
-2,78,ref_mean,-1,2.5970277786254883,6.262992858886719,False,0.05497884005308151
-2,79,ref_mean,-1,1.3459850549697876,3.6085779666900635,True,0.24839012324810028
719,80,orig,-1,0.16340699791908264,0.20272254943847656,True,0.4393501877784729
728,81,orig,-1,0.02735556662082672,0.02459903247654438,False,0.3392918109893799
737,82,orig,-1,0.011507563292980194,0.011019591242074966,True,0.3349768817424774
746,83,orig,-1,0.010144762694835663,0.011116420850157738,True,0.6112617254257202
755,84,orig,-1,0.005268285982310772,0.004151542671024799,True,0.982001006603241
764,85,orig,-1,0.006078239995986223,0.006477781105786562,True,0.9027660489082336
773,86,orig,-1,0.021351341158151627,0.02254209853708744,True,0.10789380967617035
782,87,orig,-1,0.016390560194849968,0.016247281804680824,True,0.23794716596603394
791,88,orig,-1,0.008023589849472046,0.00822500977665186,True,0.255811870098114
800,89,orig,-1,0.06392152607440948,0.06425631791353226,True,0.1768616884946823
809,90,orig,-1,0.0019763947930186987,0.001822297926992178,True,0.530659556388855
818,91,orig,-1,0.05220148712396622,0.07263259589672089,True,0.54754239320755
827,92,orig,-1,0.13019032776355743,0.14493617415428162,False,0.07119996845722198
836,93,orig,-1,0.00029042307869531214,0.00027094566030427814,True,0.9967967867851257
845,94,orig,-1,0.023451225832104683,0.02573755383491516,True,0.290252149105072
854,95,orig,-1,0.02789648063480854,0.02657213993370533,True,0.20701931416988373
720,80,paraphrase,-1,0.1650172472000122,0.20415468513965607,True,0.4385557174682617
729,81,paraphrase,-1,0.022943077608942986,0.020729193463921547,True,0.3530806005001068
738,82,paraphrase,-1,0.013920634984970093,0.012907067313790321,True,0.354858934879303
747,83,paraphrase,-1,0.010607794858515263,0.011607129126787186,True,0.6087834239006042
756,84,paraphrase,-1,0.006273353472352028,0.004820598289370537,True,0.9825502038002014
765,85,paraphrase,-1,0.004211083520203829,0.004300722386687994,True,0.9054840803146362
774,86,paraphrase,-1,0.024314645677804947,0.025489037856459618,True,0.10360445082187653
783,87,paraphrase,-1,0.020664438605308533,0.01973292976617813,True,0.264747679233551
792,88,paraphrase,-1,0.016631174832582474,0.0173163004219532,True,0.24060508608818054
801,89,paraphrase,-1,0.05341276153922081,0.05319821089506149,True,0.17767716944217682
810,90,paraphrase,-1,0.001467189285904169,0.0014009473379701376,True,0.530614972114563
819,91,paraphrase,-1,0.059427227824926376,0.07870455086231232,True,0.5498741865158081
828,92,paraphrase,-1,0.1532837152481079,0.17508229613304138,False,0.0692938044667244
837,93,paraphrase,-1,0.0004216472734697163,0.000371132860891521,True,0.9970671534538269
846,94,paraphrase,-1,0.018090713769197464,0.019400179386138916,True,0.2948167324066162
855,95,paraphrase,-1,0.029690973460674286,0.02756907418370247,True,0.20338472723960876
721,80,translate,-1,0.1397647261619568,0.17474135756492615,True,0.4670945703983307
730,81,translate,-1,0.03623254597187042,0.03286540508270264,True,0.3801420032978058
739,82,translate,-1,0.019559122622013092,0.017757538706064224,True,0.36443617939949036
748,83,translate,-1,0.01142851635813713,0.01200728677213192,True,0.6118447184562683
757,84,translate,-1,0.0065589528530836105,0.005136838182806969,True,0.982315182685852
766,85,translate,-1,0.007368936203420162,0.010739196091890335,True,0.9017429351806641
775,86,translate,-1,0.020408160984516144,0.02178826369345188,True,0.11642798036336899
784,87,translate,-1,0.02061997726559639,0.01955205574631691,True,0.26033028960227966
793,88,translate,-1,0.012073969468474388,0.012043687514960766,True,0.24940572679042816
802,89,translate,-1,0.05562842637300491,0.05503220856189728,True,0.17920787632465363
811,90,translate,-1,0.002960509853437543,0.002926097484305501,True,0.4992939829826355
820,91,translate,-1,0.05660500377416611,0.07601775228977203,True,0.5368634462356567
829,92,translate,-1,0.13925370573997498,0.15226414799690247,False,0.06710372865200043
838,93,translate,-1,0.0004595833015628159,0.0004141927638556808,True,0.9969009160995483
847,94,translate,-1,0.02740304358303547,0.03107604756951332,True,0.2922920882701874
856,95,translate,-1,0.024958020076155663,0.023358188569545746,True,0.19896088540554047
722,80,polarity,-1,0.11680950224399567,0.14476484060287476,True,0.4930965006351471
731,81,polarity,-1,0.03488684073090553,0.030500009655952454,False,0.3435389995574951
740,82,polarity,-1,0.019152607768774033,0.01738336682319641,True,0.36646825075149536
749,83,polarity,-1,0.009052916429936886,0.009392134845256805,True,0.6096481084823608
758,84,polarity,-1,0.005864626262336969,0.004577509127557278,True,0.9822717905044556
767,85,polarity,-1,0.006104982458055019,0.006463414989411831,True,0.9029776453971863
776,86,polarity,-1,0.019843798130750656,0.020873064175248146,True,0.11074253916740417
785,87,polarity,-1,0.018513089045882225,0.01848658360540867,True,0.23772457242012024
794,88,polarity,-1,0.013212337158620358,0.013306614942848682,True,0.2502549886703491
803,89,polarity,-1,0.07575034350156784,0.07518316805362701,True,0.1600494682788849
812,90,polarity,-1,0.003363966476172209,0.0034024761989712715,True,0.4973331391811371
821,91,polarity,-1,0.06280618906021118,0.08890537172555923,True,0.529890239238739
830,92,polarity,-1,0.13078559935092926,0.14684918522834778,False,0.07172885537147522
839,93,polarity,-1,0.0002937481040135026,0.000273459852905944,True,0.9967864751815796
848,94,polarity,-1,0.030652688816189766,0.03460484743118286,True,0.29336419701576233
857,95,polarity,-1,0.028127767145633698,0.026324905455112457,True,0.20307771861553192
723,80,vocab,-1,0.13319352269172668,0.1623755544424057,True,0.4626331627368927
732,81,vocab,-1,0.8458881974220276,1.788530707359314,False,0.17306029796600342
741,82,vocab,-1,0.028309665620326996,0.02768399938941002,True,0.29072457551956177
750,83,vocab,-1,0.03276688978075981,0.036224596202373505,True,0.5529457926750183
759,84,vocab,-1,0.00889940932393074,0.0063810087740421295,True,0.9842140674591064
768,85,vocab,-1,0.012625009752810001,0.02227099984884262,True,0.8497976660728455
777,86,vocab,-1,0.030665813013911247,0.03187352418899536,True,0.09526470303535461
786,87,vocab,-1,0.04067700728774071,0.04135027155280113,True,0.2391582429409027
795,88,vocab,-1,0.4334736764431,0.560759425163269,False,0.11106319725513458
804,89,vocab,-1,0.046406567096710205,0.0481179840862751,True,0.2006164938211441
813,90,vocab,-1,0.006034275516867638,0.006181808188557625,True,0.49023863673210144
822,91,vocab,-1,0.0696091502904892,0.07757868617773056,True,0.45891454815864563
831,92,vocab,-1,0.2659373879432678,0.3226301968097687,True,0.06208479404449463
840,93,vocab,-1,0.00030866480665281415,0.00028181454399600625,True,0.9968864321708679
849,94,vocab,-1,0.017322160303592682,0.018209099769592285,True,0.2937447428703308
858,95,vocab,-1,0.047314535826444626,0.04467792063951492,True,0.1897866278886795
724,80,cat,-1,4.259862422943115,14.261324882507324,False,0.013460531830787659
733,81,cat,-1,4.2145256996154785,10.897260665893555,False,0.0017309595132246614
742,82,cat,-1,0.8727467060089111,2.6262106895446777,True,0.13956765830516815
751,83,cat,-1,8.642814636230469,16.33511734008789,False,0.00010860290785785764
760,84,cat,-1,10.905219078063965,12.777280807495117,False,1.2914753824588843e-05
769,85,cat,-1,1.454915165901184,6.8504414558410645,True,0.27939799427986145
778,86,cat,-1,2.7628424167633057,6.893433570861816,False,0.00914218183606863
787,87,cat,-1,2.5802104473114014,6.2689361572265625,False,0.024234522134065628
796,88,cat,-1,4.90037727355957,8.135049819946289,False,0.0010938827181234956
805,89,cat,-1,5.362048149108887,12.830084800720215,False,0.0025131304282695055
814,90,cat,-1,1.7295628786087036,4.765929698944092,False,0.1900315284729004
823,91,cat,-1,2.1360228061676025,11.01880931854248,False,0.08075954020023346
832,92,cat,-1,10.259256362915039,14.671521186828613,False,1.4509470247503486e-07
841,93,cat,-1,1.8680435419082642,13.669649124145508,False,0.15084238350391388
850,94,cat,-1,1.337857723236084,6.837723255157471,False,0.0419454500079155
859,95,cat,-1,4.663671493530273,10.693768501281738,False,0.00014667944924440235
725,80,shuffle,-1,0.20149552822113037,0.2541605234146118,True,0.41859501600265503
734,81,shuffle,-1,0.034499652683734894,0.030774276703596115,False,0.3480081260204315
743,82,shuffle,-1,0.017710063606500626,0.016434401273727417,True,0.33044180274009705
752,83,shuffle,-1,0.010648082941770554,0.01142640970647335,True,0.612078070640564
761,84,shuffle,-1,0.008815796114504337,0.006439827848225832,True,0.9857434630393982
770,85,shuffle,-1,0.00504032289609313,0.004884807858616114,True,0.9048590660095215
779,86,shuffle,-1,0.02103630267083645,0.021343210712075233,True,0.11657827347517014
788,87,shuffle,-1,0.01775755174458027,0.01796744391322136,True,0.232587069272995
797,88,shuffle,-1,0.01315911952406168,0.013906117528676987,True,0.23095254600048065
806,89,shuffle,-1,0.05302644893527031,0.05393010005354881,True,0.1853690892457962
815,90,shuffle,-1,0.0019785903859883547,0.0018502548336982727,True,0.5298954844474792
824,91,shuffle,-1,0.03826047480106354,0.04148723557591438,True,0.5547399520874023
833,92,shuffle,-1,0.14349570870399475,0.1671716421842575,False,0.07404377311468124
842,93,shuffle,-1,0.0002856734790839255,0.00026172184152528644,True,0.9968885779380798
851,94,shuffle,-1,0.025225240737199783,0.028756283223628998,True,0.29027748107910156
860,95,shuffle,-1,0.03207644820213318,0.029620537534356117,True,0.20331062376499176
726,80,unrelated,222,5.525758743286133,6.0437517166137695,False,0.0010899911867454648
735,81,unrelated,229,3.4130358695983887,6.488954544067383,False,0.006546830292791128
744,82,unrelated,72,5.638189315795898,7.609610080718994,False,0.00020678254077211022
753,83,unrelated,151,5.692195415496826,6.828697681427002,False,0.00026592938229441643
762,84,unrelated,198,10.61198902130127,9.55004596710205,False,1.6996649719658308e-05
771,85,unrelated,125,1.1828356981277466,4.451136112213135,True,0.36139413714408875
780,86,unrelated,104,5.508301258087158,8.147344589233398,False,5.1834060286637396e-05
789,87,unrelated,103,9.445209503173828,8.52985668182373,False,5.779240382253192e-06
798,88,unrelated,157,5.890270709991455,3.5888872146606445,False,5.3120787924854085e-05
807,89,unrelated,189,6.755145072937012,7.377388000488281,False,0.00016407544899266213
816,90,unrelated,63,9.333319664001465,13.322623252868652,False,1.027525377139682e-05
825,91,unrelated,89,1.7499268054962158,2.354851722717285,False,0.10907251387834549
834,92,unrelated,146,6.398362636566162,8.856545448303223,False,0.00010698751430027187
843,93,unrelated,98,10.38853931427002,11.028011322021484,False,2.9475826522684656e-05
852,94,unrelated,15,1.1928685903549194,2.4306702613830566,True,0.25845882296562195
861,95,unrelated,200,1.9461183547973633,3.279311418533325,False,0.06500335037708282
727,80,unrelated_token,222,0.28339657187461853,0.17962181568145752,True,0.8068902492523193
736,81,unrelated_token,229,3.3285140991210938,5.651324272155762,False,0.009103023447096348
745,82,unrelated_token,72,0.18926015496253967,0.15167105197906494,True,0.25742200016975403
754,83,unrelated_token,151,0.23300208151340485,0.2689683437347412,True,0.38981086015701294
763,84,unrelated_token,198,0.5793750882148743,1.4173805713653564,True,0.5193011164665222
772,85,unrelated_token,125,0.020717386156320572,0.028539657592773438,True,0.8350333571434021
781,86,unrelated_token,104,0.08994746953248978,0.08412985503673553,True,0.12840574979782104
790,87,unrelated_token,103,0.7569089531898499,1.1400468349456787,True,0.1815510392189026
799,88,unrelated_token,157,0.9454026222229004,2.9862709045410156,False,0.06689781695604324
808,89,unrelated_token,189,0.6918667554855347,1.0780495405197144,True,0.14900390803813934
817,90,unrelated_token,63,0.17888909578323364,0.15272364020347595,True,0.7736191749572754
826,91,unrelated_token,89,0.5350058078765869,0.6688429117202759,True,0.3638806641101837
835,92,unrelated_token,146,8.48950481414795,9.290176391601562,False,1.245236398972338e-05
844,93,unrelated_token,98,0.004124446306377649,0.008895408362150192,True,0.9903914928436279
853,94,unrelated_token,15,0.18567371368408203,0.24056223034858704,True,0.32664555311203003
862,95,unrelated_token,200,0.09162337332963943,0.08660795539617538,True,0.2184428572654724
-1,80,ref_identity,-1,0.0,0.0,True,0.6669098734855652
-1,81,ref_identity,-1,0.0,0.0,True,0.32924240827560425
-1,82,ref_identity,-1,0.0,0.0,True,0.325212687253952
-1,83,ref_identity,-1,0.0,0.0,True,0.6271503567695618
-1,84,ref_identity,-1,0.0,0.0,True,0.9693170189857483
-1,85,ref_identity,-1,0.0,0.0,True,0.8857460618019104
-1,86,ref_identity,-1,0.0,0.0,True,0.11848717927932739
-1,87,ref_identity,-1,0.0,0.0,True,0.23127417266368866
-1,88,ref_identity,-1,0.0,0.0,True,0.25359100103378296
-1,89,ref_identity,-1,0.0,0.0,True,0.2617824673652649
-1,90,ref_identity,-1,0.0,0.0,True,0.527577817440033
-1,91,ref_identity,-1,0.0,0.0,True,0.5656561851501465
-1,92,ref_identity,-1,0.0,0.0,True,0.1074247807264328
-1,93,ref_identity,-1,0.0,0.0,True,0.995796799659729
-1,94,ref_identity,-1,0.0,0.0,True,0.274742990732193
-1,95,ref_identity,-1,0.0,0.0,True,0.1503315418958664
-2,80,ref_mean,-1,0.8961238861083984,2.8504111766815186,True,0.46972402930259705
-2,81,ref_mean,-1,4.186683177947998,5.772727966308594,False,0.003130125580355525
-2,82,ref_mean,-1,0.3092685341835022,0.42099204659461975,True,0.18678994476795197
-2,83,ref_mean,-1,1.9348067045211792,4.177280426025391,False,0.048946257680654526
-2,84,ref_mean,-1,8.80299186706543,9.3233642578125,False,0.00011015168274752796
-2,85,ref_mean,-1,1.6772359609603882,6.207674980163574,True,0.1661851406097412
-2,86,ref_mean,-1,0.8552830815315247,0.6572737097740173,False,0.05201541632413864
-2,87,ref_mean,-1,1.0909301042556763,2.103238582611084,True,0.16237381100654602
-2,88,ref_mean,-1,4.568151950836182,6.998854637145996,False,0.0016878234455361962
-2,89,ref_mean,-1,1.3353102207183838,2.473029613494873,True,0.10389086604118347
-2,90,ref_mean,-1,1.5323818922042847,4.225734233856201,False,0.08170174807310104
-2,91,ref_mean,-1,0.8614503145217896,0.6283184885978699,True,0.32620787620544434
-2,92,ref_mean,-1,9.280869483947754,8.175139427185059,False,3.44612408298417e-06
-2,93,ref_mean,-1,0.6157185435295105,2.833343029022217,True,0.5285143256187439
-2,94,ref_mean,-1,1.4298847913742065,2.8505330085754395,False,0.06122489273548126
-2,95,ref_mean,-1,3.230670690536499,5.721029281616211,False,0.0011334590381011367
863,96,orig,-1,0.017075832933187485,0.014736037701368332,True,0.901572585105896
872,97,orig,-1,0.0017420612275600433,0.0021093441173434258,True,0.9478973150253296
881,98,orig,-1,0.014591610059142113,0.015820953994989395,True,0.3624264597892761
889,99,orig,-1,0.0027971824165433645,0.0031251239124685526,True,0.8997951149940491
898,100,orig,-1,0.04918593540787697,0.051014494150877,False,0.4620155990123749
907,101,orig,-1,0.031475190073251724,0.02875436469912529,True,0.39947980642318726
916,102,orig,-1,0.011638429947197437,0.0128674590960145,True,0.7443337440490723
925,103,orig,-1,0.06717433780431747,0.06878471374511719,True,0.6393862962722778
934,104,orig,-1,0.003037727903574705,0.0034572724252939224,True,0.9760844111442566
943,105,orig,-1,0.031057149171829224,0.02884930931031704,True,0.4332590699195862
952,106,orig,-1,0.0144814969971776,0.016742078587412834,True,0.6557121872901917
961,107,orig,-1,0.09604109823703766,0.1057840883731842,True,0.40993109345436096
970,108,orig,-1,0.04756312444806099,0.03939134627580643,True,0.5570324063301086
979,109,orig,-1,0.014887687750160694,0.015192843973636627,True,0.35558757185935974
988,110,orig,-1,8.135938696796075e-05,7.528209243901074e-05,True,0.9992295503616333
997,111,orig,-1,0.0024010040797293186,0.001471835421398282,True,0.997337281703949
864,96,paraphrase,-1,0.01718863844871521,0.014812853187322617,True,0.9026723504066467
873,97,paraphrase,-1,0.000939596095122397,0.0010686606401577592,True,0.9536092877388
882,98,paraphrase,-1,0.05572880804538727,0.07100028544664383,True,0.3174375891685486
890,99,paraphrase,-1,0.002214125357568264,0.0024331973399966955,True,0.9036847352981567
899,100,paraphrase,-1,0.07070737332105637,0.07317215949296951,False,0.4314076006412506
908,101,paraphrase,-1,0.04643654823303223,0.04128308966755867,True,0.38979238271713257
917,102,paraphrase,-1,0.005968081299215555,0.005973468534648418,True,0.7776300311088562
926,103,paraphrase,-1,0.05018676072359085,0.04733444005250931,True,0.6734399199485779
935,104,paraphrase,-1,0.0020020080264657736,0.0021433394867926836,True,0.9775456786155701
944,105,paraphrase,-1,0.03288564831018448,0.0315905325114727,True,0.4173983931541443
953,106,paraphrase,-1,0.009378221817314625,0.011568386107683182,True,0.6744922399520874
962,107,paraphrase,-1,0.0922643169760704,0.10220928490161896,True,0.411357045173645
971,108,paraphrase,-1,0.0669378861784935,0.05489266663789749,True,0.5913951396942139
980,109,paraphrase,-1,0.014558834955096245,0.014657050371170044,True,0.3519188165664673
989,110,paraphrase,-1,7.519299106206745e-05,6.689173460472375e-05,True,0.9992578625679016
998,111,paraphrase,-1,0.0026004777755588293,0.0015109681989997625,True,0.9975476861000061
865,96,translate,-1,0.008327055722475052,0.0075836703181266785,True,0.8855291604995728
874,97,translate,-1,0.0012023299932479858,0.0013889214023947716,True,0.9493474960327148
883,98,translate,-1,0.014401355758309364,0.015424966812133789,True,0.36150744557380676
891,99,translate,-1,0.0030690995045006275,0.0035077391657978296,True,0.8971384763717651
900,100,translate,-1,0.04976259544491768,0.052085619419813156,False,0.46146252751350403
909,101,translate,-1,0.019858192652463913,0.01851349137723446,True,0.39432939887046814
918,102,translate,-1,0.011194557882845402,0.01260402798652649,True,0.7520961761474609
927,103,translate,-1,0.052625857293605804,0.04968641698360443,True,0.6681532859802246
936,104,translate,-1,0.0024505113251507282,0.0027402902487665415,True,0.9768379926681519
945,105,translate,-1,0.02464839443564415,0.02271791361272335,True,0.4021439850330353
954,106,translate,-1,0.009371636435389519,0.010910393670201302,True,0.678269624710083
963,107,translate,-1,0.09196382015943527,0.10243837535381317,True,0.42328667640686035
972,108,translate,-1,0.0677381083369255,0.055478453636169434,True,0.5916500687599182
981,109,translate,-1,0.022387318313121796,0.022826997563242912,True,0.3333559036254883
990,110,translate,-1,0.00010471475980011746,0.00010522919183131307,True,0.9991258978843689
999,111,translate,-1,0.0018501363229006529,0.0011808574199676514,True,0.9973311424255371
866,96,polarity,-1,0.010734010487794876,0.00957474485039711,True,0.8903725147247314
875,97,polarity,-1,0.0011383529054000974,0.001359701156616211,True,0.9529260396957397
884,98,polarity,-1,0.01822350174188614,0.02011709287762642,True,0.3455348014831543
892,99,polarity,-1,0.0024252706207334995,0.002486126497387886,True,0.9095349311828613
901,100,polarity,-1,0.07148858904838562,0.07447302341461182,False,0.4304959774017334
910,101,polarity,-1,0.03380987048149109,0.03220760077238083,True,0.3707517385482788
919,102,polarity,-1,0.00841545034199953,0.009305442683398724,True,0.7547075748443604
928,103,polarity,-1,0.06863880157470703,0.06834176927804947,True,0.6427928805351257
937,104,polarity,-1,0.002880539745092392,0.0033852937631309032,True,0.974631130695343
946,105,polarity,-1,0.029858121648430824,0.02733439952135086,True,0.42663538455963135
955,106,polarity,-1,0.014635315164923668,0.017423491925001144,True,0.6566331386566162
964,107,polarity,-1,0.09156690537929535,0.10111480951309204,True,0.4129842519760132
973,108,polarity,-1,0.060213178396224976,0.050105981528759,True,0.581716001033783
982,109,polarity,-1,0.010170645080506802,0.010550258681178093,True,0.3693176507949829
991,110,polarity,-1,8.689065725775436e-05,7.691303471801803e-05,True,0.9992565512657166
1000,111,polarity,-1,0.0024817727971822023,0.0014696866273880005,True,0.9973942041397095
867,96,vocab,-1,0.01906195655465126,0.02355031669139862,True,0.8788053393363953
876,97,vocab,-1,0.003946913406252861,0.0063326116651296616,True,0.9465494751930237
885,98,vocab,-1,0.07638738304376602,0.09281285107135773,True,0.2816895544528961
893,99,vocab,-1,0.005786206107586622,0.006629297975450754,True,0.8936132192611694
902,100,vocab,-1,0.05377428978681564,0.09402541071176529,False,0.4799651801586151
911,101,vocab,-1,0.05238347873091698,0.050276197493076324,False,0.35240331292152405
920,102,vocab,-1,0.09713304042816162,0.1160360723733902,True,0.5974575281143188
929,103,vocab,-1,0.0759262666106224,0.08357110619544983,True,0.6189188361167908
938,104,vocab,-1,0.0036987755447626114,0.002889198251068592,True,0.9811262488365173
947,105,vocab,-1,0.04989917576313019,0.05426274612545967,True,0.40685003995895386
956,106,vocab,-1,0.020570948719978333,0.024269964545965195,True,0.6372649073600769
965,107,vocab,-1,0.1524057388305664,0.1657949537038803,True,0.33845579624176025
974,108,vocab,-1,0.06424079090356827,0.05170600116252899,True,0.5791576504707336
983,109,vocab,-1,0.13929378986358643,0.1540198177099228,False,0.23014600574970245
992,110,vocab,-1,0.0003108774544671178,0.0004462871584109962,True,0.9985163807868958
1001,111,vocab,-1,0.000612662872299552,0.0005190676893107593,True,0.9963973164558411
868,96,cat,-1,8.537993431091309,17.694612503051758,False,9.856687393039465e-05
877,97,cat,-1,0.038429539650678635,0.08331489562988281,True,0.918301522731781
886,98,cat,-1,3.644143581390381,8.839493751525879,False,0.009767143055796623
894,99,cat,-1,2.2617175579071045,13.819331169128418,False,0.09663286805152893
903,100,cat,-1,4.857695579528809,11.747133255004883,False,0.002231941092759371
912,101,cat,-1,6.024895668029785,11.216680526733398,False,0.007314589805901051
921,102,cat,-1,10.746580123901367,13.68284797668457,False,4.674207957577892e-06
930,103,cat,-1,2.3278896808624268,5.472264766693115,False,0.049214962869882584
939,104,cat,-1,9.591887474060059,14.56832218170166,False,6.0151789512019604e-05
948,105,cat,-1,5.022058010101318,10.462648391723633,False,0.0038403950165957212
957,106,cat,-1,1.124086618423462,3.8259644508361816,True,0.21923106908798218
966,107,cat,-1,5.993864059448242,12.660627365112305,False,0.0001912427687784657
975,108,cat,-1,3.321058988571167,9.06513786315918,False,0.004449641332030296
984,109,cat,-1,2.885219097137451,11.012140274047852,False,0.009659440256655216
993,110,cat,-1,0.6053052544593811,6.241291522979736,True,0.5437147617340088
1002,111,cat,-1,5.969049453735352,9.984710693359375,False,0.0024820638354867697
869,96,shuffle,-1,0.02090906724333763,0.017591752111911774,True,0.9048159122467041
878,97,shuffle,-1,0.0017975339433178306,0.0022813326213508844,True,0.9518621563911438
887,98,shuffle,-1,0.023423923179507256,0.023682575672864914,True,0.3673851490020752
895,99,shuffle,-1,0.0024523138999938965,0.0024558906443417072,True,0.9110304713249207
904,100,shuffle,-1,0.12558215856552124,0.1279306709766388,False,0.3709512948989868
913,101,shuffle,-1,0.03203272074460983,0.030049148947000504,True,0.3756215274333954
922,102,shuffle,-1,0.0035142896231263876,0.003538908204063773,True,0.7854575514793396
931,103,shuffle,-1,0.052195943892002106,0.049899883568286896,True,0.6682175993919373
940,104,shuffle,-1,0.002314712153747678,0.0026001587975770235,True,0.9762303829193115
949,105,shuffle,-1,0.0322406068444252,0.029713407158851624,True,0.433010071516037
958,106,shuffle,-1,0.02353975921869278,0.02794974111020565,True,0.6300965547561646
967,107,shuffle,-1,0.09598692506551743,0.10147996246814728,True,0.3935180902481079
976,108,shuffle,-1,0.049239207059144974,0.040890660136938095,True,0.5642368793487549
985,109,shuffle,-1,0.015618902631103992,0.016437526792287827,True,0.3619433045387268
994,110,shuffle,-1,8.545270975446329e-05,6.333718192763627e-05,True,0.9993341565132141
1003,111,shuffle,-1,0.001120785716921091,0.0008359539206139743,True,0.997190535068512
870,96,unrelated,43,4.801546096801758,8.772320747375488,False,0.008668418973684311
879,97,unrelated,60,8.912287712097168,10.605193138122559,False,0.00011266721412539482
888,98,unrelated,116,0.17159374058246613,0.2141071856021881,True,0.4201812148094177
896,99,unrelated,255,3.9195456504821777,13.010115623474121,False,0.01732083410024643
905,100,unrelated,203,4.299506187438965,11.275374412536621,False,0.02128961868584156
914,101,unrelated,13,0.11517737805843353,0.16513356566429138,True,0.35212355852127075
923,102,unrelated,141,5.718707084655762,5.768150806427002,False,0.0006146135274320841
932,103,unrelated,192,1.7696220874786377,4.930235385894775,False,0.10404593497514725
941,104,unrelated,221,8.298234939575195,9.291214942932129,False,0.000215488689718768
950,105,unrelated,51,2.3613555431365967,2.184062957763672,False,0.040857963263988495
959,106,unrelated,136,5.117960453033447,10.596012115478516,False,0.0026010689325630665
968,107,unrelated,129,6.261636734008789,8.492700576782227,False,0.0003580251068342477
977,108,unrelated,245,4.555842399597168,7.0497822761535645,False,0.004957988858222961
986,109,unrelated,153,7.9578070640563965,9.079036712646484,False,0.00011415576591389254
995,110,unrelated,109,1.736250400543213,8.594436645507812,True,0.1753014624118805
1004,111,unrelated,22,18.06928253173828,17.940444946289062,False,1.3592254433092421e-08
871,96,unrelated_token,43,2.0909945964813232,3.623812675476074,False,0.08645377308130264
880,97,unrelated_token,60,0.017963044345378876,0.02463257685303688,True,0.9287526607513428
-1,98,ref_identity,-1,0.0,0.0,True,0.40053591132164
897,99,unrelated_token,255,0.10830260068178177,0.2080409824848175,True,0.7600150108337402
906,100,unrelated_token,203,0.4636397063732147,1.8953380584716797,True,0.3787468373775482
915,101,unrelated_token,13,0.049636807292699814,0.044453054666519165,True,0.4094752371311188
924,102,unrelated_token,141,0.16472038626670837,0.2252478301525116,True,0.573696494102478
933,103,unrelated_token,192,0.2151331752538681,0.25241219997406006,True,0.47968825697898865
942,104,unrelated_token,221,0.017216291278600693,0.008811219595372677,True,0.9921553730964661
951,105,unrelated_token,51,0.5658823251724243,0.6943696737289429,True,0.19975504279136658
960,106,unrelated_token,136,0.03869974613189697,0.03616201505064964,True,0.7559792399406433
969,107,unrelated_token,129,0.9624545574188232,1.3050963878631592,False,0.1028195470571518
978,108,unrelated_token,245,0.39496904611587524,0.2469376027584076,True,0.7548989057540894
987,109,unrelated_token,153,0.36699503660202026,0.6418576240539551,True,0.3219298720359802
996,110,unrelated_token,109,0.0013244980946183205,0.0010631632758304477,True,0.9996609687805176
1005,111,unrelated_token,22,0.010042720474302769,0.02326715923845768,True,0.9866918921470642
-1,96,ref_identity,-1,0.0,0.0,True,0.846897542476654
-1,97,ref_identity,-1,0.0,0.0,True,0.9565191864967346
-2,98,ref_mean,-1,0.5785501599311829,1.94736647605896,True,0.1936948150396347
-1,99,ref_identity,-1,0.0,0.0,True,0.9092896580696106
-1,100,ref_identity,-1,0.0,0.0,True,0.6165226101875305
-1,101,ref_identity,-1,0.0,0.0,True,0.38718366622924805
-1,102,ref_identity,-1,0.0,0.0,True,0.7945466637611389
-1,103,ref_identity,-1,0.0,0.0,True,0.7700201272964478
-1,104,ref_identity,-1,0.0,0.0,True,0.979862630367279
-1,105,ref_identity,-1,0.0,0.0,True,0.385173499584198
-1,106,ref_identity,-1,0.0,0.0,True,0.7188526391983032
-1,107,ref_identity,-1,0.0,0.0,True,0.5761728882789612
-1,108,ref_identity,-1,0.0,0.0,True,0.4706018567085266
-1,109,ref_identity,-1,0.0,0.0,True,0.4271373152732849
-1,110,ref_identity,-1,0.0,0.0,True,0.9992772936820984
-1,111,ref_identity,-1,0.0,0.0,True,0.9952394962310791
-2,96,ref_mean,-1,3.426006555557251,8.657686233520508,False,0.025882810354232788
-2,97,ref_mean,-1,1.012547254562378,4.227067470550537,True,0.3411073684692383
-2,99,ref_mean,-1,0.17020951211452484,0.5031854510307312,True,0.7482194900512695
-2,100,ref_mean,-1,2.84647274017334,10.380552291870117,False,0.050730444490909576
-2,101,ref_mean,-1,6.813876152038574,9.460756301879883,False,0.0013220250839367509
-2,102,ref_mean,-1,4.968533992767334,7.979189872741699,False,0.0027331567835062742
-2,103,ref_mean,-1,1.541248083114624,4.2430596351623535,False,0.18932361900806427
-2,104,ref_mean,-1,5.192291259765625,9.761919021606445,False,0.004974736366420984
-2,105,ref_mean,-1,2.423642873764038,3.0412566661834717,False,0.02882457710802555
-2,106,ref_mean,-1,0.3368327021598816,1.844875454902649,True,0.5193548202514648
-2,107,ref_mean,-1,1.9535760879516602,2.3942205905914307,False,0.021565398201346397
-2,108,ref_mean,-1,0.5899630188941956,1.2959024906158447,True,0.47317445278167725
-2,109,ref_mean,-1,1.4018210172653198,2.8508565425872803,False,0.0798882246017456
-2,110,ref_mean,-1,0.9197790622711182,6.579776287078857,True,0.3970992863178253
-2,111,ref_mean,-1,15.418402671813965,9.363638877868652,False,1.932448725483482e-07
1006,112,orig,-1,0.0032547912560403347,0.0027812973130494356,True,0.950434148311615
1015,113,orig,-1,0.0008115912787616253,0.0013203013222664595,True,0.9973844885826111
1024,114,orig,-1,0.04424934461712837,0.03912017121911049,True,0.34490373730659485
1033,115,orig,-1,0.011326463893055916,0.010416676290333271,True,0.6100504398345947
1042,116,orig,-1,0.08988451957702637,0.0928073525428772,False,0.4237256646156311
1051,117,orig,-1,0.006782873999327421,0.006634758785367012,True,0.8228236436843872
1060,118,orig,-1,0.16087600588798523,0.1665424406528473,True,0.14497578144073486
1069,119,orig,-1,0.018232721835374832,0.018881551921367645,True,0.7243273854255676
1078,120,orig,-1,0.004704078659415245,0.0057818349450826645,True,0.6399333477020264
1087,121,orig,-1,0.11138999462127686,0.10430984199047089,True,0.3188798129558563
1096,122,orig,-1,0.11519235372543335,0.1012912169098854,False,0.032883621752262115
1105,123,orig,-1,0.09312900900840759,0.10504648834466934,True,0.14720739424228668
1114,124,orig,-1,0.016084514558315277,0.014780537225306034,True,0.576664388179779
1123,125,orig,-1,0.0069018397480249405,0.007324274629354477,True,0.4900839626789093
1132,126,orig,-1,5.994098501105327e-06,6.187721737660468e-06,True,0.9997990727424622
1141,127,orig,-1,0.07440221309661865,0.07404744625091553,True,0.4765683114528656
1007,112,paraphrase,-1,0.0043470598757267,0.0035046725533902645,True,0.9553136229515076
1016,113,paraphrase,-1,0.0018544172635301948,0.00349637633189559,True,0.9960877895355225
1025,114,paraphrase,-1,0.05022734776139259,0.047168344259262085,True,0.3142301142215729
1034,115,paraphrase,-1,0.009349437430500984,0.008206016384065151,True,0.5884588956832886
1043,116,paraphrase,-1,0.06756441295146942,0.07028540968894958,True,0.4505709111690521
1052,117,paraphrase,-1,0.009773014113307,0.010349327698349953,True,0.8045008778572083
1061,118,paraphrase,-1,0.10675555467605591,0.11564125865697861,True,0.16515611112117767
1070,119,paraphrase,-1,0.011855223216116428,0.011744344606995583,True,0.7103834748268127
1079,120,paraphrase,-1,0.0059076594188809395,0.00688519049435854,True,0.6346690654754639
1088,121,paraphrase,-1,0.1192501038312912,0.10898540914058685,True,0.30105602741241455
1097,122,paraphrase,-1,0.11570242047309875,0.1011037677526474,False,0.03298049420118332
1106,123,paraphrase,-1,0.1056806892156601,0.12012552469968796,True,0.15519069135189056
1115,124,paraphrase,-1,0.014794318936765194,0.014461466111242771,True,0.5606486797332764
1124,125,paraphrase,-1,0.0072510819882154465,0.007629030384123325,True,0.4793570935726166
1133,126,paraphrase,-1,5.541852260648739e-06,5.334015440894291e-06,True,0.9997996687889099
1142,127,paraphrase,-1,0.07682792842388153,0.07394613325595856,True,0.4916057288646698
1008,112,translate,-1,0.0033314558677375317,0.0028406670317053795,True,0.946844220161438
1017,113,translate,-1,0.0006519476301036775,0.0010202407138422132,True,0.9976945519447327
1026,114,translate,-1,0.03617314621806145,0.03342751786112785,True,0.32087570428848267
1035,115,translate,-1,0.01012661587446928,0.009245038032531738,True,0.5985068082809448
1044,116,translate,-1,0.06837740540504456,0.07081404328346252,True,0.4486369788646698
1053,117,translate,-1,0.013396562077105045,0.015161906369030476,True,0.7896286249160767
1062,118,translate,-1,0.16389009356498718,0.1688503623008728,True,0.1464402973651886
1071,119,translate,-1,0.01786758378148079,0.017859552055597305,True,0.7056459784507751
1080,120,translate,-1,0.007143393158912659,0.008452321402728558,True,0.6243133544921875
1089,121,translate,-1,0.26527997851371765,0.23225468397140503,True,0.3482658267021179
1098,122,translate,-1,0.11319301277399063,0.09980704635381699,False,0.03342926502227783
1107,123,translate,-1,0.1518353670835495,0.17902132868766785,False,0.14630070328712463
1116,124,translate,-1,0.017325187101960182,0.016627494245767593,True,0.5501673817634583
1125,125,translate,-1,0.0066474564373493195,0.006956143770366907,True,0.4814434349536896
1134,126,translate,-1,6.217284408194246e-06,8.053372766880784e-06,True,0.9997836947441101
1143,127,translate,-1,0.06100460886955261,0.0574004165828228,True,0.46673673391342163
1009,112,polarity,-1,0.003648573998361826,0.0030078364070504904,True,0.9536985754966736
1018,113,polarity,-1,0.0009611995192244649,0.0016085875686258078,True,0.9971526861190796
1027,114,polarity,-1,0.04046383500099182,0.037596505135297775,True,0.32524406909942627
1036,115,polarity,-1,0.017796389758586884,0.015596135519444942,True,0.6226940155029297
1045,116,polarity,-1,0.034086644649505615,0.03574368357658386,True,0.5067861676216125
1054,117,polarity,-1,0.004633354488760233,0.004258542321622372,True,0.8410788774490356
1063,118,polarity,-1,0.14474311470985413,0.152347132563591,True,0.15398599207401276
1072,119,polarity,-1,0.0068036094307899475,0.00695576798170805,True,0.7136165499687195
1081,120,polarity,-1,0.005595118273049593,0.006499347742646933,True,0.6300367712974548
1090,121,polarity,-1,0.11869873851537704,0.1108669564127922,True,0.31429195404052734
1099,122,polarity,-1,0.13806089758872986,0.11936108767986298,False,0.028184298425912857
1108,123,polarity,-1,0.04724154621362686,0.047839272767305374,True,0.15086330473423004
1117,124,polarity,-1,0.01748962700366974,0.016005955636501312,True,0.5795493125915527
1126,125,polarity,-1,0.01077534630894661,0.011355845257639885,True,0.46560126543045044
1135,126,polarity,-1,4.517229172051884e-06,5.346943453332642e-06,True,0.9997816681861877
1144,127,polarity,-1,0.05505853518843651,0.05228624865412712,True,0.4670434296131134
1010,112,vocab,-1,0.006215252447873354,0.0048548318445682526,True,0.956451952457428
1019,113,vocab,-1,0.0010098370257765055,0.0016613078769296408,True,0.9969706535339355
1028,114,vocab,-1,0.037126366049051285,0.03369755297899246,True,0.3014698922634125
1037,115,vocab,-1,0.023748790845274925,0.021896986290812492,True,0.596642255783081
1046,116,vocab,-1,0.06367740035057068,0.06647346913814545,True,0.4578055143356323
1055,117,vocab,-1,0.15346236526966095,0.24815383553504944,True,0.6114621758460999
1064,118,vocab,-1,0.11775995045900345,0.120881088078022,True,0.15808932483196259
1073,119,vocab,-1,0.012722358107566833,0.011991746723651886,True,0.7796791791915894
1082,120,vocab,-1,0.011518063023686409,0.012696713209152222,True,0.663303792476654
1091,121,vocab,-1,0.07836567610502243,0.07814693450927734,True,0.25457242131233215
1100,122,vocab,-1,0.2301458865404129,0.21358954906463623,False,0.027871446684002876
1109,123,vocab,-1,0.09640248864889145,0.09762373566627502,False,0.11661753058433533
1118,124,vocab,-1,0.030205491930246353,0.03532624989748001,True,0.5318998694419861
1127,125,vocab,-1,0.012792954221367836,0.013658829964697361,True,0.46083876490592957
1136,126,vocab,-1,1.0044640475825872e-05,1.4138426195131615e-05,True,0.9997513890266418
1145,127,vocab,-1,0.06878168880939484,0.053318072110414505,True,0.40610504150390625
1011,112,cat,-1,0.010291827842593193,0.010793846100568771,True,0.9355599880218506
1020,113,cat,-1,4.528057098388672,9.97839069366455,False,0.010682276450097561
1029,114,cat,-1,0.037760116159915924,0.036413442343473434,True,0.2788369357585907
1038,115,cat,-1,2.89210844039917,13.594034194946289,False,0.03297766298055649
1047,116,cat,-1,1.8226661682128906,2.1505367755889893,False,0.3349994122982025
1056,117,cat,-1,6.8931169509887695,9.855865478515625,False,0.0004269059281796217
1065,118,cat,-1,5.2892303466796875,7.395451545715332,False,0.0161945391446352
1074,119,cat,-1,6.699728012084961,7.841919422149658,False,0.0006708689616061747
1083,120,cat,-1,2.1046202182769775,10.0501708984375,False,0.07470749318599701
1092,121,cat,-1,8.450395584106445,13.701286315917969,False,4.4947300921194255e-06
1101,122,cat,-1,5.3488593101501465,10.192450523376465,False,6.027280505804811e-06
1110,123,cat,-1,0.5856061577796936,1.5378767251968384,True,0.15635892748832703
1119,124,cat,-1,1.1949563026428223,3.867131471633911,True,0.14637954533100128
1128,125,cat,-1,1.345457911491394,3.6140708923339844,False,0.09096124768257141
1137,126,cat,-1,2.342210531234741,12.452834129333496,False,0.09596265107393265
1146,127,cat,-1,2.7913784980773926,7.4784135818481445,False,0.11508896946907043
1012,112,shuffle,-1,0.0021043657325208187,0.0018186081433668733,True,0.9473801851272583
1021,113,shuffle,-1,0.00032309687230736017,0.00045055412920191884,True,0.9981594681739807
1030,114,shuffle,-1,0.03804067522287369,0.034347254782915115,True,0.3451826572418213
1039,115,shuffle,-1,0.026935886591672897,0.021592192351818085,True,0.6136235594749451
1048,116,shuffle,-1,0.06774286925792694,0.07011708617210388,True,0.45137837529182434
1057,117,shuffle,-1,0.008412845432758331,0.0103186946362257,True,0.8146977424621582
1066,118,shuffle,-1,0.13615897297859192,0.14035919308662415,True,0.1551220417022705
1075,119,shuffle,-1,0.012503758072853088,0.0122086051851511,True,0.7109687924385071
1084,120,shuffle,-1,0.00534003134816885,0.0062003061175346375,True,0.6364707350730896
1093,121,shuffle,-1,0.038804102689027786,0.03607974201440811,True,0.2633225619792938
1102,122,shuffle,-1,0.12593349814414978,0.10997260361909866,False,0.030975598841905594
1111,123,shuffle,-1,0.07516472041606903,0.08167270570993423,True,0.15116049349308014
1120,124,shuffle,-1,0.013446833938360214,0.012344743125140667,True,0.5782000422477722
1129,125,shuffle,-1,0.013156691566109657,0.013849307782948017,True,0.4595910906791687
1138,126,shuffle,-1,1.1159742825839203e-05,1.0272869985783473e-05,True,0.9998232126235962
1147,127,shuffle,-1,0.04307713732123375,0.04162484407424927,True,0.4445667862892151
1013,112,unrelated,159,4.148825645446777,11.022939682006836,False,0.01268260832875967
1022,113,unrelated,6,5.20716667175293,9.828740119934082,False,0.0054201423190534115
1031,114,unrelated,180,3.265899419784546,8.66813850402832,False,0.03519816696643829
1040,115,unrelated,150,6.56850528717041,5.2355523109436035,False,0.00013640329416375607
1049,116,unrelated,242,4.381603240966797,13.11254596710205,False,0.10063831508159637
1058,117,unrelated,14,10.054974555969238,6.934471130371094,False,1.3816938917443622e-05
1067,118,unrelated,123,6.832454681396484,9.088093757629395,False,0.002729062456637621
1076,119,unrelated,219,1.022600769996643,4.593548774719238,False,0.27268415689468384
1085,120,unrelated,167,6.966829299926758,8.137558937072754,False,0.0005244943895377219
1094,121,unrelated,177,8.129280090332031,11.381901741027832,False,6.687940913252532e-05
1103,122,unrelated,174,7.538395404815674,7.672945022583008,False,7.158862899814267e-06
1112,123,unrelated,37,6.8914875984191895,5.2941508293151855,False,3.858073796436656e-06
1121,124,unrelated,139,6.93947696685791,9.304481506347656,False,0.00017309356189798564
1130,125,unrelated,19,0.32500264048576355,0.5082858204841614,False,0.266018807888031
1139,126,unrelated,236,2.466862440109253,12.27215576171875,True,0.08475137501955032
1148,127,unrelated,184,3.9843926429748535,7.177079677581787,False,0.001435934449546039
1014,112,unrelated_token,159,1.9476412534713745,4.97449254989624,False,0.11947955936193466
1023,113,unrelated_token,6,0.007039885967969894,0.023371029645204544,True,0.9904266595840454
1032,114,unrelated_token,180,0.19522249698638916,0.18562617897987366,True,0.31876426935195923
1041,115,unrelated_token,150,0.14799873530864716,0.18883319199085236,True,0.656890332698822
1050,116,unrelated_token,242,0.12349101901054382,0.154692605137825,True,0.41477635502815247
1059,117,unrelated_token,14,0.7513646483421326,1.2291654348373413,True,0.3539392948150635
1068,118,unrelated_token,123,0.09578316658735275,0.09859918802976608,True,0.24772295355796814
1077,119,unrelated_token,219,0.022811677306890488,0.022431405261158943,True,0.7080652713775635
1086,120,unrelated_token,167,0.08013539016246796,0.058240603655576706,True,0.7487344145774841
1095,121,unrelated_token,177,0.44946953654289246,0.3344571888446808,False,0.041405703872442245
1104,122,unrelated_token,174,0.7519880533218384,0.6502825021743774,False,0.011498907580971718
1113,123,unrelated_token,37,1.305224895477295,0.8470840454101562,False,0.10219482332468033
1122,124,unrelated_token,139,0.06296601891517639,0.056434787809848785,True,0.5178423523902893
1131,125,unrelated_token,19,0.12500877678394318,0.1528913825750351,True,0.3535350561141968
1140,126,unrelated_token,236,0.00021727560670115054,0.0007043126388452947,True,0.9994708895683289
1149,127,unrelated_token,184,0.14928320050239563,0.09002560377120972,True,0.46604281663894653
-1,112,ref_identity,-1,0.0,0.0,True,0.9422754645347595
-1,113,ref_identity,-1,0.0,0.0,True,0.9989442229270935
-1,114,ref_identity,-1,0.0,0.0,True,0.31000182032585144
-1,115,ref_identity,-1,0.0,0.0,True,0.5693065524101257
-1,116,ref_identity,-1,0.0,0.0,True,0.6285221576690674
-1,117,ref_identity,-1,0.0,0.0,True,0.8320314288139343
-1,118,ref_identity,-1,0.0,0.0,True,0.27696144580841064
-1,119,ref_identity,-1,0.0,0.0,True,0.7272831797599792
-1,120,ref_identity,-1,0.0,0.0,True,0.6542035937309265
-1,121,ref_identity,-1,0.0,0.0,True,0.20598773658275604
-1,122,ref_identity,-1,0.0,0.0,True,0.11530055850744247
-1,123,ref_identity,-1,0.0,0.0,True,0.20461300015449524
-1,124,ref_identity,-1,0.0,0.0,True,0.5643326044082642
-1,125,ref_identity,-1,0.0,0.0,True,0.5254596471786499
-1,126,ref_identity,-1,0.0,0.0,True,0.9997822642326355
-1,127,ref_identity,-1,0.0,0.0,True,0.41328322887420654
-2,112,ref_mean,-1,3.084904193878174,3.8239169120788574,False,0.0336521677672863
-2,113,ref_mean,-1,3.675050973892212,10.039678573608398,False,0.02510695531964302
-2,114,ref_mean,-1,6.374512195587158,9.007753372192383,False,0.0006659793434664607
-2,115,ref_mean,-1,0.3479492962360382,0.7767190933227539,True,0.4418178200721741
-2,116,ref_mean,-1,0.29385676980018616,1.8148003816604614,True,0.3966464698314667
-2,117,ref_mean,-1,5.058531284332275,4.970451831817627,False,0.0035702779423445463
-2,118,ref_mean,-1,2.5766658782958984,5.138779163360596,False,0.022029491141438484
-2,119,ref_mean,-1,0.20526565611362457,0.9970332980155945,True,0.5135201215744019
-2,120,ref_mean,-1,0.5629516243934631,1.9374629259109497,True,0.34777945280075073
-2,121,ref_mean,-1,1.8676905632019043,4.667795658111572,False,0.011057722382247448
-2,122,ref_mean,-1,1.7133727073669434,2.37347674369812,False,0.01122495997697115
-2,123,ref_mean,-1,1.0883829593658447,2.4454538822174072,False,0.07323447614908218
-2,124,ref_mean,-1,0.3895418345928192,0.6434224247932434,True,0.2971130311489105
-2,125,ref_mean,-1,0.20005403459072113,0.2296944558620453,True,0.26186832785606384
-2,126,ref_mean,-1,2.89117431640625,12.056747436523438,False,0.05542834475636482
-2,127,ref_mean,-1,1.26864492893219,6.876773357391357,False,0.09839791804552078
1150,128,orig,-1,0.013634705916047096,0.013399177230894566,True,0.1965380311012268
1159,129,orig,-1,0.04230122268199921,0.03888531029224396,True,0.772210955619812
1168,130,orig,-1,0.006169088184833527,0.0075702667236328125,True,0.5887275338172913
1177,131,orig,-1,0.0021590120159089565,0.0021987194195389748,True,0.43957948684692383
1186,132,orig,-1,2.8800537620554678e-05,2.5816621928242967e-05,True,0.9994237422943115
1195,133,orig,-1,0.006019389256834984,0.006413400638848543,True,0.7197060585021973
1204,134,orig,-1,0.023990768939256668,0.02309451252222061,False,0.16202981770038605
1213,135,orig,-1,0.15405872464179993,0.11464875191450119,True,0.8232274651527405
1222,136,orig,-1,0.027521690353751183,0.028627855703234673,True,0.43609026074409485
1231,137,orig,-1,0.002141634002327919,0.0021688714623451233,True,0.6823288798332214
1240,138,orig,-1,0.012426244094967842,0.012408499605953693,True,0.14472979307174683
1249,139,orig,-1,0.05832985043525696,0.05334719642996788,False,0.2487923800945282
1258,140,orig,-1,0.015121718868613243,0.01896682381629944,True,0.9024838209152222
1267,141,orig,-1,0.021289696916937828,0.01884414255619049,True,0.6203519105911255
1276,142,orig,-1,0.07818834483623505,0.07511657476425171,True,0.3010813593864441
1285,143,orig,-1,0.019956009462475777,0.020714644342660904,True,0.38032931089401245
1151,128,paraphrase,-1,0.016530174762010574,0.015974149107933044,True,0.2045348435640335
1160,129,paraphrase,-1,0.04042845591902733,0.037392508238554,True,0.7653738856315613
1169,130,paraphrase,-1,0.00821826420724392,0.009734299965202808,True,0.5635190010070801
1178,131,paraphrase,-1,0.0031014196574687958,0.0031502265483140945,True,0.4300755560398102
1187,132,paraphrase,-1,2.9255097615532577e-05,2.325888090126682e-05,True,0.9994661211967468
1196,133,paraphrase,-1,0.008321993984282017,0.008913297206163406,True,0.7147715091705322
1205,134,paraphrase,-1,0.031058626249432564,0.027090350165963173,False,0.16078215837478638
1214,135,paraphrase,-1,0.14389728009700775,0.1072738841176033,True,0.8288944363594055
1223,136,paraphrase,-1,0.017469234764575958,0.01828674040734768,True,0.46533581614494324
1232,137,paraphrase,-1,0.000643837614916265,0.0006385898450389504,True,0.7049610614776611
1241,138,paraphrase,-1,0.013195555657148361,0.013070816174149513,True,0.14940528571605682
1250,139,paraphrase,-1,0.06734003126621246,0.060321543365716934,False,0.2755587697029114
1259,140,paraphrase,-1,0.020718909800052643,0.026835240423679352,True,0.8927667737007141
1268,141,paraphrase,-1,0.015528831630945206,0.014147600159049034,True,0.6213594675064087
1277,142,paraphrase,-1,0.07612813264131546,0.0721401795744896,True,0.30164241790771484
1286,143,paraphrase,-1,0.02717561088502407,0.028338123112916946,True,0.37985268235206604
1152,128,translate,-1,0.012235536240041256,0.012143125757575035,True,0.18232716619968414
1161,129,translate,-1,0.04334551468491554,0.03952881321310997,True,0.7732018828392029
1170,130,translate,-1,0.0026805533561855555,0.002680234145373106,True,0.6248044371604919
1179,131,translate,-1,0.0030847983434796333,0.0031296079978346825,True,0.4300273060798645
1188,132,translate,-1,2.9557180823758245e-05,2.6933652407024056e-05,True,0.9993941783905029
1197,133,translate,-1,0.012144234031438828,0.012951601296663284,True,0.6976751089096069
1206,134,translate,-1,0.026906397193670273,0.023922523483633995,True,0.1769416779279709
1215,135,translate,-1,0.17510771751403809,0.12650559842586517,True,0.8304471969604492
1224,136,translate,-1,0.020133033394813538,0.02096402272582054,True,0.44993412494659424
1233,137,translate,-1,0.0006392651121132076,0.0006235875189304352,True,0.7057722806930542
1242,138,translate,-1,0.01402053888887167,0.013891119509935379,True,0.1450905054807663
1251,139,translate,-1,0.06056398153305054,0.055835966020822525,False,0.2527192234992981
1260,140,translate,-1,0.0046575916931033134,0.00526060163974762,True,0.9224380254745483
1269,141,translate,-1,0.020593401044607162,0.019045772030949593,True,0.5933057069778442
1278,142,translate,-1,0.07832834869623184,0.07930953800678253,True,0.29369157552719116
1287,143,translate,-1,0.020327934995293617,0.020415352657437325,True,0.3798929452896118
1153,128,polarity,-1,0.00908568874001503,0.008926890790462494,True,0.18475240468978882
1162,129,polarity,-1,0.04240837320685387,0.03892099857330322,True,0.7721813321113586
1171,130,polarity,-1,0.004294523969292641,0.004768917337059975,True,0.5656353235244751
1180,131,polarity,-1,0.003126133233308792,0.003181612119078636,True,0.43010395765304565
1189,132,polarity,-1,2.8272364943404682e-05,2.402347672614269e-05,True,0.9994332194328308
1198,133,polarity,-1,0.013161467388272285,0.014368823729455471,True,0.6990013122558594
1207,134,polarity,-1,0.021049054339528084,0.019772181287407875,True,0.17843104898929596
1216,135,polarity,-1,0.1495954543352127,0.11162501573562622,True,0.8328949213027954
1225,136,polarity,-1,0.026765909045934677,0.027888532727956772,True,0.4380357563495636
1234,137,polarity,-1,0.0014622900635004044,0.0014851163141429424,True,0.6966288685798645
1243,138,polarity,-1,0.01507208589464426,0.015046005137264729,True,0.16253124177455902
1252,139,polarity,-1,0.05947571620345116,0.055477432906627655,False,0.2536357343196869
1261,140,polarity,-1,0.01960872672498226,0.025604024529457092,True,0.8955878615379333
1270,141,polarity,-1,0.03277682512998581,0.027500413358211517,True,0.6674697995185852
1279,142,polarity,-1,0.0803462415933609,0.07759834825992584,True,0.3021045923233032
1288,143,polarity,-1,0.023303233087062836,0.02366197668015957,True,0.38668814301490784
1154,128,vocab,-1,0.020173806697130203,0.020562831312417984,True,0.1627279371023178
1163,129,vocab,-1,0.020592231303453445,0.021011706441640854,True,0.7262821197509766
1172,130,vocab,-1,0.030088528990745544,0.04077628254890442,True,0.601084291934967
1181,131,vocab,-1,0.014230730012059212,0.014128169044852257,False,0.4330247938632965
1190,132,vocab,-1,4.624525536200963e-05,3.3841413824120536e-05,True,0.9994646906852722
1199,133,vocab,-1,0.050873782485723495,0.06548094749450684,True,0.6574182510375977
1208,134,vocab,-1,0.058817435055971146,0.058233849704265594,True,0.214041605591774
1217,135,vocab,-1,0.05359230563044548,0.04566054046154022,True,0.7639380097389221
1226,136,vocab,-1,0.019791800528764725,0.020593799650669098,True,0.4541186988353729
1235,137,vocab,-1,0.0031306699384003878,0.0034556081518530846,True,0.697614848613739
1244,138,vocab,-1,0.012186418287456036,0.012649007141590118,True,0.1406412124633789
1253,139,vocab,-1,0.08076953887939453,0.07159444689750671,False,0.25250867009162903
1262,140,vocab,-1,0.00885210745036602,0.010034464299678802,True,0.9157689213752747
1271,141,vocab,-1,0.022885669022798538,0.022897372022271156,True,0.6542236804962158
1280,142,vocab,-1,0.023427261039614677,0.022390371188521385,True,0.29782193899154663
1289,143,vocab,-1,0.03588160499930382,0.03762373328208923,True,0.4277160167694092
1155,128,cat,-1,3.415229320526123,8.859147071838379,False,0.002978223841637373
1164,129,cat,-1,3.412484645843506,12.15437126159668,False,0.0624542236328125
1173,130,cat,-1,0.6883639693260193,4.086393356323242,True,0.2582237720489502
1182,131,cat,-1,1.8980865478515625,10.012777328491211,False,0.08908247947692871
1191,132,cat,-1,4.87614631652832,18.39099884033203,False,0.007588714826852083
1200,133,cat,-1,2.593804359436035,7.88007926940918,False,0.05451679602265358
1209,134,cat,-1,1.4659851789474487,4.068463325500488,False,0.017336491495370865
1218,135,cat,-1,6.879301071166992,14.083590507507324,False,0.00021390372421592474
1227,136,cat,-1,0.49363890290260315,1.330119252204895,True,0.24605640769004822
1236,137,cat,-1,0.003980536013841629,0.0043703122064471245,True,0.6987322568893433
1245,138,cat,-1,5.227960586547852,9.460906028747559,False,6.426298205042258e-05
1254,139,cat,-1,3.232947826385498,11.896136283874512,False,0.007918749935925007
1263,140,cat,-1,5.203681945800781,8.362479209899902,False,0.004059144761413336
1272,141,cat,-1,9.143296241760254,12.3638334274292,False,1.3990705156174954e-05
1281,142,cat,-1,8.119355201721191,14.44743537902832,False,1.9926641471101902e-05
1290,143,cat,-1,2.977180242538452,9.583722114562988,False,0.05177302658557892
1156,128,shuffle,-1,0.01524188369512558,0.014769247733056545,True,0.201620951294899
1165,129,shuffle,-1,0.042713992297649384,0.0389447920024395,True,0.7787843346595764
1174,130,shuffle,-1,0.017006773501634598,0.021470438688993454,True,0.556697428226471
1183,131,shuffle,-1,0.00937621109187603,0.009396100416779518,False,0.39961951971054077
1192,132,shuffle,-1,2.5558299967087805e-05,2.317849975952413e-05,True,0.99943608045578
1201,133,shuffle,-1,0.005713559687137604,0.006153363734483719,True,0.726669192314148
1210,134,shuffle,-1,0.02435246668756008,0.02267489954829216,False,0.1513117551803589
1219,135,shuffle,-1,0.09137837588787079,0.07397864758968353,True,0.7866531610488892
1228,136,shuffle,-1,0.02787279523909092,0.029033858329057693,True,0.4336252808570862
1237,137,shuffle,-1,0.0007664547301828861,0.0007551774615421891,True,0.7057071328163147
1246,138,shuffle,-1,0.012609082274138927,0.012422958388924599,True,0.15543103218078613
1255,139,shuffle,-1,0.0622795894742012,0.05756187066435814,False,0.2533690333366394
1264,140,shuffle,-1,0.01226089894771576,0.014748364686965942,True,0.9061245918273926
1273,141,shuffle,-1,0.0609591007232666,0.051629893481731415,True,0.6690481305122375
1282,142,shuffle,-1,0.060421161353588104,0.057741519063711166,True,0.3133951723575592
1291,143,shuffle,-1,0.02334030717611313,0.023674946278333664,True,0.40782400965690613
1157,128,unrelated,148,5.362996578216553,10.894241333007812,False,0.0006112597184255719
1166,129,unrelated,208,9.6721830368042,7.766325950622559,False,9.756329382071272e-05
1175,130,unrelated,199,12.655659675598145,9.593783378601074,False,1.4117799764790107e-06
1184,131,unrelated,23,0.650111973285675,2.81483793258667,True,0.29022493958473206
1193,132,unrelated,94,4.214588165283203,12.09348201751709,False,0.014707067981362343
1202,133,unrelated,86,4.238405227661133,12.03318977355957,False,0.011195068247616291
1211,134,unrelated,244,7.047691822052002,7.929521083831787,False,0.00010528092388994992
1220,135,unrelated,69,7.634587287902832,10.701650619506836,False,4.0020502638071775e-05
1229,136,unrelated,38,4.341644763946533,6.625385284423828,False,0.006536140572279692
1238,137,unrelated,35,0.19050458073616028,0.2675336003303528,True,0.4514564871788025
1247,138,unrelated,2,4.22447395324707,5.531477451324463,False,3.6854639802186284e-06
1256,139,unrelated,74,7.4509992599487305,8.112079620361328,False,2.756465391939855e-06
1265,140,unrelated,238,9.540643692016602,13.885051727294922,False,4.840228211833164e-05
1274,141,unrelated,53,14.414900779724121,14.382274627685547,False,4.5017095828825404e-08
1283,142,unrelated,45,1.334197759628296,3.90598464012146,False,0.026245281100273132
1292,143,unrelated,137,8.538095474243164,5.203814506530762,False,1.7182001101900823e-05
1158,128,unrelated_token,148,0.0777820572257042,0.0685327798128128,True,0.19701658189296722
1167,129,unrelated_token,208,0.11033718287944794,0.11586840450763702,True,0.7829566597938538
1176,130,unrelated_token,199,0.4759823977947235,1.428688406944275,False,0.24327205121517181
1185,131,unrelated_token,23,0.13088424503803253,0.14208219945430756,False,0.27446243166923523
1194,132,unrelated_token,94,0.0014247600920498371,0.003874895628541708,True,0.9975984692573547
1203,133,unrelated_token,86,0.19178363680839539,0.24852502346038818,True,0.7940109968185425
1212,134,unrelated_token,244,0.23437362909317017,0.24353086948394775,True,0.2932009696960449
1221,135,unrelated_token,69,0.6212154030799866,0.33418160676956177,True,0.8972867131233215
1230,136,unrelated_token,38,0.06379369646310806,0.04798757657408714,True,0.6454648375511169
1239,137,unrelated_token,35,0.02683151140809059,0.028429973870515823,True,0.698638916015625
1248,138,unrelated_token,2,0.03998986631631851,0.04087768495082855,False,0.09787675738334656
1257,139,unrelated_token,74,0.4473227262496948,0.5442765951156616,False,0.12947608530521393
1266,140,unrelated_token,238,0.050715215504169464,0.03410099074244499,True,0.969890832901001
1275,141,unrelated_token,53,0.3383147418498993,0.4108074903488159,False,0.2656208872795105
1284,142,unrelated_token,45,0.03961779177188873,0.03693331778049469,True,0.33333903551101685
1293,143,unrelated_token,137,7.393648147583008,4.912546634674072,False,0.00012050423538312316
-1,128,ref_identity,-1,0.0,0.0,True,0.18324005603790283
-1,129,ref_identity,-1,0.0,0.0,True,0.677817165851593
-1,130,ref_identity,-1,0.0,0.0,True,0.5973491668701172
-1,131,ref_identity,-1,0.0,0.0,True,0.46481606364250183
-1,132,ref_identity,-1,0.0,0.0,True,0.999444305896759
-1,133,ref_identity,-1,0.0,0.0,True,0.762024462223053
-1,134,ref_identity,-1,0.0,0.0,True,0.1945529580116272
-1,135,ref_identity,-1,0.0,0.0,True,0.6486386656761169
-1,136,ref_identity,-1,0.0,0.0,True,0.5347890853881836
-1,137,ref_identity,-1,0.0,0.0,True,0.7054296135902405
-1,138,ref_identity,-1,0.0,0.0,True,0.13222640752792358
-1,139,ref_identity,-1,0.0,0.0,True,0.24436132609844208
-1,140,ref_identity,-1,0.0,0.0,True,0.9399406909942627
-1,141,ref_identity,-1,0.0,0.0,True,0.6056398153305054
-1,142,ref_identity,-1,0.0,0.0,True,0.25007501244544983
-1,143,ref_identity,-1,0.0,0.0,True,0.3973739445209503
-2,128,ref_mean,-1,5.234153747558594,8.981544494628906,False,8.983281441032887e-05
-2,129,ref_mean,-1,6.155019760131836,8.355687141418457,False,0.0019625613931566477
-2,130,ref_mean,-1,4.802467346191406,6.526057720184326,False,0.004180059302598238
-2,131,ref_mean,-1,1.3165473937988281,4.4861249923706055,False,0.11748375743627548
-2,132,ref_mean,-1,4.60407829284668,11.591360092163086,False,0.00996625330299139
-2,133,ref_mean,-1,1.1855947971343994,2.9338197708129883,True,0.21360856294631958
-2,134,ref_mean,-1,0.6317405700683594,0.9956558346748352,True,0.14945881068706512
-2,135,ref_mean,-1,4.546414375305176,4.098485469818115,False,0.002005636226385832
-2,136,ref_mean,-1,4.208617210388184,5.98379373550415,False,0.004012843128293753
-2,137,ref_mean,-1,0.8505171537399292,3.7828054428100586,True,0.2867753505706787
-2,138,ref_mean,-1,4.1983962059021,6.468255996704102,False,0.0001248152257176116
-2,139,ref_mean,-1,4.892900466918945,6.86160135269165,False,0.0008072819327935576
-2,140,ref_mean,-1,0.47197461128234863,2.3884456157684326,True,0.5701680779457092
-2,141,ref_mean,-1,2.399383068084717,7.64978551864624,False,0.06723953783512115
-2,142,ref_mean,-1,3.566159963607788,6.319477081298828,False,0.002006295369938016
-2,143,ref_mean,-1,0.9699562788009644,1.6802318096160889,True,0.26672202348709106
1294,144,orig,-1,0.00013933620357420295,0.00014895724598318338,True,0.9926238059997559
1303,145,orig,-1,0.010998137295246124,0.012057289481163025,True,0.6480201482772827
1312,146,orig,-1,0.006008818745613098,0.005807129666209221,True,0.1302618682384491
1321,147,orig,-1,0.05148697271943092,0.04024742543697357,True,0.1723473221063614
1330,148,orig,-1,2.3339161998592317e-05,2.4024036974878982e-05,True,0.9997368454933167
1339,149,orig,-1,0.0029378305189311504,0.002818372566252947,True,0.6137455105781555
1348,150,orig,-1,0.010218004696071148,0.011225304566323757,True,0.8636575937271118
1357,151,orig,-1,0.009944884106516838,0.010211768560111523,True,0.8801424503326416
1366,152,orig,-1,0.03279263153672218,0.029511604458093643,True,0.5178055167198181
1375,153,orig,-1,0.006844446063041687,0.006180363241583109,True,0.8045631051063538
1384,154,orig,-1,0.0040414645336568356,0.003955276682972908,True,0.9517540335655212
1393,155,orig,-1,0.010291676968336105,0.010215168818831444,True,0.4859515130519867
1402,156,orig,-1,0.00874020904302597,0.006726072169840336,True,0.9304477572441101
1411,157,orig,-1,0.025206508114933968,0.025556297972798347,False,0.10806477814912796
1420,158,orig,-1,0.060781143605709076,0.05609385669231415,False,0.32461217045783997
1429,159,orig,-1,0.05606890842318535,0.07303300499916077,True,0.47126543521881104
1295,144,paraphrase,-1,0.00031885469797998667,0.0003845776664093137,True,0.9910193085670471
1304,145,paraphrase,-1,0.014065202325582504,0.015582464635372162,True,0.6389997005462646
1313,146,paraphrase,-1,0.0063064973801374435,0.0061023663729429245,True,0.12974418699741364
1322,147,paraphrase,-1,0.04634951427578926,0.04261061176657677,True,0.16120269894599915
1331,148,paraphrase,-1,2.1926698536844924e-05,2.2493739379569888e-05,True,0.9997406601905823
1340,149,paraphrase,-1,0.008145119994878769,0.00773273129016161,True,0.6490764021873474
1349,150,paraphrase,-1,0.010091627016663551,0.011727542616426945,True,0.8524627685546875
1358,151,paraphrase,-1,0.005191572476178408,0.005316668655723333,True,0.8727684020996094
1367,152,paraphrase,-1,0.029794782400131226,0.026941178366541862,True,0.5184977650642395
1376,153,paraphrase,-1,0.009231623262166977,0.008562756702303886,True,0.8002014756202698
1385,154,paraphrase,-1,0.007121559232473373,0.006448683794587851,True,0.9517577290534973
1394,155,paraphrase,-1,0.015935948118567467,0.016318969428539276,True,0.46737030148506165
1403,156,paraphrase,-1,0.0074267880991101265,0.005850203335285187,True,0.9294813275337219
1412,157,paraphrase,-1,0.04602060467004776,0.04710937663912773,False,0.09206081181764603
1421,158,paraphrase,-1,0.042117826640605927,0.03833973780274391,False,0.332984983921051
1430,159,paraphrase,-1,0.040976494550704956,0.04860936477780342,True,0.500752329826355
1296,144,translate,-1,0.0001908035483211279,0.00021733707399107516,True,0.9918637275695801
1305,145,translate,-1,0.011490300297737122,0.012601252645254135,True,0.6465969085693359
1314,146,translate,-1,0.0054371971637010574,0.005318091716617346,True,0.13278010487556458
1323,147,translate,-1,0.06766431033611298,0.04746892675757408,True,0.17218613624572754
1332,148,translate,-1,2.7714893803931773e-05,3.034637848031707e-05,True,0.9997232556343079
1341,149,translate,-1,0.003144275862723589,0.003002800978720188,True,0.6138027906417847
1350,150,translate,-1,0.009547099471092224,0.010064229369163513,True,0.867047905921936
1359,151,translate,-1,0.0034749519545584917,0.004062826745212078,True,0.8590632081031799
1368,152,translate,-1,0.041670411825180054,0.036982905119657516,True,0.546034574508667
1377,153,translate,-1,0.01144352275878191,0.00986073724925518,True,0.8241279721260071
1386,154,translate,-1,0.0026967176236212254,0.002800364512950182,True,0.95240718126297
1395,155,translate,-1,0.01549011655151844,0.015649767592549324,True,0.4621022045612335
1404,156,translate,-1,0.0059051597490906715,0.004679827950894833,True,0.9218084216117859
1413,157,translate,-1,0.045248791575431824,0.046134840697050095,False,0.09007412195205688
1422,158,translate,-1,0.0302325040102005,0.029125221073627472,False,0.33085817098617554
1431,159,translate,-1,0.04175744950771332,0.05523562803864479,True,0.4818335175514221
1297,144,polarity,-1,0.0002609239600133151,0.0002965046151075512,True,0.9911271929740906
1306,145,polarity,-1,0.010547462850809097,0.011567596346139908,True,0.6506682634353638
1315,146,polarity,-1,0.007169235497713089,0.006880363915115595,True,0.13062113523483276
1324,147,polarity,-1,0.07363583892583847,0.05851244181394577,True,0.15998147428035736
1333,148,polarity,-1,4.058107151649892e-05,4.3882497266167775e-05,True,0.9997287392616272
1342,149,polarity,-1,0.0032010115683078766,0.0030772120226174593,True,0.6283984184265137
1351,150,polarity,-1,0.011479158885776997,0.013033350929617882,True,0.8603885173797607
1360,151,polarity,-1,0.008718656376004219,0.008434263058006763,True,0.882334291934967
1369,152,polarity,-1,0.04372227191925049,0.038716014474630356,True,0.5533282160758972
1378,153,polarity,-1,0.0028549747075885534,0.0027076841797679663,True,0.7931957244873047
1387,154,polarity,-1,0.003760414896532893,0.0037345769815146923,True,0.9526771306991577
1396,155,polarity,-1,0.014674067497253418,0.014592006802558899,True,0.46419936418533325
1405,156,polarity,-1,0.006263867951929569,0.004885400179773569,True,0.9260932207107544
1414,157,polarity,-1,0.031278859823942184,0.03157975524663925,False,0.10562064498662949
1423,158,polarity,-1,0.05389314889907837,0.05022837966680527,False,0.3187888264656067
1432,159,polarity,-1,0.05417904257774353,0.07411062717437744,True,0.45675554871559143
1298,144,vocab,-1,0.0028327330946922302,0.003736377926543355,True,0.9856451749801636
1307,145,vocab,-1,0.019017476588487625,0.020819559693336487,True,0.6302231550216675
1316,146,vocab,-1,0.013120702467858791,0.013340827077627182,False,0.10889148712158203
1325,147,vocab,-1,0.13354729115962982,0.10271599888801575,True,0.14480316638946533
1334,148,vocab,-1,1.5141230505832937e-05,1.8608041500556283e-05,True,0.999688982963562
1343,149,vocab,-1,0.0100028021261096,0.00953984446823597,True,0.6455851793289185
1352,150,vocab,-1,0.00929262675344944,0.009422842413187027,True,0.8825084567070007
1361,151,vocab,-1,0.003365009557455778,0.004084639251232147,True,0.8471301198005676
1370,152,vocab,-1,0.053123533725738525,0.05472489446401596,True,0.4303494095802307
1379,153,vocab,-1,0.01205899752676487,0.015027902089059353,True,0.752611517906189
1388,154,vocab,-1,0.022410405799746513,0.023712513968348503,True,0.9481271505355835
1397,155,vocab,-1,0.05053412914276123,0.054387591779232025,True,0.3913109600543976
1406,156,vocab,-1,0.003523914609104395,0.003318171249702573,True,0.9153832793235779
1415,157,vocab,-1,0.039039358496665955,0.0360039547085762,True,0.15760546922683716
1424,158,vocab,-1,0.01910022273659706,0.01814568229019642,True,0.3745569586753845
1433,159,vocab,-1,0.20192329585552216,0.2898767590522766,True,0.45531317591667175
1299,144,cat,-1,4.217477798461914,9.125594139099121,False,0.014066570438444614
1308,145,cat,-1,3.4197275638580322,10.529332160949707,False,0.01636642776429653
1317,146,cat,-1,6.454117298126221,14.57642650604248,False,2.84618977275386e-06
1326,147,cat,-1,1.3131963014602661,1.9305987358093262,True,0.09548010677099228
1335,148,cat,-1,4.024784088134766,14.541620254516602,False,0.017822906374931335
1344,149,cat,-1,0.3595227301120758,1.345226526260376,True,0.4476090371608734
1353,150,cat,-1,5.6054253578186035,11.899852752685547,False,0.00241292268037796
1362,151,cat,-1,3.22237491607666,11.722437858581543,False,0.028937241062521935
1371,152,cat,-1,9.194992065429688,14.549209594726562,False,2.4514582037227228e-05
1380,153,cat,-1,2.400813102722168,8.76909065246582,False,0.07595416158437729
1389,154,cat,-1,0.4126776456832886,1.8593981266021729,True,0.5930235385894775
1398,155,cat,-1,2.607210636138916,5.633589267730713,False,0.007884974591434002
1407,156,cat,-1,6.199127674102783,16.43709373474121,False,0.0015343644190579653
1416,157,cat,-1,6.852411270141602,13.365525245666504,False,1.0382478876636014e-06
1425,158,cat,-1,2.94976806640625,9.546207427978516,False,0.004151457455009222
1434,159,cat,-1,7.294437408447266,11.27988338470459,False,0.000283122732071206
1300,144,shuffle,-1,0.00027056221733801067,0.000294932076940313,True,0.9911605715751648
1309,145,shuffle,-1,0.033096782863140106,0.036691710352897644,True,0.5957016348838806
1318,146,shuffle,-1,0.009641874581575394,0.00933321937918663,False,0.11434590816497803
1327,147,shuffle,-1,0.051539890468120575,0.04425854608416557,True,0.16198357939720154
1336,148,shuffle,-1,2.5509078113827854e-05,2.3707965738140047e-05,True,0.9997597336769104
1345,149,shuffle,-1,0.012283099815249443,0.011613057926297188,True,0.6629469394683838
1354,150,shuffle,-1,0.010350149124860764,0.012501280754804611,True,0.8528618216514587
1363,151,shuffle,-1,0.007306576706469059,0.008452808484435081,True,0.8690587878227234
1372,152,shuffle,-1,0.03926552087068558,0.035199474543333054,True,0.5347205400466919
1381,153,shuffle,-1,0.0029875896871089935,0.002799463691189885,True,0.7915014028549194
1390,154,shuffle,-1,0.0030348547734320164,0.003124832408502698,True,0.9527193307876587
1399,155,shuffle,-1,0.023583490401506424,0.023969661444425583,True,0.4345413148403168
1408,156,shuffle,-1,0.0060036275535821915,0.004822867922484875,True,0.9262742400169373
1417,157,shuffle,-1,0.022283241152763367,0.0226611215621233,True,0.1083906963467598
1426,158,shuffle,-1,0.06637227535247803,0.06058299541473389,False,0.3265904486179352
1435,159,shuffle,-1,0.07249157130718231,0.08841940760612488,True,0.4539451599121094
1301,144,unrelated,95,17.68247413635254,13.086963653564453,False,1.9446773080744606e-08
1310,145,unrelated,111,4.098758697509766,11.00897216796875,False,0.009397516958415508
1319,146,unrelated,117,6.93972110748291,11.441575050354004,False,2.361702900088858e-05
1328,147,unrelated,207,9.63471508026123,6.8183159828186035,False,1.2309560588619206e-06
1337,148,unrelated,217,3.4912149906158447,14.344834327697754,False,0.030376289039850235
1346,149,unrelated,227,3.233450174331665,16.004384994506836,False,0.02310475893318653
1355,150,unrelated,93,7.6666951179504395,12.388806343078613,False,0.00034327758476138115
1364,151,unrelated,253,7.311992645263672,12.90880298614502,False,0.00027885669260285795
1373,152,unrelated,142,2.7645950317382812,5.621670246124268,False,0.012069919146597385
1382,153,unrelated,218,2.9550375938415527,7.590432167053223,False,0.0376892127096653
1391,154,unrelated,52,9.506964683532715,10.079071044921875,False,5.5740711104590446e-05
1400,155,unrelated,187,8.656257629394531,8.496177673339844,False,1.3675672562385444e-05
1409,156,unrelated,10,3.1252968311309814,3.468508243560791,False,0.024965297430753708
1418,157,unrelated,4,4.339226245880127,5.84088134765625,False,1.698195410426706e-05
1427,158,unrelated,175,5.836025238037109,9.114273071289062,False,0.00034954139846377075
1436,159,unrelated,39,9.475029945373535,7.796496868133545,False,7.11147949914448e-05
1302,144,unrelated_token,95,0.001711183344013989,0.0018883927259594202,True,0.9899285435676575
1311,145,unrelated_token,111,0.04608859121799469,0.04057905822992325,True,0.7693389058113098
1320,146,unrelated_token,117,0.022662922739982605,0.02366686426103115,True,0.12155383825302124
1329,147,unrelated_token,207,0.473766952753067,0.38917291164398193,True,0.4409664273262024
1338,148,unrelated_token,217,0.0007104967371560633,0.0012934745755046606,True,0.9986396431922913
1347,149,unrelated_token,227,0.1815912127494812,0.2345726639032364,True,0.7102277278900146
1356,150,unrelated_token,93,0.022396652027964592,0.02115878462791443,True,0.8835372924804688
1365,151,unrelated_token,253,0.03849298879504204,0.06263377517461777,True,0.7639294266700745
1374,152,unrelated_token,142,0.2570417523384094,0.32204803824424744,True,0.24908611178398132
1383,153,unrelated_token,218,0.04536111652851105,0.05872483178973198,True,0.7047328352928162
1392,154,unrelated_token,52,0.02910902164876461,0.015169664286077023,True,0.9723746180534363
1401,155,unrelated_token,187,0.3216129541397095,0.23441889882087708,True,0.8027732372283936
1410,156,unrelated_token,10,0.04680044949054718,0.06423768401145935,True,0.8195764422416687
1419,157,unrelated_token,4,0.47930851578712463,0.43114879727363586,True,0.2876758575439453
1428,158,unrelated_token,175,0.30019211769104004,0.42194175720214844,True,0.2265794426202774
1437,159,unrelated_token,39,3.407850980758667,4.8563079833984375,False,0.010289086028933525
-1,144,ref_identity,-1,0.0,0.0,True,0.9928448796272278
-1,145,ref_identity,-1,0.0,0.0,True,0.7010613679885864
-1,146,ref_identity,-1,0.0,0.0,True,0.12980155646800995
-1,147,ref_identity,-1,0.0,0.0,True,0.19580872356891632
-1,148,ref_identity,-1,0.0,0.0,True,0.9997215867042542
-1,149,ref_identity,-1,0.0,0.0,True,0.5992040634155273
-1,150,ref_identity,-1,0.0,0.0,True,0.8753886818885803
-1,151,ref_identity,-1,0.0,0.0,True,0.850924015045166
-1,152,ref_identity,-1,0.0,0.0,True,0.462785542011261
-1,153,ref_identity,-1,0.0,0.0,True,0.7841579914093018
-1,154,ref_identity,-1,0.0,0.0,True,0.9538732171058655
-1,155,ref_identity,-1,0.0,0.0,True,0.5014157891273499
-1,156,ref_identity,-1,0.0,0.0,True,0.9065854549407959
-1,157,ref_identity,-1,0.0,0.0,True,0.13534964621067047
-1,158,ref_identity,-1,0.0,0.0,True,0.3235186040401459
-1,159,ref_identity,-1,0.0,0.0,True,0.4455828368663788
-2,144,ref_mean,-1,11.312922477722168,10.584257125854492,False,1.1452591024863068e-05
-2,145,ref_mean,-1,0.5527602434158325,1.9937313795089722,True,0.3607064187526703
-2,146,ref_mean,-1,3.033703565597534,6.609233856201172,False,0.0012655139435082674
-2,147,ref_mean,-1,0.7531982064247131,1.499485731124878,False,0.17062881588935852
-2,148,ref_mean,-1,0.33631065487861633,2.539778232574463,True,0.712990403175354
-2,149,ref_mean,-1,1.4191534519195557,3.7522785663604736,True,0.12516622245311737
-2,150,ref_mean,-1,0.9031717777252197,3.623356819152832,True,0.30348342657089233
-2,151,ref_mean,-1,0.08634936064481735,0.21076610684394836,True,0.8096827268600464
-2,152,ref_mean,-1,1.3527929782867432,3.122048854827881,False,0.06030089780688286
-2,153,ref_mean,-1,2.051896333694458,7.067819595336914,False,0.08097974210977554
-2,154,ref_mean,-1,4.062042713165283,7.616950988769531,False,0.013734233565628529
-2,155,ref_mean,-1,1.0224671363830566,2.822571277618408,False,0.10538741201162338
-2,156,ref_mean,-1,0.08898685872554779,0.12050314247608185,True,0.839642345905304
-2,157,ref_mean,-1,4.062260150909424,6.511277198791504,False,1.4447529792960268e-05
-2,158,ref_mean,-1,1.1597574949264526,1.2885079383850098,False,0.05962790548801422
-2,159,ref_mean,-1,7.484483242034912,7.107506275177002,False,0.00024379069509450346
1438,160,orig,-1,0.05784977972507477,0.06267543137073517,True,0.47527235746383667
1447,161,orig,-1,0.01602187752723694,0.016339082270860672,True,0.316297322511673
1456,162,orig,-1,0.1384800672531128,0.14653074741363525,True,0.47795113921165466
1465,163,orig,-1,0.0029757944867014885,0.003831766080111265,True,0.9763085246086121
1474,164,orig,-1,0.017161482945084572,0.014022944495081902,True,0.6093263626098633
1483,165,orig,-1,0.0027152656111866236,0.0028711287304759026,True,0.9785283207893372
1492,166,orig,-1,0.04676482081413269,0.045319654047489166,True,0.1579061597585678
1501,167,orig,-1,0.035673294216394424,0.03799618035554886,True,0.2812056243419647
1510,168,orig,-1,0.002377795521169901,0.004181872121989727,True,0.9630647301673889
1519,169,orig,-1,0.14470475912094116,0.14923490583896637,False,0.11196707934141159
1528,170,orig,-1,0.02911166101694107,0.029434992000460625,True,0.31888535618782043
1537,171,orig,-1,0.0020396877080202103,0.0024842151906341314,True,0.9808133244514465
1546,172,orig,-1,0.0023357332684099674,0.002238233108073473,True,0.79458087682724
1555,173,orig,-1,0.011698057875037193,0.01379011757671833,True,0.851947546005249
1564,174,orig,-1,0.014414748176932335,0.013646780513226986,True,0.3034529387950897
1573,175,orig,-1,0.07106027007102966,0.07729516178369522,True,0.39467719197273254
1439,160,paraphrase,-1,0.06538750976324081,0.07313163578510284,True,0.46195241808891296
1448,161,paraphrase,-1,0.018993224948644638,0.018488101661205292,True,0.34161946177482605
1457,162,paraphrase,-1,0.1537788361310959,0.15661515295505524,True,0.46901020407676697
1466,163,paraphrase,-1,0.004562618676573038,0.005974389612674713,True,0.9770680665969849
1475,164,paraphrase,-1,0.01703142747282982,0.013929149135947227,True,0.6098872423171997
1484,165,paraphrase,-1,0.002075205324217677,0.002095284406095743,True,0.9804925322532654
1493,166,paraphrase,-1,0.047841645777225494,0.044918082654476166,True,0.16133421659469604
1502,167,paraphrase,-1,0.044320449233055115,0.04646367207169533,True,0.29803311824798584
1511,168,paraphrase,-1,0.002349924063310027,0.004111361689865589,True,0.9633544087409973
1520,169,paraphrase,-1,0.12480239570140839,0.1247834712266922,False,0.11592306196689606
1529,170,paraphrase,-1,0.03357597440481186,0.03484078869223595,True,0.31935715675354004
1538,171,paraphrase,-1,0.0017271467950195074,0.0020909716840833426,True,0.9802522659301758
1547,172,paraphrase,-1,0.0032847821712493896,0.003108356613665819,True,0.7965976595878601
1556,173,paraphrase,-1,0.005509309470653534,0.006133693270385265,True,0.8880025744438171
1565,174,paraphrase,-1,0.009111090563237667,0.0089578777551651,True,0.28615811467170715
1574,175,paraphrase,-1,0.04095784202218056,0.04468981549143791,True,0.43951505422592163
1440,160,translate,-1,0.038523878902196884,0.0389280840754509,True,0.4977124035358429
1449,161,translate,-1,0.01779477670788765,0.018098000437021255,True,0.33854830265045166
1458,162,translate,-1,0.17659111320972443,0.19071796536445618,True,0.44060036540031433
1467,163,translate,-1,0.005124506074935198,0.0072621810249984264,True,0.974455714225769
1476,164,translate,-1,0.0203633401542902,0.016685782000422478,True,0.631584107875824
1485,165,translate,-1,0.003015359630808234,0.0036302166990935802,True,0.9770572185516357
1494,166,translate,-1,0.051376137882471085,0.04722623527050018,True,0.16958877444267273
1503,167,translate,-1,0.042917996644973755,0.04521116241812706,True,0.29467344284057617
1512,168,translate,-1,0.0038334813434630632,0.0063925376161932945,True,0.9580336809158325
1521,169,translate,-1,0.1200145035982132,0.11968549340963364,False,0.120698481798172
1530,170,translate,-1,0.02819271944463253,0.028211109340190887,True,0.3167589008808136
1539,171,translate,-1,0.002941728103905916,0.003712549339979887,True,0.9796562194824219
1548,172,translate,-1,0.0015233850572258234,0.0015648293774574995,True,0.772667407989502
1557,173,translate,-1,0.011291052214801311,0.013786137104034424,True,0.8492414951324463
1566,174,translate,-1,0.015011847019195557,0.013885722495615482,True,0.307802677154541
1575,175,translate,-1,0.03471875563263893,0.03799991309642792,True,0.4511863589286804
1441,160,polarity,-1,0.10133550316095352,0.11518979072570801,True,0.4124450087547302
1450,161,polarity,-1,0.017045913264155388,0.017718324437737465,True,0.3167581260204315
1459,162,polarity,-1,0.19366244971752167,0.20088189840316772,True,0.4198457896709442
1468,163,polarity,-1,0.0037581876385957003,0.00354950875043869,True,0.9831106662750244
1477,164,polarity,-1,0.018660597503185272,0.015398157760500908,True,0.613339364528656
1486,165,polarity,-1,0.002608584240078926,0.0026147239841520786,True,0.9808133244514465
1495,166,polarity,-1,0.050228457897901535,0.04840756580233574,True,0.16135065257549286
1504,167,polarity,-1,0.04893914610147476,0.052900515496730804,True,0.27435699105262756
1513,168,polarity,-1,0.002908877097070217,0.005261394195258617,True,0.9621960520744324
1522,169,polarity,-1,0.16098695993423462,0.17251481115818024,False,0.1111391931772232
1531,170,polarity,-1,0.024592489004135132,0.02578343264758587,True,0.3314701020717621
1540,171,polarity,-1,0.0019870155956596136,0.0024573220871388912,True,0.9799072742462158
1549,172,polarity,-1,0.001983745489269495,0.002147762104868889,True,0.7694981098175049
1558,173,polarity,-1,0.012008026242256165,0.014072021469473839,True,0.8529697060585022
1567,174,polarity,-1,0.016723668202757835,0.015621175058186054,True,0.30492302775382996
1576,175,polarity,-1,0.06620047241449356,0.07358303666114807,True,0.40273717045783997
1442,160,vocab,-1,0.012249637395143509,0.012560151517391205,True,0.5460343360900879
1451,161,vocab,-1,0.028083093464374542,0.029037808999419212,True,0.3536481559276581
1460,162,vocab,-1,0.06582605838775635,0.07046300172805786,True,0.5485898852348328
1469,163,vocab,-1,0.01997356116771698,0.03478891775012016,True,0.9499022960662842
1478,164,vocab,-1,0.02060016244649887,0.018661178648471832,True,0.5777040719985962
1487,165,vocab,-1,0.014988413080573082,0.0260104201734066,True,0.964039146900177
1496,166,vocab,-1,0.042297907173633575,0.04489421844482422,True,0.15965071320533752
1505,167,vocab,-1,0.05867762863636017,0.06516432017087936,True,0.2592933177947998
1514,168,vocab,-1,0.002883171895518899,0.005041375756263733,True,0.9651904106140137
1523,169,vocab,-1,0.08178413659334183,0.07700558006763458,False,0.13275399804115295
1532,170,vocab,-1,0.008379240520298481,0.00907957088202238,True,0.3910674750804901
1541,171,vocab,-1,0.0007734528044238687,0.0008606196497566998,True,0.9822368025779724
1550,172,vocab,-1,0.008908051997423172,0.008519180119037628,True,0.7596395015716553
1559,173,vocab,-1,0.010400966741144657,0.008174101822078228,True,0.9054023623466492
1568,174,vocab,-1,0.013501442968845367,0.01206807978451252,True,0.30141642689704895
1577,175,vocab,-1,0.10395319759845734,0.12443241477012634,True,0.3738045394420624
1443,160,cat,-1,3.638199806213379,8.909770011901855,False,0.004613744560629129
1452,161,cat,-1,2.1551239490509033,8.924895286560059,False,0.041726451367139816
1461,162,cat,-1,5.317470073699951,8.961478233337402,False,0.001874348265118897
1470,163,cat,-1,2.9097042083740234,5.659335136413574,False,0.050251707434654236
1479,164,cat,-1,0.8708234429359436,3.1598501205444336,True,0.24498289823532104
1488,165,cat,-1,8.229658126831055,11.916054725646973,False,0.00024247969849966466
1497,166,cat,-1,4.702114582061768,9.944356918334961,False,0.0006018326384946704
1506,167,cat,-1,4.285824298858643,13.004190444946289,False,0.0018865769961848855
1515,168,cat,-1,3.9219717979431152,12.263554573059082,False,0.016715876758098602
1524,169,cat,-1,5.594598770141602,3.733037233352661,False,0.00036392686888575554
1533,170,cat,-1,1.4501512050628662,6.581785202026367,False,0.08837538957595825
1542,171,cat,-1,6.22307825088501,12.50994873046875,False,0.0017732861451804638
1551,172,cat,-1,0.09073059260845184,0.28555193543434143,True,0.7123909592628479
1560,173,cat,-1,7.253737449645996,14.620097160339355,False,0.0003491719253361225
1569,174,cat,-1,3.3102338314056396,8.786250114440918,False,0.008838933892548084
1578,175,cat,-1,3.1468827724456787,2.90339994430542,False,0.003697615349665284
1444,160,shuffle,-1,0.07863982021808624,0.09179164469242096,True,0.4400005042552948
1453,161,shuffle,-1,0.016502613201737404,0.01682289130985737,True,0.3156175911426544
1462,162,shuffle,-1,0.06530012935400009,0.0680728331208229,True,0.5714484453201294
1471,163,shuffle,-1,0.0028359373100101948,0.003635452361777425,True,0.977453887462616
1480,164,shuffle,-1,0.016959819942712784,0.013940427452325821,True,0.5956434011459351
1489,165,shuffle,-1,0.0027533425018191338,0.00249427929520607,True,0.9819079041481018
1498,166,shuffle,-1,0.04515933245420456,0.04397984594106674,True,0.15619106590747833
1507,167,shuffle,-1,0.040154241025447845,0.042205069214105606,True,0.28305768966674805
1516,168,shuffle,-1,0.002336167963221669,0.00411950470879674,True,0.9632534384727478
1525,169,shuffle,-1,0.0804985761642456,0.08034052699804306,False,0.11346423625946045
1534,170,shuffle,-1,0.01634008251130581,0.016670722514390945,True,0.3440564274787903
1543,171,shuffle,-1,0.0017971167108044028,0.0021288814023137093,True,0.9804797172546387
1552,172,shuffle,-1,0.005143001675605774,0.004536312073469162,True,0.7960148453712463
1561,173,shuffle,-1,0.01800408959388733,0.02193438448011875,True,0.84019535779953
1570,174,shuffle,-1,0.016037005931138992,0.014517547562718391,True,0.3018414378166199
1579,175,shuffle,-1,0.06047692894935608,0.06676501035690308,True,0.4088841676712036
1445,160,unrelated,165,11.931994438171387,18.99639129638672,False,6.888002985760977e-07
1454,161,unrelated,88,2.130523920059204,5.799439907073975,False,0.01644415408372879
1463,162,unrelated,133,8.055426597595215,8.855744361877441,False,0.00012780108954757452
1472,163,unrelated,34,5.101132869720459,7.619891166687012,False,0.005569618195295334
1481,164,unrelated,65,3.3202500343322754,6.760838508605957,False,0.014952253550291061
1490,165,unrelated,29,11.4445161819458,10.324451446533203,False,9.18903333513299e-06
1499,166,unrelated,115,1.8086353540420532,1.5130867958068848,False,0.03827756643295288
1508,167,unrelated,70,5.312093257904053,4.276947975158691,False,6.14364689681679e-05
1517,168,unrelated,5,6.329048156738281,14.458186149597168,False,0.0014161268481984735
1526,169,unrelated,249,6.193232536315918,7.664888858795166,False,0.00011545613961061463
1535,170,unrelated,160,6.854670524597168,7.5951128005981445,False,0.00015078207070473582
1544,171,unrelated,101,8.04585075378418,9.600775718688965,False,0.0002826107374858111
1553,172,unrelated,121,3.5889594554901123,11.100762367248535,False,0.011556767858564854
1562,173,unrelated,182,1.3499088287353516,7.555721759796143,False,0.42551684379577637
1571,174,unrelated,46,2.927630662918091,2.7918589115142822,False,0.003422753419727087
1580,175,unrelated,71,8.630829811096191,11.319635391235352,False,2.6993624487658963e-05
1446,160,unrelated_token,165,0.13739372789859772,0.2643071711063385,True,0.5109005570411682
1455,161,unrelated_token,88,0.06568589806556702,0.0797991082072258,True,0.33036550879478455
1464,162,unrelated_token,133,1.9364638328552246,2.584540605545044,False,0.06085512787103653
1473,163,unrelated_token,34,0.05356542021036148,0.1419389247894287,True,0.9190151691436768
1482,164,unrelated_token,65,0.18987032771110535,0.2355852574110031,True,0.40545129776000977
1491,165,unrelated_token,29,4.246850967407227,8.089117050170898,False,0.013118946924805641
1500,166,unrelated_token,115,0.31275665760040283,0.2928904592990875,True,0.21949779987335205
1509,167,unrelated_token,70,0.1421625018119812,0.12100590765476227,True,0.41564446687698364
1518,168,unrelated_token,5,0.02213408425450325,0.07523971796035767,True,0.9459733366966248
1527,169,unrelated_token,249,0.13737621903419495,0.11731500178575516,False,0.16366665065288544
1536,170,unrelated_token,160,0.059943296015262604,0.07107621431350708,True,0.3520892560482025
1545,171,unrelated_token,101,0.06810444593429565,0.35404202342033386,True,0.9107059240341187
1554,172,unrelated_token,121,0.059060655534267426,0.287071168422699,True,0.7208004593849182
1563,173,unrelated_token,182,0.2049831748008728,0.347800612449646,True,0.6462565064430237
1572,174,unrelated_token,46,0.0975850522518158,0.09297272562980652,True,0.330868124961853
1581,175,unrelated_token,71,0.485152006149292,0.6825686097145081,True,0.1933681070804596
-1,160,ref_identity,-1,0.0,0.0,True,0.5674648880958557
-1,161,ref_identity,-1,0.0,0.0,True,0.33359596133232117
-1,162,ref_identity,-1,0.0,0.0,True,0.6150919198989868
-1,163,ref_identity,-1,0.0,0.0,True,0.9836120009422302
-1,164,ref_identity,-1,0.0,0.0,True,0.5741046071052551
-1,165,ref_identity,-1,0.0,0.0,True,0.9802750945091248
-1,166,ref_identity,-1,0.0,0.0,True,0.1419876217842102
-1,167,ref_identity,-1,0.0,0.0,True,0.300013929605484
-1,168,ref_identity,-1,0.0,0.0,True,0.9702281355857849
-1,169,ref_identity,-1,0.0,0.0,True,0.131148561835289
-1,170,ref_identity,-1,0.0,0.0,True,0.4192182719707489
-1,171,ref_identity,-1,0.0,0.0,True,0.9846829771995544
-1,172,ref_identity,-1,0.0,0.0,True,0.7754011750221252
-1,173,ref_identity,-1,0.0,0.0,True,0.8931908011436462
-1,174,ref_identity,-1,0.0,0.0,True,0.2976084351539612
-1,175,ref_identity,-1,0.0,0.0,True,0.5596551895141602
-2,160,ref_mean,-1,0.331917405128479,0.5442088842391968,False,0.2982844412326813
-2,161,ref_mean,-1,2.902416706085205,8.721064567565918,False,0.02245955541729927
-2,162,ref_mean,-1,4.878696918487549,6.068275451660156,False,0.0013064086670055985
-2,163,ref_mean,-1,5.5963521003723145,6.395851135253906,False,0.0033188005909323692
-2,164,ref_mean,-1,0.23377536237239838,0.41016438603401184,True,0.3786548674106598
-2,165,ref_mean,-1,10.877196311950684,9.837555885314941,False,1.5959049051161855e-05
-2,166,ref_mean,-1,0.7992296814918518,1.3450909852981567,True,0.12880294024944305
-2,167,ref_mean,-1,2.124509334564209,5.057697772979736,False,0.03414388373494148
-2,168,ref_mean,-1,4.682208061218262,5.321628570556641,False,0.007147488184273243
-2,169,ref_mean,-1,3.2872209548950195,5.230279445648193,False,0.022476591169834137
-2,170,ref_mean,-1,1.7219088077545166,5.169964790344238,False,0.046148139983415604
-2,171,ref_mean,-1,1.5261235237121582,5.2425079345703125,True,0.2007988542318344
-2,172,ref_mean,-1,0.08076628297567368,0.4053422212600708,True,0.6951998472213745
-2,173,ref_mean,-1,4.17836332321167,5.028448104858398,False,0.007906694896519184
-2,174,ref_mean,-1,0.4264669418334961,1.243006944656372,True,0.15740878880023956
-2,175,ref_mean,-1,3.6014938354492188,7.148688316345215,False,0.007477941457182169
1582,176,orig,-1,0.018494844436645508,0.022571101784706116,True,0.6336385011672974
1591,177,orig,-1,0.011556586250662804,0.01472332701086998,True,0.9248831868171692
1600,178,orig,-1,0.10713931918144226,0.12522752583026886,True,0.25404202938079834
1609,179,orig,-1,0.012095202691853046,0.007108410820364952,True,0.7422541975975037
1618,180,orig,-1,0.05177101492881775,0.03473666310310364,True,0.7100702524185181
1627,181,orig,-1,0.304495632648468,0.2793392241001129,False,0.08234811574220657
1636,182,orig,-1,0.0016703576548025012,0.0015376112423837185,True,0.7956812977790833
1645,183,orig,-1,0.04374202340841293,0.05079437792301178,True,0.5064741969108582
1654,184,orig,-1,0.03932195156812668,0.040354907512664795,True,0.24584046006202698
1663,185,orig,-1,0.02818201668560505,0.028640318661928177,False,0.17120148241519928
1672,186,orig,-1,0.030057141557335854,0.029113467782735825,True,0.15876632928848267
1681,187,orig,-1,0.002244285074993968,0.0022098480258136988,True,0.6483213901519775
1690,188,orig,-1,0.0003282320685684681,0.00035700586158782244,True,0.9863929152488708
1699,189,orig,-1,0.030164605006575584,0.03494101017713547,True,0.21318034827709198
1708,190,orig,-1,0.155853271484375,0.14906257390975952,True,0.3117349445819855
1717,191,orig,-1,0.020700376480817795,0.02164648286998272,True,0.16438080370426178
1583,176,paraphrase,-1,0.022094089537858963,0.025119008496403694,True,0.6436291337013245
1592,177,paraphrase,-1,0.01846567913889885,0.024172093719244003,True,0.9127098917961121
1601,178,paraphrase,-1,0.0841033086180687,0.09458546340465546,True,0.2889188826084137
1610,179,paraphrase,-1,0.013314202427864075,0.008229630067944527,True,0.7642384171485901
1619,180,paraphrase,-1,0.0382143035531044,0.03160768374800682,True,0.7015302181243896
1628,181,paraphrase,-1,0.3061782121658325,0.30798348784446716,False,0.08691786229610443
1637,182,paraphrase,-1,0.00037222920218482614,0.00026051889290101826,True,0.775123119354248
1646,183,paraphrase,-1,0.023198485374450684,0.028590936213731766,True,0.5640256404876709
1655,184,paraphrase,-1,0.0398288331925869,0.039293836802244186,True,0.24289044737815857
1664,185,paraphrase,-1,0.032605141401290894,0.032849136739969254,False,0.1636137217283249
1673,186,paraphrase,-1,0.026603376492857933,0.025664133951067924,True,0.16216792166233063
1682,187,paraphrase,-1,0.0007556955679319799,0.0006995059084147215,True,0.6723266243934631
1691,188,paraphrase,-1,0.00028052530251443386,0.00029244297184050083,True,0.9866824150085449
1700,189,paraphrase,-1,0.03249548748135567,0.03507938235998154,True,0.21924316883087158
1709,190,paraphrase,-1,0.12127430737018585,0.11417906731367111,True,0.3125045895576477
1718,191,paraphrase,-1,0.019470760598778725,0.020350545644760132,True,0.16573551297187805
1584,176,translate,-1,0.027574697509407997,0.03261562064290047,True,0.6217637658119202
1593,177,translate,-1,0.01224743202328682,0.01574115827679634,True,0.9237009882926941
1602,178,translate,-1,0.11396792531013489,0.13277685642242432,True,0.2505809962749481
1611,179,translate,-1,0.008457626216113567,0.005541261751204729,True,0.7414916157722473
1620,180,translate,-1,0.04381764680147171,0.03147940710186958,True,0.7121365666389465
1629,181,translate,-1,0.33009693026542664,0.30697715282440186,False,0.07913355529308319
1638,182,translate,-1,0.00033434282522648573,0.00024273322196677327,True,0.7750840187072754
1647,183,translate,-1,0.02675539068877697,0.03139187768101692,True,0.5425829887390137
1656,184,translate,-1,0.03285864740610123,0.0338011234998703,True,0.2370702177286148
1665,185,translate,-1,0.025410855188965797,0.026200607419013977,True,0.18459509313106537
1674,186,translate,-1,0.023393947631120682,0.02365736849606037,True,0.1429177224636078
1683,187,translate,-1,0.0024540203157812357,0.0021321901585906744,True,0.6767528653144836
1692,188,translate,-1,0.00017085319268517196,0.00017834792379289865,True,0.9874788522720337
1701,189,translate,-1,0.03282181918621063,0.03735068440437317,False,0.18458010256290436
1710,190,translate,-1,0.19321131706237793,0.1755896359682083,True,0.32173049449920654
1719,191,translate,-1,0.029802247881889343,0.03081798553466797,True,0.13965396583080292
1585,176,polarity,-1,0.015395861119031906,0.017688505351543427,True,0.6471940279006958
1594,177,polarity,-1,0.007905488833785057,0.00987045094370842,True,0.9324759840965271
1603,178,polarity,-1,0.09533638507127762,0.11492397636175156,True,0.28792262077331543
1612,179,polarity,-1,0.010983503423631191,0.006618872284889221,True,0.7419177293777466
1621,180,polarity,-1,0.06027870252728462,0.04047932103276253,True,0.7024585604667664
1630,181,polarity,-1,0.28219491243362427,0.2624613642692566,False,0.08360373973846436
1639,182,polarity,-1,0.001679642009548843,0.0015441258437931538,True,0.7958555817604065
1648,183,polarity,-1,0.04107261449098587,0.04960685968399048,True,0.5244730710983276
1657,184,polarity,-1,0.035003095865249634,0.03502030670642853,True,0.2528810501098633
1666,185,polarity,-1,0.03808941692113876,0.037841297686100006,False,0.15552034974098206
1675,186,polarity,-1,0.025769490748643875,0.02494797855615616,True,0.15358777344226837
1684,187,polarity,-1,0.0024174025747925043,0.002344020176678896,True,0.6509960889816284
1693,188,polarity,-1,0.00037929427344352007,0.0004326754715293646,True,0.9860774278640747
1702,189,polarity,-1,0.03194990009069443,0.03724700212478638,True,0.2123313695192337
1711,190,polarity,-1,0.13765239715576172,0.13602778315544128,True,0.29543229937553406
1720,191,polarity,-1,0.028192883357405663,0.0295212771743536,True,0.1592542976140976
1586,176,vocab,-1,0.024645404890179634,0.02897425927221775,True,0.6263710856437683
1595,177,vocab,-1,0.019189946353435516,0.02514297515153885,True,0.9110779166221619
1604,178,vocab,-1,0.03561638668179512,0.03766931593418121,False,0.2548459768295288
1613,179,vocab,-1,0.009312213398516178,0.006578217726200819,True,0.7633762359619141
1622,180,vocab,-1,0.16321434080600739,0.11125953495502472,True,0.6342782974243164
1631,181,vocab,-1,0.34154388308525085,0.3809811472892761,False,0.08887877315282822
1640,182,vocab,-1,0.0004901195061393082,0.00047442264622077346,True,0.7739787697792053
1649,183,vocab,-1,0.043633922934532166,0.05305586755275726,True,0.5753334164619446
1658,184,vocab,-1,0.0563543438911438,0.05830700695514679,True,0.18636780977249146
1667,185,vocab,-1,0.05229318141937256,0.05278399586677551,False,0.20070680975914001
1676,186,vocab,-1,0.0430794283747673,0.04359593987464905,True,0.16851571202278137
1685,187,vocab,-1,0.0016848802333697677,0.0017949144821614027,True,0.6664257645606995
1694,188,vocab,-1,0.00028808810748159885,0.00029090841417200863,True,0.9884957075119019
1703,189,vocab,-1,0.07221224904060364,0.07612993568181992,True,0.2328023910522461
1712,190,vocab,-1,0.1236819326877594,0.13443000614643097,True,0.2671579420566559
1721,191,vocab,-1,0.055344417691230774,0.05258283391594887,True,0.1821126788854599
1587,176,cat,-1,1.7041159868240356,8.262127876281738,False,0.13545377552509308
1596,177,cat,-1,3.3046603202819824,15.014262199401855,False,0.031928375363349915
1605,178,cat,-1,8.820196151733398,18.836997985839844,False,0.00013520117499865592
1614,179,cat,-1,4.239598274230957,11.218297004699707,False,0.010167643427848816
1623,180,cat,-1,2.248645067214966,7.58575439453125,False,0.0672718957066536
1632,181,cat,-1,4.974955081939697,10.993448257446289,False,0.002339231316000223
1641,182,cat,-1,3.9572346210479736,9.783639907836914,False,0.02108856663107872
1650,183,cat,-1,3.1964216232299805,8.130653381347656,False,0.022746635600924492
1659,184,cat,-1,4.353163242340088,6.237649917602539,False,0.0004996772622689605
1668,185,cat,-1,7.182627201080322,12.977965354919434,False,1.9839813830913045e-05
1677,186,cat,-1,5.346226215362549,11.370635986328125,False,0.0006843521841801703
1686,187,cat,-1,0.8389254808425903,3.2523417472839355,False,0.21389001607894897
1695,188,cat,-1,2.833820343017578,13.393359184265137,False,0.05622141435742378
1704,189,cat,-1,6.3162455558776855,13.583763122558594,False,0.0030261685606092215
1713,190,cat,-1,6.6083173751831055,8.832539558410645,False,0.00016781699378043413
1722,191,cat,-1,7.401395320892334,9.52212142944336,False,0.00026664475444704294
1588,176,shuffle,-1,0.01662217080593109,0.01930038258433342,True,0.6453774571418762
1597,177,shuffle,-1,0.012860145419836044,0.01627768948674202,True,0.9222606420516968
1606,178,shuffle,-1,0.08176999539136887,0.09793968498706818,True,0.2792106568813324
1615,179,shuffle,-1,0.014423583634197712,0.008745035156607628,True,0.7640861868858337
1624,180,shuffle,-1,0.06972575932741165,0.04456812143325806,True,0.6963992118835449
1633,181,shuffle,-1,0.326476126909256,0.2957982122898102,False,0.07293341308832169
1642,182,shuffle,-1,0.0006484475452452898,0.00048154423711821437,True,0.7744019627571106
1651,183,shuffle,-1,0.04135779291391373,0.048401620239019394,True,0.5356268882751465
1660,184,shuffle,-1,0.04713870584964752,0.04805182293057442,True,0.2498096376657486
1669,185,shuffle,-1,0.03981871157884598,0.039516985416412354,False,0.152640700340271
1678,186,shuffle,-1,0.027783887460827827,0.02723083645105362,True,0.1460479497909546
1687,187,shuffle,-1,0.0008877862710505724,0.0007838584715500474,True,0.6759095788002014
1696,188,shuffle,-1,0.00029216319671832025,0.0003055246779695153,True,0.9872144460678101
1705,189,shuffle,-1,0.03539181873202324,0.04149224981665611,False,0.19862814247608185
1714,190,shuffle,-1,0.17009559273719788,0.17330369353294373,True,0.26588311791419983
1723,191,shuffle,-1,0.019804170355200768,0.02044741064310074,True,0.16548283398151398
1589,176,unrelated,77,2.388554811477661,2.5965018272399902,False,0.055193204432725906
1598,177,unrelated,50,0.20528173446655273,0.6381619572639465,True,0.7384619116783142
1607,178,unrelated,250,9.35384750366211,7.169181823730469,False,1.2333973245404195e-05
1616,179,unrelated,155,3.798264980316162,9.709468841552734,False,0.010318580083549023
1625,180,unrelated,30,5.757786750793457,11.120991706848145,False,0.002100767567753792
1634,181,unrelated,201,6.45971155166626,6.669252395629883,False,6.702070822939277e-05
1643,182,unrelated,25,13.877124786376953,8.31314754486084,False,2.0836637304455508e-06
1652,183,unrelated,156,4.831221580505371,8.869412422180176,False,0.003569900058209896
1661,184,unrelated,214,9.136030197143555,8.217340469360352,False,4.584119778883178e-06
1670,185,unrelated,235,9.265549659729004,8.50922966003418,False,3.622111535150907e-07
1679,186,unrelated,190,5.260385513305664,2.837141752243042,False,1.8106993593391962e-05
1688,187,unrelated,183,7.336122035980225,13.066902160644531,False,0.0005803268286399543
1697,188,unrelated,195,9.15846061706543,10.240571975708008,False,9.799074177863076e-05
1706,189,unrelated,54,2.962360382080078,5.039890289306641,False,0.05788913741707802
1715,190,unrelated,209,6.7620015144348145,9.908886909484863,False,0.0001448485563741997
1724,191,unrelated,80,5.803406238555908,6.912740707397461,False,0.0010731415823101997
1590,176,unrelated_token,77,0.5540594458580017,1.7240033149719238,True,0.32098641991615295
1599,177,unrelated_token,50,0.009626565501093864,0.012848968617618084,True,0.9395685195922852
1608,178,unrelated_token,250,0.5375898480415344,0.46434286236763,False,0.08561569452285767
1617,179,unrelated_token,155,0.06885382533073425,0.17413190007209778,True,0.6879311203956604
1626,180,unrelated_token,30,0.12878815829753876,0.08378683775663376,True,0.688740611076355
1635,181,unrelated_token,201,3.6627004146575928,5.377000331878662,False,0.018616661429405212
1644,182,unrelated_token,25,0.20687724649906158,0.23745746910572052,False,0.4618208110332489
1653,183,unrelated_token,156,0.1849919855594635,0.13090206682682037,True,0.7924455404281616
1662,184,unrelated_token,214,0.27964454889297485,0.3623465895652771,True,0.10790674388408661
1671,185,unrelated_token,235,0.17219474911689758,0.15009474754333496,True,0.4175059497356415
1680,186,unrelated_token,190,0.22143623232841492,0.2905060648918152,False,0.10272727161645889
1689,187,unrelated_token,183,2.449101209640503,6.111596584320068,False,0.05768272653222084
1698,188,unrelated_token,195,0.012652389705181122,0.006043750327080488,True,0.99244624376297
1707,189,unrelated_token,54,0.3290231227874756,0.3263794779777527,False,0.2763124406337738
1716,190,unrelated_token,209,0.46894869208335876,0.7057740092277527,True,0.20604927837848663
1725,191,unrelated_token,80,0.40107831358909607,0.3186032176017761,False,0.14175546169281006
-1,176,ref_identity,-1,0.0,0.0,True,0.6848070025444031
-1,177,ref_identity,-1,0.0,0.0,True,0.9602733254432678
-1,178,ref_identity,-1,0.0,0.0,True,0.339690625667572
-1,179,ref_identity,-1,0.0,0.0,True,0.7330231666564941
-1,180,ref_identity,-1,0.0,0.0,True,0.7374570965766907
-1,181,ref_identity,-1,0.0,0.0,True,0.23198620975017548
-1,182,ref_identity,-1,0.0,0.0,True,0.7744886875152588
-1,183,ref_identity,-1,0.0,0.0,True,0.6184296011924744
-1,184,ref_identity,-1,0.0,0.0,True,0.27022287249565125
-1,185,ref_identity,-1,0.0,0.0,True,0.22995875775814056
-1,186,ref_identity,-1,0.0,0.0,True,0.15470176935195923
-1,187,ref_identity,-1,0.0,0.0,True,0.6716182231903076
-1,188,ref_identity,-1,0.0,0.0,True,0.9880179166793823
-1,189,ref_identity,-1,0.0,0.0,True,0.22092477977275848
-1,190,ref_identity,-1,0.0,0.0,True,0.29732567071914673
-1,191,ref_identity,-1,0.0,0.0,True,0.1827886700630188
-2,176,ref_mean,-1,0.30203354358673096,0.6397783756256104,True,0.47390204668045044
-2,177,ref_mean,-1,0.8750383257865906,3.267857789993286,True,0.36757224798202515
-2,178,ref_mean,-1,3.227937698364258,4.613289833068848,False,0.0543903186917305
-2,179,ref_mean,-1,1.0412334203720093,4.880760192871094,True,0.2736259698867798
-2,180,ref_mean,-1,0.4053826928138733,0.37828749418258667,True,0.49733224511146545
-2,181,ref_mean,-1,4.823825836181641,6.869283199310303,False,0.0010325922630727291
-2,182,ref_mean,-1,8.705597877502441,9.655364990234375,False,0.00016932218568399549
-2,183,ref_mean,-1,0.22351087629795074,0.41823267936706543,True,0.39074698090553284
-2,184,ref_mean,-1,3.682279348373413,2.991485595703125,False,0.0012497376883402467
-2,185,ref_mean,-1,3.5737195014953613,4.006943702697754,False,0.0004113281611353159
-2,186,ref_mean,-1,2.7196767330169678,3.8007543087005615,False,0.012727372348308563
-2,187,ref_mean,-1,4.8799848556518555,5.066805839538574,False,0.005050424952059984
-2,188,ref_mean,-1,0.9535585045814514,5.5831379890441895,True,0.37727925181388855
-2,189,ref_mean,-1,1.1668446063995361,3.1924655437469482,True,0.12313413619995117
-2,190,ref_mean,-1,6.72708797454834,7.2541046142578125,False,0.0001195310105686076
-2,191,ref_mean,-1,6.173110485076904,9.084138870239258,False,0.00010385192581452429
1726,192,orig,-1,0.021521858870983124,0.019773337990045547,True,0.7222461700439453
1735,193,orig,-1,0.03469482436776161,0.03137838840484619,True,0.26862725615501404
1744,194,orig,-1,0.011544402688741684,0.011346004903316498,True,0.3191753029823303
1753,195,orig,-1,0.009047552943229675,0.010511820204555988,True,0.6323710083961487
1762,196,orig,-1,0.027918674051761627,0.030376385897397995,True,0.6101113557815552
1771,197,orig,-1,0.027239324524998665,0.02581021562218666,True,0.15555904805660248
1780,198,orig,-1,0.04759780317544937,0.05021713301539421,True,0.24647943675518036
1789,199,orig,-1,0.02392878383398056,0.02088083140552044,True,0.3976282775402069
1798,200,orig,-1,0.038062289357185364,0.039367206394672394,False,0.09478874504566193
1807,201,orig,-1,0.004728959873318672,0.004971202462911606,False,0.4264490306377411
1816,202,orig,-1,0.02142990753054619,0.022231556475162506,True,0.4259006083011627
1825,203,orig,-1,0.05742667615413666,0.06003410369157791,True,0.4396461248397827
1834,204,orig,-1,0.013021225109696388,0.013197769410908222,True,0.13704103231430054
1843,205,orig,-1,0.0015585022047162056,0.0014635469997301698,True,0.4766942858695984
1852,206,orig,-1,0.009445149451494217,0.009494274854660034,True,0.22357699275016785
1861,207,orig,-1,0.01791210100054741,0.02053971216082573,True,0.7754884958267212
1727,192,paraphrase,-1,0.008284954354166985,0.0080939419567585,True,0.6982349753379822
1736,193,paraphrase,-1,0.03315609320998192,0.030289126560091972,True,0.2671503722667694
1745,194,paraphrase,-1,0.01971692591905594,0.01947605237364769,True,0.30721887946128845
1754,195,paraphrase,-1,0.015574954450130463,0.017695356160402298,True,0.6118562817573547
1763,196,paraphrase,-1,0.019006699323654175,0.02056216076016426,True,0.6290243864059448
1772,197,paraphrase,-1,0.03612874820828438,0.03451573848724365,True,0.16643986105918884
1781,198,paraphrase,-1,0.032137613743543625,0.03343620523810387,True,0.2547242045402527
1790,199,paraphrase,-1,0.015567728318274021,0.013705356046557426,True,0.36108162999153137
1799,200,paraphrase,-1,0.03667088598012924,0.03636913746595383,False,0.09240711480379105
1808,201,paraphrase,-1,0.005037050694227219,0.005328897852450609,False,0.4258626103401184
1817,202,paraphrase,-1,0.02196727693080902,0.02291310951113701,True,0.43538808822631836
1826,203,paraphrase,-1,0.05765729397535324,0.055779408663511276,True,0.4789390563964844
1835,204,paraphrase,-1,0.013935479335486889,0.01419745571911335,True,0.13579732179641724
1844,205,paraphrase,-1,0.002339334459975362,0.002218291163444519,True,0.482662558555603
1853,206,paraphrase,-1,0.0077273910865187645,0.008340070024132729,True,0.21665263175964355
1862,207,paraphrase,-1,0.019824620336294174,0.022660046815872192,True,0.769315779209137
1728,192,translate,-1,0.014023944735527039,0.013335280120372772,True,0.7104750275611877
1737,193,translate,-1,0.03139998018741608,0.029094651341438293,True,0.26791220903396606
1746,194,translate,-1,0.01885562390089035,0.019009608775377274,True,0.29823750257492065
1755,195,translate,-1,0.026514677330851555,0.030720412731170654,True,0.590606153011322
1764,196,translate,-1,0.01814330741763115,0.01933598890900612,True,0.6400924324989319
1773,197,translate,-1,0.03492707014083862,0.033098991960287094,True,0.16288723051548004
1782,198,translate,-1,0.048250455409288406,0.049530234187841415,True,0.26323404908180237
1791,199,translate,-1,0.012692032381892204,0.011166625656187534,True,0.36377906799316406
1800,200,translate,-1,0.030683984979987144,0.030442263931035995,False,0.09535184502601624
1809,201,translate,-1,0.004146139603108168,0.004185124300420284,False,0.4301510155200958
1818,202,translate,-1,0.025168059393763542,0.02626867964863777,True,0.4257410764694214
1827,203,translate,-1,0.05677119642496109,0.05855622887611389,True,0.4531923830509186
1836,204,translate,-1,0.011134100146591663,0.011147411540150642,True,0.13723789155483246
1845,205,translate,-1,0.0021792545448988676,0.002178056398406625,True,0.45574042201042175
1854,206,translate,-1,0.010225595906376839,0.010291379876434803,True,0.22504617273807526
1863,207,translate,-1,0.020431049168109894,0.02349887043237686,True,0.7684778571128845
1729,192,polarity,-1,0.013823851943016052,0.013144897297024727,True,0.7097486257553101
1738,193,polarity,-1,0.03224829584360123,0.029486391693353653,True,0.26685330271720886
1747,194,polarity,-1,0.016831867396831512,0.016701728105545044,True,0.29347020387649536
1756,195,polarity,-1,0.00832987017929554,0.009612983092665672,True,0.6358604431152344
1765,196,polarity,-1,0.024411149322986603,0.026283156126737595,True,0.6231831908226013
1774,197,polarity,-1,0.026603884994983673,0.025537151843309402,True,0.1573151797056198
1783,198,polarity,-1,0.04734025150537491,0.04805491119623184,True,0.271908164024353
1792,199,polarity,-1,0.02269655093550682,0.020196644589304924,True,0.40197494626045227
1801,200,polarity,-1,0.04724310711026192,0.05155500769615173,False,0.0924675464630127
1810,201,polarity,-1,0.004041177220642567,0.004116840660572052,False,0.42963770031929016
1819,202,polarity,-1,0.01936609297990799,0.019051969051361084,True,0.4349294900894165
1828,203,polarity,-1,0.0724925696849823,0.07697013020515442,True,0.41397789120674133
1837,204,polarity,-1,0.01382707990705967,0.0140618234872818,True,0.13387452065944672
1846,205,polarity,-1,0.0011806043330579996,0.0011609953362494707,True,0.4667053818702698
1855,206,polarity,-1,0.01018440816551447,0.010277872905135155,True,0.22494550049304962
1864,207,polarity,-1,0.027947135269641876,0.03266604244709015,True,0.7525399327278137
1730,192,vocab,-1,0.010372485965490341,0.011453271843492985,True,0.66402268409729
1739,193,vocab,-1,0.04569697007536888,0.0437823161482811,True,0.25856614112854004
1748,194,vocab,-1,0.05584055930376053,0.05823811888694763,False,0.24452872574329376
1757,195,vocab,-1,0.007717711851000786,0.008648451417684555,True,0.6465767025947571
1766,196,vocab,-1,0.00691433809697628,0.007586438674479723,True,0.6981192231178284
1775,197,vocab,-1,0.04211762547492981,0.04038171470165253,True,0.1472887545824051
1784,198,vocab,-1,0.11333733797073364,0.12845228612422943,True,0.24248339235782623
1793,199,vocab,-1,0.010227135382592678,0.009875690564513206,True,0.346055269241333
1802,200,vocab,-1,0.1713879406452179,0.21207460761070251,False,0.06905010342597961
1811,201,vocab,-1,0.004822056740522385,0.004717918112874031,False,0.43155205249786377
1820,202,vocab,-1,0.024435468018054962,0.02677951380610466,True,0.4041127562522888
1829,203,vocab,-1,0.2549479007720947,0.17398032546043396,True,0.7156110405921936
1838,204,vocab,-1,0.03615888953208923,0.03572332113981247,True,0.1081179678440094
1847,205,vocab,-1,0.0027911304496228695,0.0029065273702144623,True,0.4673350751399994
1856,206,vocab,-1,0.006098455283790827,0.0064886175096035,True,0.1891290843486786
1865,207,vocab,-1,0.023741476237773895,0.028936658054590225,True,0.7684081196784973
1731,192,cat,-1,6.027354717254639,18.206701278686523,False,0.0008426997228525579
1740,193,cat,-1,5.879881858825684,10.17982292175293,False,0.00023052490723785013
1749,194,cat,-1,8.4794921875,13.427186965942383,False,1.2796933333447669e-05
1758,195,cat,-1,3.5954535007476807,12.600605964660645,False,0.009514437057077885
1767,196,cat,-1,9.38138198852539,16.252582550048828,False,3.0068682463024743e-05
1776,197,cat,-1,6.591981887817383,13.778953552246094,False,0.0016443016938865185
1785,198,cat,-1,4.4419379234313965,8.964920997619629,False,0.0006833348306827247
1794,199,cat,-1,4.198692321777344,10.881831169128418,False,0.0003437547420617193
1803,200,cat,-1,4.2408905029296875,8.584681510925293,False,0.0007273791125044227
1812,201,cat,-1,0.7166649103164673,4.882762432098389,True,0.1909836083650589
1821,202,cat,-1,6.522068500518799,11.531231880187988,False,0.0001307633356191218
1830,203,cat,-1,2.8287718296051025,9.066790580749512,False,0.03993693366646767
1839,204,cat,-1,2.080702066421509,4.407900810241699,False,0.0016712225042283535
1848,205,cat,-1,3.6071670055389404,12.914924621582031,False,0.02579534985125065
1857,206,cat,-1,2.7627992630004883,12.301422119140625,False,0.041240353137254715
1866,207,cat,-1,4.479842185974121,10.506560325622559,False,0.006077141035348177
1732,192,shuffle,-1,0.003067709505558014,0.0029647517949342728,True,0.6848058700561523
1741,193,shuffle,-1,0.02528529241681099,0.024202439934015274,True,0.26779457926750183
1750,194,shuffle,-1,0.017139948904514313,0.016971923410892487,True,0.2932348847389221
1759,195,shuffle,-1,0.01373653020709753,0.015262056142091751,True,0.6165339946746826
1768,196,shuffle,-1,0.031729284673929214,0.03472224622964859,True,0.602593183517456
1777,197,shuffle,-1,0.03278842195868492,0.03093794733285904,True,0.16714373230934143
1786,198,shuffle,-1,0.080916628241539,0.08925652503967285,True,0.24768321216106415
1795,199,shuffle,-1,0.017464904114603996,0.015605220571160316,True,0.39042750000953674
1804,200,shuffle,-1,0.06308193504810333,0.07000414282083511,False,0.08872360736131668
1813,201,shuffle,-1,0.006970229092985392,0.007301290985196829,False,0.4225773513317108
1822,202,shuffle,-1,0.028328794986009598,0.029873356223106384,True,0.4009060561656952
1831,203,shuffle,-1,0.03430229797959328,0.029056435450911522,True,0.56627357006073
1840,204,shuffle,-1,0.024950172752141953,0.025096174329519272,True,0.10712902992963791
1849,205,shuffle,-1,0.0016205989522859454,0.0015916478587314487,True,0.4698159396648407
1858,206,shuffle,-1,0.008803602308034897,0.00884905643761158,True,0.20627981424331665
1867,207,shuffle,-1,0.018398351967334747,0.021008439362049103,True,0.7742471098899841
1733,192,unrelated,202,7.311317443847656,10.760721206665039,False,0.00011372307926649228
1742,193,unrelated,173,5.539457321166992,7.8785176277160645,False,0.0024097044952213764
1751,194,unrelated,230,8.014123916625977,8.480718612670898,False,1.8005483070737682e-05
1760,195,unrelated,3,8.790891647338867,9.311250686645508,False,3.491479219519533e-05
1769,196,unrelated,33,8.058351516723633,8.972323417663574,False,5.248043453320861e-05
1778,197,unrelated,185,4.6764984130859375,7.371118545532227,False,0.0022953443694859743
1787,198,unrelated,21,3.3705215454101562,5.063147068023682,False,0.01268682349473238
1796,199,unrelated,162,4.202791213989258,7.218780517578125,False,0.000296043319394812
1805,200,unrelated,140,1.0467333793640137,1.1010138988494873,False,0.024365602061152458
1814,201,unrelated,48,9.418027877807617,13.87016487121582,False,4.914401870337315e-05
1823,202,unrelated,232,9.454500198364258,8.176090240478516,False,1.3494849554263055e-05
1832,203,unrelated,12,9.908611297607422,12.803755760192871,False,3.876037681038724e-06
1841,204,unrelated,119,1.8429865837097168,1.4022619724273682,False,0.0016206110594794154
1850,205,unrelated,79,12.28921127319336,12.178997993469238,False,7.855566082071164e-07
1859,206,unrelated,83,5.895927906036377,7.257177352905273,False,0.0007730975048616529
1868,207,unrelated,126,8.22152042388916,11.519566535949707,False,0.00015556633297819644
1734,192,unrelated_token,202,0.06128954514861107,0.11127584427595139,True,0.5634297132492065
1743,193,unrelated_token,173,0.26109981536865234,0.2856559753417969,True,0.24935203790664673
1752,194,unrelated_token,230,1.6429615020751953,3.2281668186187744,False,0.047084592282772064
1761,195,unrelated_token,3,1.019855260848999,1.760186791419983,False,0.15625253319740295
1770,196,unrelated_token,33,0.4023558795452118,1.549334168434143,True,0.503779411315918
1779,197,unrelated_token,185,0.2726607024669647,0.29221171140670776,True,0.22524450719356537
1788,198,unrelated_token,21,0.4925876557826996,0.6819661855697632,True,0.18842396140098572
1797,199,unrelated_token,162,0.1317024677991867,0.12258525937795639,True,0.5554704070091248
1806,200,unrelated_token,140,0.18848611414432526,0.2833649814128876,False,0.06891327351331711
1815,201,unrelated_token,48,0.33552446961402893,0.4459918141365051,False,0.16804185509681702
1824,202,unrelated_token,232,0.2066495716571808,0.2617107629776001,True,0.2804678976535797
1833,203,unrelated_token,12,0.3785078525543213,0.25119778513908386,True,0.6547024250030518
1842,204,unrelated_token,119,0.6152519583702087,0.4912606179714203,True,0.2648468017578125
1851,205,unrelated_token,79,0.06942343711853027,0.05635261535644531,True,0.5631216168403625
1860,206,unrelated_token,83,0.1662713885307312,0.23839609324932098,True,0.27633970975875854
1869,207,unrelated_token,126,0.36637499928474426,0.14426961541175842,True,0.9802271127700806
-1,192,ref_identity,-1,0.0,0.0,True,0.6677237153053284
-1,193,ref_identity,-1,0.0,0.0,True,0.25110355019569397
-1,194,ref_identity,-1,0.0,0.0,True,0.35564497113227844
-1,195,ref_identity,-1,0.0,0.0,True,0.682959794998169
-1,196,ref_identity,-1,0.0,0.0,True,0.7071409821510315
-1,197,ref_identity,-1,0.0,0.0,True,0.13358654081821442
-1,198,ref_identity,-1,0.0,0.0,True,0.2484423965215683
-1,199,ref_identity,-1,0.0,0.0,True,0.33954447507858276
-1,200,ref_identity,-1,0.0,0.0,True,0.10572943836450577
-1,201,ref_identity,-1,0.0,0.0,True,0.4625786244869232
-1,202,ref_identity,-1,0.0,0.0,True,0.4728225767612457
-1,203,ref_identity,-1,0.0,0.0,True,0.5000759959220886
-1,204,ref_identity,-1,0.0,0.0,True,0.14110563695430756
-1,205,ref_identity,-1,0.0,0.0,True,0.46864408254623413
-1,206,ref_identity,-1,0.0,0.0,True,0.2020772248506546
-1,207,ref_identity,-1,0.0,0.0,True,0.8395847082138062
-2,192,ref_mean,-1,1.344298243522644,4.951528549194336,False,0.09038226306438446
-2,193,ref_mean,-1,0.20185339450836182,0.3250572979450226,True,0.2842629551887512
-2,194,ref_mean,-1,0.3698057532310486,0.6596919894218445,False,0.18453414738178253
-2,195,ref_mean,-1,0.8964441418647766,1.9529163837432861,True,0.18533562123775482
-2,196,ref_mean,-1,7.383503437042236,6.9516496658325195,False,8.767772669671103e-05
-2,197,ref_mean,-1,1.5184239149093628,3.36997389793396,False,0.07810771465301514
-2,198,ref_mean,-1,2.1943891048431396,4.396230697631836,False,0.024193862453103065
-2,199,ref_mean,-1,3.5332417488098145,5.4555463790893555,False,0.0003073628759011626
-2,200,ref_mean,-1,1.1988377571105957,2.1281473636627197,False,0.028873445466160774
-2,201,ref_mean,-1,0.11440863460302353,0.274460107088089,False,0.33660849928855896
-2,202,ref_mean,-1,2.936122179031372,5.485079765319824,False,0.02407803013920784
-2,203,ref_mean,-1,1.424595594406128,3.8206088542938232,True,0.3351667523384094
-2,204,ref_mean,-1,1.6300885677337646,1.5141085386276245,False,0.005377092864364386
-2,205,ref_mean,-1,3.9564974308013916,5.9606170654296875,False,0.006531368009746075
-2,206,ref_mean,-1,0.7394894361495972,1.5261858701705933,True,0.11253034323453903
-2,207,ref_mean,-1,1.8582309484481812,3.970350503921509,False,0.10263539105653763
1870,208,orig,-1,0.09097553789615631,0.10894515365362167,True,0.22159723937511444
1879,209,orig,-1,0.00524473050609231,0.005892046261578798,True,0.6867304444313049
1888,210,orig,-1,0.016404666006565094,0.016262207180261612,True,0.3175607919692993
1897,211,orig,-1,1.0083184242248535,2.923741579055786,True,0.26719892024993896
1906,212,orig,-1,0.0389862135052681,0.06340746581554413,True,0.9129456877708435
1915,213,orig,-1,0.0001057079789461568,8.940108818933368e-05,True,0.9979015588760376
1924,214,orig,-1,0.008405725471675396,0.008496256545186043,True,0.789230227470398
1933,215,orig,-1,0.03609829023480415,0.03926415741443634,True,0.38840481638908386
1942,216,orig,-1,0.0057366276159882545,0.005513720214366913,True,0.6858788132667542
1951,217,orig,-1,0.06412426382303238,0.06641647219657898,False,0.29626351594924927
1960,218,orig,-1,0.04865081608295441,0.04586373269557953,True,0.17649076879024506
1969,219,orig,-1,0.021242927759885788,0.018975744023919106,True,0.25608718395233154
1978,220,orig,-1,0.009024183265864849,0.008906404487788677,True,0.18555128574371338
1987,221,orig,-1,0.08388732373714447,0.09493662416934967,True,0.25199416279792786
1996,222,orig,-1,0.0182578694075346,0.018755946308374405,True,0.06498942524194717
2005,223,orig,-1,0.014774028211832047,0.014581255614757538,True,0.37978750467300415
1871,208,paraphrase,-1,0.09919550269842148,0.1190735399723053,True,0.22207772731781006
1880,209,paraphrase,-1,0.004458969458937645,0.004903983324766159,True,0.6888062953948975
1889,210,paraphrase,-1,0.009006079286336899,0.009346570819616318,True,0.3458688259124756
1898,211,paraphrase,-1,0.8855639696121216,2.482015371322632,True,0.30064621567726135
1907,212,paraphrase,-1,0.03568419814109802,0.05791790410876274,True,0.9189836978912354
1916,213,paraphrase,-1,4.7356810682686046e-05,3.714845661306754e-05,True,0.9973739385604858
1925,214,paraphrase,-1,0.008728833869099617,0.009364288300275803,True,0.7776646018028259
1934,215,paraphrase,-1,0.036691609770059586,0.039556100964546204,True,0.4037361443042755
1943,216,paraphrase,-1,0.008162951096892357,0.007653063163161278,True,0.7082261443138123
1952,217,paraphrase,-1,0.09576951712369919,0.1087152361869812,False,0.2683861255645752
1961,218,paraphrase,-1,0.04953119158744812,0.04618437960743904,True,0.17460256814956665
1970,219,paraphrase,-1,0.015068486332893372,0.014084819704294205,True,0.25807398557662964
1979,220,paraphrase,-1,0.015598450787365437,0.01570279151201248,True,0.16953518986701965
1988,221,paraphrase,-1,0.07135449349880219,0.0782923698425293,True,0.2594684660434723
1997,222,paraphrase,-1,0.01889820583164692,0.019338229671120644,True,0.06797298789024353
2006,223,paraphrase,-1,0.013059210032224655,0.012661315500736237,True,0.4046767055988312
1872,208,translate,-1,0.08120239526033401,0.09572701156139374,True,0.22624796628952026
1881,209,translate,-1,0.006289798766374588,0.007039202842861414,True,0.6860286593437195
1890,210,translate,-1,0.017194852232933044,0.017933454364538193,True,0.3238932192325592
1899,211,translate,-1,0.9456127285957336,2.730442523956299,True,0.28425416350364685
1908,212,translate,-1,0.05171748995780945,0.08953694999217987,True,0.8987370729446411
1917,213,translate,-1,0.0002276131126563996,0.0002500198024790734,True,0.9963144659996033
1926,214,translate,-1,0.010462047532200813,0.010732779279351234,True,0.7829709053039551
1935,215,translate,-1,0.03935918211936951,0.04353618621826172,True,0.3979528844356537
1944,216,translate,-1,0.007357546128332615,0.00711003877222538,True,0.6911593675613403
1953,217,translate,-1,0.07966064661741257,0.08408944308757782,False,0.2954338490962982
1962,218,translate,-1,0.039356529712677,0.037639107555150986,True,0.16073067486286163
1971,219,translate,-1,0.017963014543056488,0.016494568437337875,True,0.25701332092285156
1980,220,translate,-1,0.014179439283907413,0.014175639487802982,True,0.17100872099399567
1989,221,translate,-1,0.10224705934524536,0.11027165502309799,True,0.22250433266162872
1998,222,translate,-1,0.018578186631202698,0.019001057371497154,True,0.06428121775388718
2007,223,translate,-1,0.0364474281668663,0.036517322063446045,True,0.33733052015304565
1873,208,polarity,-1,0.07858631014823914,0.09319108724594116,True,0.22825424373149872
1882,209,polarity,-1,0.005304867401719093,0.005898504052311182,True,0.6857142448425293
1891,210,polarity,-1,0.012992285192012787,0.013140104711055756,True,0.3284287750720978
1900,211,polarity,-1,1.0539402961730957,2.994638204574585,True,0.2535560131072998
1909,212,polarity,-1,0.04681573808193207,0.07862096279859543,True,0.9035742282867432
1918,213,polarity,-1,4.6025867050047964e-05,3.474932236713357e-05,True,0.9973902106285095
1927,214,polarity,-1,0.010342865251004696,0.011476367712020874,True,0.7795525193214417
1936,215,polarity,-1,0.04558732360601425,0.0504152774810791,True,0.36801689863204956
1945,216,polarity,-1,0.006327172741293907,0.006528723053634167,True,0.6661373972892761
1954,217,polarity,-1,0.07147976756095886,0.07260901480913162,False,0.30209842324256897
1963,218,polarity,-1,0.05096493288874626,0.04802440106868744,True,0.1787753701210022
1972,219,polarity,-1,0.020488299429416656,0.01797286607325077,True,0.2570534348487854
1981,220,polarity,-1,0.010764740407466888,0.010768067091703415,True,0.1742662638425827
1990,221,polarity,-1,0.0912398025393486,0.10000267624855042,True,0.24855093657970428
1999,222,polarity,-1,0.02247866801917553,0.02316811867058277,True,0.06633462756872177
2008,223,polarity,-1,0.0190320685505867,0.01817195862531662,True,0.3821050822734833
1874,208,vocab,-1,0.046374041587114334,0.05172468349337578,True,0.2685489356517792
1883,209,vocab,-1,0.008833235129714012,0.007822579704225063,True,0.7216492295265198
1892,210,vocab,-1,0.010837843641638756,0.01196956541389227,True,0.4009430408477783
1901,211,vocab,-1,0.04179651290178299,0.06146978586912155,True,0.7985795140266418
1910,212,vocab,-1,0.2537047564983368,0.5852110385894775,True,0.7165650725364685
1919,213,vocab,-1,0.00038738982402719557,0.00044885670649819076,True,0.9958256483078003
1928,214,vocab,-1,0.053742870688438416,0.06391435861587524,True,0.6621673703193665
1937,215,vocab,-1,0.021646693348884583,0.021676937118172646,True,0.4270731806755066
1946,216,vocab,-1,0.010260245762765408,0.01049020141363144,True,0.6778838634490967
1955,217,vocab,-1,0.19807827472686768,0.2753359079360962,True,0.24213266372680664
1964,218,vocab,-1,0.137717604637146,0.13329274952411652,True,0.1687489002943039
1973,219,vocab,-1,0.04089139774441719,0.03681226819753647,True,0.24202634394168854
1982,220,vocab,-1,0.03137267380952835,0.03272198513150215,True,0.17775818705558777
1991,221,vocab,-1,0.06736838072538376,0.07277630269527435,True,0.2704031467437744
2000,222,vocab,-1,0.03859395161271095,0.0392703115940094,True,0.06722941994667053
2009,223,vocab,-1,0.029093600809574127,0.030148692429065704,True,0.3697511553764343
1875,208,cat,-1,7.8463029861450195,16.1838321685791,False,6.556020525749773e-05
1884,209,cat,-1,0.7276239991188049,4.526684284210205,True,0.38465723395347595
1893,210,cat,-1,2.7162623405456543,9.365808486938477,False,0.03925124183297157
1902,211,cat,-1,4.372800350189209,9.86260986328125,False,0.007328386884182692
1911,212,cat,-1,7.146725177764893,11.2798490524292,False,0.000654923147521913
1920,213,cat,-1,5.87048864364624,13.657519340515137,False,0.0027601339388638735
1929,214,cat,-1,1.3289393186569214,7.253666400909424,True,0.21642754971981049
1938,215,cat,-1,1.7608977556228638,2.5012617111206055,True,0.5080774426460266
1947,216,cat,-1,2.162280559539795,7.378287315368652,True,0.06913112103939056
1956,217,cat,-1,8.987571716308594,15.581131935119629,False,8.991861250251532e-05
1965,218,cat,-1,4.760398864746094,9.909741401672363,False,5.575633986154571e-05
1974,219,cat,-1,10.239557266235352,19.480846405029297,False,1.5117816474230494e-06
1983,220,cat,-1,5.660676002502441,7.5131049156188965,False,0.00017642286547925323
1992,221,cat,-1,1.852243423461914,5.971651554107666,False,0.0710238441824913
2001,222,cat,-1,4.908149242401123,9.891161918640137,False,0.015423307195305824
2010,223,cat,-1,6.094862461090088,6.404294490814209,False,6.259397196117789e-05
1876,208,shuffle,-1,0.0763765424489975,0.08916909992694855,True,0.23419693112373352
1885,209,shuffle,-1,0.005715625826269388,0.006405106745660305,True,0.6863636374473572
1894,210,shuffle,-1,0.012773841619491577,0.013262420892715454,True,0.3377331495285034
1903,211,shuffle,-1,0.8691110610961914,2.4456541538238525,True,0.30532222986221313
1912,212,shuffle,-1,0.05364712327718735,0.09246718883514404,True,0.8993185758590698
1921,213,shuffle,-1,0.00012232792505528778,0.00011852859461214393,True,0.9967530369758606
1930,214,shuffle,-1,0.018951673060655594,0.02092951536178589,True,0.7545804381370544
1939,215,shuffle,-1,0.02230830304324627,0.02370404079556465,True,0.41821467876434326
1948,216,shuffle,-1,0.006952083669602871,0.006567530799657106,True,0.6869164109230042
1957,217,shuffle,-1,0.04556748643517494,0.03826204687356949,True,0.3621009588241577
1966,218,shuffle,-1,0.06214086711406708,0.05944053828716278,True,0.1935092955827713
1975,219,shuffle,-1,0.020848527550697327,0.018799446523189545,True,0.25575336813926697
1984,220,shuffle,-1,0.013644302263855934,0.01377132348716259,True,0.1621965765953064
1993,221,shuffle,-1,0.10498102009296417,0.11720612645149231,True,0.23718151450157166
2002,222,shuffle,-1,0.021799322217702866,0.022514337673783302,True,0.06692683696746826
2011,223,shuffle,-1,0.01359570026397705,0.012955838814377785,True,0.43258336186408997
1877,208,unrelated,9,4.574761390686035,9.002058982849121,False,0.0012060271110385656
1886,209,unrelated,248,13.174951553344727,9.66797161102295,False,7.180746592894138e-07
1895,210,unrelated,193,5.458571434020996,10.607728004455566,False,0.004553856328129768
1904,211,unrelated,154,7.978703498840332,6.272212505340576,False,0.00016179641534108669
1913,212,unrelated,143,11.419729232788086,8.251373291015625,False,8.580989742767997e-06
1922,213,unrelated,124,10.762880325317383,15.330085754394531,False,2.0758978280355223e-05
1931,214,unrelated,135,7.28201150894165,10.827801704406738,False,0.0005701578338630497
1940,215,unrelated,220,2.1906728744506836,2.6114907264709473,False,0.024817166849970818
1949,216,unrelated,243,7.463222503662109,6.147658348083496,False,0.000300154642900452
1958,217,unrelated,228,9.271944999694824,5.420042991638184,False,1.2477803466026671e-05
1967,218,unrelated,66,9.808577537536621,9.166112899780273,False,1.4794359515235556e-07
1976,219,unrelated,16,4.058249473571777,8.14577579498291,False,0.009370244108140469
1985,220,unrelated,239,5.703919410705566,4.741186618804932,False,2.3273687475011684e-05
1994,221,unrelated,42,7.439633369445801,7.08803653717041,False,9.764139394974336e-05
2003,222,unrelated,11,7.202023983001709,13.623407363891602,False,0.00010159471275983378
2012,223,unrelated,237,7.332170009613037,6.469576835632324,False,1.713763595034834e-05
1878,208,unrelated_token,9,0.24546749889850616,0.1956098973751068,True,0.2624715268611908
1887,209,unrelated_token,248,0.039411306381225586,0.051744356751441956,True,0.7778104543685913
1896,210,unrelated_token,193,0.6909302473068237,1.6586835384368896,False,0.10485822707414627
1905,211,unrelated_token,154,2.968334197998047,4.833715915679932,False,0.037462860345840454
1914,212,unrelated_token,143,9.96505069732666,9.90666675567627,False,3.806878157774918e-05
1923,213,unrelated_token,124,0.06993494927883148,0.20076607167720795,True,0.9222998023033142
1932,214,unrelated_token,135,0.23277783393859863,0.31839314103126526,True,0.48778554797172546
1941,215,unrelated_token,220,0.04229691997170448,0.03953669220209122,True,0.4308425784111023
1950,216,unrelated_token,243,0.10269629210233688,0.19965530931949615,True,0.6811057329177856
1959,217,unrelated_token,228,1.0372153520584106,1.3688938617706299,False,0.12744936347007751
1968,218,unrelated_token,66,0.23053675889968872,0.2109116017818451,True,0.16010423004627228
1977,219,unrelated_token,16,0.5999760031700134,0.7879845499992371,True,0.2154969573020935
1986,220,unrelated_token,239,0.08189357072114944,0.07038591802120209,True,0.21731401979923248
1995,221,unrelated_token,42,0.3296927809715271,0.31982508301734924,False,0.1605270504951477
2004,222,unrelated_token,11,0.06636771559715271,0.06422556191682816,True,0.07556258887052536
2013,223,unrelated_token,237,0.16730040311813354,0.1459510773420334,True,0.5914642810821533
-1,208,ref_identity,-1,0.0,0.0,True,0.29848623275756836
-1,209,ref_identity,-1,0.0,0.0,True,0.7169374227523804
-1,210,ref_identity,-1,0.0,0.0,True,0.3970203995704651
-1,211,ref_identity,-1,0.0,0.0,True,0.8651003241539001
-1,212,ref_identity,-1,0.0,0.0,True,0.9755370616912842
-1,213,ref_identity,-1,0.0,0.0,True,0.9973692893981934
-1,214,ref_identity,-1,0.0,0.0,True,0.7992588877677917
-1,215,ref_identity,-1,0.0,0.0,True,0.4658275246620178
-1,216,ref_identity,-1,0.0,0.0,True,0.685372531414032
-1,217,ref_identity,-1,0.0,0.0,True,0.3322189450263977
-1,218,ref_identity,-1,0.0,0.0,True,0.12770935893058777
-1,219,ref_identity,-1,0.0,0.0,True,0.22790315747261047
-1,220,ref_identity,-1,0.0,0.0,True,0.2030123621225357
-1,221,ref_identity,-1,0.0,0.0,True,0.2902820408344269
-1,222,ref_identity,-1,0.0,0.0,True,0.0683969110250473
-1,223,ref_identity,-1,0.0,0.0,True,0.4197749197483063
-2,208,ref_mean,-1,1.8205381631851196,2.8316972255706787,False,0.02145298384130001
-2,209,ref_mean,-1,4.238265514373779,8.364579200744629,False,0.011961814016103745
-2,210,ref_mean,-1,1.9703623056411743,6.59959602355957,False,0.018531229346990585
-2,211,ref_mean,-1,6.616803169250488,4.516772747039795,False,0.0004995554918423295
-2,212,ref_mean,-1,6.553769588470459,7.259407043457031,False,0.0011635672999545932
-2,213,ref_mean,-1,5.642306804656982,13.942671775817871,False,0.003484440967440605
-2,214,ref_mean,-1,0.35487252473831177,0.8519867658615112,True,0.4612395465373993
-2,215,ref_mean,-1,3.358010768890381,7.500743865966797,False,0.029581516981124878
-2,216,ref_mean,-1,0.2742574214935303,0.7836471199989319,True,0.5552414655685425
-2,217,ref_mean,-1,1.2913835048675537,1.919106125831604,False,0.07776422053575516
-2,218,ref_mean,-1,2.9271106719970703,5.56269645690918,False,0.0018556490540504456
-2,219,ref_mean,-1,0.7327775955200195,1.5108059644699097,False,0.1457255780696869
-2,220,ref_mean,-1,5.229499816894531,4.571820259094238,False,8.562348375562578e-05
-2,221,ref_mean,-1,1.6197879314422607,1.369969367980957,True,0.25350478291511536
-2,222,ref_mean,-1,3.192999839782715,6.755092620849609,False,0.002220497466623783
-2,223,ref_mean,-1,4.925182342529297,5.141997337341309,False,9.540409519104287e-05
2014,224,orig,-1,0.00395859545096755,0.0037139609921723604,True,0.8711521625518799
2022,225,orig,-1,0.019915785640478134,0.02191169559955597,True,0.6081250905990601
2031,226,orig,-1,0.14814843237400055,0.22387829422950745,True,0.7424516677856445
2040,227,orig,-1,0.051692746579647064,0.03696348890662193,True,0.9162073731422424
2049,228,orig,-1,0.1469331681728363,0.12413420528173447,False,0.17716185748577118
2058,229,orig,-1,0.03983515873551369,0.04320015013217926,True,0.3373589515686035
2067,230,orig,-1,0.05775073543190956,0.036191295832395554,False,0.36545392870903015
2076,231,orig,-1,0.10782891511917114,0.09647886455059052,True,0.5178040862083435
2085,232,orig,-1,0.029699675738811493,0.03222823888063431,True,0.4047025442123413
2094,233,orig,-1,0.0013371423119679093,0.0015117519069463015,True,0.9781914353370667
2103,234,orig,-1,0.0004997993819415569,0.0006120298057794571,True,0.7916365265846252
2112,235,orig,-1,0.061356961727142334,0.06880737841129303,False,0.1328658014535904
2121,236,orig,-1,0.007831715978682041,0.008956314995884895,True,0.5864269733428955
2130,237,orig,-1,0.02340053953230381,0.0252824779599905,True,0.2557007670402527
2139,238,orig,-1,0.04091879725456238,0.03686591610312462,True,0.4038568437099457
2148,239,orig,-1,0.01306622102856636,0.012939464300870895,True,0.47671088576316833
2015,224,paraphrase,-1,0.00030437333043664694,0.0002808259450830519,True,0.8435795307159424
2023,225,paraphrase,-1,0.009443281218409538,0.009875316172838211,True,0.6488966941833496
2032,226,paraphrase,-1,0.07629983127117157,0.11265993118286133,True,0.781052827835083
2041,227,paraphrase,-1,0.06419693678617477,0.04707643389701843,True,0.9303378462791443
2050,228,paraphrase,-1,0.1677567958831787,0.13803252577781677,False,0.17712877690792084
2059,229,paraphrase,-1,0.04433401674032211,0.049332793802022934,True,0.3371928036212921
2068,230,paraphrase,-1,0.05750010162591934,0.03577439859509468,False,0.3576056659221649
2077,231,paraphrase,-1,0.09573455154895782,0.0875062569975853,True,0.5094346404075623
2086,232,paraphrase,-1,0.031142059713602066,0.035709768533706665,True,0.41214022040367126
2095,233,paraphrase,-1,0.002211483661085367,0.0026665895711630583,True,0.9750656485557556
2104,234,paraphrase,-1,0.0004619403334800154,0.0005572493537329137,True,0.7917988896369934
2113,235,paraphrase,-1,0.07813923060894012,0.08839492499828339,False,0.12800048291683197
2122,236,paraphrase,-1,0.006211910396814346,0.006889578886330128,True,0.5855513215065002
2131,237,paraphrase,-1,0.02084956131875515,0.023826153948903084,True,0.24215613305568695
2140,238,paraphrase,-1,0.048159826546907425,0.04330720007419586,True,0.38561078906059265
2149,239,paraphrase,-1,0.016875378787517548,0.01704181358218193,True,0.4598233103752136
2016,224,translate,-1,0.0022688801400363445,0.0020879872608929873,True,0.8609935641288757
2024,225,translate,-1,0.013556341640651226,0.014867371879518032,True,0.6198610067367554
2033,226,translate,-1,0.041293125599622726,0.054432958364486694,True,0.8304576277732849
2042,227,translate,-1,0.03868172690272331,0.02750859595835209,True,0.9022637605667114
2051,228,translate,-1,0.13331404328346252,0.11770039796829224,False,0.1748422235250473
2060,229,translate,-1,0.0376165397465229,0.040931880474090576,True,0.3353011906147003
2069,230,translate,-1,0.05741948261857033,0.03571915626525879,False,0.3655097484588623
2078,231,translate,-1,0.0958499163389206,0.08860167115926743,True,0.5166876912117004
2087,232,translate,-1,0.019876521080732346,0.02315814234316349,True,0.4454321563243866
2096,233,translate,-1,0.001125905429944396,0.0013081483775749803,True,0.9803531169891357
2105,234,translate,-1,0.0002563612360972911,0.00029584334697574377,True,0.7923726439476013
2114,235,translate,-1,0.05792444944381714,0.06161763519048691,False,0.13104857504367828
2123,236,translate,-1,0.007684049196541309,0.008901447057723999,True,0.5797165632247925
2132,237,translate,-1,0.023657778277993202,0.024885747581720352,True,0.2608949840068817
2141,238,translate,-1,0.045041847974061966,0.04021338000893593,True,0.39092162251472473
2150,239,translate,-1,0.014094393700361252,0.014230247586965561,True,0.4521480202674866
2017,224,polarity,-1,0.0011782161891460419,0.001122279092669487,True,0.8571287989616394
2025,225,polarity,-1,0.018997376784682274,0.02103796787559986,True,0.6193341016769409
2034,226,polarity,-1,0.11119600385427475,0.158021941781044,True,0.77805495262146
2043,227,polarity,-1,0.04873073473572731,0.0344289094209671,True,0.9138286709785461
2052,228,polarity,-1,0.15219822525978088,0.1374312937259674,False,0.1668684482574463
2061,229,polarity,-1,0.03249869868159294,0.034262463450431824,True,0.33772119879722595
2070,230,polarity,-1,0.05854620039463043,0.03628315031528473,False,0.3657900094985962
2079,231,polarity,-1,0.110391765832901,0.09785531461238861,True,0.5132806897163391
2088,232,polarity,-1,0.02293594367802143,0.02572566643357277,True,0.4262900948524475
2097,233,polarity,-1,0.002171563683077693,0.0026057129725813866,True,0.9749661684036255
2106,234,polarity,-1,0.001738812425173819,0.0018565604696050286,True,0.7709742188453674
2115,235,polarity,-1,0.10125965625047684,0.11534345149993896,False,0.11280414462089539
2124,236,polarity,-1,0.007900401949882507,0.009094072505831718,True,0.5804475545883179
2133,237,polarity,-1,0.021130559965968132,0.023136135190725327,True,0.24482017755508423
2142,238,polarity,-1,0.04918687790632248,0.04715706408023834,True,0.4114103615283966
2151,239,polarity,-1,0.013841463252902031,0.01364802848547697,True,0.4762980043888092
2018,224,vocab,-1,0.0030831920448690653,0.002776115434244275,True,0.8614615201950073
2026,225,vocab,-1,0.012426948174834251,0.01485694944858551,True,0.6458892226219177
2035,226,vocab,-1,0.032515913248062134,0.026384972035884857,True,0.9411879777908325
2044,227,vocab,-1,0.030577559024095535,0.02738296613097191,True,0.8240957260131836
2053,228,vocab,-1,0.12802782654762268,0.12906384468078613,False,0.16492627561092377
2062,229,vocab,-1,0.09344543516635895,0.11458186060190201,True,0.33890998363494873
2071,230,vocab,-1,0.06425758451223373,0.038757115602493286,True,0.400219589471817
2080,231,vocab,-1,0.10649893432855606,0.09491616487503052,True,0.5026090741157532
2089,232,vocab,-1,0.036187801510095596,0.043038323521614075,True,0.4274984896183014
2098,233,vocab,-1,0.010363873094320297,0.004725620616227388,True,0.991923987865448
2107,234,vocab,-1,0.0016236548544839025,0.0017093531787395477,True,0.7717315554618835
2116,235,vocab,-1,0.1449006348848343,0.17390893399715424,False,0.0945640578866005
2125,236,vocab,-1,0.0068544368259608746,0.007310797926038504,True,0.5686342120170593
2134,237,vocab,-1,0.02937466837465763,0.03279222175478935,True,0.2546268403530121
2143,238,vocab,-1,0.05130024254322052,0.05194251239299774,True,0.3592946529388428
2152,239,vocab,-1,0.028620485216379166,0.03479873016476631,True,0.4275932312011719
2019,224,cat,-1,3.0232486724853516,12.710063934326172,False,0.04910694435238838
2027,225,cat,-1,1.3724713325500488,5.263894557952881,False,0.1314399689435959
2036,226,cat,-1,2.4576687812805176,16.394418716430664,False,0.07687348872423172
2045,227,cat,-1,10.152881622314453,11.019142150878906,False,2.5300285415141843e-05
2054,228,cat,-1,4.088104248046875,14.70252513885498,False,0.002153427340090275
2063,229,cat,-1,3.4118075370788574,8.703824043273926,False,0.0036894152872264385
2072,230,cat,-1,6.0139055252075195,8.646055221557617,False,0.0006350905750878155
2081,231,cat,-1,7.549554824829102,15.231565475463867,False,3.493950862321071e-05
2090,232,cat,-1,10.794610977172852,16.700634002685547,False,1.2200943274365272e-05
2099,233,cat,-1,3.465419292449951,9.598926544189453,False,0.029322801157832146
2108,234,cat,-1,2.8753836154937744,10.673056602478027,False,0.03430976718664169
2117,235,cat,-1,2.6945106983184814,8.8214111328125,False,0.028988664969801903
2126,236,cat,-1,3.545579671859741,12.582568168640137,False,0.05940904840826988
2135,237,cat,-1,4.935931205749512,14.382862091064453,False,0.0008989010821096599
2144,238,cat,-1,5.587133884429932,9.020700454711914,False,6.490643136203289e-05
2153,239,cat,-1,7.358008861541748,11.733195304870605,False,5.47631352674216e-05
2020,224,shuffle,-1,0.0011997006367892027,0.001143706263974309,True,0.857116162776947
2028,225,shuffle,-1,0.021506700664758682,0.02381332591176033,True,0.6115572452545166
2037,226,shuffle,-1,0.06596061587333679,0.09506937861442566,True,0.7933388352394104
2046,227,shuffle,-1,0.053871624171733856,0.038621269166469574,True,0.9199891090393066
2055,228,shuffle,-1,0.14797773957252502,0.12558932602405548,False,0.17678365111351013
2064,229,shuffle,-1,0.0352984182536602,0.03774277865886688,True,0.3327343165874481
2073,230,shuffle,-1,0.058078519999980927,0.03653908520936966,False,0.36542007327079773
2082,231,shuffle,-1,0.11132156103849411,0.10236571729183197,True,0.527523398399353
2091,232,shuffle,-1,0.026732809841632843,0.03112778626382351,True,0.4167066812515259
2100,233,shuffle,-1,0.0013962555676698685,0.0015813464997336268,True,0.977969765663147
2109,234,shuffle,-1,0.0028484235517680645,0.003392500104382634,True,0.8091926574707031
2118,235,shuffle,-1,0.0834733247756958,0.09517275542020798,False,0.11952360719442368
2127,236,shuffle,-1,0.009174467995762825,0.011049682274460793,True,0.5790467858314514
2136,237,shuffle,-1,0.018747705966234207,0.020474081858992577,True,0.2480425089597702
2145,238,shuffle,-1,0.06482218950986862,0.06641019880771637,True,0.38937804102897644
2154,239,shuffle,-1,0.0179721899330616,0.018000226467847824,True,0.4656238555908203
2021,224,unrelated,169,0.029705053195357323,0.020113401114940643,True,0.8928397297859192
2029,225,unrelated,197,1.218550443649292,3.3088531494140625,True,0.14456573128700256
2038,226,unrelated,107,3.490788221359253,17.317224502563477,False,0.03223139047622681
2047,227,unrelated,234,15.280000686645508,13.60779094696045,False,6.304468769258165e-08
2056,228,unrelated,179,2.4001240730285645,2.9951863288879395,False,0.002421826124191284
2065,229,unrelated,233,6.431861877441406,7.89959716796875,False,0.00014354394807014614
2074,230,unrelated,102,4.754674911499023,6.686363220214844,False,0.008046325296163559
2083,231,unrelated,8,9.248802185058594,10.760711669921875,False,6.1516821006080136e-06
2092,232,unrelated,252,5.422780513763428,7.316564559936523,False,6.850858335383236e-05
2101,233,unrelated,223,1.4895168542861938,6.884288787841797,True,0.21502943336963654
2110,234,unrelated,145,3.1234428882598877,7.815621852874756,False,0.03650127351284027
2119,235,unrelated,172,2.4588656425476074,1.5472586154937744,False,0.0032306339126080275
2128,236,unrelated,224,2.281949996948242,4.378721714019775,False,0.0328483022749424
2137,237,unrelated,181,3.8169045448303223,7.781782150268555,False,0.08113804459571838
2146,238,unrelated,96,7.649266719818115,12.237932205200195,False,9.060307093022857e-06
2155,239,unrelated,114,8.752204895019531,5.7552971839904785,False,2.8310867037362186e-06
-1,224,ref_identity,-1,0.0,0.0,True,0.8410743474960327
2030,225,unrelated_token,197,0.0812423825263977,0.06486301124095917,True,0.7574722170829773
2039,226,unrelated_token,107,0.3110181391239166,0.0560762882232666,True,0.9575790762901306
2048,227,unrelated_token,234,0.2731427252292633,0.7410275340080261,True,0.5986012816429138
2057,228,unrelated_token,179,0.281077116727829,0.31776750087738037,False,0.07597444206476212
2066,229,unrelated_token,233,0.18236644566059113,0.1963174045085907,True,0.25481006503105164
2075,230,unrelated_token,102,0.0855865627527237,0.08495348691940308,True,0.4428189694881439
2084,231,unrelated_token,8,0.5981250405311584,0.8349058032035828,False,0.11674249172210693
2093,232,unrelated_token,252,0.5458338856697083,0.9338096380233765,True,0.42573997378349304
2102,233,unrelated_token,223,0.009790249168872833,0.004423804581165314,True,0.988109827041626
2111,234,unrelated_token,145,0.010507112368941307,0.018225522711873055,True,0.7635268568992615
2120,235,unrelated_token,172,0.6135971546173096,0.6973289251327515,False,0.045776065438985825
2129,236,unrelated_token,224,0.1773940622806549,0.22641582787036896,True,0.5343939661979675
2138,237,unrelated_token,181,0.319283127784729,0.47698619961738586,True,0.20729854702949524
2147,238,unrelated_token,96,0.49954983592033386,0.6549113988876343,False,0.14475522935390472
2156,239,unrelated_token,114,0.08123400807380676,0.08183056861162186,True,0.5187549591064453
-2,224,ref_mean,-1,6.43113899230957,10.428474426269531,False,0.0012121545150876045
-1,225,ref_identity,-1,0.0,0.0,True,0.6574822068214417
-1,226,ref_identity,-1,0.0,0.0,True,0.8818951845169067
-1,227,ref_identity,-1,0.0,0.0,True,0.8317350149154663
-1,228,ref_identity,-1,0.0,0.0,True,0.2150835394859314
-1,229,ref_identity,-1,0.0,0.0,True,0.4183327257633209
-1,230,ref_identity,-1,0.0,0.0,True,0.3705858588218689
-1,231,ref_identity,-1,0.0,0.0,True,0.3376784920692444
-1,232,ref_identity,-1,0.0,0.0,True,0.49594947695732117
-1,233,ref_identity,-1,0.0,0.0,True,0.9835831522941589
-1,234,ref_identity,-1,0.0,0.0,True,0.7933951616287231
-1,235,ref_identity,-1,0.0,0.0,True,0.16919749975204468
-1,236,ref_identity,-1,0.0,0.0,True,0.5787826180458069
-1,237,ref_identity,-1,0.0,0.0,True,0.2599063217639923
-1,238,ref_identity,-1,0.0,0.0,True,0.415050208568573
-1,239,ref_identity,-1,0.0,0.0,True,0.47033756971359253
-2,225,ref_mean,-1,0.5383672118186951,1.823830485343933,True,0.3162585496902466
-2,226,ref_mean,-1,0.2258681356906891,0.2616265118122101,True,0.8293773531913757
-2,227,ref_mean,-1,12.378201484680176,7.284614086151123,False,2.3178386072686408e-06
-2,228,ref_mean,-1,0.84979248046875,2.215848445892334,False,0.030926290899515152
-2,229,ref_mean,-1,0.4947361648082733,0.9394251704216003,True,0.1611749231815338
-2,230,ref_mean,-1,1.626539707183838,5.734469413757324,False,0.07943575829267502
-2,231,ref_mean,-1,2.261437177658081,5.03810977935791,False,0.0075901770032942295
-2,232,ref_mean,-1,1.3827637434005737,3.3504390716552734,True,0.10365097969770432
-2,233,ref_mean,-1,0.022341566160321236,0.04593915864825249,True,0.9742297530174255
-2,234,ref_mean,-1,3.0287489891052246,9.544057846069336,False,0.035965852439403534
-2,235,ref_mean,-1,1.221109390258789,2.232877492904663,False,0.043874889612197876
-2,236,ref_mean,-1,2.023785352706909,6.716202735900879,False,0.06415864080190659
-2,237,ref_mean,-1,2.305241107940674,3.309356212615967,False,0.02942909672856331
-2,238,ref_mean,-1,3.181863307952881,2.050335645675659,False,0.00158195651602
-2,239,ref_mean,-1,4.833771705627441,7.9922637939453125,False,0.0016613503685221076
2157,240,orig,-1,0.029583442956209183,0.02959136664867401,False,0.19366881251335144
2166,241,orig,-1,0.007494976278394461,0.0070183780044317245,True,0.45947352051734924
2175,242,orig,-1,0.005739837884902954,0.005372148007154465,True,0.6179854869842529
2184,243,orig,-1,0.000767432211432606,0.0007817811565473676,True,0.9548521637916565
2193,244,orig,-1,0.057561974972486496,0.07124370336532593,False,0.2449721246957779
2202,245,orig,-1,0.04268401116132736,0.044711917638778687,True,0.22272340953350067
2211,246,orig,-1,0.03215542808175087,0.0284877996891737,True,0.43402376770973206
2220,247,orig,-1,0.00922846794128418,0.009352863766252995,False,0.1668192595243454
2229,248,orig,-1,0.017015477642416954,0.017352649942040443,True,0.402116984128952
2238,249,orig,-1,0.005979074165225029,0.006040956825017929,True,0.21672746539115906
2247,250,orig,-1,0.04466504603624344,0.041985902935266495,True,0.1102936789393425
2256,251,orig,-1,0.04847891628742218,0.048260029405355453,True,0.2990450859069824
2265,252,orig,-1,0.03238225728273392,0.030657418072223663,True,0.3324408233165741
2274,253,orig,-1,0.014774049632251263,0.014913497492671013,True,0.8775662183761597
2283,254,orig,-1,0.02229713834822178,0.019673911854624748,True,0.24412623047828674
2292,255,orig,-1,0.05776156857609749,0.07019492983818054,True,0.2840996980667114
2158,240,paraphrase,-1,0.030075421556830406,0.029727952554821968,False,0.18803521990776062
2167,241,paraphrase,-1,0.006684185471385717,0.005963343661278486,True,0.4792318046092987
2176,242,paraphrase,-1,0.00808333232998848,0.007630025967955589,True,0.6080434918403625
2185,243,paraphrase,-1,0.0014783776132389903,0.0016284545417875051,True,0.9478366374969482
2194,244,paraphrase,-1,0.06575097143650055,0.0956963524222374,True,0.2608785927295685
2203,245,paraphrase,-1,0.05520905181765556,0.05651785060763359,False,0.20376084744930267
2212,246,paraphrase,-1,0.02686448022723198,0.02409563586115837,True,0.4293693006038666
2221,247,paraphrase,-1,0.011442594230175018,0.011596053838729858,False,0.16142959892749786
2230,248,paraphrase,-1,0.025205813348293304,0.02638569474220276,True,0.39539939165115356
2239,249,paraphrase,-1,0.0038599844556301832,0.003824240528047085,True,0.2246682345867157
2248,250,paraphrase,-1,0.04347917065024376,0.041513681411743164,True,0.11411338299512863
2257,251,paraphrase,-1,0.048340022563934326,0.04615359753370285,True,0.3101584017276764
2266,252,paraphrase,-1,0.0349840484559536,0.0332392156124115,True,0.3146694302558899
2275,253,paraphrase,-1,0.023264924064278603,0.025332851335406303,True,0.8584963083267212
2284,254,paraphrase,-1,0.020009728148579597,0.01793479174375534,True,0.2591135799884796
2293,255,paraphrase,-1,0.07233506441116333,0.08573208004236221,True,0.26502683758735657
2159,240,translate,-1,0.029973220080137253,0.0296571534126997,False,0.18721193075180054
2168,241,translate,-1,0.007500406354665756,0.007107729557901621,True,0.45669904351234436
2177,242,translate,-1,0.006144494283944368,0.00569633673876524,True,0.6186584830284119
2186,243,translate,-1,0.005045206286013126,0.005967726465314627,True,0.9380130171775818
2195,244,translate,-1,0.04592731595039368,0.052061211317777634,True,0.2689301669597626
2204,245,translate,-1,0.04813855513930321,0.04890791326761246,False,0.2086048126220703
2213,246,translate,-1,0.021083805710077286,0.018910551443696022,True,0.447560578584671
2222,247,translate,-1,0.00907268188893795,0.009249947965145111,False,0.1719958484172821
2231,248,translate,-1,0.017144091427326202,0.017704710364341736,True,0.3968895971775055
2240,249,translate,-1,0.005827473010867834,0.00586310587823391,True,0.2184700220823288
2249,250,translate,-1,0.042947571724653244,0.040869444608688354,True,0.11122841387987137
2258,251,translate,-1,0.07181162387132645,0.07020658999681473,True,0.3044264018535614
2267,252,translate,-1,0.038688626140356064,0.03597933053970337,True,0.3344862461090088
2276,253,translate,-1,0.024097708985209465,0.026618648320436478,True,0.8572208285331726
2285,254,translate,-1,0.015582459978759289,0.013039885088801384,True,0.2689889371395111
2294,255,translate,-1,0.10480803996324539,0.10795978456735611,False,0.2132231593132019
2160,240,polarity,-1,0.03349290415644646,0.033752430230379105,False,0.19113564491271973
2169,241,polarity,-1,0.00782649777829647,0.007043631747364998,True,0.48115184903144836
2178,242,polarity,-1,0.0056394245475530624,0.005289492197334766,True,0.6174977421760559
2187,243,polarity,-1,0.0014263419434428215,0.0015586682129651308,True,0.9493795037269592
2196,244,polarity,-1,0.05902417004108429,0.06728898733854294,False,0.22673512995243073
2205,245,polarity,-1,0.05070944130420685,0.05162937194108963,False,0.20699940621852875
2214,246,polarity,-1,0.02803669683635235,0.024873822927474976,True,0.4540337324142456
2223,247,polarity,-1,0.014416106045246124,0.014320552349090576,False,0.15109103918075562
2232,248,polarity,-1,0.017953980714082718,0.018283672630786896,True,0.397773802280426
2241,249,polarity,-1,0.006097125820815563,0.005973007529973984,True,0.2299048751592636
2250,250,polarity,-1,0.050838783383369446,0.04824594035744667,True,0.11248674988746643
2259,251,polarity,-1,0.05881443992257118,0.05989042669534683,True,0.2824062407016754
2268,252,polarity,-1,0.040758803486824036,0.03880438581109047,True,0.3405535817146301
2277,253,polarity,-1,0.01471411157399416,0.014778017066419125,True,0.8775070905685425
2286,254,polarity,-1,0.01595037430524826,0.01353180967271328,True,0.2691570222377777
2295,255,polarity,-1,0.050739992409944534,0.06067571043968201,True,0.3136841356754303
2161,240,vocab,-1,0.05917704850435257,0.0617683045566082,False,0.15333236753940582
2170,241,vocab,-1,0.011887888424098492,0.010962620377540588,True,0.5336340665817261
2179,242,vocab,-1,0.021561546251177788,0.02052284963428974,True,0.6433579325675964
2188,243,vocab,-1,0.002768285572528839,0.0028952728025615215,True,0.9534858465194702
2197,244,vocab,-1,0.04664531350135803,0.052915800362825394,True,0.26738783717155457
2206,245,vocab,-1,0.03873945027589798,0.04373680055141449,True,0.23708494007587433
2215,246,vocab,-1,0.019164305180311203,0.017493732273578644,True,0.4152703881263733
2224,247,vocab,-1,0.031113434582948685,0.029476970434188843,False,0.12472299486398697
2233,248,vocab,-1,0.030595360323786736,0.02898358553647995,True,0.46892499923706055
2242,249,vocab,-1,0.009187341667711735,0.008964118547737598,True,0.2419084906578064
2251,250,vocab,-1,0.04929542541503906,0.046524256467819214,True,0.10793101042509079
2260,251,vocab,-1,0.10163184255361557,0.09034323692321777,True,0.3393245041370392
2269,252,vocab,-1,0.2559226453304291,0.3134141266345978,True,0.21885168552398682
2278,253,vocab,-1,0.002157585695385933,0.002512376755475998,True,0.8724757432937622
2287,254,vocab,-1,0.015521951019763947,0.012760001234710217,True,0.2722131907939911
2296,255,vocab,-1,0.14701339602470398,0.2010427862405777,True,0.25776898860931396
2162,240,cat,-1,2.802403688430786,9.322068214416504,False,0.005672935396432877
2171,241,cat,-1,0.004552377853542566,0.004673935007303953,True,0.47915977239608765
2180,242,cat,-1,4.819430828094482,11.702259063720703,False,0.009186234325170517
2189,243,cat,-1,1.8956571817398071,8.691865921020508,False,0.1335889995098114
2198,244,cat,-1,6.495974540710449,9.130064964294434,False,5.811428763990989e-06
2207,245,cat,-1,7.219621658325195,16.899721145629883,False,6.443634629249573e-05
2216,246,cat,-1,1.844421625137329,11.329381942749023,False,0.09261033684015274
2225,247,cat,-1,0.4569680094718933,3.022599458694458,False,0.06677999347448349
2234,248,cat,-1,14.964597702026367,20.310501098632812,False,8.232432691102076e-08
2243,249,cat,-1,4.380862712860107,10.376752853393555,False,0.004598686005920172
2252,250,cat,-1,4.443312168121338,11.016955375671387,False,0.0012787175364792347
2261,251,cat,-1,5.693221092224121,11.517157554626465,False,0.007650196086615324
2270,252,cat,-1,3.8051109313964844,7.94681978225708,False,0.0008163481834344566
2279,253,cat,-1,3.0780372619628906,10.18623161315918,False,0.030767912045121193
2288,254,cat,-1,3.5337679386138916,14.059727668762207,False,0.007699304260313511
2297,255,cat,-1,5.817646503448486,4.334865093231201,False,2.1428040781756863e-06
2163,240,shuffle,-1,0.02166120521724224,0.02191152237355709,True,0.21304169297218323
2172,241,shuffle,-1,0.006854425184428692,0.006258184090256691,True,0.47892555594444275
2181,242,shuffle,-1,0.011791114695370197,0.010998168960213661,True,0.649203896522522
2190,243,shuffle,-1,0.0016032084822654724,0.0017159703420475125,True,0.9501124024391174
2199,244,shuffle,-1,0.06773167848587036,0.08340905606746674,False,0.22311773896217346
2208,245,shuffle,-1,0.03258083388209343,0.034028779715299606,True,0.2340484857559204
2217,246,shuffle,-1,0.04728838428854942,0.04106886684894562,True,0.47451967000961304
2226,247,shuffle,-1,0.017024271190166473,0.016541840508580208,False,0.14463020861148834
2235,248,shuffle,-1,0.017101440578699112,0.01719812862575054,True,0.40262842178344727
2244,249,shuffle,-1,0.007051375228911638,0.006866508163511753,True,0.24348966777324677
2253,250,shuffle,-1,0.047270070761442184,0.04454124718904495,True,0.11066170036792755
2262,251,shuffle,-1,0.06910012662410736,0.07009153068065643,True,0.2788509726524353
2271,252,shuffle,-1,0.04577837884426117,0.042749278247356415,True,0.3537139594554901
2280,253,shuffle,-1,0.028438124805688858,0.029355023056268692,True,0.8618293404579163
2289,254,shuffle,-1,0.016875553876161575,0.013564211316406727,True,0.2629384994506836
2298,255,shuffle,-1,0.08051957935094833,0.08972848951816559,True,0.28733110427856445
2164,240,unrelated,163,5.769761085510254,12.854187965393066,False,0.0006910631200298667
2173,241,unrelated,57,9.294538497924805,10.728011131286621,False,5.121993581269635e-06
2182,242,unrelated,61,5.358342170715332,10.85573959350586,False,0.002104656770825386
2191,243,unrelated,40,10.266453742980957,16.82550621032715,False,2.8852557079517283e-05
2200,244,unrelated,85,7.2388176918029785,10.532634735107422,False,7.7202552347444e-05
2209,245,unrelated,178,10.081767082214355,10.020708084106445,False,5.358829184842762e-07
2218,246,unrelated,49,0.6253015398979187,1.879812240600586,True,0.34979233145713806
2227,247,unrelated,152,6.045648574829102,9.798402786254883,False,0.00025860665482468903
2236,248,unrelated,0,0.18171945214271545,0.2558465003967285,True,0.27891814708709717
2245,249,unrelated,20,7.178516864776611,7.110004901885986,False,8.397073543164879e-05
2254,250,unrelated,166,4.61300802230835,5.691624641418457,False,0.00022261969570536166
2263,251,unrelated,212,4.106944561004639,8.778898239135742,False,0.053858112543821335
2272,252,unrelated,106,3.4184422492980957,4.242048263549805,False,0.000849585747346282
2281,253,unrelated,191,6.850765228271484,9.95877742767334,False,0.0009104342898353934
2290,254,unrelated,99,0.8291370272636414,0.5223262310028076,False,0.25082486867904663
2299,255,unrelated,158,4.975461959838867,8.172259330749512,False,0.0009412832441739738
2165,240,unrelated_token,163,0.08949065208435059,0.08788888156414032,False,0.14521664381027222
2174,241,unrelated_token,57,0.020224634557962418,0.024375377222895622,True,0.4941846430301666
2183,242,unrelated_token,61,0.14142388105392456,0.10727381706237793,True,0.6700393557548523
2192,243,unrelated_token,40,0.04901959002017975,0.13678354024887085,True,0.9103032350540161
2201,244,unrelated_token,85,0.13407383859157562,0.18832919001579285,False,0.2154085487127304
2210,245,unrelated_token,178,0.39376333355903625,0.3129271864891052,True,0.616890549659729
2219,246,unrelated_token,49,0.21751584112644196,0.30292296409606934,True,0.37427693605422974
2228,247,unrelated_token,152,0.10251030325889587,0.08894345164299011,True,0.19961689412593842
2237,248,unrelated_token,0,0.04408852010965347,0.04191604256629944,True,0.4693545699119568
2246,249,unrelated_token,20,0.20471163094043732,0.22084248065948486,True,0.216294527053833
2255,250,unrelated_token,166,0.13105568289756775,0.13977481424808502,False,0.05955766141414642
2264,251,unrelated_token,212,0.4894449710845947,0.35315877199172974,True,0.6470616459846497
2273,252,unrelated_token,106,0.4584515392780304,0.5892838835716248,False,0.2168811708688736
2282,253,unrelated_token,191,0.0380743145942688,0.05595499277114868,True,0.8020842671394348
2291,254,unrelated_token,99,0.09779798239469528,0.127450093626976,True,0.29503104090690613
2300,255,unrelated_token,158,0.7003723978996277,1.0494263172149658,True,0.4714706242084503
-1,240,ref_identity,-1,0.0,0.0,True,0.24633920192718506
-1,241,ref_identity,-1,0.0,0.0,True,0.4753030240535736
-1,242,ref_identity,-1,0.0,0.0,True,0.5880014300346375
-1,243,ref_identity,-1,0.0,0.0,True,0.9566444158554077
-1,244,ref_identity,-1,0.0,0.0,True,0.3006209135055542
-1,245,ref_identity,-1,0.0,0.0,True,0.32257309556007385
-1,246,ref_identity,-1,0.0,0.0,True,0.4000839591026306
-1,247,ref_identity,-1,0.0,0.0,True,0.19986428320407867
-1,248,ref_identity,-1,0.0,0.0,True,0.4302833676338196
-1,249,ref_identity,-1,0.0,0.0,True,0.21095998585224152
-1,250,ref_identity,-1,0.0,0.0,True,0.09563285857439041
-1,251,ref_identity,-1,0.0,0.0,True,0.306770920753479
-1,252,ref_identity,-1,0.0,0.0,True,0.293298602104187
-1,253,ref_identity,-1,0.0,0.0,True,0.8853424191474915
-1,254,ref_identity,-1,0.0,0.0,True,0.3062804639339447
-1,255,ref_identity,-1,0.0,0.0,True,0.37325695157051086
-2,240,ref_mean,-1,1.3771511316299438,5.840217113494873,False,0.04123268648982048
-2,241,ref_mean,-1,0.090142160654068,0.2046932727098465,True,0.4770585000514984
-2,242,ref_mean,-1,2.1338512897491455,5.323781490325928,False,0.06416340917348862
-2,243,ref_mean,-1,6.856683731079102,11.949767112731934,False,0.0008333185687661171
-2,244,ref_mean,-1,5.700648784637451,7.485589027404785,False,0.00017077979282476008
-2,245,ref_mean,-1,0.5125916004180908,1.0938726663589478,True,0.26381775736808777
-2,246,ref_mean,-1,0.6865901350975037,1.2207398414611816,False,0.23094932734966278
-2,247,ref_mean,-1,0.19220484793186188,0.23784679174423218,False,0.058911025524139404
-2,248,ref_mean,-1,0.8497931957244873,3.52409029006958,True,0.1389855444431305
-2,249,ref_mean,-1,0.2949938476085663,1.3227810859680176,False,0.12144312262535095
-2,250,ref_mean,-1,1.175793170928955,1.311906099319458,False,0.006807821337133646
-2,251,ref_mean,-1,0.5239152908325195,0.5960352420806885,True,0.45739081501960754
-2,252,ref_mean,-1,0.9269961714744568,2.2077560424804688,False,0.11580464243888855
-2,253,ref_mean,-1,9.370352745056152,4.264155387878418,False,2.998100535478443e-05
-2,254,ref_mean,-1,0.7430179715156555,1.6956267356872559,True,0.20018158853054047
-2,255,ref_mean,-1,5.4722771644592285,4.786717891693115,False,1.7267204384552315e-05
