vid,idx,kind,claim_id,mse_nrm,L_h,cos,r_norm,dist_to_orig
0,0,orig,-1,0.0757437,0.17178667,0.9621283,72.08538,0.0
1,0,paraphrase,-1,0.07630937,0.17306961,0.9618454,72.0667,0.017116958
2,0,translate,-1,0.080512315,0.1826019,0.95974404,72.07901,0.009160566
3,0,polarity,-1,0.08240204,0.1868878,0.9587991,72.07928,0.005264415
4,0,vocab,-1,0.11170119,0.25333825,0.9441496,72.05993,0.07965489
5,0,cat,-1,0.40770635,0.92467785,0.79614705,72.004974,0.723988
6,0,shuffle,-1,0.07320237,0.16602294,0.96339893,72.08567,0.0093518365
7,0,unrelated,32,0.90471774,2.0518994,0.5476414,71.94582,1.9128205
8,0,unrelated_token,32,0.63825166,1.4475545,0.6808741,72.07532,1.3206098
9,1,orig,-1,0.08911333,0.202109,0.95544374,71.91234,0.0
10,1,paraphrase,-1,0.094394155,0.2140859,0.95280313,71.89898,0.006230559
11,1,translate,-1,0.09268083,0.21020007,0.9536598,71.912445,0.006206472
12,1,polarity,-1,0.08997138,0.20405504,0.95501494,71.921165,0.002828949
13,1,vocab,-1,0.12244122,0.27769664,0.93877965,71.88512,0.074704625
14,1,cat,-1,0.5146885,1.1673132,0.7426563,71.97215,1.030448
15,1,shuffle,-1,0.11067629,0.2510138,0.9446622,71.86558,0.033023108
16,1,unrelated,90,0.81696147,1.8528682,0.5915197,72.073296,1.698838
17,1,unrelated_token,90,0.72436124,1.642851,0.6378198,72.26798,1.5174786
18,2,orig,-1,0.09113379,0.20669138,0.9544335,72.0041,0.0
19,2,paraphrase,-1,0.1005494,0.228046,0.9497257,71.9746,0.013331695
20,2,translate,-1,0.09781072,0.22183467,0.951095,71.98523,0.010899959
21,2,polarity,-1,0.09245301,0.20968339,0.9537738,72.02161,0.0036969988
22,2,vocab,-1,0.15473492,0.35093874,0.92263275,71.95048,0.15062633
23,2,cat,-1,0.4036902,0.9155692,0.7981551,71.852135,0.7111754
24,2,shuffle,-1,0.090898596,0.20615797,0.95455086,72.02547,0.015996065
25,2,unrelated,188,0.962139,2.1821308,0.51893085,72.128876,2.1075773
26,2,unrelated_token,188,0.6154602,1.3958635,0.69227016,72.1631,1.2443284
27,3,orig,-1,0.124248385,0.2817953,0.93787634,72.01381,0.0
28,3,paraphrase,-1,0.108969785,0.24714342,0.9455155,72.00121,0.019440243
29,3,translate,-1,0.11527421,0.26144186,0.94236344,72.05435,0.022587681
30,3,polarity,-1,0.11334999,0.25707772,0.9433253,72.03496,0.01664756
31,3,vocab,-1,0.16820419,0.381487,0.9158984,72.078804,0.17969333
32,3,cat,-1,0.4540941,1.0298853,0.77295315,71.95811,0.8851625
33,3,shuffle,-1,0.11418985,0.25898254,0.9429056,71.99539,0.016835475
34,3,unrelated,254,0.8421501,1.909996,0.5789253,71.91779,1.9179415
35,3,unrelated_token,254,0.60906345,1.3813556,0.6954689,72.128746,1.3643262
36,4,orig,-1,0.10136931,0.22990555,0.9493157,71.954796,0.0
37,4,paraphrase,-1,0.09820019,0.22271799,0.95090014,71.95194,0.006221948
38,4,translate,-1,0.099894255,0.22656013,0.9500532,71.942566,0.009222538
39,4,polarity,-1,0.103404656,0.23452172,0.9482979,71.95889,0.0022948282
40,4,vocab,-1,0.13070625,0.2964417,0.9346472,71.92446,0.1494421
41,4,cat,-1,0.22312383,0.50604475,0.8884383,71.94781,0.33472627
42,4,shuffle,-1,0.10182397,0.23093672,0.9490885,71.915504,0.030267097
43,4,unrelated,81,0.9442803,2.1416273,0.52786005,71.91441,2.1600635
44,4,unrelated_token,81,0.7881592,1.7875447,0.6059207,71.850815,1.8270117
45,5,orig,-1,0.162973,0.3696227,0.9185137,71.88117,0.0
46,5,paraphrase,-1,0.15702231,0.35612655,0.9214891,71.866905,0.009875312
47,5,translate,-1,0.16425452,0.37252918,0.9178729,71.87313,0.015286616
48,5,polarity,-1,0.16407856,0.3721301,0.91796106,71.877686,0.0073099416
49,5,vocab,-1,0.19781248,0.44863862,0.90109414,71.79989,0.13240503
50,5,cat,-1,0.44136995,1.0010269,0.77931523,71.7313,0.79944575
51,5,shuffle,-1,0.16359231,0.3710273,0.9182039,71.88982,0.0027151927
52,5,unrelated,55,0.86478364,1.9613289,0.56760854,71.98773,1.8352954
53,5,unrelated_token,55,0.71229327,1.6154808,0.64385355,71.8169,1.4721433
54,6,orig,-1,0.038140606,0.08650288,0.98092985,71.92613,0.0
55,6,paraphrase,-1,0.03852022,0.08736385,0.9807401,71.93808,0.0059612133
56,6,translate,-1,0.039448567,0.08946933,0.980276,71.91384,0.004564848
57,6,polarity,-1,0.042404782,0.096174024,0.9787978,71.91197,0.006638567
58,6,vocab,-1,0.11009745,0.24970098,0.94495153,71.92604,0.15344614
59,6,cat,-1,0.41446432,0.9400049,0.792768,71.83863,0.9047911
60,6,shuffle,-1,0.038737733,0.087857164,0.9806314,71.902725,0.0018940966
61,6,unrelated,17,0.91863,2.0834525,0.5406853,71.976746,2.0900462
62,6,unrelated_token,17,0.64235413,1.4568589,0.6788233,71.96482,1.4594191
63,7,orig,-1,0.120154634,0.27251065,0.93992305,71.77696,0.0
64,7,paraphrase,-1,0.1826727,0.4143016,0.9086641,71.67127,0.06131328
65,7,translate,-1,0.13796072,0.31289485,0.9310199,71.73214,0.01288602
66,7,polarity,-1,0.13948731,0.31635717,0.9302567,71.78473,0.019740747
67,7,vocab,-1,0.35880524,0.8137701,0.8205977,71.67989,0.44060093
68,7,cat,-1,0.27818516,0.6309238,0.860908,71.657585,0.34941787
69,7,shuffle,-1,0.15961942,0.36201677,0.9201904,71.74667,0.055845734
70,7,unrelated,216,0.7974326,1.8085768,0.60128385,71.79958,1.6224997
71,7,unrelated_token,216,0.73868966,1.6753478,0.6306554,71.74488,1.5015348
72,8,orig,-1,0.14338093,0.32518786,0.9283099,71.897255,0.0
73,8,paraphrase,-1,0.16361871,0.37108716,0.918191,71.87022,0.030038917
74,8,translate,-1,0.20332515,0.46114135,0.8983379,71.84236,0.08882634
75,8,polarity,-1,0.15425667,0.34985405,0.9228725,71.90409,0.014818112
76,8,vocab,-1,0.37344986,0.84698415,0.81327534,71.60917,0.49648666
77,8,cat,-1,0.4453532,1.0100609,0.77732396,71.71897,0.6892325
78,8,shuffle,-1,0.14391586,0.3264011,0.92804265,71.92741,0.01946471
79,8,unrelated,205,0.8632657,1.9578862,0.5683677,72.06229,1.6482829
80,8,unrelated_token,205,0.868976,1.9708371,0.56551254,72.119125,1.6311615
81,9,orig,-1,0.07577225,0.17185143,0.96211404,71.73064,0.0
82,9,paraphrase,-1,0.08185737,0.18565248,0.9590717,71.70026,0.014352686
83,9,translate,-1,0.090077765,0.20429634,0.9549613,71.73475,0.024420995
84,9,polarity,-1,0.08722638,0.1978294,0.9563869,71.656876,0.025886027
85,9,vocab,-1,0.22732656,0.51557654,0.8863368,71.59784,0.38790804
86,9,cat,-1,0.22549549,0.51142365,0.8872523,71.610054,0.29489297
87,9,shuffle,-1,0.08225059,0.1865443,0.9588747,71.7214,0.025009783
88,9,unrelated,68,0.68489283,1.5533366,0.6575535,71.98121,1.5282401
89,9,unrelated_token,68,0.6096719,1.3827356,0.69516426,71.80143,1.3611743
90,10,orig,-1,0.21642399,0.4908495,0.8917883,71.75019,0.0
91,10,paraphrase,-1,0.22560301,0.51166755,0.8871988,71.75921,0.054474853
92,10,translate,-1,0.23373134,0.5301026,0.8831347,71.78218,0.034136787
93,10,polarity,-1,0.2570935,0.5830879,0.8714536,71.73316,0.043183386
94,10,vocab,-1,0.36040905,0.81740755,0.8197959,71.626335,0.2867505
95,10,cat,-1,0.3521701,0.7987217,0.82391524,71.620056,0.24471861
96,10,shuffle,-1,0.21981482,0.49853992,0.8900931,71.72924,0.0072390256
97,10,unrelated,26,0.81284094,1.8435229,0.5935803,71.79431,1.3831388
98,10,unrelated_token,26,0.6863115,1.5565542,0.6568447,71.74284,1.1427697
99,11,orig,-1,0.06914449,0.15681967,0.96542823,72.16564,0.0
100,11,paraphrase,-1,0.0722307,0.1638192,0.9638851,72.12085,0.012575064
101,11,translate,-1,0.07112377,0.16130868,0.96443844,72.15282,0.00891513
102,11,polarity,-1,0.06996807,0.15868755,0.96501625,72.19498,0.0053435056
103,11,vocab,-1,0.12927987,0.2932067,0.93536043,71.969086,0.13405874
104,11,cat,-1,0.33470216,0.7591044,0.83264935,71.91409,0.6855814
105,11,shuffle,-1,0.0694761,0.15757176,0.96526223,72.16074,0.0016207476
106,11,unrelated,67,0.7421645,1.6832287,0.62891835,71.89286,1.6614261
107,11,unrelated_token,67,0.5796568,1.3146613,0.7101722,71.99618,1.2652328
108,12,orig,-1,0.072305664,0.16398922,0.96384746,72.107155,0.0
109,12,paraphrase,-1,0.079094246,0.17938572,0.96045315,72.11396,0.007729745
110,12,translate,-1,0.078977205,0.17912027,0.96051186,72.09663,0.00893123
111,12,polarity,-1,0.07789279,0.1766608,0.96105415,72.11067,0.009296036
112,12,vocab,-1,0.10032846,0.2275449,0.94983596,72.042946,0.09795542
113,12,cat,-1,0.52822524,1.1980146,0.7358876,71.88675,1.0104184
114,12,shuffle,-1,0.083123066,0.18852307,0.95843893,72.10059,0.012998376
115,12,unrelated,59,0.83243096,1.887953,0.58378494,71.890396,1.7704196
116,12,unrelated_token,59,0.76975554,1.7458053,0.6151227,71.82986,1.6139494
117,13,orig,-1,0.100085035,0.22699282,0.94995785,71.87004,0.0
118,13,paraphrase,-1,0.108412206,0.24587883,0.945794,71.855316,0.00589926
119,13,translate,-1,0.10829065,0.24560314,0.94585466,71.82371,0.0092077805
120,13,polarity,-1,0.10340037,0.234512,0.94829994,71.84275,0.003325048
121,13,vocab,-1,0.13146345,0.29815906,0.93426836,71.753876,0.06976029
122,13,cat,-1,0.3575887,0.811011,0.8212058,71.60266,0.5521494
123,13,shuffle,-1,0.09950801,0.22568412,0.95024604,71.85581,0.01911025
124,13,unrelated,206,0.7647203,1.7343854,0.6176401,71.896614,1.4854529
125,13,unrelated_token,206,0.6658938,1.5102469,0.66705304,71.94721,1.2671194
126,14,orig,-1,0.04762072,0.10800377,0.97619003,71.94488,0.0
127,14,paraphrase,-1,0.048227005,0.10937882,0.97588676,71.930405,0.0051418478
128,14,translate,-1,0.04693625,0.1064514,0.97653216,71.946014,0.009784933
129,14,polarity,-1,0.048588105,0.1101978,0.97570634,71.970505,0.00679409
130,14,vocab,-1,0.05535736,0.12555046,0.9723219,71.95971,0.057867065
131,14,cat,-1,0.38691983,0.877534,0.80654037,71.96489,0.84777325
132,14,shuffle,-1,0.049156122,0.11148606,0.97542244,71.98392,0.010927244
133,14,unrelated,168,0.8194578,1.85853,0.5902714,71.772156,1.8487265
134,14,unrelated_token,168,0.8059907,1.8279866,0.59700495,71.66225,1.8606617
135,15,orig,-1,0.063185856,0.1433055,0.9684071,71.99381,0.0
136,15,paraphrase,-1,0.07976728,0.18091215,0.9601164,71.96547,0.014729806
137,15,translate,-1,0.08065607,0.18292792,0.9596721,71.96701,0.017747944
138,15,polarity,-1,0.0676761,0.15348935,0.9661621,71.99142,0.007195075
139,15,vocab,-1,0.12436668,0.28206357,0.93781686,71.89405,0.18916157
140,15,cat,-1,0.5413528,1.227788,0.72932374,71.848076,1.0924587
141,15,shuffle,-1,0.06799431,0.15421107,0.96600294,71.96715,0.013636634
142,15,unrelated,186,0.8885361,2.0151994,0.5557322,72.017456,1.9347832
143,15,unrelated_token,186,0.7224107,1.6384271,0.6387949,71.84198,1.561084
144,16,orig,-1,0.10789917,0.24471526,0.946051,72.08029,0.0
145,16,paraphrase,-1,0.106559,0.24167576,0.94672096,72.05573,0.047898833
146,16,translate,-1,0.11017181,0.24986961,0.94491434,72.06077,0.027664607
147,16,polarity,-1,0.120283306,0.27280247,0.939859,72.079445,0.016181592
148,16,vocab,-1,0.13624021,0.30899274,0.9318803,72.0854,0.12457718
149,16,cat,-1,0.27569145,0.6252681,0.8621547,71.886215,0.46854958
150,16,shuffle,-1,0.12808113,0.29048795,0.9359599,72.0355,0.020182304
151,16,unrelated,247,0.82901037,1.8801951,0.5854952,71.77908,1.7741481
152,16,unrelated_token,247,0.71064645,1.6117458,0.64467704,71.77117,1.4445724
153,17,orig,-1,0.07058843,0.16009453,0.9647062,71.976746,0.0
154,17,paraphrase,-1,0.06745962,0.15299839,0.9662707,71.96532,0.0075125378
155,17,translate,-1,0.07422724,0.16834736,0.9628868,71.98445,0.009830383
156,17,polarity,-1,0.0787334,0.17856732,0.9606338,71.98639,0.012160349
157,17,vocab,-1,0.10747107,0.24374434,0.946265,71.90018,0.094885014
158,17,cat,-1,0.6151167,1.3950844,0.6924421,71.90331,1.244225
159,17,shuffle,-1,0.07925122,0.17974174,0.96037495,71.948006,0.016594056
160,17,unrelated,105,0.8237688,1.8683072,0.58811617,71.827545,1.7777959
161,17,unrelated_token,105,0.68575704,1.5552967,0.65712196,71.75246,1.4650403
162,18,orig,-1,0.042752415,0.09696246,0.9786239,72.11403,0.0
163,18,paraphrase,-1,0.04563956,0.1035105,0.97718036,72.0937,0.005304514
164,18,translate,-1,0.048407212,0.10978754,0.9757965,72.082855,0.019945897
165,18,polarity,-1,0.048688877,0.11042635,0.9756557,72.10863,0.00757045
166,18,vocab,-1,0.0752009,0.1705556,0.96239966,72.05117,0.07297759
167,18,cat,-1,0.39785674,0.9023389,0.80107176,72.143105,0.86724836
168,18,shuffle,-1,0.051227164,0.116183184,0.9743866,72.1219,0.014005833
169,18,unrelated,215,0.7395156,1.6772211,0.63024247,71.944916,1.6437368
170,18,unrelated_token,215,0.669611,1.5186774,0.66519475,71.97469,1.4671593
171,19,orig,-1,0.108336166,0.24570638,0.9458324,71.967384,0.0
172,19,paraphrase,-1,0.12935278,0.29337204,0.9353239,71.93535,0.02170854
173,19,translate,-1,0.14053045,0.318723,0.929735,71.94064,0.030791953
174,19,polarity,-1,0.11780296,0.26717708,0.9410989,71.93699,0.011043493
175,19,vocab,-1,0.40420064,0.9167269,0.79789984,71.69685,0.61397177
176,19,cat,-1,0.29940525,0.679051,0.8502978,71.67469,0.3824859
177,19,shuffle,-1,0.11994304,0.27203077,0.9400287,71.99823,0.013554475
178,19,unrelated,240,0.7762367,1.7605045,0.611882,71.9097,1.63957
179,19,unrelated_token,240,0.6846412,1.5527658,0.6576797,71.824295,1.3625215
180,20,orig,-1,0.17996868,0.4081689,0.9100161,72.194,0.0
181,20,paraphrase,-1,0.18309796,0.4152661,0.90845156,72.13448,0.01948441
182,20,translate,-1,0.17700455,0.40144622,0.9114982,72.17628,0.017955068
183,20,polarity,-1,0.18624195,0.42239666,0.90687937,72.1283,0.0155781135
184,20,vocab,-1,0.7893346,1.7902105,0.6053332,71.476364,1.4845926
185,20,cat,-1,0.7548751,1.7120564,0.6225628,71.67411,1.3882047
186,20,shuffle,-1,0.18071745,0.4098671,0.9096416,72.1693,0.0026493282
187,20,unrelated,58,1.2361273,2.8035362,0.3819368,71.920296,2.5884616
188,20,unrelated_token,58,1.0935853,2.4802508,0.45320785,71.860245,2.2303762
189,21,orig,-1,0.14821242,0.3361457,0.92589396,71.79754,0.0
190,21,paraphrase,-1,0.15143946,0.3434646,0.92428046,71.77256,0.011451099
191,21,translate,-1,0.15438904,0.35015428,0.9228058,71.77474,0.01275239
192,21,polarity,-1,0.15245736,0.34577322,0.92377174,71.8145,0.004455653
193,21,vocab,-1,0.24545202,0.5566851,0.87727433,71.74009,0.28102213
194,21,cat,-1,0.42055407,0.9538165,0.78972304,71.77378,0.79102135
195,21,shuffle,-1,0.15392616,0.34910446,0.923037,71.80006,0.022538183
196,21,unrelated,251,0.65978426,1.4963905,0.670108,71.89273,1.2713006
197,21,unrelated_token,251,0.5867993,1.3308606,0.70660037,71.7806,1.1188203
198,22,orig,-1,0.076655924,0.1738556,0.96167225,72.07329,0.0
199,22,paraphrase,-1,0.07554033,0.17132543,0.96223,72.0565,0.0075462447
200,22,translate,-1,0.09534991,0.21625355,0.9523252,72.05698,0.028197737
201,22,polarity,-1,0.07716061,0.17500024,0.96141994,72.07551,0.006579309
202,22,vocab,-1,0.13067473,0.29637024,0.9346627,71.84017,0.15354015
203,22,cat,-1,0.29590535,0.6711132,0.8520475,72.05916,0.4742808
204,22,shuffle,-1,0.0854014,0.19369034,0.95729953,72.039276,0.026362803
205,22,unrelated,130,0.830095,1.882655,0.5849526,71.99268,1.8021278
206,22,unrelated_token,130,0.76537985,1.7358812,0.61731005,71.92139,1.6680444
207,23,orig,-1,0.17621331,0.3996517,0.91189384,71.88428,0.0
208,23,paraphrase,-1,0.19155535,0.43444744,0.9042228,71.84058,0.04589186
209,23,translate,-1,0.19749448,0.44791737,0.90125316,71.914314,0.06164575
210,23,polarity,-1,0.18691118,0.42391446,0.9065449,71.91467,0.024191251
211,23,vocab,-1,0.2650363,0.60110223,0.8674822,71.81854,0.23235026
212,23,cat,-1,0.5011479,1.1366032,0.7494264,71.73565,0.90661395
213,23,shuffle,-1,0.2116977,0.48013029,0.89415133,71.867226,0.054618593
214,23,unrelated,112,0.8332492,1.8898089,0.58337563,71.86492,1.7046647
215,23,unrelated_token,112,0.6090969,1.3814315,0.6954519,71.695625,1.1858629
216,24,orig,-1,0.06636615,0.1505184,0.9668173,72.11938,0.0
217,24,paraphrase,-1,0.06852752,0.15542038,0.9657367,72.0939,0.0070205512
218,24,translate,-1,0.07206216,0.16343693,0.9639693,72.10324,0.010900065
219,24,polarity,-1,0.06812606,0.15450987,0.9659374,72.12253,0.0064585777
220,24,vocab,-1,0.11024368,0.2500326,0.94487864,72.000275,0.10074899
221,24,cat,-1,0.5494606,1.2461764,0.7252702,72.06179,1.1002079
222,24,shuffle,-1,0.06898022,0.1564471,0.9655103,72.11561,0.0032921273
223,24,unrelated,84,0.8153755,1.8492713,0.5923127,72.13656,1.7166239
224,24,unrelated_token,84,0.6008998,1.3628405,0.69955045,72.22016,1.2412511
225,25,orig,-1,0.123545155,0.28020036,0.9382277,72.055214,0.0
226,25,paraphrase,-1,0.13211155,0.29962894,0.93394446,72.01181,0.013966823
227,25,translate,-1,0.1326867,0.3009334,0.9336568,72.00132,0.021384094
228,25,polarity,-1,0.12973683,0.29424307,0.9351317,72.01947,0.010830433
229,25,vocab,-1,0.20804827,0.47185338,0.8959758,71.824554,0.20954302
230,25,cat,-1,0.39056057,0.8857912,0.8047198,71.83415,0.6111068
231,25,shuffle,-1,0.13947737,0.3163346,0.9302615,71.99124,0.04150717
232,25,unrelated,147,0.8305625,1.8837153,0.58471906,72.01205,1.7003186
233,25,unrelated_token,147,0.7638732,1.7324641,0.61806375,71.95258,1.5476718
234,26,orig,-1,0.07533764,0.17086573,0.96233165,71.79431,0.0
235,26,paraphrase,-1,0.07843537,0.17789139,0.96078265,71.78272,0.008686608
236,26,translate,-1,0.079039454,0.17926145,0.9604804,71.77399,0.007443997
237,26,polarity,-1,0.07737213,0.17547995,0.9613143,71.78154,0.0050371783
238,26,vocab,-1,0.09512915,0.21575287,0.95243585,71.744064,0.059756868
239,26,cat,-1,0.36653635,0.83130425,0.8167321,71.826324,0.6820563
240,26,shuffle,-1,0.07611431,0.17262723,0.9619428,71.78645,0.0022147503
241,26,unrelated,36,0.64982873,1.4738113,0.67508584,72.071815,1.3794096
242,26,unrelated_token,36,0.6154711,1.3958882,0.6922646,72.168755,1.270009
243,27,orig,-1,0.1443216,0.32732135,0.9278394,72.02855,0.0
244,27,paraphrase,-1,0.1488637,0.33762282,0.9255686,72.01272,0.008932717
245,27,translate,-1,0.15612453,0.35409036,0.9219381,71.99608,0.012417625
246,27,polarity,-1,0.14532757,0.32960287,0.9273365,72.009895,0.014535549
247,27,vocab,-1,0.39112493,0.8870712,0.804438,71.60643,0.8488702
248,27,cat,-1,0.5194017,1.1780028,0.74029964,72.00163,1.0342515
249,27,shuffle,-1,0.15438315,0.35014093,0.92280877,71.9946,0.018155891
250,27,unrelated,18,1.02239,2.3187802,0.48880544,72.11403,2.355082
251,27,unrelated_token,18,0.92879474,2.106506,0.535603,71.98256,2.1505578
252,28,orig,-1,0.07052422,0.1599489,0.96473813,71.86037,0.0
253,28,paraphrase,-1,0.071202,0.1614861,0.9643993,71.81578,0.009449158
254,28,translate,-1,0.07267668,0.16483068,0.9636617,71.836365,0.01942292
255,28,polarity,-1,0.07463692,0.1692765,0.9626819,71.84282,0.003438988
256,28,vocab,-1,0.15186119,0.34442112,0.9240698,71.69998,0.17027587
257,28,cat,-1,0.409439,0.92860746,0.79528064,71.58809,0.8414765
258,28,shuffle,-1,0.09032007,0.20484589,0.9548402,71.77071,0.041016106
259,28,unrelated,194,0.7932667,1.7991285,0.6033669,71.95903,1.8240536
260,28,unrelated_token,194,0.52081484,1.1812078,0.73959297,72.14354,1.1308138
261,29,orig,-1,0.06404226,0.14524782,0.9679793,71.80476,0.0
262,29,paraphrase,-1,0.06846223,0.1552723,0.9657693,71.80107,0.0124005815
263,29,translate,-1,0.0774202,0.17558898,0.96129036,71.76986,0.015263769
264,29,polarity,-1,0.068394616,0.15511896,0.965803,71.80893,0.0053109955
265,29,vocab,-1,0.1723887,0.3909775,0.9138059,71.79725,0.22851633
266,29,cat,-1,0.30729294,0.69694024,0.8463538,71.741356,0.5486912
267,29,shuffle,-1,0.08226348,0.18657354,0.9588687,71.750725,0.03563117
268,29,unrelated,132,0.7659075,1.737078,0.6170466,71.76625,1.6050782
269,29,unrelated_token,132,0.70374244,1.5960876,0.6481294,71.665054,1.4451734
270,30,orig,-1,0.09839673,0.22316375,0.95080215,71.994965,0.0
271,30,paraphrase,-1,0.098291375,0.2229248,0.95085484,71.938095,0.016400062
272,30,translate,-1,0.11006449,0.24962622,0.9449683,71.9244,0.023447718
273,30,polarity,-1,0.10871965,0.24657612,0.9456407,71.98075,0.0072855423
274,30,vocab,-1,0.29110363,0.6602229,0.8544485,71.627716,0.43261498
275,30,cat,-1,0.46267337,1.049343,0.76866376,71.540245,0.74191386
276,30,shuffle,-1,0.10457796,0.23718277,0.9477116,71.98361,0.0047213132
277,30,unrelated,134,0.82402295,1.8688837,0.58798885,71.88705,1.706684
278,30,unrelated_token,134,0.82428235,1.869472,0.5878593,71.731476,1.6957966
279,31,orig,-1,0.23137479,0.5247579,0.8843126,71.7656,0.0
280,31,paraphrase,-1,0.24171834,0.54821706,0.8791408,71.76019,0.014213596
281,31,translate,-1,0.24963494,0.56617194,0.8751826,71.80229,0.02193587
282,31,polarity,-1,0.21765395,0.49363905,0.8911733,71.73778,0.00975234
283,31,vocab,-1,0.28736585,0.6517456,0.8563174,71.6613,0.10323055
284,31,cat,-1,0.54043424,1.2257047,0.72978294,71.6552,0.7805235
285,31,shuffle,-1,0.20924976,0.47457838,0.89537495,71.80394,0.23881721
286,31,unrelated,97,0.81654227,1.8519175,0.5917289,71.959984,1.5635803
287,31,unrelated_token,97,0.7622907,1.728875,0.6188548,71.824295,1.4318295
288,32,orig,-1,0.060578786,0.13739266,0.9697112,71.94582,0.0
289,32,paraphrase,-1,0.060012437,0.13610817,0.9699945,71.90412,0.00963545
290,32,translate,-1,0.062828854,0.14249581,0.9685862,71.885826,0.018060185
291,32,polarity,-1,0.06596539,0.14960948,0.96701807,71.94251,0.0061893077
292,32,vocab,-1,0.120580815,0.27347723,0.93970984,71.689384,0.22935021
293,32,cat,-1,0.40683404,0.9226994,0.79658365,71.837616,0.84873205
294,32,shuffle,-1,0.08003833,0.1815269,0.9599816,71.94687,0.024110682
295,32,unrelated,87,0.90379107,2.0497978,0.548105,72.025185,2.0601256
296,32,unrelated_token,87,0.80403316,1.8235469,0.597984,71.65519,1.8354895
297,33,orig,-1,0.0741358,0.16813996,0.96293247,72.34647,0.0
298,33,paraphrase,-1,0.08004443,0.18154074,0.9599782,72.297554,0.013295686
299,33,translate,-1,0.07850279,0.17804429,0.9607487,72.32271,0.011575608
300,33,polarity,-1,0.07812108,0.17717858,0.96093976,72.34426,0.0028858946
301,33,vocab,-1,0.11091089,0.25154585,0.9445448,72.28839,0.076745905
302,33,cat,-1,0.6215667,1.409713,0.6892172,72.02848,1.2673805
303,33,shuffle,-1,0.07467883,0.16937156,0.9626609,72.33938,0.0020271703
304,33,unrelated,131,0.9767087,2.215175,0.51164603,72.123344,2.1290143
305,33,unrelated_token,131,0.8360149,1.8960814,0.58199275,71.85429,1.820784
306,34,orig,-1,0.24346355,0.5521752,0.8782685,71.61743,0.0
307,34,paraphrase,-1,0.23766156,0.5390163,0.88116956,71.604645,0.050673857
308,34,translate,-1,0.25666255,0.5821105,0.871669,71.583626,0.013920596
309,34,polarity,-1,0.24458405,0.5547165,0.8777083,71.59425,0.009860193
310,34,vocab,-1,0.3239731,0.73477083,0.8380137,71.71062,0.24710058
311,34,cat,-1,0.3725719,0.8449929,0.8137143,71.571434,0.46006578
312,34,shuffle,-1,0.23902926,0.54211825,0.88048595,71.608696,0.0030461312
313,34,unrelated,24,0.8408901,1.9071383,0.5795552,72.11938,1.4827688
314,34,unrelated_token,24,0.8818196,1.9999665,0.5590904,72.34816,1.5680866
315,35,orig,-1,0.04505344,0.10218118,0.97747356,71.91608,0.0
316,35,paraphrase,-1,0.05108137,0.11585253,0.9744596,71.90438,0.011809806
317,35,translate,-1,0.047249828,0.10716259,0.9763754,71.901344,0.010275267
318,35,polarity,-1,0.0470607,0.10673364,0.9764699,71.91471,0.004305455
319,35,vocab,-1,0.14160109,0.3211512,0.9291999,71.92753,0.226117
320,35,cat,-1,0.27989525,0.6348023,0.86005265,71.93457,0.5808212
321,35,shuffle,-1,0.057842422,0.13118659,0.9710793,71.96504,0.02941508
322,35,unrelated,170,0.78766906,1.7864331,0.6061659,72.024605,1.8243304
323,35,unrelated_token,170,0.73813546,1.6740909,0.63093275,72.03693,1.700193
324,36,orig,-1,0.07794616,0.17678186,0.96102715,72.071815,0.0
325,36,paraphrase,-1,0.091557406,0.20765215,0.9542216,72.06938,0.020818124
326,36,translate,-1,0.080561124,0.1827126,0.9597198,72.05651,0.010800836
327,36,polarity,-1,0.07919486,0.1796139,0.9604029,72.07464,0.0041986695
328,36,vocab,-1,0.15102775,0.34253088,0.92448646,71.94336,0.16781132
329,36,cat,-1,0.38420475,0.8713762,0.80789787,72.03134,0.7526625
330,36,shuffle,-1,0.096055456,0.21785372,0.9519727,72.080414,0.056201916
331,36,unrelated,122,0.7506462,1.7024652,0.6246772,71.92981,1.5752519
332,36,unrelated_token,122,0.4627737,1.0495706,0.76861334,72.07489,0.91618377
333,37,orig,-1,0.04890524,0.11091706,0.9755476,72.046425,0.0
334,37,paraphrase,-1,0.056686737,0.12856549,0.9716571,72.04132,0.012869522
335,37,translate,-1,0.05123649,0.116204344,0.9743823,72.04605,0.009088671
336,37,polarity,-1,0.047950473,0.10875165,0.9760252,72.06369,0.0029161328
337,37,vocab,-1,0.13298087,0.30160055,0.93350995,71.942215,0.19248955
338,37,cat,-1,0.43193045,0.9796181,0.78403515,71.941895,0.8838244
339,37,shuffle,-1,0.050848275,0.115323864,0.9745761,72.03338,0.012839471
340,37,unrelated,113,0.89733267,2.03515,0.5513342,71.679375,1.9676698
341,37,unrelated_token,113,0.75305784,1.7079349,0.6234713,71.85219,1.6065857
342,38,orig,-1,0.14359024,0.3256626,0.92820525,71.87713,0.0
343,38,paraphrase,-1,0.14359915,0.32568282,0.9282007,71.88148,0.027171323
344,38,translate,-1,0.14142498,0.3207518,0.9292877,71.87242,0.009649752
345,38,polarity,-1,0.14997509,0.34014344,0.9250128,71.89506,0.010566841
346,38,vocab,-1,0.25297627,0.5737501,0.8735123,71.735176,0.34768862
347,38,cat,-1,0.32874542,0.7455945,0.8356275,71.86888,0.51288384
348,38,shuffle,-1,0.14626792,0.33173558,0.9268664,71.887634,0.018868344
349,38,unrelated,226,1.2405983,2.8136764,0.37970102,72.441086,2.6902144
350,38,unrelated_token,226,0.7225033,1.6386372,0.6387487,71.95066,1.4931463
351,39,orig,-1,0.04688775,0.1063414,0.97655654,72.185234,0.0
352,39,paraphrase,-1,0.04587213,0.10403797,0.9770644,72.188324,0.0042482927
353,39,translate,-1,0.046349727,0.10512116,0.9768255,72.18131,0.004478187
354,39,polarity,-1,0.047304876,0.10728744,0.9763479,72.182724,0.0031953903
355,39,vocab,-1,0.098319784,0.22298923,0.95084053,72.08638,0.12722617
356,39,cat,-1,0.3536572,0.80209434,0.82317185,72.05049,0.76552397
357,39,shuffle,-1,0.063722715,0.14452308,0.9681389,72.1696,0.026951997
358,39,unrelated,41,0.5222179,1.1843901,0.7388915,71.86902,1.1736251
359,39,unrelated_token,41,0.46312276,1.0503622,0.76843905,71.91431,1.0319539
360,40,orig,-1,0.05426786,0.123079486,0.9728663,71.73032,0.0
361,40,paraphrase,-1,0.0684429,0.15522848,0.9657788,71.71043,0.016454848
362,40,translate,-1,0.0746655,0.16934133,0.9626675,71.76759,0.044252012
363,40,polarity,-1,0.055105545,0.124979354,0.9724475,71.73898,0.0073197265
364,40,vocab,-1,0.13828307,0.31362596,0.93085855,71.70064,0.17594962
365,40,cat,-1,0.4201681,0.95294106,0.7899163,71.859436,0.8206074
366,40,shuffle,-1,0.068754844,0.15593596,0.96562296,71.72915,0.0330672
367,40,unrelated,138,0.72519934,1.6447518,0.6374008,72.10787,1.5376731
368,40,unrelated_token,138,0.6390479,1.4493604,0.6804764,72.206184,1.3590689
369,41,orig,-1,0.095269546,0.2160713,0.95236534,71.86902,0.0
370,41,paraphrase,-1,0.10199827,0.23133203,0.9490008,71.87557,0.011608954
371,41,translate,-1,0.100060046,0.22693615,0.94997007,71.84294,0.012994376
372,41,polarity,-1,0.09305408,0.2110466,0.9534729,71.85431,0.009766761
373,41,vocab,-1,0.19832824,0.44980836,0.9008359,71.72783,0.28734002
374,41,cat,-1,0.37520486,0.8509645,0.8123978,71.94782,0.62570417
375,41,shuffle,-1,0.09268497,0.21020947,0.95365757,71.84973,0.016625324
376,41,unrelated,171,0.73110044,1.6581354,0.6344497,72.06961,1.4899735
377,41,unrelated_token,171,0.543266,1.2321271,0.728367,72.091385,1.0782925
378,42,orig,-1,0.06284316,0.14252825,0.96857864,72.01184,0.0
379,42,paraphrase,-1,0.06687778,0.15167879,0.9665611,71.98934,0.016326964
380,42,translate,-1,0.06752996,0.15315792,0.9662351,71.96927,0.013627091
381,42,polarity,-1,0.07021882,0.15925625,0.9648908,72.01518,0.0065123593
382,42,vocab,-1,0.15942177,0.3615685,0.9202892,71.87054,0.21533324
383,42,cat,-1,0.38089916,0.86387914,0.8095507,71.96507,0.8108663
384,42,shuffle,-1,0.05939368,0.13470484,0.9703033,71.9965,0.0058794366
385,42,unrelated,108,0.6562417,1.4883559,0.67187923,71.862724,1.4346137
386,42,unrelated_token,108,0.56951964,1.2916703,0.7152405,71.63533,1.2340665
387,43,orig,-1,0.092601046,0.21001913,0.9537,72.040535,0.0
388,43,paraphrase,-1,0.09474366,0.21487859,0.9526285,72.0241,0.0156052625
389,43,translate,-1,0.09162558,0.20780677,0.9541876,72.0297,0.012567595
390,43,polarity,-1,0.09031962,0.20484486,0.95484054,72.053,0.008668846
391,43,vocab,-1,0.21502352,0.48767325,0.89248866,71.92668,0.2951524
392,43,cat,-1,0.29967457,0.6796618,0.8501631,71.927826,0.48115814
393,43,shuffle,-1,0.103371166,0.23444575,0.94831467,72.01394,0.062883645
394,43,unrelated,176,0.75648135,1.7156993,0.62175965,72.175896,1.6439575
395,43,unrelated_token,176,0.6541048,1.4835094,0.6729482,71.86475,1.3648895
396,44,orig,-1,0.12071584,0.27378348,0.93964237,71.99737,0.0
397,44,paraphrase,-1,0.1294581,0.2936109,0.93527114,71.97679,0.013528701
398,44,translate,-1,0.12383239,0.2808518,0.9380841,72.019554,0.01844018
399,44,polarity,-1,0.12635584,0.286575,0.93682265,72.00728,0.010841892
400,44,vocab,-1,0.17919418,0.40641233,0.9104032,71.86932,0.13375056
401,44,cat,-1,0.14402343,0.32664508,0.92798847,71.99698,0.06622672
402,44,shuffle,-1,0.15764494,0.35753867,0.9211778,71.81844,0.07143063
403,44,unrelated,31,0.7490374,1.6988164,0.62548155,71.7656,1.4729732
404,44,unrelated_token,31,0.83285654,1.8889183,0.583572,71.64814,1.6541545
405,45,orig,-1,0.058130287,0.13183947,0.9709351,71.924835,0.0
406,45,paraphrase,-1,0.062823705,0.14248413,0.9685884,71.89597,0.00621702
407,45,translate,-1,0.06325712,0.14346713,0.96837187,71.90583,0.0096677635
408,45,polarity,-1,0.059890635,0.13583194,0.9700552,71.923,0.011106596
409,45,vocab,-1,0.17169556,0.38940546,0.9141525,71.737114,0.22978248
410,45,cat,-1,0.21960983,0.49807498,0.89019537,71.74278,0.40501374
411,45,shuffle,-1,0.06206746,0.14076898,0.9689664,71.925896,0.009251951
412,45,unrelated,164,0.63353395,1.4368547,0.6832333,71.81554,1.3427566
413,45,unrelated_token,164,0.55677795,1.2627722,0.7216112,71.73691,1.1448303
414,46,orig,-1,0.14970525,0.33953142,0.9251478,71.91636,0.0
415,46,paraphrase,-1,0.14839403,0.3365576,0.9258032,71.86405,0.018626004
416,46,translate,-1,0.16336922,0.37052134,0.91831565,71.8901,0.014044366
417,46,polarity,-1,0.14505784,0.32899112,0.92747116,71.90223,0.01406773
418,46,vocab,-1,0.2310895,0.5241109,0.8844553,71.77832,0.19172096
419,46,cat,-1,0.26820704,0.6082935,0.86589676,71.83461,0.35705373
420,46,shuffle,-1,0.1548618,0.35122648,0.9225692,71.915886,0.07271841
421,46,unrelated,56,0.837818,1.9001709,0.58109117,72.015915,1.8504258
422,46,unrelated_token,56,0.77376664,1.7549024,0.6131169,71.99494,1.6721429
423,47,orig,-1,0.0771066,0.17487773,0.9614467,71.7533,0.0
424,47,paraphrase,-1,0.087132186,0.19761576,0.9564342,71.74864,0.013594276
425,47,translate,-1,0.08347227,0.18931507,0.9582642,71.74228,0.020375289
426,47,polarity,-1,0.084034145,0.1905894,0.95798314,71.74396,0.011710355
427,47,vocab,-1,0.2209795,0.5011814,0.88951033,71.5772,0.3315328
428,47,cat,-1,0.42153302,0.9560367,0.7892337,71.87627,0.83182496
429,47,shuffle,-1,0.10340881,0.23453115,0.94829595,71.754105,0.068161145
430,47,unrelated,144,0.98611766,2.2365143,0.5069415,71.871445,2.1263876
431,47,unrelated_token,144,0.91851604,2.083194,0.54074234,71.67299,1.9595535
432,48,orig,-1,0.10361131,0.23499042,0.94819444,71.96069,0.0
433,48,paraphrase,-1,0.11342953,0.25725812,0.9432855,71.94406,0.009870152
434,48,translate,-1,0.10677381,0.24216296,0.9466133,71.94951,0.005548302
435,48,polarity,-1,0.10404153,0.23596615,0.9479791,71.94456,0.013448618
436,48,vocab,-1,0.22189477,0.5032572,0.8890527,72.01144,0.22537567
437,48,cat,-1,0.4973445,1.1279771,0.75132805,71.89448,0.9420634
438,48,shuffle,-1,0.12835154,0.29110125,0.9358243,71.93744,0.1276382
439,48,unrelated,76,0.7657483,1.7367169,0.6171261,71.97724,1.5044485
440,48,unrelated_token,76,0.62124455,1.4089824,0.6893777,71.99118,1.1348147
441,49,orig,-1,0.09388755,0.21293692,0.95305645,71.80059,0.0
442,49,paraphrase,-1,0.1008725,0.2287788,0.94956404,71.789894,0.00836988
443,49,translate,-1,0.09480907,0.21502693,0.95259565,71.78053,0.013802007
444,49,polarity,-1,0.10463174,0.23730473,0.9476844,71.82867,0.011033928
445,49,vocab,-1,0.15064438,0.3416614,0.92467797,71.679,0.16269423
446,49,cat,-1,0.32004493,0.7258618,0.83997774,71.699905,0.6351103
447,49,shuffle,-1,0.11456816,0.25984055,0.9427163,71.84246,0.034987938
448,49,unrelated,196,0.74259746,1.6842107,0.6287015,72.169205,1.6504111
449,49,unrelated_token,196,0.66401446,1.5059845,0.667993,71.740616,1.4616123
450,50,orig,-1,0.08601763,0.19508795,0.95699155,71.98409,0.0
451,50,paraphrase,-1,0.09708656,0.22019228,0.9514571,71.94908,0.016419591
452,50,translate,-1,0.09514837,0.21579646,0.9524263,71.975,0.011096258
453,50,polarity,-1,0.09285205,0.21058841,0.9535742,71.97247,0.0069306875
454,50,vocab,-1,0.21471357,0.48697028,0.89264363,71.81344,0.2561946
455,50,cat,-1,0.36906704,0.8370439,0.81546694,71.95194,0.6241199
456,50,shuffle,-1,0.09181592,0.20823847,0.9540925,71.986984,0.013761118
457,50,unrelated,73,0.7261531,1.6469148,0.6369239,71.77199,1.422518
458,51,orig,-1,0.19453272,0.44120014,0.9027341,71.95504,0.0
459,51,paraphrase,-1,0.19497003,0.44219193,0.9025154,71.9392,0.013713034
460,51,translate,-1,0.19607493,0.44469786,0.9019628,71.92746,0.01554754
461,51,polarity,-1,0.19209313,0.43566716,0.9039538,71.94825,0.0020753157
462,51,vocab,-1,0.23150316,0.5250491,0.88424873,71.8938,0.15198277
463,51,cat,-1,0.34140363,0.7743033,0.8292985,71.87128,0.54846907
464,51,shuffle,-1,0.17328557,0.3930116,0.9133578,71.9466,0.03361123
465,51,unrelated,44,0.72349703,1.640891,0.6382518,71.99737,1.4588816
466,51,unrelated_token,44,0.65194786,1.4786174,0.6740266,72.02814,1.3020486
467,52,orig,-1,0.08317647,0.1886442,0.95841223,72.04345,0.0
468,52,paraphrase,-1,0.09888654,0.22427464,0.95055693,72.03569,0.021929402
469,52,translate,-1,0.086271025,0.19566265,0.95686483,72.047806,0.010077053
470,52,polarity,-1,0.08312334,0.1885237,0.95843863,72.05099,0.0074373377
471,52,vocab,-1,0.13161495,0.29850265,0.9341931,72.01474,0.08751615
472,52,cat,-1,0.3867305,0.8771046,0.8066351,72.07864,0.68135726
473,52,shuffle,-1,0.088076204,0.19975679,0.9559622,72.040955,0.0139783
474,52,unrelated,211,0.80475026,1.8251733,0.59762526,72.155655,1.6363032
475,52,unrelated_token,211,0.63753134,1.4459208,0.6812348,71.98436,1.1957517
476,53,orig,-1,0.120938584,0.27428865,0.9395311,72.058624,0.0
477,53,paraphrase,-1,0.13971311,0.31686926,0.9301438,72.07275,0.028767696
478,53,translate,-1,0.12716815,0.2884173,0.9364163,72.06704,0.026384115
479,53,polarity,-1,0.12447435,0.28230777,0.93776304,72.05086,0.018736754
480,53,vocab,-1,0.26244682,0.59522927,0.8687769,72.04498,0.3531069
481,53,cat,-1,0.36733514,0.83311594,0.8163327,72.0193,0.6054942
482,53,shuffle,-1,0.12184284,0.2763395,0.9390788,72.060616,0.008421112
483,53,unrelated,161,0.9216825,2.0903754,0.5391588,72.09437,1.8605837
484,53,unrelated_token,161,0.8067384,1.8296822,0.5966309,72.13606,1.5860562
485,54,orig,-1,0.05239793,0.11883848,0.9738009,71.73359,0.0
486,54,paraphrase,-1,0.058284998,0.13219035,0.9708576,71.71671,0.009359435
487,54,translate,-1,0.061395485,0.13924493,0.9693026,71.7321,0.010620335
488,54,polarity,-1,0.052051373,0.11805249,0.97397465,71.752884,0.005973175
489,54,vocab,-1,0.24646468,0.5589818,0.8767682,71.543816,0.41541213
490,54,cat,-1,0.48096785,1.0908349,0.7595164,71.85101,0.9271951
491,54,shuffle,-1,0.070299745,0.15943979,0.96485025,71.75988,0.038754914
492,54,unrelated,75,0.87645876,1.9878081,0.5617707,71.992516,1.8599027
493,54,unrelated_token,75,0.74126625,1.6811916,0.6293672,71.83512,1.5421364
494,55,orig,-1,0.068941966,0.15636034,0.9655294,71.98773,0.0
495,55,paraphrase,-1,0.06414391,0.14547837,0.9679284,71.97557,0.01824796
496,55,translate,-1,0.06483903,0.14705488,0.96758074,71.996704,0.015693733
497,55,polarity,-1,0.0713617,0.1618483,0.9643196,72.02533,0.017469328
498,55,vocab,-1,0.13546929,0.30724427,0.9322656,71.92677,0.18897387
499,55,cat,-1,0.30615145,0.6943514,0.8469249,71.94485,0.55544096
500,55,shuffle,-1,0.068091586,0.15443169,0.96595466,72.032936,0.025832929
501,55,unrelated,149,0.71276146,1.6165427,0.64361954,72.085724,1.5107205
502,55,unrelated_token,149,0.5883274,1.3343263,0.7058365,72.05854,1.2135025
503,56,orig,-1,0.08675713,0.19676514,0.9566215,72.015915,0.0
504,56,paraphrase,-1,0.0832804,0.1888799,0.95835996,72.01049,0.007694331
505,56,translate,-1,0.086940005,0.1971799,0.9565302,71.99477,0.0161404
506,56,polarity,-1,0.09082797,0.2059978,0.95458627,72.01805,0.005278022
507,56,vocab,-1,0.1705289,0.3867595,0.91473556,71.82432,0.28283453
508,56,cat,-1,0.33285457,0.754914,0.83357286,71.877464,0.6453133
509,56,shuffle,-1,0.08840728,0.20050767,0.9557965,72.012856,0.002021381
510,56,unrelated,82,0.7344578,1.6657499,0.6327712,71.847885,1.6426495
511,56,unrelated_token,82,0.47058615,1.0672892,0.7647071,71.81682,1.0404538
512,57,orig,-1,0.11229016,0.25467402,0.9438555,72.23508,0.0
513,57,paraphrase,-1,0.11013,0.24977478,0.9449354,72.23818,0.0036623275
514,57,translate,-1,0.109639406,0.24866213,0.94518083,72.24465,0.005366401
515,57,polarity,-1,0.109187044,0.24763617,0.9454071,72.25695,0.0036103618
516,57,vocab,-1,0.17298773,0.3923361,0.9135067,72.22219,0.114071615
517,57,cat,-1,0.4556312,1.0333713,0.7721848,71.97212,0.99254006
518,57,shuffle,-1,0.15345058,0.34802586,0.92327523,72.208435,0.10830465
519,57,unrelated,120,0.8496057,1.9269053,0.5751977,71.93809,1.8056662
520,57,unrelated_token,120,0.6622,1.5018692,0.6689005,72.04995,1.4578938
521,58,orig,-1,0.060425866,0.13704585,0.96978736,71.920296,0.0
522,58,paraphrase,-1,0.072845794,0.16521423,0.9635774,71.919586,0.015978098
523,58,translate,-1,0.064844154,0.14706652,0.9675783,71.91092,0.014216
524,58,polarity,-1,0.063011125,0.1429092,0.9684948,71.92182,0.0054519908
525,58,vocab,-1,0.2179865,0.49439326,0.8910072,71.91839,0.3049818
526,58,cat,-1,0.56226134,1.2752085,0.7188697,72.005325,1.160257
527,58,shuffle,-1,0.05821703,0.1320362,0.97089183,71.91286,0.002303764
528,58,unrelated,64,0.7709631,1.7485439,0.61451864,72.14356,1.7031548
529,58,unrelated_token,64,0.65260303,1.4801034,0.6736987,71.96881,1.4018902
530,59,orig,-1,0.08047177,0.18250993,0.9597646,71.890396,0.0
531,59,paraphrase,-1,0.08313999,0.18856147,0.9584307,71.8977,0.008345048
532,59,translate,-1,0.08345522,0.1892764,0.95827293,71.91175,0.012079847
533,59,polarity,-1,0.08064714,0.18290769,0.9596768,71.88081,0.006428536
534,59,vocab,-1,0.13891271,0.31505397,0.93054414,71.78187,0.2183175
535,59,cat,-1,0.31932825,0.7242363,0.8403363,71.82644,0.5880787
536,59,shuffle,-1,0.098480344,0.22335337,0.95076054,71.87494,0.033872787
537,59,unrelated,213,1.0449734,2.3699992,0.47751376,72.26324,2.3438537
538,59,unrelated_token,213,0.7171883,1.6265827,0.6414064,71.99341,1.5903507
539,60,orig,-1,0.07426754,0.16843873,0.96286666,71.88484,0.0
540,60,paraphrase,-1,0.07747831,0.17572078,0.9612613,71.84471,0.0069223815
541,60,translate,-1,0.07995403,0.1813357,0.96002346,71.88967,0.009781077
542,60,polarity,-1,0.07765506,0.17612165,0.96117294,71.90422,0.0038220382
543,60,vocab,-1,0.33286604,0.75494003,0.83356726,72.0059,0.57496315
544,60,cat,-1,0.44166106,1.001687,0.7791698,71.784676,0.82817686
545,60,shuffle,-1,0.096458256,0.21876729,0.9517711,71.86706,0.028089575
546,60,unrelated,127,0.7068565,1.6031502,0.6465724,71.959,1.4341973
547,60,unrelated_token,127,0.640278,1.4521502,0.6798614,72.01741,1.2735593
548,61,orig,-1,0.081743404,0.185394,0.95912826,72.29781,0.0
549,61,paraphrase,-1,0.085001886,0.19278423,0.9574993,72.29053,0.01218105
550,61,translate,-1,0.08029368,0.18210602,0.9598533,72.292305,0.017936608
551,61,polarity,-1,0.096047334,0.2178353,0.95197666,72.24527,0.026272971
552,61,vocab,-1,0.17046557,0.38661584,0.9147674,72.100174,0.18481383
553,61,cat,-1,0.42734337,0.96921456,0.78632873,71.76641,0.8104246
554,61,shuffle,-1,0.09193227,0.20850234,0.95403403,72.302025,0.024077669
555,61,unrelated,204,0.7643357,1.733513,0.6178322,71.884445,1.6571258
556,61,unrelated_token,204,0.6474282,1.4683669,0.67628616,72.23987,1.3163477
557,62,orig,-1,0.08653249,0.19625564,0.9567341,72.13035,0.0
558,62,paraphrase,-1,0.08786603,0.19928011,0.9560675,72.116234,0.0046495483
559,62,translate,-1,0.0900677,0.2042735,0.9549664,72.117584,0.0065935235
560,62,polarity,-1,0.09083643,0.20601697,0.9545824,72.11811,0.0066028237
561,62,vocab,-1,0.1362182,0.30894282,0.93189126,72.04964,0.09756105
562,62,cat,-1,0.6393428,1.4500291,0.68032926,71.98957,1.336856
563,62,shuffle,-1,0.0894395,0.20284873,0.9552807,72.14245,0.002280333
564,62,unrelated,92,0.84665763,1.9202192,0.5766714,72.2181,1.846814
565,62,unrelated_token,92,0.56659734,1.2850425,0.716702,72.147415,1.1345781
566,63,orig,-1,0.053445023,0.12121329,0.97327816,72.07596,0.0
567,63,paraphrase,-1,0.055810142,0.12657738,0.9720954,72.04822,0.008234382
568,63,translate,-1,0.06176088,0.14007364,0.96911997,72.034195,0.017022802
569,63,polarity,-1,0.05666148,0.12850821,0.97167,72.082794,0.0035421348
570,63,vocab,-1,0.30616635,0.6943852,0.84691715,72.06769,0.5494364
571,63,cat,-1,0.55547535,1.2598178,0.7222626,72.12845,1.1466204
572,63,shuffle,-1,0.050344013,0.1141802,0.9748283,72.088715,0.0065406426
573,63,unrelated,47,0.9136736,2.0722113,0.54316336,71.7533,1.954752
574,63,unrelated_token,47,0.6375518,1.4459672,0.68122435,71.72965,1.305884
575,64,orig,-1,0.15838738,0.3592225,0.92080647,72.14356,0.0
576,64,paraphrase,-1,0.14982189,0.33979598,0.9250892,72.156456,0.02080153
577,64,translate,-1,0.16611834,0.3767563,0.916941,72.144356,0.009348507
578,64,polarity,-1,0.144649,0.32806388,0.92767566,72.15832,0.027614726
579,64,vocab,-1,0.31859913,0.7225827,0.84070057,72.04389,0.5800604
580,64,cat,-1,0.41015592,0.9302335,0.7949222,72.099846,0.6527065
581,64,shuffle,-1,0.14695415,0.33329195,0.92652327,72.156746,0.031418473
582,64,unrelated,78,0.8813508,1.9989033,0.559325,72.0484,1.8709329
583,64,unrelated_token,78,0.70697755,1.6034248,0.6465112,71.78386,1.4345733
584,65,orig,-1,0.07204421,0.16339624,0.96397835,72.11601,0.0
585,65,paraphrase,-1,0.07172299,0.1626677,0.964139,72.0868,0.011162457
586,65,translate,-1,0.093472734,0.21199612,0.9532639,72.06203,0.027866635
587,65,polarity,-1,0.07509711,0.1703202,0.9624517,72.10781,0.006143413
588,65,vocab,-1,0.1490564,0.33805987,0.92547196,71.94211,0.13544635
589,65,cat,-1,0.63539195,1.4410686,0.6823043,71.88937,1.3304409
590,65,shuffle,-1,0.07363164,0.16699652,0.9631845,72.092636,0.013943797
591,65,unrelated,91,1.0116398,2.2943988,0.49418026,71.70348,2.2170894
592,65,unrelated_token,91,0.78916454,1.7898248,0.60541815,71.71525,1.6663703
593,66,orig,-1,0.06392005,0.14497064,0.9680402,72.165825,0.0
594,66,paraphrase,-1,0.07284065,0.16520257,0.96358,72.13454,0.017581161
595,66,translate,-1,0.0679041,0.15400647,0.96604836,72.15643,0.01117241
596,66,polarity,-1,0.06768088,0.1535002,0.96616006,72.19714,0.008023955
597,66,vocab,-1,0.196562,0.44580254,0.90171933,71.82762,0.32517433
598,66,cat,-1,0.39623937,0.89867073,0.80188066,71.88734,0.7095508
599,66,shuffle,-1,0.07352762,0.16676061,0.96323663,72.18108,0.020494843
600,66,unrelated,27,1.0808016,2.4512575,0.4595994,72.02855,2.3432307
601,66,unrelated_token,27,0.9314617,2.1125548,0.5342694,71.923836,1.9874105
602,67,orig,-1,0.05374251,0.12188799,0.9731291,71.89286,0.0
603,67,paraphrase,-1,0.05844753,0.13255897,0.97077644,71.88736,0.010516239
604,67,translate,-1,0.05356328,0.12148149,0.9732185,71.88522,0.00999732
605,67,polarity,-1,0.054282676,0.12311309,0.9728589,71.88777,0.0034565355
606,67,vocab,-1,0.13125455,0.29768527,0.93437284,71.820465,0.19381703
607,67,cat,-1,0.3534835,0.8017004,0.8232582,72.05113,0.72061783
608,67,shuffle,-1,0.058636595,0.13298777,0.9706818,71.90639,0.011236447
609,67,unrelated,62,0.8484252,1.924228,0.57578766,72.13035,1.8636018
610,67,unrelated_token,62,0.68739486,1.5590112,0.6563024,71.96772,1.4946243
611,68,orig,-1,0.14115411,0.32013747,0.9294231,71.98121,0.0
612,68,paraphrase,-1,0.1429308,0.324167,0.92853487,71.98711,0.009788578
613,68,translate,-1,0.14677025,0.33287486,0.926615,71.97481,0.007063332
614,68,polarity,-1,0.14237143,0.32289833,0.9288146,71.99766,0.008817982
615,68,vocab,-1,0.17830333,0.40439188,0.91084874,71.97077,0.0993719
616,68,cat,-1,0.51181924,1.1608058,0.74409086,71.80615,0.84235245
617,68,shuffle,-1,0.14216164,0.32242253,0.92891943,71.98194,0.0035371282
618,68,unrelated,241,0.87339514,1.9808598,0.56330276,72.12821,1.7383006
619,68,unrelated_token,241,0.7228267,1.6393707,0.6385872,72.04376,1.4078761
620,69,orig,-1,0.09636392,0.21855332,0.95181817,71.98267,0.0
621,69,paraphrase,-1,0.10349621,0.23472935,0.9482521,71.97218,0.020143282
622,69,translate,-1,0.106080174,0.24058978,0.94696015,71.97669,0.0151441125
623,69,polarity,-1,0.12065779,0.2736518,0.9396712,71.974976,0.017209258
624,69,vocab,-1,0.28109878,0.63753194,0.8594508,71.68658,0.58744407
625,69,cat,-1,0.2965774,0.6726374,0.85171163,71.991585,0.54888093
626,69,shuffle,-1,0.11299205,0.2562659,0.943504,72.004684,0.010272842
627,69,unrelated,118,0.78484315,1.7800239,0.6075786,72.06656,1.7109349
628,69,unrelated_token,118,0.7252711,1.6449145,0.63736457,71.937164,1.5831099
629,70,orig,-1,0.22678658,0.51435184,0.88660705,71.6272,0.0
630,70,paraphrase,-1,0.24389029,0.5531431,0.87805504,71.59438,0.023045879
631,70,translate,-1,0.22570698,0.51190335,0.88714683,71.62003,0.012283036
632,70,polarity,-1,0.2817408,0.638988,0.85912997,71.58374,0.053171676
633,70,vocab,-1,0.33830065,0.76726574,0.83085,71.661415,0.40568423
634,70,cat,-1,0.41162485,0.93356496,0.7941881,71.6068,0.30389148
635,70,shuffle,-1,0.26315206,0.59682876,0.86842424,71.66099,0.07087685
636,70,unrelated,110,1.1460656,2.5992763,0.42696735,72.05148,2.5002253
637,70,unrelated_token,110,0.96162957,2.1809754,0.5191858,72.10686,2.113163
638,71,orig,-1,0.057364397,0.13010243,0.97131824,72.0927,0.0
639,71,paraphrase,-1,0.06135142,0.13914499,0.96932465,72.0455,0.0140402
640,71,translate,-1,0.058395993,0.13244209,0.9708023,72.09106,0.0047393334
641,71,polarity,-1,0.05794992,0.13143039,0.9710256,72.095665,0.0025797512
642,71,vocab,-1,0.09437497,0.2140424,0.952813,72.073006,0.104117855
643,71,cat,-1,0.21080875,0.47811416,0.8945961,72.08712,0.38291502
644,71,shuffle,-1,0.058271,0.13215859,0.97086483,72.10449,0.017651029
645,71,unrelated,225,0.9010302,2.043536,0.54948515,72.04606,1.919979
646,71,unrelated_token,225,0.85053027,1.9290023,0.57473534,71.953094,1.7937032
647,72,orig,-1,0.0692611,0.15708414,0.96537,71.98497,0.0
648,72,paraphrase,-1,0.07140015,0.16193551,0.9643005,71.99421,0.009043478
649,72,translate,-1,0.07658895,0.1737037,0.961706,71.9458,0.008914555
650,72,polarity,-1,0.075985745,0.17233564,0.9620075,71.985374,0.0051114294
651,72,vocab,-1,0.106640756,0.2418612,0.94668025,71.97069,0.056804985
652,72,cat,-1,0.40002435,0.90725505,0.7999884,71.998604,0.8138054
653,72,shuffle,-1,0.0726348,0.16473569,0.9636831,72.00571,0.0103882095
654,72,unrelated,100,0.69579977,1.5780736,0.6521006,71.96929,1.4995629
655,72,unrelated_token,100,0.53471106,1.2127244,0.7326449,71.91785,1.1574062
656,73,orig,-1,0.085569486,0.19407156,0.9572159,71.77199,0.0
657,73,paraphrase,-1,0.08495228,0.19267173,0.95752454,71.7568,0.010900863
658,73,translate,-1,0.09399625,0.21318345,0.95300245,71.74525,0.0128776
659,73,polarity,-1,0.09843822,0.22325784,0.95078135,71.78673,0.012669521
660,73,vocab,-1,0.13872553,0.31462944,0.9306379,71.80724,0.1923606
661,73,cat,-1,0.311623,0.7067608,0.84418917,71.634796,0.46440595
662,73,shuffle,-1,0.08791807,0.19939815,0.9560415,71.77459,0.002940076
663,73,unrelated,1,0.72795033,1.6509911,0.63602567,71.91234,1.6102551
664,73,unrelated_token,1,0.7373934,1.6724079,0.63130397,72.09018,1.6429461
665,74,orig,-1,0.03833642,0.08694698,0.9808321,72.1213,0.0
666,74,paraphrase,-1,0.051683225,0.11721753,0.9741589,72.103165,0.01733506
667,74,translate,-1,0.046921603,0.10641818,0.9765395,72.073425,0.011871398
668,74,polarity,-1,0.039640624,0.08990492,0.9801799,72.15946,0.0069856164
669,74,vocab,-1,0.11138149,0.2526132,0.94430953,72.092575,0.13394481
670,74,cat,-1,0.37142462,0.84239084,0.81428796,72.09187,0.80842817
671,74,shuffle,-1,0.039342098,0.08922786,0.9803293,72.111206,0.0033059027
672,74,unrelated,246,0.66504663,1.5083255,0.66747695,72.02757,1.441713
673,74,unrelated_token,246,0.56492776,1.281256,0.7175364,71.97687,1.1982082
674,75,orig,-1,0.10469774,0.23745443,0.94765115,71.992516,0.0
675,75,paraphrase,-1,0.10389125,0.23562531,0.9480545,71.999016,0.005552742
676,75,translate,-1,0.1023378,0.23210208,0.94883144,71.97413,0.008475226
677,75,polarity,-1,0.10971977,0.24884439,0.9451403,72.02074,0.0045020697
678,75,vocab,-1,0.17910782,0.40621644,0.9104461,71.83288,0.17629631
679,75,cat,-1,0.44246688,1.0035146,0.77876675,71.89601,0.8443481
680,75,shuffle,-1,0.10360422,0.23497432,0.9481981,71.96801,0.009283842
681,75,unrelated,7,0.6771284,1.5357269,0.661436,71.77696,1.3877854
682,75,unrelated_token,7,0.59160423,1.3417581,0.70419794,71.76718,1.1936419
683,76,orig,-1,0.22933754,0.5201374,0.88533145,71.97724,0.0
684,76,paraphrase,-1,0.22763856,0.51628417,0.88618106,71.96492,0.009054376
685,76,translate,-1,0.20745933,0.47051767,0.89627063,71.931046,0.029722815
686,76,polarity,-1,0.22954535,0.5206088,0.88522756,71.96682,0.0040008626
687,76,vocab,-1,0.2307467,0.52333343,0.884627,71.89686,0.09068396
688,76,cat,-1,0.4143533,0.9397531,0.7928236,71.89046,0.76065516
689,76,shuffle,-1,0.23835202,0.54058224,0.8808244,71.96311,0.029643053
690,76,unrelated,28,0.8823783,2.0012336,0.5588111,71.86037,1.8756183
691,76,unrelated_token,28,0.80380297,1.8230247,0.59809875,71.981606,1.6313523
692,77,orig,-1,0.072424665,0.1642591,0.9637879,71.82009,0.0
693,77,paraphrase,-1,0.070028305,0.15882416,0.964986,71.80882,0.012571933
694,77,translate,-1,0.06846483,0.1552782,0.96576774,71.806786,0.018779052
695,77,polarity,-1,0.07212618,0.16358215,0.9639371,71.824905,0.0025629364
696,77,vocab,-1,0.14991531,0.34000784,0.92504245,71.70551,0.316158
697,77,cat,-1,0.33351803,0.75641876,0.8332411,71.83984,0.60733056
698,77,shuffle,-1,0.07855579,0.1781645,0.96072227,71.81813,0.009927733
699,77,unrelated,210,0.78368855,1.7774053,0.60815585,71.863846,1.8458748
700,77,unrelated_token,210,0.7249235,1.6441262,0.63753855,71.8179,1.7851422
701,78,orig,-1,0.062404532,0.14153345,0.968798,72.0484,0.0
702,78,paraphrase,-1,0.075080335,0.17028217,0.9624601,72.01905,0.016865453
703,78,translate,-1,0.063522905,0.14406992,0.96823865,72.02844,0.0104359845
704,78,polarity,-1,0.06775917,0.15367778,0.9661207,72.05781,0.008892114
705,78,vocab,-1,0.16981463,0.3851395,0.91509306,72.00136,0.35648623
706,78,cat,-1,0.5009386,1.1361285,0.7495309,71.87162,1.062017
707,78,shuffle,-1,0.06419821,0.14560151,0.96790135,72.05168,0.013549334
708,78,unrelated,128,0.77544147,1.7587008,0.6122793,71.88198,1.7469828
709,78,unrelated_token,128,0.7048943,1.5986999,0.6475531,72.17087,1.5595711
710,79,orig,-1,0.056185704,0.12742916,0.9719075,72.34178,0.0
711,79,paraphrase,-1,0.056186896,0.12743185,0.9719069,72.30547,0.008328101
712,79,translate,-1,0.055921458,0.12682985,0.9720398,72.33366,0.0062587564
713,79,polarity,-1,0.05757881,0.13058871,0.97121084,72.36424,0.0036491693
714,79,vocab,-1,0.113809444,0.25811976,0.9430957,72.27213,0.15102565
715,79,cat,-1,0.28847602,0.6542635,0.8557623,71.91473,0.5325307
716,79,shuffle,-1,0.056621008,0.12841642,0.97168964,72.344215,0.014556423
717,79,unrelated,231,0.85042274,1.9287584,0.574789,71.807495,1.8729849
718,79,unrelated_token,231,0.8089057,1.8345978,0.59554744,72.14453,1.7477583
719,80,orig,-1,0.11413536,0.25885895,0.9429323,72.02093,0.0
720,80,paraphrase,-1,0.114237726,0.2590911,0.9428812,72.01075,0.0074767056
721,80,translate,-1,0.12119125,0.2748617,0.9394044,72.035,0.009790807
722,80,polarity,-1,0.1195112,0.27105135,0.9402444,72.026566,0.0079886895
723,80,vocab,-1,0.15056552,0.34148252,0.92471737,71.977455,0.08527633
724,80,cat,-1,0.54709923,1.2408208,0.7264504,71.96485,1.0509673
725,80,shuffle,-1,0.11483212,0.2604392,0.9425843,72.00027,0.019036662
726,80,unrelated,222,0.7518152,1.7051165,0.62409234,72.019035,1.5912174
727,80,unrelated_token,222,0.7226336,1.6389327,0.6386833,71.87316,1.52326
728,81,orig,-1,0.089914106,0.20392515,0.9550431,71.91441,0.0
729,81,paraphrase,-1,0.09259661,0.21000908,0.9537018,71.90044,0.0058210366
730,81,translate,-1,0.11048411,0.2505779,0.9447582,71.90779,0.057565797
731,81,polarity,-1,0.091309324,0.2070895,0.9543459,71.92472,0.009346238
732,81,vocab,-1,0.45634562,1.0349916,0.77182764,71.511185,0.85198796
733,81,cat,-1,0.3158092,0.7162551,0.8420958,71.81273,0.59594846
734,81,shuffle,-1,0.090309724,0.20482242,0.9548456,71.90457,0.013592693
735,81,unrelated,229,0.7598518,1.7233436,0.62007457,71.91431,1.58643
736,81,unrelated_token,229,0.64970803,1.4735376,0.6751465,71.68255,1.3021345
737,82,orig,-1,0.06877617,0.15598431,0.965612,71.847885,0.0
738,82,paraphrase,-1,0.07358384,0.16688812,0.9632083,71.82849,0.007139619
739,82,translate,-1,0.06875936,0.1559462,0.96562064,71.87632,0.008159564
740,82,polarity,-1,0.0656542,0.1489037,0.96717334,71.850494,0.009561355
741,82,vocab,-1,0.122713074,0.2783132,0.93864363,71.73064,0.1320628
742,82,cat,-1,0.38134283,0.8648854,0.80932903,71.7949,0.69693696
743,82,shuffle,-1,0.06547464,0.14849645,0.96726304,71.87946,0.034812815
744,82,unrelated,72,0.80577195,1.8274904,0.59711415,71.98497,1.6661334
745,82,unrelated_token,72,0.72300386,1.6397724,0.63849854,71.97754,1.4806485
746,83,orig,-1,0.0940775,0.21336773,0.9529619,72.01134,0.0
747,83,paraphrase,-1,0.09000863,0.20413953,0.954996,71.99114,0.016876834
748,83,translate,-1,0.095426515,0.2164273,0.9522871,72.00567,0.00833121
749,83,polarity,-1,0.09528418,0.21610448,0.9523584,71.98366,0.009237808
750,83,vocab,-1,0.23902857,0.5421167,0.88048595,71.903076,0.32879248
751,83,cat,-1,0.29279605,0.6640613,0.8536026,72.0148,0.5103991
752,83,shuffle,-1,0.09444385,0.2141986,0.9527785,71.97234,0.015218317
753,83,unrelated,151,0.8534771,1.9356858,0.57326186,71.82415,1.911448
754,83,unrelated_token,151,0.6501761,1.4745991,0.67491204,72.03307,1.4002304
755,84,orig,-1,0.07332511,0.16630132,0.9633378,72.13656,0.0
756,84,paraphrase,-1,0.07460003,0.16919284,0.96270025,72.10985,0.007000355
757,84,translate,-1,0.0753417,0.17087494,0.96232945,72.10838,0.019599391
758,84,polarity,-1,0.080516934,0.18261237,0.95974195,72.11169,0.0055737155
759,84,vocab,-1,0.106798016,0.24221785,0.9466014,72.115555,0.052748445
760,84,cat,-1,0.53010213,1.2022715,0.7349492,72.17556,1.2727509
761,84,shuffle,-1,0.09506254,0.2156018,0.9524691,72.07962,0.035128783
762,84,unrelated,198,0.8351452,1.8941089,0.5824278,71.98286,1.8600985
763,84,unrelated_token,198,0.6662794,1.5111213,0.6668607,72.04721,1.5200862
764,85,orig,-1,0.104946174,0.23801787,0.9475274,72.03051,0.0
765,85,paraphrase,-1,0.1092688,0.24782158,0.94536597,72.00267,0.02000623
766,85,translate,-1,0.16335651,0.3704925,0.9183223,72.027016,0.06258848
767,85,polarity,-1,0.10567057,0.23966081,0.9471651,71.98622,0.0061036036
768,85,vocab,-1,0.42410702,0.96187454,0.7879466,71.72258,0.7069372
769,85,cat,-1,0.4862753,1.1028721,0.75686246,71.74833,0.8359764
770,85,shuffle,-1,0.10639491,0.24130361,0.946803,71.99327,0.010031546
771,85,unrelated,125,0.87387973,1.9819589,0.5630606,71.9246,1.800348
772,85,unrelated_token,125,0.82223904,1.8648378,0.5888807,71.96849,1.6684613
773,86,orig,-1,0.122478984,0.2777823,0.9387609,72.08664,0.0
774,86,paraphrase,-1,0.124618985,0.2826358,0.9376907,72.06181,0.01879355
775,86,translate,-1,0.122146055,0.2770272,0.9389273,72.08397,0.013666724
776,86,polarity,-1,0.11966095,0.27139097,0.94016975,72.07699,0.00723554
777,86,vocab,-1,0.1870952,0.4243318,0.9064528,72.09841,0.16882472
778,86,cat,-1,0.29240707,0.6631791,0.8537969,71.97838,0.4107847
779,86,shuffle,-1,0.14608458,0.33131975,0.9269582,72.1017,0.09117875
780,86,unrelated,104,0.88083345,1.9977299,0.5595836,72.04783,1.8339119
781,86,unrelated_token,104,0.8182188,1.8557199,0.59089065,72.20287,1.6712264
782,87,orig,-1,0.09046372,0.20517167,0.9547682,72.025185,0.0
783,87,paraphrase,-1,0.09534561,0.2162438,0.9523273,71.9613,0.010031053
784,87,translate,-1,0.09879933,0.22407684,0.9506004,72.01159,0.008386914
785,87,polarity,-1,0.09312062,0.21119753,0.95343995,72.0149,0.004847994
786,87,vocab,-1,0.15512292,0.3518187,0.92243886,72.00367,0.112661816
787,87,cat,-1,0.45260525,1.0265085,0.7736978,71.88214,0.80714315
788,87,shuffle,-1,0.10055363,0.2280556,0.9497233,71.99134,0.018272504
789,87,unrelated,103,0.81710374,1.8531909,0.5914481,72.151245,1.6926165
790,87,unrelated_token,103,0.63519704,1.4406266,0.6824017,72.20507,1.239504
791,88,orig,-1,0.058329344,0.13229093,0.9708357,71.84713,0.0
792,88,paraphrase,-1,0.065858476,0.14936699,0.9670712,71.84089,0.017222445
793,88,translate,-1,0.061263103,0.13894469,0.96936876,71.81842,0.012173437
794,88,polarity,-1,0.06460874,0.1465326,0.967696,71.839035,0.016828611
795,88,vocab,-1,0.50478435,1.1448507,0.7476081,71.91298,0.939055
796,88,cat,-1,0.32566816,0.7386152,0.8371665,71.47319,0.6291563
797,88,shuffle,-1,0.058490954,0.13265745,0.97075486,71.842674,0.014123748
798,88,unrelated,157,0.8513932,1.9309595,0.5743038,72.04887,1.8047707
799,88,unrelated_token,157,0.71369934,1.6186697,0.64315075,72.332726,1.4702117
800,89,orig,-1,0.04669066,0.1058944,0.97665495,71.93195,0.0
801,89,paraphrase,-1,0.046073593,0.10449489,0.97696334,71.91239,0.00546263
802,89,translate,-1,0.04736819,0.10743104,0.97631603,71.92063,0.0071643326
803,89,polarity,-1,0.049224358,0.111640826,0.9753881,71.92358,0.003761576
804,89,vocab,-1,0.08406143,0.19065128,0.9579694,71.86007,0.10328983
805,89,cat,-1,0.31325537,0.71046305,0.8433726,71.947174,0.6426659
806,89,shuffle,-1,0.054497074,0.12359934,0.9727516,71.942604,0.029558415
807,89,unrelated,189,0.8185264,1.8564175,0.59073687,71.874214,1.8256171
808,89,unrelated_token,189,0.70388764,1.5964168,0.6480564,71.8299,1.5776335
809,90,orig,-1,0.045220606,0.10256031,0.97739035,72.073296,0.0
810,90,paraphrase,-1,0.047452606,0.10762249,0.97627425,72.05957,0.0069731236
811,90,translate,-1,0.05099376,0.11565382,0.97450364,72.07644,0.013702816
812,90,polarity,-1,0.04857491,0.110167876,0.9757129,72.09469,0.007057883
813,90,vocab,-1,0.07540237,0.17101255,0.9622995,72.05336,0.09705707
814,90,cat,-1,0.40957522,0.92891645,0.7952129,72.12532,0.82346296
815,90,shuffle,-1,0.0541991,0.12292353,0.97290087,72.110916,0.018204195
816,90,unrelated,63,0.8456194,1.9178643,0.57719105,72.07596,1.8410625
817,90,unrelated_token,63,0.7123079,1.6155139,0.64384645,72.080605,1.5417882
818,91,orig,-1,0.090167046,0.20449881,0.9549167,71.70348,0.0
819,91,paraphrase,-1,0.099552065,0.22578403,0.95022434,71.68925,0.0068430533
820,91,translate,-1,0.092363805,0.20948106,0.9538185,71.697754,0.014620407
821,91,polarity,-1,0.094334885,0.21395148,0.9528328,71.71279,0.0077202115
822,91,vocab,-1,0.16759661,0.38010904,0.91620207,71.60032,0.18102461
823,91,cat,-1,0.36773306,0.8340184,0.8161338,71.78235,0.7160603
824,91,shuffle,-1,0.098191164,0.22269751,0.9509046,71.702995,0.0180874
825,91,unrelated,89,0.8737413,1.981645,0.56312966,71.93195,1.894676
826,91,unrelated_token,89,0.8126628,1.8431188,0.593669,71.860565,1.7550042
827,92,orig,-1,0.29550081,0.6701957,0.85224956,72.2181,0.0
828,92,paraphrase,-1,0.3070857,0.6964702,0.84645736,72.19429,0.0069953064
829,92,translate,-1,0.3011306,0.682964,0.8494349,72.19603,0.007512069
830,92,polarity,-1,0.2993492,0.67892385,0.8503258,72.22569,0.0033647586
831,92,vocab,-1,0.40938586,0.92848694,0.7953073,72.20406,0.091239676
832,92,cat,-1,0.7904558,1.7927535,0.6047723,71.882225,1.0429753
833,92,shuffle,-1,0.30150113,0.6838044,0.8492499,72.195816,0.01392432
834,92,unrelated,146,1.1981945,2.7175045,0.40090314,71.7637,1.8919362
835,92,unrelated_token,146,1.1576566,2.6255646,0.42117205,71.59713,1.8214278
836,93,orig,-1,0.09393035,0.21303399,0.9530352,72.04839,0.0
837,93,paraphrase,-1,0.10669975,0.24199499,0.94665045,72.04334,0.012142587
838,93,translate,-1,0.10541178,0.23907387,0.9472944,72.04654,0.016910188
839,93,polarity,-1,0.09103518,0.20646775,0.9544826,72.055244,0.0050931047
840,93,vocab,-1,0.15235683,0.34554523,0.92382216,72.052956,0.1091635
841,93,cat,-1,0.4168396,0.945392,0.7915806,72.18393,0.77607995
842,93,shuffle,-1,0.09004956,0.20423235,0.9549757,72.04885,0.010619894
843,93,unrelated,98,0.99650747,2.2600784,0.50174683,72.36989,2.048626
844,93,unrelated_token,98,0.8410227,1.907439,0.5794891,71.993355,1.704307
845,94,orig,-1,0.11846898,0.26868758,0.94076574,71.75209,0.0
846,94,paraphrase,-1,0.113900736,0.25832683,0.94304985,71.7498,0.011913301
847,94,translate,-1,0.13022873,0.2953587,0.93488604,71.76931,0.025753498
848,94,polarity,-1,0.1319327,0.2992233,0.9340339,71.76103,0.010887686
849,94,vocab,-1,0.16974422,0.3849798,0.915128,71.76776,0.1919589
850,94,cat,-1,0.27902892,0.6328375,0.86048603,71.67359,0.5226878
851,94,shuffle,-1,0.11602728,0.26314983,0.94198674,71.73171,0.0034626513
852,94,unrelated,15,0.7666958,1.7388657,0.6166523,71.99381,1.7291555
853,94,unrelated_token,15,0.5598369,1.26971,0.7200819,71.80139,1.2259731
854,95,orig,-1,0.24489732,0.555427,0.8775518,71.8533,0.0
855,95,paraphrase,-1,0.26133198,0.5927008,0.8693345,71.84178,0.010862814
856,95,translate,-1,0.25221652,0.57202697,0.87389207,71.85652,0.01533482
857,95,polarity,-1,0.2505503,0.568248,0.8747253,71.84649,0.012702659
858,95,vocab,-1,0.4830071,1.0954599,0.7584969,71.96278,0.47827524
859,95,cat,-1,0.5696547,1.2919766,0.7151731,72.006744,0.7730778
860,95,shuffle,-1,0.2691519,0.6104364,0.86542445,71.84811,0.026404962
861,95,unrelated,200,0.95166063,2.158366,0.5241701,71.848656,1.6159106
862,95,unrelated_token,200,0.85428256,1.9375125,0.5728592,72.1034,1.445013
863,96,orig,-1,0.04673863,0.10600319,0.976631,72.1081,0.0
864,96,paraphrase,-1,0.04839425,0.10975814,0.9758034,72.10568,0.008721911
865,96,translate,-1,0.054134894,0.12277792,0.972933,72.075096,0.013780107
866,96,polarity,-1,0.051689148,0.11723097,0.97415584,72.12213,0.008517755
867,96,vocab,-1,0.18165329,0.41198957,0.90917385,71.95567,0.26594067
868,96,cat,-1,0.3350659,0.7599293,0.8324676,71.85316,0.6192582
869,96,shuffle,-1,0.05716577,0.12965195,0.9714177,72.104614,0.012037026
870,96,unrelated,43,0.9009684,2.0433958,0.54951626,72.040535,1.924054
871,96,unrelated_token,43,0.8052293,1.8262597,0.5973859,71.94829,1.692761
872,97,orig,-1,0.15460244,0.35063827,0.9226992,71.959984,0.0
873,97,paraphrase,-1,0.17265712,0.39158627,0.9136721,71.93007,0.067649096
874,97,translate,-1,0.15115389,0.34281695,0.92442346,71.98509,0.03226278
875,97,polarity,-1,0.16467729,0.37348804,0.9176621,71.98236,0.013499314
876,97,vocab,-1,0.30781975,0.6981351,0.8460905,71.76901,0.38072792
877,97,cat,-1,0.3226997,0.73188275,0.8386507,71.84776,0.43211234
878,97,shuffle,-1,0.17051181,0.38672072,0.9147445,71.96547,0.04257447
879,97,unrelated,60,0.7602295,1.7242002,0.61988574,71.88484,1.340788
880,97,unrelated_token,60,0.6587572,1.4940611,0.6706218,71.696495,1.1198192
881,98,orig,-1,0.10016624,0.22717698,0.94991726,72.36989,0.0
882,98,paraphrase,-1,0.11216102,0.25438115,0.94391984,72.33118,0.044419043
883,98,translate,-1,0.10014471,0.22712815,0.9499281,72.35834,0.008445987
884,98,polarity,-1,0.107489824,0.24378687,0.94625556,72.389786,0.007692896
885,98,vocab,-1,0.2711332,0.61493003,0.864434,71.94253,0.30934003
886,98,cat,-1,0.34139678,0.77428776,0.82930195,71.9837,0.53766954
887,98,shuffle,-1,0.19761138,0.44818252,0.9011947,72.25807,0.15910308
888,98,unrelated,116,0.8091396,1.8351283,0.59543055,71.97685,1.551729
889,99,orig,-1,0.1280062,0.290318,0.93599695,72.03642,0.0
890,99,paraphrase,-1,0.12638348,0.2866377,0.9368084,72.01622,0.017796814
891,99,translate,-1,0.13251904,0.3005531,0.93374056,71.99339,0.018942202
892,99,polarity,-1,0.12380202,0.28078294,0.93809897,72.02607,0.004872981
893,99,vocab,-1,0.14336534,0.32515252,0.9283173,71.98388,0.10771833
894,99,cat,-1,0.47753754,1.0830549,0.76123136,71.918564,0.90446407
895,99,shuffle,-1,0.119543314,0.27112418,0.94022864,72.00872,0.02038683
896,99,unrelated,255,0.8481778,1.9236668,0.57591146,71.782036,1.8996689
897,99,unrelated_token,255,0.59842044,1.3572173,0.7007901,71.704384,1.3186619
898,100,orig,-1,0.099104986,0.22477007,0.95044804,71.96929,0.0
899,100,paraphrase,-1,0.110631205,0.25091153,0.9446849,71.94169,0.020677356
900,100,translate,-1,0.1090434,0.24731037,0.94547874,71.94712,0.017453032
901,100,polarity,-1,0.113525614,0.25747603,0.9432376,71.94234,0.018360225
902,100,vocab,-1,0.1937869,0.43950862,0.90310675,71.77915,0.2108605
903,100,cat,-1,0.41546163,0.94226676,0.7922696,71.76117,0.7523712
904,100,shuffle,-1,0.14019884,0.3179709,0.9299008,71.9352,0.07959997
905,100,unrelated,203,0.75466335,1.7115761,0.62266886,71.92332,1.5288535
906,100,unrelated_token,203,0.6860286,1.5559126,0.6569861,71.880806,1.3721092
907,101,orig,-1,0.064891145,0.14717309,0.96755445,72.003174,0.0
908,101,paraphrase,-1,0.06282636,0.14249015,0.96858686,72.006966,0.0052088946
909,101,translate,-1,0.06584511,0.14933668,0.96707743,71.994255,0.0049549513
910,101,polarity,-1,0.06726362,0.15255386,0.9663682,72.011055,0.0046748975
911,101,vocab,-1,0.07768793,0.17619619,0.96115613,71.94303,0.03744055
912,101,cat,-1,0.3386769,0.76811904,0.83066154,71.83268,0.69867015
913,101,shuffle,-1,0.06417722,0.14555392,0.96791124,71.99914,0.0034964571
914,101,unrelated,13,0.5879568,1.3334857,0.7060217,71.87004,1.2301356
915,101,unrelated_token,13,0.5698799,1.2924874,0.71505994,71.8649,1.1831559
916,102,orig,-1,0.04578637,0.103843465,0.97710717,72.1262,0.0
917,102,paraphrase,-1,0.04930543,0.1118247,0.97534776,72.04824,0.01564058
918,102,translate,-1,0.049628306,0.11255698,0.97518617,72.0998,0.013265662
919,102,polarity,-1,0.04923799,0.11167174,0.97538126,72.122795,0.0038865292
920,102,vocab,-1,0.1658559,0.3761611,0.9170724,72.03519,0.21873999
921,102,cat,-1,0.5173804,1.1734185,0.7413101,71.94374,1.0877953
922,102,shuffle,-1,0.051833224,0.11755773,0.9740838,72.106064,0.018919835
923,102,unrelated,141,0.8560274,1.9414698,0.57198673,72.04988,1.8402641
924,102,unrelated_token,141,0.6596935,1.4961845,0.6701534,72.01935,1.35459
925,103,orig,-1,0.1340662,0.30406207,0.93296707,72.151245,0.0
926,103,paraphrase,-1,0.13921295,0.31573492,0.93039364,72.1209,0.013408894
927,103,translate,-1,0.13922366,0.3157592,0.9303883,72.140884,0.008010006
928,103,polarity,-1,0.13452151,0.30509475,0.93273944,72.15522,0.00711202
929,103,vocab,-1,0.27140498,0.6155464,0.8642976,71.851,0.28638402
930,103,cat,-1,0.47266683,1.0720081,0.7636669,71.82944,0.88621575
931,103,shuffle,-1,0.1348427,0.30582318,0.93257886,72.1475,0.0029388233
932,103,unrelated,192,0.8055409,1.8269664,0.5972298,71.92459,1.6050998
933,103,unrelated_token,192,0.7210273,1.6352897,0.6394864,72.059784,1.3573303
934,104,orig,-1,0.06132391,0.1390826,0.9693383,72.04783,0.0
935,104,paraphrase,-1,0.062089555,0.14081909,0.9689551,72.05527,0.0075461706
936,104,translate,-1,0.06307242,0.14304823,0.9684639,72.072334,0.007904301
937,104,polarity,-1,0.060421955,0.13703696,0.96978927,72.048515,0.0049303775
938,104,vocab,-1,0.3472399,0.78753996,0.82638055,72.042145,0.7117684
939,104,cat,-1,0.5169072,1.1723453,0.74154675,71.86418,1.097866
940,104,shuffle,-1,0.07983877,0.18107429,0.9600809,72.05092,0.046738487
941,104,unrelated,221,0.79812735,1.8101525,0.60093653,71.94153,1.798499
942,104,unrelated_token,221,0.6792347,1.540504,0.66038287,71.95948,1.5108917
943,105,orig,-1,0.11864568,0.26908836,0.94067746,71.827545,0.0
944,105,paraphrase,-1,0.1237677,0.2807051,0.9381163,71.78967,0.019169046
945,105,translate,-1,0.11141734,0.2526945,0.94429195,71.814545,0.011116181
946,105,polarity,-1,0.123140834,0.27928334,0.93843,71.80592,0.007387424
947,105,vocab,-1,0.16527432,0.37484208,0.9173629,71.717155,0.11752269
948,105,cat,-1,0.40253568,0.91295075,0.79873246,71.553,0.7444167
949,105,shuffle,-1,0.11799462,0.26761174,0.9410031,71.80068,0.0031567735
950,105,unrelated,51,0.7546143,1.7114649,0.6226932,71.95504,1.5429385
951,105,unrelated_token,51,0.6057476,1.3738352,0.69712657,72.09477,1.1614959
952,106,orig,-1,0.1046993,0.23745796,0.94765073,71.89376,0.0
953,106,paraphrase,-1,0.10991899,0.24929622,0.9450409,71.888504,0.014401875
954,106,translate,-1,0.12289866,0.27873412,0.9385511,71.88994,0.02518016
955,106,polarity,-1,0.10620459,0.24087197,0.9468981,71.904594,0.0038398306
956,106,vocab,-1,0.15891087,0.3604098,0.9205449,71.94875,0.16612065
957,106,cat,-1,0.41314015,0.93700165,0.7934303,72.00205,0.7907399
958,106,shuffle,-1,0.13485256,0.30584553,0.93257415,71.916405,0.041042842
959,106,unrelated,136,0.80619174,1.8284425,0.5969047,71.852554,1.7064488
960,106,unrelated_token,136,0.64731985,1.4681212,0.6763405,72.00293,1.4020731
961,107,orig,-1,0.059285145,0.13445868,0.9703579,71.872116,0.0
962,107,paraphrase,-1,0.06590463,0.14947167,0.9670482,71.86226,0.015557159
963,107,translate,-1,0.056924336,0.12910436,0.97153836,71.90604,0.010053231
964,107,polarity,-1,0.05959723,0.1351665,0.9702019,71.89329,0.0071471804
965,107,vocab,-1,0.12264186,0.2781517,0.9386795,71.81758,0.12434016
966,107,cat,-1,0.4069127,0.92287785,0.796544,71.87507,0.82227564
967,107,shuffle,-1,0.069035195,0.15657179,0.96548265,71.83166,0.031246878
968,107,unrelated,129,0.9426075,2.1378334,0.5286969,72.19771,2.0629742
969,107,unrelated_token,129,0.71988857,1.632707,0.64005613,72.1815,1.4947612
970,108,orig,-1,0.11014495,0.2498087,0.94492775,71.862724,0.0
971,108,paraphrase,-1,0.116307236,0.26378477,0.9418466,71.84738,0.0137106
972,108,translate,-1,0.11204829,0.25412548,0.94397616,71.85368,0.010671622
973,108,polarity,-1,0.11233546,0.25477678,0.94383264,71.8545,0.014623353
974,108,vocab,-1,0.13839683,0.31388396,0.930802,71.7952,0.13042226
975,108,cat,-1,0.42641526,0.9671096,0.7867927,71.75974,0.7204901
976,108,shuffle,-1,0.10830058,0.24562567,0.94585,71.877655,0.01370307
977,108,unrelated,245,0.78648496,1.7837476,0.606758,71.97736,1.5615722
978,108,unrelated_token,245,0.6986977,1.584646,0.6506515,72.22005,1.3431563
979,109,orig,-1,0.05398468,0.12243723,0.9730079,71.884544,0.0
980,109,paraphrase,-1,0.054775022,0.12422973,0.97261286,71.89816,0.01930277
981,109,translate,-1,0.06291356,0.14268793,0.9685436,71.844635,0.028388698
982,109,polarity,-1,0.05717686,0.12967709,0.9714121,71.89721,0.009521596
983,109,vocab,-1,0.19192374,0.43528295,0.9040385,71.75375,0.2896023
984,109,cat,-1,0.37056667,0.84044504,0.8147172,71.73648,0.7383765
985,109,shuffle,-1,0.07998341,0.18140234,0.9600088,71.95207,0.058907654
986,109,unrelated,153,0.91368544,2.0722382,0.5431577,72.01515,2.0280104
987,109,unrelated_token,153,0.89311427,2.0255828,0.5534431,72.07126,1.9348336
988,110,orig,-1,0.2066808,0.46875197,0.89666,72.05148,0.0
989,110,paraphrase,-1,0.20507765,0.46511602,0.89746165,72.05186,0.0037661681
990,110,translate,-1,0.20145516,0.4569002,0.8992728,72.067406,0.011779978
991,110,polarity,-1,0.21325071,0.48365253,0.8933751,72.054955,0.0021585566
992,110,vocab,-1,0.2244379,0.5090251,0.8877814,72.12373,0.046247553
993,110,cat,-1,0.68811,1.5606332,0.6559456,71.841774,1.4266897
994,110,shuffle,-1,0.20166239,0.45737022,0.8991692,72.07409,0.01588936
995,110,unrelated,109,1.1416476,2.5892563,0.42917654,71.884544,2.5641341
996,110,unrelated_token,109,1.014488,2.3008583,0.49275622,72.14802,2.2276602
997,111,orig,-1,0.20989004,0.4760305,0.89505494,72.125175,0.0
998,111,paraphrase,-1,0.18348768,0.41614997,0.9082565,72.07382,0.023011178
999,111,translate,-1,0.19869016,0.4506292,0.9006549,72.062805,0.026627753
1000,111,polarity,-1,0.19149025,0.4342998,0.9042551,72.09073,0.012567153
1001,111,vocab,-1,0.20038128,0.45446464,0.89980936,71.96663,0.13398914
1002,111,cat,-1,0.3286307,0.74533427,0.8356848,71.94751,0.4413101
1003,111,shuffle,-1,0.15710875,0.3563226,0.92144555,72.030945,0.11432456
1004,111,unrelated,22,0.7763007,1.7606497,0.6118497,72.07329,1.5490701
1005,111,unrelated_token,22,0.702765,1.5938706,0.6486175,72.167305,1.2373992
1006,112,orig,-1,0.18302134,0.41509232,0.9084897,71.86492,0.0
1007,112,paraphrase,-1,0.20360252,0.46177045,0.89819914,71.88862,0.03792538
1008,112,translate,-1,0.23598012,0.5352028,0.8820103,71.88861,0.08722461
1009,112,polarity,-1,0.17827366,0.4043246,0.91086364,71.84496,0.015329559
1010,112,vocab,-1,0.29494518,0.66893554,0.852528,71.749954,0.21780843
1011,112,cat,-1,0.3887519,0.88168913,0.80562437,71.68114,0.35562524
1012,112,shuffle,-1,0.18588093,0.42157787,0.90705997,71.86167,0.022272872
1013,112,unrelated,159,1.1993253,2.7200694,0.40033776,72.02422,2.4602225
1014,112,unrelated_token,159,1.0390466,2.3565574,0.48047715,71.80784,2.0449822
1015,113,orig,-1,0.0893508,0.20264757,0.9553249,71.679375,0.0
1016,113,paraphrase,-1,0.09075396,0.20582993,0.9546234,71.70507,0.04044947
1017,113,translate,-1,0.0953943,0.21635422,0.9523029,71.72241,0.024063569
1018,113,polarity,-1,0.095023334,0.21551289,0.95248854,71.6731,0.012355407
1019,113,vocab,-1,0.18584235,0.42149037,0.907079,71.61414,0.401405
1020,113,cat,-1,0.56622237,1.2841921,0.71688896,71.827095,1.1565336
1021,113,shuffle,-1,0.11225275,0.2545892,0.943874,71.70379,0.0933383
1022,113,unrelated,6,0.9479216,2.1498857,0.5260392,71.92613,2.1011906
1023,113,unrelated_token,6,0.66622204,1.5109913,0.666889,72.04945,1.4645126
1024,114,orig,-1,0.087524876,0.19850639,0.9562377,72.05462,0.0
1025,114,paraphrase,-1,0.09016492,0.204494,0.95491785,72.05364,0.004740901
1026,114,translate,-1,0.09263055,0.21008605,0.95368505,72.017845,0.0073802355
1027,114,polarity,-1,0.08898256,0.2018124,0.9555092,72.064804,0.0019746285
1028,114,vocab,-1,0.1069626,0.24259113,0.94651914,72.02591,0.03455617
1029,114,cat,-1,0.12406592,0.28138146,0.93796754,71.97665,0.069648825
1030,114,shuffle,-1,0.09478007,0.21496116,0.95261014,72.06115,0.012197864
1031,114,unrelated,180,0.7216656,1.6367373,0.63916755,71.8958,1.5097744
1032,114,unrelated_token,180,0.6672548,1.5133336,0.6663729,72.110176,1.3769699
1033,115,orig,-1,0.086665474,0.19655725,0.9566674,71.825645,0.0
1034,115,paraphrase,-1,0.090861924,0.2060748,0.95456946,71.83392,0.012813744
1035,115,translate,-1,0.09193034,0.20849797,0.95403504,71.81923,0.009589099
1036,115,polarity,-1,0.0860705,0.19520785,0.95696485,71.86071,0.012813103
1037,115,vocab,-1,0.19925913,0.45191962,0.90037066,71.674644,0.26681963
1038,115,cat,-1,0.3834354,0.8696313,0.8082824,71.802635,0.65781534
1039,115,shuffle,-1,0.10028504,0.22744642,0.9498578,71.87264,0.055820387
1040,115,unrelated,150,0.66833586,1.5157855,0.6658324,71.88533,1.3280905
1041,115,unrelated_token,150,0.64578974,1.4646509,0.67710537,71.62276,1.2717388
1042,116,orig,-1,0.19952859,0.45253074,0.90023583,71.97685,0.0
1043,116,paraphrase,-1,0.19780421,0.44861987,0.901098,71.967575,0.006868471
1044,116,translate,-1,0.20576301,0.46667042,0.8971187,71.96657,0.014968684
1045,116,polarity,-1,0.18915278,0.4289984,0.9054237,71.999115,0.01090347
1046,116,vocab,-1,0.19913545,0.45163912,0.9004324,71.86953,0.16046642
1047,116,cat,-1,0.3764835,0.85386443,0.8117584,71.92114,0.5663061
1048,116,shuffle,-1,0.18724883,0.42468026,0.90637577,71.97619,0.0107415365
1049,116,unrelated,242,0.87280333,1.9795176,0.5635985,72.18812,1.8078537
1050,116,unrelated_token,242,0.80301285,1.8212328,0.5984937,71.87867,1.6529795
1051,117,orig,-1,0.07259996,0.16465668,0.9637003,72.05935,0.0
1052,117,paraphrase,-1,0.07385683,0.16750726,0.9630718,72.05326,0.008281521
1053,117,translate,-1,0.076486364,0.17347103,0.961757,72.047165,0.010358037
1054,117,polarity,-1,0.07189712,0.16306263,0.9640516,72.07102,0.004634131
1055,117,vocab,-1,0.45761546,1.0378717,0.77119225,72.30717,0.933413
1056,117,cat,-1,0.47363538,1.0742048,0.76318246,71.94711,1.0142525
1057,117,shuffle,-1,0.09605779,0.21785901,0.95197105,72.06386,0.061352435
1058,117,unrelated,14,0.78289664,1.7756093,0.6085518,71.94488,1.6715919
1059,117,unrelated_token,14,0.51873875,1.1764992,0.7406307,72.03209,1.0840272
1060,118,orig,-1,0.10443918,0.23686801,0.9477809,72.06656,0.0
1061,118,paraphrase,-1,0.1008819,0.2288001,0.94955957,72.05238,0.014872432
1062,118,translate,-1,0.10889037,0.2469633,0.94555545,72.07013,0.00510168
1063,118,polarity,-1,0.106919095,0.24249247,0.94654095,72.05884,0.003953241
1064,118,vocab,-1,0.17336306,0.39318734,0.91331893,71.90866,0.12545797
1065,118,cat,-1,0.37035492,0.8399648,0.8148233,72.09008,0.6435205
1066,118,shuffle,-1,0.10438788,0.23675166,0.9478066,72.082565,0.008712092
1067,118,unrelated,123,0.8372,1.8987691,0.58140063,72.1453,1.7182688
1068,118,unrelated_token,123,0.7873069,1.7856117,0.6063472,72.17191,1.6006588
1069,119,orig,-1,0.16924925,0.38385722,0.91537565,72.35489,0.0
1070,119,paraphrase,-1,0.17390937,0.39442638,0.9130457,72.42961,0.07776259
1071,119,translate,-1,0.22355554,0.5070239,0.88822275,72.2553,0.086308904
1072,119,polarity,-1,0.16749409,0.37987652,0.9162531,72.405205,0.027038114
1073,119,vocab,-1,0.30153996,0.6838925,0.84923023,72.112885,0.27627453
1074,119,cat,-1,0.25828177,0.58578295,0.8708592,72.22352,0.24548113
1075,119,shuffle,-1,0.16892293,0.38311714,0.9155388,72.3071,0.06946689
1076,119,unrelated,219,0.87796575,1.991226,0.56101733,71.81257,1.6101606
1077,119,unrelated_token,219,0.86959183,1.9722339,0.5652044,71.944786,1.5352019
1078,120,orig,-1,0.076792076,0.1741644,0.96160436,71.93809,0.0
1079,120,paraphrase,-1,0.079686,0.18072781,0.9601575,71.922386,0.01060817
1080,120,translate,-1,0.08268689,0.18753384,0.95865685,71.90837,0.008327023
1081,120,polarity,-1,0.0794407,0.18017147,0.9602802,71.95208,0.0070405356
1082,120,vocab,-1,0.19516389,0.44263163,0.9024183,71.87769,0.25478378
1083,120,cat,-1,0.43081012,0.9770772,0.7845956,71.852135,0.80186296
1084,120,shuffle,-1,0.07861455,0.17829776,0.9606931,71.93313,0.004295666
1085,120,unrelated,167,0.75897515,1.7213553,0.62051284,72.00161,1.5538794
1086,120,unrelated_token,167,0.6662324,1.5110148,0.6668841,72.34186,1.3281758
1087,121,orig,-1,0.049738042,0.11280586,0.9751309,71.879944,0.0
1088,121,paraphrase,-1,0.054872237,0.12445021,0.972564,71.85463,0.006105956
1089,121,translate,-1,0.056525744,0.12820037,0.9717374,71.88256,0.016097443
1090,121,polarity,-1,0.05599867,0.12700497,0.9720007,71.8797,0.008913933
1091,121,vocab,-1,0.10323171,0.23412947,0.9483845,71.869125,0.16219051
1092,121,cat,-1,0.5388254,1.2220558,0.73058754,71.92434,1.219853
1093,121,shuffle,-1,0.108141445,0.24526475,0.9459296,71.842224,0.12589006
1094,121,unrelated,177,0.99414843,2.2547283,0.5029259,72.11746,2.2729783
1095,121,unrelated_token,177,0.819804,1.8593152,0.5900981,71.98072,1.8964099
1096,122,orig,-1,0.11030777,0.25017798,0.94484645,71.92981,0.0
1097,122,paraphrase,-1,0.12103822,0.27451465,0.9394814,71.92421,0.007796164
1098,122,translate,-1,0.11171744,0.2533751,0.9441416,71.918945,0.006673854
1099,122,polarity,-1,0.11750926,0.26651096,0.9412458,71.93191,0.004542759
1100,122,vocab,-1,0.2169363,0.49201146,0.89153236,72.007355,0.17597406
1101,122,cat,-1,0.37835523,0.85810953,0.81082284,71.846634,0.64963967
1102,122,shuffle,-1,0.11775084,0.26705885,0.9411249,71.915276,0.0056512356
1103,122,unrelated,174,0.8369538,1.8982109,0.58152354,71.95314,1.6998881
1104,122,unrelated_token,174,0.68289685,1.5488098,0.6585518,72.0426,1.3482027
1105,123,orig,-1,0.10575229,0.23984614,0.94712436,72.1453,0.0
1106,123,paraphrase,-1,0.10761263,0.2440654,0.9461938,72.1446,0.005404801
1107,123,translate,-1,0.11070962,0.25108936,0.9446454,72.15243,0.013034106
1108,123,polarity,-1,0.100598715,0.22815785,0.9497012,72.12083,0.011718634
1109,123,vocab,-1,0.1641665,0.37232953,0.91791725,72.06724,0.17335775
1110,123,cat,-1,0.28014413,0.63536674,0.8599285,72.063034,0.44102952
1111,123,shuffle,-1,0.101875566,0.23105374,0.9490628,72.14159,0.02443111
1112,123,unrelated,37,0.8295457,1.8814092,0.5852275,72.046425,1.7880473
1113,123,unrelated_token,37,0.7799373,1.7688975,0.6100317,72.23868,1.6440674
1114,124,orig,-1,0.124863066,0.2831894,0.9375689,72.06993,0.0
1115,124,paraphrase,-1,0.13428983,0.30456927,0.9328554,72.052536,0.025492862
1116,124,translate,-1,0.13181946,0.29896647,0.9340905,72.04249,0.013397863
1117,124,polarity,-1,0.12329213,0.2796265,0.93835425,72.093475,0.007094992
1118,124,vocab,-1,0.24485154,0.5553232,0.8775744,71.9429,0.3551527
1119,124,cat,-1,0.35000065,0.7938013,0.8249998,71.98125,0.51933044
1120,124,shuffle,-1,0.1319656,0.29929793,0.9340174,72.08831,0.045096695
1121,124,unrelated,139,0.7783564,1.765312,0.61082196,72.02086,1.6230538
1122,124,unrelated_token,139,0.7205721,1.6342572,0.6397141,71.88184,1.4581304
1123,125,orig,-1,0.18098392,0.41047144,0.9095082,71.9246,0.0
1124,125,paraphrase,-1,0.1815859,0.4118367,0.90920746,71.913574,0.006728601
1125,125,translate,-1,0.18556999,0.42087266,0.90721536,71.91294,0.010604085
1126,125,polarity,-1,0.17489293,0.39665708,0.9125539,71.92535,0.012738579
1127,125,vocab,-1,0.2883014,0.6538675,0.8558496,71.76813,0.21788435
1128,125,cat,-1,0.38252127,0.86755806,0.8087397,71.73006,0.636701
1129,125,shuffle,-1,0.17872816,0.4053554,0.9106361,71.92447,0.018814275
1130,125,unrelated,19,0.6699189,1.5193758,0.66504073,71.967384,1.2949637
1131,125,unrelated_token,19,0.6489316,1.4717766,0.6755346,71.76755,1.2214541
1132,126,orig,-1,0.14400077,0.32659367,0.92799985,72.19012,0.0
1133,126,paraphrase,-1,0.15755667,0.35733846,0.921222,72.19082,0.013382649
1134,126,translate,-1,0.16749933,0.37988842,0.9162507,72.144035,0.01933469
1135,126,polarity,-1,0.1588527,0.36027783,0.920574,72.13765,0.013105633
1136,126,vocab,-1,0.28572506,0.6480243,0.85713774,71.739876,0.25296107
1137,126,cat,-1,0.5178927,1.1745805,0.74105406,71.200134,0.85405844
1138,126,shuffle,-1,0.15267256,0.3462613,0.9236641,72.16164,0.009674518
1139,126,unrelated,236,0.93125975,2.1120968,0.53437066,72.22399,1.7599245
1140,126,unrelated_token,236,0.8681318,1.9689226,0.5659344,72.105865,1.6203544
1141,127,orig,-1,0.16709621,0.37897414,0.91645235,71.959,0.0
1142,127,paraphrase,-1,0.16697398,0.37869692,0.9165134,71.97178,0.0087208245
1143,127,translate,-1,0.16472799,0.373603,0.9176365,71.973656,0.006439445
1144,127,polarity,-1,0.16488793,0.37396577,0.9175565,71.97226,0.006063637
1145,127,vocab,-1,0.2502075,0.56747055,0.87489647,71.82359,0.19246756
1146,127,cat,-1,0.42602223,0.96621823,0.7869892,71.777275,0.68127394
1147,127,shuffle,-1,0.15552637,0.35273373,0.9222371,71.89526,0.042515557
1148,127,unrelated,184,0.7123591,1.61563,0.6438208,71.98168,1.4226297
1149,127,unrelated_token,184,0.71268594,1.6163714,0.6436573,72.11821,1.4055374
1150,128,orig,-1,0.046047024,0.10443463,0.97697645,71.88198,0.0
1151,128,paraphrase,-1,0.041553166,0.09424256,0.97922343,71.88195,0.00769788
1152,128,translate,-1,0.04246097,0.09630146,0.97876954,71.89222,0.00653088
1153,128,polarity,-1,0.04814891,0.10920171,0.9759258,71.89739,0.0055867704
1154,128,vocab,-1,0.09219783,0.20910463,0.9539012,71.78357,0.09371811
1155,128,cat,-1,0.3623926,0.82190627,0.8188039,71.91975,0.7801676
1156,128,shuffle,-1,0.057550527,0.13052458,0.9712249,71.90917,0.021179728
1157,128,unrelated,148,0.6216777,1.4099647,0.68916124,71.899765,1.3847463
1158,128,unrelated_token,148,0.61034554,1.3842634,0.69482756,72.08642,1.3536552
1159,129,orig,-1,0.09539597,0.216358,0.95230234,72.19771,0.0
1160,129,paraphrase,-1,0.089199945,0.20230544,0.9554003,72.186264,0.009051633
1161,129,translate,-1,0.088311896,0.20029134,0.95584434,72.1883,0.009099852
1162,129,polarity,-1,0.094005704,0.21320489,0.95299727,72.2102,0.0034650513
1163,129,vocab,-1,0.09637978,0.21858929,0.9518104,72.25473,0.06615326
1164,129,cat,-1,0.44748172,1.0148883,0.77625936,71.94758,0.99971014
1165,129,shuffle,-1,0.11244702,0.2550298,0.9437767,72.204506,0.029675057
1166,129,unrelated,208,0.8888462,2.0159028,0.55557704,71.94081,2.0763783
1167,129,unrelated_token,208,0.7590901,1.721616,0.62045527,71.81083,1.8193951
1168,130,orig,-1,0.079369344,0.18000963,0.96031576,71.99268,0.0
1169,130,paraphrase,-1,0.087758616,0.1990365,0.95612115,71.99269,0.0077761086
1170,130,translate,-1,0.08246012,0.18701951,0.9587703,71.970856,0.015805569
1171,130,polarity,-1,0.078912035,0.17897245,0.9605444,71.99164,0.005385083
1172,130,vocab,-1,0.17191683,0.3899073,0.9140422,71.98784,0.19786967
1173,130,cat,-1,0.24737796,0.5610531,0.8763114,71.9047,0.3577789
1174,130,shuffle,-1,0.08901484,0.20188563,0.95549303,71.99751,0.007461824
1175,130,unrelated,199,0.88870525,2.015583,0.55564797,71.84932,1.8052579
1176,130,unrelated_token,199,0.838188,1.90101,0.58090657,71.77809,1.6903108
1177,131,orig,-1,0.14055838,0.31878632,0.92972124,72.123344,0.0
1178,131,paraphrase,-1,0.13253284,0.3005844,0.93373406,72.09125,0.013196848
1179,131,translate,-1,0.1603019,0.3635646,0.91984946,72.11696,0.024424098
1180,131,polarity,-1,0.13997811,0.31747028,0.9300113,72.10504,0.012196523
1181,131,vocab,-1,0.46486983,1.0543245,0.7675654,71.81386,0.9599064
1182,131,cat,-1,0.32680035,0.74118304,0.8366004,71.79857,0.5804779
1183,131,shuffle,-1,0.14143488,0.32077423,0.9292829,72.08949,0.019765273
1184,131,unrelated,23,0.88884676,2.015904,0.5555772,71.88428,1.832392
1185,131,unrelated_token,23,0.75145066,1.7042898,0.6242751,71.682526,1.4918894
1186,132,orig,-1,0.13894083,0.31511775,0.9305297,71.76625,0.0
1187,132,paraphrase,-1,0.11096908,0.25167784,0.94451565,71.713844,0.017886633
1188,132,translate,-1,0.11855564,0.26888415,0.9407221,71.766464,0.014709595
1189,132,polarity,-1,0.11572055,0.26245415,0.94214,71.75797,0.014477929
1190,132,vocab,-1,0.18194517,0.41265157,0.90902734,71.63773,0.41311148
1191,132,cat,-1,0.4546987,1.0312564,0.77265084,71.5277,0.8986889
1192,132,shuffle,-1,0.14162502,0.32120547,0.9291876,71.69816,0.029336974
1193,132,unrelated,94,0.8271445,1.8759633,0.58642787,71.75209,1.8024999
1194,132,unrelated_token,94,0.6994902,1.5864434,0.65025514,71.84418,1.4743961
1195,133,orig,-1,0.043260593,0.098115005,0.97837,71.947235,0.0
1196,133,paraphrase,-1,0.049426235,0.11209868,0.97528714,71.97336,0.010537918
1197,133,translate,-1,0.052066863,0.11808762,0.9739669,71.9476,0.008616553
1198,133,polarity,-1,0.049253095,0.111705996,0.9753738,71.96198,0.0075448537
1199,133,vocab,-1,0.14207266,0.32222074,0.9289641,71.98899,0.17494525
1200,133,cat,-1,0.44776982,1.0155418,0.7761156,71.87643,0.88117516
1201,133,shuffle,-1,0.050223082,0.11390593,0.97488874,71.95302,0.008971846
1202,133,unrelated,86,0.88838893,2.0148656,0.55580586,72.08664,1.8976579
1203,133,unrelated_token,86,0.7753091,1.7584007,0.61234576,71.88759,1.6239887
1204,134,orig,-1,0.0489579,0.111036494,0.97552115,71.88705,0.0
1205,134,paraphrase,-1,0.05368458,0.121756606,0.9731581,71.89105,0.006326621
1206,134,translate,-1,0.059847154,0.13573332,0.97007686,71.87962,0.012708101
1207,134,polarity,-1,0.05427764,0.12310167,0.97286135,71.8726,0.0034179874
1208,134,vocab,-1,0.1834158,0.41598696,0.9082927,71.77145,0.3186075
1209,134,cat,-1,0.26348534,0.59758466,0.8682574,71.72146,0.42492646
1210,134,shuffle,-1,0.063348025,0.14367329,0.96832633,71.86331,0.020558575
1211,134,unrelated,244,0.79657733,1.806637,0.60171175,71.94676,1.7142388
1212,134,unrelated_token,244,0.7429964,1.6851155,0.62850213,71.61268,1.5944544
1213,135,orig,-1,0.08998813,0.20409304,0.95500606,72.13319,0.0
1214,135,paraphrase,-1,0.090149,0.2044579,0.9549254,72.11992,0.009730928
1215,135,translate,-1,0.10272805,0.23298717,0.9486362,72.11121,0.010495858
1216,135,polarity,-1,0.08476541,0.19224791,0.9576173,72.136246,0.007966528
1217,135,vocab,-1,0.1555696,0.35283178,0.9222152,72.09744,0.17837755
1218,135,cat,-1,0.51845586,1.1758577,0.74077237,71.95147,1.019528
1219,135,shuffle,-1,0.08681035,0.19688584,0.9565951,72.08092,0.02556165
1220,135,unrelated,69,0.82362425,1.8679794,0.5881881,71.98267,1.7713077
1221,135,unrelated_token,69,0.6387688,1.4487274,0.68061584,71.98306,1.2964827
1222,136,orig,-1,0.097539485,0.22121951,0.9512307,71.852554,0.0
1223,136,paraphrase,-1,0.09460086,0.2145547,0.9526999,71.84725,0.0054003545
1224,136,translate,-1,0.09544863,0.21647744,0.95227593,71.84449,0.0074612005
1225,136,polarity,-1,0.10137315,0.22991426,0.94931394,71.84549,0.0052181324
1226,136,vocab,-1,0.13115215,0.29745302,0.93442404,71.83785,0.06546729
1227,136,cat,-1,0.24450855,0.5545453,0.877746,71.8209,0.39043227
1228,136,shuffle,-1,0.10028317,0.22744218,0.9498586,71.85085,0.003299679
1229,136,unrelated,38,0.6268796,1.4217626,0.6865605,71.87713,1.2132467
1230,136,unrelated_token,38,0.61595213,1.3969792,0.69202405,72.194565,1.2615732
1231,137,orig,-1,0.10625986,0.24099731,0.9468707,71.7728,0.0
1232,137,paraphrase,-1,0.11505781,0.26095107,0.94247174,71.7955,0.020970073
1233,137,translate,-1,0.121676646,0.2759626,0.9391624,71.81059,0.024955787
1234,137,polarity,-1,0.114678785,0.26009142,0.9426613,71.71255,0.014100542
1235,137,vocab,-1,0.494145,1.1207206,0.752928,71.64213,0.8687342
1236,137,cat,-1,0.13529438,0.3068476,0.93235326,71.65642,0.06873501
1237,137,shuffle,-1,0.117634416,0.2667948,0.9411833,71.76526,0.030956939
1238,137,unrelated,35,0.9752463,2.2118583,0.5123774,71.91608,2.0134664
1239,137,unrelated_token,35,0.94785357,2.1497314,0.5260738,72.02686,1.9427673
1240,138,orig,-1,0.16155617,0.36640933,0.9192223,72.10787,0.0
1241,138,paraphrase,-1,0.17094517,0.38770357,0.91452765,72.10608,0.016401215
1242,138,translate,-1,0.16549765,0.3753486,0.9172514,72.117485,0.015839119
1243,138,polarity,-1,0.16760322,0.38012403,0.9161985,72.09602,0.011331806
1244,138,vocab,-1,0.18368325,0.41659352,0.90815866,72.07793,0.15746255
1245,138,cat,-1,0.46163315,1.0469837,0.76918375,72.05565,0.7799913
1246,138,shuffle,-1,0.14666931,0.33264592,0.9266657,72.07512,0.050926484
1247,138,unrelated,2,0.7450963,1.6898781,0.62745214,72.0041,1.5657524
1248,138,unrelated_token,2,0.56495184,1.2813106,0.71752435,71.909325,1.162725
1249,139,orig,-1,0.05131734,0.11638771,0.97434163,72.02086,0.0
1250,139,paraphrase,-1,0.06633847,0.15045562,0.96683097,72.028595,0.011210699
1251,139,translate,-1,0.0570062,0.12929003,0.9714969,72.00046,0.009396485
1252,139,polarity,-1,0.05442836,0.1234435,0.97278595,72.04403,0.006572098
1253,139,vocab,-1,0.08852321,0.2007706,0.95573866,72.03015,0.081434466
1254,139,cat,-1,0.39823326,0.9031929,0.80088365,71.87609,0.8091067
1255,139,shuffle,-1,0.057063837,0.12942076,0.9714682,72.03984,0.010954987
1256,139,unrelated,74,0.7709122,1.7484285,0.614544,72.1213,1.6657112
1257,139,unrelated_token,74,0.54989296,1.247157,0.7250536,72.0869,1.1900125
1258,140,orig,-1,0.1454456,0.32987055,0.92727745,72.06171,0.0
1259,140,paraphrase,-1,0.15146896,0.34353155,0.92426586,72.05248,0.008276226
1260,140,translate,-1,0.11896628,0.26981547,0.94051707,72.0437,0.06229432
1261,140,polarity,-1,0.13941304,0.31618872,0.9302938,72.03902,0.008421662
1262,140,vocab,-1,0.20499651,0.464932,0.89750224,71.95057,0.15707812
1263,140,cat,-1,0.3452962,0.78313166,0.8273522,71.76912,0.60701966
1264,140,shuffle,-1,0.14766173,0.33489674,0.9261693,72.07345,0.038535316
1265,140,unrelated,238,0.8602656,1.951082,0.56986755,71.96705,1.7954158
1266,140,unrelated_token,238,0.76344955,1.7315032,0.61827564,71.89696,1.5052099
1267,141,orig,-1,0.0931005,0.2111519,0.9534503,72.04988,0.0
1268,141,paraphrase,-1,0.10740356,0.24359123,0.94629884,72.04015,0.023985688
1269,141,translate,-1,0.097984664,0.22222917,0.9510082,72.06114,0.015261725
1270,141,polarity,-1,0.095865294,0.21742244,0.95206785,72.04821,0.0106989695
1271,141,vocab,-1,0.20112689,0.4561557,0.8994372,71.91631,0.20687842
1272,141,cat,-1,0.40703458,0.92315423,0.7964832,71.78552,0.79398596
1273,141,shuffle,-1,0.13838604,0.3138595,0.9308073,71.99024,0.10510555
1274,141,unrelated,53,0.8684268,1.9695916,0.5657874,72.058624,1.8016053
1275,141,unrelated_token,53,0.7717636,1.7503595,0.6141186,72.04779,1.5447341
1276,142,orig,-1,0.095687434,0.21701905,0.95215636,71.86973,0.0
1277,142,paraphrase,-1,0.096437834,0.21872097,0.95178133,71.851105,0.005287317
1278,142,translate,-1,0.10445366,0.23690085,0.94777346,71.8184,0.018430348
1279,142,polarity,-1,0.10477547,0.23763072,0.9476125,71.858,0.014920635
1280,142,vocab,-1,0.22981414,0.52121836,0.885093,71.79844,0.41738385
1281,142,cat,-1,0.39504945,0.89597195,0.8024756,71.87468,0.67459214
1282,142,shuffle,-1,0.11179485,0.25355068,0.94410276,71.85619,0.045877337
1283,142,unrelated,45,0.6331878,1.4360696,0.6834063,71.924835,1.3322246
1284,142,unrelated_token,45,0.60010713,1.3610427,0.6999464,72.04454,1.2494557
1285,143,orig,-1,0.08680005,0.19686249,0.9566004,72.01991,0.0
1286,143,paraphrase,-1,0.092723206,0.21029618,0.95363843,72.04303,0.019553201
1287,143,translate,-1,0.092321515,0.20938516,0.9538396,72.01426,0.017046764
1288,143,polarity,-1,0.08865868,0.20107785,0.95567083,72.02701,0.006877001
1289,143,vocab,-1,0.18397708,0.41725993,0.9080118,71.84952,0.18537281
1290,143,cat,-1,0.34216046,0.77601975,0.8289202,71.81295,0.61376256
1291,143,shuffle,-1,0.10031519,0.2275148,0.94984275,72.04896,0.020743858
1292,143,unrelated,137,0.91052693,2.0650747,0.5447368,71.7728,1.942274
1293,143,unrelated_token,137,0.8962628,2.0327237,0.551869,71.67456,1.9074754
1294,144,orig,-1,0.15931082,0.36131686,0.9203451,71.871445,0.0
1295,144,paraphrase,-1,0.16007349,0.36304662,0.91996366,71.840965,0.02337338
1296,144,translate,-1,0.15880929,0.3601794,0.92059577,71.86522,0.016363116
1297,144,polarity,-1,0.14493223,0.32870623,0.9275343,71.83698,0.023662189
1298,144,vocab,-1,0.597613,1.355386,0.70119387,71.51551,0.9459302
1299,144,cat,-1,0.20955665,0.47527438,0.8952222,71.80966,0.29936716
1300,144,shuffle,-1,0.14775214,0.33510178,0.9261242,71.86229,0.038643513
1301,144,unrelated,95,0.9971322,2.2614954,0.5014342,71.8533,1.9443759
1302,144,unrelated_token,95,0.8952357,2.0303943,0.5523825,71.748535,1.6149623
1303,145,orig,-1,0.0670684,0.1521111,0.96646607,71.86038,0.0
1304,145,paraphrase,-1,0.067102164,0.15218768,0.9664489,71.85653,0.011601933
1305,145,translate,-1,0.07142256,0.16198634,0.96428895,71.82783,0.011804736
1306,145,polarity,-1,0.06888973,0.15624188,0.96555537,71.858635,0.0049670464
1307,145,vocab,-1,0.104032375,0.23594537,0.94798416,71.7703,0.11819777
1308,145,cat,-1,0.48020023,1.0890939,0.75990015,71.818596,0.89492625
1309,145,shuffle,-1,0.097471796,0.22106598,0.95126426,71.82471,0.053831793
1310,145,unrelated,111,0.78831935,1.787908,0.6058404,72.125175,1.6540973
1311,145,unrelated_token,111,0.73335004,1.6632376,0.633325,71.74104,1.5282813
1312,146,orig,-1,0.09853774,0.22348356,0.95073146,71.7637,0.0
1313,146,paraphrase,-1,0.10225818,0.23192151,0.9488711,71.72064,0.02009595
1314,146,translate,-1,0.11382109,0.25814617,0.94308984,71.75993,0.021500874
1315,146,polarity,-1,0.10382183,0.23546787,0.9480891,71.70975,0.018369008
1316,146,vocab,-1,0.3388314,0.76846945,0.8305844,71.847824,0.5963186
1317,146,cat,-1,0.2365103,0.53640527,0.88174504,71.75516,0.29402098
1318,146,shuffle,-1,0.09645025,0.21874912,0.9517752,71.73511,0.021648386
1319,146,unrelated,117,0.8000534,1.8145208,0.5999735,72.05935,1.6865816
1320,146,unrelated_token,117,0.68262136,1.548185,0.65868956,71.904945,1.4242743
1321,147,orig,-1,0.1289467,0.29245108,0.93552697,72.01205,0.0
1322,147,paraphrase,-1,0.11939385,0.27078518,0.9403034,71.964516,0.020923594
1323,147,translate,-1,0.13849132,0.31409824,0.9307546,71.99936,0.020098723
1324,147,polarity,-1,0.15155181,0.34371945,0.9242244,71.994446,0.02526718
1325,147,vocab,-1,0.25134,0.57003903,0.8743306,71.79648,0.2949522
1326,147,cat,-1,0.3548709,0.804847,0.8225649,71.93931,0.54059005
1327,147,shuffle,-1,0.12641492,0.28670898,0.93679285,72.00122,0.003715147
1328,147,unrelated,207,0.78374135,1.7775251,0.6081293,72.08829,1.6866952
1329,147,unrelated_token,207,0.67351866,1.52754,0.66324097,71.98399,1.4036146
1330,148,orig,-1,0.059483964,0.1349096,0.97025836,71.899765,0.0
1331,148,paraphrase,-1,0.06013242,0.1363803,0.96993405,71.89853,0.004415145
1332,148,translate,-1,0.06431613,0.14586896,0.96784234,71.89683,0.0042834906
1333,148,polarity,-1,0.06381124,0.14472386,0.9680946,71.93065,0.011758427
1334,148,vocab,-1,0.06683489,0.1515815,0.9665832,71.89047,0.043628816
1335,148,cat,-1,0.40238643,0.91261226,0.7988071,71.87599,0.78406334
1336,148,shuffle,-1,0.062025476,0.14067376,0.96898735,71.94331,0.03181308
1337,148,unrelated,217,0.8382791,1.9012167,0.58086073,71.981346,1.8543719
1338,148,unrelated_token,217,0.73989856,1.6780896,0.63005114,71.85809,1.6384345
1339,149,orig,-1,0.035154037,0.07972934,0.9824233,72.085724,0.0
1340,149,paraphrase,-1,0.04176001,0.09471168,0.97912014,72.0771,0.0114388745
1341,149,translate,-1,0.037166856,0.084294416,0.9814169,72.07004,0.0053727874
1342,149,polarity,-1,0.03689111,0.08366902,0.98155487,72.089836,0.008427975
1343,149,vocab,-1,0.088569075,0.20087463,0.95571595,72.016945,0.108340085
1344,149,cat,-1,0.364884,0.8275567,0.81755835,71.746994,0.7814928
1345,149,shuffle,-1,0.053287257,0.12085547,0.9733567,72.09212,0.044863783
1346,149,unrelated,227,0.83052623,1.8836331,0.58473724,71.97875,1.8428055
1347,149,unrelated_token,227,0.6415247,1.4549776,0.679238,71.78162,1.3652687
1348,150,orig,-1,0.130919,0.29692423,0.93454087,71.88533,0.0
1349,150,paraphrase,-1,0.13819107,0.3134173,0.9309045,71.859924,0.016803078
1350,150,translate,-1,0.13341112,0.30257636,0.93329453,71.85262,0.011753624
1351,150,polarity,-1,0.13395134,0.30380157,0.9330244,71.88461,0.004496538
1352,150,vocab,-1,0.24165218,0.54806703,0.87917435,71.806564,0.19569571
1353,150,cat,-1,0.39480424,0.89541584,0.8025983,71.76831,0.6147678
1354,150,shuffle,-1,0.121144295,0.2747552,0.939428,71.88364,0.021640684
1355,150,unrelated,93,0.8615402,1.9539728,0.5692301,72.04839,1.6731294
1356,150,unrelated_token,93,0.85778505,1.9454561,0.5711078,72.105865,1.6782583
1357,151,orig,-1,0.10653795,0.24162804,0.9467314,71.82415,0.0
1358,151,paraphrase,-1,0.09392734,0.21302716,0.9530366,71.80819,0.016342653
1359,151,translate,-1,0.09829298,0.22292843,0.9508538,71.78827,0.027534759
1360,151,polarity,-1,0.10226443,0.23193568,0.948868,71.82546,0.0064461282
1361,151,vocab,-1,0.19514461,0.44258788,0.90242815,71.696075,0.53679985
1362,151,cat,-1,0.48938495,1.1099248,0.7553078,71.90084,1.0779395
1363,151,shuffle,-1,0.08979382,0.20365235,0.9551034,71.818054,0.009486185
1364,151,unrelated,253,0.87077487,1.974917,0.56461275,71.9577,2.1995733
1365,151,unrelated_token,253,0.7614373,1.7269394,0.6192818,71.83084,1.9446895
1366,152,orig,-1,0.09339682,0.21182394,0.9533022,72.04984,0.0
1367,152,paraphrase,-1,0.09855856,0.22353077,0.95072126,72.04593,0.012488777
1368,152,translate,-1,0.09980796,0.22636442,0.9500964,72.01885,0.013425421
1369,152,polarity,-1,0.095032215,0.21553302,0.9524845,72.05773,0.008479011
1370,152,vocab,-1,0.2668641,0.6052476,0.86656845,71.89622,0.34767914
1371,152,cat,-1,0.40497455,0.9184821,0.7975134,72.03517,0.66160804
1372,152,shuffle,-1,0.109034464,0.24729012,0.9454832,72.01131,0.02172239
1373,152,unrelated,142,0.84115636,1.9077423,0.57942224,71.86973,1.681748
1374,152,unrelated_token,142,0.7490907,1.6989373,0.62545514,72.0125,1.4544884
1375,153,orig,-1,0.04772113,0.1082315,0.9761398,72.01515,0.0
1376,153,paraphrase,-1,0.04699405,0.106582485,0.9765033,72.00137,0.0059340633
1377,153,translate,-1,0.055161882,0.12510712,0.97241944,72.019424,0.016362872
1378,153,polarity,-1,0.04756266,0.10787209,0.9762192,72.02127,0.018449418
1379,153,vocab,-1,0.21002433,0.47633508,0.8949883,71.884285,0.4177003
1380,153,cat,-1,0.42243615,0.958085,0.78878224,72.02789,0.875348
1381,153,shuffle,-1,0.051915634,0.11774464,0.9740428,72.02178,0.031736095
1382,153,unrelated,218,0.7386621,1.6752853,0.6306694,72.024925,1.702178
1383,153,unrelated_token,218,0.74081767,1.6801741,0.62959164,72.09101,1.6825627
1384,154,orig,-1,0.15235375,0.34553823,0.9238233,71.60874,0.0
1385,154,paraphrase,-1,0.15854469,0.3595793,0.92072785,71.58032,0.022855995
1386,154,translate,-1,0.16128927,0.36580402,0.91935575,71.53799,0.04372781
1387,154,polarity,-1,0.16540882,0.37514713,0.917296,71.54675,0.031683102
1388,154,vocab,-1,0.46432513,1.0530891,0.7678377,71.42087,0.72251064
1389,154,cat,-1,0.18314849,0.4153807,0.9084259,71.63131,0.06466242
1390,154,shuffle,-1,0.1993859,0.45220712,0.9003073,71.573586,0.0989022
1391,154,unrelated,52,0.990448,2.2463355,0.5047763,72.04345,2.023131
1392,154,unrelated_token,52,0.8897872,2.018037,0.55510664,72.063,1.7801068
1393,155,orig,-1,0.058425657,0.13250937,0.97078776,71.82524,0.0
1394,155,paraphrase,-1,0.060410105,0.1370101,0.9697951,71.80959,0.0054630856
1395,155,translate,-1,0.06825121,0.15479371,0.9658749,71.826485,0.012736635
1396,155,polarity,-1,0.05679994,0.12882224,0.9716004,71.83989,0.003535746
1397,155,vocab,-1,0.10285999,0.23328641,0.9485703,71.86221,0.09699877
1398,155,cat,-1,0.32790557,0.74368966,0.8360476,71.85676,0.68913686
1399,155,shuffle,-1,0.06420002,0.14560562,0.96790045,71.827866,0.033678584
1400,155,unrelated,187,0.7099905,1.6102581,0.64500517,72.06928,1.5396662
1401,155,unrelated_token,187,0.5640279,1.2792151,0.7179865,71.683975,1.2111951
1402,156,orig,-1,0.085985914,0.19501601,0.9570075,71.992065,0.0
1403,156,paraphrase,-1,0.0830073,0.18826051,0.9584968,71.98096,0.00619007
1404,156,translate,-1,0.089640394,0.20330438,0.95518047,71.98387,0.008305419
1405,156,polarity,-1,0.08640585,0.19596843,0.95679754,72.01324,0.009583694
1406,156,vocab,-1,0.09771892,0.22162646,0.95114094,72.01434,0.07870928
1407,156,cat,-1,0.45184427,1.0247827,0.7740783,71.90815,0.78857684
1408,156,shuffle,-1,0.0906604,0.20561776,0.95467025,71.97415,0.012407054
1409,156,unrelated,10,0.7595003,1.7225465,0.62025046,71.75019,1.5763836
1410,156,unrelated_token,10,0.69672394,1.5801696,0.6516383,71.635666,1.441965
1411,157,orig,-1,0.091582246,0.2077085,0.9542092,72.04887,0.0
1412,157,paraphrase,-1,0.091732234,0.20804867,0.9541341,72.047226,0.0143893035
1413,157,translate,-1,0.09142145,0.2073438,0.9542896,72.03582,0.014455749
1414,157,polarity,-1,0.08844681,0.20059733,0.95577693,72.05797,0.010729359
1415,157,vocab,-1,0.18909964,0.4288779,0.9054506,72.0249,0.28318217
1416,157,cat,-1,0.39044777,0.88553536,0.8047765,72.01066,0.72822875
1417,157,shuffle,-1,0.08750589,0.19846332,0.9562473,72.04263,0.009664663
1418,157,unrelated,4,0.9211234,2.0891075,0.5394385,71.954796,1.9640845
1419,157,unrelated_token,4,0.82534474,1.8718815,0.5873277,72.17986,1.743714
1420,158,orig,-1,0.088835075,0.20147792,0.9555828,71.961205,0.0
1421,158,paraphrase,-1,0.09061544,0.20551577,0.9546925,71.931526,0.0074335737
1422,158,translate,-1,0.08903242,0.20192549,0.9554843,71.911545,0.014822836
1423,158,polarity,-1,0.08989868,0.20389017,0.95505095,71.96839,0.0034798176
1424,158,vocab,-1,0.14415732,0.32694873,0.92792165,71.91868,0.16269943
1425,158,cat,-1,0.34417403,0.78058654,0.8279133,71.9332,0.6122891
1426,158,shuffle,-1,0.092221,0.20915718,0.9538899,71.96755,0.0018038002
1427,158,unrelated,175,0.865234,1.9623504,0.5673833,72.25049,1.8782156
1428,158,unrelated_token,175,0.7604034,1.7245946,0.61979866,72.01765,1.6134268
1429,159,orig,-1,0.13503289,0.30625454,0.93248403,72.02422,0.0
1430,159,paraphrase,-1,0.14080784,0.31935212,0.9295964,72.03192,0.016059434
1431,159,translate,-1,0.1458319,0.33074668,0.9270843,72.0414,0.025099972
1432,159,polarity,-1,0.14397332,0.32653144,0.9280137,72.00138,0.007088548
1433,159,vocab,-1,0.4684844,1.0625224,0.7657582,71.79406,0.61430967
1434,159,cat,-1,0.71296847,1.6170121,0.64351636,71.7009,1.2307525
1435,159,shuffle,-1,0.24716051,0.5605599,0.87642,71.955124,0.1723306
1436,159,unrelated,39,1.1483276,2.6044064,0.42583665,72.185234,2.264509
1437,159,unrelated_token,39,1.0281134,2.3317606,0.48594376,72.34793,1.9698397
1438,160,orig,-1,0.097457685,0.22103399,0.9512715,72.05643,0.0
1439,160,paraphrase,-1,0.10474434,0.23756011,0.94762814,72.03938,0.018106824
1440,160,translate,-1,0.094276115,0.21381819,0.952862,72.0061,0.016398223
1441,160,polarity,-1,0.1131963,0.25672916,0.943402,72.060295,0.013875102
1442,160,vocab,-1,0.19679531,0.44633168,0.9016026,71.89156,0.2967135
1443,160,cat,-1,0.45104915,1.0229793,0.7744756,72.02633,0.82302964
1444,160,shuffle,-1,0.107893035,0.24470136,0.9460538,72.02971,0.042672545
1445,160,unrelated,165,0.81795377,1.8551188,0.59102345,72.06827,1.7348604
1446,160,unrelated_token,165,0.64535314,1.4636606,0.6773238,71.71976,1.4109888
1447,161,orig,-1,0.06618485,0.1501072,0.96690786,72.09437,0.0
1448,161,paraphrase,-1,0.08354548,0.18948112,0.95822763,72.08447,0.013577983
1449,161,translate,-1,0.08051521,0.18260847,0.95974284,72.09993,0.02154079
1450,161,polarity,-1,0.068311706,0.15493092,0.9658446,72.09562,0.0035755287
1451,161,vocab,-1,0.14016584,0.31789604,0.9299177,71.88083,0.114698075
1452,161,cat,-1,0.33171242,0.7523236,0.83414435,72.066475,0.62808025
1453,161,shuffle,-1,0.07028105,0.1593974,0.96486,72.0734,0.0027662965
1454,161,unrelated,88,0.8470565,1.9211237,0.5764722,71.84713,1.770874
1455,161,unrelated_token,88,0.6557263,1.487187,0.6721374,71.54775,1.3210062
1456,162,orig,-1,0.2884369,0.65417475,0.8557819,71.8103,0.0
1457,162,paraphrase,-1,0.29560786,0.6704385,0.85219646,71.77927,0.0100839585
1458,162,translate,-1,0.28740796,0.65184116,0.85629636,71.77102,0.012928632
1459,162,polarity,-1,0.298668,0.6773789,0.85066634,71.81436,0.025403088
1460,162,vocab,-1,0.28128204,0.63794756,0.85935944,71.76167,0.097694315
1461,162,cat,-1,0.5496195,1.2465367,0.7251907,71.74554,0.9152907
1462,162,shuffle,-1,0.2753024,0.6243857,0.8623491,71.723694,0.09975269
1463,162,unrelated,133,1.0098522,2.2903442,0.49507433,71.947235,2.029758
1464,162,unrelated_token,133,0.84087354,1.9071008,0.57956374,71.70262,1.6785655
1465,163,orig,-1,0.16320954,0.37015918,0.91839594,71.873604,0.0
1466,163,paraphrase,-1,0.2642686,0.59936106,0.86786604,71.8046,0.14143603
1467,163,translate,-1,0.23333792,0.5292103,0.88333136,71.76251,0.12160305
1468,163,polarity,-1,0.32478923,0.7366218,0.83760595,72.002365,0.26095748
1469,163,vocab,-1,0.5545929,1.2578164,0.7227039,71.58564,1.0745783
1470,163,cat,-1,0.36583123,0.82970506,0.8170848,71.42823,0.46074462
1471,163,shuffle,-1,0.19362214,0.43913493,0.90318966,71.84575,0.030055096
1472,163,unrelated,34,0.8421229,1.9099344,0.5789389,71.61743,1.8586653
1473,163,unrelated_token,34,0.6905389,1.5661418,0.65473104,71.86962,1.5881386
1474,164,orig,-1,0.14729552,0.33406618,0.92635256,71.81554,0.0
1475,164,paraphrase,-1,0.15295985,0.3469129,0.9235205,71.796585,0.0062739644
1476,164,translate,-1,0.1625777,0.36872616,0.91871154,71.812965,0.007536741
1477,164,polarity,-1,0.14506888,0.32901618,0.927466,71.81532,0.0037241783
1478,164,vocab,-1,0.19330597,0.43841785,0.9033474,71.71714,0.13351214
1479,164,cat,-1,0.30329233,0.68786687,0.8483542,71.65188,0.37689644
1480,164,shuffle,-1,0.16487893,0.37394536,0.91756094,71.8019,0.0774728
1481,164,unrelated,65,0.87358963,1.981301,0.5632057,72.11601,1.6936522
1482,164,unrelated_token,65,0.6991859,1.5857533,0.65040743,71.77968,1.2646785
1483,165,orig,-1,0.059708916,0.1354198,0.9701459,72.06827,0.0
1484,165,paraphrase,-1,0.0588642,0.13350397,0.9705681,72.07216,0.0056930785
1485,165,translate,-1,0.060369145,0.13691719,0.9698158,72.08602,0.01081845
1486,165,polarity,-1,0.060523998,0.1372684,0.9697385,72.06728,0.0047628568
1487,165,vocab,-1,0.1416567,0.32127732,0.9291721,71.832214,0.22625338
1488,165,cat,-1,0.36272496,0.82266,0.81863815,71.80879,0.70468396
1489,165,shuffle,-1,0.06176737,0.14008836,0.96911675,72.04314,0.008854455
1490,165,unrelated,29,0.79641074,1.8062592,0.60179514,71.80476,1.8049109
1491,165,unrelated_token,29,0.73756266,1.6727917,0.63121897,71.675766,1.6375617
1492,166,orig,-1,0.13867022,0.314504,0.93066555,71.996994,0.0
1493,166,paraphrase,-1,0.1375201,0.31189555,0.93124044,71.97619,0.008678505
1494,166,translate,-1,0.13656381,0.30972666,0.93171877,71.97909,0.017618405
1495,166,polarity,-1,0.14471702,0.32821813,0.9276419,71.994545,0.005922801
1496,166,vocab,-1,0.2943408,0.66756475,0.8528302,71.77742,0.31594974
1497,166,cat,-1,0.30942127,0.7017673,0.8452899,71.83647,0.4636715
1498,166,shuffle,-1,0.14596975,0.33105934,0.92701566,71.97848,0.02233197
1499,166,unrelated,115,0.711441,1.6135478,0.64428,71.825645,1.3294485
1500,166,unrelated_token,115,0.66211134,1.5016682,0.6689447,71.873055,1.2316511
1501,167,orig,-1,0.06932536,0.15722989,0.9653376,72.00161,0.0
1502,167,paraphrase,-1,0.094556674,0.2144545,0.9527216,71.98494,0.027258536
1503,167,translate,-1,0.07354814,0.16680714,0.96322614,72.00394,0.018289316
1504,167,polarity,-1,0.07352563,0.1667561,0.9632373,72.02909,0.0035267426
1505,167,vocab,-1,0.1358777,0.30817056,0.93206125,71.95868,0.088884175
1506,167,cat,-1,0.45645148,1.0352317,0.77177453,71.78739,0.8165884
1507,167,shuffle,-1,0.08034224,0.18221617,0.95982903,71.99719,0.023472345
1508,167,unrelated,70,0.688089,1.5605856,0.6559557,71.6272,1.3463948
1509,167,unrelated_token,70,0.6353948,1.4410752,0.68230295,71.65875,1.2158751
1510,168,orig,-1,0.075040914,0.17019276,0.96248007,71.772156,0.0
1511,168,paraphrase,-1,0.07991488,0.18124692,0.96004313,71.75935,0.02723915
1512,168,translate,-1,0.077515826,0.17580585,0.9612427,71.75862,0.0144383935
1513,168,polarity,-1,0.07857168,0.17820053,0.96071464,71.76859,0.003905425
1514,168,vocab,-1,0.12913775,0.29288438,0.9354316,71.71369,0.078653306
1515,168,cat,-1,0.47309327,1.0729753,0.763454,71.872765,0.90359294
1516,168,shuffle,-1,0.07369937,0.16715014,0.9631509,71.7591,0.0058451965
1517,168,unrelated,5,0.9364416,2.1238492,0.53177977,71.88117,1.9765995
1518,168,unrelated_token,5,0.822492,1.8654115,0.58875436,71.57846,1.6896269
1519,169,orig,-1,0.14710757,0.33363992,0.9264464,71.84538,0.0
1520,169,paraphrase,-1,0.16210778,0.36766037,0.91894615,71.83384,0.016113447
1521,169,translate,-1,0.15788136,0.35807487,0.92105937,71.856834,0.015340071
1522,169,polarity,-1,0.15361181,0.3483915,0.9231946,71.849625,0.0061383625
1523,169,vocab,-1,0.20555325,0.4661947,0.89722353,71.87823,0.1043618
1524,169,cat,-1,0.41157037,0.9334414,0.794215,71.906204,0.7112163
1525,169,shuffle,-1,0.1600954,0.36309627,0.9199526,71.86917,0.08554438
1526,169,unrelated,249,0.7460951,1.6921434,0.62695265,71.916664,1.4771909
1527,169,unrelated_token,249,0.63225067,1.4339442,0.6838748,72.057755,1.2024317
1528,170,orig,-1,0.08074162,0.18312196,0.9596296,72.024605,0.0
1529,170,paraphrase,-1,0.08789654,0.19934931,0.95605206,72.0065,0.021903282
1530,170,translate,-1,0.07603009,0.17243621,0.96198535,72.00678,0.008234064
1531,170,polarity,-1,0.078901194,0.17894787,0.96054995,72.04082,0.002968293
1532,170,vocab,-1,0.123587206,0.28029573,0.9382069,71.905525,0.13213582
1533,170,cat,-1,0.42707872,0.96861434,0.7864612,71.85898,0.8003257
1534,170,shuffle,-1,0.08039023,0.182325,0.9598053,72.03793,0.021070078
1535,170,unrelated,160,0.66302913,1.5037497,0.66848606,72.05643,1.41773
1536,170,unrelated_token,160,0.5575305,1.2644789,0.7212352,71.95991,1.1394577
1537,171,orig,-1,0.069539465,0.15771547,0.9652305,72.06961,0.0
1538,171,paraphrase,-1,0.0774086,0.17556266,0.96129596,72.0178,0.027156748
1539,171,translate,-1,0.07229643,0.16396828,0.96385187,72.04076,0.013250306
1540,171,polarity,-1,0.072698735,0.1648807,0.96365094,72.07683,0.004989282
1541,171,vocab,-1,0.12997955,0.29479358,0.93501055,71.87182,0.16996227
1542,171,cat,-1,0.47955665,1.0876343,0.76022184,72.01514,0.93432516
1543,171,shuffle,-1,0.091983214,0.2086179,0.9540085,72.02787,0.039219357
1544,171,unrelated,101,0.7078287,1.6053551,0.64608604,72.003174,1.5903362
1545,171,unrelated_token,101,0.65552443,1.4867291,0.6722382,71.92122,1.4680315
1546,172,orig,-1,0.09203244,0.20872954,0.9539843,71.94425,0.0
1547,172,paraphrase,-1,0.10893361,0.24706139,0.9455336,71.98889,0.050028164
1548,172,translate,-1,0.098379694,0.2231251,0.95081043,71.93948,0.016066851
1549,172,polarity,-1,0.0997143,0.22615199,0.95014334,71.94505,0.015714534
1550,172,vocab,-1,0.20924966,0.47457814,0.8953757,71.796936,0.26221806
1551,172,cat,-1,0.24322161,0.5516265,0.8783896,71.78615,0.29502738
1552,172,shuffle,-1,0.114958644,0.26072615,0.9425211,71.9246,0.060097605
1553,172,unrelated,121,0.9011091,2.043715,0.54944587,71.879944,1.825141
1554,172,unrelated_token,121,0.717958,1.6283283,0.6410216,71.72305,1.4436795
1555,173,orig,-1,0.0655616,0.14869368,0.96721935,71.93265,0.0
1556,173,paraphrase,-1,0.09397559,0.2131366,0.9530125,71.94646,0.061046712
1557,173,translate,-1,0.08003497,0.18151928,0.9599827,71.9144,0.026807742
1558,173,polarity,-1,0.0622664,0.14122017,0.96886694,71.93192,0.0045389496
1559,173,vocab,-1,0.11145829,0.25278735,0.9442711,71.965126,0.14602436
1560,173,cat,-1,0.44227776,1.0030857,0.77886134,71.98461,0.89601
1561,173,shuffle,-1,0.062916614,0.14269485,0.9685421,71.91353,0.009402353
1562,173,unrelated,182,0.7944463,1.8018038,0.60277694,72.15076,1.7128177
1563,173,unrelated_token,182,0.66159546,1.5004982,0.6692027,71.617256,1.3933314
1564,174,orig,-1,0.039729122,0.09010563,0.98013574,71.95314,0.0
1565,174,paraphrase,-1,0.038890548,0.08820374,0.9805549,71.93535,0.026544835
1566,174,translate,-1,0.043820728,0.09938539,0.97809005,71.95915,0.017594462
1567,174,polarity,-1,0.04243516,0.09624293,0.9787828,71.94508,0.0025145356
1568,174,vocab,-1,0.14284638,0.3239755,0.92857707,71.77655,0.23830487
1569,174,cat,-1,0.28606933,0.64880514,0.8569658,71.7735,0.57538164
1570,174,shuffle,-1,0.05095159,0.115558185,0.97452444,71.92861,0.025755111
1571,174,unrelated,46,0.7517199,1.7049004,0.62414044,71.91636,1.7012014
1572,174,unrelated_token,46,0.68124866,1.5450717,0.6593759,71.80019,1.5356395
1573,175,orig,-1,0.08470014,0.19209987,0.9576502,72.25049,0.0
1574,175,paraphrase,-1,0.082322635,0.1867077,0.9588391,72.271935,0.022592148
1575,175,translate,-1,0.07726211,0.17523043,0.96136904,72.26282,0.010729554
1576,175,polarity,-1,0.08414127,0.19083236,0.9579296,72.23621,0.008516305
1577,175,vocab,-1,0.2112108,0.47902602,0.894395,72.08777,0.2922415
1578,175,cat,-1,0.39778468,0.9021755,0.8011078,71.95201,0.78443575
1579,175,shuffle,-1,0.08295381,0.1881392,0.95852363,72.25942,0.016279351
1580,175,unrelated,71,0.89681274,2.0339708,0.551594,72.0927,1.9509804
1581,175,unrelated_token,71,0.79092324,1.7938136,0.60453886,72.188896,1.666453
1582,176,orig,-1,0.07777566,0.17639516,0.9611124,72.175896,0.0
1583,176,paraphrase,-1,0.07568071,0.17164382,0.9621599,72.14385,0.017016815
1584,176,translate,-1,0.08178698,0.18549284,0.95910686,72.16852,0.0057803816
1585,176,polarity,-1,0.07830187,0.17758861,0.96084934,72.182976,0.003736459
1586,176,vocab,-1,0.09311694,0.21118918,0.95344144,72.12469,0.053182606
1587,176,cat,-1,0.42131358,0.95553905,0.7893435,71.78817,0.887023
1588,176,shuffle,-1,0.077485695,0.17573753,0.96125746,72.18759,0.0116270315
1589,176,unrelated,77,0.81016093,1.8374447,0.59491986,71.82009,1.8179271
1590,176,unrelated_token,77,0.7081303,1.6060392,0.64593524,72.12923,1.4905233
1591,177,orig,-1,0.20814455,0.47207174,0.895928,72.11746,0.0
1592,177,paraphrase,-1,0.25666553,0.5821173,0.8716676,72.11183,0.09097926
1593,177,translate,-1,0.23890634,0.5418395,0.880547,72.13463,0.0300898
1594,177,polarity,-1,0.21035497,0.47708496,0.8948231,72.12584,0.007681718
1595,177,vocab,-1,0.5131429,1.1638079,0.74342906,71.94493,0.5377241
1596,177,cat,-1,0.7455828,1.6909815,0.62720907,72.04204,1.1860808
1597,177,shuffle,-1,0.25948673,0.5885158,0.870257,72.11353,0.077808626
1598,177,unrelated,50,1.0548856,2.3924801,0.47255766,71.98409,1.781086
1599,177,unrelated_token,50,0.9754885,2.2124074,0.5122562,72.023125,1.6057929
1600,178,orig,-1,0.108232394,0.24547102,0.9458844,71.903534,0.0
1601,178,paraphrase,-1,0.10714419,0.24300298,0.94642854,71.88236,0.021310158
1602,178,translate,-1,0.11600314,0.26309508,0.94199884,71.86669,0.013283203
1603,178,polarity,-1,0.112547256,0.25525713,0.9437267,71.91793,0.0057673147
1604,178,vocab,-1,0.3009544,0.68256444,0.84952325,71.957146,0.4089388
1605,178,cat,-1,0.3980129,0.9026931,0.80099404,71.96803,0.7399333
1606,178,shuffle,-1,0.12338255,0.2798316,0.93830913,71.94816,0.032220352
1607,178,unrelated,250,0.7505826,1.7023209,0.6247093,71.95708,1.5085231
1608,178,unrelated_token,250,0.6373533,1.4455171,0.6813239,72.082214,1.2484198
1609,179,orig,-1,0.08207917,0.18615553,0.95896095,72.03771,0.0
1610,179,paraphrase,-1,0.09473263,0.21485355,0.9526342,72.013535,0.03390945
1611,179,translate,-1,0.088506356,0.20073238,0.95574725,72.02788,0.013141404
1612,179,polarity,-1,0.085323885,0.19351454,0.95733845,72.08087,0.009943766
1613,179,vocab,-1,0.124899745,0.28327256,0.93755054,71.977165,0.13907866
1614,179,cat,-1,0.302938,0.6870633,0.84853137,71.71177,0.50056285
1615,179,shuffle,-1,0.10827706,0.24557233,0.9458618,72.05683,0.063309945
1616,179,unrelated,155,0.7563898,1.7154918,0.6218057,71.82524,1.6515911
1617,179,unrelated_token,155,0.673632,1.5277971,0.6631843,71.60503,1.4723527
1618,180,orig,-1,0.088027254,0.19964577,0.95598674,71.8958,0.0
1619,180,paraphrase,-1,0.11042504,0.25044394,0.94478786,71.83668,0.058355786
1620,180,translate,-1,0.098288104,0.22291738,0.9508563,71.87527,0.021861287
1621,180,polarity,-1,0.104607746,0.23725033,0.94769645,71.88862,0.015504018
1622,180,vocab,-1,0.4512197,1.0233661,0.77439046,71.79899,0.77547675
1623,180,cat,-1,0.44819826,1.0165135,0.7759012,72.023285,0.79643434
1624,180,shuffle,-1,0.10906937,0.24736929,0.94546556,71.86586,0.017261848
1625,180,unrelated,30,0.92751086,2.1035943,0.53624505,71.994965,1.9047228
1626,180,unrelated_token,30,0.6623562,1.5022236,0.6688222,71.63963,1.3087912
1627,181,orig,-1,0.086519144,0.19622537,0.9567406,71.92827,0.0
1628,181,paraphrase,-1,0.10373093,0.23526171,0.94813484,71.88781,0.0350083
1629,181,translate,-1,0.09386141,0.21287763,0.95306975,71.89084,0.008655376
1630,181,polarity,-1,0.08518766,0.19320557,0.9574064,71.91946,0.003807957
1631,181,vocab,-1,0.16356619,0.37096804,0.91821736,71.79451,0.18270962
1632,181,cat,-1,0.39767882,0.9019354,0.8011611,71.85953,0.7973851
1633,181,shuffle,-1,0.08789304,0.19934137,0.9560539,71.93237,0.003127384
1634,181,unrelated,201,0.9229943,2.0933506,0.538503,71.99135,2.0461407
1635,181,unrelated_token,201,0.81553,1.8496217,0.59223527,71.69649,1.7801464
1636,182,orig,-1,0.06650448,0.15083213,0.96674836,72.15076,0.0
1637,182,paraphrase,-1,0.07204585,0.16339995,0.96397763,72.13535,0.014614143
1638,182,translate,-1,0.06894164,0.1563596,0.9655299,72.15074,0.011857088
1639,182,polarity,-1,0.067610696,0.15334103,0.96619505,72.15366,0.003234266
1640,182,vocab,-1,0.10287511,0.23332071,0.948563,72.091675,0.0785229
1641,182,cat,-1,0.42138296,0.9556964,0.7893093,71.844955,0.8788958
1642,182,shuffle,-1,0.07211631,0.16355975,0.96394235,72.13753,0.014762544
1643,182,unrelated,25,0.71520126,1.6220762,0.6424,72.055214,1.4862272
1644,182,unrelated_token,25,0.60772383,1.3783174,0.6961387,71.7674,1.2391782
1645,183,orig,-1,0.16874485,0.38271323,0.91562796,72.023674,0.0
1646,183,paraphrase,-1,0.18579814,0.4213901,0.9071013,72.02672,0.029289806
1647,183,translate,-1,0.17426267,0.39522767,0.912869,72.02157,0.018983983
1648,183,polarity,-1,0.18517229,0.41997066,0.9074142,71.96728,0.018700318
1649,183,vocab,-1,0.43372822,0.9836954,0.7831363,71.72141,0.75847393
1650,183,cat,-1,0.3193847,0.72436434,0.8403082,71.861046,0.34860379
1651,183,shuffle,-1,0.20717497,0.46987274,0.8964129,71.998344,0.05338767
1652,183,unrelated,156,1.0794371,2.448163,0.4602819,71.992065,2.3539853
1653,183,unrelated_token,156,1.0153811,2.3028839,0.4923098,71.73133,2.2028816
1654,184,orig,-1,0.075158164,0.17045869,0.9624213,71.98168,0.0
1655,184,paraphrase,-1,0.086568154,0.19633654,0.95671654,71.944435,0.012247301
1656,184,translate,-1,0.08428371,0.19115542,0.95785874,71.98259,0.01632609
1657,184,polarity,-1,0.07776155,0.17636317,0.96111983,71.98856,0.0029800003
1658,184,vocab,-1,0.1910515,0.43330473,0.9044748,71.852585,0.26220796
1659,184,cat,-1,0.33261168,0.7543631,0.83369476,72.03324,0.5397098
1660,184,shuffle,-1,0.09196332,0.20857278,0.95401907,72.02707,0.043487016
1661,184,unrelated,214,0.8037685,1.8229467,0.59811634,71.9337,1.7374274
1662,184,unrelated_token,214,0.59866625,1.3577747,0.70066726,71.89063,1.3432438
1663,185,orig,-1,0.05513802,0.125053,0.9724312,72.02541,0.0
1664,185,paraphrase,-1,0.05926941,0.13442299,0.9703654,72.010254,0.005477219
1665,185,translate,-1,0.06560643,0.14879535,0.967197,71.99414,0.016001377
1666,185,polarity,-1,0.05823915,0.13208637,0.9708807,72.05086,0.0074420706
1667,185,vocab,-1,0.1277502,0.2897374,0.93612504,72.04612,0.17220691
1668,185,cat,-1,0.390354,0.8853227,0.8048232,71.967415,0.8018088
1669,185,shuffle,-1,0.06033315,0.13683556,0.9698336,72.02374,0.0114733605
1670,185,unrelated,235,0.6763275,1.5339105,0.66183627,72.039505,1.408479
1671,185,unrelated_token,235,0.58453375,1.3257223,0.7077334,72.05493,1.2260588
1672,186,orig,-1,0.056667708,0.12852234,0.97166634,72.017456,0.0
1673,186,paraphrase,-1,0.05354317,0.12143588,0.9732286,72.04375,0.015362322
1674,186,translate,-1,0.05627997,0.12764294,0.9718603,72.03043,0.007379895
1675,186,polarity,-1,0.059896678,0.13584563,0.97005194,72.03122,0.0038200142
1676,186,vocab,-1,0.13192199,0.29919901,0.9340392,72.01723,0.193642
1677,186,cat,-1,0.33148724,0.75181293,0.8342567,72.00772,0.67077595
1678,186,shuffle,-1,0.06248939,0.14172591,0.9687554,72.01874,0.011821654
1679,186,unrelated,190,0.6350576,1.4403105,0.6824714,71.803604,1.4062157
1680,186,unrelated_token,190,0.58149374,1.3188275,0.70925343,71.87282,1.2860128
1681,187,orig,-1,0.04815484,0.109215155,0.9759229,72.06928,0.0
1682,187,paraphrase,-1,0.05529828,0.12541647,0.972351,72.068535,0.01024574
1683,187,translate,-1,0.064695016,0.14672826,0.9676527,72.03449,0.026468944
1684,187,polarity,-1,0.059288602,0.13446653,0.9703559,72.02543,0.015078213
1685,187,vocab,-1,0.124083206,0.28142065,0.9379588,72.07475,0.19773254
1686,187,cat,-1,0.22390339,0.5078128,0.88804847,71.70229,0.39954266
1687,187,shuffle,-1,0.05157142,0.11696396,0.97421455,72.06742,0.0076967943
1688,187,unrelated,183,1.1234752,2.5480413,0.4382626,72.023674,2.485375
1689,187,unrelated_token,183,1.0333267,2.3435845,0.48333672,71.90767,2.2780335
1690,188,orig,-1,0.068965346,0.15641338,0.96551776,72.128876,0.0
1691,188,paraphrase,-1,0.075012326,0.17012793,0.96249443,72.11453,0.017806448
1692,188,translate,-1,0.07438715,0.16871002,0.96280694,72.10321,0.015328505
1693,188,polarity,-1,0.0728229,0.1651623,0.96358913,72.11634,0.01055225
1694,188,vocab,-1,0.12080447,0.27398446,0.9395983,72.049225,0.11947122
1695,188,cat,-1,0.5647761,1.280912,0.7176124,72.01217,1.1668738
1696,188,shuffle,-1,0.07015168,0.15910397,0.96492475,72.13319,0.0033433556
1697,188,unrelated,195,0.99570906,2.2582676,0.5021462,72.12124,2.1559653
1698,188,unrelated_token,195,0.8992335,2.0394611,0.5503838,71.9955,1.8938308
1699,189,orig,-1,0.0913687,0.20722416,0.95431596,71.874214,0.0
1700,189,paraphrase,-1,0.09910436,0.22476864,0.9504481,71.85959,0.016404537
1701,189,translate,-1,0.092645004,0.21011883,0.9536778,71.88296,0.010250269
1702,189,polarity,-1,0.09587413,0.21744248,0.9520633,71.86678,0.0057737986
1703,189,vocab,-1,0.22880404,0.51892745,0.88559836,71.86919,0.24614042
1704,189,cat,-1,0.4940648,1.1205387,0.75296783,71.95307,0.88002837
1705,189,shuffle,-1,0.09256999,0.2099487,0.9537155,71.89128,0.0076427013
1706,189,unrelated,54,0.9535818,2.162723,0.52320915,71.73359,1.9549295
1707,189,unrelated_token,54,0.8289776,1.8801208,0.58551157,71.822464,1.6487927
1708,190,orig,-1,0.09726673,0.2206009,0.95136666,71.803604,0.0
1709,190,paraphrase,-1,0.098117545,0.22253054,0.9509414,71.784065,0.0077290717
1710,190,translate,-1,0.11319256,0.25672066,0.9434038,71.80218,0.014143654
1711,190,polarity,-1,0.09993486,0.22665222,0.95003265,71.802246,0.004609732
1712,190,vocab,-1,0.11630125,0.26377118,0.9418496,71.74375,0.077562585
1713,190,cat,-1,0.38599938,0.87544644,0.8070006,71.97843,0.70625526
1714,190,shuffle,-1,0.14435601,0.32739937,0.927822,71.84861,0.069092885
1715,190,unrelated,209,0.75534475,1.7131215,0.62232757,72.10391,1.6098486
1716,190,unrelated_token,209,0.6706298,1.5209881,0.66468537,72.1069,1.3955349
1717,191,orig,-1,0.09291885,0.21073991,0.95354074,71.81527,0.0
1718,191,paraphrase,-1,0.095139004,0.21577522,0.95243096,71.82466,0.011009622
1719,191,translate,-1,0.1027035,0.23293148,0.94864875,71.83531,0.020393528
1720,191,polarity,-1,0.09763743,0.22144164,0.95118165,71.818,0.00936287
1721,191,vocab,-1,0.1690652,0.3834398,0.91546774,71.791435,0.17487712
1722,191,cat,-1,0.41881958,0.9498826,0.7905902,71.91261,0.7785411
1723,191,shuffle,-1,0.09579799,0.21726981,0.9521013,71.82233,0.0031318364
1724,191,unrelated,80,0.8083752,1.8333945,0.59581256,72.02093,1.6489416
1725,191,unrelated_token,80,0.73548543,1.6680807,0.6322576,72.33423,1.509014
1726,192,orig,-1,0.09566557,0.21696946,0.9521675,71.92459,0.0
1727,192,paraphrase,-1,0.09653566,0.21894284,0.95173246,71.964096,0.007943496
1728,192,translate,-1,0.09905602,0.22465901,0.95047206,71.94512,0.0072467276
1729,192,polarity,-1,0.09495183,0.21535072,0.9525244,71.93828,0.004310505
1730,192,vocab,-1,0.14394137,0.32645896,0.92802966,71.90507,0.12187302
1731,192,cat,-1,0.6092647,1.381812,0.6953678,71.83342,1.1985158
1732,192,shuffle,-1,0.09655608,0.21898915,0.9517224,71.943474,0.026329055
1733,192,unrelated,202,0.8650606,1.9619571,0.5674699,71.84064,1.761999
1734,192,unrelated_token,202,0.72401077,1.6420561,0.637995,71.93345,1.4473231
1735,193,orig,-1,0.15160586,0.34384203,0.9241971,71.87204,0.0
1736,193,paraphrase,-1,0.15532532,0.35227776,0.92233753,71.87472,0.011139716
1737,193,translate,-1,0.16216835,0.36779776,0.918916,71.85906,0.013925236
1738,193,polarity,-1,0.15173271,0.3441297,0.9241337,71.871414,0.005171531
1739,193,vocab,-1,0.32785898,0.74358404,0.83607066,71.82368,0.39524993
1740,193,cat,-1,0.4936934,1.1196964,0.7531533,71.87737,0.8239718
1741,193,shuffle,-1,0.19452895,0.44119158,0.90273577,71.773254,0.083616644
1742,193,unrelated,173,0.76372075,1.7321184,0.6181398,71.93265,1.5572762
1743,193,unrelated_token,173,0.7345029,1.6658523,0.6327486,72.2791,1.4712611
1744,194,orig,-1,0.058519714,0.13272269,0.97074026,71.95903,0.0
1745,194,paraphrase,-1,0.06384196,0.14479354,0.9680792,71.9727,0.007436731
1746,194,translate,-1,0.05914251,0.13413519,0.97042894,71.95543,0.014470343
1747,194,polarity,-1,0.062393315,0.14150801,0.9688034,72.00221,0.016168006
1748,194,vocab,-1,0.13488199,0.3059123,0.9325593,71.93017,0.15812705
1749,194,cat,-1,0.34643787,0.78572094,0.82678133,71.886086,0.6655853
1750,194,shuffle,-1,0.05980747,0.13564332,0.97009635,71.973076,0.0032630954
1751,194,unrelated,230,0.7594765,1.7224923,0.6202618,71.58809,1.6252513
1752,194,unrelated_token,230,0.7549018,1.712117,0.62254936,71.5721,1.6134555
1753,195,orig,-1,0.05723091,0.12979968,0.97138506,72.12124,0.0
1754,195,paraphrase,-1,0.05982853,0.13569108,0.97008604,72.15292,0.005275732
1755,195,translate,-1,0.0688531,0.1561588,0.9655738,72.13215,0.010072869
1756,195,polarity,-1,0.05415981,0.12283442,0.9729202,72.14885,0.0045517585
1757,195,vocab,-1,0.073236555,0.16610047,0.96338195,72.21669,0.059952628
1758,195,cat,-1,0.56121266,1.27283,0.7193938,71.91057,1.12667
1759,195,shuffle,-1,0.05230701,0.11863227,0.9738467,72.13529,0.0120477155
1760,195,unrelated,3,0.8509873,1.9300388,0.57450664,72.01381,1.7930275
1761,195,unrelated_token,3,0.5782664,1.3115079,0.71086687,72.06828,1.1263056
1762,196,orig,-1,0.05490935,0.124534376,0.97254544,72.169205,0.0
1763,196,paraphrase,-1,0.051939428,0.1177986,0.9740306,72.1737,0.011821484
1764,196,translate,-1,0.057060886,0.12941407,0.9714698,72.14955,0.014225671
1765,196,polarity,-1,0.055817552,0.12659419,0.9720915,72.17042,0.013236771
1766,196,vocab,-1,0.11922649,0.27040562,0.940387,72.10932,0.15191749
1767,196,cat,-1,0.4161624,0.9438561,0.7919191,72.010506,0.83234835
1768,196,shuffle,-1,0.057227902,0.12979285,0.9713865,72.16249,0.0030248004
1769,196,unrelated,33,0.8004429,1.815404,0.59977883,72.34647,1.7508833
1770,196,unrelated_token,33,0.58852947,1.3347846,0.7057356,72.31384,1.297111
1771,197,orig,-1,0.08916103,0.20221718,0.9554197,72.01452,0.0
1772,197,paraphrase,-1,0.100967966,0.22899531,0.9495162,72.01285,0.01177808
1773,197,translate,-1,0.0955657,0.21674296,0.9522172,72.03642,0.010364092
1774,197,polarity,-1,0.08344848,0.18926111,0.9582759,72.04842,0.011000057
1775,197,vocab,-1,0.12863615,0.29174674,0.935682,71.98194,0.11972607
1776,197,cat,-1,0.46316546,1.050459,0.76841724,71.976326,0.8577108
1777,197,shuffle,-1,0.092866346,0.21062084,0.9535669,72.065025,0.021403177
1778,197,unrelated,185,0.63519233,1.4406159,0.68240416,72.02541,1.3583001
1779,197,unrelated_token,185,0.5200228,1.1794115,0.73998874,72.07128,1.0308924
1780,198,orig,-1,0.069079466,0.1566722,0.9654608,71.98286,0.0
1781,198,paraphrase,-1,0.060374796,0.13693002,0.9698129,72.02365,0.009790729
1782,198,translate,-1,0.06974326,0.15817769,0.9651288,71.9986,0.00845166
1783,198,polarity,-1,0.068410724,0.1551555,0.96579504,72.000565,0.0043295384
1784,198,vocab,-1,0.113318644,0.25700665,0.94334096,71.89831,0.109720744
1785,198,cat,-1,0.5500039,1.2474086,0.7249983,71.81922,1.1273587
1786,198,shuffle,-1,0.09485207,0.21512444,0.95257425,71.90617,0.055081878
1787,198,unrelated,21,0.70809394,1.6059568,0.6459533,71.79754,1.5796623
1788,198,unrelated_token,21,0.67100114,1.5218303,0.6644996,71.98945,1.475816
1789,199,orig,-1,0.15249743,0.3458641,0.92375153,71.84932,0.0
1790,199,paraphrase,-1,0.11526312,0.2614167,0.9423683,71.76811,0.047580108
1791,199,translate,-1,0.13046762,0.29590052,0.93476623,71.798256,0.05524808
1792,199,polarity,-1,0.14157976,0.32110283,0.9292101,71.82707,0.013945536
1793,199,vocab,-1,0.29110056,0.660216,0.8544497,71.73795,0.6431733
1794,199,cat,-1,0.3541845,0.8032903,0.8229079,71.95026,0.582731
1795,199,shuffle,-1,0.17622164,0.3996706,0.9118893,71.808495,0.024322852
1796,199,unrelated,162,0.79250294,1.7973963,0.6037487,71.8103,1.7926167
1797,199,unrelated_token,162,0.5907608,1.3398453,0.7046197,71.744514,1.3359983
1798,200,orig,-1,0.13609967,0.30867398,0.93195033,71.848656,0.0
1799,200,paraphrase,-1,0.13744473,0.3117246,0.9312778,71.82908,0.01281731
1800,200,translate,-1,0.13519809,0.3066292,0.9324012,71.84283,0.008867203
1801,200,polarity,-1,0.14417386,0.32698625,0.9279133,71.82792,0.016289335
1802,200,vocab,-1,0.19210842,0.43570182,0.903946,71.86847,0.19931288
1803,200,cat,-1,0.40314937,0.9143426,0.7984257,71.607376,0.6178886
1804,200,shuffle,-1,0.14520589,0.3293269,0.92739743,71.847534,0.032745212
1805,200,unrelated,140,0.7609875,1.7259194,0.6195064,72.06171,1.5790257
1806,200,unrelated_token,140,0.65506774,1.4856933,0.67246616,72.058235,1.3718196
1807,201,orig,-1,0.10632412,0.24114306,0.94683796,71.99135,0.0
1808,201,paraphrase,-1,0.10847255,0.2460157,0.94576395,71.96239,0.010306651
1809,201,translate,-1,0.104131915,0.23617114,0.94793415,71.956375,0.020714648
1810,201,polarity,-1,0.1020083,0.23135477,0.9489957,71.98895,0.0049629863
1811,201,vocab,-1,0.21692725,0.4919909,0.8915367,71.84101,0.34519786
1812,201,cat,-1,0.33409283,0.7577224,0.83295345,71.58014,0.7401012
1813,201,shuffle,-1,0.10065986,0.22829652,0.94967014,71.98048,0.019787809
1814,201,unrelated,48,0.77247965,1.7519835,0.61376023,71.96069,1.6788452
1815,201,unrelated_token,48,0.68075955,1.5439624,0.6596204,72.18955,1.3880198
1816,202,orig,-1,0.06955968,0.15776132,0.9652204,71.84064,0.0
1817,202,paraphrase,-1,0.07321031,0.16604094,0.96339524,71.8271,0.018158799
1818,202,translate,-1,0.071672246,0.16255262,0.96416426,71.81225,0.020386333
1819,202,polarity,-1,0.07882988,0.17878613,0.96058565,71.874664,0.0107513005
1820,202,vocab,-1,0.12195234,0.27658784,0.93902445,71.857,0.15309279
1821,202,cat,-1,0.49618134,1.125339,0.75190985,71.823204,0.99022615
1822,202,shuffle,-1,0.0806513,0.1829171,0.9596748,71.8725,0.017369416
1823,202,unrelated,232,0.65784055,1.4919821,0.6710803,72.03039,1.4128413
1824,202,unrelated_token,232,0.46323293,1.0506121,0.768384,72.040054,0.9358221
1825,203,orig,-1,0.08921256,0.20233405,0.95539415,71.92332,0.0
1826,203,paraphrase,-1,0.08778332,0.19909254,0.9561086,71.92756,0.0099097965
1827,203,translate,-1,0.08788417,0.19932127,0.9560585,71.935074,0.013950171
1828,203,polarity,-1,0.0991262,0.22481817,0.9504373,71.94589,0.00759861
1829,203,vocab,-1,0.23161423,0.525301,0.8841934,71.97288,0.33687612
1830,203,cat,-1,0.25777057,0.5846235,0.8711151,71.83244,0.36899576
1831,203,shuffle,-1,0.10773609,0.2443454,0.9461323,71.944756,0.02993441
1832,203,unrelated,12,0.7562451,1.7151635,0.6218778,72.107155,1.6077834
1833,203,unrelated_token,12,0.63380677,1.4374734,0.68309677,72.02859,1.3113265
1834,204,orig,-1,0.102953956,0.23349953,0.9485233,71.884445,0.0
1835,204,paraphrase,-1,0.11491462,0.26062632,0.94254297,71.84693,0.016168416
1836,204,translate,-1,0.11278226,0.2557901,0.94360906,71.85719,0.0130280815
1837,204,polarity,-1,0.103252806,0.23417732,0.9483741,71.87195,0.0062473137
1838,204,vocab,-1,0.20799764,0.47173855,0.89600146,71.699905,0.19824201
1839,204,cat,-1,0.4936563,1.1196123,0.75317234,71.82865,0.9499749
1840,204,shuffle,-1,0.15690061,0.35585052,0.92155033,71.627556,0.12911296
1841,204,unrelated,119,0.7960454,1.8054307,0.6019777,72.35489,1.6498313
1842,204,unrelated_token,119,0.7693277,1.7448349,0.61533654,72.28402,1.5680552
1843,205,orig,-1,0.044269253,0.100402646,0.9778657,72.06229,0.0
1844,205,paraphrase,-1,0.048023786,0.10891793,0.9759884,72.06475,0.009259747
1845,205,translate,-1,0.04768916,0.10815899,0.9761555,72.0645,0.013343923
1846,205,polarity,-1,0.04480367,0.101614706,0.9775985,72.05229,0.007582826
1847,205,vocab,-1,0.12732208,0.2887664,0.9363391,71.99282,0.14995861
1848,205,cat,-1,0.33433765,0.75827765,0.83283144,72.10631,0.6581542
1849,205,shuffle,-1,0.046877142,0.106317334,0.9765617,72.03137,0.012518715
1850,205,unrelated,79,0.74541837,1.6906085,0.6272909,72.34178,1.617463
1851,205,unrelated_token,79,0.71502554,1.6216776,0.64248735,72.18331,1.5353287
1852,206,orig,-1,0.061976273,0.14056216,0.9690122,71.896614,0.0
1853,206,paraphrase,-1,0.06357907,0.1441973,0.96821076,71.91674,0.008729
1854,206,translate,-1,0.06151251,0.13951035,0.9692441,71.90182,0.004448674
1855,206,polarity,-1,0.060296874,0.13675329,0.9698518,71.93393,0.0047494383
1856,206,vocab,-1,0.12595607,0.2856683,0.9370221,71.74454,0.14866078
1857,206,cat,-1,0.47707334,1.0820022,0.7614635,71.71247,0.96379286
1858,206,shuffle,-1,0.06652542,0.15087962,0.96673757,71.92465,0.020202415
1859,206,unrelated,83,0.676247,1.5337279,0.661877,72.01134,1.4822184
1860,206,unrelated_token,83,0.5410682,1.2271425,0.72946614,72.021935,1.0606052
1861,207,orig,-1,0.060539644,0.13730389,0.9697302,72.08829,0.0
1862,207,paraphrase,-1,0.06349734,0.14401194,0.96825147,72.07768,0.006515039
1863,207,translate,-1,0.06810981,0.15447302,0.9659449,72.08443,0.009156787
1864,207,polarity,-1,0.06989579,0.15852362,0.9650523,72.07746,0.0061721704
1865,207,vocab,-1,0.17877007,0.40545043,0.9106153,72.04969,0.2126463
1866,207,cat,-1,0.550576,1.2487061,0.7247123,71.905235,1.1371496
1867,207,shuffle,-1,0.06253455,0.14182833,0.96873295,72.083916,0.0013432064
1868,207,unrelated,126,0.8182502,1.8557911,0.5908751,72.19012,1.8078564
1869,207,unrelated_token,126,0.7261385,1.6468817,0.63693124,71.05169,1.5571636
1870,208,orig,-1,0.05744456,0.13028423,0.97127783,71.94081,0.0
1871,208,paraphrase,-1,0.06457361,0.14645292,0.9677134,71.9244,0.0064656152
1872,208,translate,-1,0.062246628,0.14117533,0.9688769,71.9148,0.0069767334
1873,208,polarity,-1,0.05573508,0.12640715,0.9721328,71.93754,0.0035531186
1874,208,vocab,-1,0.09725724,0.22057939,0.9513717,71.87916,0.057439737
1875,208,cat,-1,0.46052456,1.0444695,0.7697378,71.68579,0.87598896
1876,208,shuffle,-1,0.06869314,0.155796,0.96565354,71.89027,0.033623785
1877,208,unrelated,9,0.78132653,1.7720482,0.609337,71.73064,1.5992185
1878,208,unrelated_token,9,0.72686917,1.648539,0.6365657,71.64283,1.4740149
1879,209,orig,-1,0.061258823,0.13893498,0.9693709,72.10391,0.0
1880,209,paraphrase,-1,0.06730319,0.1526436,0.9663487,72.09125,0.00913114
1881,209,translate,-1,0.07422499,0.16834225,0.962888,72.07477,0.014457221
1882,209,polarity,-1,0.06345103,0.1439069,0.96827483,72.115234,0.0045502787
1883,209,vocab,-1,0.31680065,0.7185037,0.8416002,71.869156,0.5021363
1884,209,cat,-1,0.35239938,0.79924166,0.82380074,71.961044,0.71335894
1885,209,shuffle,-1,0.063956484,0.14505328,0.9680221,72.11029,0.0036287212
1886,209,unrelated,248,0.72411793,1.6422992,0.63794154,71.99217,1.4833306
1887,209,unrelated_token,248,0.5986151,1.3576589,0.7006927,71.91332,1.1891518
1888,210,orig,-1,0.03646358,0.08269939,0.9817684,71.863846,0.0
1889,210,paraphrase,-1,0.039442055,0.08945456,0.98027915,71.85417,0.007372681
1890,210,translate,-1,0.041051332,0.0931044,0.97947454,71.86106,0.014261182
1891,210,polarity,-1,0.038160473,0.08654793,0.9809199,71.86125,0.004674113
1892,210,vocab,-1,0.08431675,0.19123036,0.95784193,71.813286,0.10298657
1893,210,cat,-1,0.34891883,0.79134774,0.8255408,71.89651,0.7399887
1894,210,shuffle,-1,0.046048976,0.10443906,0.9769757,71.85215,0.019740045
1895,210,unrelated,193,0.7276007,1.6501981,0.6361999,71.87204,1.6108539
1896,210,unrelated_token,193,0.5851247,1.3270625,0.70743763,71.979996,1.284841
1897,211,orig,-1,0.23190415,0.5259585,0.8840481,72.155655,0.0
1898,211,paraphrase,-1,0.22762945,0.5162635,0.88618547,72.13449,0.0099398345
1899,211,translate,-1,0.24128392,0.54723185,0.8793582,72.12503,0.018511692
1900,211,polarity,-1,0.24039885,0.5452245,0.87980074,72.16615,0.005417153
1901,211,vocab,-1,0.2793172,0.6334913,0.8603415,71.97572,0.26184455
1902,211,cat,-1,0.54791886,1.2426797,0.7260406,71.87217,0.92466533
1903,211,shuffle,-1,0.22788243,0.51683724,0.8860591,72.14225,0.005595702
1904,211,unrelated,154,1.016825,2.3061585,0.49158767,71.60874,2.0466123
1905,211,unrelated_token,154,1.0003207,2.2687268,0.49983978,71.596436,2.0174546
1906,212,orig,-1,0.10589971,0.24018049,0.9470506,72.37022,0.0
1907,212,paraphrase,-1,0.10945706,0.24824856,0.9452721,72.36468,0.010270675
1908,212,translate,-1,0.11063437,0.25091872,0.9446831,72.32725,0.014416962
1909,212,polarity,-1,0.10913435,0.24751666,0.945433,72.38033,0.0060243243
1910,212,vocab,-1,0.24646387,0.5589799,0.8767684,72.11527,0.2690797
1911,212,cat,-1,0.63558805,1.4415134,0.6822063,72.056046,1.3308547
1912,212,shuffle,-1,0.11810917,0.26787153,0.9409456,72.293724,0.04161335
1913,212,unrelated,143,1.0101974,2.2911272,0.49490178,72.01991,2.118717
1914,212,unrelated_token,143,0.69546217,1.5773079,0.6522692,71.93384,1.4100405
1915,213,orig,-1,0.12679894,0.28757995,0.93660104,72.26324,0.0
1916,213,paraphrase,-1,0.12594888,0.28565198,0.9370261,72.23894,0.010044188
1917,213,translate,-1,0.11988928,0.27190885,0.9400556,72.20806,0.022942979
1918,213,polarity,-1,0.13320005,0.30209765,0.9334005,72.25276,0.011194719
1919,213,vocab,-1,0.20653072,0.4684116,0.89673537,72.061035,0.19335599
1920,213,cat,-1,0.4902215,1.1118221,0.7548897,71.875374,0.98233426
1921,213,shuffle,-1,0.13510948,0.30642825,0.93244547,72.17532,0.04044829
1922,213,unrelated,124,1.091963,2.4765718,0.45401904,72.06993,2.472034
1923,213,unrelated_token,124,0.9827978,2.228985,0.5086016,71.97133,2.2121704
1924,214,orig,-1,0.06733977,0.15272658,0.96633047,71.9337,0.0
1925,214,paraphrase,-1,0.06686088,0.15164044,0.96656996,71.9234,0.003327898
1926,214,translate,-1,0.074026056,0.16789106,0.96298724,71.89751,0.010122165
1927,214,polarity,-1,0.068478465,0.15530913,0.9657611,71.930046,0.005889614
1928,214,vocab,-1,0.3369907,0.7642948,0.8315048,71.735466,0.634537
1929,214,cat,-1,0.41571307,0.94283706,0.7921438,71.80257,0.79738885
1930,214,shuffle,-1,0.07404418,0.16793217,0.96297824,71.93403,0.010078236
1931,214,unrelated,135,0.876657,1.9882578,0.5616717,72.13319,1.8831762
1932,214,unrelated_token,135,0.73548424,1.668078,0.6322582,71.84652,1.5672696
1933,215,orig,-1,0.14597456,0.33107024,0.9270129,71.944916,0.0
1934,215,paraphrase,-1,0.15629761,0.35448292,0.9218516,71.89663,0.02454277
1935,215,translate,-1,0.15259169,0.3460779,0.92370427,71.92552,0.020781152
1936,215,polarity,-1,0.15017764,0.34060282,0.9249113,71.95712,0.009291914
1937,215,vocab,-1,0.22381744,0.50761783,0.8880914,71.84622,0.2435917
1938,215,cat,-1,0.47109264,1.0684379,0.76445407,72.04823,0.81486213
1939,215,shuffle,-1,0.16638814,0.3773682,0.9168061,71.96783,0.05637439
1940,215,unrelated,220,0.6649586,1.5081258,0.66752094,71.87914,1.2383661
1941,215,unrelated_token,220,0.557757,1.2649927,0.7211218,71.84133,1.0108157
1942,216,orig,-1,0.07035865,0.15957339,0.964821,71.79958,0.0
1943,216,paraphrase,-1,0.092264935,0.20925683,0.95386773,71.75526,0.020783657
1944,216,translate,-1,0.09388062,0.21292122,0.95306015,71.76062,0.024036815
1945,216,polarity,-1,0.0806072,0.18281709,0.9596968,71.78459,0.0063983975
1946,216,vocab,-1,0.114823654,0.26042,0.94258827,71.67715,0.10015667
1947,216,cat,-1,0.49359888,1.119482,0.75320077,71.83344,0.98485905
1948,216,shuffle,-1,0.09128676,0.20703834,0.954357,71.76568,0.024770984
1949,216,unrelated,243,0.8832146,2.0031302,0.55839294,72.10323,1.9673631
1950,216,unrelated_token,243,0.7184456,1.6294343,0.64077765,71.965744,1.6018047
1951,217,orig,-1,0.058522582,0.13272919,0.97073895,71.981346,0.0
1952,217,paraphrase,-1,0.063502535,0.14402372,0.96824884,71.94687,0.008090471
1953,217,translate,-1,0.06776192,0.153684,0.96611917,71.955666,0.009834576
1954,217,polarity,-1,0.06417143,0.14554079,0.9679143,72.00054,0.006123246
1955,217,vocab,-1,0.17228535,0.3907431,0.91385764,71.836075,0.27535877
1956,217,cat,-1,0.35242587,0.79930174,0.82378715,71.84764,0.6540983
1957,217,shuffle,-1,0.06045582,0.13711378,0.96977234,72.00387,0.02198684
1958,217,unrelated,228,0.8253023,1.8717853,0.58734906,71.83927,1.72589
1959,217,unrelated_token,228,0.7747067,1.7570345,0.6126468,71.66064,1.5962687
1960,218,orig,-1,0.1029534,0.23349826,0.9485237,72.024925,0.0
1961,218,paraphrase,-1,0.10558541,0.23946767,0.9472075,71.991745,0.00744716
1962,218,translate,-1,0.10541014,0.23907015,0.9472954,71.970276,0.012374694
1963,218,polarity,-1,0.10437741,0.23672792,0.9478119,72.0078,0.007620345
1964,218,vocab,-1,0.26072374,0.59132135,0.8696386,71.99203,0.33707458
1965,218,cat,-1,0.36330009,0.8239644,0.8183505,72.07751,0.6651293
1966,218,shuffle,-1,0.12637505,0.28661856,0.9368127,71.931206,0.036470983
1967,218,unrelated,66,0.89268446,2.024608,0.553658,72.165825,1.9109538
1968,218,unrelated_token,66,0.7181655,1.6287991,0.64091766,72.04307,1.516542
1969,219,orig,-1,0.12348477,0.2800634,0.9382578,71.81257,0.0
1970,219,paraphrase,-1,0.119958356,0.2720655,0.9400209,71.81841,0.017312802
1971,219,translate,-1,0.12521605,0.28398994,0.9373919,71.82985,0.012315708
1972,219,polarity,-1,0.12544893,0.28451812,0.9372754,71.85361,0.011792363
1973,219,vocab,-1,0.15608552,0.35400188,0.9219575,71.84981,0.062482826
1974,219,cat,-1,0.39695624,0.90029657,0.8015219,71.85048,0.7163427
1975,219,shuffle,-1,0.124115445,0.28149378,0.93794227,71.81577,0.0032735115
1976,219,unrelated,16,0.79086083,1.793672,0.6045699,72.08029,1.6615561
1977,219,unrelated_token,16,0.70207137,1.5922976,0.6489644,72.06173,1.4376518
1978,220,orig,-1,0.05890278,0.13359149,0.9705488,71.87914,0.0
1979,220,paraphrase,-1,0.061305303,0.1390404,0.9693476,71.88805,0.007955823
1980,220,translate,-1,0.060408123,0.1370056,0.9697961,71.866035,0.007598272
1981,220,polarity,-1,0.060826056,0.13795346,0.96958715,71.87929,0.004216049
1982,220,vocab,-1,0.10657585,0.24171397,0.9467123,71.824135,0.13762839
1983,220,cat,-1,0.42621058,0.9666454,0.78689486,71.78023,0.8549383
1984,220,shuffle,-1,0.071127415,0.16131695,0.96443653,71.87889,0.023349687
1985,220,unrelated,239,0.72993624,1.655495,0.63503194,72.25031,1.6129193
1986,220,unrelated_token,239,0.6098742,1.3831944,0.6950633,72.44588,1.3044786
1987,221,orig,-1,0.11685357,0.26502386,0.94157314,71.94153,0.0
1988,221,paraphrase,-1,0.11830823,0.268323,0.94084615,71.9353,0.0058804215
1989,221,translate,-1,0.123475075,0.28004143,0.9382625,71.94117,0.0072378325
1990,221,polarity,-1,0.1258477,0.28542253,0.93707615,71.94117,0.008463968
1991,221,vocab,-1,0.12892829,0.2924093,0.93553597,71.89398,0.045168683
1992,221,cat,-1,0.43449602,0.9854368,0.7827519,71.79457,0.7281808
1993,221,shuffle,-1,0.13857347,0.31428456,0.93071353,71.95062,0.038568664
1994,221,unrelated,42,0.77216995,1.7512811,0.6139152,72.01184,1.5530814
1995,221,unrelated_token,42,0.6529091,1.4807975,0.67354566,71.872986,1.2028527
1996,222,orig,-1,0.084118344,0.19078037,0.9579408,72.019035,0.0
1997,222,paraphrase,-1,0.08497554,0.19272448,0.9575124,72.00463,0.0038048618
1998,222,translate,-1,0.08602437,0.19510323,0.9569878,71.99154,0.0112423375
1999,222,polarity,-1,0.09066155,0.20562035,0.95466936,72.022026,0.009770054
2000,222,vocab,-1,0.21087083,0.47825494,0.8945647,71.86173,0.33496305
2001,222,cat,-1,0.37795737,0.8572072,0.81102145,71.99776,0.66901207
2002,222,shuffle,-1,0.09028371,0.20476341,0.9548582,71.993034,0.0164023
2003,222,unrelated,11,0.77009976,1.746586,0.61495036,72.16564,1.6903187
2004,222,unrelated_token,11,0.5205797,1.1806746,0.7397103,72.10099,1.1667469
2005,223,orig,-1,0.06996171,0.15867314,0.96501946,71.96954,0.0
2006,223,paraphrase,-1,0.0742947,0.16850035,0.9628525,71.9744,0.007928753
2007,223,translate,-1,0.073303446,0.16625218,0.9633484,72.01168,0.011227294
2008,223,polarity,-1,0.07160912,0.16240944,0.96419567,71.988434,0.0046357904
2009,223,vocab,-1,0.104175135,0.23626916,0.94791245,71.981316,0.1002583
2010,223,cat,-1,0.2871262,0.65120214,0.85643715,71.852806,0.47640553
2011,223,shuffle,-1,0.07174441,0.1627163,0.964128,71.95614,0.01343459
2012,223,unrelated,237,0.80634403,1.8287879,0.5968284,72.016785,1.7363434
2013,223,unrelated_token,237,0.39640906,0.8990556,0.80179566,71.96276,0.8138255
2014,224,orig,-1,0.12543991,0.28449768,0.9372804,72.12833,0.0
2015,224,paraphrase,-1,0.11596821,0.26301587,0.94201624,72.09739,0.012144097
2016,224,translate,-1,0.12086127,0.2741133,0.9395698,72.11109,0.015126605
2017,224,polarity,-1,0.122738525,0.27837092,0.93863094,72.0946,0.046923883
2018,224,vocab,-1,0.1588564,0.36028627,0.92057216,72.11859,0.045894455
2019,224,cat,-1,0.49203482,1.1159347,0.7539828,72.06551,0.80922014
2020,224,shuffle,-1,0.122230515,0.27721876,0.9388851,72.037926,0.102597155
2021,224,unrelated,169,0.7396456,1.6775159,0.63017756,71.84538,1.4951442
2022,225,orig,-1,0.110261485,0.250073,0.94486946,72.04606,0.0
2023,225,paraphrase,-1,0.108662985,0.24644761,0.9456689,72.03092,0.009934527
2024,225,translate,-1,0.11839046,0.2685095,0.9408051,72.033554,0.013095284
2025,225,polarity,-1,0.11146454,0.2528015,0.9442681,72.077896,0.003307337
2026,225,vocab,-1,0.15955754,0.36187643,0.9202215,71.9916,0.09034202
2027,225,cat,-1,0.46570468,1.056218,0.7671477,72.070946,0.86386096
2028,225,shuffle,-1,0.112834595,0.25590882,0.94358313,72.044815,0.0019208636
2029,225,unrelated,197,0.7949732,1.8029989,0.60251373,72.01452,1.6517813
2030,225,unrelated_token,197,0.78409696,1.7783315,0.6079518,72.14841,1.598817
2031,226,orig,-1,0.12946044,0.2936162,0.93527,72.441086,0.0
2032,226,paraphrase,-1,0.13243935,0.30037236,0.9337807,72.41143,0.014875485
2033,226,translate,-1,0.13906929,0.3154091,0.93046576,72.41205,0.01960183
2034,226,polarity,-1,0.15677981,0.35557655,0.92161053,72.34348,0.027873112
2035,226,vocab,-1,0.6895688,1.5639417,0.65521604,71.9314,1.0865452
2036,226,cat,-1,0.8000823,1.8145864,0.59995925,71.73212,1.5001035
2037,226,shuffle,-1,0.15492906,0.35137904,0.92253584,72.45459,0.029041791
2038,226,unrelated,107,1.3378454,3.0342329,0.3310777,71.872116,2.7660046
2039,226,unrelated_token,107,1.1688817,2.6510231,0.41555944,71.80032,2.2847428
2040,227,orig,-1,0.123626396,0.2803846,0.9381872,71.97875,0.0
2041,227,paraphrase,-1,0.12045801,0.2731987,0.9397713,71.97261,0.013829226
2042,227,translate,-1,0.13937062,0.3160925,0.930315,71.973175,0.027997302
2043,227,polarity,-1,0.12873268,0.29196566,0.9356341,71.95674,0.015687369
2044,227,vocab,-1,0.24568026,0.5572027,0.8771602,71.84738,0.23993358
2045,227,cat,-1,0.39509648,0.89607865,0.8024521,71.950165,0.68458223
2046,227,shuffle,-1,0.1547681,0.35101396,0.9226161,71.90684,0.0628066
2047,227,unrelated,234,0.77380145,1.7549813,0.6130996,72.05628,1.5884149
2048,227,unrelated_token,234,0.59488404,1.3491968,0.7025582,71.99575,1.1463596
2049,228,orig,-1,0.071839765,0.16293256,0.9640802,71.83927,0.0
2050,228,paraphrase,-1,0.07673717,0.17403987,0.96163166,71.848274,0.0056650313
2051,228,translate,-1,0.073478736,0.16664974,0.9632608,71.837906,0.010217559
2052,228,polarity,-1,0.07942419,0.18013403,0.9602881,71.84336,0.014123039
2053,228,vocab,-1,0.23805575,0.5399103,0.8809723,71.60763,0.32935405
2054,228,cat,-1,0.3383775,0.76744,0.8308114,71.7237,0.5524266
2055,228,shuffle,-1,0.07344819,0.16658045,0.96327627,71.84868,0.0025527976
2056,228,unrelated,179,0.7249616,1.6442125,0.6375196,72.03771,1.4515194
2057,228,unrelated_token,179,0.652669,1.480253,0.67366576,71.70929,1.2774982
2058,229,orig,-1,0.0952876,0.21611223,0.9523566,71.91431,0.0
2059,229,paraphrase,-1,0.10100491,0.2290791,0.9494977,71.89619,0.004169561
2060,229,translate,-1,0.09959952,0.22589166,0.9502005,71.90308,0.010508295
2061,229,polarity,-1,0.100335516,0.22756091,0.9498324,71.91034,0.008833936
2062,229,vocab,-1,0.17259118,0.39143673,0.91370493,71.81286,0.12512812
2063,229,cat,-1,0.4870832,1.1047045,0.7564586,71.73881,0.83395207
2064,229,shuffle,-1,0.09365107,0.21240059,0.9531746,71.90572,0.0022516914
2065,229,unrelated,233,0.80951613,1.8359822,0.5952421,71.64245,1.7218434
2066,229,unrelated_token,233,0.7601845,1.7240982,0.6199081,71.63811,1.6089655
2067,230,orig,-1,0.10757744,0.2439856,0.94621164,71.58809,0.0
2068,230,paraphrase,-1,0.10813235,0.24524412,0.9459342,71.60438,0.007506819
2069,230,translate,-1,0.121712446,0.27604377,0.9391442,71.59364,0.022132127
2070,230,polarity,-1,0.122427665,0.27766588,0.93878657,71.53333,0.017340839
2071,230,vocab,-1,0.3858419,0.8750893,0.8070794,71.65016,0.5724642
2072,230,cat,-1,0.15074952,0.34189984,0.9246257,71.61216,0.13107406
2073,230,shuffle,-1,0.11046084,0.25052515,0.9447702,71.57494,0.004186602
2074,230,unrelated,102,0.8897727,2.0180042,0.55511415,72.1262,1.8002738
2075,230,unrelated_token,102,0.80285656,1.8208784,0.598572,71.96138,1.5565282
2076,231,orig,-1,0.06323725,0.14342205,0.9683815,71.807495,0.0
2077,231,paraphrase,-1,0.06495006,0.1473067,0.9675253,71.791626,0.004135701
2078,231,translate,-1,0.06590297,0.14946792,0.9670487,71.79701,0.010021069
2079,231,polarity,-1,0.06747432,0.15303172,0.96626306,71.82187,0.009271093
2080,231,vocab,-1,0.07490393,0.16988207,0.9625482,71.779045,0.044874713
2081,231,cat,-1,0.51121944,1.1594455,0.7443903,71.89432,1.0713171
2082,231,shuffle,-1,0.067507714,0.15310746,0.9662463,71.80555,0.011403447
2083,231,unrelated,8,0.8294554,1.8812044,0.5852724,71.897255,1.8635899
2084,231,unrelated_token,8,0.6937832,1.5735,0.6531085,71.78846,1.5597669
2085,232,orig,-1,0.064633176,0.14658801,0.96768373,72.03039,0.0
2086,232,paraphrase,-1,0.06922592,0.15700436,0.96538734,72.03205,0.007882478
2087,232,translate,-1,0.07341801,0.16651201,0.9632913,72.053764,0.012350026
2088,232,polarity,-1,0.06890122,0.15626793,0.9655498,72.055084,0.005963492
2089,232,vocab,-1,0.1405665,0.31880474,0.92971694,71.99255,0.18233772
2090,232,cat,-1,0.3976659,0.9019061,0.80116755,71.96557,0.75576484
2091,232,shuffle,-1,0.0813686,0.18454395,0.95931596,72.05555,0.030004723
2092,232,unrelated,252,0.8678018,1.9681741,0.5660994,71.94472,1.8571823
2093,232,unrelated_token,252,0.74291384,1.6849283,0.62854356,71.8364,1.566681
2094,233,orig,-1,0.13465978,0.30540833,0.93267024,71.64245,0.0
2095,233,paraphrase,-1,0.12083212,0.2740472,0.9395842,71.68165,0.02739475
2096,233,translate,-1,0.14525154,0.32943043,0.9273745,71.62831,0.026965044
2097,233,polarity,-1,0.11663763,0.2645341,0.9416814,71.6553,0.022391962
2098,233,vocab,-1,0.43686476,0.9908091,0.7815677,71.57204,0.85815203
2099,233,cat,-1,0.1761091,0.39941537,0.9119457,71.68575,0.1688707
2100,233,shuffle,-1,0.14499933,0.3288584,0.92750055,71.62395,0.0068363277
2101,233,unrelated,223,0.7436412,1.6865779,0.6281797,71.96954,1.6409357
2102,233,unrelated_token,223,0.6914905,1.5683001,0.6542551,71.99162,1.4735966
2103,234,orig,-1,0.1535176,0.34817785,0.9232416,72.05628,0.0
2104,234,paraphrase,-1,0.15491262,0.35134175,0.9225439,72.050995,0.010854266
2105,234,translate,-1,0.14866449,0.337171,0.92566824,72.00017,0.03012439
2106,234,polarity,-1,0.14557463,0.33016318,0.9272131,72.07176,0.016867332
2107,234,vocab,-1,0.20434174,0.46344697,0.8978294,71.89574,0.19305001
2108,234,cat,-1,0.4429218,1.0045464,0.77853954,71.99662,0.7992461
2109,234,shuffle,-1,0.16202524,0.36747319,0.9189876,72.06717,0.027550852
2110,234,unrelated,145,0.8748493,1.9841579,0.5625758,71.86038,1.7473735
2111,234,unrelated_token,145,0.80387175,1.8231808,0.5980644,71.89078,1.6135545
2112,235,orig,-1,0.06458339,0.1464751,0.9677087,72.039505,0.0
2113,235,paraphrase,-1,0.07133355,0.16178446,0.9643336,72.03522,0.0071405326
2114,235,translate,-1,0.06999851,0.15875658,0.9650012,72.04063,0.007934509
2115,235,polarity,-1,0.073836856,0.16746196,0.9630821,72.047356,0.0071775587
2116,235,vocab,-1,0.091357574,0.20719893,0.9543216,72.06624,0.07070902
2117,235,cat,-1,0.48800522,1.1067957,0.7559978,71.90698,1.0022418
2118,235,shuffle,-1,0.07449436,0.16895318,0.9627534,72.02394,0.020213343
2119,235,unrelated,172,0.67109925,1.5220528,0.66445076,71.94425,1.3689449
2120,235,unrelated_token,172,0.57605827,1.3064998,0.71197146,71.8875,1.1873016
2121,236,orig,-1,0.07352765,0.16676067,0.96323663,72.22399,0.0
2122,236,paraphrase,-1,0.06956655,0.1577769,0.9652171,72.20259,0.005919918
2123,236,translate,-1,0.0792055,0.17963803,0.9603979,72.21767,0.0057284543
2124,236,polarity,-1,0.0725252,0.16448712,0.96373796,72.235085,0.010901902
2125,236,vocab,-1,0.10185498,0.23100705,0.94907284,72.1732,0.0826136
2126,236,cat,-1,0.5055083,1.1464926,0.74724615,72.05147,1.1081007
2127,236,shuffle,-1,0.08587828,0.1947719,0.95706123,72.23812,0.012496575
2128,236,unrelated,224,0.7489017,1.6985087,0.6255496,72.12833,1.5313321
2129,236,unrelated_token,224,0.74869597,1.6980422,0.6256523,72.24819,1.4997218
2130,237,orig,-1,0.0781405,0.17722261,0.9609302,72.016785,0.0
2131,237,paraphrase,-1,0.0794078,0.18009686,0.9602966,72.004906,0.0033512856
2132,237,translate,-1,0.081988886,0.18595076,0.9590057,71.966484,0.009979796
2133,237,polarity,-1,0.081081145,0.183892,0.9594597,72.03369,0.004819112
2134,237,vocab,-1,0.08722083,0.1978168,0.95638984,72.00193,0.067131974
2135,237,cat,-1,0.50727934,1.1505094,0.7463606,71.77607,1.1878335
2136,237,shuffle,-1,0.09649627,0.21885349,0.95175207,72.01182,0.01580271
2137,237,unrelated,181,0.85744363,1.9446818,0.5712785,71.92827,1.9734881
2138,237,unrelated_token,181,0.7409165,1.6803982,0.629542,71.827484,1.7324619
2139,238,orig,-1,0.06461818,0.146554,0.96769124,71.96705,0.0
2140,238,paraphrase,-1,0.06395014,0.14503889,0.96802515,71.98238,0.005057134
2141,238,translate,-1,0.06810071,0.15445238,0.96595013,71.954185,0.010203825
2142,238,polarity,-1,0.06848012,0.15531288,0.9657604,71.99799,0.010362052
2143,238,vocab,-1,0.09476447,0.21492578,0.95261794,71.97103,0.059654206
2144,238,cat,-1,0.52473605,1.1901011,0.7376322,71.70944,1.0430586
2145,238,shuffle,-1,0.08881315,0.20142817,0.9555936,71.96302,0.050360437
2146,238,unrelated,96,0.94656676,2.146813,0.52671677,72.1081,2.0540993
2147,238,unrelated_token,96,0.8193773,1.8583474,0.5903119,71.79672,1.7267973
2148,239,orig,-1,0.047686998,0.10815409,0.9761567,72.25031,0.0
2149,239,paraphrase,-1,0.053706586,0.12180652,0.97314703,72.22488,0.00795835
2150,239,translate,-1,0.052996885,0.12019691,0.9735019,72.247696,0.0067325714
2151,239,polarity,-1,0.04815672,0.10921942,0.97592187,72.25662,0.0032986202
2152,239,vocab,-1,0.101469174,0.23013204,0.94926566,72.20088,0.092578314
2153,239,cat,-1,0.4578573,1.0384202,0.7710716,72.06604,0.9156068
2154,239,shuffle,-1,0.047725152,0.10824063,0.9761377,72.2492,0.011540966
2155,239,unrelated,114,0.695039,1.5763481,0.65248066,72.05462,1.5374547
2156,239,unrelated_token,114,0.6536272,1.4824263,0.67318654,71.97683,1.4471596
2157,240,orig,-1,0.07867614,0.17843746,0.9606624,71.9097,0.0
2158,240,paraphrase,-1,0.079035744,0.17925303,0.96048254,71.89726,0.008648516
2159,240,translate,-1,0.0826803,0.18751888,0.9586601,71.88547,0.011774377
2160,240,polarity,-1,0.08192547,0.18580692,0.95903766,71.91727,0.0030021651
2161,240,vocab,-1,0.1314035,0.2980231,0.9342986,71.87716,0.113124125
2162,240,cat,-1,0.26062098,0.5910883,0.86969006,71.62973,0.5242489
2163,240,shuffle,-1,0.07993857,0.18130064,0.9600313,71.90957,0.0020641575
2164,240,unrelated,163,0.8834125,2.0035791,0.55829436,71.873604,1.9962974
2165,240,unrelated_token,163,0.7556056,1.7137132,0.62219775,71.37878,1.6715759
2166,241,orig,-1,0.14934847,0.33872226,0.9253261,72.12821,0.0
2167,241,paraphrase,-1,0.14983305,0.3398213,0.9250837,72.09579,0.014268939
2168,241,translate,-1,0.15136819,0.34330297,0.92431617,72.11962,0.021457832
2169,241,polarity,-1,0.16679807,0.37829795,0.9166013,72.11083,0.026952261
2170,241,vocab,-1,0.31076115,0.70480615,0.84461975,71.9236,0.3640216
2171,241,cat,-1,0.22691302,0.5146386,0.88654375,72.037575,0.1659053
2172,241,shuffle,-1,0.15119337,0.34290648,0.9244036,72.14059,0.0045783534
2173,241,unrelated,57,1.0182321,2.30935,0.4908844,72.23508,2.0605526
2174,241,unrelated_token,57,1.0124514,2.2962394,0.49377483,72.06427,2.0451188
2175,242,orig,-1,0.042801928,0.097074755,0.9785991,72.18812,0.0
2176,242,paraphrase,-1,0.056727,0.1286568,0.9716367,72.173935,0.016761942
2177,242,translate,-1,0.051903,0.11771598,0.9740487,72.19134,0.007406653
2178,242,polarity,-1,0.045337252,0.10282487,0.9773315,72.21346,0.005039681
2179,242,vocab,-1,0.093530364,0.21212682,0.9532349,72.13158,0.08238353
2180,242,cat,-1,0.4738117,1.0746047,0.7630944,71.91315,1.0358204
2181,242,shuffle,-1,0.051266335,0.116272025,0.97436696,72.17518,0.026070451
2182,242,unrelated,61,0.8676673,1.967869,0.5661663,72.29781,1.9496641
2183,242,unrelated_token,61,0.5804654,1.3164952,0.7097675,71.91403,1.2709736
2184,243,orig,-1,0.05986616,0.13577643,0.97006714,72.10323,0.0
2185,243,paraphrase,-1,0.06231283,0.14132547,0.96884406,72.088585,0.006157679
2186,243,translate,-1,0.078266166,0.17750762,0.9608674,72.093254,0.028097799
2187,243,polarity,-1,0.068102725,0.15445694,0.965949,72.08821,0.010649089
2188,243,vocab,-1,0.41153464,0.9333604,0.79423314,71.89865,0.73631495
2189,243,cat,-1,0.41051635,0.9310509,0.79474205,72.028114,0.7850028
2190,243,shuffle,-1,0.073209666,0.1660395,0.9633954,72.07522,0.019968612
2191,243,unrelated,40,0.85513765,1.9394518,0.57243145,71.73032,1.7875084
2192,243,unrelated_token,40,0.64803517,1.4697435,0.6759828,71.98371,1.3025175
2193,244,orig,-1,0.16514252,0.37454316,0.91742915,71.94676,0.0
2194,244,paraphrase,-1,0.1755607,0.39817157,0.9122199,71.95376,0.029208107
2195,244,translate,-1,0.1755854,0.39822763,0.9122074,71.97143,0.021805756
2196,244,polarity,-1,0.17868212,0.40525097,0.9106592,71.905014,0.032789703
2197,244,vocab,-1,0.24376512,0.5528592,0.8781178,71.85943,0.16761877
2198,244,cat,-1,0.31722134,0.71945786,0.8413898,71.68423,0.41861695
2199,244,shuffle,-1,0.17695625,0.4013367,0.9115223,71.92641,0.016893059
2200,244,unrelated,85,0.91988164,2.086291,0.5400597,72.03051,1.8945909
2201,244,unrelated_token,85,0.839358,1.9036635,0.58032125,72.254036,1.6197337
2202,245,orig,-1,0.07213062,0.16359222,0.9639351,71.97736,0.0
2203,245,paraphrase,-1,0.078048,0.17701283,0.9609765,72.00262,0.01317722
2204,245,translate,-1,0.07813692,0.1772145,0.96093196,71.978645,0.008570355
2205,245,polarity,-1,0.07475449,0.16954315,0.962623,72.003784,0.0057476973
2206,245,vocab,-1,0.13983436,0.31714427,0.93008304,72.02021,0.1171478
2207,245,cat,-1,0.32146224,0.7290762,0.8392692,72.02353,0.6452596
2208,245,shuffle,-1,0.0879966,0.19957626,0.9560021,72.0852,0.047345158
2209,245,unrelated,178,0.82277125,1.8660449,0.58861506,71.903534,1.7851734
2210,245,unrelated_token,178,0.76107395,1.7261153,0.61946344,72.00936,1.5537837
2211,246,orig,-1,0.07652121,0.17355007,0.96173966,72.02757,0.0
2212,246,paraphrase,-1,0.0775442,0.17587021,0.9612283,72.01558,0.005580059
2213,246,translate,-1,0.07836879,0.17774038,0.96081614,72.03706,0.008190645
2214,246,polarity,-1,0.077973485,0.17684382,0.9610138,72.04591,0.0023404772
2215,246,vocab,-1,0.086225055,0.19555838,0.9568879,72.01763,0.03479913
2216,246,cat,-1,0.46481496,1.0542002,0.767593,71.73648,0.8742606
2217,246,shuffle,-1,0.09082995,0.2060023,0.9545855,72.01457,0.019612202
2218,246,unrelated,49,0.72556007,1.6455699,0.6372205,71.80059,1.4676087
2219,246,unrelated_token,49,0.6068765,1.3763956,0.69656223,71.88323,1.2141043
2220,247,orig,-1,0.07338718,0.1664421,0.9633068,71.77908,0.0
2221,247,paraphrase,-1,0.079806216,0.18100046,0.9600972,71.73212,0.013208754
2222,247,translate,-1,0.078000456,0.176905,0.96100026,71.79137,0.011194046
2223,247,polarity,-1,0.07932485,0.17990872,0.960338,71.79016,0.007853964
2224,247,vocab,-1,0.19239391,0.4363493,0.90380347,71.89938,0.278765
2225,247,cat,-1,0.46473423,1.0540171,0.7676333,71.769,0.8943433
2226,247,shuffle,-1,0.08060162,0.18280444,0.95969975,71.76615,0.013435043
2227,247,unrelated,152,0.8301484,1.8827761,0.58492637,72.04984,1.7276846
2228,247,unrelated_token,152,0.6909258,1.5670193,0.65453756,71.92853,1.390029
2229,248,orig,-1,0.08116379,0.18407944,0.9594188,71.99217,0.0
2230,248,paraphrase,-1,0.08342933,0.18921769,0.9582857,71.97891,0.011132352
2231,248,translate,-1,0.084025376,0.19056952,0.95798767,71.98381,0.027202245
2232,248,polarity,-1,0.08530467,0.19347095,0.957348,71.998764,0.015312529
2233,248,vocab,-1,0.40504962,0.91865236,0.7974758,71.78554,0.72554225
2234,248,cat,-1,0.24667409,0.5594567,0.8766635,71.997185,0.3683288
2235,248,shuffle,-1,0.08507831,0.19295757,0.9574614,71.98196,0.01792261
2236,248,unrelated,0,0.67416906,1.5290152,0.66291577,72.08538,1.3716673
2237,248,unrelated_token,0,0.6690082,1.5173103,0.66549623,72.12161,1.3431762
2238,249,orig,-1,0.08164992,0.18518199,0.9591754,71.916664,0.0
2239,249,paraphrase,-1,0.08678655,0.19683187,0.95660734,71.90727,0.009274705
2240,249,translate,-1,0.090315476,0.20483546,0.95484275,71.91114,0.011692062
2241,249,polarity,-1,0.08405589,0.19063872,0.9579726,71.92572,0.00330064
2242,249,vocab,-1,0.1411535,0.32013607,0.92942363,71.813126,0.13287774
2243,249,cat,-1,0.47020736,1.0664301,0.7648967,71.79081,0.8879559
2244,249,shuffle,-1,0.08232292,0.18670835,0.9588388,71.919266,0.02245054
2245,249,unrelated,20,1.2307532,2.7913477,0.38462391,72.194,2.6404433
2246,249,unrelated_token,20,0.9434675,2.1397839,0.5282665,71.72937,1.9587497
2247,250,orig,-1,0.09123345,0.20691742,0.95438355,71.95708,0.0
2248,250,paraphrase,-1,0.09358896,0.21225972,0.95320565,71.93673,0.008914352
2249,250,translate,-1,0.097457334,0.22103319,0.9512716,71.94497,0.010498992
2250,250,polarity,-1,0.09792876,0.22210239,0.9510361,71.96095,0.008657306
2251,250,vocab,-1,0.13429128,0.30457255,0.9328547,71.90736,0.11867569
2252,250,cat,-1,0.40471348,0.91789,0.79764354,71.92629,0.7787833
2253,250,shuffle,-1,0.09472587,0.21483824,0.9526373,71.94524,0.005637977
2254,250,unrelated,166,0.62692887,1.4218744,0.68653595,71.996994,1.3494734
2255,250,unrelated_token,166,0.5628952,1.276646,0.71855277,71.97925,1.1969571
2256,251,orig,-1,0.124102995,0.28146553,0.93794876,71.89273,0.0
2257,251,paraphrase,-1,0.1272282,0.2885535,0.93638635,71.87275,0.011722857
2258,251,translate,-1,0.12567702,0.28503543,0.93716174,71.855606,0.012020783
2259,251,polarity,-1,0.12587188,0.28547737,0.9370645,71.907196,0.0077310605
2260,251,vocab,-1,0.19692746,0.4466314,0.9015365,71.87623,0.15364255
2261,251,cat,-1,0.33466727,0.7590252,0.83266664,71.78762,0.54443276
2262,251,shuffle,-1,0.13667968,0.30998945,0.9316605,71.86926,0.021171333
2263,251,unrelated,212,0.95380306,2.163225,0.5230988,72.37022,1.9984537
2264,251,unrelated_token,212,0.66442233,1.5069096,0.66778904,72.2524,1.2788376
2265,252,orig,-1,0.07502971,0.17016734,0.96248555,71.94472,0.0
2266,252,paraphrase,-1,0.079190984,0.17960511,0.96040505,71.90578,0.0065598176
2267,252,translate,-1,0.07656868,0.17365773,0.96171635,71.93828,0.009685977
2268,252,polarity,-1,0.07776816,0.17637816,0.9611163,71.95307,0.006580248
2269,252,vocab,-1,0.56695485,1.2858534,0.71652305,71.66986,1.0304699
2270,252,cat,-1,0.23570435,0.53457737,0.8821482,71.830795,0.34501165
2271,252,shuffle,-1,0.07486619,0.16979648,0.9625673,71.94398,0.0012786681
2272,252,unrelated,106,1.0632983,2.41156,0.46835148,71.89376,2.1662927
2273,252,unrelated_token,106,0.97767174,2.217359,0.51116455,71.924416,1.9974601
2274,253,orig,-1,0.0994032,0.22544642,0.95029867,71.9577,0.0
2275,253,paraphrase,-1,0.10224718,0.23189655,0.94887686,71.904274,0.023712464
2276,253,translate,-1,0.10106337,0.22921167,0.94946885,71.93925,0.013983122
2277,253,polarity,-1,0.10462227,0.23728326,0.9476891,71.95004,0.010340781
2278,253,vocab,-1,0.14989449,0.33996063,0.925053,71.81455,0.1870576
2279,253,cat,-1,0.2778494,0.63016236,0.8610756,71.89228,0.4127296
2280,253,shuffle,-1,0.13866183,0.31448498,0.93066937,71.86072,0.117179446
2281,253,unrelated,191,0.8048978,1.8255078,0.5975512,71.81527,1.6911408
2282,253,unrelated_token,191,0.7004575,1.5886374,0.6497716,71.80834,1.4853644
2283,254,orig,-1,0.062110387,0.14086632,0.9689454,71.91779,0.0
2284,254,paraphrase,-1,0.067675985,0.1534891,0.9661624,71.90447,0.008203244
2285,254,translate,-1,0.06820047,0.15467863,0.96590024,71.90005,0.010884056
2286,254,polarity,-1,0.061005555,0.13836057,0.9694978,71.932045,0.004872263
2287,254,vocab,-1,0.10662756,0.24183126,0.9466865,71.845,0.10471824
2288,254,cat,-1,0.45258155,1.0264548,0.77370936,71.84043,0.94025904
2289,254,shuffle,-1,0.060252,0.1366515,0.96987456,71.94636,0.010818473
2290,254,unrelated,99,0.8168869,1.8526992,0.59155685,72.03642,1.7530843
2291,254,unrelated_token,99,0.7306198,1.6570454,0.6346905,71.8642,1.5675569
2292,255,orig,-1,0.08698114,0.19727318,0.9565098,71.782036,0.0
2293,255,paraphrase,-1,0.0938591,0.2128724,0.9530708,71.761986,0.0076628267
2294,255,translate,-1,0.10010431,0.22703654,0.949948,71.73844,0.026965791
2295,255,polarity,-1,0.091177404,0.20679031,0.9544117,71.8023,0.009147123
2296,255,vocab,-1,0.16550818,0.37537247,0.9172463,71.82225,0.16462936
2297,255,cat,-1,0.43339682,0.9829438,0.7833019,71.889404,0.8375828
2298,255,shuffle,-1,0.121571325,0.2757237,0.9392145,71.79961,0.06016751
2299,255,unrelated,158,0.7963054,1.8060204,0.60184765,71.961205,1.7010773
2300,255,unrelated_token,158,0.6320504,1.43349,0.6839752,71.815384,1.3228263
2301,0,resample,1,0.067283854,0.15259975,0.9663585,72.03695,0.063341826
2302,1,resample,1,0.10995557,0.24937919,0.94502264,71.8987,0.061717026
2303,2,resample,1,0.07274113,0.16497685,0.9636297,71.99069,0.08021965
2304,3,resample,1,0.09387605,0.21291083,0.9530622,72.02737,0.06252682
2305,4,resample,1,0.0988819,0.2242641,0.9505595,71.893456,0.09035448
2306,5,resample,1,0.1712381,0.38836792,0.91438127,71.90996,0.0617946
2307,6,resample,1,0.044227555,0.100308076,0.9778863,71.90622,0.030137846
2308,7,resample,1,0.0901096,0.20436853,0.95494556,71.906525,0.18150367
2309,8,resample,1,0.14170289,0.3213821,0.92914903,71.88875,0.091987155
2310,9,resample,1,0.082100704,0.18620436,0.9589498,71.76018,0.084543794
2311,10,resample,1,0.17905335,0.4060929,0.9104736,71.77613,0.175631
2312,11,resample,1,0.07446291,0.16888185,0.962769,72.14709,0.04454848
2313,12,resample,1,0.067573376,0.15325639,0.9662134,72.097176,0.03792866
2314,13,resample,1,0.10989003,0.24923053,0.9450551,71.813286,0.07436252
2315,14,resample,1,0.05711655,0.12954031,0.97144204,72.01043,0.03758222
2316,15,resample,1,0.06351476,0.14405145,0.9682427,72.00333,0.03735767
2317,16,resample,1,0.102512956,0.23249933,0.948744,72.07724,0.05204201
2318,17,resample,1,0.09246763,0.20971654,0.95376664,71.98968,0.09956883
2319,18,resample,1,0.037976164,0.086129926,0.98101217,72.102486,0.034381703
2320,19,resample,1,0.124411404,0.28216502,0.9377947,71.948685,0.08320274
2321,20,resample,1,0.25501114,0.57836515,0.8724948,71.86139,0.2226548
2322,21,resample,1,0.13172206,0.29874557,0.93413925,71.759346,0.04972114
2323,22,resample,1,0.05781153,0.13111652,0.97109425,72.02447,0.03819609
2324,23,resample,1,0.15702516,0.35613298,0.9214877,71.8667,0.1923682
2325,24,resample,1,0.06768694,0.15351394,0.96615696,72.12533,0.053495217
2326,25,resample,1,0.14334482,0.325106,0.9283279,71.97368,0.099032424
2327,26,resample,1,0.09218927,0.20908521,0.9539056,71.80475,0.04787144
2328,27,resample,1,0.16796964,0.38095507,0.91601574,72.03979,0.054926816
2329,28,resample,1,0.0612392,0.13889048,0.9693805,71.91106,0.03505219
2330,29,resample,1,0.06160056,0.13971004,0.9692004,71.858955,0.025246682
2331,30,resample,1,0.104506336,0.23702033,0.94774735,72.089966,0.0518596
2332,31,resample,1,0.27212772,0.61718553,0.8639362,71.76787,0.09582257
2333,32,resample,1,0.059280854,0.13444895,0.9703602,71.986725,0.06572334
2334,33,resample,1,0.09675946,0.21945041,0.9516206,72.34321,0.052365452
2335,34,resample,1,0.2413561,0.5473955,0.8793224,71.608055,0.06186476
2336,35,resample,1,0.043909796,0.099587396,0.9780456,71.959526,0.036499333
2337,36,resample,1,0.07952077,0.18035308,0.96023995,72.068756,0.032208197
2338,37,resample,1,0.048510425,0.11002162,0.9757452,72.03989,0.023859052
2339,38,resample,1,0.12932758,0.2933149,0.93533653,71.920654,0.051892925
2340,39,resample,1,0.04395353,0.099686585,0.97802365,72.15769,0.042183824
2341,40,resample,1,0.05827251,0.13216203,0.970864,71.72789,0.031430606
2342,41,resample,1,0.0959201,0.21754675,0.95203984,71.79673,0.048159957
2343,42,resample,1,0.05599141,0.1269885,0.9720045,71.97836,0.02998048
2344,43,resample,1,0.074708715,0.16943933,0.9626462,71.99743,0.058501903
2345,44,resample,1,0.13698986,0.31069294,0.9315054,71.95029,0.13366212
2346,45,resample,1,0.05971538,0.13543445,0.9701426,71.92735,0.03932211
2347,46,resample,1,0.13876799,0.31472573,0.93061596,71.93393,0.10139794
2348,47,resample,1,0.07016073,0.15912451,0.9649199,71.86579,0.04502754
2349,48,resample,1,0.09896942,0.2244626,0.95051557,71.98962,0.052507907
2350,49,resample,1,0.09694418,0.21986936,0.9515281,71.84901,0.044817116
2351,50,resample,1,0.08445004,0.19153264,0.95777553,71.949776,0.038325254
2352,51,resample,1,0.1849735,0.4195198,0.90751344,71.897644,0.07075336
2353,52,resample,1,0.091354825,0.2071927,0.95432323,72.029495,0.07356151
2354,53,resample,1,0.13088618,0.29684982,0.9345572,71.96078,0.08541019
2355,54,resample,1,0.050358187,0.11421235,0.97482127,71.73835,0.024035232
2356,55,resample,1,0.074979305,0.17005304,0.9625107,71.95614,0.055269595
2357,56,resample,1,0.07682129,0.17423065,0.96158946,72.0564,0.039599035
2358,57,resample,1,0.07687401,0.17435022,0.9615636,72.351006,0.11333349
2359,58,resample,1,0.054022003,0.12252188,0.9729893,71.865395,0.05921894
2360,59,resample,1,0.102727875,0.23298678,0.94863665,71.86416,0.055639096
2361,60,resample,1,0.06754214,0.15318555,0.9662292,71.8628,0.049772445
2362,61,resample,1,0.07493161,0.16994485,0.9625344,72.27968,0.05341786
2363,62,resample,1,0.08263794,0.18742281,0.9586814,72.129845,0.04367562
2364,63,resample,1,0.049724925,0.11277611,0.97513807,72.0359,0.04282866
2365,0,resample,2,0.0795892,0.18050827,0.96020573,72.03483,0.06548389
2366,1,resample,2,0.08323367,0.18877393,0.9583838,71.95368,0.06346915
2367,2,resample,2,0.08265766,0.18746753,0.95867145,71.94568,0.04830531
2368,3,resample,2,0.0941575,0.21354917,0.9529217,71.992744,0.08531112
2369,4,resample,2,0.09586736,0.21742712,0.9520666,71.915695,0.061389964
2370,5,resample,2,0.16419736,0.37239954,0.9179015,71.897224,0.080432825
2371,6,resample,2,0.04233012,0.096004695,0.9788353,71.91574,0.020870322
2372,7,resample,2,0.11861535,0.26901957,0.9406926,71.78846,0.07846274
2373,8,resample,2,0.15951313,0.3617757,0.9202441,71.838425,0.07378413
2374,9,resample,2,0.074550204,0.16907983,0.96272504,71.786064,0.10173997
2375,10,resample,2,0.20908034,0.4741941,0.89546025,71.75348,0.116597444
2376,11,resample,2,0.069008805,0.15651193,0.9654962,72.1287,0.046466578
2377,12,resample,2,0.056773365,0.12876196,0.97161365,72.15082,0.030651215
2378,13,resample,2,0.11131313,0.25245813,0.9443436,71.775604,0.067886874
2379,14,resample,2,0.05003948,0.11348952,0.9749807,71.949844,0.028603187
2380,15,resample,2,0.06414668,0.14548464,0.9679266,71.97743,0.040820837
2381,16,resample,2,0.11184609,0.25366688,0.94407743,72.04038,0.06460707
2382,17,resample,2,0.08708587,0.19751072,0.95645744,72.080505,0.050660968
2383,18,resample,2,0.042552106,0.09650816,0.97872424,72.10314,0.030129824
2384,19,resample,2,0.13858925,0.31432036,0.9307056,71.96667,0.08768493
2385,20,resample,2,0.2152216,0.4881225,0.89238966,72.10166,0.17322333
2386,21,resample,2,0.1630741,0.369852,0.9184632,71.79967,0.053384844
2387,22,resample,2,0.079502426,0.18031147,0.9602489,72.00488,0.04359455
2388,23,resample,2,0.15626146,0.35440093,0.92186964,71.96749,0.1425201
2389,24,resample,2,0.06866641,0.15573539,0.9656673,72.05845,0.054005347
2390,25,resample,2,0.12172494,0.2760721,0.93913764,71.988464,0.04966731
2391,26,resample,2,0.086576365,0.19635516,0.9567122,71.79864,0.048062433
2392,27,resample,2,0.14475116,0.32829556,0.92762476,71.99546,0.05907184
2393,28,resample,2,0.0668517,0.15161963,0.96657467,71.89652,0.035363104
2394,29,resample,2,0.09584578,0.21737818,0.95207745,71.76107,0.07772433
2395,30,resample,2,0.1023396,0.23210618,0.94883066,72.06396,0.054510813
2396,31,resample,2,0.2516506,0.57074344,0.8741748,71.7287,0.09237397
2397,32,resample,2,0.060246013,0.13663793,0.9698778,71.945595,0.039644808
2398,33,resample,2,0.08004832,0.18154956,0.9599764,72.22718,0.054642152
2399,34,resample,2,0.22893849,0.5192324,0.8855311,71.49355,0.14874619
2400,35,resample,2,0.04684328,0.10624053,0.9765785,71.922806,0.049696498
2401,36,resample,2,0.06463847,0.14660002,0.96768105,72.06001,0.055564806
2402,37,resample,2,0.054442324,0.123475164,0.97277945,72.08045,0.039594363
2403,38,resample,2,0.16414419,0.37227896,0.91792816,71.88248,0.065956116
2404,39,resample,2,0.050027512,0.11346237,0.97498655,72.16356,0.052581258
2405,40,resample,2,0.055044405,0.124840684,0.9724781,71.720276,0.02801312
2406,41,resample,2,0.09450435,0.21433581,0.9527478,71.87232,0.055880867
2407,42,resample,2,0.0540766,0.122645706,0.9729617,71.95707,0.070646614
2408,43,resample,2,0.08871882,0.20121424,0.955641,72.02494,0.07541865
2409,44,resample,2,0.11981046,0.27173007,0.9400951,72.055786,0.07277314
2410,45,resample,2,0.061820645,0.1402092,0.9690901,71.943924,0.07421072
2411,46,resample,2,0.18287136,0.41475216,0.90856445,72.00222,0.26339155
2412,47,resample,2,0.068696715,0.15580411,0.96565175,71.77515,0.04581834
2413,48,resample,2,0.101337,0.22983228,0.94933176,72.00197,0.04337848
2414,49,resample,2,0.07657604,0.17367442,0.9617121,71.8202,0.048565846
2415,50,resample,2,0.08319684,0.1886904,0.9584021,71.9627,0.05787122
2416,51,resample,2,0.21036115,0.477099,0.89481974,71.990036,0.061708577
2417,52,resample,2,0.08787142,0.19929233,0.9560647,72.08595,0.04884953
2418,53,resample,2,0.1558977,0.35357592,0.9220513,71.95873,0.07313274
2419,54,resample,2,0.0810218,0.18375741,0.9594892,71.752266,0.091312855
2420,55,resample,2,0.048542786,0.11009502,0.9757289,72.02838,0.06214086
2421,56,resample,2,0.09747858,0.22108139,0.9512607,72.016396,0.044299036
2422,57,resample,2,0.07447226,0.16890307,0.9627643,72.321915,0.1064734
2423,58,resample,2,0.051804125,0.11749173,0.9740985,71.87855,0.039810784
2424,59,resample,2,0.09944132,0.22553287,0.95028,71.90035,0.061848257
2425,60,resample,2,0.09617552,0.21812604,0.95191246,71.94148,0.07050523
2426,61,resample,2,0.07389505,0.16759394,0.9630526,72.28193,0.056620717
2427,62,resample,2,0.10859909,0.24630268,0.94570076,72.14263,0.09780762
2428,63,resample,2,0.04872951,0.11051851,0.9756357,72.04231,0.03074706
2429,0,resample,3,0.091781065,0.20815942,0.95410985,72.004135,0.057013195
2430,1,resample,3,0.10045954,0.22784218,0.9497705,71.92522,0.051990516
2431,2,resample,3,0.08057155,0.18273623,0.9597145,72.04308,0.08253506
2432,3,resample,3,0.10518521,0.23856,0.94740754,72.04005,0.06569013
2433,4,resample,3,0.10460315,0.2372399,0.94769883,71.887825,0.058656078
2434,5,resample,3,0.16070718,0.3644838,0.91964656,71.88604,0.045546196
2435,6,resample,3,0.059936594,0.13593617,0.97003174,71.78489,0.051119454
2436,7,resample,3,0.08298838,0.18821761,0.9585061,71.850655,0.09596273
2437,8,resample,3,0.12903245,0.29264554,0.9354843,71.84453,0.06797321
2438,9,resample,3,0.079491675,0.18028708,0.96025443,71.75904,0.08033677
2439,10,resample,3,0.21651204,0.4910492,0.89174455,71.74568,0.17398919
2440,11,resample,3,0.074861184,0.16978513,0.9625701,72.200935,0.05174159
2441,12,resample,3,0.06495164,0.1473103,0.96752447,72.12079,0.012985653
2442,13,resample,3,0.091126695,0.2066753,0.9544368,71.89404,0.04992278
2443,14,resample,3,0.047778912,0.10836255,0.9761108,71.996025,0.028035494
2444,15,resample,3,0.07234066,0.16406858,0.9638299,72.01686,0.027781429
2445,16,resample,3,0.086969085,0.19724585,0.9565156,72.108955,0.07430898
2446,17,resample,3,0.09008698,0.20431723,0.9549569,72.04161,0.05594112
2447,18,resample,3,0.045008875,0.10208011,0.97749555,72.13185,0.02943358
2448,19,resample,3,0.12088148,0.27415916,0.9395595,72.01264,0.07815137
2449,20,resample,3,0.20401111,0.46269712,0.8979948,72.01214,0.20775303
2450,21,resample,3,0.13019444,0.29528093,0.9349031,71.77334,0.043380298
2451,22,resample,3,0.063181095,0.14329469,0.96840966,72.0523,0.040039334
2452,23,resample,3,0.15674561,0.35549897,0.9216274,71.97292,0.12096151
2453,24,resample,3,0.06522457,0.1479293,0.9673882,72.111206,0.022197705
2454,25,resample,3,0.13911599,0.315515,0.93044204,71.994675,0.16298947
2455,26,resample,3,0.11587189,0.2627974,0.9420644,71.76602,0.09630075
2456,27,resample,3,0.17999823,0.4082359,0.9100014,72.05005,0.060199615
2457,28,resample,3,0.067408845,0.15288323,0.96629584,71.849846,0.04321015
2458,29,resample,3,0.06593658,0.14954413,0.96703196,71.842766,0.028491471
2459,30,resample,3,0.10702507,0.24273282,0.94648784,72.110176,0.08028886
2460,31,resample,3,0.29947162,0.6792015,0.8502643,71.77513,0.11982151
2461,32,resample,3,0.051223446,0.11617475,0.97438896,71.93333,0.04407212
2462,33,resample,3,0.08817154,0.19997302,0.95591474,72.33559,0.0514087
2463,34,resample,3,0.23651485,0.5364156,0.8817431,71.61077,0.104357444
2464,35,resample,3,0.04832951,0.10961131,0.9758357,71.93186,0.04336945
2465,36,resample,3,0.09029181,0.20478179,0.9548543,72.06758,0.07173311
2466,37,resample,3,0.04579593,0.10386515,0.9771024,72.04298,0.03519909
2467,38,resample,3,0.13286039,0.30132732,0.9335704,71.892204,0.05864758
2468,39,resample,3,0.06790686,0.15401272,0.96604687,72.19264,0.05341178
2469,40,resample,3,0.054793913,0.12427257,0.9726033,71.75909,0.030458178
2470,41,resample,3,0.08937593,0.20270456,0.95531225,71.83897,0.04778365
2471,42,resample,3,0.08276576,0.1877127,0.95861745,72.01463,0.0551173
2472,43,resample,3,0.0940692,0.2133489,0.95296574,72.00857,0.049345165
2473,44,resample,3,0.1528414,0.34664422,0.9235796,71.93038,0.13029185
2474,45,resample,3,0.056174815,0.12740445,0.9719129,71.91233,0.03035453
2475,46,resample,3,0.1500386,0.34028748,0.92498076,71.873505,0.0592063
2476,47,resample,3,0.06941529,0.15743385,0.9652926,71.798615,0.05072236
2477,48,resample,3,0.11582972,0.26270175,0.9420854,71.92208,0.05858775
2478,49,resample,3,0.057940472,0.13140896,0.9710299,71.8471,0.083279796
2479,50,resample,3,0.08205293,0.18609601,0.958974,71.91523,0.039609242
2480,51,resample,3,0.192761,0.43718186,0.9036198,71.94077,0.075857736
2481,52,resample,3,0.08196006,0.18588538,0.9590204,72.05373,0.06276252
2482,53,resample,3,0.12421031,0.28170893,0.9378951,72.01748,0.061265223
2483,54,resample,3,0.072722666,0.16493498,0.963639,71.71161,0.046414774
2484,55,resample,3,0.053760212,0.12192813,0.9731204,72.003944,0.074027695
2485,56,resample,3,0.087467685,0.19837667,0.9562662,72.07054,0.05368894
2486,57,resample,3,0.08240157,0.18688673,0.9587997,72.29006,0.073936254
2487,58,resample,3,0.050355453,0.11420614,0.97482246,71.904724,0.04362065
2488,59,resample,3,0.09971811,0.22616063,0.95014143,71.83853,0.060752448
2489,60,resample,3,0.09729673,0.22066894,0.951352,71.916435,0.060377657
2490,61,resample,3,0.07652607,0.17356108,0.9617371,72.29331,0.048500784
2491,62,resample,3,0.093211964,0.2114047,0.9533945,72.11042,0.061734214
2492,63,resample,3,0.049013015,0.11116149,0.97549397,72.02931,0.045211036
2493,0,resample,4,0.09697659,0.21994287,0.95151174,71.96658,0.0678981
2494,1,resample,4,0.09484453,0.21510735,0.95257807,71.88335,0.054312628
2495,2,resample,4,0.072358936,0.16411003,0.9638208,71.98321,0.061504103
2496,3,resample,4,0.116334,0.26384544,0.9418335,72.066505,0.053356186
2497,4,resample,4,0.084433034,0.19149408,0.9577839,71.86107,0.1043748
2498,5,resample,4,0.15796998,0.35827586,0.9210149,71.863106,0.056842133
2499,6,resample,4,0.044873893,0.10177397,0.97756356,71.88641,0.029320039
2500,7,resample,4,0.09514111,0.21578,0.9524298,71.77608,0.11695832
2501,8,resample,4,0.16262549,0.36883456,0.9186877,71.88334,0.1060908
2502,9,resample,4,0.068238966,0.15476595,0.9658807,71.79839,0.068810046
2503,10,resample,4,0.17956457,0.40725234,0.910218,71.85985,0.18239294
2504,11,resample,4,0.061692666,0.13991894,0.9691541,72.15793,0.03311738
2505,12,resample,4,0.058426123,0.13251042,0.9707871,72.11524,0.025043802
2506,13,resample,4,0.09802021,0.2223098,0.95099,71.82252,0.039811358
2507,14,resample,4,0.05088652,0.1154106,0.97455734,71.974045,0.040538445
2508,15,resample,4,0.08251773,0.18715017,0.9587411,71.965034,0.04915779
2509,16,resample,4,0.104308344,0.23657128,0.94784623,72.07045,0.057225417
2510,17,resample,4,0.093849495,0.21285062,0.95307565,71.985565,0.05372723
2511,18,resample,4,0.038329493,0.08693127,0.9808353,72.14037,0.024606433
2512,19,resample,4,0.13718238,0.3111296,0.93140894,71.96925,0.09601058
2513,20,resample,4,0.19263521,0.43689656,0.9036829,72.15336,0.1095407
2514,21,resample,4,0.11575005,0.26252106,0.94212514,71.767456,0.06344378
2515,22,resample,4,0.06261611,0.14201331,0.968692,71.99216,0.06974747
2516,23,resample,4,0.15811482,0.35860434,0.920943,71.9804,0.08005537
2517,24,resample,4,0.0597649,0.13554676,0.97011787,72.10951,0.03304281
2518,25,resample,4,0.14346102,0.32536954,0.92826974,71.99505,0.11287913
2519,26,resample,4,0.1056272,0.23956245,0.9471867,71.77677,0.070388675
2520,27,resample,4,0.16760236,0.38012207,0.9161992,72.0315,0.0632196
2521,28,resample,4,0.07573643,0.1717702,0.962132,71.9246,0.061127905
2522,29,resample,4,0.07128416,0.16167244,0.9643585,71.78724,0.028327616
2523,30,resample,4,0.089810364,0.20368986,0.9550953,72.04579,0.04714402
2524,31,resample,4,0.2621352,0.59452254,0.8689326,71.80497,0.07791106
2525,32,resample,4,0.053647302,0.12167206,0.973177,71.98387,0.03297995
2526,33,resample,4,0.08926949,0.20246316,0.9553656,72.19511,0.055658437
2527,34,resample,4,0.25219327,0.5719742,0.8739037,71.65667,0.068348095
2528,35,resample,4,0.05336709,0.12103654,0.9733168,71.91689,0.040692553
2529,36,resample,4,0.07792851,0.17674184,0.9610361,72.081635,0.07693088
2530,37,resample,4,0.049945887,0.11327725,0.9750275,72.01601,0.024713442
2531,38,resample,4,0.14961582,0.33932862,0.9251926,71.91927,0.056140404
2532,39,resample,4,0.06108862,0.13854897,0.96945614,72.180626,0.049112953
2533,40,resample,4,0.0619443,0.14048964,0.9690281,71.714035,0.029097926
2534,41,resample,4,0.090543896,0.20535351,0.95472807,71.82883,0.04203517
2535,42,resample,4,0.046163715,0.104699284,0.97691846,71.91846,0.030954318
2536,43,resample,4,0.09253299,0.20986478,0.95373386,72.074905,0.067568146
2537,44,resample,4,0.12787732,0.2900257,0.9360618,71.98716,0.09388211
2538,45,resample,4,0.06569059,0.14898624,0.96715474,71.920044,0.051686198
2539,46,resample,4,0.14481738,0.32844576,0.9275913,71.87998,0.056447826
2540,47,resample,4,0.077218145,0.17513072,0.961391,71.8087,0.049313456
2541,48,resample,4,0.09541343,0.21639761,0.9522936,72.016884,0.048040148
2542,49,resample,4,0.08076194,0.18316804,0.9596193,71.84381,0.053189788
2543,50,resample,4,0.085733205,0.19444287,0.95713407,71.914825,0.052517675
2544,51,resample,4,0.17037813,0.38641754,0.91481125,71.842285,0.11762255
2545,52,resample,4,0.07774283,0.1763207,0.9611292,72.029594,0.077881955
2546,53,resample,4,0.13782367,0.312584,0.93108827,72.025536,0.07724652
2547,54,resample,4,0.062425368,0.1415807,0.9687878,71.75394,0.048481528
2548,55,resample,4,0.05635951,0.12782335,0.9718208,72.038025,0.082018554
2549,56,resample,4,0.08876145,0.20131093,0.95561945,72.06468,0.03314551
2550,57,resample,4,0.101498865,0.23019938,0.9492511,72.27736,0.05334636
2551,58,resample,4,0.0593902,0.13469695,0.9703051,71.88612,0.05413988
2552,59,resample,4,0.11182661,0.2536227,0.9440872,71.865944,0.10958157
2553,60,resample,4,0.09200806,0.20867424,0.95399624,71.90551,0.07736996
2554,61,resample,4,0.0855031,0.193921,0.9572488,72.24815,0.06951836
2555,62,resample,4,0.094630376,0.21462165,0.9526851,72.14739,0.06520764
2556,63,resample,4,0.053155143,0.12055584,0.9734229,72.004036,0.038163822
2557,0,resample,5,0.089195155,0.20229457,0.95540255,72.012215,0.047873013
2558,1,resample,5,0.09471563,0.214815,0.95264244,71.933365,0.06607781
2559,2,resample,5,0.08396137,0.19042434,0.95801955,71.9937,0.0610754
2560,3,resample,5,0.1007699,0.22854608,0.9496155,71.99368,0.08024199
2561,4,resample,5,0.095358714,0.21627352,0.95232105,71.878296,0.06871054
2562,5,resample,5,0.15054569,0.34143755,0.9247273,71.842155,0.046434704
2563,6,resample,5,0.0631595,0.14324573,0.96842045,71.8851,0.054592784
2564,7,resample,5,0.09887746,0.22425404,0.9505616,71.78468,0.07776175
2565,8,resample,5,0.13815942,0.31334552,0.93092066,71.937416,0.07436538
2566,9,resample,5,0.075887665,0.1721132,0.9620564,71.84817,0.07901037
2567,10,resample,5,0.18078795,0.410027,0.90960634,71.76678,0.1477893
2568,11,resample,5,0.066912785,0.15175816,0.96654403,72.16693,0.036850944
2569,12,resample,5,0.0691366,0.15680178,0.96543205,72.12953,0.023290569
2570,13,resample,5,0.10703607,0.24275775,0.9464823,71.869225,0.07383911
2571,14,resample,5,0.045218796,0.10255621,0.97739094,71.9667,0.028167298
2572,15,resample,5,0.096452914,0.21875517,0.9517738,71.86856,0.07822107
2573,16,resample,5,0.14243975,0.3230533,0.9287806,72.00983,0.09117581
2574,17,resample,5,0.11053957,0.2507037,0.94473046,71.96139,0.08495148
2575,18,resample,5,0.041010913,0.09301273,0.9794947,72.116875,0.02563071
2576,19,resample,5,0.1382715,0.3135997,0.93086445,71.98115,0.08867461
2577,20,resample,5,0.2084147,0.47268444,0.895793,72.10993,0.13662015
2578,21,resample,5,0.11110463,0.25198525,0.94444776,71.76223,0.07296361
2579,22,resample,5,0.05276938,0.11968093,0.97361535,71.979836,0.04235716
2580,23,resample,5,0.15522738,0.35205564,0.9223866,71.91966,0.12100161
2581,24,resample,5,0.06839981,0.15513074,0.9658003,72.13738,0.026112106
2582,25,resample,5,0.1366301,0.309877,0.931685,72.015175,0.12311342
2583,26,resample,5,0.096179,0.21813393,0.9519107,71.78246,0.06435166
2584,27,resample,5,0.15776686,0.35781518,0.9211172,71.97835,0.045281433
2585,28,resample,5,0.06360422,0.14425434,0.96819794,71.84155,0.06672578
2586,29,resample,5,0.0690773,0.15666728,0.9654616,71.82324,0.023465347
2587,30,resample,5,0.08237936,0.18683636,0.9588109,72.057465,0.06415589
2588,31,resample,5,0.2738814,0.6211629,0.8630595,71.836395,0.11445489
2589,32,resample,5,0.055894293,0.12676823,0.9720534,71.8965,0.08128368
2590,33,resample,5,0.09045003,0.20514064,0.95477533,72.28552,0.051033378
2591,34,resample,5,0.21337113,0.4839256,0.89331466,71.59189,0.10051945
2592,35,resample,5,0.046111483,0.10458082,0.9769445,71.89997,0.03387446
2593,36,resample,5,0.06273449,0.1422818,0.96863306,72.04488,0.065512195
2594,37,resample,5,0.049061608,0.1112717,0.9754696,72.04819,0.021661134
2595,38,resample,5,0.14458442,0.3279174,0.9277084,71.87737,0.05872788
2596,39,resample,5,0.05064547,0.1148639,0.9746777,72.153015,0.024508791
2597,40,resample,5,0.05221944,0.11843366,0.9738906,71.775665,0.027832981
2598,41,resample,5,0.08953242,0.2030595,0.9552338,71.86698,0.046790786
2599,42,resample,5,0.058318656,0.13226669,0.9708407,71.97704,0.034774188
2600,43,resample,5,0.06833944,0.15499382,0.9658308,72.02595,0.055552706
2601,44,resample,5,0.14468324,0.32814154,0.92765844,71.93929,0.12177851
2602,45,resample,5,0.07151722,0.16220103,0.964242,71.90743,0.04620246
2603,46,resample,5,0.15519884,0.3519909,0.92240065,71.89029,0.07280533
2604,47,resample,5,0.07480381,0.169655,0.96259844,71.82872,0.033584304
2605,48,resample,5,0.095726594,0.21710788,0.95213675,71.98048,0.061185315
2606,49,resample,5,0.062832795,0.14250475,0.9685837,71.81575,0.10262749
2607,50,resample,5,0.08933926,0.2026214,0.95533067,71.94674,0.041364767
2608,51,resample,5,0.222403,0.5044099,0.88879895,71.92885,0.065273516
2609,52,resample,5,0.081613764,0.18509997,0.95919335,72.08447,0.049241874
2610,53,resample,5,0.14161885,0.3211915,0.92919075,71.997986,0.06013945
2611,54,resample,5,0.06297846,0.14283513,0.96851104,71.73215,0.023828503
2612,55,resample,5,0.05795542,0.13144287,0.9710227,71.986626,0.05950623
2613,56,resample,5,0.086632036,0.19648142,0.9566842,72.04631,0.04477133
2614,57,resample,5,0.12448468,0.2823312,0.93775815,72.20565,0.030942101
2615,58,resample,5,0.062812045,0.1424577,0.9685941,71.868706,0.064325176
2616,59,resample,5,0.088216946,0.200076,0.95589215,71.84914,0.07867481
2617,60,resample,5,0.069833145,0.15838154,0.9650839,71.87457,0.046356004
2618,61,resample,5,0.086288154,0.1957015,0.95685595,72.26517,0.0815045
2619,62,resample,5,0.09157227,0.20768587,0.9542141,72.116005,0.046472296
2620,63,resample,5,0.04155461,0.094245836,0.9792232,72.03531,0.036155477
2621,0,resample,6,0.06695404,0.15185173,0.9665232,72.073524,0.064582966
2622,1,resample,6,0.13201639,0.2994131,0.93399215,71.92622,0.1415375
2623,2,resample,6,0.07401607,0.16786842,0.96299213,71.96486,0.06052313
2624,3,resample,6,0.12553301,0.28470883,0.93723375,72.001434,0.05905625
2625,4,resample,6,0.084574625,0.19181521,0.9577131,71.89636,0.054127563
2626,5,resample,6,0.17508788,0.39709926,0.9124562,71.78878,0.086335994
2627,6,resample,6,0.045192644,0.1024969,0.97740394,71.89087,0.03403758
2628,7,resample,6,0.08381766,0.19009842,0.95809156,71.84677,0.08572503
2629,8,resample,6,0.14084187,0.3194293,0.92957956,71.950836,0.06563686
2630,9,resample,6,0.07859057,0.17824338,0.9607047,71.769684,0.07721019
2631,10,resample,6,0.18499014,0.41955754,0.9075054,71.89799,0.15165907
2632,11,resample,6,0.066339254,0.1504574,0.9668309,72.18983,0.021935752
2633,12,resample,6,0.070887566,0.16077296,0.9645567,72.13526,0.020397669
2634,13,resample,6,0.07861297,0.17829418,0.9606937,71.96153,0.10677454
2635,14,resample,6,0.049119215,0.111402355,0.975441,71.982124,0.02366461
2636,15,resample,6,0.06533414,0.1481778,0.9673332,71.94395,0.032719355
2637,16,resample,6,0.094779715,0.21496035,0.9526106,72.017044,0.07345579
2638,17,resample,6,0.08465447,0.1919963,0.9576732,71.99029,0.042362593
2639,18,resample,6,0.04388733,0.09953644,0.9780563,72.10102,0.03249801
2640,19,resample,6,0.17280093,0.39191243,0.9135999,71.96469,0.20780848
2641,20,resample,6,0.1947973,0.4418002,0.9026018,72.02198,0.09607761
2642,21,resample,6,0.13878927,0.314774,0.93060553,71.76215,0.044320785
2643,22,resample,6,0.061327487,0.13909072,0.9693366,72.03444,0.0316322
2644,23,resample,6,0.16985086,0.38522166,0.915075,71.95723,0.1340514
2645,24,resample,6,0.068634376,0.15566273,0.9656834,72.10488,0.04300188
2646,25,resample,6,0.11949078,0.27100503,0.9402549,72.05901,0.10764046
2647,26,resample,6,0.083127365,0.18853283,0.95843655,71.81257,0.042525582
2648,27,resample,6,0.13261157,0.30076298,0.9336948,71.97332,0.048836987
2649,28,resample,6,0.0722911,0.16395618,0.96385485,71.86512,0.041139036
2650,29,resample,6,0.06411437,0.14541136,0.96794325,71.81466,0.03143378
2651,30,resample,6,0.113484524,0.25738284,0.94325805,71.98878,0.07985255
2652,31,resample,6,0.25621137,0.5810873,0.87189454,71.75213,0.066939816
2653,32,resample,6,0.05994771,0.13596138,0.9700266,71.97055,0.07287225
2654,33,resample,6,0.07583915,0.17200315,0.96208084,72.31078,0.031885512
2655,34,resample,6,0.27566835,0.6252157,0.862166,71.60919,0.1050291
2656,35,resample,6,0.057652574,0.130756,0.97117424,71.92077,0.05248547
2657,36,resample,6,0.070143595,0.15908565,0.9649285,72.05566,0.077620365
2658,37,resample,6,0.04850977,0.11002014,0.9757457,72.03793,0.030165615
2659,38,resample,6,0.15480873,0.35110614,0.92259604,71.94501,0.06430139
2660,39,resample,6,0.048873946,0.11084609,0.97556347,72.19647,0.028828882
2661,40,resample,6,0.053256862,0.12078654,0.97337186,71.71862,0.04007516
2662,41,resample,6,0.102930546,0.23344643,0.9485348,71.880356,0.042810693
2663,42,resample,6,0.063395,0.14377983,0.9683026,71.941154,0.040196817
2664,43,resample,6,0.097395904,0.22089387,0.95130235,72.009544,0.058886785
2665,44,resample,6,0.16345277,0.37071082,0.91827387,71.96767,0.14626305
2666,45,resample,6,0.056207754,0.12747917,0.9718964,71.92199,0.042853333
2667,46,resample,6,0.16732898,0.37950206,0.9163359,71.849815,0.10343942
2668,47,resample,6,0.07441793,0.16877982,0.9627913,71.7935,0.029545702
2669,48,resample,6,0.10115854,0.22942752,0.9494209,71.981636,0.05285672
2670,49,resample,6,0.072784916,0.16507615,0.9636078,71.86821,0.09678287
2671,50,resample,6,0.09858688,0.223595,0.950707,71.97189,0.047528405
2672,51,resample,6,0.18235418,0.4135792,0.9088235,71.88734,0.06587829
2673,52,resample,6,0.081939414,0.18583855,0.9590307,72.02864,0.05476764
2674,53,resample,6,0.11496093,0.26073134,0.9425198,72.00421,0.06879242
2675,54,resample,6,0.057628393,0.13070117,0.97118616,71.731705,0.0376848
2676,55,resample,6,0.05532961,0.12548754,0.97233534,71.9823,0.10363665
2677,56,resample,6,0.0839164,0.19032237,0.95804167,72.08438,0.03565749
2678,57,resample,6,0.07493235,0.16994654,0.96253455,72.32559,0.07992359
2679,58,resample,6,0.058414448,0.13248394,0.9707929,71.897385,0.060767036
2680,59,resample,6,0.08573386,0.19444436,0.95713353,71.89043,0.06544148
2681,60,resample,6,0.10250981,0.23249221,0.9487454,71.91895,0.0646666
2682,61,resample,6,0.08747583,0.19839515,0.956262,72.31672,0.06879165
2683,62,resample,6,0.08860113,0.20094731,0.95569986,72.09717,0.055924945
2684,63,resample,6,0.046893574,0.10635461,0.97655344,72.03188,0.03809107
2685,0,resample,7,0.06815085,0.1545661,0.96592474,72.024254,0.078721076
2686,1,resample,7,0.09708448,0.22018754,0.95145816,71.943405,0.051863447
2687,2,resample,7,0.073364,0.16638951,0.96331835,71.98649,0.07612884
2688,3,resample,7,0.08272119,0.18761162,0.9586398,72.0012,0.07305879
2689,4,resample,7,0.100539245,0.22802296,0.9497307,71.85956,0.11956582
2690,5,resample,7,0.15486193,0.35122678,0.9225693,71.82997,0.05073119
2691,6,resample,7,0.050937634,0.115526535,0.97453135,71.89261,0.04668801
2692,7,resample,7,0.09454912,0.21443737,0.95272577,71.81574,0.056511197
2693,8,resample,7,0.151435,0.3434545,0.9242831,71.93884,0.074759625
2694,9,resample,7,0.07773946,0.17631307,0.96113044,71.7909,0.09593684
2695,10,resample,7,0.25818494,0.5855633,0.87090784,71.7335,0.27334002
2696,11,resample,7,0.05101323,0.11569799,0.9744938,72.14648,0.053220972
2697,12,resample,7,0.077485114,0.1757362,0.96125776,72.081604,0.0413519
2698,13,resample,7,0.106028184,0.24047187,0.9469862,71.819954,0.04675525
2699,14,resample,7,0.050807692,0.11523182,0.9745965,71.993195,0.037618548
2700,15,resample,7,0.06796231,0.15413849,0.9660188,71.96044,0.032775976
2701,16,resample,7,0.11078508,0.25126052,0.94460803,72.05104,0.065584555
2702,17,resample,7,0.08781906,0.1991736,0.95609075,72.02557,0.052374676
2703,18,resample,7,0.041680433,0.0945312,0.97915995,72.09154,0.026082119
2704,19,resample,7,0.14741853,0.33434516,0.926291,71.95538,0.16680521
2705,20,resample,7,0.20096307,0.45578414,0.89951897,72.06682,0.06696068
2706,21,resample,7,0.15483388,0.35116318,0.92258334,71.77657,0.07853256
2707,22,resample,7,0.059236377,0.13434808,0.970382,72.00083,0.046382535
2708,23,resample,7,0.15478036,0.3510418,0.92261016,72.009056,0.13400726
2709,24,resample,7,0.070337914,0.15952636,0.96483135,72.096054,0.036165696
2710,25,resample,7,0.122556195,0.2779574,0.9387219,71.95623,0.09470433
2711,26,resample,7,0.084124684,0.19079475,0.9579379,71.77915,0.059863754
2712,27,resample,7,0.16416363,0.37232304,0.9179185,72.01252,0.058719564
2713,28,resample,7,0.058368254,0.13237917,0.97081614,71.86789,0.043369852
2714,29,resample,7,0.06889404,0.15625165,0.9655534,71.80815,0.023515273
2715,30,resample,7,0.10413613,0.23618071,0.94793236,72.020515,0.047117375
2716,31,resample,7,0.23441216,0.53164667,0.88279414,71.76992,0.0842156
2717,32,resample,7,0.051097732,0.11588963,0.97445166,71.957726,0.037828222
2718,33,resample,7,0.08030452,0.1821306,0.95984817,72.302155,0.038529966
2719,34,resample,7,0.27162895,0.61605436,0.86418575,71.60833,0.083777994
2720,35,resample,7,0.044414043,0.10073103,0.97779316,71.90478,0.03457108
2721,36,resample,7,0.0744081,0.16875754,0.96279633,72.01874,0.059177123
2722,37,resample,7,0.05214106,0.1182559,0.97393006,72.03171,0.024693942
2723,38,resample,7,0.13228215,0.30001587,0.93385935,71.89502,0.08336564
2724,39,resample,7,0.06417004,0.14553763,0.96791524,72.17057,0.061631735
2725,40,resample,7,0.06152923,0.13954827,0.9692357,71.704056,0.033686012
2726,41,resample,7,0.086428195,0.19601911,0.9567858,71.86563,0.047038123
2727,42,resample,7,0.06568542,0.14897451,0.9671573,71.96448,0.03448491
2728,43,resample,7,0.07132957,0.16177544,0.96433544,71.97167,0.07122263
2729,44,resample,7,0.12239413,0.27758983,0.9388034,72.001526,0.09556232
2730,45,resample,7,0.061161805,0.13871494,0.9694196,71.89215,0.048316438
2731,46,resample,7,0.13200964,0.2993978,0.93399537,71.861534,0.07534563
2732,47,resample,7,0.07340207,0.16647586,0.9632992,71.79678,0.031548295
2733,48,resample,7,0.115910396,0.26288474,0.942045,71.93856,0.066466406
2734,49,resample,7,0.07328035,0.1661998,0.9633603,71.79653,0.0560123
2735,50,resample,7,0.10352713,0.23479947,0.94823706,71.91719,0.045918893
2736,51,resample,7,0.18606022,0.4219845,0.90697014,71.93425,0.048466712
2737,52,resample,7,0.07648496,0.17346786,0.9617581,72.07335,0.06740141
2738,53,resample,7,0.1459711,0.3310624,0.9270148,72.02391,0.058728892
2739,54,resample,7,0.055113,0.12499626,0.9724438,71.7537,0.032510746
2740,55,resample,7,0.054762006,0.1242002,0.97261924,71.990944,0.05284135
2741,56,resample,7,0.08602709,0.19510941,0.95698655,72.01438,0.045279473
2742,57,resample,7,0.080125675,0.181725,0.9599378,72.31787,0.14513583
2743,58,resample,7,0.059018523,0.13385399,0.97049123,71.86408,0.04494044
2744,59,resample,7,0.09364162,0.21237914,0.9531796,71.84932,0.09233364
2745,60,resample,7,0.10724994,0.24324282,0.94637525,71.95577,0.08094283
2746,61,resample,7,0.08123514,0.18424127,0.95938265,72.31717,0.05068626
2747,62,resample,7,0.10493968,0.23800313,0.9475306,72.06288,0.0835164
2748,63,resample,7,0.043501087,0.09866045,0.9782499,72.037506,0.033960503
2749,0,resample,8,0.09658636,0.21905783,0.95170707,71.99925,0.0660272
2750,1,resample,8,0.09562897,0.21688646,0.95218605,71.91524,0.06708745
2751,2,resample,8,0.082446344,0.18698828,0.9587772,71.961655,0.057224605
2752,3,resample,8,0.08110579,0.18394789,0.9594476,71.95339,0.13016947
2753,4,resample,8,0.082842834,0.1878875,0.9585788,71.90541,0.081305474
2754,5,resample,8,0.16403481,0.37203088,0.91798306,71.84883,0.040766254
2755,6,resample,8,0.048893563,0.11089058,0.97555333,71.90735,0.02992887
2756,7,resample,8,0.12099455,0.27441558,0.93950313,71.76166,0.069132105
2757,8,resample,8,0.13807692,0.3131584,0.9309621,71.92371,0.05027948
2758,9,resample,8,0.07730869,0.17533608,0.9613458,71.772415,0.09396082
2759,10,resample,8,0.18001842,0.4082817,0.90999115,71.78829,0.12473808
2760,11,resample,8,0.062462986,0.14166602,0.9687691,72.15416,0.042466905
2761,12,resample,8,0.0657959,0.14922507,0.96710265,72.1117,0.02464513
2762,13,resample,8,0.090611696,0.2055073,0.95469433,71.85798,0.07458275
2763,14,resample,8,0.05162958,0.117095865,0.9741856,71.97313,0.02842812
2764,15,resample,8,0.06984004,0.15839717,0.96508,72.07326,0.034652106
2765,16,resample,8,0.09753457,0.22120835,0.95123297,72.032104,0.07446646
2766,17,resample,8,0.10162654,0.23048894,0.9491869,72.0192,0.079803534
2767,18,resample,8,0.037993066,0.08616826,0.9810036,72.0654,0.02946781
2768,19,resample,8,0.14777532,0.33515435,0.9261127,71.90721,0.11870728
2769,20,resample,8,0.20297547,0.46034828,0.89851266,71.99689,0.10159764
2770,21,resample,8,0.1001719,0.22718982,0.9499143,71.78181,0.06050951
2771,22,resample,8,0.081958555,0.18588197,0.9590208,72.03634,0.030178918
2772,23,resample,8,0.19096911,0.43311787,0.9045158,71.99499,0.16401272
2773,24,resample,8,0.0651838,0.14783683,0.9674086,72.10288,0.06021121
2774,25,resample,8,0.14489208,0.3286152,0.9275542,71.95912,0.18343258
2775,26,resample,8,0.08730079,0.19799815,0.9563501,71.77366,0.038172107
2776,27,resample,8,0.14742024,0.33434904,0.92629015,72.02528,0.07903529
2777,28,resample,8,0.06765054,0.1534314,0.966175,71.87445,0.042878672
2778,29,resample,8,0.06678685,0.15147254,0.9666072,71.81611,0.02410446
2779,30,resample,8,0.12561193,0.2848878,0.9371945,72.04544,0.09080152
2780,31,resample,8,0.24846646,0.5635218,0.875767,71.82067,0.10651635
2781,32,resample,8,0.05115875,0.11602802,0.974421,71.98141,0.059164204
2782,33,resample,8,0.07840861,0.17783068,0.9607961,72.33796,0.032608837
2783,34,resample,8,0.2312514,0.5244781,0.8843748,71.58712,0.13838656
2784,35,resample,8,0.04712651,0.1068829,0.97643733,71.95212,0.053482935
2785,36,resample,8,0.08371264,0.18986022,0.95814383,72.06461,0.0683972
2786,37,resample,8,0.045507967,0.10321205,0.97724634,72.05953,0.019241018
2787,38,resample,8,0.12756255,0.28931183,0.936219,71.90254,0.075765595
2788,39,resample,8,0.04253059,0.09645936,0.978735,72.15835,0.02999646
2789,40,resample,8,0.054105185,0.12271053,0.9729477,71.723274,0.033614118
2790,41,resample,8,0.09602903,0.21779379,0.9519855,71.83968,0.042298414
2791,42,resample,8,0.069233395,0.15702131,0.9653835,71.94755,0.046257503
2792,43,resample,8,0.08670127,0.19663844,0.95665,72.01376,0.08091696
2793,44,resample,8,0.1463412,0.3319018,0.9268297,71.98473,0.112395056
2794,45,resample,8,0.058636032,0.1329865,0.97068244,71.90086,0.043771062
2795,46,resample,8,0.12612906,0.28606066,0.9369356,71.95479,0.124499865
2796,47,resample,8,0.0752508,0.17066878,0.9623747,71.81625,0.043701395
2797,48,resample,8,0.09156402,0.20766716,0.95421827,71.97095,0.04327553
2798,49,resample,8,0.06824167,0.15477207,0.9658797,71.85255,0.0986556
2799,50,resample,8,0.08132662,0.18444873,0.9593372,71.977165,0.030347498
2800,51,resample,8,0.1957863,0.44404325,0.9021073,71.88124,0.06361558
2801,52,resample,8,0.08284087,0.18788305,0.95857984,72.04249,0.056020778
2802,53,resample,8,0.13816445,0.3133569,0.9309179,72.00492,0.046561107
2803,54,resample,8,0.060234703,0.13661228,0.9698829,71.76035,0.04066789
2804,55,resample,8,0.07369833,0.16714777,0.9631513,72.08136,0.0821805
2805,56,resample,8,0.09919813,0.22498132,0.95040107,72.01663,0.09251631
2806,57,resample,8,0.104235455,0.23640597,0.947883,72.27506,0.031372614
2807,58,resample,8,0.04837751,0.10972017,0.9758116,71.87232,0.052133825
2808,59,resample,8,0.1252479,0.28406218,0.93737644,71.85677,0.09996628
2809,60,resample,8,0.09008567,0.20431426,0.95495754,71.908226,0.08078207
2810,61,resample,8,0.06464813,0.14662193,0.96767634,72.296265,0.08905028
2811,62,resample,8,0.0922265,0.20916966,0.95388716,72.15807,0.03513307
2812,63,resample,8,0.04391,0.099587865,0.97804534,72.05745,0.035377156
