vid,idx,kind,claim_id,mse_nrm,L_h,cos,r_norm,dist_to_orig,dL_h,L_o,dL_o,dist
1,0,paraphrase,-1,0.07630937,0.17306961,0.9618454,72.0667,0.017116958,0.0012829453,0.023935385048389435,-0.005620434880256653,0.017116958
2,0,translate,-1,0.080512315,0.1826019,0.95974404,72.07901,0.009160566,0.010815233,0.042456578463315964,0.012900758534669876,0.009160566
3,0,polarity,-1,0.08240204,0.1868878,0.9587991,72.07928,0.005264415,0.015101135,0.03458535298705101,0.0050295330584049225,0.005264415
4,0,vocab,-1,0.11170119,0.25333825,0.9441496,72.05993,0.07965489,0.08155158,0.041193462908267975,0.011637642979621887,0.07965489
5,0,cat,-1,0.40770635,0.92467785,0.79614705,72.004974,0.723988,0.7528912,5.973324298858643,5.9437684789299965,0.723988
6,0,shuffle,-1,0.07320237,0.16602294,0.96339893,72.08567,0.0093518365,-0.0057637244,0.019226880744099617,-0.01032893918454647,0.0093518365
7,0,unrelated,32,0.90471774,2.0518994,0.5476414,71.94582,1.9128205,1.8801128,9.510622024536133,9.481066204607487,1.9128205
8,0,unrelated_token,32,0.63825166,1.4475545,0.6808741,72.07532,1.3206098,1.2757678,0.24106404185295105,0.21150822192430496,1.3206098
10,1,paraphrase,-1,0.094394155,0.2140859,0.95280313,71.89898,0.006230559,0.011976913,0.07750137895345688,-0.0022592172026634216,0.006230559
11,1,translate,-1,0.09268083,0.21020007,0.9536598,71.912445,0.006206472,0.008091077,0.07826488465070724,-0.0014957115054130554,0.006206472
12,1,polarity,-1,0.08997138,0.20405504,0.95501494,71.921165,0.002828949,0.001946047,0.07479411363601685,-0.004966482520103455,0.002828949
13,1,vocab,-1,0.12244122,0.27769664,0.93877965,71.88512,0.074704625,0.075587645,0.06671566516160965,-0.01304493099451065,0.074704625
14,1,cat,-1,0.5146885,1.1673132,0.7426563,71.97215,1.030448,0.96520424,5.8438262939453125,5.764065697789192,1.030448
15,1,shuffle,-1,0.11067629,0.2510138,0.9446622,71.86558,0.033023108,0.04890479,0.08947940915822983,0.009718813002109528,0.033023108
16,1,unrelated,90,0.81696147,1.8528682,0.5915197,72.073296,1.698838,1.6507592,9.759678840637207,9.679918244481087,1.698838
17,1,unrelated_token,90,0.72436124,1.642851,0.6378198,72.26798,1.5174786,1.440742,2.501039743423462,2.4212791472673416,1.5174786
19,2,paraphrase,-1,0.1005494,0.228046,0.9497257,71.9746,0.013331695,0.021354616,0.03275647014379501,-0.005270171910524368,0.013331695
20,2,translate,-1,0.09781072,0.22183467,0.951095,71.98523,0.010899959,0.01514329,0.04469793662428856,0.006671294569969177,0.010899959
21,2,polarity,-1,0.09245301,0.20968339,0.9537738,72.02161,0.0036969988,0.0029920042,0.03369086608290672,-0.004335775971412659,0.0036969988
22,2,vocab,-1,0.15473492,0.35093874,0.92263275,71.95048,0.15062633,0.14424735,0.028121687471866608,-0.009904954582452774,0.15062633
23,2,cat,-1,0.4036902,0.9155692,0.7981551,71.852135,0.7111754,0.7088778,4.447850227355957,4.409823585301638,0.7111754
24,2,shuffle,-1,0.090898596,0.20615797,0.95455086,72.02547,0.015996065,-0.00053341687,0.034560732543468475,-0.0034659095108509064,0.015996065
25,2,unrelated,188,0.962139,2.1821308,0.51893085,72.128876,2.1075773,1.9754394,9.06311321258545,9.02508657053113,2.1075773
26,2,unrelated_token,188,0.6154602,1.3958635,0.69227016,72.1631,1.2443284,1.1891721,0.14643637835979462,0.10840973630547523,1.2443284
28,3,paraphrase,-1,0.108969785,0.24714342,0.9455155,72.00121,0.019440243,-0.034651875,0.06480779498815536,-0.006907135248184204,0.019440243
29,3,translate,-1,0.11527421,0.26144186,0.94236344,72.05435,0.022587681,-0.020353436,0.06258904188871384,-0.009125888347625732,0.022587681
30,3,polarity,-1,0.11334999,0.25707772,0.9433253,72.03496,0.01664756,-0.02471757,0.05620841681957245,-0.01550651341676712,0.01664756
31,3,vocab,-1,0.16820419,0.381487,0.9158984,72.078804,0.17969333,0.09969172,0.05637142434716225,-0.015343505889177322,0.17969333
32,3,cat,-1,0.4540941,1.0298853,0.77295315,71.95811,0.8851625,0.74809,9.190564155578613,9.118849225342274,0.8851625
33,3,shuffle,-1,0.11418985,0.25898254,0.9429056,71.99539,0.016835475,-0.022812754,0.05754031240940094,-0.01417461782693863,0.016835475
34,3,unrelated,254,0.8421501,1.909996,0.5789253,71.91779,1.9179415,1.6282008,6.052724838256836,5.981009908020496,1.9179415
35,3,unrelated_token,254,0.60906345,1.3813556,0.6954689,72.128746,1.3643262,1.0995604,0.5492706894874573,0.4775557592511177,1.3643262
37,4,paraphrase,-1,0.09820019,0.22271799,0.95090014,71.95194,0.006221948,-0.00718756,0.0035835718736052513,-0.0028782635927200317,0.006221948
38,4,translate,-1,0.099894255,0.22656013,0.9500532,71.942566,0.009222538,-0.003345415,0.003598904935643077,-0.002862930530682206,0.009222538
39,4,polarity,-1,0.103404656,0.23452172,0.9482979,71.95889,0.0022948282,0.004616171,0.006334430538117886,-0.00012740492820739746,0.0022948282
40,4,vocab,-1,0.13070625,0.2964417,0.9346472,71.92446,0.1494421,0.06653616,0.0024961347226053476,-0.003965700743719935,0.1494421
41,4,cat,-1,0.22899552,0.51936173,0.88550276,71.916794,0.349002,0.2894562,6.259413719177246,6.252951883710921,0.349002
42,4,shuffle,-1,0.10182397,0.23093672,0.9490885,71.915504,0.030267097,0.0010311753,0.003735867328941822,-0.002725968137383461,0.030267097
43,4,unrelated,81,0.9442803,2.1416273,0.52786005,71.91441,2.1600635,1.9117217,13.006409645080566,12.999947809614241,2.1600635
44,4,unrelated_token,81,0.78815174,1.7875278,0.60592455,71.839386,1.8272104,1.5576222,0.0070228585973382,0.0005610231310129166,1.8272104
46,5,paraphrase,-1,0.15702231,0.35612655,0.9214891,71.866905,0.009875312,-0.0134961605,0.0354415699839592,0.008508678525686264,0.009875312
47,5,translate,-1,0.16425452,0.37252918,0.9178729,71.87313,0.015286616,0.0029064715,0.02478114888072014,-0.0021517425775527954,0.015286616
48,5,polarity,-1,0.16407856,0.3721301,0.91796106,71.877686,0.0073099416,0.0025073886,0.036152105778455734,0.0092192143201828,0.0073099416
49,5,vocab,-1,0.19781248,0.44863862,0.90109414,71.79989,0.13240503,0.07901591,0.02856835164129734,0.0016354601830244064,0.13240503
50,5,cat,-1,0.44136995,1.0010269,0.77931523,71.7313,0.79944575,0.63140416,1.9694342613220215,1.9425013698637486,0.79944575
51,5,shuffle,-1,0.16359231,0.3710273,0.9182039,71.88982,0.0027151927,0.0014045835,0.02886851690709591,0.0019356254488229752,0.0027151927
52,5,unrelated,55,0.86478364,1.9613289,0.56760854,71.98773,1.8352954,1.5917062,5.903712272644043,5.87677938118577,1.8352954
53,5,unrelated_token,55,0.71229327,1.6154808,0.64385355,71.8169,1.4721433,1.2458581,0.09609676897525787,0.06916387751698494,1.4721433
55,6,paraphrase,-1,0.03852022,0.08736385,0.9807401,71.93808,0.0059612133,0.00086096674,0.005263417027890682,0.002642618026584387,0.0059612133
56,6,translate,-1,0.039448567,0.08946933,0.980276,71.91384,0.004564848,0.0029664487,0.0050736782141029835,0.002452879212796688,0.004564848
57,6,polarity,-1,0.042404782,0.096174024,0.9787978,71.91197,0.006638567,0.009671144,0.003123591421172023,0.0005027924198657274,0.006638567
58,6,vocab,-1,0.11009745,0.24970098,0.94495153,71.92604,0.15344614,0.1631981,0.00828478578478098,0.005663986783474684,0.15344614
59,6,cat,-1,0.38313,0.8689387,0.80843526,71.79812,0.8309604,0.7824358,3.4147207736968994,3.412099974695593,0.8309604
60,6,shuffle,-1,0.038737733,0.087857164,0.9806314,71.902725,0.0018940966,0.0013542846,0.002683045109733939,6.224610842764378e-05,0.0018940966
61,6,unrelated,17,0.91863,2.0834525,0.5406853,71.976746,2.0900462,1.9969496,7.208739757537842,7.2061189585365355,2.0900462
62,6,unrelated_token,17,0.6433267,1.4590647,0.678337,71.8837,1.4622908,1.3725618,0.14848874509334564,0.14586794609203935,1.4622908
64,7,paraphrase,-1,0.1826727,0.4143016,0.9086641,71.67127,0.06131328,0.14179096,0.15318050980567932,0.05901714414358139,0.06131328
65,7,translate,-1,0.13796072,0.31289485,0.9310199,71.73214,0.01288602,0.040384203,0.0993679016828537,0.005204536020755768,0.01288602
66,7,polarity,-1,0.13948731,0.31635717,0.9302567,71.78473,0.019740747,0.043846518,0.08334062993526459,-0.010822735726833344,0.019740747
67,7,vocab,-1,0.35880524,0.8137701,0.8205977,71.67989,0.44060093,0.54125947,0.20992304384708405,0.11575967818498611,0.44060093
68,7,cat,-1,0.29642203,0.672285,0.8517894,71.63728,0.3605272,0.39977437,0.22019261121749878,0.12602924555540085,0.3605272
69,7,shuffle,-1,0.15961942,0.36201677,0.9201904,71.74667,0.055845734,0.08950612,0.07845132797956467,-0.015712037682533264,0.055845734
70,7,unrelated,216,0.7974326,1.8085768,0.60128385,71.79958,1.6224997,1.5360662,0.3567133843898773,0.2625500187277794,1.6224997
71,7,unrelated_token,216,0.73868966,1.6753478,0.6306554,71.74488,1.5015348,1.4028372,0.28831955790519714,0.1941561922430992,1.5015348
73,8,paraphrase,-1,0.16361871,0.37108716,0.918191,71.87022,0.030038917,0.0458993,0.001697218045592308,0.0006831091595813632,0.030038917
74,8,translate,-1,0.20332515,0.46114135,0.8983379,71.84236,0.08882634,0.13595349,0.006111980881541967,0.0050978719955310225,0.08882634
75,8,polarity,-1,0.15425667,0.34985405,0.9228725,71.90409,0.014818112,0.02466619,0.0011127874022349715,9.867851622402668e-05,0.014818112
76,8,vocab,-1,0.37344986,0.84698415,0.81327534,71.60917,0.49648666,0.5217963,0.011461544781923294,0.01044743589591235,0.49648666
77,8,cat,-1,0.4453532,1.0100609,0.77732396,71.71897,0.6892325,0.68487304,1.9681435823440552,1.9671294734580442,0.6892325
78,8,shuffle,-1,0.14391586,0.3264011,0.92804265,71.92741,0.01946471,0.0012132525,0.0012066714698448777,0.00019256258383393288,0.01946471
79,8,unrelated,205,0.8632657,1.9578862,0.5683677,72.06229,1.6482829,1.6326983,10.501493453979492,10.500479345093481,1.6482829
80,8,unrelated_token,205,0.868976,1.9708371,0.56551254,72.119125,1.6311615,1.6456492,1.313820242881775,1.312806133995764,1.6311615
82,9,paraphrase,-1,0.08185737,0.18565248,0.9590717,71.70026,0.014352686,0.013801053,0.012321523390710354,0.00014682207256555557,0.014352686
83,9,translate,-1,0.090077765,0.20429634,0.9549613,71.73475,0.024420995,0.03244491,0.0260385200381279,0.013863818719983101,0.024420995
84,9,polarity,-1,0.08722638,0.1978294,0.9563869,71.656876,0.025886027,0.02597797,0.011106779798865318,-0.00106792151927948,0.025886027
85,9,vocab,-1,0.22732656,0.51557654,0.8863368,71.59784,0.38790804,0.34372512,0.015813101083040237,0.003638399764895439,0.38790804
86,9,cat,-1,0.19930641,0.45202684,0.900347,71.554214,0.23437816,0.28017542,4.281810283660889,4.269635582342744,0.23437816
87,9,shuffle,-1,0.08225059,0.1865443,0.9588747,71.7214,0.025009783,0.014692873,0.012048834934830666,-0.0001258663833141327,0.025009783
88,9,unrelated,68,0.68489283,1.5533366,0.6575535,71.98121,1.5282401,1.3814852,5.5079240798950195,5.495749378576875,1.5282401
89,9,unrelated_token,68,0.6096719,1.3827356,0.69516426,71.80143,1.3611743,1.2108842,0.1029498428106308,0.090775141492486,1.3611743
91,10,paraphrase,-1,0.22560301,0.51166755,0.8871988,71.75921,0.054474853,0.020818055,0.012072930112481117,0.002725161612033844,0.054474853
92,10,translate,-1,0.23373134,0.5301026,0.8831347,71.78218,0.034136787,0.039253116,0.007253754884004593,-0.0020940136164426804,0.034136787
93,10,polarity,-1,0.2570935,0.5830879,0.8714536,71.73316,0.043183386,0.092238426,0.0047570387832820415,-0.004590729717165232,0.043183386
94,10,vocab,-1,0.36040905,0.81740755,0.8197959,71.626335,0.2867505,0.32655805,0.007307569030672312,-0.0020401994697749615,0.2867505
95,10,cat,-1,0.3521701,0.7987217,0.82391524,71.620056,0.24471861,0.30787218,0.06890958547592163,0.05956181697547436,0.24471861
96,10,shuffle,-1,0.21981482,0.49853992,0.8900931,71.72924,0.0072390256,0.0076904297,0.008707568049430847,-0.0006402004510164261,0.0072390256
97,10,unrelated,26,0.81284094,1.8435229,0.5935803,71.79431,1.3831388,1.3526734,5.008732795715332,4.999385027214885,1.3831388
98,10,unrelated_token,26,0.6863115,1.5565542,0.6568447,71.74284,1.1427697,1.0657047,0.5945979952812195,0.5852502267807722,1.1427697
100,11,paraphrase,-1,0.0722307,0.1638192,0.9638851,72.12085,0.012575064,0.0069995224,0.18203839659690857,0.009674787521362305,0.012575064
101,11,translate,-1,0.07112377,0.16130868,0.96443844,72.15282,0.00891513,0.0044890046,0.1525789052248001,-0.019784703850746155,0.00891513
102,11,polarity,-1,0.06996807,0.15868755,0.96501625,72.19498,0.0053435056,0.0018678755,0.1463538259267807,-0.026009783148765564,0.0053435056
103,11,vocab,-1,0.12927987,0.2932067,0.93536043,71.969086,0.13405874,0.13638702,0.09027929604053497,-0.08208431303501129,0.13405874
104,11,cat,-1,0.33470216,0.7591044,0.83264935,71.91409,0.6855814,0.60228467,5.242650985717773,5.070287376642227,0.6855814
105,11,shuffle,-1,0.0694761,0.15757176,0.96526223,72.16074,0.0016207476,0.0007520914,0.16726839542388916,-0.0050952136516571045,0.0016207476
106,11,unrelated,67,0.7421645,1.6832287,0.62891835,71.89286,1.6614261,1.526409,7.393679141998291,7.221315532922745,1.6614261
107,11,unrelated_token,67,0.5806537,1.3169224,0.7096736,72.00413,1.2687007,1.1601027,2.101235866546631,1.9288722574710846,1.2687007
109,12,paraphrase,-1,0.079094246,0.17938572,0.96045315,72.11396,0.007729745,0.015396506,0.018748700618743896,0.0008771941065788269,0.007729745
110,12,translate,-1,0.078977205,0.17912027,0.96051186,72.09663,0.00893123,0.015131056,0.022075582295656204,0.004204075783491135,0.00893123
111,12,polarity,-1,0.07789279,0.1766608,0.96105415,72.11067,0.009296036,0.01267159,0.019316043704748154,0.001444537192583084,0.009296036
112,12,vocab,-1,0.10032846,0.2275449,0.94983596,72.042946,0.09795542,0.06355569,0.02208377793431282,0.004212271422147751,0.09795542
113,12,cat,-1,0.54053146,1.2259251,0.72973454,71.86236,1.0364394,1.0619359,6.134255409240723,6.116383902728558,1.0364394
114,12,shuffle,-1,0.083123066,0.18852307,0.95843893,72.10059,0.012998376,0.024533853,0.01882605068385601,0.0009545441716909409,0.012998376
115,12,unrelated,59,0.83243096,1.887953,0.58378494,71.890396,1.7704196,1.7239639,8.120262145996094,8.102390639483929,1.7704196
116,12,unrelated_token,59,0.76975554,1.7458053,0.6151227,71.82986,1.6139494,1.5818161,0.3388039171695709,0.32093241065740585,1.6139494
118,13,paraphrase,-1,0.108412206,0.24587883,0.945794,71.855316,0.00589926,0.018886015,0.014148246496915817,1.4841556549072266e-05,0.00589926
119,13,translate,-1,0.10829065,0.24560314,0.94585466,71.82371,0.0092077805,0.018610328,0.014122292399406433,-1.111254096031189e-05,0.0092077805
120,13,polarity,-1,0.10340037,0.234512,0.94829994,71.84275,0.003325048,0.0075191855,0.02131611853837967,0.007182713598012924,0.003325048
121,13,vocab,-1,0.13146345,0.29815906,0.93426836,71.753876,0.06976029,0.07116625,0.0040112752467393875,-0.010122129693627357,0.06976029
122,13,cat,-1,0.3575887,0.811011,0.8212058,71.60266,0.5521494,0.58401823,0.5971980094909668,0.5830646045506,0.5521494
123,13,shuffle,-1,0.09950801,0.22568412,0.95024604,71.85581,0.01911025,-0.0013086945,0.014140117913484573,6.712973117828369e-06,0.01911025
124,13,unrelated,206,0.7647203,1.7343854,0.6176401,71.896614,1.4854529,1.5073925,4.982796669006348,4.968663264065981,1.4854529
125,13,unrelated_token,206,0.6658938,1.5102469,0.66705304,71.94721,1.2671194,1.283254,0.013719514012336731,-0.00041389092803001404,1.2671194
127,14,paraphrase,-1,0.048227005,0.10937882,0.97588676,71.930405,0.0051418478,0.0013750494,0.02809317782521248,-0.0037853047251701355,0.0051418478
128,14,translate,-1,0.04693625,0.1064514,0.97653216,71.946014,0.009784933,-0.0015523732,0.029085030779242516,-0.0027934517711400986,0.009784933
129,14,polarity,-1,0.048588105,0.1101978,0.97570634,71.970505,0.00679409,0.0021940246,0.0314551405608654,-0.0004233419895172119,0.00679409
130,14,vocab,-1,0.05535736,0.12555046,0.9723219,71.95971,0.057867065,0.017546691,0.025212038308382034,-0.00666644424200058,0.057867065
131,14,cat,-1,0.37400454,0.84824216,0.81299824,71.93318,0.81657803,0.74023837,5.3275957107543945,5.295717228204012,0.81657803
132,14,shuffle,-1,0.049156122,0.11148606,0.97542244,71.98392,0.010927244,0.0034822896,0.03600794076919556,0.0041294582188129425,0.010927244
133,14,unrelated,168,0.8194578,1.85853,0.5902714,71.772156,1.8487265,1.7505263,7.690296649932861,7.658418167382479,1.8487265
134,14,unrelated_token,168,0.8033289,1.8219495,0.59833574,71.66238,1.8539463,1.7139457,1.4722388982772827,1.4403604157269,1.8539463
136,15,paraphrase,-1,0.07976728,0.18091215,0.9601164,71.96547,0.014729806,0.037606657,0.0017165114404633641,0.0006447907071560621,0.014729806
137,15,translate,-1,0.08065607,0.18292792,0.9596721,71.96701,0.017747944,0.039622426,0.001470662304200232,0.00039894157089293003,0.017747944
138,15,polarity,-1,0.0676761,0.15348935,0.9661621,71.99142,0.007195075,0.010183856,0.003073502564802766,0.002001781831495464,0.007195075
139,15,vocab,-1,0.12436668,0.28206357,0.93781686,71.89405,0.18916157,0.13875808,0.0028561141807585955,0.0017843934474512935,0.18916157
140,15,cat,-1,0.51284885,1.163141,0.7435758,71.70482,1.0094347,1.0198355,1.516184687614441,1.5151129668811336,1.0094347
141,15,shuffle,-1,0.06799431,0.15421107,0.96600294,71.96715,0.013636634,0.010905579,0.0028515998274087906,0.0017798790941014886,0.013636634
142,15,unrelated,186,0.8885361,2.0151994,0.5557322,72.017456,1.9347832,1.8718939,7.161331653594971,7.160259932861663,1.9347832
143,15,unrelated_token,186,0.7224107,1.6384271,0.6387949,71.84198,1.561084,1.4951216,0.024329867213964462,0.02325814648065716,1.561084
145,16,paraphrase,-1,0.106559,0.24167576,0.94672096,72.05573,0.047898833,-0.0030394942,0.0011589471250772476,-0.00036824517883360386,0.047898833
146,16,translate,-1,0.11017181,0.24986961,0.94491434,72.06077,0.027664607,0.0051543564,0.001463641645386815,-6.355065852403641e-05,0.027664607
147,16,polarity,-1,0.120283306,0.27280247,0.939859,72.079445,0.016181592,0.028087214,0.0022000425960868597,0.0006728502921760082,0.016181592
148,16,vocab,-1,0.13624021,0.30899274,0.9318803,72.0854,0.12457718,0.064277485,0.00044739554869011045,-0.001079796755220741,0.12457718
149,16,cat,-1,0.24964997,0.56620604,0.87517565,71.89636,0.40594077,0.32149076,0.015239337459206581,0.01371214515529573,0.40594077
150,16,shuffle,-1,0.12808113,0.29048795,0.9359599,72.0355,0.020182304,0.045772687,0.002070871414616704,0.0005436791107058525,0.020182304
151,16,unrelated,247,0.82901037,1.8801951,0.5854952,71.77908,1.7741481,1.6354799,12.464982986450195,12.463455794146284,1.7741481
152,16,unrelated_token,247,0.71064645,1.6117458,0.64467704,71.77117,1.4445724,1.3670306,0.023439891636371613,0.02191269933246076,1.4445724
154,17,paraphrase,-1,0.06745962,0.15299839,0.9662707,71.96532,0.0075125378,-0.0070961416,0.03461867943406105,-0.004150237888097763,0.0075125378
155,17,translate,-1,0.07422724,0.16834736,0.9628868,71.98445,0.009830383,0.008252829,0.03777923434972763,-0.0009896829724311829,0.009830383
156,17,polarity,-1,0.0787334,0.17856732,0.9606338,71.98639,0.012160349,0.01847279,0.02975429594516754,-0.009014621376991272,0.012160349
157,17,vocab,-1,0.10747107,0.24374434,0.946265,71.90018,0.094885014,0.083649814,0.020040443167090416,-0.018728474155068398,0.094885014
158,17,cat,-1,0.59915704,1.3588879,0.7004219,71.88076,1.2088425,1.1987934,4.162012577056885,4.123243659734726,1.2088425
159,17,shuffle,-1,0.07925122,0.17974174,0.96037495,71.948006,0.016594056,0.01964721,0.03948966786265373,0.0007207505404949188,0.016594056
160,17,unrelated,105,0.8237688,1.8683072,0.58811617,71.827545,1.7777959,1.7082127,7.296454906463623,7.257685989141464,1.7777959
161,17,unrelated_token,105,0.68575704,1.5552967,0.65712196,71.75246,1.4650403,1.3952022,2.280005931854248,2.2412370145320892,1.4650403
163,18,paraphrase,-1,0.04563956,0.1035105,0.97718036,72.0937,0.005304514,0.0065480396,0.00886760838329792,-0.0016730241477489471,0.005304514
164,18,translate,-1,0.048407212,0.10978754,0.9757965,72.082855,0.019945897,0.012825079,0.00868171826004982,-0.0018589142709970474,0.019945897
165,18,polarity,-1,0.048688877,0.11042635,0.9756557,72.10863,0.00757045,0.013463892,0.008686114102602005,-0.0018545184284448624,0.00757045
166,18,vocab,-1,0.0752009,0.1705556,0.96239966,72.05117,0.07297759,0.07359315,0.00462321937084198,-0.005917413160204887,0.07297759
167,18,cat,-1,0.39785674,0.9023389,0.80107176,72.143105,0.86724836,0.80537647,2.190298080444336,2.179757447913289,0.86724836
168,18,shuffle,-1,0.051227164,0.116183184,0.9743866,72.1219,0.014005833,0.019220725,0.00830639898777008,-0.002234233543276787,0.014005833
169,18,unrelated,215,0.7395156,1.6772211,0.63024247,71.944916,1.6437368,1.5802586,7.416794300079346,7.406253667548299,1.6437368
170,18,unrelated_token,215,0.669611,1.5186774,0.66519475,71.97469,1.4671593,1.4217149,0.0809422954916954,0.07040166296064854,1.4671593
172,19,paraphrase,-1,0.12935278,0.29337204,0.9353239,71.93535,0.02170854,0.047665656,0.0032979710958898067,-0.0004242975264787674,0.02170854
173,19,translate,-1,0.14053045,0.318723,0.929735,71.94064,0.030791953,0.07301661,0.004484529606997967,0.0007622609846293926,0.030791953
174,19,polarity,-1,0.11780296,0.26717708,0.9410989,71.93699,0.011043493,0.021470696,0.004440216347575188,0.0007179477252066135,0.011043493
175,19,vocab,-1,0.40420064,0.9167269,0.79789984,71.69685,0.61397177,0.6710205,0.007232101634144783,0.003509833011776209,0.61397177
176,19,cat,-1,0.29940525,0.679051,0.8502978,71.67469,0.3824859,0.4333446,0.1666966676712036,0.16297439904883504,0.3824859
177,19,shuffle,-1,0.11994304,0.27203077,0.9400287,71.99823,0.013554475,0.026324391,0.0037893657572567463,6.709713488817215e-05,0.013554475
178,19,unrelated,240,0.7762367,1.7605045,0.611882,71.9097,1.63957,1.5147982,0.3980846703052521,0.3943624016828835,1.63957
179,19,unrelated_token,240,0.6846412,1.5527658,0.6576797,71.824295,1.3625215,1.3070595,0.09621571749448776,0.09249344887211919,1.3625215
181,20,paraphrase,-1,0.18309796,0.4152661,0.90845156,72.13448,0.01948441,0.0070971847,0.07874804735183716,0.01554543524980545,0.01948441
182,20,translate,-1,0.17700455,0.40144622,0.9114982,72.17628,0.017955068,-0.0067226887,0.11777082085609436,0.05456820875406265,0.017955068
183,20,polarity,-1,0.18624195,0.42239666,0.90687937,72.1283,0.0155781135,0.014227748,0.10040798038244247,0.03720536828041077,0.0155781135
184,20,vocab,-1,0.7893346,1.7902105,0.6053332,71.476364,1.4845926,1.3820416,0.6093785166740417,0.54617590457201,1.4845926
185,20,cat,-1,0.7546545,1.7115561,0.6226732,71.65733,1.388335,1.3033872,3.249744415283203,3.1865418031811714,1.388335
186,20,shuffle,-1,0.18071745,0.4098671,0.9096416,72.1693,0.0026493282,0.0016981959,0.06338108330965042,0.00017847120761871338,0.0026493282
187,20,unrelated,58,1.2361273,2.8035362,0.3819368,71.920296,2.5884616,2.3953671,2.2408370971679688,2.177634485065937,2.5884616
188,20,unrelated_token,58,1.0905263,2.4733133,0.4547375,71.86333,2.223638,2.0651445,0.6728242039680481,0.6096215918660164,2.223638
190,21,paraphrase,-1,0.15143946,0.3434646,0.92428046,71.77256,0.011451099,0.007318914,0.02728363871574402,-0.003301195800304413,0.011451099
191,21,translate,-1,0.15438904,0.35015428,0.9228058,71.77474,0.01275239,0.014008582,0.02999604493379593,-0.0005887895822525024,0.01275239
192,21,polarity,-1,0.15245736,0.34577322,0.92377174,71.8145,0.004455653,0.009627521,0.032443027943372726,0.001858193427324295,0.004455653
193,21,vocab,-1,0.24545202,0.5566851,0.87727433,71.74009,0.28102213,0.22053939,0.06828319281339645,0.03769835829734802,0.28102213
194,21,cat,-1,0.42055407,0.9538165,0.78972304,71.77378,0.79102135,0.6176708,4.600783824920654,4.570198990404606,0.79102135
195,21,shuffle,-1,0.15392616,0.34910446,0.923037,71.80006,0.022538183,0.012958765,0.027196668088436127,-0.0033881664276123047,0.022538183
196,21,unrelated,251,0.65978426,1.4963905,0.670108,71.89273,1.2713006,1.1602447,0.9215664863586426,0.8909816518425941,1.2713006
197,21,unrelated_token,251,0.5867993,1.3308606,0.70660037,71.7806,1.1188203,0.9947149,0.08455797284841537,0.05397313833236694,1.1188203
199,22,paraphrase,-1,0.07554033,0.17132543,0.96223,72.0565,0.0075462447,-0.0025301725,0.0796578899025917,-0.012373894453048706,0.0075462447
200,22,translate,-1,0.09534991,0.21625355,0.9523252,72.05698,0.028197737,0.042397946,0.06761708855628967,-0.02441469579935074,0.028197737
201,22,polarity,-1,0.07716061,0.17500024,0.96141994,72.07551,0.006579309,0.0011446327,0.11405263841152191,0.0220208540558815,0.006579309
202,22,vocab,-1,0.13067473,0.29637024,0.9346627,71.84017,0.15354015,0.122514635,0.0214836485683918,-0.07054813578724861,0.15354015
203,22,cat,-1,0.29590535,0.6711132,0.8520475,72.05916,0.4742808,0.4972576,5.94892692565918,5.856895141303539,0.4742808
204,22,shuffle,-1,0.0854014,0.19369034,0.95729953,72.039276,0.026362803,0.019834742,0.07225703448057175,-0.019774749875068665,0.026362803
205,22,unrelated,130,0.830095,1.882655,0.5849526,71.99268,1.8021278,1.7087994,17.544872283935547,17.452840499579906,1.8021278
206,22,unrelated_token,130,0.76537985,1.7358812,0.61731005,71.92139,1.6680444,1.5620255,17.590681076049805,17.498649291694164,1.6680444
208,23,paraphrase,-1,0.19155535,0.43444744,0.9042228,71.84058,0.04589186,0.03479573,0.17774036526679993,0.030769765377044678,0.04589186
209,23,translate,-1,0.19749448,0.44791737,0.90125316,71.914314,0.06164575,0.048265666,0.15287739038467407,0.005906790494918823,0.06164575
210,23,polarity,-1,0.18691118,0.42391446,0.9065449,71.91467,0.024191251,0.024262756,0.12133584171533585,-0.025634758174419403,0.024191251
211,23,vocab,-1,0.2650363,0.60110223,0.8674822,71.81854,0.23235026,0.20145053,0.22612720727920532,0.07915660738945007,0.23235026
212,23,cat,-1,0.5011479,1.1366032,0.7494264,71.73565,0.90661395,0.73695153,2.5074522495269775,2.3604816496372223,0.90661395
213,23,shuffle,-1,0.2116977,0.48013029,0.89415133,71.867226,0.054618593,0.08047858,0.1049744039773941,-0.041996195912361145,0.054618593
214,23,unrelated,112,0.8332492,1.8898089,0.58337563,71.86492,1.7046647,1.4901571,3.81565523147583,3.668684631586075,1.7046647
215,23,unrelated_token,112,0.66561043,1.5096042,0.66719496,71.680176,1.2935888,1.1099524,0.6662984490394592,0.519327849149704,1.2935888
217,24,paraphrase,-1,0.06852752,0.15542038,0.9657367,72.0939,0.0070205512,0.0049019754,0.0005105832824483514,0.00011261535109952092,0.0070205512
218,24,translate,-1,0.07206216,0.16343693,0.9639693,72.10324,0.010900065,0.012918532,0.00036707648541778326,-3.08914459310472e-05,0.010900065
219,24,polarity,-1,0.06812606,0.15450987,0.9659374,72.12253,0.0064585777,0.0039914697,0.002220821799710393,0.0018228538683615625,0.0064585777
220,24,vocab,-1,0.11024368,0.2500326,0.94487864,72.000275,0.10074899,0.0995142,0.004930040333420038,0.004532072402071208,0.10074899
221,24,cat,-1,0.5494606,1.2461764,0.7252702,72.06179,1.1002079,1.095658,12.221673965454102,12.221275997522753,1.1002079
222,24,shuffle,-1,0.06898022,0.1564471,0.9655103,72.11561,0.0032921273,0.005928695,0.002341859508305788,0.0019438915769569576,0.0032921273
223,24,unrelated,84,0.8153755,1.8492713,0.5923127,72.13656,1.7166239,1.6987529,14.913182258605957,14.912784290674608,1.7166239
224,24,unrelated_token,84,0.6008998,1.3628405,0.69955045,72.22016,1.2412511,1.2123221,0.033491574227809906,0.033093606296461076,1.2412511
226,25,paraphrase,-1,0.13211155,0.29962894,0.93394446,72.01181,0.013966823,0.019428581,0.006211724132299423,-0.00027315132319927216,0.013966823
227,25,translate,-1,0.1326867,0.3009334,0.9336568,72.00132,0.021384094,0.020733029,0.0066279396414756775,0.00014306418597698212,0.021384094
228,25,polarity,-1,0.12973683,0.29424307,0.9351317,72.01947,0.010830433,0.014042705,0.006244549993425608,-0.0002403254620730877,0.010830433
229,25,vocab,-1,0.20804827,0.47185338,0.8959758,71.824554,0.20954302,0.19165301,0.012751624919474125,0.0062667494639754295,0.20954302
230,25,cat,-1,0.39056057,0.8857912,0.8047198,71.83415,0.6111068,0.6055908,4.677099227905273,4.670614352449775,0.6111068
231,25,shuffle,-1,0.13947737,0.3163346,0.9302615,71.99124,0.04150717,0.036134243,0.004050492774695158,-0.0024343826808035374,0.04150717
232,25,unrelated,147,0.8305625,1.8837153,0.58471906,72.01205,1.7003186,1.6035149,7.498818397521973,7.492333522066474,1.7003186
233,25,unrelated_token,147,0.7638732,1.7324641,0.61806375,71.95258,1.5476718,1.4522637,0.09344658255577087,0.08696170710027218,1.5476718
235,26,paraphrase,-1,0.07843537,0.17789139,0.96078265,71.78272,0.008686608,0.007025659,0.012574644759297371,0.0030655907467007637,0.008686608
236,26,translate,-1,0.079039454,0.17926145,0.9604804,71.77399,0.007443997,0.008395717,0.014788039028644562,0.0052789850160479546,0.007443997
237,26,polarity,-1,0.07737213,0.17547995,0.9613143,71.78154,0.0050371783,0.004614219,0.01010753121227026,0.0005984771996736526,0.0050371783
238,26,vocab,-1,0.09512915,0.21575287,0.95243585,71.744064,0.059756868,0.04488714,0.00899516511708498,-0.0005138888955116272,0.059756868
239,26,cat,-1,0.36653635,0.83130425,0.8167321,71.826324,0.6820563,0.66043854,6.086341381072998,6.076832327060401,0.6820563
240,26,shuffle,-1,0.07611431,0.17262723,0.9619428,71.78645,0.0022147503,0.0017614961,0.009670821949839592,0.00016176793724298477,0.0022147503
241,26,unrelated,36,0.64982873,1.4738113,0.67508584,72.071815,1.3794096,1.3029455,5.071608543395996,5.0620994893833995,1.3794096
242,26,unrelated_token,36,0.6154711,1.3958882,0.6922646,72.168755,1.270009,1.2250224,0.07942021638154984,0.06991116236895323,1.270009
244,27,paraphrase,-1,0.1488637,0.33762282,0.9255686,72.01272,0.008932717,0.010301471,0.12939083576202393,0.016290701925754547,0.008932717
245,27,translate,-1,0.15612453,0.35409036,0.9219381,71.99608,0.012417625,0.026769012,0.1343093067407608,0.021209172904491425,0.012417625
246,27,polarity,-1,0.14532757,0.32960287,0.9273365,72.009895,0.014535549,0.0022815168,0.11667107790708542,0.00357094407081604,0.014535549
247,27,vocab,-1,0.39112493,0.8870712,0.804438,71.60643,0.8488702,0.55974984,0.08959005028009415,-0.023510083556175232,0.8488702
248,27,cat,-1,0.5194017,1.1780028,0.74029964,72.00163,1.0342515,0.8506815,2.6931183338165283,2.580018199980259,1.0342515
249,27,shuffle,-1,0.15438315,0.35014093,0.92280877,71.9946,0.018155891,0.022819579,0.12411348521709442,0.011013351380825043,0.018155891
250,27,unrelated,18,1.02239,2.3187802,0.48880544,72.11403,2.355082,1.9914589,2.1674575805664062,2.054357446730137,2.355082
251,27,unrelated_token,18,0.92879474,2.106506,0.535603,71.98256,2.1505578,1.7791848,0.1938900649547577,0.08078993111848831,2.1505578
253,28,paraphrase,-1,0.071202,0.1614861,0.9643993,71.81578,0.009449158,0.0015372038,0.0059568616561591625,-0.0035391789861023426,0.009449158
254,28,translate,-1,0.07267668,0.16483068,0.9636617,71.836365,0.01942292,0.0048817843,0.006969757378101349,-0.0025262832641601562,0.01942292
255,28,polarity,-1,0.07463692,0.1692765,0.9626819,71.84282,0.003438988,0.009327605,0.011117528192698956,0.0016214875504374504,0.003438988
256,28,vocab,-1,0.15186119,0.34442112,0.9240698,71.69998,0.17027587,0.18447222,0.008311471901834011,-0.001184568740427494,0.17027587
257,28,cat,-1,0.4114092,0.9330759,0.7942957,71.596085,0.8478367,0.773127,7.558614253997803,7.549118213355541,0.8478367
258,28,shuffle,-1,0.09032007,0.20484589,0.9548402,71.77071,0.041016106,0.04489699,0.029147904366254807,0.0196518637239933,0.041016106
259,28,unrelated,194,0.7932667,1.7991285,0.6033669,71.95903,1.8240536,1.6391796,10.360642433166504,10.351146392524242,1.8240536
260,28,unrelated_token,194,0.52081484,1.1812078,0.73959297,72.14354,1.1308138,1.0212588,5.374889373779297,5.365393333137035,1.1308138
262,29,paraphrase,-1,0.06846223,0.1552723,0.9657693,71.80107,0.0124005815,0.010024488,0.002875257283449173,-0.0057691410183906555,0.0124005815
263,29,translate,-1,0.0774202,0.17558898,0.96129036,71.76986,0.015263769,0.030341163,0.027081109583377838,0.01843671128153801,0.015263769
264,29,polarity,-1,0.068394616,0.15511896,0.965803,71.80893,0.0053109955,0.00987114,0.007924837060272694,-0.0007195612415671349,0.0053109955
265,29,vocab,-1,0.1723887,0.3909775,0.9138059,71.79725,0.22851633,0.24572968,0.03510051220655441,0.026456113904714584,0.22851633
266,29,cat,-1,0.30729294,0.69694024,0.8463538,71.741356,0.5486912,0.5516924,3.344815254211426,3.336170855909586,0.5486912
267,29,shuffle,-1,0.08226348,0.18657354,0.9588687,71.750725,0.03563117,0.04132572,0.013495562598109245,0.004851164296269417,0.03563117
268,29,unrelated,132,0.7659075,1.737078,0.6170466,71.76625,1.6050782,1.5918301,7.295243740081787,7.286599341779947,1.6050782
269,29,unrelated_token,132,0.70374244,1.5960876,0.6481294,71.665054,1.4451734,1.4508398,0.07214263081550598,0.06349823251366615,1.4451734
271,30,paraphrase,-1,0.098291375,0.2229248,0.95085484,71.938095,0.016400062,-0.00023895502,0.2391202747821808,-0.041289687156677246,0.016400062
272,30,translate,-1,0.11006449,0.24962622,0.9449683,71.9244,0.023447718,0.026462466,0.4323453903198242,0.1519354283809662,0.023447718
273,30,polarity,-1,0.10871965,0.24657612,0.9456407,71.98075,0.0072855423,0.023412362,0.34192320704460144,0.06151324510574341,0.0072855423
274,30,vocab,-1,0.29110363,0.6602229,0.8544485,71.627716,0.43261498,0.43705913,0.4911841154098511,0.21077415347099304,0.43261498
275,30,cat,-1,0.46267337,1.049343,0.76866376,71.540245,0.74191386,0.82617927,4.155587196350098,3.8751772344112396,0.74191386
276,30,shuffle,-1,0.10457796,0.23718277,0.9477116,71.98361,0.0047213132,0.014019012,0.29199865460395813,0.011588692665100098,0.0047213132
277,30,unrelated,134,0.82402295,1.8688837,0.58798885,71.88705,1.706684,1.64572,7.064028263092041,6.783618301153183,1.706684
278,30,unrelated_token,134,0.82428235,1.869472,0.5878593,71.731476,1.6957966,1.6463083,3.5091257095336914,3.2287157475948334,1.6957966
280,31,paraphrase,-1,0.24171834,0.54821706,0.8791408,71.76019,0.014213596,0.023459136,0.00402627419680357,0.0012727745342999697,0.014213596
281,31,translate,-1,0.24963494,0.56617194,0.8751826,71.80229,0.02193587,0.041414022,0.007645444944500923,0.004891945281997323,0.02193587
282,31,polarity,-1,0.21765395,0.49363905,0.8911733,71.73778,0.00975234,-0.03111887,0.0036134691908955574,0.0008599695283919573,0.00975234
283,31,vocab,-1,0.28736585,0.6517456,0.8563174,71.6613,0.10323055,0.1269877,0.006087898276746273,0.003334398614242673,0.10323055
284,31,cat,-1,0.54043424,1.2257047,0.72978294,71.6552,0.7805235,0.70094675,3.7304434776306152,3.7276899779681116,0.7805235
285,31,shuffle,-1,0.20924976,0.47457838,0.89537495,71.80394,0.23881721,-0.05017954,0.004063487984240055,0.001309988321736455,0.23881721
286,31,unrelated,97,0.81654227,1.8519175,0.5917289,71.959984,1.5635803,1.3271596,1.987735390663147,1.9849818910006434,1.5635803
287,31,unrelated_token,97,0.7622907,1.728875,0.6188548,71.824295,1.4318295,1.2041171,0.09726475924253464,0.09451125958003104,1.4318295
289,32,paraphrase,-1,0.060012437,0.13610817,0.9699945,71.90412,0.00963545,-0.0012844801,0.02420569211244583,0.0020453855395317078,0.00963545
290,32,translate,-1,0.062828854,0.14249581,0.9685862,71.885826,0.018060185,0.005103156,0.025751080363988876,0.003590773791074753,0.018060185
291,32,polarity,-1,0.06596539,0.14960948,0.96701807,71.94251,0.0061893077,0.012216821,0.023027105256915092,0.0008667986840009689,0.0061893077
292,32,vocab,-1,0.120580815,0.27347723,0.93970984,71.689384,0.22935021,0.13608457,0.034148335456848145,0.011988028883934021,0.22935021
293,32,cat,-1,0.40683404,0.9226994,0.79658365,71.837616,0.84873205,0.78530675,7.727382183074951,7.705221876502037,0.84873205
294,32,shuffle,-1,0.08003833,0.1815269,0.9599816,71.94687,0.024110682,0.044134244,0.031455591320991516,0.009295284748077393,0.024110682
295,32,unrelated,87,0.90379107,2.0497978,0.548105,72.025185,2.0601256,1.9124051,6.222176551818848,6.2000162452459335,2.0601256
296,32,unrelated_token,87,0.80403316,1.8235469,0.597984,71.65519,1.8354895,1.6861542,0.1723024994134903,0.15014219284057617,1.8354895
298,33,paraphrase,-1,0.08004443,0.18154074,0.9599782,72.297554,0.013295686,0.013400778,0.007489865645766258,0.003494106698781252,0.013295686
299,33,translate,-1,0.07850279,0.17804429,0.9607487,72.32271,0.011575608,0.009904325,0.008753148838877678,0.004757389891892672,0.011575608
300,33,polarity,-1,0.07812108,0.17717858,0.96093976,72.34426,0.0028858946,0.009038612,0.004006263799965382,1.050485298037529e-05,0.0028858946
301,33,vocab,-1,0.11091089,0.25154585,0.9445448,72.28839,0.076745905,0.08340588,0.00311068631708622,-0.0008850726298987865,0.076745905
302,33,cat,-1,0.6215667,1.409713,0.6892172,72.02848,1.2673805,1.2415731,11.716287612915039,11.712291853968054,1.2673805
303,33,shuffle,-1,0.07467883,0.16937156,0.9626609,72.33938,0.0020271703,0.0012315959,0.003996670711785555,9.117648005485535e-07,0.0020271703
304,33,unrelated,131,0.9767087,2.215175,0.51164603,72.123344,2.1290143,2.047035,10.060276985168457,10.056281226221472,2.1290143
305,33,unrelated_token,131,0.8360149,1.8960814,0.58199275,71.85429,1.820784,1.7279415,0.0336584635078907,0.029662704560905695,1.820784
307,34,paraphrase,-1,0.23766156,0.5390163,0.88116956,71.604645,0.050673857,-0.013158917,0.005717745050787926,-0.005470536649227142,0.050673857
308,34,translate,-1,0.25666255,0.5821105,0.871669,71.583626,0.013920596,0.0299353,0.007980909198522568,-0.0032073725014925003,0.013920596
309,34,polarity,-1,0.24458405,0.5547165,0.8777083,71.59425,0.009860193,0.0025413036,0.012298375368118286,0.001110093668103218,0.009860193
310,34,vocab,-1,0.3239731,0.73477083,0.8380137,71.71062,0.24710058,0.18259561,0.008666626177728176,-0.002521655522286892,0.24710058
311,34,cat,-1,0.35217017,0.7987218,0.8239153,71.54095,0.4298073,0.24654657,2.5481576919555664,2.5369694102555513,0.4298073
312,34,shuffle,-1,0.23902926,0.54211825,0.88048595,71.608696,0.0030461312,-0.0100569725,0.01079736091196537,-0.0003909207880496979,0.0030461312
313,34,unrelated,24,0.8408901,1.9071383,0.5795552,72.11938,1.4827688,1.3549631,1.5524758100509644,1.5412875283509493,1.4827688
314,34,unrelated_token,24,0.8818196,1.9999665,0.5590904,72.34816,1.5680866,1.4477913,0.13351382315158844,0.12232554145157337,1.5680866
316,35,paraphrase,-1,0.05108137,0.11585253,0.9744596,71.90438,0.011809806,0.013671346,0.020313959568738937,0.00391533225774765,0.011809806
317,35,translate,-1,0.047249828,0.10716259,0.9763754,71.901344,0.010275267,0.004981406,0.017567675560712814,0.001169048249721527,0.010275267
318,35,polarity,-1,0.0470607,0.10673364,0.9764699,71.91471,0.004305455,0.004552461,0.01931985467672348,0.002921227365732193,0.004305455
319,35,vocab,-1,0.14160109,0.3211512,0.9291999,71.92753,0.226117,0.21897002,0.10094880312681198,0.0845501758158207,0.226117
320,35,cat,-1,0.27989525,0.6348023,0.86005265,71.93457,0.5808212,0.5326211,0.800566554069519,0.7841679267585278,0.5808212
321,35,shuffle,-1,0.057842422,0.13118659,0.9710793,71.96504,0.02941508,0.029005408,0.026441551744937897,0.01004292443394661,0.02941508
322,35,unrelated,170,0.78766906,1.7864331,0.6061659,72.024605,1.8243304,1.6842519,8.4425630569458,8.42616442963481,1.8243304
323,35,unrelated_token,170,0.73813546,1.6740909,0.63093275,72.03693,1.700193,1.5719097,0.28008532524108887,0.2636866979300976,1.700193
325,36,paraphrase,-1,0.091557406,0.20765215,0.9542216,72.06938,0.020818124,0.030870289,0.06746387481689453,0.027309566736221313,0.020818124
326,36,translate,-1,0.080561124,0.1827126,0.9597198,72.05651,0.010800836,0.0059307367,0.03991221636533737,-0.00024209171533584595,0.010800836
327,36,polarity,-1,0.07919486,0.1796139,0.9604029,72.07464,0.0041986695,0.0028320402,0.03936341032385826,-0.0007908977568149567,0.0041986695
328,36,vocab,-1,0.15102775,0.34253088,0.92448646,71.94336,0.16781132,0.16574901,0.14582718908786774,0.10567288100719452,0.16781132
329,36,cat,-1,0.38420475,0.8713762,0.80789787,72.03134,0.7526625,0.6945944,4.979617118835449,4.939462810754776,0.7526625
330,36,shuffle,-1,0.096055456,0.21785372,0.9519727,72.080414,0.056201916,0.041071862,0.05898696929216385,0.01883266121149063,0.056201916
331,36,unrelated,122,0.7506462,1.7024652,0.6246772,71.92981,1.5752519,1.5256833,2.1375253200531006,2.0973710119724274,1.5752519
332,36,unrelated_token,122,0.4627737,1.0495706,0.76861334,72.07489,0.91618377,0.87278867,0.611725926399231,0.5715716183185577,0.91618377
334,37,paraphrase,-1,0.056686737,0.12856549,0.9716571,72.04132,0.012869522,0.017648429,0.013960815034806728,0.0013831844553351402,0.012869522
335,37,translate,-1,0.05123649,0.116204344,0.9743823,72.04605,0.009088671,0.005287282,0.010166717693209648,-0.00241091288626194,0.009088671
336,37,polarity,-1,0.047950473,0.10875165,0.9760252,72.06369,0.0029161328,-0.0021654144,0.009498301893472672,-0.0030793286859989166,0.0029161328
337,37,vocab,-1,0.13298087,0.30160055,0.93350995,71.942215,0.19248955,0.19068348,0.05049080401659012,0.03791317343711853,0.19248955
338,37,cat,-1,0.43193045,0.9796181,0.78403515,71.941895,0.8838244,0.868701,7.329370975494385,7.316793344914913,0.8838244
339,37,shuffle,-1,0.050848275,0.115323864,0.9745761,72.03338,0.012839471,0.0044068024,0.008585535921156406,-0.003992094658315182,0.012839471
340,37,unrelated,113,0.89733267,2.03515,0.5513342,71.679375,1.9676698,1.924233,10.724883079528809,10.712305448949337,1.9676698
341,37,unrelated_token,113,0.75179964,1.7050812,0.6241007,71.85749,1.6034404,1.5941641,0.40425097942352295,0.39167334884405136,1.6034404
343,38,paraphrase,-1,0.14359915,0.32568282,0.9282007,71.88148,0.027171323,2.0205975e-05,0.03687363117933273,-0.01817084476351738,0.027171323
344,38,translate,-1,0.14142498,0.3207518,0.9292877,71.87242,0.009649752,-0.0049108267,0.047916390001773834,-0.007128085941076279,0.009649752
345,38,polarity,-1,0.14997509,0.34014344,0.9250128,71.89506,0.010566841,0.014480829,0.04698188230395317,-0.008062593638896942,0.010566841
346,38,vocab,-1,0.25297627,0.5737501,0.8735123,71.735176,0.34768862,0.24808747,0.07808889448642731,0.023044418543577194,0.34768862
347,38,cat,-1,0.32874542,0.7455945,0.8356275,71.86888,0.51288384,0.4199319,4.257736682891846,4.202692206948996,0.51288384
348,38,shuffle,-1,0.14626792,0.33173558,0.9268664,71.887634,0.018868344,0.0060729682,0.05413356050848961,-0.0009109154343605042,0.018868344
349,38,unrelated,226,1.2405983,2.8136764,0.37970102,72.441086,2.6902144,2.4880137,2.292505979537964,2.2374615035951138,2.6902144
350,38,unrelated_token,226,0.7225033,1.6386372,0.6387487,71.95066,1.4931463,1.3129746,0.18447789549827576,0.12943341955542564,1.4931463
352,39,paraphrase,-1,0.04587213,0.10403797,0.9770644,72.188324,0.0042482927,-0.002303429,0.04444661736488342,0.002691175788640976,0.0042482927
353,39,translate,-1,0.046349727,0.10512116,0.9768255,72.18131,0.004478187,-0.0012202412,0.041856661438941956,0.00010121986269950867,0.004478187
354,39,polarity,-1,0.047304876,0.10728744,0.9763479,72.182724,0.0031953903,0.0009460375,0.034359805285930634,-0.007395636290311813,0.0031953903
355,39,vocab,-1,0.098319784,0.22298923,0.95084053,72.08638,0.12722617,0.11664783,0.04105447977781296,-0.0007009617984294891,0.12722617
356,39,cat,-1,0.3536572,0.80209434,0.82317185,72.05049,0.76552397,0.6957529,6.974761962890625,6.9330065213143826,0.76552397
357,39,shuffle,-1,0.063722715,0.14452308,0.9681389,72.1696,0.026951997,0.038181685,0.048628710210323334,0.006873268634080887,0.026951997
358,39,unrelated,41,0.5222179,1.1843901,0.7388915,71.86902,1.1736251,1.0780487,0.6422763466835022,0.6005209051072598,1.1736251
359,39,unrelated_token,41,0.46312276,1.0503622,0.76843905,71.91431,1.0319539,0.9440208,0.04163924232125282,-0.00011619925498962402,1.0319539
361,40,paraphrase,-1,0.0684429,0.15522848,0.9657788,71.71043,0.016454848,0.032148995,0.020122703164815903,0.006541367620229721,0.016454848
362,40,translate,-1,0.0746655,0.16934133,0.9626675,71.76759,0.044252012,0.04626184,0.034934982657432556,0.021353647112846375,0.044252012
363,40,polarity,-1,0.055105545,0.124979354,0.9724475,71.73898,0.0073197265,0.0018998682,0.016548190265893936,0.0029668547213077545,0.0073197265
364,40,vocab,-1,0.13828307,0.31362596,0.93085855,71.70064,0.17594962,0.19054648,0.025608070194721222,0.01202673465013504,0.17594962
365,40,cat,-1,0.4201681,0.95294106,0.7899163,71.859436,0.8206074,0.8298616,6.579663276672363,6.566081941127777,0.8206074
366,40,shuffle,-1,0.068754844,0.15593596,0.96562296,71.72915,0.0330672,0.03285647,0.023462016135454178,0.009880680590867996,0.0330672
367,40,unrelated,138,0.72519934,1.6447518,0.6374008,72.10787,1.5376731,1.5216722,6.0232391357421875,6.009657800197601,1.5376731
368,40,unrelated_token,138,0.6390479,1.4493604,0.6804764,72.206184,1.3590689,1.3262808,0.599833607673645,0.5862522721290588,1.3590689
370,41,paraphrase,-1,0.10199827,0.23133203,0.9490008,71.87557,0.011608954,0.015260741,0.027422554790973663,0.0021966006606817245,0.011608954
371,41,translate,-1,0.100060046,0.22693615,0.94997007,71.84294,0.012994376,0.010864854,0.0245234165340662,-0.0007025375962257385,0.012994376
372,41,polarity,-1,0.09305408,0.2110466,0.9534729,71.85431,0.009766761,-0.0050246865,0.018114324659109116,-0.007111629471182823,0.009766761
373,41,vocab,-1,0.19832824,0.44980836,0.9008359,71.72783,0.28734002,0.23373707,0.025022976100444794,-0.00020297802984714508,0.28734002
374,41,cat,-1,0.37520486,0.8509645,0.8123978,71.94782,0.62570417,0.6348932,5.936859607696533,5.911633653566241,0.62570417
375,41,shuffle,-1,0.09268497,0.21020947,0.95365757,71.84973,0.016625324,-0.005861819,0.019573844969272614,-0.005652109161019325,0.016625324
376,41,unrelated,171,0.73110044,1.6581354,0.6344497,72.06961,1.4899735,1.4420642,9.424114227294922,9.39888827316463,1.4899735
377,41,unrelated_token,171,0.543266,1.2321271,0.728367,72.091385,1.0782925,1.0160558,0.051305584609508514,0.026079630479216576,1.0782925
379,42,paraphrase,-1,0.06687778,0.15167879,0.9665611,71.98934,0.016326964,0.009150535,0.0035577586386352777,-0.0036453597713261843,0.016326964
380,42,translate,-1,0.06752996,0.15315792,0.9662351,71.96927,0.013627091,0.010629669,0.006802483461797237,-0.0004006349481642246,0.013627091
381,42,polarity,-1,0.07021882,0.15925625,0.9648908,72.01518,0.0065123593,0.016727999,0.008381213061511517,0.0011780946515500546,0.0065123593
382,42,vocab,-1,0.15942177,0.3615685,0.9202892,71.87054,0.21533324,0.21904026,0.00828583538532257,0.0010827169753611088,0.21533324
383,42,cat,-1,0.38439766,0.8718137,0.8078013,71.96931,0.82027864,0.7292855,6.479930400848389,6.472727282438427,0.82027864
384,42,shuffle,-1,0.05939368,0.13470484,0.9703033,71.9965,0.0058794366,-0.007823408,0.00813004095107317,0.0009269225411117077,0.0058794366
385,42,unrelated,108,0.6562417,1.4883559,0.67187923,71.862724,1.4346137,1.3458276,6.713902473449707,6.706699355039746,1.4346137
386,42,unrelated_token,108,0.56951964,1.2916703,0.7152405,71.63533,1.2340665,1.149142,0.44030991196632385,0.4331067935563624,1.2340665
388,43,paraphrase,-1,0.09474366,0.21487859,0.9526285,72.0241,0.0156052625,0.0048594624,0.024393148720264435,0.008128764107823372,0.0156052625
389,43,translate,-1,0.09162558,0.20780677,0.9541876,72.0297,0.012567595,-0.0022123605,0.009616159833967686,-0.006648224778473377,0.012567595
390,43,polarity,-1,0.09031962,0.20484486,0.95484054,72.053,0.008668846,-0.0051742643,0.01632879488170147,6.44102692604065e-05,0.008668846
391,43,vocab,-1,0.21502352,0.48767325,0.89248866,71.92668,0.2951524,0.2776541,0.007007462903857231,-0.009256921708583832,0.2951524
392,43,cat,-1,0.30754468,0.6975112,0.84622794,71.92109,0.50174993,0.48749208,0.17355504631996155,0.15729066170752048,0.50174993
393,43,shuffle,-1,0.103371166,0.23444575,0.94831467,72.01394,0.062883645,0.024426624,0.01641097664833069,0.00014659203588962555,0.062883645
394,43,unrelated,176,0.75648135,1.7156993,0.62175965,72.175896,1.6439575,1.5056802,1.7394170761108398,1.7231526914983988,1.6439575
395,43,unrelated_token,176,0.6541048,1.4835094,0.6729482,71.86475,1.3648895,1.2734903,0.15023575723171234,0.13397137261927128,1.3648895
397,44,paraphrase,-1,0.1294581,0.2936109,0.93527114,71.97679,0.013528701,0.019827425,0.007442443631589413,-0.0022152792662382126,0.013528701
398,44,translate,-1,0.12383239,0.2808518,0.9380841,72.019554,0.01844018,0.007068336,0.006877842824906111,-0.0027798800729215145,0.01844018
399,44,polarity,-1,0.12635584,0.286575,0.93682265,72.00728,0.010841892,0.012791514,0.012668702751398087,0.0030109798535704613,0.010841892
400,44,vocab,-1,0.17919418,0.40641233,0.9104032,71.86932,0.13375056,0.13262886,0.028764942660927773,0.019107219763100147,0.13375056
401,44,cat,-1,0.14402343,0.32664508,0.92798847,71.99698,0.06622672,0.0528616,0.010165579617023468,0.0005078567191958427,0.06622672
402,44,shuffle,-1,0.15764494,0.35753867,0.9211778,71.81844,0.07143063,0.083755195,0.019826512783765793,0.010168789885938168,0.07143063
403,44,unrelated,31,0.7490374,1.6988164,0.62548155,71.7656,1.4729732,1.425033,4.167316436767578,4.1576587138697505,1.4729732
404,44,unrelated_token,31,0.83285654,1.8889183,0.583572,71.64814,1.6541545,1.6151348,0.08985929936170578,0.08020157646387815,1.6541545
406,45,paraphrase,-1,0.062823705,0.14248413,0.9685884,71.89597,0.00621702,0.010644659,0.022208930924534798,0.005146699026226997,0.00621702
407,45,translate,-1,0.06325712,0.14346713,0.96837187,71.90583,0.0096677635,0.011627659,0.022364718839526176,0.005302486941218376,0.0096677635
408,45,polarity,-1,0.059890635,0.13583194,0.9700552,71.923,0.011106596,0.003992468,0.018120672553777695,0.0010584406554698944,0.011106596
409,45,vocab,-1,0.17169556,0.38940546,0.9141525,71.737114,0.22978248,0.25756598,0.05728886276483536,0.04022663086652756,0.22978248
410,45,cat,-1,0.21960983,0.49807498,0.89019537,71.74278,0.40501374,0.3662355,3.9245429039001465,3.9074806720018387,0.40501374
411,45,shuffle,-1,0.06206746,0.14076898,0.9689664,71.925896,0.009251951,0.008929506,0.016191881150007248,-0.0008703507483005524,0.009251951
412,45,unrelated,164,0.63353395,1.4368547,0.6832333,71.81554,1.3427566,1.3050152,6.085398197174072,6.0683359652757645,1.3427566
413,45,unrelated_token,164,0.5555302,1.2599422,0.72223526,71.73026,1.141823,1.1281027,0.08280306309461594,0.06574083119630814,1.141823
415,46,paraphrase,-1,0.14839403,0.3365576,0.9258032,71.86405,0.018626004,-0.0029738247,0.014040161855518818,-0.0021799979731440544,0.018626004
416,46,translate,-1,0.16336922,0.37052134,0.91831565,71.8901,0.014044366,0.030989915,0.01617571711540222,-4.4442713260650635e-05,0.014044366
417,46,polarity,-1,0.14505784,0.32899112,0.92747116,71.90223,0.01406773,-0.010540307,0.012844959273934364,-0.003375200554728508,0.01406773
418,46,vocab,-1,0.2310895,0.5241109,0.8844553,71.77832,0.19172096,0.18457949,0.02143186330795288,0.0052117034792900085,0.19172096
419,46,cat,-1,0.26820704,0.6082935,0.86589676,71.83461,0.35705373,0.26876205,0.1765834093093872,0.16036324948072433,0.35705373
420,46,shuffle,-1,0.1548618,0.35122648,0.9225692,71.915886,0.07271841,0.011695057,0.024046655744314194,0.007826495915651321,0.07271841
421,46,unrelated,56,0.837818,1.9001709,0.58109117,72.015915,1.8504258,1.5606395,5.278552532196045,5.262332372367382,1.8504258
422,46,unrelated_token,56,0.77839226,1.7653933,0.610804,72.0198,1.6902124,1.4258618,0.13055099546909332,0.11433083564043045,1.6902124
424,47,paraphrase,-1,0.087132186,0.19761576,0.9564342,71.74864,0.013594276,0.022738025,0.015567723661661148,-0.002119116485118866,0.013594276
425,47,translate,-1,0.08347227,0.18931507,0.9582642,71.74228,0.020375289,0.014437333,0.019428342580795288,0.001741502434015274,0.020375289
426,47,polarity,-1,0.084034145,0.1905894,0.95798314,71.74396,0.011710355,0.015711665,0.019928112626075745,0.0022412724792957306,0.011710355
427,47,vocab,-1,0.2209795,0.5011814,0.88951033,71.5772,0.3315328,0.3263037,0.06271921843290329,0.045032378286123276,0.3315328
428,47,cat,-1,0.41555113,0.9424698,0.7922246,71.82906,0.8135804,0.7675921,4.134471416473389,4.116784576326609,0.8135804
429,47,shuffle,-1,0.10340881,0.23453115,0.94829595,71.754105,0.068161145,0.059653416,0.025082845240831375,0.007396005094051361,0.068161145
430,47,unrelated,144,0.98611766,2.2365143,0.5069415,71.871445,2.1263876,2.0616367,5.94851016998291,5.93082332983613,2.1263876
431,47,unrelated_token,144,0.91851604,2.083194,0.54074234,71.67299,1.9595535,1.9083163,0.4365767240524292,0.4188898839056492,1.9595535
433,48,paraphrase,-1,0.11342953,0.25725812,0.9432855,71.94406,0.009870152,0.0222677,0.012530779466032982,-0.0004560369998216629,0.009870152
434,48,translate,-1,0.10677381,0.24216296,0.9466133,71.94951,0.005548302,0.00717254,0.014827417209744453,0.0018406007438898087,0.005548302
435,48,polarity,-1,0.10404153,0.23596615,0.9479791,71.94456,0.013448618,0.00097572803,0.012452788650989532,-0.0005340278148651123,0.013448618
436,48,vocab,-1,0.22189477,0.5032572,0.8890527,72.01144,0.22537567,0.2682668,0.017178550362586975,0.00419173389673233,0.22537567
437,48,cat,-1,0.4973445,1.1279771,0.75132805,71.89448,0.9420634,0.8929867,3.9714932441711426,3.958506427705288,0.9420634
438,48,shuffle,-1,0.12835154,0.29110125,0.9358243,71.93744,0.1276382,0.05611083,0.01146282535046339,-0.0015239911153912544,0.1276382
439,48,unrelated,76,0.7657483,1.7367169,0.6171261,71.97724,1.5044485,1.5017264,3.086423397064209,3.0734365805983543,1.5044485
440,48,unrelated_token,76,0.62124455,1.4089824,0.6893777,71.99118,1.1348147,1.1739919,0.06411146372556686,0.05112464725971222,1.1348147
442,49,paraphrase,-1,0.1008725,0.2287788,0.94956404,71.789894,0.00836988,0.015841872,0.052565209567546844,-0.010034240782260895,0.00836988
443,49,translate,-1,0.09480907,0.21502693,0.95259565,71.78053,0.013802007,0.002090007,0.07369063049554825,0.011091180145740509,0.013802007
444,49,polarity,-1,0.10463174,0.23730473,0.9476844,71.82867,0.011033928,0.02436781,0.07013873010873795,0.007539279758930206,0.011033928
445,49,vocab,-1,0.15064438,0.3416614,0.92467797,71.679,0.16269423,0.12872447,0.040073227137327194,-0.022526223212480545,0.16269423
446,49,cat,-1,0.3871467,0.8780486,0.8064268,71.74515,0.79610795,0.66511166,1.970196008682251,1.9075965583324432,0.79610795
447,49,shuffle,-1,0.11456816,0.25984055,0.9427163,71.84246,0.034987938,0.046903625,0.0832131952047348,0.020613744854927063,0.034987938
448,49,unrelated,196,0.74259746,1.6842107,0.6287015,72.169205,1.6504111,1.4712738,6.9088969230651855,6.846297472715378,1.6504111
449,49,unrelated_token,196,0.66401446,1.5059845,0.667993,71.740616,1.4616123,1.2930477,0.7290058135986328,0.6664063632488251,1.4616123
451,50,paraphrase,-1,0.09708656,0.22019228,0.9514571,71.94908,0.016419591,0.025104329,0.0029263943433761597,-0.000415116548538208,0.016419591
452,50,translate,-1,0.09514837,0.21579646,0.9524263,71.975,0.011096258,0.020708501,0.003228267654776573,-0.0001132432371377945,0.011096258
453,50,polarity,-1,0.09285205,0.21058841,0.9535742,71.97247,0.0069306875,0.015500456,0.0026323143392801285,-0.0007091965526342392,0.0069306875
454,50,vocab,-1,0.21471357,0.48697028,0.89264363,71.81344,0.2561946,0.29188234,0.003958640620112419,0.0006171297281980515,0.2561946
455,50,cat,-1,0.36906704,0.8370439,0.81546694,71.95194,0.6241199,0.6419559,1.8849730491638184,1.881631538271904,0.6241199
456,50,shuffle,-1,0.09181592,0.20823847,0.9540925,71.986984,0.013761118,0.013150513,0.0027950406074523926,-0.0005464702844619751,0.013761118
457,50,unrelated,73,0.7261531,1.6469148,0.6369239,71.77199,1.422518,1.4518269,0.01589464396238327,0.012553133070468903,1.422518
459,51,paraphrase,-1,0.19497003,0.44219193,0.9025154,71.9392,0.013713034,0.0009917915,0.0011059221578761935,0.00013048260007053614,0.013713034
460,51,translate,-1,0.19607493,0.44469786,0.9019628,71.92746,0.01554754,0.0034977198,0.0008060956606641412,-0.0001693438971415162,0.01554754
461,51,polarity,-1,0.19209313,0.43566716,0.9039538,71.94825,0.0020753157,-0.00553298,0.0021463886369019747,0.0011709490790963173,0.0020753157
462,51,vocab,-1,0.23150316,0.5250491,0.88424873,71.8938,0.15198277,0.08384895,0.0011335364542901516,0.0001580968964844942,0.15198277
463,51,cat,-1,0.34140363,0.7743033,0.8292985,71.87128,0.54846907,0.33310318,2.863590717315674,2.862615277757868,0.54846907
464,51,shuffle,-1,0.17328557,0.3930116,0.9133578,71.9466,0.03361123,-0.048188537,0.0008381920051760972,-0.00013724755262956023,0.03361123
465,51,unrelated,44,0.72349703,1.640891,0.6382518,71.99737,1.4588816,1.1996908,8.398073196411133,8.397097756853327,1.4588816
466,51,unrelated_token,44,0.65194786,1.4786174,0.6740266,72.02814,1.3020486,1.0374173,0.013070398010313511,0.012094958452507854,1.3020486
468,52,paraphrase,-1,0.09888654,0.22427464,0.95055693,72.03569,0.021929402,0.035630435,0.04597582668066025,-0.0010995641350746155,0.021929402
469,52,translate,-1,0.086271025,0.19566265,0.95686483,72.047806,0.010077053,0.007018447,0.04603569954633713,-0.0010396912693977356,0.010077053
470,52,polarity,-1,0.08312334,0.1885237,0.95843863,72.05099,0.0074373377,-0.00012050569,0.056750230491161346,0.009674839675426483,0.0074373377
471,52,vocab,-1,0.13161495,0.29850265,0.9341931,72.01474,0.08751615,0.10985845,0.1018892303109169,0.05481383949518204,0.08751615
472,52,cat,-1,0.3867305,0.8771046,0.8066351,72.07864,0.68135726,0.68846035,6.8836493492126465,6.836573958396912,0.68135726
473,52,shuffle,-1,0.088076204,0.19975679,0.9559622,72.040955,0.0139783,0.011112586,0.0731811448931694,0.02610575407743454,0.0139783
474,52,unrelated,211,0.80475026,1.8251733,0.59762526,72.155655,1.6363032,1.6365291,6.35715913772583,6.310083746910095,1.6363032
475,52,unrelated_token,211,0.63753134,1.4459208,0.6812348,71.98436,1.1957517,1.2572767,0.9994699358940125,0.9523945450782776,1.1957517
477,53,paraphrase,-1,0.13971311,0.31686926,0.9301438,72.07275,0.028767696,0.042580605,0.014469968155026436,0.0058115404099226,0.028767696
478,53,translate,-1,0.12716815,0.2884173,0.9364163,72.06704,0.026384115,0.014128655,0.01539185643196106,0.0067334286868572235,0.026384115
479,53,polarity,-1,0.12447435,0.28230777,0.93776304,72.05086,0.018736754,0.0080191195,0.011038258671760559,0.002379830926656723,0.018736754
480,53,vocab,-1,0.26244682,0.59522927,0.8687769,72.04498,0.3531069,0.3209406,0.021892672404646873,0.013234244659543037,0.3531069
481,53,cat,-1,0.36733514,0.83311594,0.8163327,72.0193,0.6054942,0.5588273,5.254822731018066,5.246164303272963,0.6054942
482,53,shuffle,-1,0.12184284,0.2763395,0.9390788,72.060616,0.008421112,0.0020508468,0.011326979845762253,0.0026685521006584167,0.008421112
483,53,unrelated,161,0.9216825,2.0903754,0.5391588,72.09437,1.8605837,1.8160868,9.385011672973633,9.376353245228529,1.8605837
484,53,unrelated_token,161,0.8067384,1.8296822,0.5966309,72.13606,1.5860562,1.5553936,9.033638954162598,9.024980526417494,1.5860562
486,54,paraphrase,-1,0.058284998,0.13219035,0.9708576,71.71671,0.009359435,0.013351865,0.03560808300971985,-0.0129426009953022,0.009359435
487,54,translate,-1,0.061395485,0.13924493,0.9693026,71.7321,0.010620335,0.020406447,0.07881004363298416,0.030259359627962112,0.010620335
488,54,polarity,-1,0.052051373,0.11805249,0.97397465,71.752884,0.005973175,-0.00078599155,0.050779033452272415,0.002228349447250366,0.005973175
489,54,vocab,-1,0.24646468,0.5589818,0.8767682,71.543816,0.41541213,0.4401433,0.09148259460926056,0.04293191060423851,0.41541213
490,54,cat,-1,0.48096785,1.0908349,0.7595164,71.85101,0.9271951,0.97199637,3.3343818187713623,3.2858311347663403,0.9271951
491,54,shuffle,-1,0.070299745,0.15943979,0.96485025,71.75988,0.038754914,0.040601306,0.11589609086513519,0.06734540686011314,0.038754914
492,54,unrelated,75,0.87645876,1.9878081,0.5617707,71.992516,1.8599027,1.8689697,1.625603437423706,1.577052753418684,1.8599027
493,54,unrelated_token,75,0.74126625,1.6811916,0.6293672,71.83512,1.5421364,1.5623531,0.3569793701171875,0.30842868611216545,1.5421364
495,55,paraphrase,-1,0.06414391,0.14547837,0.9679284,71.97557,0.01824796,-0.010881975,0.002202003262937069,-9.735790081322193e-05,0.01824796
496,55,translate,-1,0.06483903,0.14705488,0.96758074,71.996704,0.015693733,-0.009305462,0.003549848683178425,0.001250487519428134,0.015693733
497,55,polarity,-1,0.0713617,0.1618483,0.9643196,72.02533,0.017469328,0.0054879636,0.008115909062325954,0.005816547898575664,0.017469328
498,55,vocab,-1,0.13546929,0.30724427,0.9322656,71.92677,0.18897387,0.15088393,0.008419220335781574,0.006119859172031283,0.18897387
499,55,cat,-1,0.30615145,0.6943514,0.8469249,71.94485,0.55544096,0.53799105,8.865010261535645,8.862710900371894,0.55544096
500,55,shuffle,-1,0.068091586,0.15443169,0.96595466,72.032936,0.025832929,-0.0019286573,0.002551466226577759,0.0002521050628274679,0.025832929
501,55,unrelated,149,0.71276146,1.6165427,0.64361954,72.085724,1.5107205,1.4601823,4.26113224029541,4.25883287913166,1.5107205
502,55,unrelated_token,149,0.5883274,1.3343263,0.7058365,72.05854,1.2135025,1.1779659,0.0335082933306694,0.031208932166919112,1.2135025
504,56,paraphrase,-1,0.0832804,0.1888799,0.95835996,72.01049,0.007694331,-0.007885233,0.0948367491364479,-0.06553126126527786,0.007694331
505,56,translate,-1,0.086940005,0.1971799,0.9565302,71.99477,0.0161404,0.00041475892,0.07404689490795135,-0.08632111549377441,0.0161404
506,56,polarity,-1,0.09082797,0.2059978,0.95458627,72.01805,0.005278022,0.009232655,0.11417557299137115,-0.046192437410354614,0.005278022
507,56,vocab,-1,0.1705289,0.3867595,0.91473556,71.82432,0.28283453,0.18999435,0.3533933460712433,0.19302533566951752,0.28283453
508,56,cat,-1,0.3299221,0.7482632,0.835039,71.90326,0.6344768,0.55149806,6.3999528884887695,6.239584878087044,0.6344768
509,56,shuffle,-1,0.08840728,0.20050767,0.9557965,72.012856,0.002021381,0.003742531,0.13965103030204773,-0.02071698009967804,0.002021381
510,56,unrelated,82,0.7344578,1.6657499,0.6327712,71.847885,1.6426495,1.4689847,6.804671287536621,6.644303277134895,1.6426495
511,56,unrelated_token,82,0.46961984,1.0650976,0.7651901,71.76511,1.0335194,0.86833245,0.22962066531181335,0.06925265491008759,1.0335194
513,57,paraphrase,-1,0.11013,0.24977478,0.9449354,72.23818,0.0036623275,-0.0048992336,0.030575841665267944,-0.004916653037071228,0.0036623275
514,57,translate,-1,0.109639406,0.24866213,0.94518083,72.24465,0.005366401,-0.0060118884,0.02633768878877163,-0.009154805913567543,0.005366401
515,57,polarity,-1,0.109187044,0.24763617,0.9454071,72.25695,0.0036103618,-0.0070378482,0.03512614965438843,-0.00036634504795074463,0.0036103618
516,57,vocab,-1,0.17298773,0.3923361,0.9135067,72.22219,0.114071615,0.13766208,0.027971085160970688,-0.0075214095413684845,0.114071615
517,57,cat,-1,0.4556312,1.0333713,0.7721848,71.97212,0.99254006,0.7786973,2.625561237335205,2.590068742632866,0.99254006
518,57,shuffle,-1,0.15345058,0.34802586,0.92327523,72.208435,0.10830465,0.09335184,0.02129616029560566,-0.014196334406733513,0.10830465
519,57,unrelated,120,0.8496057,1.9269053,0.5751977,71.93809,1.8056662,1.6722312,5.221071720123291,5.185579225420952,1.8056662
520,57,unrelated_token,120,0.66221005,1.5018921,0.6688952,72.04191,1.4555886,1.2472181,0.023365991190075874,-0.012126503512263298,1.4555886
522,58,paraphrase,-1,0.072845794,0.16521423,0.9635774,71.919586,0.015978098,0.02816838,0.020489271730184555,-0.0029781553894281387,0.015978098
523,58,translate,-1,0.064844154,0.14706652,0.9675783,71.91092,0.014216,0.010020673,0.020366549491882324,-0.0031008776277303696,0.014216
524,58,polarity,-1,0.063011125,0.1429092,0.9684948,71.92182,0.0054519908,0.0058633536,0.02226635068655014,-0.0012010764330625534,0.0054519908
525,58,vocab,-1,0.2179865,0.49439326,0.8910072,71.91839,0.3049818,0.35734743,0.03224889561533928,0.008781468495726585,0.3049818
526,58,cat,-1,0.56427497,1.2797754,0.7178628,72.01904,1.158792,1.1427295,2.1606433391571045,2.137175912037492,1.158792
527,58,shuffle,-1,0.05821703,0.1320362,0.97089183,71.91286,0.002303764,-0.005009651,0.017377842217683792,-0.006089584901928902,0.002303764
528,58,unrelated,64,0.7709631,1.7485439,0.61451864,72.14356,1.7031548,1.611498,5.269783020019531,5.246315592899919,1.7031548
529,58,unrelated_token,64,0.65260303,1.4801034,0.6736987,71.96881,1.4018902,1.3430575,0.08921219408512115,0.06574476696550846,1.4018902
531,59,paraphrase,-1,0.08313999,0.18856147,0.9584307,71.8977,0.008345048,0.0060515404,0.02150585874915123,0.0018216650933027267,0.008345048
532,59,translate,-1,0.08345522,0.1892764,0.95827293,71.91175,0.012079847,0.0067664683,0.017463888972997665,-0.0022203046828508377,0.012079847
533,59,polarity,-1,0.08064714,0.18290769,0.9596768,71.88081,0.006428536,0.0003977567,0.01637113280594349,-0.003313060849905014,0.006428536
534,59,vocab,-1,0.13891271,0.31505397,0.93054414,71.78187,0.2183175,0.13254404,0.017507009208202362,-0.002177184447646141,0.2183175
535,59,cat,-1,0.31932825,0.7242363,0.8403363,71.82644,0.5880787,0.54172635,2.1261744499206543,2.106490256264806,0.5880787
536,59,shuffle,-1,0.098480344,0.22335337,0.95076054,71.87494,0.033872787,0.040843442,0.019158247858285904,-0.0005259457975625992,0.033872787
537,59,unrelated,213,1.0449734,2.3699992,0.47751376,72.26324,2.3438537,2.1874893,10.4955472946167,10.47586310096085,2.3438537
538,59,unrelated_token,213,0.7171883,1.6265827,0.6414064,71.99341,1.5903507,1.4440728,0.06728142499923706,0.04759723134338856,1.5903507
540,60,paraphrase,-1,0.07747831,0.17572078,0.9612613,71.84471,0.0069223815,0.0072820485,0.03498950973153114,0.00601515918970108,0.0069223815
541,60,translate,-1,0.07995403,0.1813357,0.96002346,71.88967,0.009781077,0.01289697,0.027372533455491066,-0.0016018170863389969,0.009781077
542,60,polarity,-1,0.07765506,0.17612165,0.96117294,71.90422,0.0038220382,0.0076829195,0.0267742071300745,-0.002200143411755562,0.0038220382
543,60,vocab,-1,0.33286604,0.75494003,0.83356726,72.0059,0.57496315,0.5865013,0.06857429444789886,0.0395999439060688,0.57496315
544,60,cat,-1,0.44166106,1.001687,0.7791698,71.784676,0.82817686,0.8332483,6.46069860458374,6.43172425404191,0.82817686
545,60,shuffle,-1,0.096458256,0.21876729,0.9517711,71.86706,0.028089575,0.050328553,0.0319809690117836,0.003006618469953537,0.028089575
546,60,unrelated,127,0.7068565,1.6031502,0.6465724,71.959,1.4341973,1.4347115,7.688545227050781,7.659570876508951,1.4341973
547,60,unrelated_token,127,0.6256849,1.4190531,0.6871579,71.95295,1.2381468,1.2506144,0.35729169845581055,0.3283173479139805,1.2381468
549,61,paraphrase,-1,0.085001886,0.19278423,0.9574993,72.29053,0.01218105,0.007390231,0.045599184930324554,-0.0004727989435195923,0.01218105
550,61,translate,-1,0.08029368,0.18210602,0.9598533,72.292305,0.017936608,-0.003287986,0.034272536635398865,-0.011799447238445282,0.017936608
551,61,polarity,-1,0.096047334,0.2178353,0.95197666,72.24527,0.026272971,0.032441303,0.04141046479344368,-0.004661519080400467,0.026272971
552,61,vocab,-1,0.17046557,0.38661584,0.9147674,72.100174,0.18481383,0.20122184,0.08463414758443832,0.03856216371059418,0.18481383
553,61,cat,-1,0.42734337,0.96921456,0.78632873,71.76641,0.8104246,0.78382057,4.984152793884277,4.938080810010433,0.8104246
554,61,shuffle,-1,0.09193227,0.20850234,0.95403403,72.302025,0.024077669,0.023108333,0.04516349360346794,-0.0009084902703762054,0.024077669
555,61,unrelated,204,0.7643357,1.733513,0.6178322,71.884445,1.6571258,1.548119,5.510117053985596,5.464045070111752,1.6571258
556,61,unrelated_token,204,0.6474282,1.4683669,0.67628616,72.23987,1.3163477,1.2829728,0.9168088436126709,0.8707368597388268,1.3163477
558,62,paraphrase,-1,0.08786603,0.19928011,0.9560675,72.116234,0.0046495483,0.0030244738,0.2961559295654297,0.04991823434829712,0.0046495483
559,62,translate,-1,0.0900677,0.2042735,0.9549664,72.117584,0.0065935235,0.008017868,0.3035120666027069,0.05727437138557434,0.0065935235
560,62,polarity,-1,0.09083643,0.20601697,0.9545824,72.11811,0.0066028237,0.009761333,0.24868957698345184,0.002451881766319275,0.0066028237
561,62,vocab,-1,0.1362182,0.30894282,0.93189126,72.04964,0.09756105,0.112687185,0.21619842946529388,-0.030039265751838684,0.09756105
562,62,cat,-1,0.6393428,1.4500291,0.68032926,71.98957,1.336856,1.2537735,7.723896026611328,7.477658331394196,1.336856
563,62,shuffle,-1,0.0894395,0.20284873,0.9552807,72.14245,0.002280333,0.0065930933,0.2669782042503357,0.020740509033203125,0.002280333
564,62,unrelated,92,0.84665763,1.9202192,0.5766714,72.2181,1.846814,1.7239635,6.7995100021362305,6.553272306919098,1.846814
565,62,unrelated_token,92,0.56659734,1.2850425,0.716702,72.147415,1.1345781,1.0887868,1.9587247371673584,1.7124870419502258,1.1345781
567,63,paraphrase,-1,0.055810142,0.12657738,0.9720954,72.04822,0.008234382,0.00536409,0.004524747841060162,-0.0024591987021267414,0.008234382
568,63,translate,-1,0.06176088,0.14007364,0.96911997,72.034195,0.017022802,0.018860355,0.005688896402716637,-0.0012950501404702663,0.017022802
569,63,polarity,-1,0.05666148,0.12850821,0.97167,72.082794,0.0035421348,0.007294923,0.007371869869530201,0.00038792332634329796,0.0035421348
570,63,vocab,-1,0.30616635,0.6943852,0.84691715,72.06769,0.5494364,0.57317185,0.014902850612998009,0.007918904069811106,0.5494364
571,63,cat,-1,0.55547535,1.2598178,0.7222626,72.12845,1.1466204,1.1386045,9.732489585876465,9.725505639333278,1.1466204
572,63,shuffle,-1,0.050344013,0.1141802,0.9748283,72.088715,0.0065406426,-0.0070330873,0.0053944974206388,-0.0015894491225481033,0.0065406426
573,63,unrelated,47,0.9136736,2.0722113,0.54316336,71.7533,1.954752,1.950998,7.456696033477783,7.449712086934596,1.954752
574,63,unrelated_token,47,0.64206004,1.4561919,0.6789703,71.713066,1.3161823,1.3349786,0.42315372824668884,0.41616978170350194,1.3161823
576,64,paraphrase,-1,0.14982189,0.33979598,0.9250892,72.156456,0.02080153,-0.019426525,0.011508919298648834,-0.0009882887825369835,0.02080153
577,64,translate,-1,0.16611834,0.3767563,0.916941,72.144356,0.009348507,0.017533809,0.017165474593639374,0.004668266512453556,0.009348507
578,64,polarity,-1,0.144649,0.32806388,0.92767566,72.15832,0.027614726,-0.031158626,0.011721547693014145,-0.0007756603881716728,0.027614726
579,64,vocab,-1,0.31859913,0.7225827,0.84070057,72.04389,0.5800604,0.3633602,0.008039831183850765,-0.0044573768973350525,0.5800604
580,64,cat,-1,0.41015592,0.9302335,0.7949222,72.099846,0.6527065,0.57101095,8.644855499267578,8.632358291186392,0.6527065
581,64,shuffle,-1,0.14695415,0.33329195,0.92652327,72.156746,0.031418473,-0.025930554,0.014751194044947624,0.0022539859637618065,0.031418473
582,64,unrelated,78,0.8813508,1.9989033,0.559325,72.0484,1.8709329,1.6396807,3.316744089126587,3.304246881045401,1.8709329
583,64,unrelated_token,78,0.7006264,1.5890203,0.64968723,71.77371,1.4134318,1.2297977,0.04766998440027237,0.03517277631908655,1.4134318
585,65,paraphrase,-1,0.07172299,0.1626677,0.964139,72.0868,0.011162457,-0.0007285327,0.00041363044874742627,-0.00016987684648483992,0.011162457
586,65,translate,-1,0.093472734,0.21199612,0.9532639,72.06203,0.027866635,0.048599884,0.0013795641716569662,0.0007960568764247,0.027866635
587,65,polarity,-1,0.07509711,0.1703202,0.9624517,72.10781,0.006143413,0.0069239587,0.0005720933550037444,-1.1413940228521824e-05,0.006143413
588,65,vocab,-1,0.1490564,0.33805987,0.92547196,71.94211,0.13544635,0.17466363,0.001670979312621057,0.0010874720173887908,0.13544635
589,65,cat,-1,0.6354598,1.4412225,0.68227047,71.84835,1.3415436,1.2778263,5.298868656158447,5.298285148863215,1.3415436
590,65,shuffle,-1,0.07363164,0.16699652,0.9631845,72.092636,0.013943797,0.0036002845,0.0005681308102793992,-1.537648495286703e-05,0.013943797
591,65,unrelated,91,1.0116398,2.2943988,0.49418026,71.70348,2.2170894,2.1310024,4.052315711975098,4.051732204679865,2.2170894
592,65,unrelated_token,91,0.78916454,1.7898248,0.60541815,71.71525,1.6663703,1.6264286,0.21676631271839142,0.21618280542315915,1.6663703
594,66,paraphrase,-1,0.07284065,0.16520257,0.96358,72.13454,0.017581161,0.020231932,0.005143174901604652,0.003255937248468399,0.017581161
595,66,translate,-1,0.0679041,0.15400647,0.96604836,72.15643,0.01117241,0.009035826,0.0017795562744140625,-0.00010768137872219086,0.01117241
596,66,polarity,-1,0.06768088,0.1535002,0.96616006,72.19714,0.008023955,0.008529559,0.0021249335259199142,0.0002376958727836609,0.008023955
597,66,vocab,-1,0.196562,0.44580254,0.90171933,71.82762,0.32517433,0.3008319,0.0028958451002836227,0.0010086074471473694,0.32517433
598,66,cat,-1,0.40732712,0.9238177,0.7963369,71.85796,0.72974455,0.77884704,3.0025739669799805,3.000686729326844,0.72974455
599,66,shuffle,-1,0.07352762,0.16676061,0.96323663,72.18108,0.020494843,0.021789968,0.0021979920566082,0.0003107544034719467,0.020494843
600,66,unrelated,27,1.0808016,2.4512575,0.4595994,72.02855,2.3432307,2.3062868,0.1638323962688446,0.16194515861570835,2.3432307
601,66,unrelated_token,27,0.9314617,2.1125548,0.5342694,71.923836,1.9874105,1.9675841,0.054557494819164276,0.05267025716602802,1.9874105
603,67,paraphrase,-1,0.05844753,0.13255897,0.97077644,71.88736,0.010516239,0.010670982,0.014254944398999214,-0.0026187729090452194,0.010516239
604,67,translate,-1,0.05356328,0.12148149,0.9732185,71.88522,0.00999732,-0.00040649623,0.015512607991695404,-0.0013611093163490295,0.00999732
605,67,polarity,-1,0.054282676,0.12311309,0.9728589,71.88777,0.0034565355,0.001225099,0.014988666400313377,-0.0018850509077310562,0.0034565355
606,67,vocab,-1,0.13125455,0.29768527,0.93437284,71.820465,0.19381703,0.17579728,0.042378056794404984,0.02550433948636055,0.19381703
607,67,cat,-1,0.35211506,0.7985968,0.8239427,72.051956,0.71740824,0.6767088,6.354611873626709,6.3377381563186646,0.71740824
608,67,shuffle,-1,0.058636595,0.13298777,0.9706818,71.90639,0.011236447,0.011099778,0.016132881864905357,-0.0007408354431390762,0.011236447
609,67,unrelated,62,0.8484252,1.924228,0.57578766,72.13035,1.8636018,1.8023399,8.015815734863281,7.998942017555237,1.8636018
610,67,unrelated_token,62,0.68739486,1.5590112,0.6563024,71.96772,1.4946243,1.4371232,0.9597601294517517,0.9428864121437073,1.4946243
612,68,paraphrase,-1,0.1429308,0.324167,0.92853487,71.98711,0.009788578,0.004029542,0.021444600075483322,0.008050503209233284,0.009788578
613,68,translate,-1,0.14677025,0.33287486,0.926615,71.97481,0.007063332,0.012737393,0.016152892261743546,0.0027587953954935074,0.007063332
614,68,polarity,-1,0.14237143,0.32289833,0.9288146,71.99766,0.008817982,0.0027608573,0.020600706338882446,0.007206609472632408,0.008817982
615,68,vocab,-1,0.17830333,0.40439188,0.91084874,71.97077,0.0993719,0.084254414,0.02121211588382721,0.007818019017577171,0.0993719
616,68,cat,-1,0.51181924,1.1608058,0.74409086,71.80615,0.84235245,0.8406683,5.888730525970459,5.875336429104209,0.84235245
617,68,shuffle,-1,0.14216164,0.32242253,0.92891943,71.98194,0.0035371282,0.0022850633,0.013033883646130562,-0.0003602132201194763,0.0035371282
618,68,unrelated,241,0.87339514,1.9808598,0.56330276,72.12821,1.7383006,1.6607223,8.327971458435059,8.314577361568809,1.7383006
619,68,unrelated_token,241,0.7228267,1.6393707,0.6385872,72.04376,1.4078761,1.3192332,0.031356848776340485,0.017962751910090446,1.4078761
621,69,paraphrase,-1,0.10349621,0.23472935,0.9482521,71.97218,0.020143282,0.01617603,0.02051696926355362,0.009797805920243263,0.020143282
622,69,translate,-1,0.106080174,0.24058978,0.94696015,71.97669,0.0151441125,0.022036463,0.009585303254425526,-0.0011338600888848305,0.0151441125
623,69,polarity,-1,0.12065779,0.2736518,0.9396712,71.974976,0.017209258,0.05509849,0.017060864716768265,0.006341701373457909,0.017209258
624,69,vocab,-1,0.28109878,0.63753194,0.8594508,71.68658,0.58744407,0.41897863,0.19213975965976715,0.1814205963164568,0.58744407
625,69,cat,-1,0.30931416,0.7015244,0.84534323,71.97445,0.5889427,0.48297107,2.5609333515167236,2.5502141881734133,0.5889427
626,69,shuffle,-1,0.11299205,0.2562659,0.943504,72.004684,0.010272842,0.03771259,0.015685223042964935,0.004966059699654579,0.010272842
627,69,unrelated,118,0.78484315,1.7800239,0.6075786,72.06656,1.7109349,1.5614706,9.188801765441895,9.178082602098584,1.7109349
628,69,unrelated_token,118,0.7252711,1.6449145,0.63736457,71.937164,1.5831099,1.4263612,0.2191924750804901,0.20847331173717976,1.5831099
630,70,paraphrase,-1,0.24389029,0.5531431,0.87805504,71.59438,0.023045879,0.03879124,0.04563763365149498,-0.03299138322472572,0.023045879
631,70,translate,-1,0.22570698,0.51190335,0.88714683,71.62003,0.012283036,-0.0024484992,0.04913743585348129,-0.02949158102273941,0.012283036
632,70,polarity,-1,0.2817408,0.638988,0.85912997,71.58374,0.053171676,0.12463617,0.020936213433742523,-0.05769280344247818,0.053171676
633,70,vocab,-1,0.33830065,0.76726574,0.83085,71.661415,0.40568423,0.2529139,0.025069020688533783,-0.05355999618768692,0.40568423
634,70,cat,-1,0.40140486,0.910386,0.7992978,71.49066,0.27197307,0.39603418,1.6045681238174438,1.5259391069412231,0.27197307
635,70,shuffle,-1,0.26315206,0.59682876,0.86842424,71.66099,0.07087685,0.082476914,0.013033438473939896,-0.06559557840228081,0.07087685
636,70,unrelated,110,1.1460656,2.5992763,0.42696735,72.05148,2.5002253,2.0849245,8.647154808044434,8.568525791168213,2.5002253
637,70,unrelated_token,110,0.96162957,2.1809754,0.5191858,72.10686,2.113163,1.6666236,0.2930746078491211,0.2144455909729004,2.113163
639,71,paraphrase,-1,0.06135142,0.13914499,0.96932465,72.0455,0.0140402,0.009042561,0.006943808868527412,-0.006249675527215004,0.0140402
640,71,translate,-1,0.058395993,0.13244209,0.9708023,72.09106,0.0047393334,0.0023396611,0.010015906766057014,-0.003177577629685402,0.0047393334
641,71,polarity,-1,0.05794992,0.13143039,0.9710256,72.095665,0.0025797512,0.0013279617,0.016512930393218994,0.0033194459974765778,0.0025797512
642,71,vocab,-1,0.09437497,0.2140424,0.952813,72.073006,0.104117855,0.08393997,0.019027918577194214,0.0058344341814517975,0.104117855
643,71,cat,-1,0.21080875,0.47811416,0.8945961,72.08712,0.38291502,0.34801173,1.008149266242981,0.9949557818472385,0.38291502
644,71,shuffle,-1,0.058271,0.13215859,0.97086483,72.10449,0.017651029,0.0020561665,0.01908443123102188,0.005890946835279465,0.017651029
645,71,unrelated,225,0.9010302,2.043536,0.54948515,72.04606,1.919979,1.9134336,5.304921627044678,5.291728142648935,1.919979
646,71,unrelated_token,225,0.85053027,1.9290023,0.57473534,71.953094,1.7937032,1.7988999,0.12837938964366913,0.11518590524792671,1.7937032
648,72,paraphrase,-1,0.07140015,0.16193551,0.9643005,71.99421,0.009043478,0.004851371,0.06240270286798477,-0.0075775980949401855,0.009043478
649,72,translate,-1,0.07658895,0.1737037,0.961706,71.9458,0.008914555,0.016619563,0.0798666924238205,0.009886391460895538,0.008914555
650,72,polarity,-1,0.075985745,0.17233564,0.9620075,71.985374,0.0051114294,0.015251502,0.09353761374950409,0.023557312786579132,0.0051114294
651,72,vocab,-1,0.106640756,0.2418612,0.94668025,71.97069,0.056804985,0.08477706,0.0564749613404274,-0.013505339622497559,0.056804985
652,72,cat,-1,0.40002435,0.90725505,0.7999884,71.998604,0.8138054,0.75017095,5.358994483947754,5.289014182984829,0.8138054
653,72,shuffle,-1,0.0726348,0.16473569,0.9636831,72.00571,0.0103882095,0.0076515526,0.07457712292671204,0.004596821963787079,0.0103882095
654,72,unrelated,100,0.69579977,1.5780736,0.6521006,71.96929,1.4995629,1.4209895,6.6115241050720215,6.5415438041090965,1.4995629
655,72,unrelated_token,100,0.53471106,1.2127244,0.7326449,71.91785,1.1574062,1.0556403,0.154098778963089,0.08411847800016403,1.1574062
657,73,paraphrase,-1,0.08495228,0.19267173,0.95752454,71.7568,0.010900863,-0.00139983,0.02359885163605213,-0.001116100698709488,0.010900863
658,73,translate,-1,0.09399625,0.21318345,0.95300245,71.74525,0.0128776,0.019111887,0.028811069205403328,0.004096116870641708,0.0128776
659,73,polarity,-1,0.09843822,0.22325784,0.95078135,71.78673,0.012669521,0.029186279,0.03218492120504379,0.007469968870282173,0.012669521
660,73,vocab,-1,0.13872553,0.31462944,0.9306379,71.80724,0.1923606,0.120557874,0.02572140097618103,0.0010064486414194107,0.1923606
661,73,cat,-1,0.311623,0.7067608,0.84418917,71.634796,0.46440595,0.51268923,0.5982194542884827,0.573504501953721,0.46440595
662,73,shuffle,-1,0.08791807,0.19939815,0.9560415,71.77459,0.002940076,0.005326584,0.02768881805241108,0.00297386571764946,0.002940076
663,73,unrelated,1,0.72795033,1.6509911,0.63602567,71.91234,1.6102551,1.4569196,7.2500739097595215,7.22535895742476,1.6102551
664,73,unrelated_token,1,0.7373934,1.6724079,0.63130397,72.09018,1.6429461,1.4783363,0.11431203782558441,0.08959708549082279,1.6429461
666,74,paraphrase,-1,0.051683225,0.11721753,0.9741589,72.103165,0.01733506,0.030270554,0.024887368083000183,0.010119885206222534,0.01733506
667,74,translate,-1,0.046921603,0.10641818,0.9765395,72.073425,0.011871398,0.019471198,0.01775471866130829,0.0029872357845306396,0.011871398
668,74,polarity,-1,0.039640624,0.08990492,0.9801799,72.15946,0.0069856164,0.00295794,0.021673139184713364,0.006905656307935715,0.0069856164
669,74,vocab,-1,0.11138149,0.2526132,0.94430953,72.092575,0.13394481,0.16566621,0.028300397098064423,0.013532914221286774,0.13394481
670,74,cat,-1,0.37142462,0.84239084,0.81428796,72.09187,0.80842817,0.7554439,7.559943199157715,7.545175716280937,0.80842817
671,74,shuffle,-1,0.039342098,0.08922786,0.9803293,72.111206,0.0033059027,0.0022808835,0.01613505929708481,0.0013675764203071594,0.0033059027
672,74,unrelated,246,0.66504663,1.5083255,0.66747695,72.02757,1.441713,1.4213785,7.500279903411865,7.485512420535088,1.441713
673,74,unrelated_token,246,0.56492776,1.281256,0.7175364,71.97687,1.1982082,1.194309,1.342757225036621,1.3279897421598434,1.1982082
675,75,paraphrase,-1,0.10389125,0.23562531,0.9480545,71.999016,0.005552742,-0.0018291175,0.06378871202468872,0.0023668408393859863,0.005552742
676,75,translate,-1,0.1023378,0.23210208,0.94883144,71.97413,0.008475226,-0.005352348,0.05305425822734833,-0.008367612957954407,0.008475226
677,75,polarity,-1,0.10971977,0.24884439,0.9451403,72.02074,0.0045020697,0.011389956,0.053745850920677185,-0.007676020264625549,0.0045020697
678,75,vocab,-1,0.17910782,0.40621644,0.9104461,71.83288,0.17629631,0.16876201,0.12542444467544556,0.06400257349014282,0.17629631
679,75,cat,-1,0.44246688,1.0035146,0.77876675,71.89601,0.8443481,0.76606023,6.77006196975708,6.708640098571777,0.8443481
680,75,shuffle,-1,0.10360422,0.23497432,0.9481981,71.96801,0.009283842,-0.0024801046,0.04654473811388016,-0.014877133071422577,0.009283842
681,75,unrelated,7,0.6771284,1.5357269,0.661436,71.77696,1.3877854,1.2982725,2.9560790061950684,2.8946571350097656,1.3877854
682,75,unrelated_token,7,0.58798784,1.3335562,0.70600605,71.75387,1.1823064,1.0961018,1.586588978767395,1.5251671075820923,1.1823064
684,76,paraphrase,-1,0.22763856,0.51628417,0.88618106,71.96492,0.009054376,-0.0038532615,0.0051774512976408005,0.0032751915277913213,0.009054376
685,76,translate,-1,0.20745933,0.47051767,0.89627063,71.931046,0.029722815,-0.049619764,0.001964191673323512,6.193190347403288e-05,0.029722815
686,76,polarity,-1,0.22954535,0.5206088,0.88522756,71.96682,0.0040008626,0.00047135353,0.001946109696291387,4.384992644190788e-05,0.0040008626
687,76,vocab,-1,0.2307467,0.52333343,0.884627,71.89686,0.09068396,0.003196001,0.007979512214660645,0.006077252444811165,0.09068396
688,76,cat,-1,0.4143533,0.9397531,0.7928236,71.89046,0.76065516,0.4196157,1.1899709701538086,1.1880687103839591,0.76065516
689,76,shuffle,-1,0.23835202,0.54058224,0.8808244,71.96311,0.029643053,0.02044481,0.0009494788246229291,-0.0009527809452265501,0.029643053
690,76,unrelated,28,0.8823783,2.0012336,0.5588111,71.86037,1.8756183,1.4810961,7.54867696762085,7.546774707851,1.8756183
691,76,unrelated_token,28,0.7928335,1.798146,0.60358363,71.92446,1.6047865,1.2780086,0.0498526506125927,0.04795039084274322,1.6047865
693,77,paraphrase,-1,0.070028305,0.15882416,0.964986,71.80882,0.012571933,-0.005434945,0.009157567285001278,0.0004159891977906227,0.012571933
694,77,translate,-1,0.06846483,0.1552782,0.96576774,71.806786,0.018779052,-0.0089809,0.005027910694479942,-0.003713667392730713,0.018779052
695,77,polarity,-1,0.07212618,0.16358215,0.9639371,71.824905,0.0025629364,-0.00067695975,0.008808823302388191,6.724521517753601e-05,0.0025629364
696,77,vocab,-1,0.14991531,0.34000784,0.92504245,71.70551,0.316158,0.17574874,0.02319422736763954,0.014452649280428886,0.316158
697,77,cat,-1,0.3326979,0.7545587,0.8336511,71.84328,0.6013306,0.5902996,1.0873119831085205,1.0785704050213099,0.6013306
698,77,shuffle,-1,0.07855579,0.1781645,0.96072227,71.81813,0.009927733,0.013905391,0.013982750475406647,0.0052411723881959915,0.009927733
699,77,unrelated,210,0.78368855,1.7774053,0.60815585,71.863846,1.8458748,1.6131462,4.8814239501953125,4.872682372108102,1.8458748
700,77,unrelated_token,210,0.7249235,1.6441262,0.63753855,71.8179,1.7851422,1.4798671,0.27642878890037537,0.2676872108131647,1.7851422
702,78,paraphrase,-1,0.075080335,0.17028217,0.9624601,72.01905,0.016865453,0.02874872,0.19526401162147522,0.11738995462656021,0.016865453
703,78,translate,-1,0.063522905,0.14406992,0.96823865,72.02844,0.0104359845,0.0025364757,0.06224510073661804,-0.015628956258296967,0.0104359845
704,78,polarity,-1,0.06775917,0.15367778,0.9661207,72.05781,0.008892114,0.012144327,0.039894379675388336,-0.03797967731952667,0.008892114
705,78,vocab,-1,0.16981463,0.3851395,0.91509306,72.00136,0.35648623,0.24360605,0.10518232733011246,0.02730827033519745,0.35648623
706,78,cat,-1,0.4946174,1.1217921,0.75269157,71.87834,1.0459075,0.98025864,7.835955619812012,7.758081562817097,1.0459075
707,78,shuffle,-1,0.06419821,0.14560151,0.96790135,72.05168,0.013549334,0.0040680617,0.0303792804479599,-0.04749477654695511,0.013549334
708,78,unrelated,128,0.77544147,1.7587008,0.6122793,71.88198,1.7469828,1.6171674,11.03482437133789,10.956950314342976,1.7469828
709,78,unrelated_token,128,0.7048943,1.5986999,0.6475531,72.17087,1.5595711,1.4571664,0.5907854437828064,0.5129113867878914,1.5595711
711,79,paraphrase,-1,0.056186896,0.12743185,0.9719069,72.30547,0.008328101,2.6971102e-06,0.05141307786107063,-0.004185345023870468,0.008328101
712,79,translate,-1,0.055921458,0.12682985,0.9720398,72.33366,0.0062587564,-0.0005993098,0.052532799541950226,-0.0030656233429908752,0.0062587564
713,79,polarity,-1,0.05757881,0.13058871,0.97121084,72.36424,0.0036491693,0.0031595528,0.05179019272327423,-0.00380823016166687,0.0036491693
714,79,vocab,-1,0.113809444,0.25811976,0.9430957,72.27213,0.15102565,0.1306906,0.05307909846305847,-0.0025193244218826294,0.15102565
715,79,cat,-1,0.28847602,0.6542635,0.8557623,71.91473,0.5325307,0.52683437,1.402125597000122,1.346527174115181,0.5325307
716,79,shuffle,-1,0.056621008,0.12841642,0.97168964,72.344215,0.014556423,0.0009872615,0.045399680733680725,-0.010198742151260376,0.014556423
717,79,unrelated,231,0.85042274,1.9287584,0.574789,71.807495,1.8729849,1.8013293,6.879289150238037,6.823690727353096,1.8729849
718,79,unrelated_token,231,0.7840172,1.7781507,0.6079919,72.114655,1.6837814,1.6507215,0.22981593012809753,0.17421750724315643,1.6837814
720,80,paraphrase,-1,0.114237726,0.2590911,0.9428812,72.01075,0.0074767056,0.00023216009,0.1650172472000122,0.0016102492809295654,0.0074767056
721,80,translate,-1,0.12119125,0.2748617,0.9394044,72.035,0.009790807,0.016002744,0.1397647261619568,-0.023642271757125854,0.009790807
722,80,polarity,-1,0.1195112,0.27105135,0.9402444,72.026566,0.0079886895,0.012192398,0.11680950224399567,-0.046597495675086975,0.0079886895
723,80,vocab,-1,0.15056552,0.34148252,0.92471737,71.977455,0.08527633,0.08262357,0.13319352269172668,-0.030213475227355957,0.08527633
724,80,cat,-1,0.54709923,1.2408208,0.7264504,71.96485,1.0509673,0.98196185,4.259862422943115,4.096455425024033,1.0509673
725,80,shuffle,-1,0.11483212,0.2604392,0.9425843,72.00027,0.019036662,0.0015802383,0.20149552822113037,0.03808853030204773,0.019036662
726,80,unrelated,222,0.7518152,1.7051165,0.62409234,72.019035,1.5912174,1.4462576,5.525758743286133,5.36235174536705,1.5912174
727,80,unrelated_token,222,0.7226336,1.6389327,0.6386833,71.87316,1.52326,1.3800738,0.28339657187461853,0.11998957395553589,1.52326
729,81,paraphrase,-1,0.09259661,0.21000908,0.9537018,71.90044,0.0058210366,0.0060839355,0.022943077608942986,-0.004412489011883736,0.0058210366
730,81,translate,-1,0.11048411,0.2505779,0.9447582,71.90779,0.057565797,0.04665275,0.03623254597187042,0.008876979351043701,0.057565797
731,81,polarity,-1,0.091309324,0.2070895,0.9543459,71.92472,0.009346238,0.003164351,0.03488684073090553,0.007531274110078812,0.009346238
732,81,vocab,-1,0.45634562,1.0349916,0.77182764,71.511185,0.85198796,0.8310665,0.8458881974220276,0.8185326308012009,0.85198796
733,81,cat,-1,0.3163221,0.7174184,0.84183913,71.76943,0.6016942,0.51349324,4.109975337982178,4.082619771361351,0.6016942
734,81,shuffle,-1,0.090309724,0.20482242,0.9548456,71.90457,0.013592693,0.0008972734,0.034499652683734894,0.007144086062908173,0.013592693
735,81,unrelated,229,0.7598518,1.7233436,0.62007457,71.91431,1.58643,1.5194185,3.4130358695983887,3.385680302977562,1.58643
736,81,unrelated_token,229,0.6468242,1.4669969,0.6765883,71.69201,1.2937137,1.2630718,3.2957794666290283,3.2684239000082016,1.2937137
738,82,paraphrase,-1,0.07358384,0.16688812,0.9632083,71.82849,0.007139619,0.0109038055,0.013920634984970093,0.0024130716919898987,0.007139619
739,82,translate,-1,0.06875936,0.1559462,0.96562064,71.87632,0.008159564,-3.811717e-05,0.019559122622013092,0.008051559329032898,0.008159564
740,82,polarity,-1,0.0656542,0.1489037,0.96717334,71.850494,0.009561355,-0.0070806146,0.019152607768774033,0.0076450444757938385,0.009561355
741,82,vocab,-1,0.122713074,0.2783132,0.93864363,71.73064,0.1320628,0.12232888,0.028309665620326996,0.016802102327346802,0.1320628
742,82,cat,-1,0.2977391,0.6752721,0.85113084,71.727936,0.52293307,0.5192878,0.4569026827812195,0.4453951194882393,0.52293307
743,82,shuffle,-1,0.06547464,0.14849645,0.96726304,71.87946,0.034812815,-0.0074878633,0.017710063606500626,0.0062025003135204315,0.034812815
744,82,unrelated,72,0.80577195,1.8274904,0.59711415,71.98497,1.6661334,1.6715062,5.638189315795898,5.626681752502918,1.6661334
745,82,unrelated_token,72,0.72300386,1.6397724,0.63849854,71.97754,1.4806485,1.4837881,0.18926015496253967,0.17775259166955948,1.4806485
747,83,paraphrase,-1,0.09000863,0.20413953,0.954996,71.99114,0.016876834,-0.0092282,0.010607794858515263,0.00046303216367959976,0.016876834
748,83,translate,-1,0.095426515,0.2164273,0.9522871,72.00567,0.00833121,0.003059566,0.01142851635813713,0.001283753663301468,0.00833121
749,83,polarity,-1,0.09528418,0.21610448,0.9523584,71.98366,0.009237808,0.0027367473,0.009052916429936886,-0.001091846264898777,0.009237808
750,83,vocab,-1,0.23902857,0.5421167,0.88048595,71.903076,0.32879248,0.32874897,0.03276688978075981,0.02262212708592415,0.32879248
751,83,cat,-1,0.29279605,0.6640613,0.8536026,72.0148,0.5103991,0.45069358,8.642814636230469,8.632669873535633,0.5103991
752,83,shuffle,-1,0.09444385,0.2141986,0.9527785,71.97234,0.015218317,0.00083087385,0.010648082941770554,0.0005033202469348907,0.015218317
753,83,unrelated,151,0.8534771,1.9356858,0.57326186,71.82415,1.911448,1.722318,5.692195415496826,5.6820506528019905,1.911448
754,83,unrelated_token,151,0.6501761,1.4745991,0.67491204,72.03307,1.4002304,1.2612314,0.23300208151340485,0.22285731881856918,1.4002304
756,84,paraphrase,-1,0.07460003,0.16919284,0.96270025,72.10985,0.007000355,0.0028915107,0.006273353472352028,0.001005067490041256,0.007000355
757,84,translate,-1,0.0753417,0.17087494,0.96232945,72.10838,0.019599391,0.0045736134,0.0065589528530836105,0.0012906668707728386,0.019599391
758,84,polarity,-1,0.080516934,0.18261237,0.95974195,72.11169,0.0055737155,0.01631105,0.005864626262336969,0.0005963402800261974,0.0055737155
759,84,vocab,-1,0.106798016,0.24221785,0.9466014,72.115555,0.052748445,0.07591653,0.00889940932393074,0.0036311233416199684,0.052748445
760,84,cat,-1,0.53010213,1.2022715,0.7349492,72.17556,1.2727509,1.0359701,10.905219078063965,10.899950792081654,1.2727509
761,84,shuffle,-1,0.09506254,0.2156018,0.9524691,72.07962,0.035128783,0.049300477,0.008815796114504337,0.0035475101321935654,0.035128783
762,84,unrelated,198,0.8351452,1.8941089,0.5824278,71.98286,1.8600985,1.7278075,10.61198902130127,10.606720735318959,1.8600985
763,84,unrelated_token,198,0.6682578,1.5156083,0.66587156,72.006424,1.5275002,1.349307,0.5008382201194763,0.49556993413716555,1.5275002
765,85,paraphrase,-1,0.1092688,0.24782158,0.94536597,72.00267,0.02000623,0.009803712,0.004211083520203829,-0.0018671564757823944,0.02000623
766,85,translate,-1,0.16335651,0.3704925,0.9183223,72.027016,0.06258848,0.13247462,0.007368936203420162,0.001290696207433939,0.06258848
767,85,polarity,-1,0.10567057,0.23966081,0.9471651,71.98622,0.0061036036,0.0016429424,0.006104982458055019,2.6742462068796158e-05,0.0061036036
768,85,vocab,-1,0.42410702,0.96187454,0.7879466,71.72258,0.7069372,0.7238567,0.012625009752810001,0.006546769756823778,0.7069372
769,85,cat,-1,0.49296016,1.1180334,0.75352037,71.731735,0.8479927,0.88001555,1.5044277906417847,1.4983495506457984,0.8479927
770,85,shuffle,-1,0.10639491,0.24130361,0.946803,71.99327,0.010031546,0.0032857358,0.00504032289609313,-0.0010379170998930931,0.010031546
771,85,unrelated,125,0.87387973,1.9819589,0.5630606,71.9246,1.800348,1.743941,1.1828356981277466,1.1767574581317604,1.800348
772,85,unrelated_token,125,0.82223904,1.8648378,0.5888807,71.96849,1.6684613,1.6268198,0.020717386156320572,0.014639146160334349,1.6684613
774,86,paraphrase,-1,0.124618985,0.2826358,0.9376907,72.06181,0.01879355,0.004853517,0.024314645677804947,0.0029633045196533203,0.01879355
775,86,translate,-1,0.122146055,0.2770272,0.9389273,72.08397,0.013666724,-0.00075510144,0.020408160984516144,-0.0009431801736354828,0.013666724
776,86,polarity,-1,0.11966095,0.27139097,0.94016975,72.07699,0.00723554,-0.0063913167,0.019843798130750656,-0.0015075430274009705,0.00723554
777,86,vocab,-1,0.1870952,0.4243318,0.9064528,72.09841,0.16882472,0.14654952,0.030665813013911247,0.00931447185575962,0.16882472
778,86,cat,-1,0.29240707,0.6631791,0.8537969,71.97838,0.4107847,0.3853968,2.7628424167633057,2.741491075605154,0.4107847
779,86,shuffle,-1,0.14608458,0.33131975,0.9269582,72.1017,0.09117875,0.05353746,0.02103630267083645,-0.0003150384873151779,0.09117875
780,86,unrelated,104,0.88083345,1.9977299,0.5595836,72.04783,1.8339119,1.7199476,5.508301258087158,5.486949916929007,1.8339119
781,86,unrelated_token,104,0.8182188,1.8557199,0.59089065,72.20287,1.6712264,1.5779376,0.08994746953248978,0.06859612837433815,1.6712264
783,87,paraphrase,-1,0.09534561,0.2162438,0.9523273,71.9613,0.010031053,0.011072129,0.020664438605308533,0.004273878410458565,0.010031053
784,87,translate,-1,0.09879933,0.22407684,0.9506004,72.01159,0.008386914,0.018905163,0.02061997726559639,0.004229417070746422,0.008386914
785,87,polarity,-1,0.09312062,0.21119753,0.95343995,72.0149,0.004847994,0.006025851,0.018513089045882225,0.002122528851032257,0.004847994
786,87,vocab,-1,0.15512292,0.3518187,0.92243886,72.00367,0.112661816,0.14664704,0.04067700728774071,0.02428644709289074,0.112661816
787,87,cat,-1,0.45260525,1.0265085,0.7736978,71.88214,0.80714315,0.82133675,2.5802104473114014,2.5638198871165514,0.80714315
788,87,shuffle,-1,0.10055363,0.2280556,0.9497233,71.99134,0.018272504,0.022883922,0.01775755174458027,0.001366991549730301,0.018272504
789,87,unrelated,103,0.81710374,1.8531909,0.5914481,72.151245,1.6926165,1.6480192,9.445209503173828,9.428818942978978,1.6926165
790,87,unrelated_token,103,0.63519704,1.4406266,0.6824017,72.20507,1.239504,1.2354549,0.7569089531898499,0.7405183929949999,1.239504
792,88,paraphrase,-1,0.065858476,0.14936699,0.9670712,71.84089,0.017222445,0.01707606,0.016631174832582474,0.008607584983110428,0.017222445
793,88,translate,-1,0.061263103,0.13894469,0.96936876,71.81842,0.012173437,0.006653756,0.012073969468474388,0.004050379619002342,0.012173437
794,88,polarity,-1,0.06460874,0.1465326,0.967696,71.839035,0.016828611,0.014241666,0.013212337158620358,0.005188747309148312,0.016828611
795,88,vocab,-1,0.50478435,1.1448507,0.7476081,71.91298,0.939055,1.0125598,0.4334736764431,0.42545008659362793,0.939055
796,88,cat,-1,0.32566816,0.7386152,0.8371665,71.47319,0.6291563,0.6063243,4.90037727355957,4.892353683710098,0.6291563
797,88,shuffle,-1,0.058490954,0.13265745,0.97075486,71.842674,0.014123748,0.00036652386,0.01315911952406168,0.005135529674589634,0.014123748
798,88,unrelated,157,0.8513932,1.9309595,0.5743038,72.04887,1.8047707,1.7986685,5.890270709991455,5.882247120141983,1.8047707
799,88,unrelated_token,157,0.71369934,1.6186697,0.64315075,72.332726,1.4702117,1.4863788,0.9454026222229004,0.9373790323734283,1.4702117
801,89,paraphrase,-1,0.046073593,0.10449489,0.97696334,71.91239,0.00546263,-0.0013995096,0.05341276153922081,-0.010508764535188675,0.00546263
802,89,translate,-1,0.04736819,0.10743104,0.97631603,71.92063,0.0071643326,0.0015366375,0.05562842637300491,-0.008293099701404572,0.0071643326
803,89,polarity,-1,0.049224358,0.111640826,0.9753881,71.92358,0.003761576,0.005746424,0.07575034350156784,0.011828817427158356,0.003761576
804,89,vocab,-1,0.08406143,0.19065128,0.9579694,71.86007,0.10328983,0.08475688,0.046406567096710205,-0.01751495897769928,0.10328983
805,89,cat,-1,0.3314631,0.75175816,0.8342687,71.94058,0.68551016,0.6458638,5.452828407287598,5.388906881213188,0.68551016
806,89,shuffle,-1,0.054497074,0.12359934,0.9727516,71.942604,0.029558415,0.017704941,0.05302644893527031,-0.010895077139139175,0.029558415
807,89,unrelated,189,0.8185264,1.8564175,0.59073687,71.874214,1.8256171,1.7505231,6.755145072937012,6.691223546862602,1.8256171
808,89,unrelated_token,189,0.70388764,1.5964168,0.6480564,71.8299,1.5776335,1.4905224,0.6918667554855347,0.6279452294111252,1.5776335
810,90,paraphrase,-1,0.047452606,0.10762249,0.97627425,72.05957,0.0069731236,0.005062178,0.001467189285904169,-0.0005092055071145296,0.0069731236
811,90,translate,-1,0.05099376,0.11565382,0.97450364,72.07644,0.013702816,0.013093509,0.002960509853437543,0.0009841150604188442,0.013702816
812,90,polarity,-1,0.04857491,0.110167876,0.9757129,72.09469,0.007057883,0.0076075643,0.003363966476172209,0.00138757168315351,0.007057883
813,90,vocab,-1,0.07540237,0.17101255,0.9622995,72.05336,0.09705707,0.06845224,0.006034275516867638,0.004057880723848939,0.09705707
814,90,cat,-1,0.40957522,0.92891645,0.7952129,72.12532,0.82346296,0.8263562,1.7295628786087036,1.727586483815685,0.82346296
815,90,shuffle,-1,0.0541991,0.12292353,0.97290087,72.110916,0.018204195,0.02036322,0.0019785903859883547,2.1955929696559906e-06,0.018204195
816,90,unrelated,63,0.8456194,1.9178643,0.57719105,72.07596,1.8410625,1.815304,9.333319664001465,9.331343269208446,1.8410625
817,90,unrelated_token,63,0.7123079,1.6155139,0.64384645,72.080605,1.5417882,1.5129536,0.17888909578323364,0.17691270099021494,1.5417882
819,91,paraphrase,-1,0.099552065,0.22578403,0.95022434,71.68925,0.0068430533,0.021285221,0.059427227824926376,0.007225740700960159,0.0068430533
820,91,translate,-1,0.092363805,0.20948106,0.9538185,71.697754,0.014620407,0.004982248,0.05660500377416611,0.00440351665019989,0.014620407
821,91,polarity,-1,0.094334885,0.21395148,0.9528328,71.71279,0.0077202115,0.009452671,0.06280618906021118,0.010604701936244965,0.0077202115
822,91,vocab,-1,0.16759661,0.38010904,0.91620207,71.60032,0.18102461,0.17561023,0.0696091502904892,0.01740766316652298,0.18102461
823,91,cat,-1,0.36773306,0.8340184,0.8161338,71.78235,0.7160603,0.6295196,2.1360228061676025,2.0838213190436363,0.7160603
824,91,shuffle,-1,0.098191164,0.22269751,0.9509046,71.702995,0.0180874,0.018198699,0.03826047480106354,-0.01394101232290268,0.0180874
825,91,unrelated,89,0.8737413,1.981645,0.56312966,71.93195,1.894676,1.7771462,1.7499268054962158,1.6977253183722496,1.894676
826,91,unrelated_token,89,0.80501,1.8257624,0.5974952,71.84928,1.7389047,1.6212636,0.5123702883720398,0.4601688012480736,1.7389047
828,92,paraphrase,-1,0.3070857,0.6964702,0.84645736,72.19429,0.0069953064,0.026274502,0.1532837152481079,0.023093387484550476,0.0069953064
829,92,translate,-1,0.3011306,0.682964,0.8494349,72.19603,0.007512069,0.012768328,0.13925370573997498,0.009063377976417542,0.007512069
830,92,polarity,-1,0.2993492,0.67892385,0.8503258,72.22569,0.0033647586,0.008728147,0.13078559935092926,0.0005952715873718262,0.0033647586
831,92,vocab,-1,0.40938586,0.92848694,0.7953073,72.20406,0.091239676,0.25829124,0.2659373879432678,0.1357470601797104,0.091239676
832,92,cat,-1,0.7904558,1.7927535,0.6047723,71.882225,1.0429753,1.1225578,10.259256362915039,10.129066035151482,1.0429753
833,92,shuffle,-1,0.30150113,0.6838044,0.8492499,72.195816,0.01392432,0.013608694,0.14349570870399475,0.013305380940437317,0.01392432
834,92,unrelated,146,1.1981945,2.7175045,0.40090314,71.7637,1.8919362,2.047309,6.398362636566162,6.268172308802605,1.8919362
835,92,unrelated_token,146,1.1576566,2.6255646,0.42117205,71.59713,1.8214278,1.9553689,8.48950481414795,8.359314486384392,1.8214278
837,93,paraphrase,-1,0.10669975,0.24199499,0.94665045,72.04334,0.012142587,0.028961003,0.0004216472734697163,0.00013122419477440417,0.012142587
838,93,translate,-1,0.10541178,0.23907387,0.9472944,72.04654,0.016910188,0.026039883,0.0004595833015628159,0.00016916022286750376,0.016910188
839,93,polarity,-1,0.09103518,0.20646775,0.9544826,72.055244,0.0050931047,-0.0065662414,0.0002937481040135026,3.3250253181904554e-06,0.0050931047
840,93,vocab,-1,0.15235683,0.34554523,0.92382216,72.052956,0.1091635,0.13251124,0.00030866480665281415,1.8241727957502007e-05,0.1091635
841,93,cat,-1,0.4168396,0.945392,0.7915806,72.18393,0.77607995,0.73235804,1.8680435419082642,1.8677531188295688,0.77607995
842,93,shuffle,-1,0.09004956,0.20423235,0.9549757,72.04885,0.010619894,-0.008801639,0.0002856734790839255,-4.749599611386657e-06,0.010619894
843,93,unrelated,98,0.99650747,2.2600784,0.50174683,72.36989,2.048626,2.0470445,10.38853931427002,10.388248891191324,2.048626
844,93,unrelated_token,98,0.84792644,1.9230968,0.5760372,71.951035,1.7162519,1.7100627,0.004145051818341017,0.0038546287396457046,1.7162519
846,94,paraphrase,-1,0.113900736,0.25832683,0.94304985,71.7498,0.011913301,-0.010360748,0.018090713769197464,-0.005360512062907219,0.011913301
847,94,translate,-1,0.13022873,0.2953587,0.93488604,71.76931,0.025753498,0.026671112,0.02740304358303547,0.003951817750930786,0.025753498
848,94,polarity,-1,0.1319327,0.2992233,0.9340339,71.76103,0.010887686,0.030535728,0.030652688816189766,0.007201462984085083,0.010887686
849,94,vocab,-1,0.16974422,0.3849798,0.915128,71.76776,0.1919589,0.11629224,0.017322160303592682,-0.006129065528512001,0.1919589
850,94,cat,-1,0.27902892,0.6328375,0.86048603,71.67359,0.5226878,0.3641499,1.337857723236084,1.3144064974039793,0.5226878
851,94,shuffle,-1,0.11602728,0.26314983,0.94198674,71.73171,0.0034626513,-0.0055377483,0.025225240737199783,0.0017740149050951004,0.0034626513
852,94,unrelated,15,0.7666958,1.7388657,0.6166523,71.99381,1.7291555,1.4701781,1.1928685903549194,1.1694173645228148,1.7291555
853,94,unrelated_token,15,0.5629085,1.2766762,0.71854615,71.79183,1.229421,1.0079886,0.14821478724479675,0.12476356141269207,1.229421
855,95,paraphrase,-1,0.26133198,0.5927008,0.8693345,71.84178,0.010862814,0.037273765,0.029690973460674286,0.0017944928258657455,0.010862814
856,95,translate,-1,0.25221652,0.57202697,0.87389207,71.85652,0.01533482,0.016599953,0.024958020076155663,-0.002938460558652878,0.01533482
857,95,polarity,-1,0.2505503,0.568248,0.8747253,71.84649,0.012702659,0.012820959,0.028127767145633698,0.00023128651082515717,0.012702659
858,95,vocab,-1,0.4830071,1.0954599,0.7584969,71.96278,0.47827524,0.5400329,0.047314535826444626,0.019418055191636086,0.47827524
859,95,cat,-1,0.554694,1.2580458,0.7226535,71.99493,0.73981446,0.7026188,4.657233238220215,4.629336757585406,0.73981446
860,95,shuffle,-1,0.2691519,0.6104364,0.86542445,71.84811,0.026404962,0.055009365,0.03207644820213318,0.004179967567324638,0.026404962
861,95,unrelated,200,0.95166063,2.158366,0.5241701,71.848656,1.6159106,1.6029389,1.9461183547973633,1.9182218741625547,1.6159106
862,95,unrelated_token,200,0.85428256,1.9375125,0.5728592,72.1034,1.445013,1.3820856,0.09162337332963943,0.0637268926948309,1.445013
864,96,paraphrase,-1,0.04839425,0.10975814,0.9758034,72.10568,0.008721911,0.003754951,0.01718863844871521,0.00011280551552772522,0.008721911
865,96,translate,-1,0.054134894,0.12277792,0.972933,72.075096,0.013780107,0.016774729,0.008327055722475052,-0.008748777210712433,0.013780107
866,96,polarity,-1,0.051689148,0.11723097,0.97415584,72.12213,0.008517755,0.011227779,0.010734010487794876,-0.006341822445392609,0.008517755
867,96,vocab,-1,0.18165329,0.41198957,0.90917385,71.95567,0.26594067,0.30598637,0.01906195655465126,0.0019861236214637756,0.26594067
868,96,cat,-1,0.33355796,0.7565093,0.8332215,71.853546,0.61471784,0.65050614,8.755955696105957,8.73887986317277,0.61471784
869,96,shuffle,-1,0.05716577,0.12965195,0.9714177,72.104614,0.012037026,0.023648761,0.02090906724333763,0.0038332343101501465,0.012037026
870,96,unrelated,43,0.9009684,2.0433958,0.54951626,72.040535,1.924054,1.9373926,4.801546096801758,4.78447026386857,1.924054
871,96,unrelated_token,43,0.8050224,1.8257905,0.5974893,71.9505,1.6925244,1.7197874,1.975852370262146,1.9587765373289585,1.6925244
873,97,paraphrase,-1,0.17265712,0.39158627,0.9136721,71.93007,0.067649096,0.040948004,0.000939596095122397,-0.0008024651324376464,0.067649096
874,97,translate,-1,0.15115389,0.34281695,0.92442346,71.98509,0.03226278,-0.0078213215,0.0012023299932479858,-0.0005397312343120575,0.03226278
875,97,polarity,-1,0.16467729,0.37348804,0.9176621,71.98236,0.013499314,0.022849768,0.0011383529054000974,-0.000603708322159946,0.013499314
876,97,vocab,-1,0.30781975,0.6981351,0.8460905,71.76901,0.38072792,0.3474968,0.003946913406252861,0.0022048521786928177,0.38072792
877,97,cat,-1,0.3226997,0.73188275,0.8386507,71.84776,0.43211234,0.38124448,0.038429539650678635,0.03668747842311859,0.43211234
878,97,shuffle,-1,0.17051181,0.38672072,0.9147445,71.96547,0.04257447,0.036082447,0.0017975339433178306,5.547271575778723e-05,0.04257447
879,97,unrelated,60,0.7602295,1.7242002,0.61988574,71.88484,1.340788,1.373562,8.912287712097168,8.910545650869608,1.340788
880,97,unrelated_token,60,0.6587572,1.4940611,0.6706218,71.696495,1.1198192,1.1434228,0.017963044345378876,0.016220983117818832,1.1198192
882,98,paraphrase,-1,0.11216102,0.25438115,0.94391984,72.33118,0.044419043,0.02720417,0.05572880804538727,0.041137197986245155,0.044419043
883,98,translate,-1,0.10014471,0.22712815,0.9499281,72.35834,0.008445987,-4.8831105e-05,0.014401355758309364,-0.0001902543008327484,0.008445987
884,98,polarity,-1,0.107489824,0.24378687,0.94625556,72.389786,0.007692896,0.016609892,0.01822350174188614,0.003631891682744026,0.007692896
885,98,vocab,-1,0.2711332,0.61493003,0.864434,71.94253,0.30934003,0.38775307,0.07638738304376602,0.06179577298462391,0.30934003
886,98,cat,-1,0.34077513,0.7728779,0.82961285,71.94789,0.5273442,0.5457009,3.768526554107666,3.753934944048524,0.5273442
887,98,shuffle,-1,0.19761138,0.44818252,0.9011947,72.25807,0.15910308,0.22100554,0.023423923179507256,0.008832313120365143,0.15910308
888,98,unrelated,116,0.8091396,1.8351283,0.59543055,71.97685,1.551729,1.6079513,0.17159374058246613,0.157002130523324,1.551729
889,98,unrelated_token,116,0.8097969,1.836619,0.595102,71.98124,1.5533081,1.609442,0.18433193862438202,0.1697403285652399,1.5533081
891,99,paraphrase,-1,0.12638348,0.2866377,0.9368084,72.01622,0.017796814,-0.0036803186,0.002214125357568264,-0.0005830570589751005,0.017796814
892,99,translate,-1,0.13251904,0.3005531,0.93374056,71.99339,0.018942202,0.010235101,0.0030690995045006275,0.000271917087957263,0.018942202
893,99,polarity,-1,0.12380202,0.28078294,0.93809897,72.02607,0.004872981,-0.009535074,0.0024252706207334995,-0.000371911795809865,0.004872981
894,99,vocab,-1,0.14336534,0.32515252,0.9283173,71.98388,0.10771833,0.034834504,0.005786206107586622,0.0029890236910432577,0.10771833
895,99,cat,-1,0.47753754,1.0830549,0.76123136,71.918564,0.90446407,0.7927369,2.2617175579071045,2.258920375490561,0.90446407
896,99,shuffle,-1,0.119543314,0.27112418,0.94022864,72.00872,0.02038683,-0.019193828,0.0024523138999938965,-0.00034486851654946804,0.02038683
897,99,unrelated,255,0.8481778,1.9236668,0.57591146,71.782036,1.8996689,1.6333488,3.9195456504821777,3.9167484680656344,1.8996689
898,99,unrelated_token,255,0.59842044,1.3572173,0.7007901,71.704384,1.3186619,1.0668993,0.10830260068178177,0.1055054182652384,1.3186619
900,100,paraphrase,-1,0.110631205,0.25091153,0.9446849,71.94169,0.020677356,0.026141465,0.07070737332105637,0.021521437913179398,0.020677356
901,100,translate,-1,0.1090434,0.24731037,0.94547874,71.94712,0.017453032,0.022540301,0.04976259544491768,0.0005766600370407104,0.017453032
902,100,polarity,-1,0.113525614,0.25747603,0.9432376,71.94234,0.018360225,0.032705963,0.07148858904838562,0.02230265364050865,0.018360225
903,100,vocab,-1,0.1937869,0.43950862,0.90310675,71.77915,0.2108605,0.21473855,0.05377428978681564,0.004588354378938675,0.2108605
904,100,cat,-1,0.41546163,0.94226676,0.7922696,71.76117,0.7523712,0.7174967,4.857695579528809,4.808509644120932,0.7523712
905,100,shuffle,-1,0.14019884,0.3179709,0.9299008,71.9352,0.07959997,0.09320083,0.12558215856552124,0.07639622315764427,0.07959997
906,100,unrelated,203,0.75466335,1.7115761,0.62266886,71.92332,1.5288535,1.486806,4.299506187438965,4.250320252031088,1.5288535
907,100,unrelated_token,203,0.6880143,1.5604162,0.6559934,71.87005,1.3758792,1.3356462,0.4689866602420807,0.4198007248342037,1.3758792
909,101,paraphrase,-1,0.06282636,0.14249015,0.96858686,72.006966,0.0052088946,-0.004682943,0.04643654823303223,0.014961358159780502,0.0052088946
910,101,translate,-1,0.06584511,0.14933668,0.96707743,71.994255,0.0049549513,0.002163589,0.019858192652463913,-0.011616997420787811,0.0049549513
911,101,polarity,-1,0.06726362,0.15255386,0.9663682,72.011055,0.0046748975,0.0053807646,0.03380987048149109,0.0023346804082393646,0.0046748975
912,101,vocab,-1,0.07768793,0.17619619,0.96115613,71.94303,0.03744055,0.029023096,0.05238347873091698,0.020908288657665253,0.03744055
913,101,cat,-1,0.3386769,0.76811904,0.83066154,71.83268,0.69867015,0.62094593,6.024895668029785,5.993420477956533,0.69867015
914,101,shuffle,-1,0.06417722,0.14555392,0.96791124,71.99914,0.0034964571,-0.0016191751,0.03203272074460983,0.0005575306713581085,0.0034964571
915,101,unrelated,13,0.5879568,1.3334857,0.7060217,71.87004,1.2301356,1.1863127,0.11517737805843353,0.08370218798518181,1.2301356
916,101,unrelated_token,13,0.5698799,1.2924874,0.71505994,71.8649,1.1831559,1.1453143,0.049636807292699814,0.01816161721944809,1.1831559
918,102,paraphrase,-1,0.04930543,0.1118247,0.97534776,72.04824,0.01564058,0.007981233,0.005968081299215555,-0.005670348647981882,0.01564058
919,102,translate,-1,0.049628306,0.11255698,0.97518617,72.0998,0.013265662,0.008713514,0.011194557882845402,-0.0004438720643520355,0.013265662
920,102,polarity,-1,0.04923799,0.11167174,0.97538126,72.122795,0.0038865292,0.007828273,0.00841545034199953,-0.0032229796051979065,0.0038865292
921,102,vocab,-1,0.1658559,0.3761611,0.9170724,72.03519,0.21873999,0.27231765,0.09713304042816162,0.08549461048096418,0.21873999
922,102,cat,-1,0.5173804,1.1734185,0.7413101,71.94374,1.0877953,1.0695751,10.746580123901367,10.73494169395417,1.0877953
923,102,shuffle,-1,0.051833224,0.11755773,0.9740838,72.106064,0.018919835,0.013714261,0.0035142896231263876,-0.00812414032407105,0.018919835
924,102,unrelated,141,0.8560274,1.9414698,0.57198673,72.04988,1.8402641,1.8376263,5.718707084655762,5.707068654708564,1.8402641
925,102,unrelated_token,141,0.6596935,1.4961845,0.6701534,72.01935,1.35459,1.392341,0.16472038626670837,0.15308195631951094,1.35459
927,103,paraphrase,-1,0.13921295,0.31573492,0.93039364,72.1209,0.013408894,0.011672854,0.05018676072359085,-0.016987577080726624,0.013408894
928,103,translate,-1,0.13922366,0.3157592,0.9303883,72.140884,0.008010006,0.011697143,0.052625857293605804,-0.01454848051071167,0.008010006
929,103,polarity,-1,0.13452151,0.30509475,0.93273944,72.15522,0.00711202,0.0010326803,0.06863880157470703,0.0014644637703895569,0.00711202
930,103,vocab,-1,0.27140498,0.6155464,0.8642976,71.851,0.28638402,0.31148434,0.0759262666106224,0.008751928806304932,0.28638402
931,103,cat,-1,0.47266683,1.0720081,0.7636669,71.82944,0.88621575,0.76794606,2.3278896808624268,2.2607153430581093,0.88621575
932,103,shuffle,-1,0.1348427,0.30582318,0.93257886,72.1475,0.0029388233,0.0017611086,0.052195943892002106,-0.014978393912315369,0.0029388233
933,103,unrelated,192,0.8055409,1.8269664,0.5972298,71.92459,1.6050998,1.5229044,1.7696220874786377,1.7024477496743202,1.6050998
934,103,unrelated_token,192,0.7210273,1.6352897,0.6394864,72.059784,1.3573303,1.3312275,0.2151331752538681,0.14795883744955063,1.3573303
936,104,paraphrase,-1,0.062089555,0.14081909,0.9689551,72.05527,0.0075461706,0.0017364919,0.0020020080264657736,-0.0010357198771089315,0.0075461706
937,104,translate,-1,0.06307242,0.14304823,0.9684639,72.072334,0.007904301,0.003965631,0.0024505113251507282,-0.0005872165784239769,0.007904301
938,104,polarity,-1,0.060421955,0.13703696,0.96978927,72.048515,0.0049303775,-0.0020456314,0.002880539745092392,-0.00015718815848231316,0.0049303775
939,104,vocab,-1,0.3472399,0.78753996,0.82638055,72.042145,0.7117684,0.64845735,0.0036987755447626114,0.0006610476411879063,0.7117684
940,104,cat,-1,0.5169072,1.1723453,0.74154675,71.86418,1.097866,1.0332627,9.591887474060059,9.588849746156484,1.097866
941,104,shuffle,-1,0.07983877,0.18107429,0.9600809,72.05092,0.046738487,0.041991696,0.002314712153747678,-0.0007230157498270273,0.046738487
942,104,unrelated,221,0.79812735,1.8101525,0.60093653,71.94153,1.798499,1.67107,8.298234939575195,8.29519721167162,1.798499
943,104,unrelated_token,221,0.6792347,1.540504,0.66038287,71.95948,1.5108917,1.4014214,0.017216291278600693,0.014178563375025988,1.5108917
945,105,paraphrase,-1,0.1237677,0.2807051,0.9381163,71.78967,0.019169046,0.011616737,0.03288564831018448,0.0018284991383552551,0.019169046
946,105,translate,-1,0.11141734,0.2526945,0.94429195,71.814545,0.011116181,-0.01639387,0.02464839443564415,-0.006408754736185074,0.011116181
947,105,polarity,-1,0.123140834,0.27928334,0.93843,71.80592,0.007387424,0.010194987,0.029858121648430824,-0.0011990275233983994,0.007387424
948,105,vocab,-1,0.16527432,0.37484208,0.9173629,71.717155,0.11752269,0.10575372,0.04989917576313019,0.018842026591300964,0.11752269
949,105,cat,-1,0.40253568,0.91295075,0.79873246,71.553,0.7444167,0.64386237,5.022058010101318,4.991000860929489,0.7444167
950,105,shuffle,-1,0.11799462,0.26761174,0.9410031,71.80068,0.0031567735,-0.0014766157,0.0322406068444252,0.0011834576725959778,0.0031567735
951,105,unrelated,51,0.7546143,1.7114649,0.6226932,71.95504,1.5429385,1.4423765,2.3613555431365967,2.3302983939647675,1.5429385
952,105,unrelated_token,51,0.6057476,1.3738352,0.69712657,72.09477,1.1614959,1.1047468,0.5658823251724243,0.5348251760005951,1.1614959
954,106,paraphrase,-1,0.10991899,0.24929622,0.9450409,71.888504,0.014401875,0.011838257,0.009378221817314625,-0.005103275179862976,0.014401875
955,106,translate,-1,0.12289866,0.27873412,0.9385511,71.88994,0.02518016,0.041276157,0.009371636435389519,-0.005109860561788082,0.02518016
956,106,polarity,-1,0.10620459,0.24087197,0.9468981,71.904594,0.0038398306,0.003414005,0.014635315164923668,0.00015381816774606705,0.0038398306
957,106,vocab,-1,0.15891087,0.3604098,0.9205449,71.94875,0.16612065,0.122951835,0.020570948719978333,0.006089451722800732,0.16612065
958,106,cat,-1,0.41314015,0.93700165,0.7934303,72.00205,0.7907399,0.6995437,1.124086618423462,1.1096051214262843,0.7907399
959,106,shuffle,-1,0.13485256,0.30584553,0.93257415,71.916405,0.041042842,0.06838757,0.02353975921869278,0.009058262221515179,0.041042842
960,106,unrelated,136,0.80619174,1.8284425,0.5969047,71.852554,1.7064488,1.5909845,5.117960453033447,5.10347895603627,1.7064488
961,106,unrelated_token,136,0.64731985,1.4681212,0.6763405,72.00293,1.4020731,1.2306632,0.03869974613189697,0.024218249134719372,1.4020731
963,107,paraphrase,-1,0.06590463,0.14947167,0.9670482,71.86226,0.015557159,0.015012994,0.0922643169760704,-0.0037767812609672546,0.015557159
964,107,translate,-1,0.056924336,0.12910436,0.97153836,71.90604,0.010053231,-0.005354315,0.09196382015943527,-0.0040772780776023865,0.010053231
965,107,polarity,-1,0.05959723,0.1351665,0.9702019,71.89329,0.0071471804,0.00070782006,0.09156690537929535,-0.00447419285774231,0.0071471804
966,107,vocab,-1,0.12264186,0.2781517,0.9386795,71.81758,0.12434016,0.14369301,0.1524057388305664,0.05636464059352875,0.12434016
967,107,cat,-1,0.39584342,0.89777267,0.80207866,71.89149,0.79847485,0.763314,5.527762413024902,5.431721314787865,0.79847485
968,107,shuffle,-1,0.069035195,0.15657179,0.96548265,71.83166,0.031246878,0.022113115,0.09598692506551743,-5.4173171520233154e-05,0.031246878
969,107,unrelated,129,0.9426075,2.1378334,0.5286969,72.19771,2.0629742,2.0033746,6.261636734008789,6.165595635771751,2.0629742
970,107,unrelated_token,129,0.71988857,1.632707,0.64005613,72.1815,1.4947612,1.4982483,0.9624545574188232,0.8664134591817856,1.4947612
972,108,paraphrase,-1,0.116307236,0.26378477,0.9418466,71.84738,0.0137106,0.013976067,0.0669378861784935,0.01937476173043251,0.0137106
973,108,translate,-1,0.11204829,0.25412548,0.94397616,71.85368,0.010671622,0.004316777,0.0677381083369255,0.020174983888864517,0.010671622
974,108,polarity,-1,0.11233546,0.25477678,0.94383264,71.8545,0.014623353,0.004968077,0.060213178396224976,0.012650053948163986,0.014623353
975,108,vocab,-1,0.13839683,0.31388396,0.930802,71.7952,0.13042226,0.06407526,0.06424079090356827,0.01667766645550728,0.13042226
976,108,cat,-1,0.42641526,0.9671096,0.7867927,71.75974,0.7204901,0.7173009,3.321058988571167,3.273495864123106,0.7204901
977,108,shuffle,-1,0.10830058,0.24562567,0.94585,71.877655,0.01370307,-0.004183024,0.049239207059144974,0.0016760826110839844,0.01370307
978,108,unrelated,245,0.78648496,1.7837476,0.606758,71.97736,1.5615722,1.5339389,4.555842399597168,4.508279275149107,1.5615722
979,108,unrelated_token,245,0.6986977,1.584646,0.6506515,72.22005,1.3431563,1.3348373,0.39496904611587524,0.34740592166781425,1.3431563
981,109,paraphrase,-1,0.054775022,0.12422973,0.97261286,71.89816,0.01930277,0.0017924979,0.014558834955096245,-0.0003288527950644493,0.01930277
982,109,translate,-1,0.06291356,0.14268793,0.9685436,71.844635,0.028388698,0.0202507,0.022387318313121796,0.0074996305629611015,0.028388698
983,109,polarity,-1,0.05717686,0.12967709,0.9714121,71.89721,0.009521596,0.007239856,0.010170645080506802,-0.0047170426696538925,0.009521596
984,109,vocab,-1,0.19192374,0.43528295,0.9040385,71.75375,0.2896023,0.3128457,0.13929378986358643,0.12440610211342573,0.2896023
985,109,cat,-1,0.37056667,0.84044504,0.8147172,71.73648,0.7383765,0.7180078,2.885219097137451,2.8703314093872905,0.7383765
986,109,shuffle,-1,0.07998341,0.18140234,0.9600088,71.95207,0.058907654,0.05896511,0.015618902631103992,0.0007312148809432983,0.058907654
987,109,unrelated,153,0.91368544,2.0722382,0.5431577,72.01515,2.0280104,1.949801,7.9578070640563965,7.942919376306236,2.0280104
988,109,unrelated_token,153,0.8933107,2.0260284,0.5533452,72.065155,1.9371263,1.9035912,0.3681313991546631,0.3532437114045024,1.9371263
990,110,paraphrase,-1,0.20507765,0.46511602,0.89746165,72.05186,0.0037661681,-0.003635943,7.519299106206745e-05,-6.166395905893296e-06,0.0037661681
991,110,translate,-1,0.20145516,0.4569002,0.8992728,72.067406,0.011779978,-0.011851758,0.00010471475980011746,2.3355372832156718e-05,0.011779978
992,110,polarity,-1,0.21325071,0.48365253,0.8933751,72.054955,0.0021585566,0.014900565,8.689065725775436e-05,5.5312702897936106e-06,0.0021585566
993,110,vocab,-1,0.2244379,0.5090251,0.8877814,72.12373,0.046247553,0.04027313,0.0003108774544671178,0.00022951806749915704,0.046247553
994,110,cat,-1,0.68811,1.5606332,0.6559456,71.841774,1.4266897,1.0918813,0.6053052544593811,0.6052238950724131,1.4266897
995,110,shuffle,-1,0.20166239,0.45737022,0.8991692,72.07409,0.01588936,-0.011381745,8.545270975446329e-05,4.09332278650254e-06,0.01588936
996,110,unrelated,109,1.1416476,2.5892563,0.42917654,71.884544,2.5641341,2.1205044,1.736250400543213,1.736169041156245,2.5641341
997,110,unrelated_token,109,1.014488,2.3008583,0.49275622,72.14802,2.2276602,1.8321064,0.0013244980946183205,0.0012431387076503597,2.2276602
999,111,paraphrase,-1,0.18348768,0.41614997,0.9082565,72.07382,0.023011178,-0.059880525,0.0026004777755588293,0.0001994736958295107,0.023011178
1000,111,translate,-1,0.19869016,0.4506292,0.9006549,72.062805,0.026627753,-0.025401294,0.0018501363229006529,-0.0005508677568286657,0.026627753
1001,111,polarity,-1,0.19149025,0.4342998,0.9042551,72.09073,0.012567153,-0.041730702,0.0024817727971822023,8.076871745288372e-05,0.012567153
1002,111,vocab,-1,0.20038128,0.45446464,0.89980936,71.96663,0.13398914,-0.021565855,0.000612662872299552,-0.0017883412074297667,0.13398914
1003,111,cat,-1,0.33822298,0.76708955,0.8308886,71.95344,0.4557016,0.29105905,6.008855819702148,6.006454815622419,0.4557016
1004,111,shuffle,-1,0.15710875,0.3563226,0.92144555,72.030945,0.11432456,-0.11970791,0.001120785716921091,-0.0012802183628082275,0.11432456
1005,111,unrelated,22,0.7763007,1.7606497,0.6118497,72.07329,1.5490701,1.2846192,18.06928253173828,18.066881527658552,1.5490701
1006,111,unrelated_token,22,0.702765,1.5938706,0.6486175,72.167305,1.2373992,1.1178402,0.010042720474302769,0.00764171639457345,1.2373992
1008,112,paraphrase,-1,0.20360252,0.46177045,0.89819914,71.88862,0.03792538,0.046678126,0.0043470598757267,0.0010922686196863651,0.03792538
1009,112,translate,-1,0.23598012,0.5352028,0.8820103,71.88861,0.08722461,0.12011048,0.0033314558677375317,7.666461169719696e-05,0.08722461
1010,112,polarity,-1,0.17827366,0.4043246,0.91086364,71.84496,0.015329559,-0.010767728,0.003648573998361826,0.00039378274232149124,0.015329559
1011,112,vocab,-1,0.29494518,0.66893554,0.852528,71.749954,0.21780843,0.25384322,0.006215252447873354,0.0029604611918330193,0.21780843
1012,112,cat,-1,0.40643185,0.92178726,0.7967846,71.62419,0.40657005,0.5066949,0.0177114587277174,0.014456667471677065,0.40657005
1013,112,shuffle,-1,0.18588093,0.42157787,0.90705997,71.86167,0.022272872,0.0064855516,0.0021043657325208187,-0.001150425523519516,0.022272872
1014,112,unrelated,159,1.1993253,2.7200694,0.40033776,72.02422,2.4602225,2.3049772,4.148825645446777,4.145570854190737,2.4602225
1015,112,unrelated_token,159,1.0390466,2.3565574,0.48047715,71.80784,2.0449822,1.941465,1.9476412534713745,1.9443864622153342,2.0449822
1017,113,paraphrase,-1,0.09075396,0.20582993,0.9546234,71.70507,0.04044947,0.0031823665,0.0018544172635301948,0.0010428259847685695,0.04044947
1018,113,translate,-1,0.0953943,0.21635422,0.9523029,71.72241,0.024063569,0.013706654,0.0006519476301036775,-0.00015964364865794778,0.024063569
1019,113,polarity,-1,0.095023334,0.21551289,0.95248854,71.6731,0.012355407,0.01286532,0.0009611995192244649,0.0001496082404628396,0.012355407
1020,113,vocab,-1,0.18584235,0.42149037,0.907079,71.61414,0.401405,0.2188428,0.0010098370257765055,0.00019824574701488018,0.401405
1021,113,cat,-1,0.57061535,1.2941554,0.7146927,71.837234,1.1639475,1.0915078,4.503177165985107,4.502365574706346,1.1639475
1022,113,shuffle,-1,0.11225275,0.2545892,0.943874,71.70379,0.0933383,0.051941633,0.00032309687230736017,-0.0004884944064542651,0.0933383
1023,113,unrelated,6,0.9479216,2.1498857,0.5260392,71.92613,2.1011906,1.9472381,5.20716667175293,5.206355080474168,2.1011906
1024,113,unrelated_token,6,0.6572885,1.49073,0.67135584,72.003784,1.4425766,1.2880825,0.007019663695245981,0.006208072416484356,1.4425766
1026,114,paraphrase,-1,0.09016492,0.204494,0.95491785,72.05364,0.004740901,0.0059876144,0.05022734776139259,0.005978003144264221,0.004740901
1027,114,translate,-1,0.09263055,0.21008605,0.95368505,72.017845,0.0073802355,0.011579663,0.03617314621806145,-0.008076198399066925,0.0073802355
1028,114,polarity,-1,0.08898256,0.2018124,0.9555092,72.064804,0.0019746285,0.0033060163,0.04046383500099182,-0.003785509616136551,0.0019746285
1029,114,vocab,-1,0.1069626,0.24259113,0.94651914,72.02591,0.03455617,0.044084743,0.037126366049051285,-0.007122978568077087,0.03455617
1030,114,cat,-1,0.12406592,0.28138146,0.93796754,71.97665,0.069648825,0.08287507,0.037760116159915924,-0.006489228457212448,0.069648825
1031,114,shuffle,-1,0.09478007,0.21496116,0.95261014,72.06115,0.012197864,0.016454771,0.03804067522287369,-0.0062086693942546844,0.012197864
1032,114,unrelated,180,0.7216656,1.6367373,0.63916755,71.8958,1.5097744,1.438231,3.265899419784546,3.2216500751674175,1.5097744
1033,114,unrelated_token,180,0.6310247,1.4311638,0.68448794,72.023,1.2895974,1.2326574,0.19141432642936707,0.1471649818122387,1.2895974
1035,115,paraphrase,-1,0.090861924,0.2060748,0.95456946,71.83392,0.012813744,0.0095175505,0.009349437430500984,-0.0019770264625549316,0.012813744
1036,115,translate,-1,0.09193034,0.20849797,0.95403504,71.81923,0.009589099,0.011940718,0.01012661587446928,-0.0011998480185866356,0.009589099
1037,115,polarity,-1,0.0860705,0.19520785,0.95696485,71.86071,0.012813103,-0.0013494045,0.017796389758586884,0.006469925865530968,0.012813103
1038,115,vocab,-1,0.19925913,0.45191962,0.90037066,71.674644,0.26681963,0.25536236,0.023748790845274925,0.01242232695221901,0.26681963
1039,115,cat,-1,0.36354646,0.8245232,0.8182269,71.758255,0.6146671,0.6279659,2.7207388877868652,2.7094124238938093,0.6146671
1040,115,shuffle,-1,0.10028504,0.22744642,0.9498578,71.87264,0.055820387,0.030889168,0.026935886591672897,0.015609422698616982,0.055820387
1041,115,unrelated,150,0.66833586,1.5157855,0.6658324,71.88533,1.3280905,1.3192282,6.56850528717041,6.557178823277354,1.3280905
1042,115,unrelated_token,150,0.6299757,1.4287846,0.6850122,71.60418,1.2333089,1.2322273,0.15013539791107178,0.13880893401801586,1.2333089
1044,116,paraphrase,-1,0.19780421,0.44861987,0.901098,71.967575,0.006868471,-0.0039108694,0.06756441295146942,-0.022320106625556946,0.006868471
1045,116,translate,-1,0.20576301,0.46667042,0.8971187,71.96657,0.014968684,0.014139682,0.06837740540504456,-0.02150711417198181,0.014968684
1046,116,polarity,-1,0.18915278,0.4289984,0.9054237,71.999115,0.01090347,-0.023532331,0.034086644649505615,-0.05579787492752075,0.01090347
1047,116,vocab,-1,0.19913545,0.45163912,0.9004324,71.86953,0.16046642,-0.0008916259,0.06367740035057068,-0.02620711922645569,0.16046642
1048,116,cat,-1,0.39135313,0.88758874,0.80432373,71.93989,0.6024069,0.435058,2.036799907684326,1.9469153881072998,0.6024069
1049,116,shuffle,-1,0.18724883,0.42468026,0.90637577,71.97619,0.0107415365,-0.027850479,0.06774286925792694,-0.022141650319099426,0.0107415365
1050,116,unrelated,242,0.87280333,1.9795176,0.5635985,72.18812,1.8078537,1.5269868,4.381603240966797,4.2917187213897705,1.8078537
1051,116,unrelated_token,242,0.80301285,1.8212328,0.5984937,71.87867,1.6529795,1.368702,0.12349101901054382,0.033606499433517456,1.6529795
1053,117,paraphrase,-1,0.07385683,0.16750726,0.9630718,72.05326,0.008281521,0.0028505772,0.009773014113307,0.002990140113979578,0.008281521
1054,117,translate,-1,0.076486364,0.17347103,0.961757,72.047165,0.010358037,0.00881435,0.013396562077105045,0.006613688077777624,0.010358037
1055,117,polarity,-1,0.07189712,0.16306263,0.9640516,72.07102,0.004634131,-0.0015940517,0.004633354488760233,-0.0021495195105671883,0.004634131
1056,117,vocab,-1,0.45761546,1.0378717,0.77119225,72.30717,0.933413,0.873215,0.15346236526966095,0.14667949127033353,0.933413
1057,117,cat,-1,0.47363538,1.0742048,0.76318246,71.94711,1.0142525,0.9095481,6.8931169509887695,6.886334076989442,1.0142525
1058,117,shuffle,-1,0.09605779,0.21785901,0.95197105,72.06386,0.061352435,0.05320233,0.008412845432758331,0.0016299714334309101,0.061352435
1059,117,unrelated,14,0.78289664,1.7756093,0.6085518,71.94488,1.6715919,1.6109526,10.054974555969238,10.04819168196991,1.6715919
1060,117,unrelated_token,14,0.508829,1.1540239,0.7455858,71.99416,1.058477,0.9893672,0.6455726623535156,0.6387897883541882,1.058477
1062,118,paraphrase,-1,0.1008819,0.2288001,0.94955957,72.05238,0.014872432,-0.008067906,0.10675555467605591,-0.05412045121192932,0.014872432
1063,118,translate,-1,0.10889037,0.2469633,0.94555545,72.07013,0.00510168,0.010095298,0.16389009356498718,0.003014087677001953,0.00510168
1064,118,polarity,-1,0.106919095,0.24249247,0.94654095,72.05884,0.003953241,0.005624458,0.14474311470985413,-0.016132891178131104,0.003953241
1065,118,vocab,-1,0.17336306,0.39318734,0.91331893,71.90866,0.12545797,0.15631934,0.11775995045900345,-0.04311605542898178,0.12545797
1066,118,cat,-1,0.37035492,0.8399648,0.8148233,72.09008,0.6435205,0.6030968,5.2892303466796875,5.128354340791702,0.6435205
1067,118,shuffle,-1,0.10438788,0.23675166,0.9478066,72.082565,0.008712092,-0.00011634827,0.13615897297859192,-0.02471703290939331,0.008712092
1068,118,unrelated,123,0.8372,1.8987691,0.58140063,72.1453,1.7182688,1.6619011,6.832454681396484,6.671578675508499,1.7182688
1069,118,unrelated_token,123,0.7873069,1.7856117,0.6063472,72.17191,1.6006588,1.5487437,0.09578316658735275,-0.06509283930063248,1.6006588
1071,119,paraphrase,-1,0.17390937,0.39442638,0.9130457,72.42961,0.07776259,0.010569155,0.011855223216116428,-0.006377498619258404,0.07776259
1072,119,translate,-1,0.22355554,0.5070239,0.88822275,72.2553,0.086308904,0.12316665,0.01786758378148079,-0.00036513805389404297,0.086308904
1073,119,polarity,-1,0.16749409,0.37987652,0.9162531,72.405205,0.027038114,-0.003980696,0.0068036094307899475,-0.011429112404584885,0.027038114
1074,119,vocab,-1,0.30153996,0.6838925,0.84923023,72.112885,0.27627453,0.30003527,0.012722358107566833,-0.005510363727807999,0.27627453
1075,119,cat,-1,0.25828177,0.58578295,0.8708592,72.22352,0.24548113,0.20192572,6.699728012084961,6.681495290249586,0.24548113
1076,119,shuffle,-1,0.16892293,0.38311714,0.9155388,72.3071,0.06946689,-0.0007400811,0.012503758072853088,-0.005728963762521744,0.06946689
1077,119,unrelated,219,0.87796575,1.991226,0.56101733,71.81257,1.6101606,1.6073687,1.022600769996643,1.0043680481612682,1.6101606
1078,119,unrelated_token,219,0.86507255,1.9619842,0.567464,71.94016,1.522712,1.5781269,0.022938784211874008,0.004706062376499176,1.522712
1080,120,paraphrase,-1,0.079686,0.18072781,0.9601575,71.922386,0.01060817,0.00656341,0.0059076594188809395,0.0012035807594656944,0.01060817
1081,120,translate,-1,0.08268689,0.18753384,0.95865685,71.90837,0.008327023,0.013369441,0.007143393158912659,0.0024393144994974136,0.008327023
1082,120,polarity,-1,0.0794407,0.18017147,0.9602802,71.95208,0.0070405356,0.0060070753,0.005595118273049593,0.0008910396136343479,0.0070405356
1083,120,vocab,-1,0.19516389,0.44263163,0.9024183,71.87769,0.25478378,0.26846725,0.011518063023686409,0.006813984364271164,0.25478378
1084,120,cat,-1,0.45922446,1.0415208,0.77038825,71.8771,0.86881,0.8673564,2.3738083839416504,2.369104305282235,0.86881
1085,120,shuffle,-1,0.07861455,0.17829776,0.9606931,71.93313,0.004295666,0.0041333586,0.00534003134816885,0.0006359526887536049,0.004295666
1086,120,unrelated,167,0.75897515,1.7213553,0.62051284,72.00161,1.5538794,1.5471909,6.966829299926758,6.962125221267343,1.5538794
1087,120,unrelated_token,167,0.6662324,1.5110148,0.6668841,72.34186,1.3281758,1.3368504,0.08013539016246796,0.07543131150305271,1.3281758
1089,121,paraphrase,-1,0.054872237,0.12445021,0.972564,71.85463,0.006105956,0.0116443485,0.1192501038312912,0.007860109210014343,0.006105956
1090,121,translate,-1,0.056525744,0.12820037,0.9717374,71.88256,0.016097443,0.015394509,0.26527997851371765,0.1538899838924408,0.016097443
1091,121,polarity,-1,0.05599867,0.12700497,0.9720007,71.8797,0.008913933,0.014199108,0.11869873851537704,0.007308743894100189,0.008913933
1092,121,vocab,-1,0.10323171,0.23412947,0.9483845,71.869125,0.16219051,0.121323615,0.07836567610502243,-0.033024318516254425,0.16219051
1093,121,cat,-1,0.5388254,1.2220558,0.73058754,71.92434,1.219853,1.10925,8.450395584106445,8.339005589485168,1.219853
1094,121,shuffle,-1,0.108141445,0.24526475,0.9459296,71.842224,0.12589006,0.1324589,0.038804102689027786,-0.07258589193224907,0.12589006
1095,121,unrelated,177,0.99414843,2.2547283,0.5029259,72.11746,2.2729783,2.1419225,8.129280090332031,8.017890095710754,2.2729783
1096,121,unrelated_token,177,0.8072068,1.8307447,0.5963967,71.87606,1.835378,1.7179389,0.3927854001522064,0.28139540553092957,1.835378
1098,122,paraphrase,-1,0.12103822,0.27451465,0.9394814,71.92421,0.007796164,0.024336666,0.11570242047309875,0.0005100667476654053,0.007796164
1099,122,translate,-1,0.11171744,0.2533751,0.9441416,71.918945,0.006673854,0.0031971335,0.11319301277399063,-0.0019993409514427185,0.006673854
1100,122,polarity,-1,0.11750926,0.26651096,0.9412458,71.93191,0.004542759,0.016332984,0.13806089758872986,0.02286854386329651,0.004542759
1101,122,vocab,-1,0.2169363,0.49201146,0.89153236,72.007355,0.17597406,0.24183348,0.2301458865404129,0.11495353281497955,0.17597406
1102,122,cat,-1,0.37835523,0.85810953,0.81082284,71.846634,0.64963967,0.60793155,5.3488593101501465,5.233666956424713,0.64963967
1103,122,shuffle,-1,0.11775084,0.26705885,0.9411249,71.915276,0.0056512356,0.01688087,0.12593349814414978,0.01074114441871643,0.0056512356
1104,122,unrelated,174,0.8369538,1.8982109,0.58152354,71.95314,1.6998881,1.6480329,7.538395404815674,7.4232030510902405,1.6998881
1105,122,unrelated_token,174,0.68289685,1.5488098,0.6585518,72.0426,1.3482027,1.2986318,0.7519880533218384,0.636795699596405,1.3482027
1107,123,paraphrase,-1,0.10761263,0.2440654,0.9461938,72.1446,0.005404801,0.004219264,0.1056806892156601,0.012551680207252502,0.005404801
1108,123,translate,-1,0.11070962,0.25108936,0.9446454,72.15243,0.013034106,0.011243224,0.1518353670835495,0.05870635807514191,0.013034106
1109,123,polarity,-1,0.100598715,0.22815785,0.9497012,72.12083,0.011718634,-0.011688292,0.04724154621362686,-0.04588746279478073,0.011718634
1110,123,vocab,-1,0.1641665,0.37232953,0.91791725,72.06724,0.17335775,0.1324834,0.09640248864889145,0.003273479640483856,0.17335775
1111,123,cat,-1,0.28014413,0.63536674,0.8599285,72.063034,0.44102952,0.3955206,0.5856061577796936,0.492477148771286,0.44102952
1112,123,shuffle,-1,0.101875566,0.23105374,0.9490628,72.14159,0.02443111,-0.0087924,0.07516472041606903,-0.017964288592338562,0.02443111
1113,123,unrelated,37,0.8295457,1.8814092,0.5852275,72.046425,1.7880473,1.641563,6.8914875984191895,6.798358589410782,1.7880473
1114,123,unrelated_token,37,0.7799373,1.7688975,0.6100317,72.23868,1.6440674,1.5290514,1.305224895477295,1.2120958864688873,1.6440674
1116,124,paraphrase,-1,0.13428983,0.30456927,0.9328554,72.052536,0.025492862,0.021379888,0.014794318936765194,-0.0012901956215500832,0.025492862
1117,124,translate,-1,0.13181946,0.29896647,0.9340905,72.04249,0.013397863,0.015777081,0.017325187101960182,0.001240672543644905,0.013397863
1118,124,polarity,-1,0.12329213,0.2796265,0.93835425,72.093475,0.007094992,-0.0035628974,0.01748962700366974,0.0014051124453544617,0.007094992
1119,124,vocab,-1,0.24485154,0.5553232,0.8775744,71.9429,0.3551527,0.2721338,0.030205491930246353,0.014120977371931076,0.3551527
1120,124,cat,-1,0.35000065,0.7938013,0.8249998,71.98125,0.51933044,0.5106119,1.1949563026428223,1.178871788084507,0.51933044
1121,124,shuffle,-1,0.1319656,0.29929793,0.9340174,72.08831,0.045096695,0.016108543,0.013446833938360214,-0.002637680619955063,0.045096695
1122,124,unrelated,139,0.7783564,1.765312,0.61082196,72.02086,1.6230538,1.4821225,6.93947696685791,6.923392452299595,1.6230538
1123,124,unrelated_token,139,0.7205721,1.6342572,0.6397141,71.88184,1.4581304,1.3510678,0.06296601891517639,0.046881504356861115,1.4581304
1125,125,paraphrase,-1,0.1815859,0.4118367,0.90920746,71.913574,0.006728601,0.0013652742,0.0072510819882154465,0.000349242240190506,0.006728601
1126,125,translate,-1,0.18556999,0.42087266,0.90721536,71.91294,0.010604085,0.010401219,0.0066474564373493195,-0.00025438331067562103,0.010604085
1127,125,polarity,-1,0.17489293,0.39665708,0.9125539,71.92535,0.012738579,-0.01381436,0.01077534630894661,0.003873506560921669,0.012738579
1128,125,vocab,-1,0.2883014,0.6538675,0.8558496,71.76813,0.21788435,0.24339604,0.012792954221367836,0.0058911144733428955,0.21788435
1129,125,cat,-1,0.38252127,0.86755806,0.8087397,71.73006,0.636701,0.45708662,1.345457911491394,1.338556071743369,0.636701
1130,125,shuffle,-1,0.17872816,0.4053554,0.9106361,71.92447,0.018814275,-0.0051160455,0.013156691566109657,0.006254851818084717,0.018814275
1131,125,unrelated,19,0.6699189,1.5193758,0.66504073,71.967384,1.2949637,1.1089044,0.32500264048576355,0.3181008007377386,1.2949637
1132,125,unrelated_token,19,0.6489316,1.4717766,0.6755346,71.76755,1.2214541,1.0613052,0.12500877678394318,0.11810693703591824,1.2214541
1134,126,paraphrase,-1,0.15755667,0.35733846,0.921222,72.19082,0.013382649,0.030744791,5.541852260648739e-06,-4.5224624045658857e-07,0.013382649
1135,126,translate,-1,0.16749933,0.37988842,0.9162507,72.144035,0.01933469,0.053294748,6.217284408194246e-06,2.231859070889186e-07,0.01933469
1136,126,polarity,-1,0.1588527,0.36027783,0.920574,72.13765,0.013105633,0.033684164,4.517229172051884e-06,-1.476869329053443e-06,0.013105633
1137,126,vocab,-1,0.28572506,0.6480243,0.85713774,71.739876,0.25296107,0.32143065,1.0044640475825872e-05,4.050541974720545e-06,0.25296107
1138,126,cat,-1,0.5178927,1.1745805,0.74105406,71.200134,0.85405844,0.8479868,2.342210531234741,2.34220453713624,0.85405844
1139,126,shuffle,-1,0.15267256,0.3462613,0.9236641,72.16164,0.009674518,0.019667625,1.1159742825839203e-05,5.165644324733876e-06,0.009674518
1140,126,unrelated,236,0.93125975,2.1120968,0.53437066,72.22399,1.7599245,1.7855031,2.466862440109253,2.466856446010752,1.7599245
1141,126,unrelated_token,236,0.8681318,1.9689226,0.5659344,72.105865,1.6203544,1.642329,0.00021727560670115054,0.0002112815082000452,1.6203544
1143,127,paraphrase,-1,0.16697398,0.37869692,0.9165134,71.97178,0.0087208245,-0.0002772212,0.07682792842388153,0.0024257153272628784,0.0087208245
1144,127,translate,-1,0.16472799,0.373603,0.9176365,71.973656,0.006439445,-0.0053711534,0.06100460886955261,-0.01339760422706604,0.006439445
1145,127,polarity,-1,0.16488793,0.37396577,0.9175565,71.97226,0.006063637,-0.0050083697,0.05505853518843651,-0.019343677908182144,0.006063637
1146,127,vocab,-1,0.2502075,0.56747055,0.87489647,71.82359,0.19246756,0.18849641,0.06878168880939484,-0.005620524287223816,0.19246756
1147,127,cat,-1,0.3487696,0.7910093,0.82561576,71.66892,0.5501485,0.41203517,2.53170108795166,2.4572988748550415,0.5501485
1148,127,shuffle,-1,0.15552637,0.35273373,0.9222371,71.89526,0.042515557,-0.026240408,0.04307713732123375,-0.0313250757753849,0.042515557
1149,127,unrelated,184,0.7123591,1.61563,0.6438208,71.98168,1.4226297,1.236656,3.9843926429748535,3.909990429878235,1.4226297
1150,127,unrelated_token,184,0.71268594,1.6163714,0.6436573,72.11821,1.4055374,1.2373972,0.14928320050239563,0.07488098740577698,1.4055374
1152,128,paraphrase,-1,0.041553166,0.09424256,0.97922343,71.88195,0.00769788,-0.010192074,0.016530174762010574,0.002895468845963478,0.00769788
1153,128,translate,-1,0.04246097,0.09630146,0.97876954,71.89222,0.00653088,-0.008133173,0.012235536240041256,-0.0013991696760058403,0.00653088
1154,128,polarity,-1,0.04814891,0.10920171,0.9759258,71.89739,0.0055867704,0.004767075,0.00908568874001503,-0.004549017176032066,0.0055867704
1155,128,vocab,-1,0.09219783,0.20910463,0.9539012,71.78357,0.09371811,0.104669996,0.020173806697130203,0.006539100781083107,0.09371811
1156,128,cat,-1,0.3623926,0.82190627,0.8188039,71.91975,0.7801676,0.71747166,3.415229320526123,3.401594614610076,0.7801676
1157,128,shuffle,-1,0.057550527,0.13052458,0.9712249,71.90917,0.021179728,0.026089944,0.01524188369512558,0.0016071777790784836,0.021179728
1158,128,unrelated,148,0.6216777,1.4099647,0.68916124,71.899765,1.3847463,1.3055301,5.362996578216553,5.349361872300506,1.3847463
1159,128,unrelated_token,148,0.60463315,1.3713077,0.69768345,72.0717,1.3400639,1.2668731,0.08213070780038834,0.06849600188434124,1.3400639
1161,129,paraphrase,-1,0.089199945,0.20230544,0.9554003,72.186264,0.009051633,-0.01405257,0.04042845591902733,-0.001872766762971878,0.009051633
1162,129,translate,-1,0.088311896,0.20029134,0.95584434,72.1883,0.009099852,-0.01606667,0.04334551468491554,0.001044292002916336,0.009099852
1163,129,polarity,-1,0.094005704,0.21320489,0.95299727,72.2102,0.0034650513,-0.0031531155,0.04240837320685387,0.00010715052485466003,0.0034650513
1164,129,vocab,-1,0.09637978,0.21858929,0.9518104,72.25473,0.06615326,0.002231285,0.020592231303453445,-0.02170899137854576,0.06615326
1165,129,cat,-1,0.44748172,1.0148883,0.77625936,71.94758,0.99971014,0.7985303,3.412484645843506,3.3701834231615067,0.99971014
1166,129,shuffle,-1,0.11244702,0.2550298,0.9437767,72.204506,0.029675057,0.03867179,0.042713992297649384,0.000412769615650177,0.029675057
1167,129,unrelated,208,0.8888462,2.0159028,0.55557704,71.94081,2.0763783,1.7995448,9.6721830368042,9.6298818141222,2.0763783
1168,129,unrelated_token,208,0.7590901,1.721616,0.62045527,71.81083,1.8193951,1.5052581,0.11033718287944794,0.06803596019744873,1.8193951
1170,130,paraphrase,-1,0.087758616,0.1990365,0.95612115,71.99269,0.0077761086,0.01902686,0.00821826420724392,0.0020491760224103928,0.0077761086
1171,130,translate,-1,0.08246012,0.18701951,0.9587703,71.970856,0.015805569,0.0070098788,0.0026805533561855555,-0.003488534828647971,0.015805569
1172,130,polarity,-1,0.078912035,0.17897245,0.9605444,71.99164,0.005385083,-0.0010371804,0.004294523969292641,-0.001874564215540886,0.005385083
1173,130,vocab,-1,0.17191683,0.3899073,0.9140422,71.98784,0.19786967,0.20989767,0.030088528990745544,0.023919440805912018,0.19786967
1174,130,cat,-1,0.24737796,0.5610531,0.8763114,71.9047,0.3577789,0.38104346,0.6883639693260193,0.6821948811411858,0.3577789
1175,130,shuffle,-1,0.08901484,0.20188563,0.95549303,71.99751,0.007461824,0.021875992,0.017006773501634598,0.010837685316801071,0.007461824
1176,130,unrelated,199,0.88870525,2.015583,0.55564797,71.84932,1.8052579,1.8355734,12.655659675598145,12.649490587413311,1.8052579
1177,130,unrelated_token,199,0.8474436,1.9220017,0.5762787,71.77268,1.7091889,1.7419921,0.5516841411590576,0.5455150529742241,1.7091889
1179,131,paraphrase,-1,0.13253284,0.3005844,0.93373406,72.09125,0.013196848,-0.018201917,0.0031014196574687958,0.0009424076415598392,0.013196848
1180,131,translate,-1,0.1603019,0.3635646,0.91984946,72.11696,0.024424098,0.044778287,0.0030847983434796333,0.0009257863275706768,0.024424098
1181,131,polarity,-1,0.13997811,0.31747028,0.9300113,72.10504,0.012196523,-0.0013160408,0.003126133233308792,0.0009671212173998356,0.012196523
1182,131,vocab,-1,0.46486983,1.0543245,0.7675654,71.81386,0.9599064,0.7355382,0.014230730012059212,0.012071717996150255,0.9599064
1183,131,cat,-1,0.32680035,0.74118304,0.8366004,71.79857,0.5804779,0.42239672,1.8980865478515625,1.8959275358356535,0.5804779
1184,131,shuffle,-1,0.14143488,0.32077423,0.9292829,72.08949,0.019765273,0.0019879043,0.00937621109187603,0.0072171990759670734,0.019765273
1185,131,unrelated,23,0.88884676,2.015904,0.5555772,71.88428,1.832392,1.6971176,0.650111973285675,0.6479529612697661,1.832392
1186,131,unrelated_token,23,0.75145066,1.7042898,0.6242751,71.682526,1.4918894,1.3855035,0.13088424503803253,0.12872523302212358,1.4918894
1188,132,paraphrase,-1,0.11096908,0.25167784,0.94451565,71.713844,0.017886633,-0.063439906,2.9255097615532577e-05,4.545599949778989e-07,0.017886633
1189,132,translate,-1,0.11855564,0.26888415,0.9407221,71.766464,0.014709595,-0.046233594,2.9557180823758245e-05,7.566432032035664e-07,0.014709595
1190,132,polarity,-1,0.11572055,0.26245415,0.94214,71.75797,0.014477929,-0.052663594,2.8272364943404682e-05,-5.281726771499962e-07,0.014477929
1191,132,vocab,-1,0.18194517,0.41265157,0.90902734,71.63773,0.41311148,0.09753382,4.624525536200963e-05,1.744471774145495e-05,0.41311148
1192,132,cat,-1,0.4546987,1.0312564,0.77265084,71.5277,0.8986889,0.7161387,4.87614631652832,4.8761175159907,0.8986889
1193,132,shuffle,-1,0.14162502,0.32120547,0.9291876,71.69816,0.029336974,0.0060877204,2.5558299967087805e-05,-3.242237653466873e-06,0.029336974
1194,132,unrelated,94,0.8271445,1.8759633,0.58642787,71.75209,1.8024999,1.5608456,4.214588165283203,4.214559364745583,1.8024999
1195,132,unrelated_token,94,0.6994902,1.5864434,0.65025514,71.84418,1.4743961,1.2713257,0.0014247600920498371,0.0013959595544292824,1.4743961
1197,133,paraphrase,-1,0.049426235,0.11209868,0.97528714,71.97336,0.010537918,0.013983674,0.008321993984282017,0.002302604727447033,0.010537918
1198,133,translate,-1,0.052066863,0.11808762,0.9739669,71.9476,0.008616553,0.019972615,0.012144234031438828,0.006124844774603844,0.008616553
1199,133,polarity,-1,0.049253095,0.111705996,0.9753738,71.96198,0.0075448537,0.0135909915,0.013161467388272285,0.007142078131437302,0.0075448537
1200,133,vocab,-1,0.14207266,0.32222074,0.9289641,71.98899,0.17494525,0.22410575,0.050873782485723495,0.04485439322888851,0.17494525
1201,133,cat,-1,0.44776982,1.0155418,0.7761156,71.87643,0.88117516,0.91742676,2.593804359436035,2.5877849701792,0.88117516
1202,133,shuffle,-1,0.050223082,0.11390593,0.97488874,71.95302,0.008971846,0.015790924,0.005713559687137604,-0.00030582956969738007,0.008971846
1203,133,unrelated,86,0.88838893,2.0148656,0.55580586,72.08664,1.8976579,1.9167507,4.238405227661133,4.232385838404298,1.8976579
1204,133,unrelated_token,86,0.7753091,1.7584007,0.61234576,71.88759,1.6239887,1.6602857,0.19178363680839539,0.1857642475515604,1.6239887
1206,134,paraphrase,-1,0.05368458,0.121756606,0.9731581,71.89105,0.006326621,0.010720111,0.031058626249432564,0.007067857310175896,0.006326621
1207,134,translate,-1,0.059847154,0.13573332,0.97007686,71.87962,0.012708101,0.024696827,0.026906397193670273,0.0029156282544136047,0.012708101
1208,134,polarity,-1,0.05427764,0.12310167,0.97286135,71.8726,0.0034179874,0.012065172,0.021049054339528084,-0.0029417145997285843,0.0034179874
1209,134,vocab,-1,0.1834158,0.41598696,0.9082927,71.77145,0.3186075,0.30495048,0.058817435055971146,0.03482666611671448,0.3186075
1210,134,cat,-1,0.26348534,0.59758466,0.8682574,71.72146,0.42492646,0.4865482,1.4659851789474487,1.441994410008192,0.42492646
1211,134,shuffle,-1,0.063348025,0.14367329,0.96832633,71.86331,0.020558575,0.03263679,0.02435246668756008,0.0003616977483034134,0.020558575
1212,134,unrelated,244,0.79657733,1.806637,0.60171175,71.94676,1.7142388,1.6956005,7.047691822052002,7.023701053112745,1.7142388
1213,134,unrelated_token,244,0.7429964,1.6851155,0.62850213,71.61268,1.5944544,1.5740789,0.23437362909317017,0.2103828601539135,1.5944544
1215,135,paraphrase,-1,0.090149,0.2044579,0.9549254,72.11992,0.009730928,0.00036485493,0.14389728009700775,-0.010161444544792175,0.009730928
1216,135,translate,-1,0.10272805,0.23298717,0.9486362,72.11121,0.010495858,0.028894126,0.17510771751403809,0.02104899287223816,0.010495858
1217,135,polarity,-1,0.08476541,0.19224791,0.9576173,72.136246,0.007966528,-0.011845127,0.1495954543352127,-0.004463270306587219,0.007966528
1218,135,vocab,-1,0.1555696,0.35283178,0.9222152,72.09744,0.17837755,0.14873874,0.05359230563044548,-0.10046641901135445,0.17837755
1219,135,cat,-1,0.5157877,1.1698064,0.7421062,71.94243,1.0097349,0.9657133,6.97281551361084,6.81875678896904,1.0097349
1220,135,shuffle,-1,0.08681035,0.19688584,0.9565951,72.08092,0.02556165,-0.0072072,0.09137837588787079,-0.06268034875392914,0.02556165
1221,135,unrelated,69,0.82362425,1.8679794,0.5881881,71.98267,1.7713077,1.6638863,7.634587287902832,7.480528563261032,1.7713077
1222,135,unrelated_token,69,0.65264857,1.4802066,0.6736761,71.99885,1.3340454,1.2761135,0.5356367826461792,0.3815780580043793,1.3340454
1224,136,paraphrase,-1,0.09460086,0.2145547,0.9526999,71.84725,0.0054003545,-0.0066648126,0.017469234764575958,-0.010052455589175224,0.0054003545
1225,136,translate,-1,0.09544863,0.21647744,0.95227593,71.84449,0.0074612005,-0.004742071,0.020133033394813538,-0.007388656958937645,0.0074612005
1226,136,polarity,-1,0.10137315,0.22991426,0.94931394,71.84549,0.0052181324,0.008694753,0.026765909045934677,-0.0007557813078165054,0.0052181324
1227,136,vocab,-1,0.13115215,0.29745302,0.93442404,71.83785,0.06546729,0.076233506,0.019791800528764725,-0.007729889824986458,0.06546729
1228,136,cat,-1,0.24450855,0.5545453,0.877746,71.8209,0.39043227,0.33332577,0.49363890290260315,0.46611721254885197,0.39043227
1229,136,shuffle,-1,0.10028317,0.22744218,0.9498586,71.85085,0.003299679,0.0062226653,0.02787279523909092,0.00035110488533973694,0.003299679
1230,136,unrelated,38,0.6268796,1.4217626,0.6865605,71.87713,1.2132467,1.200543,4.341644763946533,4.314123073592782,1.2132467
1231,136,unrelated_token,38,0.61595213,1.3969792,0.69202405,72.194565,1.2615732,1.1757597,0.06379369646310806,0.03627200610935688,1.2615732
1233,137,paraphrase,-1,0.11505781,0.26095107,0.94247174,71.7955,0.020970073,0.019953758,0.000643837614916265,-0.001497796387411654,0.020970073
1234,137,translate,-1,0.121676646,0.2759626,0.9391624,71.81059,0.024955787,0.034965277,0.0006392651121132076,-0.0015023688902147114,0.024955787
1235,137,polarity,-1,0.114678785,0.26009142,0.9426613,71.71255,0.014100542,0.01909411,0.0014622900635004044,-0.0006793439388275146,0.014100542
1236,137,vocab,-1,0.494145,1.1207206,0.752928,71.64213,0.8687342,0.8797233,0.0031306699384003878,0.0009890359360724688,0.8687342
1237,137,cat,-1,0.13529438,0.3068476,0.93235326,71.65642,0.06873501,0.06585029,0.003980536013841629,0.00183890201151371,0.06873501
1238,137,shuffle,-1,0.117634416,0.2667948,0.9411833,71.76526,0.030956939,0.025797486,0.0007664547301828861,-0.0013751792721450329,0.030956939
1239,137,unrelated,35,0.9752463,2.2118583,0.5123774,71.91608,2.0134664,1.970861,0.19050458073616028,0.18836294673383236,2.0134664
1240,137,unrelated_token,35,0.94785357,2.1497314,0.5260738,72.02686,1.9427673,1.9087341,0.02683151140809059,0.024689877405762672,1.9427673
1242,138,paraphrase,-1,0.17094517,0.38770357,0.91452765,72.10608,0.016401215,0.021294236,0.013195555657148361,0.0007693115621805191,0.016401215
1243,138,translate,-1,0.16549765,0.3753486,0.9172514,72.117485,0.015839119,0.008939266,0.01402053888887167,0.0015942947939038277,0.015839119
1244,138,polarity,-1,0.16760322,0.38012403,0.9161985,72.09602,0.011331806,0.013714701,0.01507208589464426,0.0026458417996764183,0.011331806
1245,138,vocab,-1,0.18368325,0.41659352,0.90815866,72.07793,0.15746255,0.05018419,0.012186418287456036,-0.0002398258075118065,0.15746255
1246,138,cat,-1,0.46163315,1.0469837,0.76918375,72.05565,0.7799913,0.6805744,5.227960586547852,5.215534342452884,0.7799913
1247,138,shuffle,-1,0.14666931,0.33264592,0.9266657,72.07512,0.050926484,-0.03376341,0.012609082274138927,0.00018283817917108536,0.050926484
1248,138,unrelated,2,0.7450963,1.6898781,0.62745214,72.0041,1.5657524,1.3234688,4.22447395324707,4.2120477091521025,1.5657524
1249,138,unrelated_token,2,0.56495184,1.2813106,0.71752435,71.909325,1.162725,0.91490126,0.03998986631631851,0.02756362222135067,1.162725
1251,139,paraphrase,-1,0.06633847,0.15045562,0.96683097,72.028595,0.011210699,0.034067914,0.06734003126621246,0.009010180830955505,0.011210699
1252,139,translate,-1,0.0570062,0.12929003,0.9714969,72.00046,0.009396485,0.012902319,0.06056398153305054,0.002234131097793579,0.009396485
1253,139,polarity,-1,0.05442836,0.1234435,0.97278595,72.04403,0.006572098,0.007055789,0.05947571620345116,0.0011458657681941986,0.006572098
1254,139,vocab,-1,0.08852321,0.2007706,0.95573866,72.03015,0.081434466,0.08438289,0.08076953887939453,0.022439688444137573,0.081434466
1255,139,cat,-1,0.39823326,0.9031929,0.80088365,71.87609,0.8091067,0.78680515,3.232947826385498,3.174617975950241,0.8091067
1256,139,shuffle,-1,0.057063837,0.12942076,0.9714682,72.03984,0.010954987,0.013033047,0.0622795894742012,0.003949739038944244,0.010954987
1257,139,unrelated,74,0.7709122,1.7484285,0.614544,72.1213,1.6657112,1.6320407,7.4509992599487305,7.3926694095134735,1.6657112
1258,139,unrelated_token,74,0.54989296,1.247157,0.7250536,72.0869,1.1900125,1.1307693,0.4473227262496948,0.38899287581443787,1.1900125
1260,140,paraphrase,-1,0.15146896,0.34353155,0.92426586,72.05248,0.008276226,0.013660997,0.020718909800052643,0.0055971909314394,0.008276226
1261,140,translate,-1,0.11896628,0.26981547,0.94051707,72.0437,0.06229432,-0.060055077,0.0046575916931033134,-0.01046412717550993,0.06229432
1262,140,polarity,-1,0.13941304,0.31618872,0.9302938,72.03902,0.008421662,-0.013681829,0.01960872672498226,0.0044870078563690186,0.008421662
1263,140,vocab,-1,0.20499651,0.464932,0.89750224,71.95057,0.15707812,0.13506144,0.00885210745036602,-0.006269611418247223,0.15707812
1264,140,cat,-1,0.35037103,0.7946414,0.82481503,71.76505,0.6241823,0.46477082,5.433521270751953,5.41839955188334,0.6241823
1265,140,shuffle,-1,0.14766173,0.33489674,0.9261693,72.07345,0.038535316,0.0050261915,0.01226089894771576,-0.002860819920897484,0.038535316
1266,140,unrelated,238,0.8602656,1.951082,0.56986755,71.96705,1.7954158,1.6212114,9.540643692016602,9.525521973147988,1.7954158
1267,140,unrelated_token,238,0.76344955,1.7315032,0.61827564,71.89696,1.5052099,1.4016327,0.050715215504169464,0.03559349663555622,1.5052099
1269,141,paraphrase,-1,0.10740356,0.24359123,0.94629884,72.04015,0.023985688,0.032439336,0.015528831630945206,-0.005760865285992622,0.023985688
1270,141,translate,-1,0.097984664,0.22222917,0.9510082,72.06114,0.015261725,0.01107727,0.020593401044607162,-0.0006962958723306656,0.015261725
1271,141,polarity,-1,0.095865294,0.21742244,0.95206785,72.04821,0.0106989695,0.0062705427,0.03277682512998581,0.011487128213047981,0.0106989695
1272,141,vocab,-1,0.20112689,0.4561557,0.8994372,71.91631,0.20687842,0.24500379,0.022885669022798538,0.0015959721058607101,0.20687842
1273,141,cat,-1,0.40703458,0.92315423,0.7964832,71.78552,0.79398596,0.71200234,9.143296241760254,9.122006544843316,0.79398596
1274,141,shuffle,-1,0.13838604,0.3138595,0.9308073,71.99024,0.10510555,0.102707595,0.0609591007232666,0.039669403806328773,0.10510555
1275,141,unrelated,53,0.8684268,1.9695916,0.5657874,72.058624,1.8016053,1.7584398,14.414900779724121,14.393611082807183,1.8016053
1276,141,unrelated_token,53,0.7717636,1.7503595,0.6141186,72.04779,1.5447341,1.5392077,0.3383147418498993,0.31702504493296146,1.5447341
1278,142,paraphrase,-1,0.096437834,0.21872097,0.95178133,71.851105,0.005287317,0.0017019212,0.07612813264131546,-0.002060212194919586,0.005287317
1279,142,translate,-1,0.10445366,0.23690085,0.94777346,71.8184,0.018430348,0.0198818,0.07832834869623184,0.00014000385999679565,0.018430348
1280,142,polarity,-1,0.10477547,0.23763072,0.9476125,71.858,0.014920635,0.020611674,0.0803462415933609,0.0021578967571258545,0.014920635
1281,142,vocab,-1,0.22981414,0.52121836,0.885093,71.79844,0.41738385,0.3041993,0.023427261039614677,-0.05476108379662037,0.41738385
1282,142,cat,-1,0.39504945,0.89597195,0.8024756,71.87468,0.67459214,0.67895293,8.119355201721191,8.041166856884956,0.67459214
1283,142,shuffle,-1,0.11179485,0.25355068,0.94410276,71.85619,0.045877337,0.036531627,0.060421161353588104,-0.017767183482646942,0.045877337
1284,142,unrelated,45,0.6331878,1.4360696,0.6834063,71.924835,1.3322246,1.2190505,1.334197759628296,1.2560094147920609,1.3322246
1285,142,unrelated_token,45,0.60010713,1.3610427,0.6999464,72.04454,1.2494557,1.1440237,0.03961779177188873,-0.038570553064346313,1.2494557
1287,143,paraphrase,-1,0.092723206,0.21029618,0.95363843,72.04303,0.019553201,0.013433695,0.02717561088502407,0.007219601422548294,0.019553201
1288,143,translate,-1,0.092321515,0.20938516,0.9538396,72.01426,0.017046764,0.012522668,0.020327934995293617,0.0003719255328178406,0.017046764
1289,143,polarity,-1,0.08865868,0.20107785,0.95567083,72.02701,0.006877001,0.0042153597,0.023303233087062836,0.003347223624587059,0.006877001
1290,143,vocab,-1,0.18397708,0.41725993,0.9080118,71.84952,0.18537281,0.22039744,0.03588160499930382,0.01592559553682804,0.18537281
1291,143,cat,-1,0.35210758,0.7985799,0.8239466,71.824295,0.64392287,0.60171735,2.8204102516174316,2.800454242154956,0.64392287
1292,143,shuffle,-1,0.10031519,0.2275148,0.94984275,72.04896,0.020743858,0.030652314,0.02334030717611313,0.003384297713637352,0.020743858
1293,143,unrelated,137,0.91052693,2.0650747,0.5447368,71.7728,1.942274,1.8682122,8.538095474243164,8.518139464780688,1.942274
1294,143,unrelated_token,137,0.8962628,2.0327237,0.551869,71.67456,1.9074754,1.8358612,7.393648147583008,7.373692138120532,1.9074754
1296,144,paraphrase,-1,0.16007349,0.36304662,0.91996366,71.840965,0.02337338,0.0017297566,0.00031885469797998667,0.0001795184944057837,0.02337338
1297,144,translate,-1,0.15880929,0.3601794,0.92059577,71.86522,0.016363116,-0.0011374652,0.0001908035483211279,5.146734474692494e-05,0.016363116
1298,144,polarity,-1,0.14493223,0.32870623,0.9275343,71.83698,0.023662189,-0.032610625,0.0002609239600133151,0.00012158775643911213,0.023662189
1299,144,vocab,-1,0.597613,1.355386,0.70119387,71.51551,0.9459302,0.99406916,0.0028327330946922302,0.0026933968911180273,0.9459302
1300,144,cat,-1,0.20955665,0.47527438,0.8952222,71.80966,0.29936716,0.113957524,4.217477798461914,4.21733846225834,0.29936716
1301,144,shuffle,-1,0.14775214,0.33510178,0.9261242,71.86229,0.038643513,-0.026215076,0.00027056221733801067,0.00013122601376380771,0.038643513
1302,144,unrelated,95,0.9971322,2.2614954,0.5014342,71.8533,1.9443759,1.9001784,17.68247413635254,17.682334800148965,1.9443759
1303,144,unrelated_token,95,0.89307004,2.0254824,0.5534655,71.754776,1.6056143,1.6641655,0.0018573523266240954,0.0017180161230498925,1.6056143
1305,145,paraphrase,-1,0.067102164,0.15218768,0.9664489,71.85653,0.011601933,7.657707e-05,0.014065202325582504,0.00306706503033638,0.011601933
1306,145,translate,-1,0.07142256,0.16198634,0.96428895,71.82783,0.011804736,0.009875238,0.011490300297737122,0.0004921630024909973,0.011804736
1307,145,polarity,-1,0.06888973,0.15624188,0.96555537,71.858635,0.0049670464,0.0041307807,0.010547462850809097,-0.000450674444437027,0.0049670464
1308,145,vocab,-1,0.104032375,0.23594537,0.94798416,71.7703,0.11819777,0.083834276,0.019017476588487625,0.0080193392932415,0.11819777
1309,145,cat,-1,0.48020023,1.0890939,0.75990015,71.818596,0.89492625,0.9369828,3.4197275638580322,3.408729426562786,0.89492625
1310,145,shuffle,-1,0.097471796,0.22106598,0.95126426,71.82471,0.053831793,0.068954885,0.033096782863140106,0.022098645567893982,0.053831793
1311,145,unrelated,111,0.78831935,1.787908,0.6058404,72.125175,1.6540973,1.6357969,4.098758697509766,4.0877605602145195,1.6540973
1312,145,unrelated_token,111,0.72981066,1.6552103,0.63509506,71.74299,1.5197886,1.5030992,0.0440041609108448,0.03300602361559868,1.5197886
1314,146,paraphrase,-1,0.10225818,0.23192151,0.9488711,71.72064,0.02009595,0.008437946,0.0063064973801374435,0.0002976786345243454,0.02009595
1315,146,translate,-1,0.11382109,0.25814617,0.94308984,71.75993,0.021500874,0.034662604,0.0054371971637010574,-0.0005716215819120407,0.021500874
1316,146,polarity,-1,0.10382183,0.23546787,0.9480891,71.70975,0.018369008,0.011984304,0.007169235497713089,0.0011604167520999908,0.018369008
1317,146,vocab,-1,0.3388314,0.76846945,0.8305844,71.847824,0.5963186,0.5449859,0.013120702467858791,0.007111883722245693,0.5963186
1318,146,cat,-1,0.2365103,0.53640527,0.88174504,71.75516,0.29402098,0.3129217,6.454117298126221,6.448108479380608,0.29402098
1319,146,shuffle,-1,0.09645025,0.21874912,0.9517752,71.73511,0.021648386,-0.0047344416,0.009641874581575394,0.0036330558359622955,0.021648386
1320,146,unrelated,117,0.8000534,1.8145208,0.5999735,72.05935,1.6865816,1.5910373,6.93972110748291,6.933712288737297,1.6865816
1321,146,unrelated_token,117,0.68262136,1.548185,0.65868956,71.904945,1.4242743,1.3247014,0.022662922739982605,0.016654103994369507,1.4242743
1323,147,paraphrase,-1,0.11939385,0.27078518,0.9403034,71.964516,0.020923594,-0.021665901,0.04634951427578926,-0.005137458443641663,0.020923594
1324,147,translate,-1,0.13849132,0.31409824,0.9307546,71.99936,0.020098723,0.021647155,0.06766431033611298,0.016177337616682053,0.020098723
1325,147,polarity,-1,0.15155181,0.34371945,0.9242244,71.994446,0.02526718,0.05126837,0.07363583892583847,0.022148866206407547,0.02526718
1326,147,vocab,-1,0.25134,0.57003903,0.8743306,71.79648,0.2949522,0.27758795,0.13354729115962982,0.0820603184401989,0.2949522
1327,147,cat,-1,0.3548709,0.804847,0.8225649,71.93931,0.54059005,0.5123959,1.3131963014602661,1.2617093287408352,0.54059005
1328,147,shuffle,-1,0.12641492,0.28670898,0.93679285,72.00122,0.003715147,-0.005742103,0.051539890468120575,5.291774868965149e-05,0.003715147
1329,147,unrelated,207,0.78374135,1.7775251,0.6081293,72.08829,1.6866952,1.485074,9.63471508026123,9.5832281075418,1.6866952
1330,147,unrelated_token,207,0.6507331,1.4758624,0.6746338,72.00615,1.3447144,1.1834114,0.40247222781181335,0.35098525509238243,1.3447144
1332,148,paraphrase,-1,0.06013242,0.1363803,0.96993405,71.89853,0.004415145,0.0014706999,2.1926698536844924e-05,-1.412463461747393e-06,0.004415145
1333,148,translate,-1,0.06431613,0.14586896,0.96784234,71.89683,0.0042834906,0.010959357,2.7714893803931773e-05,4.375731805339456e-06,0.0042834906
1334,148,polarity,-1,0.06381124,0.14472386,0.9680946,71.93065,0.011758427,0.009814262,4.058107151649892e-05,1.7241909517906606e-05,0.011758427
1335,148,vocab,-1,0.06683489,0.1515815,0.9665832,71.89047,0.043628816,0.016671896,1.5141230505832937e-05,-8.19793149275938e-06,0.043628816
1336,148,cat,-1,0.4061397,0.92112464,0.7969304,71.892685,0.7934937,0.78621507,4.438950538635254,4.438927199473255,0.7934937
1337,148,shuffle,-1,0.062025476,0.14067376,0.96898735,71.94331,0.03181308,0.0057641566,2.5509078113827854e-05,2.1699161152355373e-06,0.03181308
1338,148,unrelated,217,0.8382791,1.9012167,0.58086073,71.981346,1.8543719,1.7663071,3.4912149906158447,3.491191651453846,1.8543719
1339,148,unrelated_token,217,0.73989856,1.6780896,0.63005114,71.85809,1.6384345,1.54318,0.0007104967371560633,0.000687157575157471,1.6384345
1341,149,paraphrase,-1,0.04176001,0.09471168,0.97912014,72.0771,0.0114388745,0.014982343,0.008145119994878769,0.0052072894759476185,0.0114388745
1342,149,translate,-1,0.037166856,0.084294416,0.9814169,72.07004,0.0053727874,0.004565075,0.003144275862723589,0.0002064453437924385,0.0053727874
1343,149,polarity,-1,0.03689111,0.08366902,0.98155487,72.089836,0.008427975,0.0039396808,0.0032010115683078766,0.00026318104937672615,0.008427975
1344,149,vocab,-1,0.088569075,0.20087463,0.95571595,72.016945,0.108340085,0.121145286,0.0100028021261096,0.00706497160717845,0.108340085
1345,149,cat,-1,0.364884,0.8275567,0.81755835,71.746994,0.7814928,0.7478274,0.3595227301120758,0.35658489959314466,0.7814928
1346,149,shuffle,-1,0.053287257,0.12085547,0.9733567,72.09212,0.044863783,0.041126132,0.012283099815249443,0.009345269296318293,0.044863783
1347,149,unrelated,227,0.83052623,1.8836331,0.58473724,71.97875,1.8428055,1.8039038,3.233450174331665,3.230512343812734,1.8428055
1348,149,unrelated_token,227,0.6415247,1.4549776,0.679238,71.78162,1.3652687,1.3752483,0.1815912127494812,0.17865338223055005,1.3652687
1350,150,paraphrase,-1,0.13819107,0.3134173,0.9309045,71.859924,0.016803078,0.016493052,0.010091627016663551,-0.0001263776794075966,0.016803078
1351,150,translate,-1,0.13341112,0.30257636,0.93329453,71.85262,0.011753624,0.0056521297,0.009547099471092224,-0.0006709052249789238,0.011753624
1352,150,polarity,-1,0.13395134,0.30380157,0.9330244,71.88461,0.004496538,0.006877333,0.011479158885776997,0.0012611541897058487,0.004496538
1353,150,vocab,-1,0.24165218,0.54806703,0.87917435,71.806564,0.19569571,0.2511428,0.00929262675344944,-0.0009253779426217079,0.19569571
1354,150,cat,-1,0.39996526,0.907121,0.8000178,71.781006,0.6349722,0.61019677,4.877762317657471,4.8675443129613996,0.6349722
1355,150,shuffle,-1,0.121144295,0.2747552,0.939428,71.88364,0.021640684,-0.022169024,0.010350149124860764,0.00013214442878961563,0.021640684
1356,150,unrelated,93,0.8615402,1.9539728,0.5692301,72.04839,1.6731294,1.6570486,7.6666951179504395,7.656477113254368,1.6731294
1357,150,unrelated_token,93,0.85778505,1.9454561,0.5711078,72.105865,1.6782583,1.6485319,0.022396652027964592,0.012178647331893444,1.6782583
1359,151,paraphrase,-1,0.09392734,0.21302716,0.9530366,71.80819,0.016342653,-0.028600872,0.005191572476178408,-0.00475331163033843,0.016342653
1360,151,translate,-1,0.09829298,0.22292843,0.9508538,71.78827,0.027534759,-0.018699601,0.0034749519545584917,-0.006469932151958346,0.027534759
1361,151,polarity,-1,0.10226443,0.23193568,0.948868,71.82546,0.0064461282,-0.009692356,0.008718656376004219,-0.001226227730512619,0.0064461282
1362,151,vocab,-1,0.19514461,0.44258788,0.90242815,71.696075,0.53679985,0.20095985,0.003365009557455778,-0.00657987454906106,0.53679985
1363,151,cat,-1,0.48938495,1.1099248,0.7553078,71.90084,1.0779395,0.86829674,3.22237491607666,3.2124300319701433,1.0779395
1364,151,shuffle,-1,0.08979382,0.20365235,0.9551034,71.818054,0.009486185,-0.037975684,0.007306576706469059,-0.002638307400047779,0.009486185
1365,151,unrelated,253,0.87077487,1.974917,0.56461275,71.9577,2.1995733,1.733289,7.311992645263672,7.302047761157155,2.1995733
1366,151,unrelated_token,253,0.7614373,1.7269394,0.6192818,71.83084,1.9446895,1.4853114,0.03849298879504204,0.0285481046885252,1.9446895
1368,152,paraphrase,-1,0.09855856,0.22353077,0.95072126,72.04593,0.012488777,0.011706829,0.029794782400131226,-0.0029978491365909576,0.012488777
1369,152,translate,-1,0.09980796,0.22636442,0.9500964,72.01885,0.013425421,0.014540479,0.041670411825180054,0.00887778028845787,0.013425421
1370,152,polarity,-1,0.095032215,0.21553302,0.9524845,72.05773,0.008479011,0.0037090778,0.04372227191925049,0.010929640382528305,0.008479011
1371,152,vocab,-1,0.2668641,0.6052476,0.86656845,71.89622,0.34767914,0.39342368,0.053123533725738525,0.020330902189016342,0.34767914
1372,152,cat,-1,0.40497455,0.9184821,0.7975134,72.03517,0.66160804,0.7066582,9.194992065429688,9.162199433892965,0.66160804
1373,152,shuffle,-1,0.109034464,0.24729012,0.9454832,72.01131,0.02172239,0.03546618,0.03926552087068558,0.006472889333963394,0.02172239
1374,152,unrelated,142,0.84115636,1.9077423,0.57942224,71.86973,1.681748,1.6959183,2.7645950317382812,2.731802400201559,1.681748
1375,152,unrelated_token,142,0.7490907,1.6989373,0.62545514,72.0125,1.4544884,1.4871134,0.2570417523384094,0.22424912080168724,1.4544884
1377,153,paraphrase,-1,0.04699405,0.106582485,0.9765033,72.00137,0.0059340633,-0.0016490147,0.009231623262166977,0.00238717719912529,0.0059340633
1378,153,translate,-1,0.055161882,0.12510712,0.97241944,72.019424,0.016362872,0.016875625,0.01144352275878191,0.004599076695740223,0.016362872
1379,153,polarity,-1,0.04756266,0.10787209,0.9762192,72.02127,0.018449418,-0.00035940856,0.0028549747075885534,-0.003989471355453134,0.018449418
1380,153,vocab,-1,0.21002433,0.47633508,0.8949883,71.884285,0.4177003,0.36810356,0.01205899752676487,0.005214551463723183,0.4177003
1381,153,cat,-1,0.42163062,0.95625806,0.7891851,72.02392,0.8739978,0.8480266,2.397601842880249,2.3907573968172073,0.8739978
1382,153,shuffle,-1,0.051915634,0.11774464,0.9740428,72.02178,0.031736095,0.00951314,0.0029875896871089935,-0.0038568563759326935,0.031736095
1383,153,unrelated,218,0.7386621,1.6752853,0.6306694,72.024925,1.702178,1.5670538,2.9550375938415527,2.948193147778511,1.702178
1384,153,unrelated_token,218,0.74081767,1.6801741,0.62959164,72.09101,1.6825627,1.5719426,0.04536111652851105,0.03851667046546936,1.6825627
1386,154,paraphrase,-1,0.15854469,0.3595793,0.92072785,71.58032,0.022855995,0.014041066,0.007121559232473373,0.003080094698816538,0.022855995
1387,154,translate,-1,0.16128927,0.36580402,0.91935575,71.53799,0.04372781,0.020265788,0.0026967176236212254,-0.0013447469100356102,0.04372781
1388,154,polarity,-1,0.16540882,0.37514713,0.917296,71.54675,0.031683102,0.029608905,0.003760414896532893,-0.0002810496371239424,0.031683102
1389,154,vocab,-1,0.46432513,1.0530891,0.7678377,71.42087,0.72251064,0.7075509,0.022410405799746513,0.018368941266089678,0.72251064
1390,154,cat,-1,0.18314849,0.4153807,0.9084259,71.63131,0.06466242,0.06984246,0.4126776456832886,0.40863618114963174,0.06466242
1391,154,shuffle,-1,0.1993859,0.45220712,0.9003073,71.573586,0.0989022,0.10666889,0.0030348547734320164,-0.0010066097602248192,0.0989022
1392,154,unrelated,52,0.990448,2.2463355,0.5047763,72.04345,2.023131,1.9007972,9.506964683532715,9.502923218999058,2.023131
1393,154,unrelated_token,52,0.8897872,2.018037,0.55510664,72.063,1.7801068,1.6724988,0.02910902164876461,0.025067557115107775,1.7801068
1395,155,paraphrase,-1,0.060410105,0.1370101,0.9697951,71.80959,0.0054630856,0.004500732,0.015935948118567467,0.005644271150231361,0.0054630856
1396,155,translate,-1,0.06825121,0.15479371,0.9658749,71.826485,0.012736635,0.022284344,0.01549011655151844,0.005198439583182335,0.012736635
1397,155,polarity,-1,0.05679994,0.12882224,0.9716004,71.83989,0.003535746,-0.0036871284,0.014674067497253418,0.004382390528917313,0.003535746
1398,155,vocab,-1,0.10285999,0.23328641,0.9485703,71.86221,0.09699877,0.100777045,0.05053412914276123,0.040242452174425125,0.09699877
1399,155,cat,-1,0.32790557,0.74368966,0.8360476,71.85676,0.68913686,0.6111803,2.607210636138916,2.59691895917058,0.68913686
1400,155,shuffle,-1,0.06420002,0.14560562,0.96790045,71.827866,0.033678584,0.013096258,0.023583490401506424,0.013291813433170319,0.033678584
1401,155,unrelated,187,0.7099905,1.6102581,0.64500517,72.06928,1.5396662,1.4777488,8.656257629394531,8.645965952426195,1.5396662
1402,155,unrelated_token,187,0.5640279,1.2792151,0.7179865,71.683975,1.2111951,1.1467057,0.3216129541397095,0.31132127717137337,1.2111951
1404,156,paraphrase,-1,0.0830073,0.18826051,0.9584968,71.98096,0.00619007,-0.006755501,0.0074267880991101265,-0.001313420943915844,0.00619007
1405,156,translate,-1,0.089640394,0.20330438,0.95518047,71.98387,0.008305419,0.008288369,0.0059051597490906715,-0.002835049293935299,0.008305419
1406,156,polarity,-1,0.08640585,0.19596843,0.95679754,72.01324,0.009583694,0.0009524226,0.006263867951929569,-0.002476341091096401,0.009583694
1407,156,vocab,-1,0.09771892,0.22162646,0.95114094,72.01434,0.07870928,0.026610449,0.003523914609104395,-0.0052162944339215755,0.07870928
1408,156,cat,-1,0.4717083,1.0698342,0.76414627,71.92864,0.83842206,0.8748182,6.095357894897461,6.086617685854435,0.83842206
1409,156,shuffle,-1,0.0906604,0.20561776,0.95467025,71.97415,0.012407054,0.010601744,0.0060036275535821915,-0.002736581489443779,0.012407054
1410,156,unrelated,10,0.7595003,1.7225465,0.62025046,71.75019,1.5763836,1.5275304,3.1252968311309814,3.1165566220879555,1.5763836
1411,156,unrelated_token,10,0.69672394,1.5801696,0.6516383,71.635666,1.441965,1.3851535,0.04680044949054718,0.03806024044752121,1.441965
1413,157,paraphrase,-1,0.091732234,0.20804867,0.9541341,72.047226,0.0143893035,0.0003401786,0.04602060467004776,0.020814096555113792,0.0143893035
1414,157,translate,-1,0.09142145,0.2073438,0.9542896,72.03582,0.014455749,-0.00036469102,0.045248791575431824,0.020042283460497856,0.014455749
1415,157,polarity,-1,0.08844681,0.20059733,0.95577693,72.05797,0.010729359,-0.007111162,0.031278859823942184,0.006072351709008217,0.010729359
1416,157,vocab,-1,0.18909964,0.4288779,0.9054506,72.0249,0.28318217,0.2211694,0.039039358496665955,0.013832850381731987,0.28318217
1417,157,cat,-1,0.39044777,0.88553536,0.8047765,72.01066,0.72822875,0.6778269,6.852411270141602,6.827204762026668,0.72822875
1418,157,shuffle,-1,0.08750589,0.19846332,0.9562473,72.04263,0.009664663,-0.009245172,0.022283241152763367,-0.002923266962170601,0.009664663
1419,157,unrelated,4,0.9211234,2.0891075,0.5394385,71.954796,1.9640845,1.881399,4.339226245880127,4.314019737765193,1.9640845
1420,157,unrelated_token,4,0.82725066,1.8762041,0.586375,72.04609,1.7525256,1.6684957,0.2695590853691101,0.24435257725417614,1.7525256
1422,158,paraphrase,-1,0.09061544,0.20551577,0.9546925,71.931526,0.0074335737,0.004037857,0.042117826640605927,-0.01866331696510315,0.0074335737
1423,158,translate,-1,0.08903242,0.20192549,0.9554843,71.911545,0.014822836,0.00044757128,0.0302325040102005,-0.030548639595508575,0.014822836
1424,158,polarity,-1,0.08989868,0.20389017,0.95505095,71.96839,0.0034798176,0.0024122596,0.05389314889907837,-0.006887994706630707,0.0034798176
1425,158,vocab,-1,0.14415732,0.32694873,0.92792165,71.91868,0.16269943,0.12547082,0.01910022273659706,-0.041680920869112015,0.16269943
1426,158,cat,-1,0.34417403,0.78058654,0.8279133,71.9332,0.6122891,0.5791086,2.94976806640625,2.888986922800541,0.6122891
1427,158,shuffle,-1,0.092221,0.20915718,0.9538899,71.96755,0.0018038002,0.0076792687,0.06637227535247803,0.005591131746768951,0.0018038002
1428,158,unrelated,175,0.865234,1.9623504,0.5673833,72.25049,1.8782156,1.7608725,5.836025238037109,5.7752440944314,1.8782156
1429,158,unrelated_token,175,0.72475797,1.6437508,0.6376212,71.92386,1.5355284,1.4422729,0.32544782757759094,0.26466668397188187,1.5355284
1431,159,paraphrase,-1,0.14080784,0.31935212,0.9295964,72.03192,0.016059434,0.013097584,0.040976494550704956,-0.015092413872480392,0.016059434
1432,159,translate,-1,0.1458319,0.33074668,0.9270843,72.0414,0.025099972,0.024492145,0.04175744950771332,-0.01431145891547203,0.025099972
1433,159,polarity,-1,0.14397332,0.32653144,0.9280137,72.00138,0.007088548,0.020276904,0.05417904257774353,-0.0018898658454418182,0.007088548
1434,159,vocab,-1,0.4684844,1.0625224,0.7657582,71.79406,0.61430967,0.7562679,0.20192329585552216,0.1458543874323368,0.61430967
1435,159,cat,-1,0.71296847,1.6170121,0.64351636,71.7009,1.2307525,1.3107576,7.294437408447266,7.23836850002408,1.2307525
1436,159,shuffle,-1,0.24716051,0.5605599,0.87642,71.955124,0.1723306,0.2543054,0.07249157130718231,0.016422662883996964,0.1723306
1437,159,unrelated,39,1.1483276,2.6044064,0.42583665,72.185234,2.264509,2.2981517,9.475029945373535,9.41896103695035,2.264509
1438,159,unrelated_token,39,1.0281134,2.3317606,0.48594376,72.34793,1.9698397,2.025506,3.407850980758667,3.3517820723354816,1.9698397
1440,160,paraphrase,-1,0.10474434,0.23756011,0.94762814,72.03938,0.018106824,0.016526118,0.06538750976324081,0.007537730038166046,0.018106824
1441,160,translate,-1,0.094276115,0.21381819,0.952862,72.0061,0.016398223,-0.007215798,0.038523878902196884,-0.019325900822877884,0.016398223
1442,160,polarity,-1,0.1131963,0.25672916,0.943402,72.060295,0.013875102,0.035695165,0.10133550316095352,0.043485723435878754,0.013875102
1443,160,vocab,-1,0.19679531,0.44633168,0.9016026,71.89156,0.2967135,0.22529769,0.012249637395143509,-0.04560014232993126,0.2967135
1444,160,cat,-1,0.4513957,1.0237652,0.77430224,72.043274,0.8188554,0.8027312,3.8185982704162598,3.760748490691185,0.8188554
1445,160,shuffle,-1,0.107893035,0.24470136,0.9460538,72.02971,0.042672545,0.023667365,0.07863982021808624,0.020790040493011475,0.042672545
1446,160,unrelated,165,0.81795377,1.8551188,0.59102345,72.06827,1.7348604,1.6340847,11.931994438171387,11.874144658446312,1.7348604
1447,160,unrelated_token,165,0.64535314,1.4636606,0.6773238,71.71976,1.4109888,1.2426267,0.13739372789859772,0.07954394817352295,1.4109888
1449,161,paraphrase,-1,0.08354548,0.18948112,0.95822763,72.08447,0.013577983,0.03937392,0.018993224948644638,0.0029713474214076996,0.013577983
1450,161,translate,-1,0.08051521,0.18260847,0.95974284,72.09993,0.02154079,0.032501265,0.01779477670788765,0.001772899180650711,0.02154079
1451,161,polarity,-1,0.068311706,0.15493092,0.9658446,72.09562,0.0035755287,0.0048237145,0.017045913264155388,0.0010240357369184494,0.0035755287
1452,161,vocab,-1,0.14016584,0.31789604,0.9299177,71.88083,0.114698075,0.16778883,0.028083093464374542,0.012061215937137604,0.114698075
1453,161,cat,-1,0.33171242,0.7523236,0.83414435,72.066475,0.62808025,0.6022164,2.1551239490509033,2.1391020715236664,0.62808025
1454,161,shuffle,-1,0.07028105,0.1593974,0.96486,72.0734,0.0027662965,0.009290189,0.016502613201737404,0.0004807356745004654,0.0027662965
1455,161,unrelated,88,0.8470565,1.9211237,0.5764722,71.84713,1.770874,1.7710166,2.130523920059204,2.114502042531967,1.770874
1456,161,unrelated_token,88,0.6557263,1.487187,0.6721374,71.54775,1.3210062,1.3370798,0.06568589806556702,0.04966402053833008,1.3210062
1458,162,paraphrase,-1,0.29560786,0.6704385,0.85219646,71.77927,0.0100839585,0.016263783,0.1537788361310959,0.015298768877983093,0.0100839585
1459,162,translate,-1,0.28740796,0.65184116,0.85629636,71.77102,0.012928632,-0.0023335814,0.17659111320972443,0.03811104595661163,0.012928632
1460,162,polarity,-1,0.298668,0.6773789,0.85066634,71.81436,0.025403088,0.023204148,0.19366244971752167,0.055182382464408875,0.025403088
1461,162,vocab,-1,0.28128204,0.63794756,0.85935944,71.76167,0.097694315,-0.016227186,0.06582605838775635,-0.07265400886535645,0.097694315
1462,162,cat,-1,0.5475764,1.2419031,0.7262121,71.72978,0.91780543,0.5877283,5.375354290008545,5.236874222755432,0.91780543
1463,162,shuffle,-1,0.2753024,0.6243857,0.8623491,71.723694,0.09975269,-0.02978903,0.06530012935400009,-0.0731799378991127,0.09975269
1464,162,unrelated,133,1.0098522,2.2903442,0.49507433,71.947235,2.029758,1.6361694,8.055426597595215,7.916946530342102,2.029758
1465,162,unrelated_token,133,0.84087354,1.9071008,0.57956374,71.70262,1.6785655,1.2529261,1.9364638328552246,1.7979837656021118,1.6785655
1467,163,paraphrase,-1,0.2642686,0.59936106,0.86786604,71.8046,0.14143603,0.22920188,0.004562618676573038,0.0015868241898715496,0.14143603
1468,163,translate,-1,0.23333792,0.5292103,0.88333136,71.76251,0.12160305,0.15905115,0.005124506074935198,0.0021487115882337093,0.12160305
1469,163,polarity,-1,0.32478923,0.7366218,0.83760595,72.002365,0.26095748,0.36646262,0.0037581876385957003,0.0007823931518942118,0.26095748
1470,163,vocab,-1,0.5545929,1.2578164,0.7227039,71.58564,1.0745783,0.8876573,0.01997356116771698,0.01699776668101549,1.0745783
1471,163,cat,-1,0.41496438,0.94113904,0.7925183,71.55577,0.61325556,0.57097983,2.995441436767578,2.9924656422808766,0.61325556
1472,163,shuffle,-1,0.19362214,0.43913493,0.90318966,71.84575,0.030055096,0.06897575,0.0028359373100101948,-0.00013985717669129372,0.030055096
1473,163,unrelated,34,0.8421229,1.9099344,0.5789389,71.61743,1.8586653,1.5397753,5.101132869720459,5.0981570752337575,1.8586653
1474,163,unrelated_token,34,0.69772243,1.5824342,0.6511392,71.751884,1.5935099,1.212275,0.03703847527503967,0.034062680788338184,1.5935099
1476,164,paraphrase,-1,0.15295985,0.3469129,0.9235205,71.796585,0.0062739644,0.012846708,0.01703142747282982,-0.0001300554722547531,0.0062739644
1477,164,translate,-1,0.1625777,0.36872616,0.91871154,71.812965,0.007536741,0.03465998,0.0203633401542902,0.0032018572092056274,0.007536741
1478,164,polarity,-1,0.14506888,0.32901618,0.927466,71.81532,0.0037241783,-0.0050500035,0.018660597503185272,0.0014991145581007004,0.0037241783
1479,164,vocab,-1,0.19330597,0.43841785,0.9033474,71.71714,0.13351214,0.10435167,0.02060016244649887,0.003438679501414299,0.13351214
1480,164,cat,-1,0.31940073,0.7244007,0.84030014,71.64261,0.41546515,0.39033452,1.0640642642974854,1.0469027813524008,0.41546515
1481,164,shuffle,-1,0.16487893,0.37394536,0.91756094,71.8019,0.0774728,0.039879173,0.016959819942712784,-0.00020166300237178802,0.0774728
1482,164,unrelated,65,0.87358963,1.981301,0.5632057,72.11601,1.6936522,1.6472348,3.3202500343322754,3.303088551387191,1.6936522
1483,164,unrelated_token,65,0.6858876,1.5555928,0.6570568,71.64577,1.247792,1.2215266,0.24645666778087616,0.2292951848357916,1.247792
1485,165,paraphrase,-1,0.0588642,0.13350397,0.9705681,72.07216,0.0056930785,-0.0019158274,0.002075205324217677,-0.0006400602869689465,0.0056930785
1486,165,translate,-1,0.060369145,0.13691719,0.9698158,72.08602,0.01081845,0.0014973879,0.003015359630808234,0.00030009401962161064,0.01081845
1487,165,polarity,-1,0.060523998,0.1372684,0.9697385,72.06728,0.0047628568,0.0018485934,0.002608584240078926,-0.00010668137110769749,0.0047628568
1488,165,vocab,-1,0.1416567,0.32127732,0.9291721,71.832214,0.22625338,0.18585752,0.014988413080573082,0.012273147469386458,0.22625338
1489,165,cat,-1,0.36272496,0.82266,0.81863815,71.80879,0.70468396,0.68724024,8.229658126831055,8.226942861219868,0.70468396
1490,165,shuffle,-1,0.06176737,0.14008836,0.96911675,72.04314,0.008854455,0.0046685636,0.0027533425018191338,3.8076890632510185e-05,0.008854455
1491,165,unrelated,29,0.79641074,1.8062592,0.60179514,71.80476,1.8049109,1.6708393,11.4445161819458,11.441800916334614,1.8049109
1492,165,unrelated_token,29,0.73756266,1.6727917,0.63121897,71.675766,1.6375617,1.5373719,4.246850967407227,4.24413570179604,1.6375617
1494,166,paraphrase,-1,0.1375201,0.31189555,0.93124044,71.97619,0.008678505,-0.0026084483,0.047841645777225494,0.001076824963092804,0.008678505
1495,166,translate,-1,0.13656381,0.30972666,0.93171877,71.97909,0.017618405,-0.004777342,0.051376137882471085,0.004611317068338394,0.017618405
1496,166,polarity,-1,0.14471702,0.32821813,0.9276419,71.994545,0.005922801,0.013714135,0.050228457897901535,0.0034636370837688446,0.005922801
1497,166,vocab,-1,0.2943408,0.66756475,0.8528302,71.77742,0.31594974,0.35306075,0.042297907173633575,-0.004466913640499115,0.31594974
1498,166,cat,-1,0.30942127,0.7017673,0.8452899,71.83647,0.4636715,0.38726333,4.702114582061768,4.655349761247635,0.4636715
1499,166,shuffle,-1,0.14596975,0.33105934,0.92701566,71.97848,0.02233197,0.01655534,0.04515933245420456,-0.001605488359928131,0.02233197
1500,166,unrelated,115,0.711441,1.6135478,0.64428,71.825645,1.3294485,1.2990438,1.8086353540420532,1.7618705332279205,1.3294485
1501,166,unrelated_token,115,0.6323967,1.4342754,0.6838023,71.83467,1.1706785,1.1197714,0.2553940415382385,0.20862922072410583,1.1706785
1503,167,paraphrase,-1,0.094556674,0.2144545,0.9527216,71.98494,0.027258536,0.057224616,0.044320449233055115,0.00864715501666069,0.027258536
1504,167,translate,-1,0.07354814,0.16680714,0.96322614,72.00394,0.018289316,0.009577259,0.042917996644973755,0.0072447024285793304,0.018289316
1505,167,polarity,-1,0.07352563,0.1667561,0.9632373,72.02909,0.0035267426,0.009526208,0.04893914610147476,0.013265851885080338,0.0035267426
1506,167,vocab,-1,0.1358777,0.30817056,0.93206125,71.95868,0.088884175,0.15094067,0.05867762863636017,0.023004334419965744,0.088884175
1507,167,cat,-1,0.45645148,1.0352317,0.77177453,71.78739,0.8165884,0.8780018,4.285824298858643,4.250151004642248,0.8165884
1508,167,shuffle,-1,0.08034224,0.18221617,0.95982903,71.99719,0.023472345,0.024986282,0.040154241025447845,0.004480946809053421,0.023472345
1509,167,unrelated,70,0.688089,1.5605856,0.6559557,71.6272,1.3463948,1.4033557,5.312093257904053,5.276419963687658,1.3463948
1510,167,unrelated_token,70,0.60948133,1.3823034,0.6952596,71.61356,1.1526356,1.2250735,0.08570057898759842,0.050027284771203995,1.1526356
1512,168,paraphrase,-1,0.07991488,0.18124692,0.96004313,71.75935,0.02723915,0.011054158,0.002349924063310027,-2.787145785987377e-05,0.02723915
1513,168,translate,-1,0.077515826,0.17580585,0.9612427,71.75862,0.0144383935,0.0056130886,0.0038334813434630632,0.0014556858222931623,0.0144383935
1514,168,polarity,-1,0.07857168,0.17820053,0.96071464,71.76859,0.003905425,0.008007765,0.002908877097070217,0.0005310815759003162,0.003905425
1515,168,vocab,-1,0.12913775,0.29288438,0.9354316,71.71369,0.078653306,0.12269162,0.002883171895518899,0.0005053763743489981,0.078653306
1516,168,cat,-1,0.4655549,1.0558783,0.7672228,71.86943,0.8885066,0.8856855,3.912867784500122,3.910489988978952,0.8885066
1517,168,shuffle,-1,0.07369937,0.16715014,0.9631509,71.7591,0.0058451965,-0.0030426234,0.002336167963221669,-4.16275579482317e-05,0.0058451965
1518,168,unrelated,5,0.9364416,2.1238492,0.53177977,71.88117,1.9765995,1.9536564,6.329048156738281,6.326670361217111,1.9765995
1519,168,unrelated_token,5,0.822492,1.8654115,0.58875436,71.57846,1.6896269,1.6952188,0.02213408425450325,0.01975628873333335,1.6896269
1521,169,paraphrase,-1,0.16210778,0.36766037,0.91894615,71.83384,0.016113447,0.034020454,0.12480239570140839,-0.019902363419532776,0.016113447
1522,169,translate,-1,0.15788136,0.35807487,0.92105937,71.856834,0.015340071,0.024434954,0.1200145035982132,-0.024690255522727966,0.015340071
1523,169,polarity,-1,0.15361181,0.3483915,0.9231946,71.849625,0.0061383625,0.014751583,0.16098695993423462,0.016282200813293457,0.0061383625
1524,169,vocab,-1,0.20555325,0.4661947,0.89722353,71.87823,0.1043618,0.13255477,0.08178413659334183,-0.06292062252759933,0.1043618
1525,169,cat,-1,0.40198565,0.9117033,0.7990074,71.88001,0.70594054,0.57806337,5.560112953186035,5.415408194065094,0.70594054
1526,169,shuffle,-1,0.1600954,0.36309627,0.9199526,71.86917,0.08554438,0.029456347,0.0804985761642456,-0.06420618295669556,0.08554438
1527,169,unrelated,249,0.7460951,1.6921434,0.62695265,71.916664,1.4771909,1.3585036,6.193232536315918,6.048527777194977,1.4771909
1528,169,unrelated_token,249,0.63225067,1.4339442,0.6838748,72.057755,1.2024317,1.1003044,0.13737621903419495,-0.007328540086746216,1.2024317
1530,170,paraphrase,-1,0.08789654,0.19934931,0.95605206,72.0065,0.021903282,0.01622735,0.03357597440481186,0.004464313387870789,0.021903282
1531,170,translate,-1,0.07603009,0.17243621,0.96198535,72.00678,0.008234064,-0.010685757,0.02819271944463253,-0.0009189415723085403,0.008234064
1532,170,polarity,-1,0.078901194,0.17894787,0.96054995,72.04082,0.002968293,-0.0041740984,0.024592489004135132,-0.004519172012805939,0.002968293
1533,170,vocab,-1,0.123587206,0.28029573,0.9382069,71.905525,0.13213582,0.097173765,0.008379240520298481,-0.02073242049664259,0.13213582
1534,170,cat,-1,0.42707872,0.96861434,0.7864612,71.85898,0.8003257,0.78549236,1.4501512050628662,1.4210395440459251,0.8003257
1535,170,shuffle,-1,0.08039023,0.182325,0.9598053,72.03793,0.021070078,-0.0007969588,0.01634008251130581,-0.012771578505635262,0.021070078
1536,170,unrelated,160,0.66302913,1.5037497,0.66848606,72.05643,1.41773,1.3206278,6.854670524597168,6.825558863580227,1.41773
1537,170,unrelated_token,160,0.55426323,1.2570688,0.7228686,71.9692,1.1321112,1.0739468,0.06611108779907227,0.036999426782131195,1.1321112
1539,171,paraphrase,-1,0.0774086,0.17556266,0.96129596,72.0178,0.027156748,0.017847195,0.0017271467950195074,-0.00031254091300070286,0.027156748
1540,171,translate,-1,0.07229643,0.16396828,0.96385187,72.04076,0.013250306,0.0062528104,0.002941728103905916,0.000902040395885706,0.013250306
1541,171,polarity,-1,0.072698735,0.1648807,0.96365094,72.07683,0.004989282,0.0071652234,0.0019870155956596136,-5.267211236059666e-05,0.004989282
1542,171,vocab,-1,0.12997955,0.29479358,0.93501055,71.87182,0.16996227,0.1370781,0.0007734528044238687,-0.0012662349035963416,0.16996227
1543,171,cat,-1,0.47955665,1.0876343,0.76022184,72.01514,0.93432516,0.9299189,6.22307825088501,6.2210385631769896,0.93432516
1544,171,shuffle,-1,0.091983214,0.2086179,0.9540085,72.02787,0.039219357,0.050902426,0.0017971167108044028,-0.00024257099721580744,0.039219357
1545,171,unrelated,101,0.7078287,1.6053551,0.64608604,72.003174,1.5903362,1.4476397,8.04585075378418,8.04381106607616,1.5903362
1546,171,unrelated_token,101,0.65552443,1.4867291,0.6722382,71.92122,1.4680315,1.3290137,0.06810444593429565,0.06606475822627544,1.4680315
1548,172,paraphrase,-1,0.10893361,0.24706139,0.9455336,71.98889,0.050028164,0.03833185,0.0032847821712493896,0.0009490489028394222,0.050028164
1549,172,translate,-1,0.098379694,0.2231251,0.95081043,71.93948,0.016066851,0.014395565,0.0015233850572258234,-0.000812348211184144,0.016066851
1550,172,polarity,-1,0.0997143,0.22615199,0.95014334,71.94505,0.015714534,0.017422453,0.001983745489269495,-0.0003519877791404724,0.015714534
1551,172,vocab,-1,0.20924966,0.47457814,0.8953757,71.796936,0.26221806,0.2658486,0.008908051997423172,0.006572318729013205,0.26221806
1552,172,cat,-1,0.24322161,0.5516265,0.8783896,71.78615,0.29502738,0.34289697,0.09073059260845184,0.08839485934004188,0.29502738
1553,172,shuffle,-1,0.114958644,0.26072615,0.9425211,71.9246,0.060097605,0.05199662,0.005143001675605774,0.0028072684071958065,0.060097605
1554,172,unrelated,121,0.9011091,2.043715,0.54944587,71.879944,1.825141,1.8349855,3.5889594554901123,3.5866237222217023,1.825141
1555,172,unrelated_token,121,0.717958,1.6283283,0.6410216,71.72305,1.4436795,1.4195988,0.059060655534267426,0.05672492226585746,1.4436795
1557,173,paraphrase,-1,0.09397559,0.2131366,0.9530125,71.94646,0.061046712,0.06444292,0.005509309470653534,-0.006188748404383659,0.061046712
1558,173,translate,-1,0.08003497,0.18151928,0.9599827,71.9144,0.026807742,0.032825604,0.011291052214801311,-0.0004070056602358818,0.026807742
1559,173,polarity,-1,0.0622664,0.14122017,0.96886694,71.93192,0.0045389496,-0.0074735135,0.012008026242256165,0.00030996836721897125,0.0045389496
1560,173,vocab,-1,0.11145829,0.25278735,0.9442711,71.965126,0.14602436,0.10409367,0.010400966741144657,-0.0012970911338925362,0.14602436
1561,173,cat,-1,0.44227776,1.0030857,0.77886134,71.98461,0.89601,0.85439205,7.253737449645996,7.242039391770959,0.89601
1562,173,shuffle,-1,0.062916614,0.14269485,0.9685421,71.91353,0.009402353,-0.005998835,0.01800408959388733,0.006306031718850136,0.009402353
1563,173,unrelated,182,0.7944463,1.8018038,0.60277694,72.15076,1.7128177,1.6531101,1.3499088287353516,1.3382107708603144,1.7128177
1564,173,unrelated_token,182,0.66159546,1.5004982,0.6692027,71.617256,1.3933314,1.3518045,0.2049831748008728,0.1932851169258356,1.3933314
1566,174,paraphrase,-1,0.038890548,0.08820374,0.9805549,71.93535,0.026544835,-0.0019018874,0.009111090563237667,-0.005303657613694668,0.026544835
1567,174,translate,-1,0.043820728,0.09938539,0.97809005,71.95915,0.017594462,0.009279758,0.015011847019195557,0.0005970988422632217,0.017594462
1568,174,polarity,-1,0.04243516,0.09624293,0.9787828,71.94508,0.0025145356,0.0061372966,0.016723668202757835,0.0023089200258255005,0.0025145356
1569,174,vocab,-1,0.14284638,0.3239755,0.92857707,71.77655,0.23830487,0.23386988,0.013501442968845367,-0.0009133052080869675,0.23830487
1570,174,cat,-1,0.28606933,0.64880514,0.8569658,71.7735,0.57538164,0.5586995,3.3102338314056396,3.2958190832287073,0.57538164
1571,174,shuffle,-1,0.05095159,0.115558185,0.97452444,71.92861,0.025755111,0.025452554,0.016037005931138992,0.0016222577542066574,0.025755111
1572,174,unrelated,46,0.7517199,1.7049004,0.62414044,71.91636,1.7012014,1.6147947,2.927630662918091,2.9132159147411585,1.7012014
1573,174,unrelated_token,46,0.68124866,1.5450717,0.6593759,71.80019,1.5356395,1.4549661,0.0975850522518158,0.08317030407488346,1.5356395
1575,175,paraphrase,-1,0.082322635,0.1867077,0.9588391,72.271935,0.022592148,-0.005392164,0.04095784202218056,-0.030102428048849106,0.022592148
1576,175,translate,-1,0.07726211,0.17523043,0.96136904,72.26282,0.010729554,-0.01686944,0.03471875563263893,-0.03634151443839073,0.010729554
1577,175,polarity,-1,0.08414127,0.19083236,0.9579296,72.23621,0.008516305,-0.0012675077,0.06620047241449356,-0.004859797656536102,0.008516305
1578,175,vocab,-1,0.2112108,0.47902602,0.894395,72.08777,0.2922415,0.28692615,0.10395319759845734,0.03289292752742767,0.2922415
1579,175,cat,-1,0.35215113,0.7986786,0.82392496,71.91894,0.6867503,0.6065787,3.2457754611968994,3.1747151911258698,0.6867503
1580,175,shuffle,-1,0.08295381,0.1881392,0.95852363,72.25942,0.016279351,-0.003960669,0.06047692894935608,-0.010583341121673584,0.016279351
1581,175,unrelated,71,0.89681274,2.0339708,0.551594,72.0927,1.9509804,1.841871,8.630829811096191,8.559769541025162,1.9509804
1582,175,unrelated_token,71,0.79092324,1.7938136,0.60453886,72.188896,1.666453,1.6017137,0.485152006149292,0.41409173607826233,1.666453
1584,176,paraphrase,-1,0.07568071,0.17164382,0.9621599,72.14385,0.017016815,-0.0047513396,0.022094089537858963,0.003599245101213455,0.017016815
1585,176,translate,-1,0.08178698,0.18549284,0.95910686,72.16852,0.0057803816,0.00909768,0.027574697509407997,0.00907985307276249,0.0057803816
1586,176,polarity,-1,0.07830187,0.17758861,0.96084934,72.182976,0.003736459,0.0011934489,0.015395861119031906,-0.0030989833176136017,0.003736459
1587,176,vocab,-1,0.09311694,0.21118918,0.95344144,72.12469,0.053182606,0.034794018,0.024645404890179634,0.006150560453534126,0.053182606
1588,176,cat,-1,0.42131358,0.95553905,0.7893435,71.78817,0.887023,0.77914387,1.7041159868240356,1.6856211423873901,0.887023
1589,176,shuffle,-1,0.077485695,0.17573753,0.96125746,72.18759,0.0116270315,-0.00065763295,0.01662217080593109,-0.0018726736307144165,0.0116270315
1590,176,unrelated,77,0.81016093,1.8374447,0.59491986,71.82009,1.8179271,1.6610495,2.388554811477661,2.3700599670410156,1.8179271
1591,176,unrelated_token,77,0.7060076,1.6012249,0.64699674,72.14075,1.4864025,1.4248297,0.5346262454986572,0.5161314010620117,1.4864025
1593,177,paraphrase,-1,0.25666553,0.5821173,0.8716676,72.11183,0.09097926,0.11004558,0.01846567913889885,0.006909092888236046,0.09097926
1594,177,translate,-1,0.23890634,0.5418395,0.880547,72.13463,0.0300898,0.06976774,0.01224743202328682,0.0006908457726240158,0.0300898
1595,177,polarity,-1,0.21035497,0.47708496,0.8948231,72.12584,0.007681718,0.0050132275,0.007905488833785057,-0.0036510974168777466,0.007681718
1596,177,vocab,-1,0.5131429,1.1638079,0.74342906,71.94493,0.5377241,0.6917361,0.019189946353435516,0.007633360102772713,0.5377241
1597,177,cat,-1,0.73655343,1.6705029,0.63172364,71.98135,1.1389142,1.1984311,2.8506619930267334,2.8391054067760706,1.1389142
1598,177,shuffle,-1,0.25948673,0.5885158,0.870257,72.11353,0.077808626,0.11644408,0.012860145419836044,0.0013035591691732407,0.077808626
1599,177,unrelated,50,1.0548856,2.3924801,0.47255766,71.98409,1.781086,1.9204084,0.20528173446655273,0.19372514821588993,1.781086
1600,177,unrelated_token,50,0.9754885,2.2124074,0.5122562,72.023125,1.6057929,1.7403356,0.009626565501093864,-0.0019300207495689392,1.6057929
1602,178,paraphrase,-1,0.10714419,0.24300298,0.94642854,71.88236,0.021310158,-0.0024680346,0.0841033086180687,-0.023036010563373566,0.021310158
1603,178,translate,-1,0.11600314,0.26309508,0.94199884,71.86669,0.013283203,0.017624065,0.11396792531013489,0.006828606128692627,0.013283203
1604,178,polarity,-1,0.112547256,0.25525713,0.9437267,71.91793,0.0057673147,0.009786114,0.09533638507127762,-0.011802934110164642,0.0057673147
1605,178,vocab,-1,0.3009544,0.68256444,0.84952325,71.957146,0.4089388,0.43709344,0.03561638668179512,-0.07152293249964714,0.4089388
1606,178,cat,-1,0.3980129,0.9026931,0.80099404,71.96803,0.7399333,0.6572221,8.820196151733398,8.713056832551956,0.7399333
1607,178,shuffle,-1,0.12338255,0.2798316,0.93830913,71.94816,0.032220352,0.034360573,0.08176999539136887,-0.025369323790073395,0.032220352
1608,178,unrelated,250,0.7505826,1.7023209,0.6247093,71.95708,1.5085231,1.4568499,9.35384750366211,9.246708184480667,1.5085231
1609,178,unrelated_token,250,0.6373533,1.4455171,0.6813239,72.082214,1.2484198,1.2000461,0.5375898480415344,0.43045052886009216,1.2484198
1611,179,paraphrase,-1,0.09473263,0.21485355,0.9526342,72.013535,0.03390945,0.028698027,0.013314202427864075,0.0012189997360110283,0.03390945
1612,179,translate,-1,0.088506356,0.20073238,0.95574725,72.02788,0.013141404,0.014576852,0.008457626216113567,-0.003637576475739479,0.013141404
1613,179,polarity,-1,0.085323885,0.19351454,0.95733845,72.08087,0.009943766,0.007359013,0.010983503423631191,-0.0011116992682218552,0.009943766
1614,179,vocab,-1,0.124899745,0.28327256,0.93755054,71.977165,0.13907866,0.09711704,0.009312213398516178,-0.0027829892933368683,0.13907866
1615,179,cat,-1,0.302938,0.6870633,0.84853137,71.71177,0.50056285,0.5009078,4.239598274230957,4.227503071539104,0.50056285
1616,179,shuffle,-1,0.10827706,0.24557233,0.9458618,72.05683,0.063309945,0.0594168,0.014423583634197712,0.0023283809423446655,0.063309945
1617,179,unrelated,155,0.7563898,1.7154918,0.6218057,71.82524,1.6515911,1.5293362,3.798264980316162,3.786169777624309,1.6515911
1618,179,unrelated_token,155,0.673632,1.5277971,0.6631843,71.60503,1.4723527,1.3416415,0.06885382533073425,0.056758622638881207,1.4723527
1620,180,paraphrase,-1,0.11042504,0.25044394,0.94478786,71.83668,0.058355786,0.050798163,0.0382143035531044,-0.013556711375713348,0.058355786
1621,180,translate,-1,0.098288104,0.22291738,0.9508563,71.87527,0.021861287,0.023271605,0.04381764680147171,-0.007953368127346039,0.021861287
1622,180,polarity,-1,0.104607746,0.23725033,0.94769645,71.88862,0.015504018,0.037604555,0.06027870252728462,0.008507687598466873,0.015504018
1623,180,vocab,-1,0.4512197,1.0233661,0.77439046,71.79899,0.77547675,0.82372034,0.16321434080600739,0.11144332587718964,0.77547675
1624,180,cat,-1,0.47058406,1.0672845,0.76470816,71.98796,0.8283602,0.8676387,2.7660675048828125,2.7142964899539948,0.8283602
1625,180,shuffle,-1,0.10906937,0.24736929,0.94546556,71.86586,0.017261848,0.047723517,0.06972575932741165,0.017954744398593903,0.017261848
1626,180,unrelated,30,0.92751086,2.1035943,0.53624505,71.994965,1.9047228,1.9039485,5.757786750793457,5.706015735864639,1.9047228
1627,180,unrelated_token,30,0.6623562,1.5022236,0.6688222,71.63963,1.3087912,1.3025779,0.12878815829753876,0.07701714336872101,1.3087912
1629,181,paraphrase,-1,0.10373093,0.23526171,0.94813484,71.88781,0.0350083,0.039036334,0.3061782121658325,0.001682579517364502,0.0350083
1630,181,translate,-1,0.09386141,0.21287763,0.95306975,71.89084,0.008655376,0.016652256,0.33009693026542664,0.025601297616958618,0.008655376
1631,181,polarity,-1,0.08518766,0.19320557,0.9574064,71.91946,0.003807957,-0.0030198097,0.28219491243362427,-0.02230072021484375,0.003807957
1632,181,vocab,-1,0.16356619,0.37096804,0.91821736,71.79451,0.18270962,0.17474267,0.34154388308525085,0.03704825043678284,0.18270962
1633,181,cat,-1,0.39767882,0.9019354,0.8011611,71.85953,0.7973851,0.70571005,4.974955081939697,4.670459449291229,0.7973851
1634,181,shuffle,-1,0.08789304,0.19934137,0.9560539,71.93237,0.003127384,0.0031159967,0.326476126909256,0.021980494260787964,0.003127384
1635,181,unrelated,201,0.9229943,2.0933506,0.538503,71.99135,2.0461407,1.8971252,6.45971155166626,6.155215919017792,2.0461407
1636,181,unrelated_token,201,0.8166156,1.8520838,0.59169257,71.671196,1.783199,1.6558584,3.6242191791534424,3.3197235465049744,1.783199
1638,182,paraphrase,-1,0.07204585,0.16339995,0.96397763,72.13535,0.014614143,0.012567818,0.00037222920218482614,-0.001298128452617675,0.014614143
1639,182,translate,-1,0.06894164,0.1563596,0.9655299,72.15074,0.011857088,0.0055274665,0.00033434282522648573,-0.0013360148295760155,0.011857088
1640,182,polarity,-1,0.067610696,0.15334103,0.96619505,72.15366,0.003234266,0.0025088936,0.001679642009548843,9.284354746341705e-06,0.003234266
1641,182,vocab,-1,0.10287511,0.23332071,0.948563,72.091675,0.0785229,0.08248858,0.0004901195061393082,-0.001180238148663193,0.0785229
1642,182,cat,-1,0.42138296,0.9556964,0.7893093,71.844955,0.8788958,0.8048643,3.9572346210479736,3.955564263393171,0.8788958
1643,182,shuffle,-1,0.07211631,0.16355975,0.96394235,72.13753,0.014762544,0.012727618,0.0006484475452452898,-0.0010219101095572114,0.014762544
1644,182,unrelated,25,0.71520126,1.6220762,0.6424,72.055214,1.4862272,1.471244,13.877124786376953,13.87545442872215,1.4862272
1645,182,unrelated_token,25,0.60772383,1.3783174,0.6961387,71.7674,1.2391782,1.2274852,0.20687724649906158,0.20520688884425908,1.2391782
1647,183,paraphrase,-1,0.18579814,0.4213901,0.9071013,72.02672,0.029289806,0.038676858,0.023198485374450684,-0.02054353803396225,0.029289806
1648,183,translate,-1,0.17426267,0.39522767,0.912869,72.02157,0.018983983,0.012514442,0.02675539068877697,-0.016986632719635963,0.018983983
1649,183,polarity,-1,0.18517229,0.41997066,0.9074142,71.96728,0.018700318,0.037257433,0.04107261449098587,-0.002669408917427063,0.018700318
1650,183,vocab,-1,0.43372822,0.9836954,0.7831363,71.72141,0.75847393,0.6009822,0.043633922934532166,-0.00010810047388076782,0.75847393
1651,183,cat,-1,0.3193847,0.72436434,0.8403082,71.861046,0.34860379,0.3416511,3.1964216232299805,3.1526795998215675,0.34860379
1652,183,shuffle,-1,0.20717497,0.46987274,0.8964129,71.998344,0.05338767,0.087159514,0.04135779291391373,-0.0023842304944992065,0.05338767
1653,183,unrelated,156,1.0794371,2.448163,0.4602819,71.992065,2.3539853,2.0654497,4.831221580505371,4.787479557096958,2.3539853
1654,183,unrelated_token,156,1.0102583,2.2912655,0.49487138,71.7411,2.1923723,1.9085523,0.19737592339515686,0.15363389998674393,2.1923723
1656,184,paraphrase,-1,0.086568154,0.19633654,0.95671654,71.944435,0.012247301,0.025877848,0.0398288331925869,0.0005068816244602203,0.012247301
1657,184,translate,-1,0.08428371,0.19115542,0.95785874,71.98259,0.01632609,0.02069673,0.03285864740610123,-0.006463304162025452,0.01632609
1658,184,polarity,-1,0.07776155,0.17636317,0.96111983,71.98856,0.0029800003,0.005904481,0.035003095865249634,-0.004318855702877045,0.0029800003
1659,184,vocab,-1,0.1910515,0.43330473,0.9044748,71.852585,0.26220796,0.26284605,0.0563543438911438,0.01703239232301712,0.26220796
1660,184,cat,-1,0.33261168,0.7543631,0.83369476,72.03324,0.5397098,0.58390445,4.353163242340088,4.313841290771961,0.5397098
1661,184,shuffle,-1,0.09196332,0.20857278,0.95401907,72.02707,0.043487016,0.038114086,0.04713870584964752,0.007816754281520844,0.043487016
1662,184,unrelated,214,0.8037685,1.8229467,0.59811634,71.9337,1.7374274,1.652488,9.136030197143555,9.096708245575428,1.7374274
1663,184,unrelated_token,214,0.59866625,1.3577747,0.70066726,71.89063,1.3432438,1.1873161,0.27964454889297485,0.24032259732484818,1.3432438
1665,185,paraphrase,-1,0.05926941,0.13442299,0.9703654,72.010254,0.005477219,0.009369984,0.032605141401290894,0.004423124715685844,0.005477219
1666,185,translate,-1,0.06560643,0.14879535,0.967197,71.99414,0.016001377,0.023742348,0.025410855188965797,-0.0027711614966392517,0.016001377
1667,185,polarity,-1,0.05823915,0.13208637,0.9708807,72.05086,0.0074420706,0.007033363,0.03808941692113876,0.009907400235533714,0.0074420706
1668,185,vocab,-1,0.1277502,0.2897374,0.93612504,72.04612,0.17220691,0.1646844,0.05229318141937256,0.02411116473376751,0.17220691
1669,185,cat,-1,0.390354,0.8853227,0.8048232,71.967415,0.8018088,0.7602697,7.182627201080322,7.154445184394717,0.8018088
1670,185,shuffle,-1,0.06033315,0.13683556,0.9698336,72.02374,0.0114733605,0.011782557,0.03981871157884598,0.011636694893240929,0.0114733605
1671,185,unrelated,235,0.6763275,1.5339105,0.66183627,72.039505,1.408479,1.4088575,9.265549659729004,9.237367643043399,1.408479
1672,185,unrelated_token,235,0.58453375,1.3257223,0.7077334,72.05493,1.2260588,1.2006693,0.17219474911689758,0.14401273243129253,1.2260588
1674,186,paraphrase,-1,0.05354317,0.12143588,0.9732286,72.04375,0.015362322,-0.007086456,0.026603376492857933,-0.0034537650644779205,0.015362322
1675,186,translate,-1,0.05627997,0.12764294,0.9718603,72.03043,0.007379895,-0.000879392,0.023393947631120682,-0.006663193926215172,0.007379895
1676,186,polarity,-1,0.059896678,0.13584563,0.97005194,72.03122,0.0038200142,0.007323295,0.025769490748643875,-0.0042876508086919785,0.0038200142
1677,186,vocab,-1,0.13192199,0.29919901,0.9340392,72.01723,0.193642,0.17067668,0.0430794283747673,0.01302228681743145,0.193642
1678,186,cat,-1,0.33148724,0.75181293,0.8342567,72.00772,0.67077595,0.6232906,5.346226215362549,5.316169073805213,0.67077595
1679,186,shuffle,-1,0.06248939,0.14172591,0.9687554,72.01874,0.011821654,0.013203576,0.027783887460827827,-0.002273254096508026,0.011821654
1680,186,unrelated,190,0.6350576,1.4403105,0.6824714,71.803604,1.4062157,1.3117881,5.260385513305664,5.230328371748328,1.4062157
1681,186,unrelated_token,190,0.5743758,1.3026841,0.7128124,71.85412,1.2712213,1.1741617,0.2315024435520172,0.20144530199468136,1.2712213
1683,187,paraphrase,-1,0.05529828,0.12541647,0.972351,72.068535,0.01024574,0.016201317,0.0007556955679319799,-0.0014885895070619881,0.01024574
1684,187,translate,-1,0.064695016,0.14672826,0.9676527,72.03449,0.026468944,0.037513107,0.0024540203157812357,0.00020973524078726768,0.026468944
1685,187,polarity,-1,0.059288602,0.13446653,0.9703559,72.02543,0.015078213,0.025251374,0.0024174025747925043,0.0001731174997985363,0.015078213
1686,187,vocab,-1,0.124083206,0.28142065,0.9379588,72.07475,0.19773254,0.1722055,0.0016848802333697677,-0.0005594048416242003,0.19773254
1687,187,cat,-1,0.22390339,0.5078128,0.88804847,71.70229,0.39954266,0.39859766,0.8389254808425903,0.8366811957675964,0.39954266
1688,187,shuffle,-1,0.05157142,0.11696396,0.97421455,72.06742,0.0076967943,0.007748805,0.0008877862710505724,-0.0013564988039433956,0.0076967943
1689,187,unrelated,183,1.1234752,2.5480413,0.4382626,72.023674,2.485375,2.438826,7.336122035980225,7.333877750905231,2.485375
1690,187,unrelated_token,183,1.0333267,2.3435845,0.48333672,71.90767,2.2780335,2.2343693,2.449101209640503,2.446856924565509,2.2780335
1692,188,paraphrase,-1,0.075012326,0.17012793,0.96249443,72.11453,0.017806448,0.013714552,0.00028052530251443386,-4.770676605403423e-05,0.017806448
1693,188,translate,-1,0.07438715,0.16871002,0.96280694,72.10321,0.015328505,0.012296647,0.00017085319268517196,-0.00015737887588329613,0.015328505
1694,188,polarity,-1,0.0728229,0.1651623,0.96358913,72.11634,0.01055225,0.008748919,0.00037929427344352007,5.1062204875051975e-05,0.01055225
1695,188,vocab,-1,0.12080447,0.27398446,0.9395983,72.049225,0.11947122,0.117571086,0.00028808810748159885,-4.014396108686924e-05,0.11947122
1696,188,cat,-1,0.5647761,1.280912,0.7176124,72.01217,1.1668738,1.1244986,2.833820343017578,2.8334921109490097,1.1668738
1697,188,shuffle,-1,0.07015168,0.15910397,0.96492475,72.13319,0.0033433556,0.0026905984,0.00029216319671832025,-3.606887185014784e-05,0.0033433556
1698,188,unrelated,195,0.99570906,2.2582676,0.5021462,72.12124,2.1559653,2.1018543,9.15846061706543,9.158132384996861,2.1559653
1699,188,unrelated_token,195,0.8992335,2.0394611,0.5503838,71.9955,1.8938308,1.8830478,0.012652389705181122,0.012324157636612654,1.8938308
1701,189,paraphrase,-1,0.09910436,0.22476864,0.9504481,71.85959,0.016404537,0.017544478,0.03249548748135567,0.0023308824747800827,0.016404537
1702,189,translate,-1,0.092645004,0.21011883,0.9536778,71.88296,0.010250269,0.0028946698,0.03282181918621063,0.002657214179635048,0.010250269
1703,189,polarity,-1,0.09587413,0.21744248,0.9520633,71.86678,0.0057737986,0.010218322,0.03194990009069443,0.001785295084118843,0.0057737986
1704,189,vocab,-1,0.22880404,0.51892745,0.88559836,71.86919,0.24614042,0.3117033,0.07221224904060364,0.04204764403402805,0.24614042
1705,189,cat,-1,0.4940648,1.1205387,0.75296783,71.95307,0.88002837,0.9133146,6.3162455558776855,6.28608095087111,0.88002837
1706,189,shuffle,-1,0.09256999,0.2099487,0.9537155,71.89128,0.0076427013,0.0027245432,0.03539181873202324,0.005227213725447655,0.0076427013
1707,189,unrelated,54,0.9535818,2.162723,0.52320915,71.73359,1.9549295,1.9554989,2.962360382080078,2.9321957770735025,1.9549295
1708,189,unrelated_token,54,0.8289776,1.8801208,0.58551157,71.822464,1.6487927,1.6728966,0.3290231227874756,0.2988585177809,1.6487927
1710,190,paraphrase,-1,0.098117545,0.22253054,0.9509414,71.784065,0.0077290717,0.0019296408,0.12127430737018585,-0.03457896411418915,0.0077290717
1711,190,translate,-1,0.11319256,0.25672066,0.9434038,71.80218,0.014143654,0.03611976,0.19321131706237793,0.03735804557800293,0.014143654
1712,190,polarity,-1,0.09993486,0.22665222,0.95003265,71.802246,0.004609732,0.006051317,0.13765239715576172,-0.01820087432861328,0.004609732
1713,190,vocab,-1,0.11630125,0.26377118,0.9418496,71.74375,0.077562585,0.043170273,0.1236819326877594,-0.0321713387966156,0.077562585
1714,190,cat,-1,0.38691035,0.8775125,0.8065449,71.979385,0.7069926,0.6569116,6.701314449310303,6.545461177825928,0.7069926
1715,190,shuffle,-1,0.14435601,0.32739937,0.927822,71.84861,0.069092885,0.10679847,0.17009559273719788,0.014242321252822876,0.069092885
1716,190,unrelated,209,0.75534475,1.7131215,0.62232757,72.10391,1.6098486,1.4925206,6.7620015144348145,6.6061482429504395,1.6098486
1717,190,unrelated_token,209,0.6706298,1.5209881,0.66468537,72.1069,1.3955349,1.3003871,0.46894869208335876,0.31309542059898376,1.3955349
1719,191,paraphrase,-1,0.095139004,0.21577522,0.95243096,71.82466,0.011009622,0.005035311,0.019470760598778725,-0.0012296158820390701,0.011009622
1720,191,translate,-1,0.1027035,0.23293148,0.94864875,71.83531,0.020393528,0.02219157,0.029802247881889343,0.009101871401071548,0.020393528
1721,191,polarity,-1,0.09763743,0.22144164,0.95118165,71.818,0.00936287,0.010701731,0.028192883357405663,0.007492506876587868,0.00936287
1722,191,vocab,-1,0.1690652,0.3834398,0.91546774,71.791435,0.17487712,0.1726999,0.055344417691230774,0.03464404121041298,0.17487712
1723,191,cat,-1,0.41881958,0.9498826,0.7905902,71.91261,0.7785411,0.7391427,7.401395320892334,7.380694944411516,0.7785411
1724,191,shuffle,-1,0.09579799,0.21726981,0.9521013,71.82233,0.0031318364,0.0065298975,0.019804170355200768,-0.0008962061256170273,0.0031318364
1725,191,unrelated,80,0.8083752,1.8333945,0.59581256,72.02093,1.6489416,1.6226547,5.803406238555908,5.78270586207509,1.6489416
1726,191,unrelated_token,80,0.73548543,1.6680807,0.6322576,72.33423,1.509014,1.4573407,0.40107831358909607,0.3803779371082783,1.509014
1728,192,paraphrase,-1,0.09653566,0.21894284,0.95173246,71.964096,0.007943496,0.0019733757,0.008284954354166985,-0.01323690451681614,0.007943496
1729,192,translate,-1,0.09905602,0.22465901,0.95047206,71.94512,0.0072467276,0.0076895505,0.014023944735527039,-0.007497914135456085,0.0072467276
1730,192,polarity,-1,0.09495183,0.21535072,0.9525244,71.93828,0.004310505,-0.001618743,0.013823851943016052,-0.0076980069279670715,0.004310505
1731,192,vocab,-1,0.14394137,0.32645896,0.92802966,71.90507,0.12187302,0.1094895,0.010372485965490341,-0.011149372905492783,0.12187302
1732,192,cat,-1,0.6092647,1.381812,0.6953678,71.83342,1.1985158,1.1648425,6.027354717254639,6.0058328583836555,1.1985158
1733,192,shuffle,-1,0.09655608,0.21898915,0.9517224,71.943474,0.026329055,0.0020196885,0.003067709505558014,-0.01845414936542511,0.026329055
1734,192,unrelated,202,0.8650606,1.9619571,0.5674699,71.84064,1.761999,1.7449876,7.311317443847656,7.289795584976673,1.761999
1735,192,unrelated_token,202,0.71047485,1.6113566,0.6447628,71.89926,1.4168655,1.3943871,0.04352705180644989,0.022005192935466766,1.4168655
1737,193,paraphrase,-1,0.15532532,0.35227776,0.92233753,71.87472,0.011139716,0.008435726,0.03315609320998192,-0.0015387311577796936,0.011139716
1738,193,translate,-1,0.16216835,0.36779776,0.918916,71.85906,0.013925236,0.023955733,0.03139998018741608,-0.0032948441803455353,0.013925236
1739,193,polarity,-1,0.15173271,0.3441297,0.9241337,71.871414,0.005171531,0.00028768182,0.03224829584360123,-0.002446528524160385,0.005171531
1740,193,vocab,-1,0.32785898,0.74358404,0.83607066,71.82368,0.39524993,0.399742,0.04569697007536888,0.01100214570760727,0.39524993
1741,193,cat,-1,0.4936934,1.1196964,0.7531533,71.87737,0.8239718,0.77585435,5.879881858825684,5.845187034457922,0.8239718
1742,193,shuffle,-1,0.19452895,0.44119158,0.90273577,71.773254,0.083616644,0.097349554,0.02528529241681099,-0.009409531950950623,0.083616644
1743,193,unrelated,173,0.76372075,1.7321184,0.6181398,71.93265,1.5572762,1.3882763,5.539457321166992,5.504762496799231,1.5572762
1744,193,unrelated_token,173,0.7345029,1.6658523,0.6327486,72.2791,1.4712611,1.3220103,0.26109981536865234,0.22640499100089073,1.4712611
1746,194,paraphrase,-1,0.06384196,0.14479354,0.9680792,71.9727,0.007436731,0.01207085,0.01971692591905594,0.008172523230314255,0.007436731
1747,194,translate,-1,0.05914251,0.13413519,0.97042894,71.95543,0.014470343,0.001412496,0.01885562390089035,0.007311221212148666,0.014470343
1748,194,polarity,-1,0.062393315,0.14150801,0.9688034,72.00221,0.016168006,0.008785322,0.016831867396831512,0.0052874647080898285,0.016168006
1749,194,vocab,-1,0.13488199,0.3059123,0.9325593,71.93017,0.15812705,0.1731896,0.05584055930376053,0.044296156615018845,0.15812705
1750,194,cat,-1,0.34643787,0.78572094,0.82678133,71.886086,0.6655853,0.65299827,8.4794921875,8.467947784811258,0.6655853
1751,194,shuffle,-1,0.05980747,0.13564332,0.97009635,71.973076,0.0032630954,0.0029206276,0.017139948904514313,0.005595546215772629,0.0032630954
1752,194,unrelated,230,0.7594765,1.7224923,0.6202618,71.58809,1.6252513,1.5897696,8.014123916625977,8.002579513937235,1.6252513
1753,194,unrelated_token,230,0.7525711,1.706831,0.62371457,71.56886,1.6091465,1.5741082,0.6360233426094055,0.6244789399206638,1.6091465
1755,195,paraphrase,-1,0.05982853,0.13569108,0.97008604,72.15292,0.005275732,0.0058913976,0.015574954450130463,0.006527401506900787,0.005275732
1756,195,translate,-1,0.0688531,0.1561588,0.9655738,72.13215,0.010072869,0.026359126,0.026514677330851555,0.01746712438762188,0.010072869
1757,195,polarity,-1,0.05415981,0.12283442,0.9729202,72.14885,0.0045517585,-0.006965257,0.00832987017929554,-0.0007176827639341354,0.0045517585
1758,195,vocab,-1,0.073236555,0.16610047,0.96338195,72.21669,0.059952628,0.036300793,0.007717711851000786,-0.0013298410922288895,0.059952628
1759,195,cat,-1,0.56121266,1.27283,0.7193938,71.91057,1.12667,1.1430303,3.5954535007476807,3.586405947804451,1.12667
1760,195,shuffle,-1,0.05230701,0.11863227,0.9738467,72.13529,0.0120477155,-0.011167407,0.01373653020709753,0.004688977263867855,0.0120477155
1761,195,unrelated,3,0.8509873,1.9300388,0.57450664,72.01381,1.7930275,1.8002391,8.790891647338867,8.781844094395638,1.7930275
1762,195,unrelated_token,3,0.5782664,1.3115079,0.71086687,72.06828,1.1263056,1.1817082,1.019855260848999,1.0108077079057693,1.1263056
1764,196,paraphrase,-1,0.051939428,0.1177986,0.9740306,72.1737,0.011821484,-0.0067357793,0.019006699323654175,-0.008911974728107452,0.011821484
1765,196,translate,-1,0.057060886,0.12941407,0.9714698,72.14955,0.014225671,0.0048796907,0.01814330741763115,-0.009775366634130478,0.014225671
1766,196,polarity,-1,0.055817552,0.12659419,0.9720915,72.17042,0.013236771,0.0020598099,0.024411149322986603,-0.0035075247287750244,0.013236771
1767,196,vocab,-1,0.11922649,0.27040562,0.940387,72.10932,0.15191749,0.14587125,0.00691433809697628,-0.021004335954785347,0.15191749
1768,196,cat,-1,0.4161624,0.9438561,0.7919191,72.010506,0.83234835,0.81932175,9.38138198852539,9.353463314473629,0.83234835
1769,196,shuffle,-1,0.057227902,0.12979285,0.9713865,72.16249,0.0030248004,0.005258478,0.031729284673929214,0.0038106106221675873,0.0030248004
1770,196,unrelated,33,0.8004429,1.815404,0.59977883,72.34647,1.7508833,1.6908697,8.058351516723633,8.030432842671871,1.7508833
1771,196,unrelated_token,33,0.58852947,1.3347846,0.7057356,72.31384,1.297111,1.2102503,0.4023558795452118,0.37443720549345016,1.297111
1773,197,paraphrase,-1,0.100967966,0.22899531,0.9495162,72.01285,0.01177808,0.026778132,0.03612874820828438,0.008889423683285713,0.01177808
1774,197,translate,-1,0.0955657,0.21674296,0.9522172,72.03642,0.010364092,0.014525786,0.03492707014083862,0.007687745615839958,0.010364092
1775,197,polarity,-1,0.08344848,0.18926111,0.9582759,72.04842,0.011000057,-0.012956068,0.026603884994983673,-0.0006354395300149918,0.011000057
1776,197,vocab,-1,0.12863615,0.29174674,0.935682,71.98194,0.11972607,0.08952956,0.04211762547492981,0.014878300949931145,0.11972607
1777,197,cat,-1,0.46316546,1.050459,0.76841724,71.976326,0.8577108,0.84824187,6.591981887817383,6.564742563292384,0.8577108
1778,197,shuffle,-1,0.092866346,0.21062084,0.9535669,72.065025,0.021403177,0.008403659,0.03278842195868492,0.005549097433686256,0.021403177
1779,197,unrelated,185,0.63519233,1.4406159,0.68240416,72.02541,1.3583001,1.2383987,4.6764984130859375,4.649259088560939,1.3583001
1780,197,unrelated_token,185,0.5200228,1.1794115,0.73998874,72.07128,1.0308924,0.97719437,0.2726607024669647,0.24542137794196606,1.0308924
1782,198,paraphrase,-1,0.060374796,0.13693002,0.9698129,72.02365,0.009790729,-0.019742176,0.032137613743543625,-0.015460189431905746,0.009790729
1783,198,translate,-1,0.06974326,0.15817769,0.9651288,71.9986,0.00845166,0.0015054941,0.048250455409288406,0.000652652233839035,0.00845166
1784,198,polarity,-1,0.068410724,0.1551555,0.96579504,72.000565,0.0043295384,-0.0015166998,0.04734025150537491,-0.0002575516700744629,0.0043295384
1785,198,vocab,-1,0.113318644,0.25700665,0.94334096,71.89831,0.109720744,0.10033445,0.11333733797073364,0.06573953479528427,0.109720744
1786,198,cat,-1,0.5325281,1.2077734,0.7337365,71.79023,1.0893219,1.0511012,4.457809925079346,4.410212121903896,1.0893219
1787,198,shuffle,-1,0.09485207,0.21512444,0.95257425,71.90617,0.055081878,0.05845225,0.080916628241539,0.03331882506608963,0.055081878
1788,198,unrelated,21,0.70809394,1.6059568,0.6459533,71.79754,1.5796623,1.4492846,3.3705215454101562,3.322923742234707,1.5796623
1789,198,unrelated_token,21,0.67100114,1.5218303,0.6644996,71.98945,1.475816,1.3651581,0.4925876557826996,0.4449898526072502,1.475816
1791,199,paraphrase,-1,0.11526312,0.2614167,0.9423683,71.76811,0.047580108,-0.084447384,0.015567728318274021,-0.00836105551570654,0.047580108
1792,199,translate,-1,0.13046762,0.29590052,0.93476623,71.798256,0.05524808,-0.049963564,0.012692032381892204,-0.011236751452088356,0.05524808
1793,199,polarity,-1,0.14157976,0.32110283,0.9292101,71.82707,0.013945536,-0.02476126,0.02269655093550682,-0.0012322328984737396,0.013945536
1794,199,vocab,-1,0.29110056,0.660216,0.8544497,71.73795,0.6431733,0.3143519,0.010227135382592678,-0.013701648451387882,0.6431733
1795,199,cat,-1,0.33038914,0.7493224,0.83480555,71.90921,0.46941555,0.40345833,4.744040012359619,4.720111228525639,0.46941555
1796,199,shuffle,-1,0.17622164,0.3996706,0.9118893,71.808495,0.024322852,0.053806514,0.017464904114603996,-0.006463879719376564,0.024322852
1797,199,unrelated,162,0.79250294,1.7973963,0.6037487,71.8103,1.7926167,1.4515322,4.202791213989258,4.178862430155277,1.7926167
1798,199,unrelated_token,162,0.58370143,1.3238345,0.70814955,71.73145,1.3209298,0.9779705,0.12738388776779175,0.10345510393381119,1.3209298
1800,200,paraphrase,-1,0.13744473,0.3117246,0.9312778,71.82908,0.01281731,0.0030506253,0.03667088598012924,-0.0013914033770561218,0.01281731
1801,200,translate,-1,0.13519809,0.3066292,0.9324012,71.84283,0.008867203,-0.0020447671,0.030683984979987144,-0.007378304377198219,0.008867203
1802,200,polarity,-1,0.14417386,0.32698625,0.9279133,71.82792,0.016289335,0.018312275,0.04724310711026192,0.009180817753076553,0.016289335
1803,200,vocab,-1,0.19210842,0.43570182,0.903946,71.86847,0.19931288,0.12702784,0.1713879406452179,0.13332565128803253,0.19931288
1804,200,cat,-1,0.40314937,0.9143426,0.7984257,71.607376,0.6178886,0.6056686,4.2408905029296875,4.202828213572502,0.6178886
1805,200,shuffle,-1,0.14520589,0.3293269,0.92739743,71.847534,0.032745212,0.02065292,0.06308193504810333,0.02501964569091797,0.032745212
1806,200,unrelated,140,0.7609875,1.7259194,0.6195064,72.06171,1.5790257,1.4172454,1.0467333793640137,1.0086710900068283,1.5790257
1807,200,unrelated_token,140,0.6315821,1.4324279,0.6842094,72.050224,1.3195374,1.1237539,0.18741187453269958,0.14934958517551422,1.3195374
1809,201,paraphrase,-1,0.10847255,0.2460157,0.94576395,71.96239,0.010306651,0.004872635,0.005037050694227219,0.00030809082090854645,0.010306651
1810,201,translate,-1,0.104131915,0.23617114,0.94793415,71.956375,0.020714648,-0.0049719214,0.004146139603108168,-0.0005828202702105045,0.020714648
1811,201,polarity,-1,0.1020083,0.23135477,0.9489957,71.98895,0.0049629863,-0.00978829,0.004041177220642567,-0.0006877826526761055,0.0049629863
1812,201,vocab,-1,0.21692725,0.4919909,0.8915367,71.84101,0.34519786,0.25084782,0.004822056740522385,9.309686720371246e-05,0.34519786
1813,201,cat,-1,0.33940297,0.7697658,0.8302986,71.570915,0.7557946,0.52862275,0.7323563098907471,0.7276273500174284,0.7557946
1814,201,shuffle,-1,0.10065986,0.22829652,0.94967014,71.98048,0.019787809,-0.012846544,0.006970229092985392,0.0022412692196667194,0.019787809
1815,201,unrelated,48,0.77247965,1.7519835,0.61376023,71.96069,1.6788452,1.5108404,9.418027877807617,9.413298917934299,1.6788452
1816,201,unrelated_token,48,0.68075955,1.5439624,0.6596204,72.18955,1.3880198,1.3028193,0.33552446961402893,0.33079550974071026,1.3880198
1818,202,paraphrase,-1,0.07321031,0.16604094,0.96339524,71.8271,0.018158799,0.008279622,0.02196727693080902,0.0005373694002628326,0.018158799
1819,202,translate,-1,0.071672246,0.16255262,0.96416426,71.81225,0.020386333,0.0047913045,0.025168059393763542,0.003738151863217354,0.020386333
1820,202,polarity,-1,0.07882988,0.17878613,0.96058565,71.874664,0.0107513005,0.021024808,0.01936609297990799,-0.002063814550638199,0.0107513005
1821,202,vocab,-1,0.12195234,0.27658784,0.93902445,71.857,0.15309279,0.11882652,0.024435468018054962,0.003005560487508774,0.15309279
1822,202,cat,-1,0.48809966,1.1070098,0.75595075,71.81653,0.971196,0.94924843,6.478016376495361,6.456586468964815,0.971196
1823,202,shuffle,-1,0.0806513,0.1829171,0.9596748,71.8725,0.017369416,0.025155783,0.028328794986009598,0.006898887455463409,0.017369416
1824,202,unrelated,232,0.65784055,1.4919821,0.6710803,72.03039,1.4128413,1.3342208,9.454500198364258,9.433070290833712,1.4128413
1825,202,unrelated_token,232,0.46323293,1.0506121,0.768384,72.040054,0.9358221,0.89285076,0.2066495716571808,0.1852196641266346,0.9358221
1827,203,paraphrase,-1,0.08778332,0.19909254,0.9561086,71.92756,0.0099097965,-0.0032415092,0.05765729397535324,0.00023061782121658325,0.0099097965
1828,203,translate,-1,0.08788417,0.19932127,0.9560585,71.935074,0.013950171,-0.0030127764,0.05677119642496109,-0.0006554797291755676,0.013950171
1829,203,polarity,-1,0.0991262,0.22481817,0.9504373,71.94589,0.00759861,0.022484124,0.0724925696849823,0.015065893530845642,0.00759861
1830,203,vocab,-1,0.23161423,0.525301,0.8841934,71.97288,0.33687612,0.32296693,0.2549479007720947,0.19752122461795807,0.33687612
1831,203,cat,-1,0.23950204,0.54319054,0.88024944,71.826935,0.3180806,0.3408565,3.3240694999694824,3.2666428238153458,0.3180806
1832,203,shuffle,-1,0.10773609,0.2443454,0.9461323,71.944756,0.02993441,0.04201135,0.03430229797959328,-0.02312437817454338,0.02993441
1833,203,unrelated,12,0.7562451,1.7151635,0.6218778,72.107155,1.6077834,1.5128294,9.908611297607422,9.851184621453285,1.6077834
1834,203,unrelated_token,12,0.6167687,1.3988311,0.69161576,72.01364,1.2641267,1.1964971,0.392963707447052,0.33553703129291534,1.2641267
1836,204,paraphrase,-1,0.11491462,0.26062632,0.94254297,71.84693,0.016168416,0.02712679,0.013935479335486889,0.0009142542257905006,0.016168416
1837,204,translate,-1,0.11278226,0.2557901,0.94360906,71.85719,0.0130280815,0.022290587,0.011134100146591663,-0.0018871249631047249,0.0130280815
1838,204,polarity,-1,0.103252806,0.23417732,0.9483741,71.87195,0.0062473137,0.0006777942,0.01382707990705967,0.0008058547973632812,0.0062473137
1839,204,vocab,-1,0.20799764,0.47173855,0.89600146,71.699905,0.19824201,0.23823902,0.03615888953208923,0.023137664422392845,0.19824201
1840,204,cat,-1,0.4936563,1.1196123,0.75317234,71.82865,0.9499749,0.8861128,2.080702066421509,2.0676808413118124,0.9499749
1841,204,shuffle,-1,0.15690061,0.35585052,0.92155033,71.627556,0.12911296,0.12235099,0.024950172752141953,0.011928947642445564,0.12911296
1842,204,unrelated,119,0.7960454,1.8054307,0.6019777,72.35489,1.6498313,1.5719311,1.8429865837097168,1.8299653586000204,1.6498313
1843,204,unrelated_token,119,0.7693277,1.7448349,0.61533654,72.28402,1.5680552,1.5113354,0.6152519583702087,0.6022307332605124,1.5680552
1845,205,paraphrase,-1,0.048023786,0.10891793,0.9759884,72.06475,0.009259747,0.008515283,0.002339334459975362,0.0007808322552591562,0.009259747
1846,205,translate,-1,0.04768916,0.10815899,0.9761555,72.0645,0.013343923,0.007756345,0.0021792545448988676,0.000620752340182662,0.013343923
1847,205,polarity,-1,0.04480367,0.101614706,0.9775985,72.05229,0.007582826,0.0012120605,0.0011806043330579996,-0.000377897871658206,0.007582826
1848,205,vocab,-1,0.12732208,0.2887664,0.9363391,71.99282,0.14995861,0.18836376,0.0027911304496228695,0.001232628244906664,0.14995861
1849,205,cat,-1,0.33433765,0.75827765,0.83283144,72.10631,0.6581542,0.657875,3.6071670055389404,3.6056085033342242,0.6581542
1850,205,shuffle,-1,0.046877142,0.106317334,0.9765617,72.03137,0.012518715,0.005914688,0.0016205989522859454,6.209674756973982e-05,0.012518715
1851,205,unrelated,79,0.74541837,1.6906085,0.6272909,72.34178,1.617463,1.5902059,12.28921127319336,12.287652770988643,1.617463
1852,205,unrelated_token,79,0.71502554,1.6216776,0.64248735,72.18331,1.5353287,1.521275,0.06942343711853027,0.06786493491381407,1.5353287
1854,206,paraphrase,-1,0.06357907,0.1441973,0.96821076,71.91674,0.008729,0.0036351383,0.0077273910865187645,-0.0017177583649754524,0.008729
1855,206,translate,-1,0.06151251,0.13951035,0.9692441,71.90182,0.004448674,-0.0010518134,0.010225595906376839,0.0007804464548826218,0.004448674
1856,206,polarity,-1,0.060296874,0.13675329,0.9698518,71.93393,0.0047494383,-0.003808871,0.01018440816551447,0.0007392587140202522,0.0047494383
1857,206,vocab,-1,0.12595607,0.2856683,0.9370221,71.74454,0.14866078,0.14510615,0.006098455283790827,-0.00334669416770339,0.14866078
1858,206,cat,-1,0.47707334,1.0820022,0.7614635,71.71247,0.96379286,0.94144,2.7627992630004883,2.753354113548994,0.96379286
1859,206,shuffle,-1,0.06652542,0.15087962,0.96673757,71.92465,0.020202415,0.01031746,0.008803602308034897,-0.0006415471434593201,0.020202415
1860,206,unrelated,83,0.676247,1.5337279,0.661877,72.01134,1.4822184,1.3931657,5.895927906036377,5.886482756584883,1.4822184
1861,206,unrelated_token,83,0.5410682,1.2271425,0.72946614,72.021935,1.0606052,1.0865803,0.1662713885307312,0.15682623907923698,1.0606052
1863,207,paraphrase,-1,0.06349734,0.14401194,0.96825147,72.07768,0.006515039,0.0067080557,0.019824620336294174,0.0019125193357467651,0.006515039
1864,207,translate,-1,0.06810981,0.15447302,0.9659449,72.08443,0.009156787,0.017169133,0.020431049168109894,0.0025189481675624847,0.009156787
1865,207,polarity,-1,0.06989579,0.15852362,0.9650523,72.07746,0.0061721704,0.02121973,0.027947135269641876,0.010035034269094467,0.0061721704
1866,207,vocab,-1,0.17877007,0.40545043,0.9106153,72.04969,0.2126463,0.26814654,0.023741476237773895,0.005829375237226486,0.2126463
1867,207,cat,-1,0.5418268,1.2288629,0.7290868,71.93312,1.1194562,1.0915589,4.543658256530762,4.525746155530214,1.1194562
1868,207,shuffle,-1,0.06253455,0.14182833,0.96873295,72.083916,0.0013432064,0.0045244396,0.018398351967334747,0.00048625096678733826,0.0013432064
1869,207,unrelated,126,0.8182502,1.8557911,0.5908751,72.19012,1.8078564,1.7184873,8.22152042388916,8.203608322888613,1.8078564
1870,207,unrelated_token,126,0.7261385,1.6468817,0.63693124,71.05169,1.5571636,1.5095778,0.36637499928474426,0.34846289828419685,1.5571636
1872,208,paraphrase,-1,0.06457361,0.14645292,0.9677134,71.9244,0.0064656152,0.016168684,0.09919550269842148,0.008219964802265167,0.0064656152
1873,208,translate,-1,0.062246628,0.14117533,0.9688769,71.9148,0.0069767334,0.010891095,0.08120239526033401,-0.009773142635822296,0.0069767334
1874,208,polarity,-1,0.05573508,0.12640715,0.9721328,71.93754,0.0035531186,-0.0038770884,0.07858631014823914,-0.012389227747917175,0.0035531186
1875,208,vocab,-1,0.09725724,0.22057939,0.9513717,71.87916,0.057439737,0.09029515,0.046374041587114334,-0.04460149630904198,0.057439737
1876,208,cat,-1,0.46052456,1.0444695,0.7697378,71.68579,0.87598896,0.9141852,7.8463029861450195,7.755327448248863,0.87598896
1877,208,shuffle,-1,0.06869314,0.155796,0.96565354,71.89027,0.033623785,0.025511771,0.0763765424489975,-0.014598995447158813,0.033623785
1878,208,unrelated,9,0.78132653,1.7720482,0.609337,71.73064,1.5992185,1.641764,4.574761390686035,4.483785852789879,1.5992185
1879,208,unrelated_token,9,0.7504747,1.7020763,0.62476283,71.54411,1.5263993,1.5717921,3.2758758068084717,3.1849002689123154,1.5263993
1881,209,paraphrase,-1,0.06730319,0.1526436,0.9663487,72.09125,0.00913114,0.013708621,0.004458969458937645,-0.000785761047154665,0.00913114
1882,209,translate,-1,0.07422499,0.16834225,0.962888,72.07477,0.014457221,0.029407263,0.006289798766374588,0.001045068260282278,0.014457221
1883,209,polarity,-1,0.06345103,0.1439069,0.96827483,72.115234,0.0045502787,0.0049719214,0.005304867401719093,6.013689562678337e-05,0.0045502787
1884,209,vocab,-1,0.31680065,0.7185037,0.8416002,71.869156,0.5021363,0.57956874,0.008833235129714012,0.003588504623621702,0.5021363
1885,209,cat,-1,0.35239938,0.79924166,0.82380074,71.961044,0.71335894,0.6603067,0.7276239991188049,0.7223792686127126,0.71335894
1886,209,shuffle,-1,0.063956484,0.14505328,0.9680221,72.11029,0.0036287212,0.0061182976,0.005715625826269388,0.00047089532017707825,0.0036287212
1887,209,unrelated,248,0.72411793,1.6422992,0.63794154,71.99217,1.4833306,1.5033642,13.174951553344727,13.169706822838634,1.4833306
1888,209,unrelated_token,248,0.5782652,1.3115052,0.7108678,71.950195,1.1349463,1.1725702,0.04640558362007141,0.0411608531139791,1.1349463
1890,210,paraphrase,-1,0.039442055,0.08945456,0.98027915,71.85417,0.007372681,0.006755173,0.009006079286336899,-0.007398586720228195,0.007372681
1891,210,translate,-1,0.041051332,0.0931044,0.97947454,71.86106,0.014261182,0.0104050115,0.017194852232933044,0.0007901862263679504,0.014261182
1892,210,polarity,-1,0.038160473,0.08654793,0.9809199,71.86125,0.004674113,0.0038485453,0.012992285192012787,-0.003412380814552307,0.004674113
1893,210,vocab,-1,0.08431675,0.19123036,0.95784193,71.813286,0.10298657,0.10853097,0.010837843641638756,-0.005566822364926338,0.10298657
1894,210,cat,-1,0.34891883,0.79134774,0.8255408,71.89651,0.7399887,0.7086483,2.7162623405456543,2.699857674539089,0.7399887
1895,210,shuffle,-1,0.046048976,0.10443906,0.9769757,71.85215,0.019740045,0.02173967,0.012773841619491577,-0.003630824387073517,0.019740045
1896,210,unrelated,193,0.7276007,1.6501981,0.6361999,71.87204,1.6108539,1.5674987,5.458571434020996,5.442166768014431,1.6108539
1897,210,unrelated_token,193,0.5851247,1.3270625,0.70743763,71.979996,1.284841,1.2443631,0.6909302473068237,0.6745255813002586,1.284841
1899,211,paraphrase,-1,0.22762945,0.5162635,0.88618547,72.13449,0.0099398345,-0.0096949935,0.8855639696121216,-0.12275445461273193,0.0099398345
1900,211,translate,-1,0.24128392,0.54723185,0.8793582,72.12503,0.018511692,0.021273375,0.9456127285957336,-0.06270569562911987,0.018511692
1901,211,polarity,-1,0.24039885,0.5452245,0.87980074,72.16615,0.005417153,0.01926601,1.0539402961730957,0.04562187194824219,0.005417153
1902,211,vocab,-1,0.2793172,0.6334913,0.8603415,71.97572,0.26184455,0.1075328,0.04179651290178299,-0.9665219113230705,0.26184455
1903,211,cat,-1,0.54791886,1.2426797,0.7260406,71.87217,0.92466533,0.71672124,4.372800350189209,3.3644819259643555,0.92466533
1904,211,shuffle,-1,0.22788243,0.51683724,0.8860591,72.14225,0.005595702,-0.009121239,0.8691110610961914,-0.1392073631286621,0.005595702
1905,211,unrelated,154,1.016825,2.3061585,0.49158767,71.60874,2.0466123,1.7802,7.978703498840332,6.9703850746154785,2.0466123
1906,211,unrelated_token,154,1.0003207,2.2687268,0.49983978,71.596436,2.0174546,1.7427683,2.968334197998047,1.9600157737731934,2.0174546
1908,212,paraphrase,-1,0.10945706,0.24824856,0.9452721,72.36468,0.010270675,0.00806807,0.03568419814109802,-0.0033020153641700745,0.010270675
1909,212,translate,-1,0.11063437,0.25091872,0.9446831,72.32725,0.014416962,0.010738224,0.05171748995780945,0.012731276452541351,0.014416962
1910,212,polarity,-1,0.10913435,0.24751666,0.945433,72.38033,0.0060243243,0.0073361695,0.04681573808193207,0.007829524576663971,0.0060243243
1911,212,vocab,-1,0.24646387,0.5589799,0.8767684,72.11527,0.2690797,0.31879944,0.2537047564983368,0.2147185429930687,0.2690797
1912,212,cat,-1,0.65615827,1.4881667,0.6719211,71.99309,1.3768561,1.2479862,7.289831161499023,7.250844947993755,1.3768561
1913,212,shuffle,-1,0.11810917,0.26787153,0.9409456,72.293724,0.04161335,0.027691036,0.05364712327718735,0.01466090977191925,0.04161335
1914,212,unrelated,143,1.0101974,2.2911272,0.49490178,72.01991,2.118717,2.0509467,11.419729232788086,11.380743019282818,2.118717
1915,212,unrelated_token,143,0.68950677,1.563801,0.6552469,71.942986,1.3994671,1.3236206,8.946581840515137,8.907595627009869,1.3994671
1917,213,paraphrase,-1,0.12594888,0.28565198,0.9370261,72.23894,0.010044188,-0.0019279718,4.7356810682686046e-05,-5.8351168263470754e-05,0.010044188
1918,213,translate,-1,0.11988928,0.27190885,0.9400556,72.20806,0.022942979,-0.015671104,0.0002276131126563996,0.00012190513371024281,0.022942979
1919,213,polarity,-1,0.13320005,0.30209765,0.9334005,72.25276,0.011194719,0.014517695,4.6025867050047964e-05,-5.9682111896108836e-05,0.011194719
1920,213,vocab,-1,0.20653072,0.4684116,0.89673537,72.061035,0.19335599,0.18083164,0.00038738982402719557,0.0002816818450810388,0.19335599
1921,213,cat,-1,0.4902215,1.1118221,0.7548897,71.875374,0.98233426,0.8242422,5.87048864364624,5.870382935667294,0.98233426
1922,213,shuffle,-1,0.13510948,0.30642825,0.93244547,72.17532,0.04044829,0.0188483,0.00012232792505528778,1.661994610913098e-05,0.04044829
1923,213,unrelated,124,1.091963,2.4765718,0.45401904,72.06993,2.472034,2.1889918,10.762880325317383,10.762774617338437,2.472034
1924,213,unrelated_token,124,0.9827978,2.228985,0.5086016,71.97133,2.2121704,1.941405,0.06993494927883148,0.06982924129988533,2.2121704
1926,214,paraphrase,-1,0.06686088,0.15164044,0.96656996,71.9234,0.003327898,-0.0010861307,0.008728833869099617,0.00032310839742422104,0.003327898
1927,214,translate,-1,0.074026056,0.16789106,0.96298724,71.89751,0.010122165,0.01516448,0.010462047532200813,0.0020563220605254173,0.010122165
1928,214,polarity,-1,0.068478465,0.15530913,0.9657611,71.930046,0.005889614,0.00258255,0.010342865251004696,0.0019371397793293,0.005889614
1929,214,vocab,-1,0.3369907,0.7642948,0.8315048,71.735466,0.634537,0.6115682,0.053742870688438416,0.04533714521676302,0.634537
1930,214,cat,-1,0.41571307,0.94283706,0.7921438,71.80257,0.79738885,0.79011047,1.3289393186569214,1.320533593185246,0.79738885
1931,214,shuffle,-1,0.07404418,0.16793217,0.96297824,71.93403,0.010078236,0.015205592,0.018951673060655594,0.010545947588980198,0.010078236
1932,214,unrelated,135,0.876657,1.9882578,0.5616717,72.13319,1.8831762,1.8355312,7.28201150894165,7.273605783469975,1.8831762
1933,214,unrelated_token,135,0.73208505,1.6603686,0.63395804,71.76084,1.5576125,1.507642,0.23924000561237335,0.23083428014069796,1.5576125
1935,215,paraphrase,-1,0.15629761,0.35448292,0.9218516,71.89663,0.02454277,0.023412675,0.036691609770059586,0.0005933195352554321,0.02454277
1936,215,translate,-1,0.15259169,0.3460779,0.92370427,71.92552,0.020781152,0.015007645,0.03935918211936951,0.0032608918845653534,0.020781152
1937,215,polarity,-1,0.15017764,0.34060282,0.9249113,71.95712,0.009291914,0.009532571,0.04558732360601425,0.009489033371210098,0.009291914
1938,215,vocab,-1,0.22381744,0.50761783,0.8880914,71.84622,0.2435917,0.17654759,0.021646693348884583,-0.014451596885919571,0.2435917
1939,215,cat,-1,0.47109264,1.0684379,0.76445407,72.04823,0.81486213,0.7373677,1.7608977556228638,1.7247994653880596,0.81486213
1940,215,shuffle,-1,0.16638814,0.3773682,0.9168061,71.96783,0.05637439,0.046297967,0.02230830304324627,-0.013789987191557884,0.05637439
1941,215,unrelated,220,0.6649586,1.5081258,0.66752094,71.87914,1.2383661,1.1770556,2.1906728744506836,2.1545745842158794,1.2383661
1942,215,unrelated_token,220,0.557757,1.2649927,0.7211218,71.84133,1.0108157,0.93392247,0.04229691997170448,0.00619862973690033,1.0108157
1944,216,paraphrase,-1,0.092264935,0.20925683,0.95386773,71.75526,0.020783657,0.049683437,0.008162951096892357,0.0024263234809041023,0.020783657
1945,216,translate,-1,0.09388062,0.21292122,0.95306015,71.76062,0.024036815,0.053347826,0.007357546128332615,0.0016209185123443604,0.024036815
1946,216,polarity,-1,0.0806072,0.18281709,0.9596968,71.78459,0.0063983975,0.023243695,0.006327172741293907,0.0005905451253056526,0.0063983975
1947,216,vocab,-1,0.114823654,0.26042,0.94258827,71.67715,0.10015667,0.1008466,0.010260245762765408,0.004523618146777153,0.10015667
1948,216,cat,-1,0.49359888,1.119482,0.75320077,71.83344,0.98485905,0.95990866,2.162280559539795,2.1565439319238067,0.98485905
1949,216,shuffle,-1,0.09128676,0.20703834,0.954357,71.76568,0.024770984,0.047464952,0.006952083669602871,0.0012154560536146164,0.024770984
1950,216,unrelated,243,0.8832146,2.0031302,0.55839294,72.10323,1.9673631,1.8435568,7.463222503662109,7.457485876046121,1.9673631
1951,216,unrelated_token,243,0.7184456,1.6294343,0.64077765,71.965744,1.6018047,1.4698609,0.10269629210233688,0.09695966448634863,1.6018047
1953,217,paraphrase,-1,0.063502535,0.14402372,0.96824884,71.94687,0.008090471,0.011294529,0.09576951712369919,0.03164525330066681,0.008090471
1954,217,translate,-1,0.06776192,0.153684,0.96611917,71.955666,0.009834576,0.020954818,0.07966064661741257,0.015536382794380188,0.009834576
1955,217,polarity,-1,0.06417143,0.14554079,0.9679143,72.00054,0.006123246,0.012811601,0.07147976756095886,0.007355503737926483,0.006123246
1956,217,vocab,-1,0.17228535,0.3907431,0.91385764,71.836075,0.27535877,0.2580139,0.19807827472686768,0.1339540109038353,0.27535877
1957,217,cat,-1,0.35242587,0.79930174,0.82378715,71.84764,0.6540983,0.6665726,8.987571716308594,8.923447452485561,0.6540983
1958,217,shuffle,-1,0.06045582,0.13711378,0.96977234,72.00387,0.02198684,0.004384592,0.04556748643517494,-0.018556777387857437,0.02198684
1959,217,unrelated,228,0.8253023,1.8717853,0.58734906,71.83927,1.72589,1.7390561,9.271944999694824,9.207820735871792,1.72589
1960,217,unrelated_token,228,0.7747067,1.7570345,0.6126468,71.66064,1.5962687,1.6243054,1.0372153520584106,0.9730910882353783,1.5962687
1962,218,paraphrase,-1,0.10558541,0.23946767,0.9472075,71.991745,0.00744716,0.005969405,0.04953119158744812,0.0008803755044937134,0.00744716
1963,218,translate,-1,0.10541014,0.23907015,0.9472954,71.970276,0.012374694,0.005571887,0.039356529712677,-0.009294286370277405,0.012374694
1964,218,polarity,-1,0.10437741,0.23672792,0.9478119,72.0078,0.007620345,0.0032296628,0.05096493288874626,0.002314116805791855,0.007620345
1965,218,vocab,-1,0.26072374,0.59132135,0.8696386,71.99203,0.33707458,0.35782307,0.137717604637146,0.08906678855419159,0.33707458
1966,218,cat,-1,0.36330009,0.8239644,0.8183505,72.07751,0.6651293,0.59046614,4.760398864746094,4.711748048663139,0.6651293
1967,218,shuffle,-1,0.12637505,0.28661856,0.9368127,71.931206,0.036470983,0.0531203,0.06214086711406708,0.013490051031112671,0.036470983
1968,218,unrelated,66,0.89268446,2.024608,0.553658,72.165825,1.9109538,1.7911097,9.808577537536621,9.759926721453667,1.9109538
1969,218,unrelated_token,66,0.69848657,1.5841672,0.6507571,71.92583,1.4403949,1.350669,0.21693573892116547,0.16828492283821106,1.4403949
1971,219,paraphrase,-1,0.119958356,0.2720655,0.9400209,71.81841,0.017312802,-0.0079979,0.015068486332893372,-0.006174441426992416,0.017312802
1972,219,translate,-1,0.12521605,0.28398994,0.9373919,71.82985,0.012315708,0.0039265454,0.017963014543056488,-0.0032799132168293,0.012315708
1973,219,polarity,-1,0.12544893,0.28451812,0.9372754,71.85361,0.011792363,0.004454732,0.020488299429416656,-0.0007546283304691315,0.011792363
1974,219,vocab,-1,0.15608552,0.35400188,0.9219575,71.84981,0.062482826,0.07393849,0.04089139774441719,0.019648469984531403,0.062482826
1975,219,cat,-1,0.40492448,0.9183685,0.79753786,71.84632,0.73524815,0.6383051,10.246359825134277,10.225116897374392,0.73524815
1976,219,shuffle,-1,0.124115445,0.28149378,0.93794227,71.81577,0.0032735115,0.0014303923,0.020848527550697327,-0.0003944002091884613,0.0032735115
1977,219,unrelated,16,0.79086083,1.793672,0.6045699,72.08029,1.6615561,1.5136086,4.058249473571777,4.0370065458118916,1.6615561
1978,219,unrelated_token,16,0.6896111,1.5640376,0.6551944,72.054504,1.4096783,1.2839742,0.5591986775398254,0.5379557497799397,1.4096783
1980,220,paraphrase,-1,0.061305303,0.1390404,0.9693476,71.88805,0.007955823,0.0054489076,0.015598450787365437,0.0065742675215005875,0.007955823
1981,220,translate,-1,0.060408123,0.1370056,0.9697961,71.866035,0.007598272,0.0034141093,0.014179439283907413,0.005155256018042564,0.007598272
1982,220,polarity,-1,0.060826056,0.13795346,0.96958715,71.87929,0.004216049,0.004361972,0.010764740407466888,0.0017405571416020393,0.004216049
1983,220,vocab,-1,0.10657585,0.24171397,0.9467123,71.824135,0.13762839,0.10812248,0.03137267380952835,0.022348490543663502,0.13762839
1984,220,cat,-1,0.42621058,0.9666454,0.78689486,71.78023,0.8549383,0.83305395,5.660676002502441,5.651651819236577,0.8549383
1985,220,shuffle,-1,0.071127415,0.16131695,0.96443653,71.87889,0.023349687,0.027725458,0.013644302263855934,0.004620118997991085,0.023349687
1986,220,unrelated,239,0.72993624,1.655495,0.63503194,72.25031,1.6129193,1.5219035,5.703919410705566,5.694895227439702,1.6129193
1987,220,unrelated_token,239,0.6098742,1.3831944,0.6950633,72.44588,1.3044786,1.2496029,0.08189357072114944,0.0728693874552846,1.3044786
1989,221,paraphrase,-1,0.11830823,0.268323,0.94084615,71.9353,0.0058804215,0.003299147,0.07135449349880219,-0.012532830238342285,0.0058804215
1990,221,translate,-1,0.123475075,0.28004143,0.9382625,71.94117,0.0072378325,0.015017569,0.10224705934524536,0.01835973560810089,0.0072378325
1991,221,polarity,-1,0.1258477,0.28542253,0.93707615,71.94117,0.008463968,0.020398676,0.0912398025393486,0.007352478802204132,0.008463968
1992,221,vocab,-1,0.12892829,0.2924093,0.93553597,71.89398,0.045168683,0.027385443,0.06736838072538376,-0.01651894301176071,0.045168683
1993,221,cat,-1,0.43449602,0.9854368,0.7827519,71.79457,0.7281808,0.72041297,1.852243423461914,1.7683560997247696,0.7281808
1994,221,shuffle,-1,0.13857347,0.31428456,0.93071353,71.95062,0.038568664,0.049260706,0.10498102009296417,0.021093696355819702,0.038568664
1995,221,unrelated,42,0.77216995,1.7512811,0.6139152,72.01184,1.5530814,1.4862573,7.439633369445801,7.355746045708656,1.5530814
1996,221,unrelated_token,42,0.66488683,1.5079631,0.66755664,71.8441,1.233834,1.2429392,0.2821460962295532,0.19825877249240875,1.233834
1998,222,paraphrase,-1,0.08497554,0.19272448,0.9575124,72.00463,0.0038048618,0.0019441098,0.01889820583164692,0.00064033642411232,0.0038048618
1999,222,translate,-1,0.08602437,0.19510323,0.9569878,71.99154,0.0112423375,0.0043228567,0.018578186631202698,0.00032031722366809845,0.0112423375
2000,222,polarity,-1,0.09066155,0.20562035,0.95466936,72.022026,0.009770054,0.014839977,0.02247866801917553,0.00422079861164093,0.009770054
2001,222,vocab,-1,0.21087083,0.47825494,0.8945647,71.86173,0.33496305,0.28747457,0.03859395161271095,0.020336082205176353,0.33496305
2002,222,cat,-1,0.37795737,0.8572072,0.81102145,71.99776,0.66901207,0.6664268,4.908149242401123,4.8898913729935884,0.66901207
2003,222,shuffle,-1,0.09028371,0.20476341,0.9548582,71.993034,0.0164023,0.013983041,0.021799322217702866,0.0035414528101682663,0.0164023
2004,222,unrelated,11,0.77009976,1.746586,0.61495036,72.16564,1.6903187,1.5558056,7.202023983001709,7.183766113594174,1.6903187
2005,222,unrelated_token,11,0.5205797,1.1806746,0.7397103,72.10099,1.1667469,0.98989415,0.06636771559715271,0.04810984618961811,1.1667469
2007,223,paraphrase,-1,0.0742947,0.16850035,0.9628525,71.9744,0.007928753,0.0098272115,0.013059210032224655,-0.0017148181796073914,0.007928753
2008,223,translate,-1,0.073303446,0.16625218,0.9633484,72.01168,0.011227294,0.0075790435,0.0364474281668663,0.021673399955034256,0.011227294
2009,223,polarity,-1,0.07160912,0.16240944,0.96419567,71.988434,0.0046357904,0.0037363023,0.0190320685505867,0.004258040338754654,0.0046357904
2010,223,vocab,-1,0.104175135,0.23626916,0.94791245,71.981316,0.1002583,0.07759602,0.029093600809574127,0.01431957259774208,0.1002583
2011,223,cat,-1,0.2871262,0.65120214,0.85643715,71.852806,0.47640553,0.492529,6.094862461090088,6.080088432878256,0.47640553
2012,223,shuffle,-1,0.07174441,0.1627163,0.964128,71.95614,0.01343459,0.004043162,0.01359570026397705,-0.0011783279478549957,0.01343459
2013,223,unrelated,237,0.80634403,1.8287879,0.5968284,72.016785,1.7363434,1.6701148,7.332170009613037,7.317395981401205,1.7363434
2014,223,unrelated_token,237,0.39640906,0.8990556,0.80179566,71.96276,0.8138255,0.74038243,0.16730040311813354,0.1525263749063015,0.8138255
2016,224,paraphrase,-1,0.11596821,0.26301587,0.94201624,72.09739,0.012144097,-0.021481812,0.00030437333043664694,-0.0036542221205309033,0.012144097
2017,224,translate,-1,0.12086127,0.2741133,0.9395698,72.11109,0.015126605,-0.010384381,0.0022688801400363445,-0.0016897153109312057,0.015126605
2018,224,polarity,-1,0.122738525,0.27837092,0.93863094,72.0946,0.046923883,-0.0061267614,0.0011782161891460419,-0.0027803792618215084,0.046923883
2019,224,vocab,-1,0.1588564,0.36028627,0.92057216,72.11859,0.045894455,0.07578859,0.0030831920448690653,-0.000875403406098485,0.045894455
2020,224,cat,-1,0.48978963,1.1108427,0.75510556,72.059746,0.8087225,0.826345,3.1458499431610107,3.141891347710043,0.8087225
2021,224,shuffle,-1,0.122230515,0.27721876,0.9388851,72.037926,0.102597155,-0.007278919,0.0011997006367892027,-0.0027588948141783476,0.102597155
2022,224,unrelated,169,0.7396456,1.6775159,0.63017756,71.84538,1.4951442,1.3930182,0.029705053195357323,0.025746457744389772,1.4951442
2023,224,unrelated_token,169,0.74821913,1.6969607,0.6258908,71.84795,1.513867,1.412463,0.026574766263365746,0.022616170812398195,1.513867
2025,225,paraphrase,-1,0.108662985,0.24644761,0.9456689,72.03092,0.009934527,-0.003625378,0.009443281218409538,-0.010472504422068596,0.009934527
2026,225,translate,-1,0.11839046,0.2685095,0.9408051,72.033554,0.013095284,0.018436521,0.013556341640651226,-0.006359443999826908,0.013095284
2027,225,polarity,-1,0.11146454,0.2528015,0.9442681,72.077896,0.003307337,0.0027285218,0.018997376784682274,-0.0009184088557958603,0.003307337
2028,225,vocab,-1,0.15955754,0.36187643,0.9202215,71.9916,0.09034202,0.11180344,0.012426948174834251,-0.007488837465643883,0.09034202
2029,225,cat,-1,0.46570468,1.056218,0.7671477,72.070946,0.86386096,0.8061451,1.3724713325500488,1.3525555469095707,0.86386096
2030,225,shuffle,-1,0.112834595,0.25590882,0.94358313,72.044815,0.0019208636,0.005835831,0.021506700664758682,0.001590915024280548,0.0019208636
2031,225,unrelated,197,0.7949732,1.8029989,0.60251373,72.01452,1.6517813,1.552926,1.218550443649292,1.1986346580088139,1.6517813
2032,225,unrelated_token,197,0.78409696,1.7783315,0.6079518,72.14841,1.598817,1.5282586,0.0812423825263977,0.06132659688591957,1.598817
2034,226,paraphrase,-1,0.13243935,0.30037236,0.9337807,72.41143,0.014875485,0.0067561567,0.07629983127117157,-0.07184860110282898,0.014875485
2035,226,translate,-1,0.13906929,0.3154091,0.93046576,72.41205,0.01960183,0.021792889,0.041293125599622726,-0.10685530677437782,0.01960183
2036,226,polarity,-1,0.15677981,0.35557655,0.92161053,72.34348,0.027873112,0.06196034,0.11119600385427475,-0.0369524285197258,0.027873112
2037,226,vocab,-1,0.6895688,1.5639417,0.65521604,71.9314,1.0865452,1.2703255,0.032515913248062134,-0.11563251912593842,1.0865452
2038,226,cat,-1,0.8000823,1.8145864,0.59995925,71.73212,1.5001035,1.5209702,2.4576687812805176,2.309520348906517,1.5001035
2039,226,shuffle,-1,0.15492906,0.35137904,0.92253584,72.45459,0.029041791,0.05776283,0.06596061587333679,-0.08218781650066376,0.029041791
2040,226,unrelated,107,1.3378454,3.0342329,0.3310777,71.872116,2.7660046,2.7406166,3.490788221359253,3.3426397889852524,2.7660046
2041,226,unrelated_token,107,1.1695858,2.65262,0.41520748,71.798485,2.287352,2.3590038,0.30929794907569885,0.1611495167016983,2.287352
2043,227,paraphrase,-1,0.12045801,0.2731987,0.9397713,71.97261,0.013829226,-0.007185906,0.06419693678617477,0.01250419020652771,0.013829226
2044,227,translate,-1,0.13937062,0.3160925,0.930315,71.973175,0.027997302,0.03570789,0.03868172690272331,-0.013011019676923752,0.027997302
2045,227,polarity,-1,0.12873268,0.29196566,0.9356341,71.95674,0.015687369,0.011581063,0.04873073473572731,-0.002962011843919754,0.015687369
2046,227,vocab,-1,0.24568026,0.5572027,0.8771602,71.84738,0.23993358,0.2768181,0.030577559024095535,-0.02111518755555153,0.23993358
2047,227,cat,-1,0.39509648,0.89607865,0.8024521,71.950165,0.68458223,0.61569405,10.152881622314453,10.101188875734806,0.68458223
2048,227,shuffle,-1,0.1547681,0.35101396,0.9226161,71.90684,0.0628066,0.07062936,0.053871624171733856,0.002178877592086792,0.0628066
2049,227,unrelated,234,0.77380145,1.7549813,0.6130996,72.05628,1.5884149,1.4745967,15.280000686645508,15.22830794006586,1.5884149
2050,227,unrelated_token,234,0.59488404,1.3491968,0.7025582,71.99575,1.1463596,1.0688121,0.2731427252292633,0.22144997864961624,1.1463596
2052,228,paraphrase,-1,0.07673717,0.17403987,0.96163166,71.848274,0.0056650313,0.011107311,0.1677567958831787,0.020823627710342407,0.0056650313
2053,228,translate,-1,0.073478736,0.16664974,0.9632608,71.837906,0.010217559,0.003717184,0.13331404328346252,-0.01361912488937378,0.010217559
2054,228,polarity,-1,0.07942419,0.18013403,0.9602881,71.84336,0.014123039,0.017201468,0.15219822525978088,0.00526505708694458,0.014123039
2055,228,vocab,-1,0.23805575,0.5399103,0.8809723,71.60763,0.32935405,0.37697774,0.12802782654762268,-0.018905341625213623,0.32935405
2056,228,cat,-1,0.3383775,0.76744,0.8308114,71.7237,0.5524266,0.60450745,4.088104248046875,3.9411710798740387,0.5524266
2057,228,shuffle,-1,0.07344819,0.16658045,0.96327627,71.84868,0.0025527976,0.0036478937,0.14797773957252502,0.0010445713996887207,0.0025527976
2058,228,unrelated,179,0.7249616,1.6442125,0.6375196,72.03771,1.4515194,1.48128,2.4001240730285645,2.253190904855728,1.4515194
2059,228,unrelated_token,179,0.652669,1.480253,0.67366576,71.70929,1.2774982,1.3173205,0.281077116727829,0.13414394855499268,1.2774982
2061,229,paraphrase,-1,0.10100491,0.2290791,0.9494977,71.89619,0.004169561,0.012966871,0.04433401674032211,0.004498858004808426,0.004169561
2062,229,translate,-1,0.09959952,0.22589166,0.9502005,71.90308,0.010508295,0.009779438,0.0376165397465229,-0.0022186189889907837,0.010508295
2063,229,polarity,-1,0.100335516,0.22756091,0.9498324,71.91034,0.008833936,0.011448681,0.03249869868159294,-0.007336460053920746,0.008833936
2064,229,vocab,-1,0.17259118,0.39143673,0.91370493,71.81286,0.12512812,0.1753245,0.09344543516635895,0.05361027643084526,0.12512812
2065,229,cat,-1,0.47729874,1.0825133,0.7613509,71.7343,0.81034106,0.8664011,3.3000540733337402,3.2602189145982265,0.81034106
2066,229,shuffle,-1,0.09365107,0.21240059,0.9531746,71.90572,0.0022516914,-0.0037116408,0.0352984182536602,-0.004536740481853485,0.0022516914
2067,229,unrelated,233,0.80951613,1.8359822,0.5952421,71.64245,1.7218434,1.61987,6.431861877441406,6.392026718705893,1.7218434
2068,229,unrelated_token,233,0.7601845,1.7240982,0.6199081,71.63811,1.6089655,1.507986,0.18236644566059113,0.14253128692507744,1.6089655
2070,230,paraphrase,-1,0.10813235,0.24524412,0.9459342,71.60438,0.007506819,0.0012585223,0.05750010162591934,-0.0002506338059902191,0.007506819
2071,230,translate,-1,0.121712446,0.27604377,0.9391442,71.59364,0.022132127,0.03205818,0.05741948261857033,-0.0003312528133392334,0.022132127
2072,230,polarity,-1,0.122427665,0.27766588,0.93878657,71.53333,0.017340839,0.03368029,0.05854620039463043,0.000795464962720871,0.017340839
2073,230,vocab,-1,0.3858419,0.8750893,0.8070794,71.65016,0.5724642,0.6311037,0.06425758451223373,0.006506849080324173,0.5724642
2074,230,cat,-1,0.14836511,0.336492,0.92581785,71.611946,0.12702675,0.09250641,5.855206489562988,5.797455754131079,0.12702675
2075,230,shuffle,-1,0.11046084,0.25052515,0.9447702,71.57494,0.004186602,0.0065395534,0.058078519999980927,0.00032778456807136536,0.004186602
2076,230,unrelated,102,0.8897727,2.0180042,0.55511415,72.1262,1.8002738,1.7740185,4.754674911499023,4.696924176067114,1.8002738
2077,230,unrelated_token,102,0.80285656,1.8208784,0.598572,71.96138,1.5565282,1.5768929,0.0855865627527237,0.027835827320814133,1.5565282
2079,231,paraphrase,-1,0.06495006,0.1473067,0.9675253,71.791626,0.004135701,0.0038846433,0.09573455154895782,-0.012094363570213318,0.004135701
2080,231,translate,-1,0.06590297,0.14946792,0.9670487,71.79701,0.010021069,0.006045863,0.0958499163389206,-0.01197899878025055,0.010021069
2081,231,polarity,-1,0.06747432,0.15303172,0.96626306,71.82187,0.009271093,0.009609669,0.110391765832901,0.0025628507137298584,0.009271093
2082,231,vocab,-1,0.07490393,0.16988207,0.9625482,71.779045,0.044874713,0.026460022,0.10649893432855606,-0.0013299807906150818,0.044874713
2083,231,cat,-1,0.4351161,0.98684317,0.7824424,71.87882,0.88015527,0.8434211,6.011996269226074,5.904167354106903,0.88015527
2084,231,shuffle,-1,0.067507714,0.15310746,0.9662463,71.80555,0.011403447,0.009685412,0.11132156103849411,0.0034926459193229675,0.011403447
2085,231,unrelated,8,0.8294554,1.8812044,0.5852724,71.897255,1.8635899,1.7377824,9.248802185058594,9.140973269939423,1.8635899
2086,231,unrelated_token,8,0.6937832,1.5735,0.6531085,71.78846,1.5597669,1.430078,0.5981250405311584,0.4902961254119873,1.5597669
2088,232,paraphrase,-1,0.06922592,0.15700436,0.96538734,72.03205,0.007882478,0.010416344,0.031142059713602066,0.0014423839747905731,0.007882478
2089,232,translate,-1,0.07341801,0.16651201,0.9632913,72.053764,0.012350026,0.019924,0.019876521080732346,-0.009823154658079147,0.012350026
2090,232,polarity,-1,0.06890122,0.15626793,0.9655498,72.055084,0.005963492,0.0096799135,0.02293594367802143,-0.006763732060790062,0.005963492
2091,232,vocab,-1,0.1405665,0.31880474,0.92971694,71.99255,0.18233772,0.17221673,0.036187801510095596,0.006488125771284103,0.18233772
2092,232,cat,-1,0.3976659,0.9019061,0.80116755,71.96557,0.75576484,0.75531805,10.794610977172852,10.76491130143404,0.75576484
2093,232,shuffle,-1,0.0813686,0.18454395,0.95931596,72.05555,0.030004723,0.03795594,0.026732809841632843,-0.00296686589717865,0.030004723
2094,232,unrelated,252,0.8678018,1.9681741,0.5660994,71.94472,1.8571823,1.8215861,5.422780513763428,5.393080838024616,1.8571823
2095,232,unrelated_token,252,0.73489034,1.666731,0.63255525,71.82515,1.5473547,1.520143,0.5458748936653137,0.5161752179265022,1.5473547
2097,233,paraphrase,-1,0.12083212,0.2740472,0.9395842,71.68165,0.02739475,-0.031361133,0.002211483661085367,0.0008743413491174579,0.02739475
2098,233,translate,-1,0.14525154,0.32943043,0.9273745,71.62831,0.026965044,0.024022102,0.001125905429944396,-0.00021123688202351332,0.026965044
2099,233,polarity,-1,0.11663763,0.2645341,0.9416814,71.6553,0.022391962,-0.040874243,0.002171563683077693,0.0008344213711097836,0.022391962
2100,233,vocab,-1,0.43686476,0.9908091,0.7815677,71.57204,0.85815203,0.6854007,0.010363873094320297,0.009026730782352388,0.85815203
2101,233,cat,-1,0.1761091,0.39941537,0.9119457,71.68575,0.1688707,0.094007045,3.465419292449951,3.4640821501379833,0.1688707
2102,233,shuffle,-1,0.14499933,0.3288584,0.92750055,71.62395,0.0068363277,0.023450077,0.0013962555676698685,5.911325570195913e-05,0.0068363277
2103,233,unrelated,223,0.7436412,1.6865779,0.6281797,71.96954,1.6409357,1.3811696,1.4895168542861938,1.488179711974226,1.6409357
2104,233,unrelated_token,223,0.6914905,1.5683001,0.6542551,71.99162,1.4735966,1.2628918,0.009790249168872833,0.008453106856904924,1.4735966
2106,234,paraphrase,-1,0.15491262,0.35134175,0.9225439,72.050995,0.010854266,0.003163904,0.0004619403334800154,-3.7859048461541533e-05,0.010854266
2107,234,translate,-1,0.14866449,0.337171,0.92566824,72.00017,0.03012439,-0.011006862,0.0002563612360972911,-0.00024343814584426582,0.03012439
2108,234,polarity,-1,0.14557463,0.33016318,0.9272131,72.07176,0.016867332,-0.01801467,0.001738812425173819,0.0012390130432322621,0.016867332
2109,234,vocab,-1,0.20434174,0.46344697,0.8978294,71.89574,0.19305001,0.115269125,0.0016236548544839025,0.0011238554725423455,0.19305001
2110,234,cat,-1,0.4429218,1.0045464,0.77853954,71.99662,0.7992461,0.65636855,2.8753836154937744,2.874883816111833,0.7992461
2111,234,shuffle,-1,0.16202524,0.36747319,0.9189876,72.06717,0.027550852,0.019295335,0.0028484235517680645,0.0023486241698265076,0.027550852
2112,234,unrelated,145,0.8748493,1.9841579,0.5625758,71.86038,1.7473735,1.6359801,3.1234428882598877,3.122943088877946,1.7473735
2113,234,unrelated_token,145,0.80387175,1.8231808,0.5980644,71.89078,1.6135545,1.475003,0.010507112368941307,0.01000731298699975,1.6135545
2115,235,paraphrase,-1,0.07133355,0.16178446,0.9643336,72.03522,0.0071405326,0.015309349,0.07813923060894012,0.01678226888179779,0.0071405326
2116,235,translate,-1,0.06999851,0.15875658,0.9650012,72.04063,0.007934509,0.012281477,0.05792444944381714,-0.0034325122833251953,0.007934509
2117,235,polarity,-1,0.073836856,0.16746196,0.9630821,72.047356,0.0071775587,0.020986855,0.10125965625047684,0.0399026945233345,0.0071775587
2118,235,vocab,-1,0.091357574,0.20719893,0.9543216,72.06624,0.07070902,0.060723826,0.1449006348848343,0.08354367315769196,0.07070902
2119,235,cat,-1,0.48800522,1.1067957,0.7559978,71.90698,1.0022418,0.9603206,2.6945106983184814,2.633153736591339,1.0022418
2120,235,shuffle,-1,0.07449436,0.16895318,0.9627534,72.02394,0.020213343,0.022478074,0.0834733247756958,0.022116363048553467,0.020213343
2121,235,unrelated,172,0.67109925,1.5220528,0.66445076,71.94425,1.3689449,1.3755777,2.4588656425476074,2.397508680820465,1.3689449
2122,235,unrelated_token,172,0.57605827,1.3064998,0.71197146,71.8875,1.1873016,1.1600248,0.6135971546173096,0.5522401928901672,1.1873016
2124,236,paraphrase,-1,0.06956655,0.1577769,0.9652171,72.20259,0.005919918,-0.008983761,0.006211910396814346,-0.0016198055818676949,0.005919918
2125,236,translate,-1,0.0792055,0.17963803,0.9603979,72.21767,0.0057284543,0.01287736,0.007684049196541309,-0.0001476667821407318,0.0057284543
2126,236,polarity,-1,0.0725252,0.16448712,0.96373796,72.235085,0.010901902,-0.0022735447,0.007900401949882507,6.868597120046616e-05,0.010901902
2127,236,vocab,-1,0.10185498,0.23100705,0.94907284,72.1732,0.0826136,0.06424639,0.0068544368259608746,-0.0009772791527211666,0.0826136
2128,236,cat,-1,0.5055083,1.1464926,0.74724615,72.05147,1.1081007,0.9797319,3.545579671859741,3.537747955881059,1.1081007
2129,236,shuffle,-1,0.08587828,0.1947719,0.95706123,72.23812,0.012496575,0.028011233,0.009174467995762825,0.0013427520170807838,0.012496575
2130,236,unrelated,224,0.7489017,1.6985087,0.6255496,72.12833,1.5313321,1.531748,2.281949996948242,2.27411828096956,1.5313321
2131,236,unrelated_token,224,0.7528946,1.7075646,0.62355286,72.24873,1.5082853,1.5408039,0.19220270216464996,0.18437098618596792,1.5082853
2133,237,paraphrase,-1,0.0794078,0.18009686,0.9602966,72.004906,0.0033512856,0.0028742552,0.02084956131875515,-0.0025509782135486603,0.0033512856
2134,237,translate,-1,0.081988886,0.18595076,0.9590057,71.966484,0.009979796,0.008728147,0.023657778277993202,0.0002572387456893921,0.009979796
2135,237,polarity,-1,0.081081145,0.183892,0.9594597,72.03369,0.004819112,0.006669387,0.021130559965968132,-0.002269979566335678,0.004819112
2136,237,vocab,-1,0.08722083,0.1978168,0.95638984,72.00193,0.067131974,0.020594195,0.02937466837465763,0.005974128842353821,0.067131974
2137,237,cat,-1,0.50727934,1.1505094,0.7463606,71.77607,1.1878335,0.97328675,4.935931205749512,4.912530666217208,1.1878335
2138,237,shuffle,-1,0.09649627,0.21885349,0.95175207,72.01182,0.01580271,0.04163088,0.018747705966234207,-0.004652833566069603,0.01580271
2139,237,unrelated,181,0.85744363,1.9446818,0.5712785,71.92827,1.9734881,1.7674592,3.8169045448303223,3.7935040052980185,1.9734881
2140,237,unrelated_token,181,0.7409165,1.6803982,0.629542,71.827484,1.7324619,1.5031756,0.319283127784729,0.2958825882524252,1.7324619
2142,238,paraphrase,-1,0.06395014,0.14503889,0.96802515,71.98238,0.005057134,-0.0015151054,0.048159826546907425,0.007241029292345047,0.005057134
2143,238,translate,-1,0.06810071,0.15445238,0.96595013,71.954185,0.010203825,0.00789839,0.045041847974061966,0.004123050719499588,0.010203825
2144,238,polarity,-1,0.06848012,0.15531288,0.9657604,71.99799,0.010362052,0.008758888,0.04918687790632248,0.008268080651760101,0.010362052
2145,238,vocab,-1,0.09476447,0.21492578,0.95261794,71.97103,0.059654206,0.06837179,0.05130024254322052,0.010381445288658142,0.059654206
2146,238,cat,-1,0.52473605,1.1901011,0.7376322,71.70944,1.0430586,1.0435472,5.587133884429932,5.546215087175369,1.0430586
2147,238,shuffle,-1,0.08881315,0.20142817,0.9555936,71.96302,0.050360437,0.05487418,0.06482218950986862,0.023903392255306244,0.050360437
2148,238,unrelated,96,0.94656676,2.146813,0.52671677,72.1081,2.0540993,2.000259,7.649266719818115,7.608347922563553,2.0540993
2149,238,unrelated_token,96,0.81280965,1.8434519,0.59359545,71.75491,1.711803,1.6968979,0.5229055285453796,0.48198673129081726,1.711803
2151,239,paraphrase,-1,0.053706586,0.12180652,0.97314703,72.22488,0.00795835,0.013652429,0.016875378787517548,0.003809157758951187,0.00795835
2152,239,translate,-1,0.052996885,0.12019691,0.9735019,72.247696,0.0067325714,0.01204282,0.014094393700361252,0.0010281726717948914,0.0067325714
2153,239,polarity,-1,0.04815672,0.10921942,0.97592187,72.25662,0.0032986202,0.0010653287,0.013841463252902031,0.0007752422243356705,0.0032986202
2154,239,vocab,-1,0.101469174,0.23013204,0.94926566,72.20088,0.092578314,0.121977955,0.028620485216379166,0.015554264187812805,0.092578314
2155,239,cat,-1,0.4578573,1.0384202,0.7710716,72.06604,0.9156068,0.93026614,7.358008861541748,7.344942640513182,0.9156068
2156,239,shuffle,-1,0.047725152,0.10824063,0.9761377,72.2492,0.011540966,8.653849e-05,0.0179721899330616,0.004905968904495239,0.011540966
2157,239,unrelated,114,0.695039,1.5763481,0.65248066,72.05462,1.5374547,1.468194,8.752204895019531,8.739138673990965,1.5374547
2158,239,unrelated_token,114,0.6536272,1.4824263,0.67318654,71.97683,1.4471596,1.3742722,0.08123400807380676,0.0681677870452404,1.4471596
2160,240,paraphrase,-1,0.079035744,0.17925303,0.96048254,71.89726,0.008648516,0.00081557035,0.030075421556830406,0.0004919786006212234,0.008648516
2161,240,translate,-1,0.0826803,0.18751888,0.9586601,71.88547,0.011774377,0.009081423,0.029973220080137253,0.00038977712392807007,0.011774377
2162,240,polarity,-1,0.08192547,0.18580692,0.95903766,71.91727,0.0030021651,0.0073694587,0.03349290415644646,0.003909461200237274,0.0030021651
2163,240,vocab,-1,0.1314035,0.2980231,0.9342986,71.87716,0.113124125,0.11958565,0.05917704850435257,0.029593605548143387,0.113124125
2164,240,cat,-1,0.26062098,0.5910883,0.86969006,71.62973,0.5242489,0.41265082,2.802403688430786,2.772820245474577,0.5242489
2165,240,shuffle,-1,0.07993857,0.18130064,0.9600313,71.90957,0.0020641575,0.0028631836,0.02166120521724224,-0.007922237738966942,0.0020641575
2166,240,unrelated,163,0.8834125,2.0035791,0.55829436,71.873604,1.9962974,1.8251417,5.769761085510254,5.740177642554045,1.9962974
2167,240,unrelated_token,163,0.79973364,1.8137956,0.6001336,71.53219,1.7843194,1.6353581,0.05437719449400902,0.024793751537799835,1.7843194
2169,241,paraphrase,-1,0.14983305,0.3398213,0.9250837,72.09579,0.014268939,0.00109905,0.006684185471385717,-0.0008107908070087433,0.014268939
2170,241,translate,-1,0.15136819,0.34330297,0.92431617,72.11962,0.021457832,0.0045807064,0.007500406354665756,5.4300762712955475e-06,0.021457832
2171,241,polarity,-1,0.16679807,0.37829795,0.9166013,72.11083,0.026952261,0.039575696,0.00782649777829647,0.00033152149990200996,0.026952261
2172,241,vocab,-1,0.31076115,0.70480615,0.84461975,71.9236,0.3640216,0.3660839,0.011887888424098492,0.004392912145704031,0.3640216
2173,241,cat,-1,0.22691302,0.5146386,0.88654375,72.037575,0.1659053,0.17591634,0.004552377853542566,-0.0029425984248518944,0.1659053
2174,241,shuffle,-1,0.15119337,0.34290648,0.9244036,72.14059,0.0045783534,0.0041842163,0.006854425184428692,-0.0006405510939657688,0.0045783534
2175,241,unrelated,57,1.0182321,2.30935,0.4908844,72.23508,2.0605526,1.9706278,9.294538497924805,9.28704352164641,2.0605526
2176,241,unrelated_token,57,1.0124514,2.2962394,0.49377483,72.06427,2.0451188,1.9575171,0.020224634557962418,0.012729658279567957,2.0451188
2178,242,paraphrase,-1,0.056727,0.1286568,0.9716367,72.173935,0.016761942,0.03158205,0.00808333232998848,0.0023434944450855255,0.016761942
2179,242,translate,-1,0.051903,0.11771598,0.9740487,72.19134,0.007406653,0.020641223,0.006144494283944368,0.00040465639904141426,0.007406653
2180,242,polarity,-1,0.045337252,0.10282487,0.9773315,72.21346,0.005039681,0.0057501122,0.0056394245475530624,-0.00010041333734989166,0.005039681
2181,242,vocab,-1,0.093530364,0.21212682,0.9532349,72.13158,0.08238353,0.11505207,0.021561546251177788,0.015821708366274834,0.08238353
2182,242,cat,-1,0.4738117,1.0746047,0.7630944,71.91315,1.0358204,0.97753,4.819430828094482,4.8136909902095795,1.0358204
2183,242,shuffle,-1,0.051266335,0.116272025,0.97436696,72.17518,0.026070451,0.01919727,0.011791114695370197,0.006051276810467243,0.026070451
2184,242,unrelated,61,0.8676673,1.967869,0.5661663,72.29781,1.9496641,1.8707943,5.358342170715332,5.352602332830429,1.9496641
2185,242,unrelated_token,61,0.5804654,1.3164952,0.7097675,71.91403,1.2709736,1.2194204,0.14142388105392456,0.1356840431690216,1.2709736
2187,243,paraphrase,-1,0.06231283,0.14132547,0.96884406,72.088585,0.006157679,0.0055490434,0.0014783776132389903,0.0007109454018063843,0.006157679
2188,243,translate,-1,0.078266166,0.17750762,0.9608674,72.093254,0.028097799,0.041731194,0.005045206286013126,0.00427777407458052,0.028097799
2189,243,polarity,-1,0.068102725,0.15445694,0.965949,72.08821,0.010649089,0.018680513,0.0014263419434428215,0.0006589097320102155,0.010649089
2190,243,vocab,-1,0.41153464,0.9333604,0.79423314,71.89865,0.73631495,0.79758394,0.002768285572528839,0.002000853361096233,0.73631495
2191,243,cat,-1,0.41051635,0.9310509,0.79474205,72.028114,0.7850028,0.7952745,1.8956571817398071,1.8948897495283745,0.7850028
2192,243,shuffle,-1,0.073209666,0.1660395,0.9633954,72.07522,0.019968612,0.030263066,0.0016032084822654724,0.0008357762708328664,0.019968612
2193,243,unrelated,40,0.85513765,1.9394518,0.57243145,71.73032,1.7875084,1.8036754,10.266453742980957,10.265686310769524,1.7875084
2194,243,unrelated_token,40,0.64803517,1.4697435,0.6759828,71.98371,1.3025175,1.3339671,0.04901959002017975,0.04825215780874714,1.3025175
2196,244,paraphrase,-1,0.1755607,0.39817157,0.9122199,71.95376,0.029208107,0.023628414,0.06575097143650055,0.008188996464014053,0.029208107
2197,244,translate,-1,0.1755854,0.39822763,0.9122074,71.97143,0.021805756,0.023684472,0.04592731595039368,-0.01163465902209282,0.021805756
2198,244,polarity,-1,0.17868212,0.40525097,0.9106592,71.905014,0.032789703,0.030707806,0.05902417004108429,0.0014621950685977936,0.032789703
2199,244,vocab,-1,0.24376512,0.5528592,0.8781178,71.85943,0.16761877,0.17831603,0.04664531350135803,-0.010916661471128464,0.16761877
2200,244,cat,-1,0.31722134,0.71945786,0.8413898,71.68423,0.41861695,0.3449147,6.495974540710449,6.438412565737963,0.41861695
2201,244,shuffle,-1,0.17695625,0.4013367,0.9115223,71.92641,0.016893059,0.02679354,0.06773167848587036,0.010169703513383865,0.016893059
2202,244,unrelated,85,0.91988164,2.086291,0.5400597,72.03051,1.8945909,1.7117479,7.2388176918029785,7.181255716830492,1.8945909
2203,244,unrelated_token,85,0.8340141,1.8915436,0.5829934,72.22285,1.6123856,1.5170004,0.0809091329574585,0.023347157984972,1.6123856
2205,245,paraphrase,-1,0.078048,0.17701283,0.9609765,72.00262,0.01317722,0.013420612,0.05520905181765556,0.012525040656328201,0.01317722
2206,245,translate,-1,0.07813692,0.1772145,0.96093196,71.978645,0.008570355,0.013622284,0.04813855513930321,0.005454543977975845,0.008570355
2207,245,polarity,-1,0.07475449,0.16954315,0.962623,72.003784,0.0057476973,0.0059509277,0.05070944130420685,0.008025430142879486,0.0057476973
2208,245,vocab,-1,0.13983436,0.31714427,0.93008304,72.02021,0.1171478,0.15355206,0.03873945027589798,-0.003944560885429382,0.1171478
2209,245,cat,-1,0.32146224,0.7290762,0.8392692,72.02353,0.6452596,0.565484,7.219621658325195,7.176937647163868,0.6452596
2210,245,shuffle,-1,0.0879966,0.19957626,0.9560021,72.0852,0.047345158,0.03598404,0.03258083388209343,-0.010103177279233932,0.047345158
2211,245,unrelated,178,0.82277125,1.8660449,0.58861506,71.903534,1.7851734,1.7024527,10.081767082214355,10.039083071053028,1.7851734
2212,245,unrelated_token,178,0.76107395,1.7261153,0.61946344,72.00936,1.5537837,1.5625231,0.39376333355903625,0.3510793223977089,1.5537837
2214,246,paraphrase,-1,0.0775442,0.17587021,0.9612283,72.01558,0.005580059,0.0023201406,0.02686448022723198,-0.00529094785451889,0.005580059
2215,246,translate,-1,0.07836879,0.17774038,0.96081614,72.03706,0.008190645,0.004190311,0.021083805710077286,-0.011071622371673584,0.008190645
2216,246,polarity,-1,0.077973485,0.17684382,0.9610138,72.04591,0.0023404772,0.0032937527,0.02803669683635235,-0.004118731245398521,0.0023404772
2217,246,vocab,-1,0.086225055,0.19555838,0.9568879,72.01763,0.03479913,0.022008315,0.019164305180311203,-0.012991122901439667,0.03479913
2218,246,cat,-1,0.46481496,1.0542002,0.767593,71.73648,0.8742606,0.8806501,1.844421625137329,1.8122661970555782,0.8742606
2219,246,shuffle,-1,0.09082995,0.2060023,0.9545855,72.01457,0.019612202,0.032452226,0.04728838428854942,0.015132956206798553,0.019612202
2220,246,unrelated,49,0.72556007,1.6455699,0.6372205,71.80059,1.4676087,1.4720199,0.6253015398979187,0.5931461118161678,1.4676087
2221,246,unrelated_token,49,0.60736656,1.3775071,0.6963169,71.858925,1.2169394,1.2039571,0.2050039917230606,0.17284856364130974,1.2169394
2223,247,paraphrase,-1,0.079806216,0.18100046,0.9600972,71.73212,0.013208754,0.01455836,0.011442594230175018,0.0022141262888908386,0.013208754
2224,247,translate,-1,0.078000456,0.176905,0.96100026,71.79137,0.011194046,0.01046291,0.00907268188893795,-0.00015578605234622955,0.011194046
2225,247,polarity,-1,0.07932485,0.17990872,0.960338,71.79016,0.007853964,0.013466626,0.014416106045246124,0.005187638103961945,0.007853964
2226,247,vocab,-1,0.19239391,0.4363493,0.90380347,71.89938,0.278765,0.2699072,0.031113434582948685,0.021884966641664505,0.278765
2227,247,cat,-1,0.46473423,1.0540171,0.7676333,71.769,0.8943433,0.887575,0.4569680094718933,0.44773954153060913,0.8943433
2228,247,shuffle,-1,0.08060162,0.18280444,0.95969975,71.76615,0.013435043,0.01636234,0.017024271190166473,0.007795803248882294,0.013435043
2229,247,unrelated,152,0.8301484,1.8827761,0.58492637,72.04984,1.7276846,1.7163341,6.045648574829102,6.036420106887817,1.7276846
2230,247,unrelated_token,152,0.6909258,1.5670193,0.65453756,71.92853,1.390029,1.4005773,0.10251030325889587,0.0932818353176117,1.390029
2232,248,paraphrase,-1,0.08342933,0.18921769,0.9582857,71.97891,0.011132352,0.005138248,0.025205813348293304,0.00819033570587635,0.011132352
2233,248,translate,-1,0.084025376,0.19056952,0.95798767,71.98381,0.027202245,0.0064900815,0.017144091427326202,0.00012861378490924835,0.027202245
2234,248,polarity,-1,0.08530467,0.19347095,0.957348,71.998764,0.015312529,0.009391516,0.017953980714082718,0.0009385030716657639,0.015312529
2235,248,vocab,-1,0.40504962,0.91865236,0.7974758,71.78554,0.72554225,0.7345729,0.030595360323786736,0.013579882681369781,0.72554225
2236,248,cat,-1,0.256473,0.58168066,0.87176406,71.99627,0.38226575,0.39760122,15.186814308166504,15.169798830524087,0.38226575
2237,248,shuffle,-1,0.08507831,0.19295757,0.9574614,71.98196,0.01792261,0.008878127,0.017101440578699112,8.59629362821579e-05,0.01792261
2238,248,unrelated,0,0.67416906,1.5290152,0.66291577,72.08538,1.3716673,1.3449358,0.18171945214271545,0.1647039745002985,1.3716673
2239,248,unrelated_token,0,0.6690082,1.5173103,0.66549623,72.12161,1.3431762,1.3332309,0.04408852010965347,0.02707304246723652,1.3431762
2241,249,paraphrase,-1,0.08678655,0.19683187,0.95660734,71.90727,0.009274705,0.011649877,0.0038599844556301832,-0.0021190897095948458,0.009274705
2242,249,translate,-1,0.090315476,0.20483546,0.95484275,71.91114,0.011692062,0.01965347,0.005827473010867834,-0.0001516011543571949,0.011692062
2243,249,polarity,-1,0.08405589,0.19063872,0.9579726,71.92572,0.00330064,0.0054567307,0.006097125820815563,0.00011805165559053421,0.00330064
2244,249,vocab,-1,0.1411535,0.32013607,0.92942363,71.813126,0.13287774,0.13495408,0.009187341667711735,0.0032082675024867058,0.13287774
2245,249,cat,-1,0.47020736,1.0664301,0.7648967,71.79081,0.8879559,0.8812481,4.380862712860107,4.374883638694882,0.8879559
2246,249,shuffle,-1,0.08232292,0.18670835,0.9588388,71.919266,0.02245054,0.0015263557,0.007051375228911638,0.0010723010636866093,0.02245054
2247,249,unrelated,20,1.2307532,2.7913477,0.38462391,72.194,2.6404433,2.6061656,7.178516864776611,7.172537790611386,2.6404433
2248,249,unrelated_token,20,0.9484695,2.1511285,0.5257659,71.701706,1.968463,1.9659466,0.21492020785808563,0.2089411336928606,1.968463
2250,250,paraphrase,-1,0.09358896,0.21225972,0.95320565,71.93673,0.008914352,0.0053423047,0.04347917065024376,-0.0011858753859996796,0.008914352
2251,250,translate,-1,0.097457334,0.22103319,0.9512716,71.94497,0.010498992,0.014115766,0.042947571724653244,-0.0017174743115901947,0.010498992
2252,250,polarity,-1,0.09792876,0.22210239,0.9510361,71.96095,0.008657306,0.015184969,0.050838783383369446,0.006173737347126007,0.008657306
2253,250,vocab,-1,0.13429128,0.30457255,0.9328547,71.90736,0.11867569,0.09765513,0.04929542541503906,0.004630379378795624,0.11867569
2254,250,cat,-1,0.40471348,0.91789,0.79764354,71.92629,0.7787833,0.7109726,4.443312168121338,4.3986471220850945,0.7787833
2255,250,shuffle,-1,0.09472587,0.21483824,0.9526373,71.94524,0.005637977,0.007920817,0.047270070761442184,0.0026050247251987457,0.005637977
2256,250,unrelated,166,0.62692887,1.4218744,0.68653595,71.996994,1.3494734,1.214957,4.61300802230835,4.568342976272106,1.3494734
2257,250,unrelated_token,166,0.5628952,1.276646,0.71855277,71.97925,1.1969571,1.0697286,0.13105568289756775,0.08639063686132431,1.1969571
2259,251,paraphrase,-1,0.1272282,0.2885535,0.93638635,71.87275,0.011722857,0.0070879757,0.048340022563934326,-0.000138893723487854,0.011722857
2260,251,translate,-1,0.12567702,0.28503543,0.93716174,71.855606,0.012020783,0.003569901,0.07181162387132645,0.023332707583904266,0.012020783
2261,251,polarity,-1,0.12587188,0.28547737,0.9370645,71.907196,0.0077310605,0.0040118396,0.05881443992257118,0.010335523635149002,0.0077310605
2262,251,vocab,-1,0.19692746,0.4466314,0.9015365,71.87623,0.15364255,0.16516587,0.10163184255361557,0.05315292626619339,0.15364255
2263,251,cat,-1,0.33466727,0.7590252,0.83266664,71.78762,0.54443276,0.4775597,5.693221092224121,5.644742175936699,0.54443276
2264,251,shuffle,-1,0.13667968,0.30998945,0.9316605,71.86926,0.021171333,0.028523922,0.06910012662410736,0.02062121033668518,0.021171333
2265,251,unrelated,212,0.95380306,2.163225,0.5230988,72.37022,1.9984537,1.8817594,4.106944561004639,4.0584656447172165,1.9984537
2266,251,unrelated_token,212,0.6307482,1.4305366,0.6846264,72.18409,1.2020774,1.1490711,0.4576583504676819,0.4091794341802597,1.2020774
2268,252,paraphrase,-1,0.079190984,0.17960511,0.96040505,71.90578,0.0065598176,0.00943777,0.0349840484559536,0.002601791173219681,0.0065598176
2269,252,translate,-1,0.07656868,0.17365773,0.96171635,71.93828,0.009685977,0.0034903884,0.038688626140356064,0.006306368857622147,0.009685977
2270,252,polarity,-1,0.07776816,0.17637816,0.9611163,71.95307,0.006580248,0.006210819,0.040758803486824036,0.008376546204090118,0.006580248
2271,252,vocab,-1,0.56695485,1.2858534,0.71652305,71.66986,1.0304699,1.115686,0.2559226453304291,0.22354038804769516,1.0304699
2272,252,cat,-1,0.2436213,0.55253303,0.8781899,71.84603,0.35858166,0.3823657,3.846545457839966,3.814163200557232,0.35858166
2273,252,shuffle,-1,0.07486619,0.16979648,0.9625673,71.94398,0.0012786681,-0.0003708601,0.04577837884426117,0.013396121561527252,0.0012786681
2274,252,unrelated,106,1.0632983,2.41156,0.46835148,71.89376,2.1662927,2.2413926,3.4184422492980957,3.386059992015362,2.1662927
2275,252,unrelated_token,106,0.97767174,2.217359,0.51116455,71.924416,1.9974601,2.0471916,0.4584515392780304,0.4260692819952965,1.9974601
2277,253,paraphrase,-1,0.10224718,0.23189655,0.94887686,71.904274,0.023712464,0.0064501315,0.023264924064278603,0.00849087443202734,0.023712464
2278,253,translate,-1,0.10106337,0.22921167,0.94946885,71.93925,0.013983122,0.0037652552,0.024097708985209465,0.009323659352958202,0.013983122
2279,253,polarity,-1,0.10462227,0.23728326,0.9476891,71.95004,0.010340781,0.011836842,0.01471411157399416,-5.9938058257102966e-05,0.010340781
2280,253,vocab,-1,0.14989449,0.33996063,0.925053,71.81455,0.1870576,0.11451422,0.002157585695385933,-0.01261646393686533,0.1870576
2281,253,cat,-1,0.2778494,0.63016236,0.8610756,71.89228,0.4127296,0.40471596,3.0780372619628906,3.0632632123306394,0.4127296
2282,253,shuffle,-1,0.13866183,0.31448498,0.93066937,71.86072,0.117179446,0.089038566,0.028438124805688858,0.013664075173437595,0.117179446
2283,253,unrelated,191,0.8048978,1.8255078,0.5975512,71.81527,1.6911408,1.6000613,6.850765228271484,6.835991178639233,1.6911408
2284,253,unrelated_token,191,0.7004575,1.5886374,0.6497716,71.80834,1.4853644,1.3631909,0.0380743145942688,0.023300264962017536,1.4853644
2286,254,paraphrase,-1,0.067675985,0.1534891,0.9661624,71.90447,0.008203244,0.012622774,0.020009728148579597,-0.0022874101996421814,0.008203244
2287,254,translate,-1,0.06820047,0.15467863,0.96590024,71.90005,0.010884056,0.013812304,0.015582459978759289,-0.00671467836946249,0.010884056
2288,254,polarity,-1,0.061005555,0.13836057,0.9694978,71.932045,0.004872263,-0.0025057495,0.01595037430524826,-0.006346764042973518,0.004872263
2289,254,vocab,-1,0.10662756,0.24183126,0.9466865,71.845,0.10471824,0.10096493,0.015521951019763947,-0.006775187328457832,0.10471824
2290,254,cat,-1,0.45258155,1.0264548,0.77370936,71.84043,0.94025904,0.88558847,3.5337679386138916,3.51147080026567,0.94025904
2291,254,shuffle,-1,0.060252,0.1366515,0.96987456,71.94636,0.010818473,-0.0042148232,0.016875553876161575,-0.0054215844720602036,0.010818473
2292,254,unrelated,99,0.8168869,1.8526992,0.59155685,72.03642,1.7530843,1.7118329,0.8291370272636414,0.8068398889154196,1.7530843
2293,254,unrelated_token,99,0.7306198,1.6570454,0.6346905,71.8642,1.5675569,1.5161791,0.09779798239469528,0.0755008440464735,1.5675569
2295,255,paraphrase,-1,0.0938591,0.2128724,0.9530708,71.761986,0.0076628267,0.015599221,0.07233506441116333,0.014573495835065842,0.0076628267
2296,255,translate,-1,0.10010431,0.22703654,0.949948,71.73844,0.026965791,0.029763356,0.10480803996324539,0.0470464713871479,0.026965791
2297,255,polarity,-1,0.091177404,0.20679031,0.9544117,71.8023,0.009147123,0.009517133,0.050739992409944534,-0.007021576166152954,0.009147123
2298,255,vocab,-1,0.16550818,0.37537247,0.9172463,71.82225,0.16462936,0.17809929,0.14701339602470398,0.08925182744860649,0.16462936
2299,255,cat,-1,0.43339682,0.9829438,0.7833019,71.889404,0.8375828,0.7856706,5.817646503448486,5.759884934872389,0.8375828
2300,255,shuffle,-1,0.121571325,0.2757237,0.9392145,71.79961,0.06016751,0.078450516,0.08051957935094833,0.022758010774850845,0.06016751
2301,255,unrelated,158,0.7963054,1.8060204,0.60184765,71.961205,1.7010773,1.6087472,4.975461959838867,4.91770039126277,1.7010773
2302,255,unrelated_token,158,0.6320504,1.43349,0.6839752,71.815384,1.3228263,1.2362169,0.7003723978996277,0.6426108293235302,1.3228263
2303,0,resample,1,0.067283854,0.15259975,0.9663585,72.03695,0.063341826,-0.019186914,0.009213309735059738,-0.02034251019358635,0.063341826
2304,1,resample,1,0.10995557,0.24937919,0.94502264,71.8987,0.061717026,0.047270194,0.1281324326992035,0.04837183654308319,0.061717026
2305,2,resample,1,0.07274113,0.16497685,0.9636297,71.99069,0.08021965,-0.041714534,0.03060595877468586,-0.007420683279633522,0.08021965
2306,3,resample,1,0.09387605,0.21291083,0.9530622,72.02737,0.06252682,-0.06888446,0.042191363871097565,-0.029523566365242004,0.06252682
2307,4,resample,1,0.0988819,0.2242641,0.9505595,71.893456,0.09035448,-0.0056414455,0.007857169955968857,0.0013953344896435738,0.09035448
2308,5,resample,1,0.1712381,0.38836792,0.91438127,71.90996,0.0617946,0.018745214,0.06068805605173111,0.033755164593458176,0.0617946
2309,6,resample,1,0.044227555,0.100308076,0.9778863,71.90622,0.030137846,0.013805196,0.005622508469969034,0.003001709468662739,0.030137846
2310,7,resample,1,0.0901096,0.20436853,0.95494556,71.906525,0.18150367,-0.068142116,0.003040874842554331,-0.0911224908195436,0.18150367
2311,8,resample,1,0.14170289,0.3213821,0.92914903,71.88875,0.091987155,-0.0038057566,0.016022110357880592,0.015008001471869648,0.091987155
2312,9,resample,1,0.082100704,0.18620436,0.9589498,71.76018,0.084543794,0.014352933,0.011339470744132996,-0.0008352305740118027,0.084543794
2313,10,resample,1,0.17905335,0.4060929,0.9104736,71.77613,0.175631,-0.08475658,0.0067687625996768475,-0.002579005900770426,0.175631
2314,11,resample,1,0.07446291,0.16888185,0.962769,72.14709,0.04454848,0.012062177,0.11309240013360977,-0.05927120894193649,0.04454848
2315,12,resample,1,0.067573376,0.15325639,0.9662134,72.097176,0.03792866,-0.01073283,0.006987137719988823,-0.010884368792176247,0.03792866
2316,13,resample,1,0.10989003,0.24923053,0.9450551,71.813286,0.07436252,0.022237718,0.008309494704008102,-0.005823910236358643,0.07436252
2317,14,resample,1,0.05711655,0.12954031,0.97144204,72.01043,0.03758222,0.021536537,0.0724220797419548,0.04054359719157219,0.03758222
2318,15,resample,1,0.06351476,0.14405145,0.9682427,72.00333,0.03735767,0.00074595213,0.003701398614794016,0.002629677881486714,0.03735767
2319,16,resample,1,0.102512956,0.23249933,0.948744,72.07724,0.05204201,-0.012215927,0.001507461303845048,-1.9731000065803528e-05,0.05204201
2320,17,resample,1,0.09246763,0.20971654,0.95376664,71.98968,0.09956883,0.049622014,0.026611780747771263,-0.01215713657438755,0.09956883
2321,18,resample,1,0.037976164,0.086129926,0.98101217,72.102486,0.034381703,-0.010832533,0.004697659984230995,-0.005842972546815872,0.034381703
2322,19,resample,1,0.124411404,0.28216502,0.9377947,71.948685,0.08320274,0.03645864,0.0043959286995232105,0.0006736600771546364,0.08320274
2323,20,resample,1,0.25501114,0.57836515,0.8724948,71.86139,0.2226548,0.17019624,0.14274656772613525,0.07954395562410355,0.2226548
2324,21,resample,1,0.13172206,0.29874557,0.93413925,71.759346,0.04972114,-0.037400126,0.031473707407712936,0.000888872891664505,0.04972114
2325,22,resample,1,0.05781153,0.13111652,0.97109425,72.02447,0.03819609,-0.04273908,0.07551582157611847,-0.016515962779521942,0.03819609
2326,23,resample,1,0.15702516,0.35613298,0.9214877,71.8667,0.1923682,-0.043518722,0.11262955516576767,-0.03434104472398758,0.1923682
2327,24,resample,1,0.06768694,0.15351394,0.96615696,72.12533,0.053495217,0.0029955357,0.008954177610576153,0.008556209679227322,0.053495217
2328,25,resample,1,0.14334482,0.325106,0.9283279,71.97368,0.099032424,0.044905633,0.006571829319000244,8.695386350154877e-05,0.099032424
2329,26,resample,1,0.09218927,0.20908521,0.9539056,71.80475,0.04787144,0.03821948,0.022236527875065804,0.012727473862469196,0.04787144
2330,27,resample,1,0.16796964,0.38095507,0.91601574,72.03979,0.054926816,0.05363372,0.10248293727636337,-0.010617196559906006,0.054926816
2331,28,resample,1,0.0612392,0.13889048,0.9693805,71.91106,0.03505219,-0.021058425,0.0015068119391798973,-0.007989228703081608,0.03505219
2332,29,resample,1,0.06160056,0.13971004,0.9692004,71.858955,0.025246682,-0.005537778,0.023167960345745087,0.014523562043905258,0.025246682
2333,30,resample,1,0.104506336,0.23702033,0.94774735,72.089966,0.0518596,0.013856575,0.4337916374206543,0.15338167548179626,0.0518596
2334,31,resample,1,0.27212772,0.61718553,0.8639362,71.76787,0.09582257,0.09242761,0.00842684879899025,0.0056733491364866495,0.09582257
2335,32,resample,1,0.059280854,0.13444895,0.9703602,71.986725,0.06572334,-0.0029437095,0.026471169665455818,0.004310863092541695,0.06572334
2336,33,resample,1,0.09675946,0.21945041,0.9516206,72.34321,0.052365452,0.05131045,0.005664682015776634,0.0016689230687916279,0.052365452
2337,34,resample,1,0.2413561,0.5473955,0.8793224,71.608055,0.06186476,-0.0047796965,0.011640192940831184,0.00045191124081611633,0.06186476
2338,35,resample,1,0.043909796,0.099587396,0.9780456,71.959526,0.036499333,-0.0025937855,0.015887144953012466,-0.0005114823579788208,0.036499333
2339,36,resample,1,0.07952077,0.18035308,0.96023995,72.068756,0.032208197,0.0035712123,0.030789190903306007,-0.00936511717736721,0.032208197
2340,37,resample,1,0.048510425,0.11002162,0.9757452,72.03989,0.023859052,-0.0008954406,0.037277646362781525,0.024700015783309937,0.023859052
2341,38,resample,1,0.12932758,0.2933149,0.93533653,71.920654,0.051892925,-0.03234771,0.03034374862909317,-0.024700727313756943,0.051892925
2342,39,resample,1,0.04395353,0.099686585,0.97802365,72.15769,0.042183824,-0.006654814,0.015841662883758545,-0.025913778692483902,0.042183824
2343,40,resample,1,0.05827251,0.13216203,0.970864,71.72789,0.031430606,0.009082548,0.041537120938301086,0.027955785393714905,0.031430606
2344,41,resample,1,0.0959201,0.21754675,0.95203984,71.79673,0.048159957,0.0014754534,0.021236825734376907,-0.003989128395915031,0.048159957
2345,42,resample,1,0.05599141,0.1269885,0.9720045,71.97836,0.02998048,-0.01553975,0.006515469402074814,-0.0006876490078866482,0.02998048
2346,43,resample,1,0.074708715,0.16943933,0.9626462,71.99743,0.058501903,-0.040579796,0.009042177349328995,-0.007222207263112068,0.058501903
2347,44,resample,1,0.13698986,0.31069294,0.9315054,71.95029,0.13366212,0.03690946,0.01758740097284317,0.007929678075015545,0.13366212
2348,45,resample,1,0.05971538,0.13543445,0.9701426,71.92735,0.03932211,0.0035949796,0.015660762786865234,-0.001401469111442566,0.03932211
2349,46,resample,1,0.13876799,0.31472573,0.93061596,71.93393,0.10139794,-0.024805695,0.019582482054829597,0.003362322226166725,0.10139794
2350,47,resample,1,0.07016073,0.15912451,0.9649199,71.86579,0.04502754,-0.015753224,0.028906621038913727,0.011219780892133713,0.04502754
2351,48,resample,1,0.09896942,0.2244626,0.95051557,71.98962,0.052507907,-0.010527819,0.007960342802107334,-0.005026473663747311,0.052507907
2352,49,resample,1,0.09694418,0.21986936,0.9515281,71.84901,0.044817116,0.0069324374,0.045077964663505554,-0.017521485686302185,0.044817116
2353,50,resample,1,0.08445004,0.19153264,0.95777553,71.949776,0.038325254,-0.0035553128,0.003523940220475197,0.00018242932856082916,0.038325254
2354,51,resample,1,0.1849735,0.4195198,0.90751344,71.897644,0.07075336,-0.021680325,0.0037106340751051903,0.002735194517299533,0.07075336
2355,52,resample,1,0.091354825,0.2071927,0.95432323,72.029495,0.07356151,0.018548504,0.05189070850610733,0.004815317690372467,0.07356151
2356,53,resample,1,0.13088618,0.29684982,0.9345572,71.96078,0.08541019,0.022561163,0.009323541074991226,0.0006651133298873901,0.08541019
2357,54,resample,1,0.050358187,0.11421235,0.97482127,71.73835,0.024035232,-0.0046261325,0.011272644624114037,-0.03727803938090801,0.024035232
2358,55,resample,1,0.074979305,0.17005304,0.9625107,71.95614,0.055269595,0.013692692,0.017706887796521187,0.015407526632770896,0.055269595
2359,56,resample,1,0.07682129,0.17423065,0.96158946,72.0564,0.039599035,-0.02253449,0.10861007869243622,-0.05175793170928955,0.039599035
2360,57,resample,1,0.07687401,0.17435022,0.9615636,72.351006,0.11333349,-0.0803238,0.010029604658484459,-0.025462890043854713,0.11333349
2361,58,resample,1,0.054022003,0.12252188,0.9729893,71.865395,0.05921894,-0.014523968,0.009504237212240696,-0.013963189907371998,0.05921894
2362,59,resample,1,0.102727875,0.23298678,0.94863665,71.86416,0.055639096,0.05047685,0.021195240318775177,0.0015110466629266739,0.055639096
2363,60,resample,1,0.06754214,0.15318555,0.9662292,71.8628,0.049772445,-0.015253186,0.017691774293780327,-0.011282576248049736,0.049772445
2364,61,resample,1,0.07493161,0.16994485,0.9625344,72.27968,0.05341786,-0.015449151,0.04695199057459831,0.0008800067007541656,0.05341786
2365,62,resample,1,0.08263794,0.18742281,0.9586814,72.129845,0.04367562,-0.008832827,0.342328816652298,0.0960911214351654,0.04367562
2366,63,resample,1,0.049724925,0.11277611,0.97513807,72.0359,0.04282866,-0.008437179,0.021418824791908264,0.014434878248721361,0.04282866
2367,0,resample,2,0.0795892,0.18050827,0.96020573,72.03483,0.06548389,0.008721605,0.025005247443914413,-0.004550572484731674,0.06548389
2368,1,resample,2,0.08323367,0.18877393,0.9583838,71.95368,0.06346915,-0.013335064,0.06342791765928268,-0.016332678496837616,0.06346915
2369,2,resample,2,0.08265766,0.18746753,0.95867145,71.94568,0.04830531,-0.019223854,0.02491190657019615,-0.01311473548412323,0.04830531
2370,3,resample,2,0.0941575,0.21354917,0.9529217,71.992744,0.08531112,-0.068246126,0.04828253015875816,-0.023432400077581406,0.08531112
2371,4,resample,2,0.09586736,0.21742712,0.9520666,71.915695,0.061389964,-0.012478426,0.00451534753665328,-0.0019464879296720028,0.061389964
2372,5,resample,2,0.16419736,0.37239954,0.9179015,71.897224,0.080432825,0.0027768314,0.0710948258638382,0.04416193440556526,0.080432825
2373,6,resample,2,0.04233012,0.096004695,0.9788353,71.91574,0.020870322,0.009501815,0.0058253915049135685,0.003204592503607273,0.020870322
2374,7,resample,2,0.11861535,0.26901957,0.9406926,71.78846,0.07846274,-0.0034910738,0.10828925669193268,0.014125891029834747,0.07846274
2375,8,resample,2,0.15951313,0.3617757,0.9202441,71.838425,0.07378413,0.036587834,0.002089735586196184,0.0010756267001852393,0.07378413
2376,9,resample,2,0.074550204,0.16907983,0.96272504,71.786064,0.10173997,-0.002771601,0.010686978697776794,-0.0014877226203680038,0.10173997
2377,10,resample,2,0.20908034,0.4741941,0.89546025,71.75348,0.116597444,-0.016655385,0.00455430056899786,-0.004793467931449413,0.116597444
2378,11,resample,2,0.069008805,0.15651193,0.9654962,72.1287,0.046466578,-0.00030773878,0.0833519995212555,-0.08901160955429077,0.046466578
2379,12,resample,2,0.056773365,0.12876196,0.97161365,72.15082,0.030651215,-0.035227254,0.01919734850525856,0.0013258419930934906,0.030651215
2380,13,resample,2,0.11131313,0.25245813,0.9443436,71.775604,0.067886874,0.02546531,0.004005527123808861,-0.010127877816557884,0.067886874
2381,14,resample,2,0.05003948,0.11348952,0.9749807,71.949844,0.028603187,0.0054857507,0.06117638200521469,0.029297899454832077,0.028603187
2382,15,resample,2,0.06414668,0.14548464,0.9679266,71.97743,0.040820837,0.0021791458,0.008603612892329693,0.007531892159022391,0.040820837
2383,16,resample,2,0.11184609,0.25366688,0.94407743,72.04038,0.06460707,0.008951619,0.0011816569603979588,-0.0003455353435128927,0.06460707
2384,17,resample,2,0.08708587,0.19751072,0.95645744,72.080505,0.050660968,0.03741619,0.09767899662256241,0.058910079300403595,0.050660968
2385,18,resample,2,0.042552106,0.09650816,0.97872424,72.10314,0.030129824,-0.00045429915,0.003904459998011589,-0.006636172533035278,0.030129824
2386,19,resample,2,0.13858925,0.31432036,0.9307056,71.96667,0.08768493,0.068613976,0.0014476266223937273,-0.002274641999974847,0.08768493
2387,20,resample,2,0.2152216,0.4881225,0.89238966,72.10166,0.17322333,0.07995358,0.29597043991088867,0.23276782780885696,0.17322333
2388,21,resample,2,0.1630741,0.369852,0.9184632,71.79967,0.053384844,0.033706307,0.03422243148088455,0.0036375969648361206,0.053384844
2389,22,resample,2,0.079502426,0.18031147,0.9602489,72.00488,0.04359455,0.0064558685,0.01744093745946884,-0.07459084689617157,0.04359455
2390,23,resample,2,0.15626146,0.35440093,0.92186964,71.96749,0.1425201,-0.045250773,0.32014694809913635,0.1731763482093811,0.1425201
2391,24,resample,2,0.06866641,0.15573539,0.9656673,72.05845,0.054005347,0.005216986,0.0035421685315668583,0.003144200600218028,0.054005347
2392,25,resample,2,0.12172494,0.2760721,0.93913764,71.988464,0.04966731,-0.0041282475,0.008398600853979588,0.0019137253984808922,0.04966731
2393,26,resample,2,0.086576365,0.19635516,0.9567122,71.79864,0.048062433,0.025489435,0.018981412053108215,0.009472358040511608,0.048062433
2394,27,resample,2,0.14475116,0.32829556,0.92762476,71.99546,0.05907184,0.0009742081,0.09403564035892487,-0.019064493477344513,0.05907184
2395,28,resample,2,0.0668517,0.15161963,0.96657467,71.89652,0.035363104,-0.008329272,0.002065487438812852,-0.007430553203448653,0.035363104
2396,29,resample,2,0.09584578,0.21737818,0.95207745,71.76107,0.07772433,0.07213037,0.8120040893554688,0.8033596910536289,0.07772433
2397,30,resample,2,0.1023396,0.23210618,0.94883066,72.06396,0.054510813,0.008942425,0.24905754625797272,-0.031352415680885315,0.054510813
2398,31,resample,2,0.2516506,0.57074344,0.8741748,71.7287,0.09237397,0.04598552,0.010807402431964874,0.008053902769461274,0.09237397
2399,32,resample,2,0.060246013,0.13663793,0.9698778,71.945595,0.039644808,-0.0007547289,0.05199361965060234,0.029833313077688217,0.039644808
2400,33,resample,2,0.08004832,0.18154956,0.9599764,72.22718,0.054642152,0.0134096,0.005944531410932541,0.0019487724639475346,0.054642152
2401,34,resample,2,0.22893849,0.5192324,0.8855311,71.49355,0.14874619,-0.03294283,0.0048034219071269035,-0.0063848597928881645,0.14874619
2402,35,resample,2,0.04684328,0.10624053,0.9765785,71.922806,0.049696498,0.004059352,0.01895175129175186,0.0025531239807605743,0.049696498
2403,36,resample,2,0.06463847,0.14660002,0.96768105,72.06001,0.055564806,-0.03018184,0.03253280371427536,-0.007621504366397858,0.055564806
2404,37,resample,2,0.054442324,0.123475164,0.97277945,72.08045,0.039594363,0.012558103,0.03785973787307739,0.025282107293605804,0.039594363
2405,38,resample,2,0.16414419,0.37227896,0.91792816,71.88248,0.065956116,0.046616346,0.07043943554162979,0.015394959598779678,0.065956116
2406,39,resample,2,0.050027512,0.11346237,0.97498655,72.16356,0.052581258,0.0071209744,0.017490990459918976,-0.02426445111632347,0.052581258
2407,40,resample,2,0.055044405,0.124840684,0.9724781,71.720276,0.02801312,0.001761198,0.024720177054405212,0.01113884150981903,0.02801312
2408,41,resample,2,0.09450435,0.21433581,0.9527478,71.87232,0.055880867,-0.0017354786,0.025501789525151253,0.00027583539485931396,0.055880867
2409,42,resample,2,0.0540766,0.122645706,0.9729617,71.95707,0.070646614,-0.019882545,0.002856805920600891,-0.004346312489360571,0.070646614
2410,43,resample,2,0.08871882,0.20121424,0.955641,72.02494,0.07541865,-0.0088048875,0.024409644305706024,0.008145259693264961,0.07541865
2411,44,resample,2,0.11981046,0.27173007,0.9400951,72.055786,0.07277314,-0.0020534098,0.016493937000632286,0.006836214102804661,0.07277314
2412,45,resample,2,0.061820645,0.1402092,0.9690901,71.943924,0.07421072,0.008369729,0.026529816910624504,0.009467585012316704,0.07421072
2413,46,resample,2,0.18287136,0.41475216,0.90856445,72.00222,0.26339155,0.075220734,0.020509023219347,0.004288863390684128,0.26339155
2414,47,resample,2,0.068696715,0.15580411,0.96565175,71.77515,0.04581834,-0.01907362,0.01337418146431446,-0.004312658682465553,0.04581834
2415,48,resample,2,0.101337,0.22983228,0.94933176,72.00197,0.04337848,-0.0051581413,0.009079859592020512,-0.003906956873834133,0.04337848
2416,49,resample,2,0.07657604,0.17367442,0.9617121,71.8202,0.048565846,-0.039262503,0.028337080031633377,-0.03426237031817436,0.048565846
2417,50,resample,2,0.08319684,0.1886904,0.9584021,71.9627,0.05787122,-0.0063975602,0.0058936383575201035,0.0025521274656057358,0.05787122
2418,51,resample,2,0.21036115,0.477099,0.89481974,71.990036,0.061708577,0.035898864,0.0003741281107068062,-0.0006013114470988512,0.061708577
2419,52,resample,2,0.08787142,0.19929233,0.9560647,72.08595,0.04884953,0.010648131,0.038355715572834015,-0.008719675242900848,0.04884953
2420,53,resample,2,0.1558977,0.35357592,0.9220513,71.95873,0.07313274,0.07928726,0.015976930037140846,0.00731850229203701,0.07313274
2421,54,resample,2,0.0810218,0.18375741,0.9594892,71.752266,0.091312855,0.06491893,0.0258498452603817,-0.02270083874464035,0.091312855
2422,55,resample,2,0.048542786,0.11009502,0.9757289,72.02838,0.06214086,-0.046265326,0.0021376856602728367,-0.00016167550347745419,0.06214086
2423,56,resample,2,0.09747858,0.22108139,0.9512607,72.016396,0.044299036,0.024316251,0.2592877149581909,0.09891970455646515,0.044299036
2424,57,resample,2,0.07447226,0.16890307,0.9627643,72.321915,0.1064734,-0.08577095,0.011023439466953278,-0.024469055235385895,0.1064734
2425,58,resample,2,0.051804125,0.11749173,0.9740985,71.87855,0.039810784,-0.019554116,0.021686965599656105,-0.0017804615199565887,0.039810784
2426,59,resample,2,0.09944132,0.22553287,0.95028,71.90035,0.061848257,0.043022946,0.023425186052918434,0.003740992397069931,0.061848257
2427,60,resample,2,0.09617552,0.21812604,0.95191246,71.94148,0.07050523,0.04968731,0.04150920733809471,0.012534856796264648,0.07050523
2428,61,resample,2,0.07389505,0.16759394,0.9630526,72.28193,0.056620717,-0.017800063,0.0411890484392643,-0.004882935434579849,0.056620717
2429,62,resample,2,0.10859909,0.24630268,0.94570076,72.14263,0.09780762,0.05004704,0.5867272615432739,0.34048956632614136,0.09780762
2430,63,resample,2,0.04872951,0.11051851,0.9756357,72.04231,0.03074706,-0.010694779,0.008651389740407467,0.0016674431972205639,0.03074706
2431,0,resample,3,0.091781065,0.20815942,0.95410985,72.004135,0.057013195,0.03637275,0.043576158583164215,0.014020338654518127,0.057013195
2432,1,resample,3,0.10045954,0.22784218,0.9497705,71.92522,0.051990516,0.025733188,0.08582331240177155,0.006062716245651245,0.051990516
2433,2,resample,3,0.08057155,0.18273623,0.9597145,72.04308,0.08253506,-0.023955151,0.02159840054810047,-0.01642824150621891,0.08253506
2434,3,resample,3,0.10518521,0.23856,0.94740754,72.04005,0.06569013,-0.043235287,0.05690450966358185,-0.014810420572757721,0.06569013
2435,4,resample,3,0.10460315,0.2372399,0.94769883,71.887825,0.058656078,0.0073343515,0.0028420707676559687,-0.0036197646986693144,0.058656078
2436,5,resample,3,0.16070718,0.3644838,0.91964656,71.88604,0.045546196,-0.005138904,0.053637780249118805,0.02670488879084587,0.045546196
2437,6,resample,3,0.059936594,0.13593617,0.97003174,71.78489,0.051119454,0.04943329,0.008962437510490417,0.006341638509184122,0.051119454
2438,7,resample,3,0.08298838,0.18821761,0.9585061,71.850655,0.09596273,-0.08429304,0.024201633408665657,-0.06996173225343227,0.09596273
2439,8,resample,3,0.12903245,0.29264554,0.9354843,71.84453,0.06797321,-0.032542318,0.0014737768797203898,0.000459667993709445,0.06797321
2440,9,resample,3,0.079491675,0.18028708,0.96025443,71.75904,0.08033677,0.008435652,0.015395933762192726,0.003221232444047928,0.08033677
2441,10,resample,3,0.21651204,0.4910492,0.89174455,71.74568,0.17398919,0.00019970536,0.009959755465388298,0.0006119869649410248,0.17398919
2442,11,resample,3,0.074861184,0.16978513,0.9625701,72.200935,0.05174159,0.012965456,0.21365070343017578,0.04128709435462952,0.05174159
2443,12,resample,3,0.06495164,0.1473103,0.96752447,72.12079,0.012985653,-0.016678914,0.015175887383520603,-0.0026956191286444664,0.012985653
2444,13,resample,3,0.091126695,0.2066753,0.9544368,71.89404,0.04992278,-0.02031751,0.0011734673753380775,-0.012959937565028667,0.04992278
2445,14,resample,3,0.047778912,0.10836255,0.9761108,71.996025,0.028035494,0.00035877526,0.045113157480955124,0.01323467493057251,0.028035494
2446,15,resample,3,0.07234066,0.16406858,0.9638299,72.01686,0.027781429,0.020763084,0.002833845093846321,0.001762124360539019,0.027781429
2447,16,resample,3,0.086969085,0.19724585,0.9565156,72.108955,0.07430898,-0.047469407,0.0008291987469419837,-0.0006979935569688678,0.07430898
2448,17,resample,3,0.09008698,0.20431723,0.9549569,72.04161,0.05594112,0.044222698,0.04078972339630127,0.002020806074142456,0.05594112
2449,18,resample,3,0.045008875,0.10208011,0.97749555,72.13185,0.02943358,0.0051176473,0.008721742779016495,-0.0018188897520303726,0.02943358
2450,19,resample,3,0.12088148,0.27415916,0.9395595,72.01264,0.07815137,0.028452784,0.001580954878591001,-0.002141313743777573,0.07815137
2451,20,resample,3,0.20401111,0.46269712,0.8979948,72.01214,0.20775303,0.054528207,0.29282745718955994,0.22962484508752823,0.20775303
2452,21,resample,3,0.13019444,0.29528093,0.9349031,71.77334,0.043380298,-0.040864766,0.020065341144800186,-0.010519493371248245,0.043380298
2453,22,resample,3,0.063181095,0.14329469,0.96840966,72.0523,0.040039334,-0.03056091,0.0747569352388382,-0.017274849116802216,0.040039334
2454,23,resample,3,0.15674561,0.35549897,0.9216274,71.97292,0.12096151,-0.044152737,0.308835506439209,0.16186490654945374,0.12096151
2455,24,resample,3,0.06522457,0.1479293,0.9673882,72.111206,0.022197705,-0.0025891066,0.00029381189960986376,-0.0001041560317389667,0.022197705
2456,25,resample,3,0.13911599,0.315515,0.93044204,71.994675,0.16298947,0.03531465,0.009397784247994423,0.0029129087924957275,0.16298947
2457,26,resample,3,0.11587189,0.2627974,0.9420644,71.76602,0.09630075,0.091931656,0.008931150659918785,-0.0005779033526778221,0.09630075
2458,27,resample,3,0.17999823,0.4082359,0.9100014,72.05005,0.060199615,0.08091456,0.11042402684688568,-0.0026761069893836975,0.060199615
2459,28,resample,3,0.067408845,0.15288323,0.96629584,71.849846,0.04321015,-0.0070656687,0.0017539323307573795,-0.007742108311504126,0.04321015
2460,29,resample,3,0.06593658,0.14954413,0.96703196,71.842766,0.028491471,0.0042963177,0.020472537726163864,0.011828139424324036,0.028491471
2461,30,resample,3,0.10702507,0.24273282,0.94648784,72.110176,0.08028886,0.01956907,0.3085149824619293,0.02810502052307129,0.08028886
2462,31,resample,3,0.29947162,0.6792015,0.8502643,71.77513,0.11982151,0.15444356,0.005219584330916405,0.0024660846684128046,0.11982151
2463,32,resample,3,0.051223446,0.11617475,0.97438896,71.93333,0.04407212,-0.021217905,0.01650901697576046,-0.005651289597153664,0.04407212
2464,33,resample,3,0.08817154,0.19997302,0.95591474,72.33559,0.0514087,0.031833053,0.006797840818762779,0.002802081871777773,0.0514087
2465,34,resample,3,0.23651485,0.5364156,0.8817431,71.61077,0.104357444,-0.015759647,0.0094926618039608,-0.0016956198960542679,0.104357444
2466,35,resample,3,0.04832951,0.10961131,0.9758357,71.93186,0.04336945,0.0074301288,0.021870512515306473,0.0054718852043151855,0.04336945
2467,36,resample,3,0.09029181,0.20478179,0.9548543,72.06758,0.07173311,0.027999923,0.05494067817926407,0.01478637009859085,0.07173311
2468,37,resample,3,0.04579593,0.10386515,0.9771024,72.04298,0.03519909,-0.007051915,0.022447383031249046,0.009869752451777458,0.03519909
2469,38,resample,3,0.13286039,0.30132732,0.9335704,71.892204,0.05864758,-0.024335295,0.04335013031959534,-0.011694345623254776,0.05864758
2470,39,resample,3,0.06790686,0.15401272,0.96604687,72.19264,0.05341178,0.047671326,0.039786454290151596,-0.001968987286090851,0.05341178
2471,40,resample,3,0.054793913,0.12427257,0.9726033,71.75909,0.030458178,0.0011930838,0.021238071843981743,0.007656736299395561,0.030458178
2472,41,resample,3,0.08937593,0.20270456,0.95531225,71.83897,0.04778365,-0.013366729,0.01615411788225174,-0.0090718362480402,0.04778365
2473,42,resample,3,0.08276576,0.1877127,0.95861745,72.01463,0.0551173,0.04518445,0.007694026455283165,0.000490908045321703,0.0551173
2474,43,resample,3,0.0940692,0.2133489,0.95296574,72.00857,0.049345165,0.0033297688,0.01940828748047352,0.0031439028680324554,0.049345165
2475,44,resample,3,0.1528414,0.34664422,0.9235796,71.93038,0.13029185,0.07286075,0.020488789305090904,0.010831066407263279,0.13029185
2476,45,resample,3,0.056174815,0.12740445,0.9719129,71.91233,0.03035453,-0.0044350177,0.016781292855739594,-0.0002809390425682068,0.03035453
2477,46,resample,3,0.1500386,0.34028748,0.92498076,71.873505,0.0592063,0.0007560551,0.01306170504540205,-0.0031584547832608223,0.0592063
2478,47,resample,3,0.06941529,0.15743385,0.9652926,71.798615,0.05072236,-0.01744388,0.02179749682545662,0.004110656678676605,0.05072236
2479,48,resample,3,0.11582972,0.26270175,0.9420854,71.92208,0.05858775,0.027711332,0.013616064563393593,0.0006292480975389481,0.05858775
2480,49,resample,3,0.057940472,0.13140896,0.9710299,71.8471,0.083279796,-0.08152796,0.013511080294847488,-0.04908837005496025,0.083279796
2481,50,resample,3,0.08205293,0.18609601,0.958974,71.91523,0.039609242,-0.008991942,0.004853235557675362,0.001511724665760994,0.039609242
2482,51,resample,3,0.192761,0.43718186,0.9036198,71.94077,0.075857736,-0.004018277,0.0005298744072206318,-0.00044556515058502555,0.075857736
2483,52,resample,3,0.08196006,0.18588538,0.9590204,72.05373,0.06276252,-0.002758816,0.04949482902884483,0.00241943821310997,0.06276252
2484,53,resample,3,0.12421031,0.28170893,0.9378951,72.01748,0.061265223,0.0074202716,0.009738598018884659,0.0010801702737808228,0.061265223
2485,54,resample,3,0.072722666,0.16493498,0.963639,71.71161,0.046414774,0.046096496,0.03832464665174484,-0.010226037353277206,0.046414774
2486,55,resample,3,0.053760212,0.12192813,0.9731204,72.003944,0.074027695,-0.03443221,0.002068697242066264,-0.00023066392168402672,0.074027695
2487,56,resample,3,0.087467685,0.19837667,0.9562662,72.07054,0.05368894,0.0016115308,0.13803814351558685,-0.022329866886138916,0.05368894
2488,57,resample,3,0.08240157,0.18688673,0.9587997,72.29006,0.073936254,-0.06778729,0.015678271651268005,-0.019814223051071167,0.073936254
2489,58,resample,3,0.050355453,0.11420614,0.97482246,71.904724,0.04362065,-0.022839703,0.008815147913992405,-0.014652279205620289,0.04362065
2490,59,resample,3,0.09971811,0.22616063,0.95014143,71.83853,0.060752448,0.0436507,0.016213033348321915,-0.0034711603075265884,0.060752448
2491,60,resample,3,0.09729673,0.22066894,0.951352,71.916435,0.060377657,0.05223021,0.042073119431734085,0.013098768889904022,0.060377657
2492,61,resample,3,0.07652607,0.17356108,0.9617371,72.29331,0.048500784,-0.011832923,0.056324563920497894,0.010252580046653748,0.048500784
2493,62,resample,3,0.093211964,0.2114047,0.9533945,72.11042,0.061734214,0.015149057,0.5921868085861206,0.34594911336898804,0.061734214
2494,63,resample,3,0.049013015,0.11116149,0.97549397,72.02931,0.045211036,-0.010051794,0.01057691965252161,0.0035929731093347073,0.045211036
2495,0,resample,4,0.09697659,0.21994287,0.95151174,71.96658,0.0678981,0.0481562,0.03880394995212555,0.009248130023479462,0.0678981
2496,1,resample,4,0.09484453,0.21510735,0.95257807,71.88335,0.054312628,0.012998357,0.07444894313812256,-0.005311653017997742,0.054312628
2497,2,resample,4,0.072358936,0.16411003,0.9638208,71.98321,0.061504103,-0.04258135,0.019427277147769928,-0.018599364906549454,0.061504103
2498,3,resample,4,0.116334,0.26384544,0.9418335,72.066505,0.053356186,-0.01794985,0.07715194672346115,0.005437016487121582,0.053356186
2499,4,resample,4,0.084433034,0.19149408,0.9577839,71.86107,0.1043748,-0.03841147,0.006383863277733326,-7.797218859195709e-05,0.1043748
2500,5,resample,4,0.15796998,0.35827586,0.9210149,71.863106,0.056842133,-0.011346847,0.031318821012973785,0.0043859295547008514,0.056842133
2501,6,resample,4,0.044873893,0.10177397,0.97756356,71.88641,0.029320039,0.01527109,0.01059185341000557,0.007971054408699274,0.029320039
2502,7,resample,4,0.09514111,0.21578,0.9524298,71.77608,0.11695832,-0.056730643,0.04487503319978714,-0.04928833246231079,0.11695832
2503,8,resample,4,0.16262549,0.36883456,0.9186877,71.88334,0.1060908,0.043646693,0.0017150845378637314,0.0007009756518527865,0.1060908
2504,9,resample,4,0.068238966,0.15476595,0.9658807,71.79839,0.068810046,-0.017085478,0.013270076364278793,0.001095375046133995,0.068810046
2505,10,resample,4,0.17956457,0.40725234,0.910218,71.85985,0.18239294,-0.08359715,0.007182275410741568,-0.0021654930897057056,0.18239294
2506,11,resample,4,0.061692666,0.13991894,0.9691541,72.15793,0.03311738,-0.016900733,0.09373998641967773,-0.07862362265586853,0.03311738
2507,12,resample,4,0.058426123,0.13251042,0.9707871,72.11524,0.025043802,-0.031478792,0.012852801010012627,-0.005018705502152443,0.025043802
2508,13,resample,4,0.09802021,0.2223098,0.95099,71.82252,0.039811358,-0.0046830177,0.003812050446867943,-0.010321354493498802,0.039811358
2509,14,resample,4,0.05088652,0.1154106,0.97455734,71.974045,0.040538445,0.007406831,0.06487070024013519,0.03299221768975258,0.040538445
2510,15,resample,4,0.08251773,0.18715017,0.9587411,71.965034,0.04915779,0.04384467,0.0028223954141139984,0.0017506746808066964,0.04915779
2511,16,resample,4,0.104308344,0.23657128,0.94784623,72.07045,0.057225417,-0.008143976,0.001673716469667852,0.00014652416575700045,0.057225417
2512,17,resample,4,0.093849495,0.21285062,0.95307565,71.985565,0.05372723,0.052756086,0.05842846632003784,0.01965954899787903,0.05372723
2513,18,resample,4,0.038329493,0.08693127,0.9808353,72.14037,0.024606433,-0.010031186,0.007823549211025238,-0.0027170833200216293,0.024606433
2514,19,resample,4,0.13718238,0.3111296,0.93140894,71.96925,0.09601058,0.06542322,0.002404755912721157,-0.001317512709647417,0.09601058
2515,20,resample,4,0.19263521,0.43689656,0.9036829,72.15336,0.1095407,0.02872765,0.24718064069747925,0.18397802859544754,0.1095407
2516,21,resample,4,0.11575005,0.26252106,0.94212514,71.767456,0.06344378,-0.07362464,0.017872437834739685,-0.012712396681308746,0.06344378
2517,22,resample,4,0.06261611,0.14201331,0.968692,71.99216,0.06974747,-0.03184229,0.042104125022888184,-0.04992765933275223,0.06974747
2518,23,resample,4,0.15811482,0.35860434,0.920943,71.9804,0.08005537,-0.041047364,0.2621590495109558,0.11518844962120056,0.08005537
2519,24,resample,4,0.0597649,0.13554676,0.97011787,72.10951,0.03304281,-0.014971644,0.0025613734032958746,0.002163405471947044,0.03304281
2520,25,resample,4,0.14346102,0.32536954,0.92826974,71.99505,0.11287913,0.045169175,0.0062750945799052715,-0.00020978087559342384,0.11287913
2521,26,resample,4,0.1056272,0.23956245,0.9471867,71.77677,0.070388675,0.06869672,0.01181594468653202,0.0023068906739354134,0.070388675
2522,27,resample,4,0.16760236,0.38012207,0.9161992,72.0315,0.0632196,0.052800715,0.14139404892921448,0.0282939150929451,0.0632196
2523,28,resample,4,0.07573643,0.1717702,0.962132,71.9246,0.061127905,0.0118213,0.0015505305491387844,-0.00794551009312272,0.061127905
2524,29,resample,4,0.07128416,0.16167244,0.9643585,71.78724,0.028327616,0.016424626,0.0063124834559857845,-0.002331914845854044,0.028327616
2525,30,resample,4,0.089810364,0.20368986,0.9550953,72.04579,0.04714402,-0.019473895,0.2987596392631531,0.018349677324295044,0.04714402
2526,31,resample,4,0.2621352,0.59452254,0.8689326,71.80497,0.07791106,0.069764614,0.012981243431568146,0.010227743769064546,0.07791106
2527,32,resample,4,0.053647302,0.12167206,0.973177,71.98387,0.03297995,-0.015720598,0.019397303462028503,-0.00276300311088562,0.03297995
2528,33,resample,4,0.08926949,0.20246316,0.9553656,72.19511,0.055658437,0.0343232,0.010095320641994476,0.00609956169500947,0.055658437
2529,34,resample,4,0.25219327,0.5719742,0.8739037,71.65667,0.068348095,0.019798994,0.012695858255028725,0.0015075765550136566,0.068348095
2530,35,resample,4,0.05336709,0.12103654,0.9733168,71.91689,0.040692553,0.018855356,0.02779904380440712,0.011400416493415833,0.040692553
2531,36,resample,4,0.07792851,0.17674184,0.9610361,72.081635,0.07693088,-4.002452e-05,0.04575551301240921,0.005601204931735992,0.07693088
2532,37,resample,4,0.049945887,0.11327725,0.9750275,72.01601,0.024713442,0.0023601875,0.05729926750063896,0.044721636921167374,0.024713442
2533,38,resample,4,0.14961582,0.33932862,0.9251926,71.91927,0.056140404,0.013666004,0.06870463490486145,0.013660158962011337,0.056140404
2534,39,resample,4,0.06108862,0.13854897,0.96945614,72.180626,0.049112953,0.03220757,0.029081933200359344,-0.012673508375883102,0.049112953
2535,40,resample,4,0.0619443,0.14048964,0.9690281,71.714035,0.029097926,0.017410152,0.03162882477045059,0.01804748922586441,0.029097926
2536,41,resample,4,0.090543896,0.20535351,0.95472807,71.82883,0.04203517,-0.010717779,0.0187443345785141,-0.00648161955177784,0.04203517
2537,42,resample,4,0.046163715,0.104699284,0.97691846,71.91846,0.030954318,-0.037828967,0.0024994220584630966,-0.004703696351498365,0.030954318
2538,43,resample,4,0.09253299,0.20986478,0.95373386,72.074905,0.067568146,-0.00015434623,0.016473881900310516,0.00020949728786945343,0.067568146
2539,44,resample,4,0.12787732,0.2900257,0.9360618,71.98716,0.09388211,0.016242236,0.010373950004577637,0.0007162271067500114,0.09388211
2540,45,resample,4,0.06569059,0.14898624,0.96715474,71.920044,0.051686198,0.017146766,0.026678645983338356,0.009616414085030556,0.051686198
2541,46,resample,4,0.14481738,0.32844576,0.9275913,71.87998,0.056447826,-0.011085659,0.018286265432834625,0.002066105604171753,0.056447826
2542,47,resample,4,0.077218145,0.17513072,0.961391,71.8087,0.049313456,0.00025299191,0.03796966373920441,0.020282823592424393,0.049313456
2543,48,resample,4,0.09541343,0.21639761,0.9522936,72.016884,0.048040148,-0.018592805,0.010559702292084694,-0.002427114173769951,0.048040148
2544,49,resample,4,0.08076194,0.18316804,0.9596193,71.84381,0.053189788,-0.029768884,0.015451721847057343,-0.0471477285027504,0.053189788
2545,50,resample,4,0.085733205,0.19444287,0.95713407,71.914825,0.052517675,-0.00064508617,0.0016202982515096664,-0.0017212126404047012,0.052517675
2546,51,resample,4,0.17037813,0.38641754,0.91481125,71.842285,0.11762255,-0.0547826,0.0003361775306984782,-0.0006392620271071792,0.11762255
2547,52,resample,4,0.07774283,0.1763207,0.9611292,72.029594,0.077881955,-0.012323499,0.02194075658917427,-0.025134634226560593,0.077881955
2548,53,resample,4,0.13782367,0.312584,0.93108827,72.025536,0.07724652,0.03829536,0.005985146388411522,-0.002673281356692314,0.07724652
2549,54,resample,4,0.062425368,0.1415807,0.9687878,71.75394,0.048481528,0.02274222,0.01926640048623085,-0.0292842835187912,0.048481528
2550,55,resample,4,0.05635951,0.12782335,0.9718208,72.038025,0.082018554,-0.02853699,0.00247129681520164,0.00017193565145134926,0.082018554
2551,56,resample,4,0.08876145,0.20131093,0.95561945,72.06468,0.03314551,0.004545793,0.2887689173221588,0.12840090692043304,0.03314551
2552,57,resample,4,0.101498865,0.23019938,0.9492511,72.27736,0.05334636,-0.024474636,0.0267771128565073,-0.008715381845831871,0.05334636
2553,58,resample,4,0.0593902,0.13469695,0.9703051,71.88612,0.05413988,-0.0023488998,0.029200688004493713,0.00573326088488102,0.05413988
2554,59,resample,4,0.11182661,0.2536227,0.9440872,71.865944,0.10958157,0.07111278,0.012158608064055443,-0.00752558559179306,0.10958157
2555,60,resample,4,0.09200806,0.20867424,0.95399624,71.90551,0.07736996,0.040235505,0.03482694923877716,0.005852598696947098,0.07736996
2556,61,resample,4,0.0855031,0.193921,0.9572488,72.24815,0.06951836,0.008526996,0.07758593559265137,0.03151395171880722,0.06951836
2557,62,resample,4,0.094630376,0.21462165,0.9526851,72.14739,0.06520764,0.018366009,0.3922058343887329,0.14596813917160034,0.06520764
2558,63,resample,4,0.053155143,0.12055584,0.9734229,72.004036,0.038163822,-0.0006574467,0.017043832689523697,0.010059886146336794,0.038163822
2559,0,resample,5,0.089195155,0.20229457,0.95540255,72.012215,0.047873013,0.030507907,0.044199347496032715,0.014643527567386627,0.047873013
2560,1,resample,5,0.09471563,0.214815,0.95264244,71.933365,0.06607781,0.0127060115,0.11294867098331451,0.033188074827194214,0.06607781
2561,2,resample,5,0.08396137,0.19042434,0.95801955,71.9937,0.0610754,-0.016267046,0.028241697698831558,-0.009784944355487823,0.0610754
2562,3,resample,5,0.1007699,0.22854608,0.9496155,71.99368,0.08024199,-0.05324921,0.050216540694236755,-0.021498389542102814,0.08024199
2563,4,resample,5,0.095358714,0.21627352,0.95232105,71.878296,0.06871054,-0.013632029,0.0045197284780442715,-0.0019421069882810116,0.06871054
2564,5,resample,5,0.15054569,0.34143755,0.9247273,71.842155,0.046434704,-0.028185159,0.037401795387268066,0.010468903928995132,0.046434704
2565,6,resample,5,0.0631595,0.14324573,0.96842045,71.8851,0.054592784,0.056742847,0.02524823136627674,0.022627432364970446,0.054592784
2566,7,resample,5,0.09887746,0.22425404,0.9505616,71.78468,0.07776175,-0.048256606,0.04438401758670807,-0.04977934807538986,0.07776175
2567,8,resample,5,0.13815942,0.31334552,0.93092066,71.937416,0.07436538,-0.01184234,0.0055670165456831455,0.004552907659672201,0.07436538
2568,9,resample,5,0.075887665,0.1721132,0.9620564,71.84817,0.07901037,0.0002617687,0.02349746786057949,0.011322766542434692,0.07901037
2569,10,resample,5,0.18078795,0.410027,0.90960634,71.76678,0.1477893,-0.0808225,0.010931788943707943,0.0015840204432606697,0.1477893
2570,11,resample,5,0.066912785,0.15175816,0.96654403,72.16693,0.036850944,-0.005061507,0.1257181018590927,-0.04664550721645355,0.036850944
2571,12,resample,5,0.0691366,0.15680178,0.96543205,72.12953,0.023290569,-0.007187441,0.018493201583623886,0.0006216950714588165,0.023290569
2572,13,resample,5,0.10703607,0.24275775,0.9464823,71.869225,0.07383911,0.015764937,0.003984268754720688,-0.010149136185646057,0.07383911
2573,14,resample,5,0.045218796,0.10255621,0.97739094,71.9667,0.028167298,-0.0054475665,0.04064673185348511,0.008768249303102493,0.028167298
2574,15,resample,5,0.096452914,0.21875517,0.9517738,71.86856,0.07822107,0.075449675,0.02042439952492714,0.019352678791619837,0.07822107
2575,16,resample,5,0.14243975,0.3230533,0.9287806,72.00983,0.09117581,0.07833804,0.0024296350311487913,0.0009024427272379398,0.09117581
2576,17,resample,5,0.11053957,0.2507037,0.94473046,71.96139,0.08495148,0.09060916,0.10831461101770401,0.0695456936955452,0.08495148
2577,18,resample,5,0.041010913,0.09301273,0.9794947,72.116875,0.02563071,-0.0039497316,0.003554483875632286,-0.006986148655414581,0.02563071
2578,19,resample,5,0.1382715,0.3135997,0.93086445,71.98115,0.08867461,0.06789333,0.0031290813349187374,-0.0005931872874498367,0.08867461
2579,20,resample,5,0.2084147,0.47268444,0.895793,72.10993,0.13662015,0.06451553,0.2901134490966797,0.22691083699464798,0.13662015
2580,21,resample,5,0.11110463,0.25198525,0.94444776,71.76223,0.07296361,-0.08416045,0.023495163768529892,-0.007089670747518539,0.07296361
2581,22,resample,5,0.05276938,0.11968093,0.97361535,71.979836,0.04235716,-0.05417467,0.0409533865749836,-0.051078397780656815,0.04235716
2582,23,resample,5,0.15522738,0.35205564,0.9223866,71.91966,0.12100161,-0.047596067,0.1519867181777954,0.005016118288040161,0.12100161
2583,24,resample,5,0.06839981,0.15513074,0.9658003,72.13738,0.026112106,0.0046123415,0.002428417792543769,0.0020304498611949384,0.026112106
2584,25,resample,5,0.1366301,0.309877,0.931685,72.015175,0.12311342,0.029676646,0.008815283887088299,0.0023304084315896034,0.12311342
2585,26,resample,5,0.096179,0.21813393,0.9519107,71.78246,0.06435166,0.047268197,0.026470579206943512,0.016961525194346905,0.06435166
2586,27,resample,5,0.15776686,0.35781518,0.9211172,71.97835,0.045281433,0.030493826,0.10471561551094055,-0.008384518325328827,0.045281433
2587,28,resample,5,0.06360422,0.14425434,0.96819794,71.84155,0.06672578,-0.015694559,0.005474643781781197,-0.0040213968604803085,0.06672578
2588,29,resample,5,0.0690773,0.15666728,0.9654616,71.82324,0.023465347,0.01141946,0.008972372859716415,0.0003279745578765869,0.023465347
2589,30,resample,5,0.08237936,0.18683636,0.9588109,72.057465,0.06415589,-0.036327392,0.2438405305147171,-0.03656943142414093,0.06415589
2590,31,resample,5,0.2738814,0.6211629,0.8630595,71.836395,0.11445489,0.09640497,0.014757998287677765,0.012004498625174165,0.11445489
2591,32,resample,5,0.055894293,0.12676823,0.9720534,71.8965,0.08128368,-0.010624424,0.04343700408935547,0.021276697516441345,0.08128368
2592,33,resample,5,0.09045003,0.20514064,0.95477533,72.28552,0.051033378,0.03700067,0.0038757342845201492,-0.0001200246624648571,0.051033378
2593,34,resample,5,0.21337113,0.4839256,0.89331466,71.59189,0.10051945,-0.06824961,0.00520771648734808,-0.005980565212666988,0.10051945
2594,35,resample,5,0.046111483,0.10458082,0.9769445,71.89997,0.03387446,0.0023996383,0.01753557287156582,0.0011369455605745316,0.03387446
2595,36,resample,5,0.06273449,0.1422818,0.96863306,72.04488,0.065512195,-0.034500062,0.018742099404335022,-0.021412208676338196,0.065512195
2596,37,resample,5,0.049061608,0.1112717,0.9754696,72.04819,0.021661134,0.0003546402,0.023502439260482788,0.0109248086810112,0.021661134
2597,38,resample,5,0.14458442,0.3279174,0.9277084,71.87737,0.05872788,0.002254784,0.04225519299507141,-0.012789282947778702,0.05872788
2598,39,resample,5,0.05064547,0.1148639,0.9746777,72.153015,0.024508791,0.008522503,0.03927789628505707,-0.002477545291185379,0.024508791
2599,40,resample,5,0.05221944,0.11843366,0.9738906,71.775665,0.027832981,-0.0046458244,0.023279841989278793,0.009698506444692612,0.027832981
2600,41,resample,5,0.08953242,0.2030595,0.9552338,71.86698,0.046790786,-0.013011798,0.023026946932077408,-0.002199007198214531,0.046790786
2601,42,resample,5,0.058318656,0.13226669,0.9708407,71.97704,0.034774188,-0.010261565,0.0025574294850230217,-0.00464568892493844,0.034774188
2602,43,resample,5,0.06833944,0.15499382,0.9658308,72.02595,0.055552706,-0.05502531,0.008283502422273159,-0.007980882190167904,0.055552706
2603,44,resample,5,0.14468324,0.32814154,0.92765844,71.93929,0.12177851,0.054358065,0.007783875800669193,-0.001873847097158432,0.12177851
2604,45,resample,5,0.07151722,0.16220103,0.964242,71.90743,0.04620246,0.030361563,0.027844004333019257,0.010781772434711456,0.04620246
2605,46,resample,5,0.15519884,0.3519909,0.92240065,71.89029,0.07280533,0.012459487,0.01915265992283821,0.0029325000941753387,0.07280533
2606,47,resample,5,0.07480381,0.169655,0.96259844,71.82872,0.033584304,-0.005222738,0.02638126350939274,0.008694423362612724,0.033584304
2607,48,resample,5,0.095726594,0.21710788,0.95213675,71.98048,0.061185315,-0.01788254,0.009980760514736176,-0.0030060559511184692,0.061185315
2608,49,resample,5,0.062832795,0.14250475,0.9685837,71.81575,0.10262749,-0.07043217,0.012275055050849915,-0.050324395298957825,0.10262749
2609,50,resample,5,0.08933926,0.2026214,0.95533067,71.94674,0.041364767,0.007533446,0.002053133212029934,-0.0012883776798844337,0.041364767
2610,51,resample,5,0.222403,0.5044099,0.88879895,71.92885,0.065273516,0.06320977,0.002406372455880046,0.0014309328980743885,0.065273516
2611,52,resample,5,0.081613764,0.18509997,0.95919335,72.08447,0.049241874,-0.0035442263,0.038733094930648804,-0.00834229588508606,0.049241874
2612,53,resample,5,0.14161885,0.3211915,0.92919075,71.997986,0.06013945,0.046902835,0.01588725857436657,0.0072288308292627335,0.06013945
2613,54,resample,5,0.06297846,0.14283513,0.96851104,71.73215,0.023828503,0.023996644,0.05227240175008774,0.003721717745065689,0.023828503
2614,55,resample,5,0.05795542,0.13144287,0.9710227,71.986626,0.05950623,-0.024917468,0.0008467065053991973,-0.0014526546583510935,0.05950623
2615,56,resample,5,0.086632036,0.19648142,0.9566842,72.04631,0.04477133,-0.0002837181,0.11706823110580444,-0.043299779295921326,0.04477133
2616,57,resample,5,0.12448468,0.2823312,0.93775815,72.20565,0.030942101,0.027657181,0.05083874240517616,0.01534624770283699,0.030942101
2617,58,resample,5,0.062812045,0.1424577,0.9685941,71.868706,0.064325176,0.0054118484,0.009772004559636116,-0.013695422559976578,0.064325176
2618,59,resample,5,0.088216946,0.200076,0.95589215,71.84914,0.07867481,0.01756607,0.006551634985953569,-0.013132558669894934,0.07867481
2619,60,resample,5,0.069833145,0.15838154,0.9650839,71.87457,0.046356004,-0.010057196,0.05182277038693428,0.022848419845104218,0.046356004
2620,61,resample,5,0.086288154,0.1957015,0.95685595,72.26517,0.0815045,0.010307491,0.06834246218204498,0.022270478308200836,0.0815045
2621,62,resample,5,0.09157227,0.20768587,0.9542141,72.116005,0.046472296,0.011430234,0.336506724357605,0.09026902914047241,0.046472296
2622,63,resample,5,0.04155461,0.094245836,0.9792232,72.03531,0.036155477,-0.026967451,0.004864756017923355,-0.002119190525263548,0.036155477
2623,0,resample,6,0.06695404,0.15185173,0.9665232,72.073524,0.064582966,-0.019934937,0.0347929485142231,0.005237128585577011,0.064582966
2624,1,resample,6,0.13201639,0.2994131,0.93399215,71.92622,0.1415375,0.09730412,0.10019469261169434,0.020434096455574036,0.1415375
2625,2,resample,6,0.07401607,0.16786842,0.96299213,71.96486,0.06052313,-0.038822964,0.025407053530216217,-0.012619588524103165,0.06052313
2626,3,resample,6,0.12553301,0.28470883,0.93723375,72.001434,0.05905625,0.0029135346,0.06759423017501831,-0.0041207000613212585,0.05905625
2627,4,resample,6,0.084574625,0.19181521,0.9577131,71.89636,0.054127563,-0.038090333,0.004091108683496714,-0.0023707267828285694,0.054127563
2628,5,resample,6,0.17508788,0.39709926,0.9124562,71.78878,0.086335994,0.02747655,0.03712014853954315,0.010187257081270218,0.086335994
2629,6,resample,6,0.045192644,0.1024969,0.97740394,71.89087,0.03403758,0.01599402,0.005839623976498842,0.003218824975192547,0.03403758
2630,7,resample,6,0.08381766,0.19009842,0.95809156,71.84677,0.08572503,-0.08241223,0.03210857883095741,-0.06205478683114052,0.08572503
2631,8,resample,6,0.14084187,0.3194293,0.92957956,71.950836,0.06563686,-0.0057585537,0.0033990656957030296,0.002384956809692085,0.06563686
2632,9,resample,6,0.07859057,0.17824338,0.9607047,71.769684,0.07721019,0.0063919574,0.014875940978527069,0.002701239660382271,0.07721019
2633,10,resample,6,0.18499014,0.41955754,0.9075054,71.89799,0.15165907,-0.07129195,0.005153359845280647,-0.004194408655166626,0.15165907
2634,11,resample,6,0.066339254,0.1504574,0.9668309,72.18983,0.021935752,-0.0063622743,0.18421313166618347,0.011849522590637207,0.021935752
2635,12,resample,6,0.070887566,0.16077296,0.9645567,72.13526,0.020397669,-0.0032162517,0.023807715624570847,0.005936209112405777,0.020397669
2636,13,resample,6,0.07861297,0.17829418,0.9606937,71.96153,0.10677454,-0.048698634,0.003813778981566429,-0.010319625958800316,0.10677454
2637,14,resample,6,0.049119215,0.111402355,0.975441,71.982124,0.02366461,0.0033985823,0.042265526950359344,0.01038704439997673,0.02366461
2638,15,resample,6,0.06533414,0.1481778,0.9673332,71.94395,0.032719355,0.004872307,0.011117037385702133,0.010045316652394831,0.032719355
2639,16,resample,6,0.094779715,0.21496035,0.9526106,72.017044,0.07345579,-0.029754907,0.0008089645998552442,-0.0007182277040556073,0.07345579
2640,17,resample,6,0.08465447,0.1919963,0.9576732,71.99029,0.042362593,0.031901777,0.07466069608926773,0.03589177876710892,0.042362593
2641,18,resample,6,0.04388733,0.09953644,0.9780563,72.10102,0.03249801,0.0025739819,0.006087553221732378,-0.004453079309314489,0.03249801
2642,19,resample,6,0.17280093,0.39191243,0.9135999,71.96469,0.20780848,0.14620605,0.004018498584628105,0.000296229962259531,0.20780848
2643,20,resample,6,0.1947973,0.4418002,0.9026018,72.02198,0.09607761,0.033631295,0.214095801115036,0.1508931890130043,0.09607761
2644,21,resample,6,0.13878927,0.314774,0.93060553,71.76215,0.044320785,-0.021371692,0.017924150452017784,-0.012660684064030647,0.044320785
2645,22,resample,6,0.061327487,0.13909072,0.9693366,72.03444,0.0316322,-0.034764886,0.03891797736287117,-0.05311380699276924,0.0316322
2646,23,resample,6,0.16985086,0.38522166,0.915075,71.95723,0.1340514,-0.014430046,0.12631109356880188,-0.02065950632095337,0.1340514
2647,24,resample,6,0.068634376,0.15566273,0.9656834,72.10488,0.04300188,0.005144328,0.0030101060401648283,0.002612138108815998,0.04300188
2648,25,resample,6,0.11949078,0.27100503,0.9402549,72.05901,0.10764046,-0.009195328,0.0030304710380733013,-0.003454404417425394,0.10764046
2649,26,resample,6,0.083127365,0.18853283,0.95843655,71.81257,0.042525582,0.0176671,0.014550205320119858,0.005041151307523251,0.042525582
2650,27,resample,6,0.13261157,0.30076298,0.9336948,71.97332,0.048836987,-0.02655837,0.08447497338056564,-0.028625160455703735,0.048836987
2651,28,resample,6,0.0722911,0.16395618,0.96385485,71.86512,0.041139036,0.00400728,0.003555749775841832,-0.005940290866419673,0.041139036
2652,29,resample,6,0.06411437,0.14541136,0.96794325,71.81466,0.03143378,0.00016354024,0.009897290728986263,0.0012528924271464348,0.03143378
2653,30,resample,6,0.113484524,0.25738284,0.94325805,71.98878,0.07985255,0.034219086,0.19581297039985657,-0.08459699153900146,0.07985255
2654,31,resample,6,0.25621137,0.5810873,0.87189454,71.75213,0.066939816,0.05632937,0.005192519165575504,0.002439019503071904,0.066939816
2655,32,resample,6,0.05994771,0.13596138,0.9700266,71.97055,0.07287225,-0.0014312714,0.028040798380970955,0.005880491808056831,0.07287225
2656,33,resample,6,0.07583915,0.17200315,0.96208084,72.31078,0.031885512,0.0038631856,0.0022232122719287872,-0.001772546675056219,0.031885512
2657,34,resample,6,0.27566835,0.6252157,0.862166,71.60919,0.1050291,0.073040485,0.011841007508337498,0.0006527258083224297,0.1050291
2658,35,resample,6,0.057652574,0.130756,0.97117424,71.92077,0.05248547,0.028574824,0.026115693151950836,0.009717065840959549,0.05248547
2659,36,resample,6,0.070143595,0.15908565,0.9649285,72.05566,0.077620365,-0.017696217,0.08920986950397491,0.0490555614233017,0.077620365
2660,37,resample,6,0.04850977,0.11002014,0.9757457,72.03793,0.030165615,-0.00089692324,0.05518690496683121,0.04260927438735962,0.030165615
2661,38,resample,6,0.15480873,0.35110614,0.92259604,71.94501,0.06430139,0.025443524,0.07061327248811722,0.015568796545267105,0.06430139
2662,39,resample,6,0.048873946,0.11084609,0.97556347,72.19647,0.028828882,0.004504688,0.03540356457233429,-0.006351877003908157,0.028828882
2663,40,resample,6,0.053256862,0.12078654,0.97337186,71.71862,0.04007516,-0.002292946,0.03005981259047985,0.01647847704589367,0.04007516
2664,41,resample,6,0.102930546,0.23344643,0.9485348,71.880356,0.042810693,0.017375141,0.02246432937681675,-0.002761624753475189,0.042810693
2665,42,resample,6,0.063395,0.14377983,0.9683026,71.941154,0.040196817,0.0012515783,0.006518593057990074,-0.0006845253519713879,0.040196817
2666,43,resample,6,0.097395904,0.22089387,0.95130235,72.009544,0.058886785,0.010874748,0.025907987728714943,0.00964360311627388,0.058886785
2667,44,resample,6,0.16345277,0.37071082,0.91827387,71.96767,0.14626305,0.096927345,0.020022587850689888,0.010364864952862263,0.14626305
2668,45,resample,6,0.056207754,0.12747917,0.9718964,71.92199,0.042853333,-0.0043603033,0.01578102633357048,-0.00128120556473732,0.042853333
2669,46,resample,6,0.16732898,0.37950206,0.9163359,71.849815,0.10343942,0.039970636,0.02280610054731369,0.006585940718650818,0.10343942
2670,47,resample,6,0.07441793,0.16877982,0.9627913,71.7935,0.029545702,-0.006097913,0.030275605618953705,0.01258876547217369,0.029545702
2671,48,resample,6,0.10115854,0.22942752,0.9494209,71.981636,0.05285672,-0.0055629015,0.010827198624610901,-0.002159617841243744,0.05285672
2672,49,resample,6,0.072784916,0.16507615,0.9636078,71.86821,0.09678287,-0.04786077,0.016178661957383156,-0.04642078839242458,0.09678287
2673,50,resample,6,0.09858688,0.223595,0.950707,71.97189,0.047528405,0.028507039,0.0031773149967193604,-0.00016419589519500732,0.047528405
2674,51,resample,6,0.18235418,0.4135792,0.9088235,71.88734,0.06587829,-0.027620941,0.0013779997825622559,0.00040256022475659847,0.06587829
2675,52,resample,6,0.081939414,0.18583855,0.9590307,72.02864,0.05476764,-0.0028056502,0.04269316792488098,-0.004382222890853882,0.05476764
2676,53,resample,6,0.11496093,0.26073134,0.9425198,72.00421,0.06879242,-0.013557315,0.0054089948534965515,-0.0032494328916072845,0.06879242
2677,54,resample,6,0.057628393,0.13070117,0.97118616,71.731705,0.0376848,0.011862688,0.010224329307675362,-0.03832635469734669,0.0376848
2678,55,resample,6,0.05532961,0.12548754,0.97233534,71.9823,0.10363665,-0.030872807,0.003216290147975087,0.0009169289842247963,0.10363665
2679,56,resample,6,0.0839164,0.19032237,0.95804167,72.08438,0.03565749,-0.0064427704,0.240035742521286,0.07966773211956024,0.03565749
2680,57,resample,6,0.07493235,0.16994654,0.96253455,72.32559,0.07992359,-0.08472748,0.009636104106903076,-0.025856390595436096,0.07992359
2681,58,resample,6,0.058414448,0.13248394,0.9707929,71.897385,0.060767036,-0.004561901,0.0034459964372217655,-0.02002143068239093,0.060767036
2682,59,resample,6,0.08573386,0.19444436,0.95713353,71.89043,0.06544148,0.011934429,0.023276682943105698,0.0035924892872571945,0.06544148
2683,60,resample,6,0.10250981,0.23249221,0.9487454,71.91895,0.0646666,0.064053476,0.0632951408624649,0.03432079032063484,0.0646666
2684,61,resample,6,0.08747583,0.19839515,0.956262,72.31672,0.06879165,0.013001144,0.04839244857430458,0.002320464700460434,0.06879165
2685,62,resample,6,0.08860113,0.20094731,0.95569986,72.09717,0.055924945,0.0046916753,0.30804064869880676,0.061802953481674194,0.055924945
2686,63,resample,6,0.046893574,0.10635461,0.97655344,72.03188,0.03809107,-0.014858678,0.016271524131298065,0.009287577588111162,0.03809107
2687,0,resample,7,0.06815085,0.1545661,0.96592474,72.024254,0.078721076,-0.017220572,0.007413838990032673,-0.022141980938613415,0.078721076
2688,1,resample,7,0.09708448,0.22018754,0.95145816,71.943405,0.051863447,0.01807855,0.08641650527715683,0.0066559091210365295,0.051863447
2689,2,resample,7,0.073364,0.16638951,0.96331835,71.98649,0.07612884,-0.040301874,0.018271949142217636,-0.019754692912101746,0.07612884
2690,3,resample,7,0.08272119,0.18761162,0.9586398,72.0012,0.07305879,-0.09418367,0.044992875307798386,-0.026722054928541183,0.07305879
2691,4,resample,7,0.100539245,0.22802296,0.9497307,71.85956,0.11956582,-0.0018825829,0.015149888582527637,0.008688053116202354,0.11956582
2692,5,resample,7,0.15486193,0.35122678,0.9225693,71.82997,0.05073119,-0.01839593,0.029189400374889374,0.00225650891661644,0.05073119
2693,6,resample,7,0.050937634,0.115526535,0.97453135,71.89261,0.04668801,0.029023655,0.0067252060398459435,0.004104407038539648,0.04668801
2694,7,resample,7,0.09454912,0.21443737,0.95272577,71.81574,0.056511197,-0.058073282,0.04748506098985672,-0.04667830467224121,0.056511197
2695,8,resample,7,0.151435,0.3434545,0.9242831,71.93884,0.074759625,0.018266648,0.0013153711333870888,0.00030126224737614393,0.074759625
2696,9,resample,7,0.07773946,0.17631307,0.96113044,71.7909,0.09593684,0.004461646,0.014761686325073242,0.002586985006928444,0.09593684
2697,10,resample,7,0.25818494,0.5855633,0.87090784,71.7335,0.27334002,0.09471381,0.009674668312072754,0.00032689981162548065,0.27334002
2698,11,resample,7,0.05101323,0.11569799,0.9744938,72.14648,0.053220972,-0.041121684,0.03571465611457825,-0.13664895296096802,0.053220972
2699,12,resample,7,0.077485114,0.1757362,0.96125776,72.081604,0.0413519,0.011746988,0.012026794254779816,-0.005844712257385254,0.0413519
2700,13,resample,7,0.106028184,0.24047187,0.9469862,71.819954,0.04675525,0.013479054,0.01411525160074234,-1.8153339624404907e-05,0.04675525
2701,14,resample,7,0.050807692,0.11523182,0.9745965,71.993195,0.037618548,0.0072280467,0.07320693135261536,0.04132844880223274,0.037618548
2702,15,resample,7,0.06796231,0.15413849,0.9660188,71.96044,0.032775976,0.010832995,0.004600983578711748,0.003529262845404446,0.032775976
2703,16,resample,7,0.11078508,0.25126052,0.94460803,72.05104,0.065584555,0.0065452605,0.0007579310913570225,-0.000769261212553829,0.065584555
2704,17,resample,7,0.08781906,0.1991736,0.95609075,72.02557,0.052374676,0.03907907,0.03020458295941353,-0.008564334362745285,0.052374676
2705,18,resample,7,0.041680433,0.0945312,0.97915995,72.09154,0.026082119,-0.0024312586,0.013495439663529396,0.0029548071324825287,0.026082119
2706,19,resample,7,0.14741853,0.33434516,0.926291,71.95538,0.16680521,0.08863878,0.0013210520846769214,-0.0024012165376916528,0.16680521
2707,20,resample,7,0.20096307,0.45578414,0.89951897,72.06682,0.06696068,0.04761523,0.17278628051280975,0.10958366841077805,0.06696068
2708,21,resample,7,0.15483388,0.35116318,0.92258334,71.77657,0.07853256,0.01501748,0.024852192029356956,-0.005732642486691475,0.07853256
2709,22,resample,7,0.059236377,0.13434808,0.970382,72.00083,0.046382535,-0.039507523,0.026965828612446785,-0.06506595574319363,0.046382535
2710,23,resample,7,0.15478036,0.3510418,0.92261016,72.009056,0.13400726,-0.048609912,0.31718459725379944,0.1702139973640442,0.13400726
2711,24,resample,7,0.070337914,0.15952636,0.96483135,72.096054,0.036165696,0.009007961,0.0009303073165938258,0.0005323393852449954,0.036165696
2712,25,resample,7,0.122556195,0.2779574,0.9387219,71.95623,0.09470433,-0.0022429526,0.003388333134353161,-0.0030965423211455345,0.09470433
2713,26,resample,7,0.084124684,0.19079475,0.9579379,71.77915,0.059863754,0.019929022,0.016297176480293274,0.006788122467696667,0.059863754
2714,27,resample,7,0.16416363,0.37232304,0.9179185,72.01252,0.058719564,0.045001686,0.1492813378572464,0.03618120402097702,0.058719564
2715,28,resample,7,0.058368254,0.13237917,0.97081614,71.86789,0.043369852,-0.027569726,0.023606644943356514,0.014110604301095009,0.043369852
2716,29,resample,7,0.06889404,0.15625165,0.9655534,71.80815,0.023515273,0.011003837,0.023711446672677994,0.015067048370838165,0.023515273
2717,30,resample,7,0.10413613,0.23618071,0.94793236,72.020515,0.047117375,0.013016954,0.37689632177352905,0.09648635983467102,0.047117375
2718,31,resample,7,0.23441216,0.53164667,0.88279414,71.76992,0.0842156,0.006888747,0.005164877511560917,0.0024113778490573168,0.0842156
2719,32,resample,7,0.051097732,0.11588963,0.97445166,71.957726,0.037828222,-0.021503024,0.03707030788064003,0.014910001307725906,0.037828222
2720,33,resample,7,0.08030452,0.1821306,0.95984817,72.302155,0.038529966,0.013990641,0.01268531009554863,0.008689551148563623,0.038529966
2721,34,resample,7,0.27162895,0.61605436,0.86418575,71.60833,0.083777994,0.06387913,0.01511191576719284,0.0039236340671777725,0.083777994
2722,35,resample,7,0.044414043,0.10073103,0.97779316,71.90478,0.03457108,-0.0014501512,0.017530176788568497,0.0011315494775772095,0.03457108
2723,36,resample,7,0.0744081,0.16875754,0.96279633,72.01874,0.059177123,-0.00802432,0.044513870030641556,0.004359561949968338,0.059177123
2724,37,resample,7,0.05214106,0.1182559,0.97393006,72.03171,0.024693942,0.007338837,0.018651461228728294,0.006073830649256706,0.024693942
2725,38,resample,7,0.13228215,0.30001587,0.93385935,71.89502,0.08336564,-0.025646746,0.04010521620512009,-0.014939259737730026,0.08336564
2726,39,resample,7,0.06417004,0.14553763,0.96791524,72.17057,0.061631735,0.03919623,0.015615575015544891,-0.026139866560697556,0.061631735
2727,40,resample,7,0.06152923,0.13954827,0.9692357,71.704056,0.033686012,0.016468786,0.043948739767074585,0.030367404222488403,0.033686012
2728,41,resample,7,0.086428195,0.19601911,0.9567858,71.86563,0.047038123,-0.02005218,0.015730667859315872,-0.009495286270976067,0.047038123
2729,42,resample,7,0.06568542,0.14897451,0.9671573,71.96448,0.03448491,0.0064462572,0.005810174159705639,-0.0013929442502558231,0.03448491
2730,43,resample,7,0.07132957,0.16177544,0.96433544,71.97167,0.07122263,-0.048243687,0.015542836859822273,-0.0007215477526187897,0.07122263
2731,44,resample,7,0.12239413,0.27758983,0.9388034,72.001526,0.09556232,0.0038063526,0.014072582125663757,0.004414859227836132,0.09556232
2732,45,resample,7,0.061161805,0.13871494,0.9694196,71.89215,0.048316438,0.0068754703,0.0187754575163126,0.0017132256180047989,0.048316438
2733,46,resample,7,0.13200964,0.2993978,0.93399537,71.861534,0.07534563,-0.040133625,0.01204609964042902,-0.004174060188233852,0.07534563
2734,47,resample,7,0.07340207,0.16647586,0.9632992,71.79678,0.031548295,-0.008401871,0.03142619878053665,0.013739358633756638,0.031548295
2735,48,resample,7,0.115910396,0.26288474,0.942045,71.93856,0.066466406,0.027894318,0.013084140606224537,9.732414036989212e-05,0.066466406
2736,49,resample,7,0.07328035,0.1661998,0.9633603,71.79653,0.0560123,-0.04673712,0.018652742728590965,-0.043946707621216774,0.0560123
2737,50,resample,7,0.10352713,0.23479947,0.94823706,71.91719,0.045918893,0.03971152,0.0020734211429953575,-0.0012680897489190102,0.045918893
2738,51,resample,7,0.18606022,0.4219845,0.90697014,71.93425,0.048466712,-0.019215643,0.0003965530195273459,-0.0005788865382783115,0.048466712
2739,52,resample,7,0.07648496,0.17346786,0.9617581,72.07335,0.06740141,-0.015176341,0.027832496911287308,-0.019242893904447556,0.06740141
2740,53,resample,7,0.1459711,0.3310624,0.9270148,72.02391,0.058728892,0.056773752,0.013543866574764252,0.004885438829660416,0.058728892
2741,54,resample,7,0.055113,0.12499626,0.9724438,71.7537,0.032510746,0.006157778,0.008530326187610626,-0.04002035781741142,0.032510746
2742,55,resample,7,0.054762006,0.1242002,0.97261924,71.990944,0.05284135,-0.03216014,0.0007366675417870283,-0.0015626936219632626,0.05284135
2743,56,resample,7,0.08602709,0.19510941,0.95698655,72.01438,0.045279473,-0.0016557276,0.21475450694561005,0.05438649654388428,0.045279473
2744,57,resample,7,0.080125675,0.181725,0.9599378,72.31787,0.14513583,-0.07294902,0.010996896773576736,-0.024495597928762436,0.14513583
2745,58,resample,7,0.059018523,0.13385399,0.97049123,71.86408,0.04494044,-0.0031918585,0.02260279655456543,-0.0008646305650472641,0.04494044
2746,59,resample,7,0.09364162,0.21237914,0.9531796,71.84932,0.09233364,0.029869214,0.011400909163057804,-0.008283284492790699,0.09233364
2747,60,resample,7,0.10724994,0.24324282,0.94637525,71.95577,0.08094283,0.07480408,0.05978982150554657,0.030815470963716507,0.08094283
2748,61,resample,7,0.08123514,0.18424127,0.95938265,72.31717,0.05068626,-0.0011527389,0.06391918659210205,0.017847202718257904,0.05068626
2749,62,resample,7,0.10493968,0.23800313,0.9475306,72.06288,0.0835164,0.041747496,0.5294562578201294,0.2832185626029968,0.0835164
2750,63,resample,7,0.043501087,0.09866045,0.9782499,72.037506,0.033960503,-0.02255284,0.007244681008160114,0.0002607344649732113,0.033960503
2751,0,resample,8,0.09658636,0.21905783,0.95170707,71.99925,0.0660272,0.047271162,0.041073184460401535,0.011517364531755447,0.0660272
2752,1,resample,8,0.09562897,0.21688646,0.95218605,71.91524,0.06708745,0.014777467,0.07301206886768341,-0.00674852728843689,0.06708745
2753,2,resample,8,0.082446344,0.18698828,0.9587772,71.961655,0.057224605,-0.019703105,0.04243787005543709,0.004411228001117706,0.057224605
2754,3,resample,8,0.08110579,0.18394789,0.9594476,71.95339,0.13016947,-0.0978474,0.011353188194334507,-0.06036174204200506,0.13016947
2755,4,resample,8,0.082842834,0.1878875,0.9585788,71.90541,0.081305474,-0.04201804,0.0017273054691031575,-0.0047345299972221255,0.081305474
2756,5,resample,8,0.16403481,0.37203088,0.91798306,71.84883,0.040766254,0.0024081767,0.029908431693911552,0.0029755402356386185,0.040766254
2757,6,resample,8,0.048893563,0.11089058,0.97555333,71.90735,0.02992887,0.024387702,0.009653463028371334,0.007032664027065039,0.02992887
2758,7,resample,8,0.12099455,0.27441558,0.93950313,71.76166,0.069132105,0.0019049346,0.06316953152418137,-0.030993834137916565,0.069132105
2759,8,resample,8,0.13807692,0.3131584,0.9309621,71.92371,0.05027948,-0.012029469,0.0008988127810880542,-0.00011529610492289066,0.05027948
2760,9,resample,8,0.07730869,0.17533608,0.9613458,71.772415,0.09396082,0.0034846514,0.012110596522688866,-6.410479545593262e-05,0.09396082
2761,10,resample,8,0.18001842,0.4082817,0.90999115,71.78829,0.12473808,-0.08256778,0.007727339863777161,-0.0016204286366701126,0.12473808
2762,11,resample,8,0.062462986,0.14166602,0.9687691,72.15416,0.042466905,-0.0151536465,0.07462266087532043,-0.09774094820022583,0.042466905
2763,12,resample,8,0.0657959,0.14922507,0.96710265,72.1117,0.02464513,-0.014764145,0.02545763924717903,0.007586132735013962,0.02464513
2764,13,resample,8,0.090611696,0.2055073,0.95469433,71.85798,0.07458275,-0.021485522,0.0037885867059230804,-0.010344818234443665,0.07458275
2765,14,resample,8,0.05162958,0.117095865,0.9741856,71.97313,0.02842812,0.0090920925,0.06013958528637886,0.028261102735996246,0.02842812
2766,15,resample,8,0.06984004,0.15839717,0.96508,72.07326,0.034652106,0.015091673,0.0010519311763346195,-1.9789556972682476e-05,0.034652106
2767,16,resample,8,0.09753457,0.22120835,0.95123297,72.032104,0.07446646,-0.02350691,0.0006849612109363079,-0.0008422310929745436,0.07446646
2768,17,resample,8,0.10162654,0.23048894,0.9491869,72.0192,0.079803534,0.07039441,0.08153289556503296,0.042763978242874146,0.079803534
2769,18,resample,8,0.037993066,0.08616826,0.9810036,72.0654,0.02946781,-0.0107942,0.008157957345247269,-0.0023826751857995987,0.02946781
2770,19,resample,8,0.14777532,0.33515435,0.9261127,71.90721,0.11870728,0.089447975,0.0023413347080349922,-0.001380933914333582,0.11870728
2771,20,resample,8,0.20297547,0.46034828,0.89851266,71.99689,0.10159764,0.052179366,0.3309822976589203,0.2677796855568886,0.10159764
2772,21,resample,8,0.1001719,0.22718982,0.9499143,71.78181,0.06050951,-0.108955875,0.018167749047279358,-0.012417085468769073,0.06050951
2773,22,resample,8,0.081958555,0.18588197,0.9590208,72.03634,0.030178918,0.01202637,0.04192139580845833,-0.05011038854718208,0.030178918
2774,23,resample,8,0.19096911,0.43311787,0.9045158,71.99499,0.16401272,0.03346616,0.5967467427253723,0.44977614283561707,0.16401272
2775,24,resample,8,0.0651838,0.14783683,0.9674086,72.10288,0.06021121,-0.0026815683,0.0024583819322288036,0.002060414000879973,0.06021121
2776,25,resample,8,0.14489208,0.3286152,0.9275542,71.95912,0.18343258,0.048414826,0.0035374904982745647,-0.0029473849572241306,0.18343258
2777,26,resample,8,0.08730079,0.19799815,0.9563501,71.77366,0.038172107,0.027132422,0.023227393627166748,0.01371833961457014,0.038172107
2778,27,resample,8,0.14742024,0.33434904,0.92629015,72.02528,0.07903529,0.0070276856,0.09444750845432281,-0.018652625381946564,0.07903529
2779,28,resample,8,0.06765054,0.1534314,0.966175,71.87445,0.042878672,-0.0065174997,0.002267637988552451,-0.007228402653709054,0.042878672
2780,29,resample,8,0.06678685,0.15147254,0.9666072,71.81611,0.02410446,0.0062247217,0.007718246430158615,-0.0009261518716812134,0.02410446
2781,30,resample,8,0.12561193,0.2848878,0.9371945,72.04544,0.09080152,0.061724037,0.3738660216331482,0.09345605969429016,0.09080152
2782,31,resample,8,0.24846646,0.5635218,0.875767,71.82067,0.10651635,0.03876388,0.016090640798211098,0.013337141135707498,0.10651635
2783,32,resample,8,0.05115875,0.11602802,0.974421,71.98141,0.059164204,-0.021364637,0.020207479596138,-0.001952826976776123,0.059164204
2784,33,resample,8,0.07840861,0.17783068,0.9607961,72.33796,0.032608837,0.009690717,0.005027111619710922,0.001031352672725916,0.032608837
2785,34,resample,8,0.2312514,0.5244781,0.8843748,71.58712,0.13838656,-0.027697146,0.0050939759239554405,-0.0060943057760596275,0.13838656
2786,35,resample,8,0.04712651,0.1068829,0.97643733,71.95212,0.053482935,0.0047017187,0.020843666046857834,0.004445038735866547,0.053482935
2787,36,resample,8,0.08371264,0.18986022,0.95814383,72.06461,0.0683972,0.013078362,0.06444595009088516,0.024291642010211945,0.0683972
2788,37,resample,8,0.045507967,0.10321205,0.97724634,72.05953,0.019241018,-0.0077050105,0.01989329606294632,0.0073156654834747314,0.019241018
2789,38,resample,8,0.12756255,0.28931183,0.936219,71.90254,0.075765595,-0.036350787,0.03979632630944252,-0.015248149633407593,0.075765595
2790,39,resample,8,0.04253059,0.09645936,0.978735,72.15835,0.02999646,-0.00988204,0.01901044324040413,-0.022744998335838318,0.02999646
2791,40,resample,8,0.054105185,0.12271053,0.9729477,71.723274,0.033614118,-0.00036895275,0.030760765075683594,0.017179429531097412,0.033614118
2792,41,resample,8,0.09602903,0.21779379,0.9519855,71.83968,0.042298414,0.0017224997,0.02067556604743004,-0.0045503880828619,0.042298414
2793,42,resample,8,0.069233395,0.15702131,0.9653835,71.94755,0.046257503,0.014493063,0.002849982585757971,-0.004353135824203491,0.046257503
2794,43,resample,8,0.08670127,0.19663844,0.95665,72.01376,0.08091696,-0.013380691,0.02413639798760414,0.007872013375163078,0.08091696
2795,44,resample,8,0.1463412,0.3319018,0.9268297,71.98473,0.112395056,0.058118314,0.015168605372309685,0.0055108824744820595,0.112395056
2796,45,resample,8,0.058636032,0.1329865,0.97068244,71.90086,0.043771062,0.0011470318,0.019665155559778214,0.002602923661470413,0.043771062
2797,46,resample,8,0.12612906,0.28606066,0.9369356,71.95479,0.124499865,-0.05347076,0.0072871786542236805,-0.008932981174439192,0.124499865
2798,47,resample,8,0.0752508,0.17066878,0.9623747,71.81625,0.043701395,-0.004208952,0.025717515498399734,0.00803067535161972,0.043701395
2799,48,resample,8,0.09156402,0.20766716,0.95421827,71.97095,0.04327553,-0.02732326,0.011801054701209068,-0.0011857617646455765,0.04327553
2800,49,resample,8,0.06824167,0.15477207,0.9658797,71.85255,0.0986556,-0.05816485,0.02702454663813114,-0.0355749037116766,0.0986556
2801,50,resample,8,0.08132662,0.18444873,0.9593372,71.977165,0.030347498,-0.0106392205,0.002774946391582489,-0.0005665645003318787,0.030347498
2802,51,resample,8,0.1957863,0.44404325,0.9021073,71.88124,0.06361558,0.0028431118,0.0015663037775084376,0.0005908642197027802,0.06361558
2803,52,resample,8,0.08284087,0.18788305,0.95857984,72.04249,0.056020778,-0.0007611513,0.058391645550727844,0.011316254734992981,0.056020778
2804,53,resample,8,0.13816445,0.3133569,0.9309179,72.00492,0.046561107,0.03906825,0.017249897122383118,0.008591469377279282,0.046561107
2805,54,resample,8,0.060234703,0.13661228,0.9698829,71.76035,0.04066789,0.0177738,0.012990988790988922,-0.03555969521403313,0.04066789
2806,55,resample,8,0.07369833,0.16714777,0.9631513,72.08136,0.0821805,0.010787427,0.0027024198789149523,0.0004030587151646614,0.0821805
2807,56,resample,8,0.09919813,0.22498132,0.95040107,72.01663,0.09251631,0.028216183,0.19050449132919312,0.030136480927467346,0.09251631
2808,57,resample,8,0.104235455,0.23640597,0.947883,72.27506,0.031372614,-0.018268049,0.027303259819746017,-0.008189234882593155,0.031372614
2809,58,resample,8,0.04837751,0.10972017,0.9758116,71.87232,0.052133825,-0.027325675,0.006874526850879192,-0.0165929002687335,0.052133825
2810,59,resample,8,0.1252479,0.28406218,0.93737644,71.85677,0.09996628,0.10155225,0.014317474327981472,-0.005366719327867031,0.09996628
2811,60,resample,8,0.09008567,0.20431426,0.95495754,71.908226,0.08078207,0.03587553,0.05491399019956589,0.025939639657735825,0.08078207
2812,61,resample,8,0.06464813,0.14662193,0.96767634,72.296265,0.08905028,-0.038772076,0.02274956926703453,-0.023322414606809616,0.08905028
2813,62,resample,8,0.0922265,0.20916966,0.95388716,72.15807,0.03513307,0.012914017,0.2890731394290924,0.04283544421195984,0.03513307
2814,63,resample,8,0.04391,0.099587865,0.97804534,72.05745,0.035377156,-0.021625422,0.008760876022279263,0.0017769294790923595,0.035377156
