idx,doc_id,domain,pos,n_ctx,x_text,final_token,para_start_char
0,ffw:history:0:0,history,243,244,"Charles McAuley was a celebrated 20th Century landscape and figure painter, most associated with his beloved Glens of Antrim. He was born in Glenaan, near Cushendall, county Antrim on the 15th March 1910, the youngest of eight children. McAuley painted from a young age and was for the most part a self-taught artist, although he studied briefly at both Belfast Art College and Glasgow College of Art. As a teenager, he had been encouraged to paint by the famous landscape artist James Humbert Craig, who, like McAuley, was happiest when painting in the Glens of Antrim. Craig had come across McAuley’s work when he was judging an art competition at the Feis na nGleann. McAuley sent some of his works to the Royal Hibernian Academy and they were accepted. He later became a member of both the Royal Hibernian Academy and the Royal Ulster Academy.
Speaking in the 1980s, McAuley acknowledged that he could have been a more successful artist had he been prepared to travel in order to promote his work but noted that it would", would,92
1,ffw:history:0:1,history,76,77,"The girl’s name was Farah. She had thick, dark hair. And in the school snapshot found in the flooded basement of Saddam Hussein’s secret-police headquarters, she is smiling and wearing a pretty dress.She was probably about 13 when the picture was taken in the 1950s. She was a student at the Jewish intermediate school in Baghdad, where she", she,310
2,ffw:history:0:2,history,50,51,"None of the original soldier huts remain. The huts that you see in the park today are reproductions based on the model that General Washington wanted the soldiers to follow. Despite a lack of tools and the relative haste in which they were built, most", most,41
3,ffw:history:0:3,history,176,177,"I have changed the header on the site. Prior to today each page was headed by a random picture that was part of the WordPress template. This afternoon I decided to do away with that and put a permanent picture in place. The new header is taken from the picture “First Operation Under Ether” by Robert Hinckley. The original is in the Countway Library at the Harvard Medical School.
The picture depicts the first public demonstration of an operation under anaesthesia. The procedure took place in 1846 at the Massachusetts General Hospital. The lucky patient enjoyed a somewhat pain-free excision of a small vascular tumour from his jaw. At the end of the operation, John Warren (Professor of Surgery at Harvard – the gentleman in the centre of the picture holding the instrument ) is said to have declared, “Gentlemen, this is no humbug” thus giving", giving,0
4,ffw:history:0:4,history,64,65,"The diary, kept by Rywka Lipszyc (pronounced ""Rivka Lipschitz"") – who was born in 1929 – in a school notebook, was discovered by Soviet doctor Zinaida Berezovskaya amid the rubble of the camp crematoria when Auschwitz-Birkenau was", was,599
5,ffw:history:0:5,history,112,113,"Cherokee claims to Kentucky was in fact positively confronted if Tuscarawas entered the brand new Haudenosaunee, a confederacy of Iroquoian speaking peoples one included the fresh new Mohawks, Oneidas, Onondagas, Cayugas, and Senecas for the 1722. Brand new newly designed Six Countries grabbed over power over each of new land northern of one’s Cumberland Lake.
Henderson and Boone illegally discussed the newest cession of all the end in amongst the Kentucky, Ohio, and you may Cumberland", Cumberland,0
6,ffw:history:0:7,history,99,100,"Walter Harris died Nov. 6, 1654. A vessel called the William and Francis came to America in 1632, bringing among its passengers, Walter Harris, who settled in Weymouth, where he remained about twenty years and then came to Pequot Harbor. On his first application for a house lot he is styled of Dorchester, which makes it probable that his last temporary abiding place had been in that town.
He had two sons, Gabriel", Gabriel,382
7,ffw:history:0:8,history,216,217,"The Fessenden American Legion Post 33 presented the Colors. Kathy Muscha with the American Legion Auxiliary tossed flowers over the bridge in a traditional salute. The crowd of about 80 people released balloons before moving on to lunch at the First Lutheran Church, joined by a train of about a dozen motorcycles in honor of Glennon’s love for Harley Davidsons.
The bridge dedication was the first of three dedications being held following action last spring by the North Dakota Legislature. House Bill 1352 named three bridges for veterans, including the N.D. Highway 30 bridge over the James River in Wells County as the Petty Officer Third Class Patrick G. Glennon Vietnam Bridge.
Glennon and 73 others were killed when a portion of their ship went down in the South China Sea on June 3, 1969.
The USS Frank E. Evans was steaming in formation with more than 40 other ships representing a number of navies belonging to the South-East Atlantic Treaty Organization. They were participating in Operation Sea Spirit", Spirit,248
8,ffw:history:0:9,history,58,59,"The fish gate was built by the sons of Hassenaah, who also laid the beams and set up the doors, the locks, and the bars. Next the repairs was made by Meremoth, the son of Urijah, the son of Koz. (Meremoth a priest, son", son,0
9,ffw:history:0:11,history,75,76,"Thomas Anthony ""Two-Gun Tommy"" DeSimone b. May 24, 1950 – , d. January 14, 1979) was a associate of the Lucchese crime family in New York. Also known as ""Tommy D"", he was a nephew of Los Angeles mob boss Frank DeSimone. He was", was,0
10,ffw:history:0:12,history,145,146,"We do not know what message the US Embassy in Dhaka had sent to the State Department after the Pilkhana massacre. We will have to wait for another 30 years to get full text of the official message from the US Embassy.
However, I can share with you the message the US Embassy in Dhaka had sent after the August 1975 coup. This declassified document confirms Sheikh Mujib was warned by the US about the coup but he simply brushed the information aside.
The Embassy also provided early analysis of the August 15 coup against President Mujibur Rahman. It tentatively predicted that the United States would enjoy greater influence under the government of new president Khondakar Mushtaque Ahmed", Ahmed,0
11,ffw:history:0:13,history,117,118,"The city and its surrounding region have gone through several name changes over the centuries. Historically the town is located in the Vayots Dzor region of the Siunik province, which was later given the foreign name Daralaguiaz. The town was called Khodoralez at one point and later Keshishkent. From 1935-1957 its was named Migoyan and finally it was given the name Yeghegnadzor.
Objects found during archaeological digs of tombs near the ruins of the medieval town of Moz show evidence of man", man,96
12,ffw:history:0:15,history,201,202,"At the end of 1830 the Tory party collapsed. This was partly due to the issue of Catholic Emancipation and the party’s attitude towards parliamentary reform. However under the leadership of Robert Peel the Tory party was gradually able to revive itself. In August 1841 the newly named Conservative party won a large electoral majority in the General Election making Peel the Prime Minister from 1841-1846. Yet, during these years Peel faced several large problems left by the disorganisation of the Whig party’s administration. These problems consisted of an economic slump, abysmal working conditions, agitation from the Ireland and pressure to repeal the Corn Laws. This essay aims to assess the success Peel had in concerning these issues.
A large area of success in the Peel’s ministry was the management of the British economy. When Peel became Prime Minister, the number of exports had decreased causing an industrial slump. Industry seemed to be at a stand still and a series of poor", poor,295
13,ffw:history:0:16,history,212,213,"We are certain that this is an accurate depiction of an actual living animal rather than a mythological dog/turtle. There is a stong similarity between the glyptodonts, the anklyosaurs and certain of the giant armadillos, and this object is certainly closer to them, particularly the glyptodonts than it is to a turtle-shelled dog. It’s somewhat surprising that they did not go to that tried and true “worship object” or fetish.
In the photo below, the Pre Columbian artifact from between 300 B.C. and 300 A.D. is compared from bottom right, clockwise to; glyptodont, top left an 18th century Dogon glyptodont depiction (in our humble opinion), and a depiction of Doedicurus, a type of glyptodont supposed to have lived during the Pleistocene.
“Colima Vessel in the Form of a Dog with a Turtle Shell –
Origin: Western Mexico
Circa: 300 BC to", to,274
14,ffw:history:0:17,history,222,223,"Jonathan David Brown (November 20, 1955 – September 27, 2016; age 60) was an American record producer and engineer. He served as Petra's producer from 1980 to 1986. During that time, he produced five of their albums. Brown was also in charge of recording and mixing all five albums.
Jonathan David Brown was born on November 20, 1955 in Oklahoma City. From an early age, his father and grandfather began to instill in him a love for music. During his childhood, Brown learned to play guitar, piano, and percussion, and played with his father regularly. In high school, he was part of the high school choir, where he learned to focus and project his voice.
In the 1970's, he was a member of Seth, a Christian group where he played keyboards and wrote many of their songs. The drummer of the band was Keith Edwards, who would later work with him as a session drummer for Petra. Seth toured", toured,0
15,ffw:history:0:19,history,62,63,"Brought out of reserve in 1962 and towed to Jacksonville, FL, where she was converted at Gibbs Shipyards for service as a fleet ballistic missile submarine dry dock, after which she was recommissioned as USS Oak Ridge (ARDM-1). Stationed at Rota, Spain", Spain,946
16,ffw:history:0:20,history,200,201,"For centuries the Parallel Roads of Glen Roy had baffled both scientists and myth-makers alike; and solving the puzzle would reveal an amazing picture of our geological past. Glen Roy, in Lochaber has three distinct, parallel terraces running the length of both sides of the valley; and it wasn’t until the mid 19th century did geologists realise that they were looking at ancients shorelines from a lake dammed back by huge glaciers. The understanding that Scotland was once glaciated opened up the study across the world; but it was here that scientists had their ah-ha moment.
This year is the bicentennial of Charles Darwin’s birth and 150 years since the publication of his masterpiece, The Origin of Species. The inspiration he found in visiting the Galapagos Islands is very well known, but in the Editorial, ‘Darwin in Scotland’ by Dominic J. McCafferty (The Glasgow Naturalist-2009), we find that the time Darwin", Darwin,0
17,ffw:history:0:22,history,181,182,"A wealthy Oakland physician who practised in San Francisco, Merritt had 85-foot Casco designed along the lines of the famous tea clippers for idle cruising and racing in San Francisco Bay. Casco soon proved herself a worthy descendant of the swift clippers by showing winged heels to all challengers. It was this extraordinary grace that eventually brought the beautiful yacht notoriety and disaster.
Below decks, Casco was almost a miniature palace. Every luxury of that gilt age was to be found: intricate panels of imported hardwoods, carved by hand; bulkheads lined with pure silks; mirrors complete with tassels; velvet drapes. Even her ballast was of the best — solid copper. Dr. Merritt, for 10 years the mayor of Oakland, enjoyed his expensive hobby and captured every speed laurel the Bay City yachting fraternity had to offer. That is", is,685
18,ffw:history:0:23,history,102,103,"The South East Asian Games were considered both a spectacular event and a valuable opportunity for athletes to gain competition experience and preparation for the upcoming Asian Games and Olympic Games. It was purposely created to strengthen friendship, solidarity and understanding among neighboring countries in the region.
The 26th South East Asian Games, formerly known as “South East Asian Peninsula Games”, was held in Jakarta and Palembang, Indonesia last 11th till 22nd of November 2011. It is the fourth time Indonesia", Indonesia,21
19,ffw:history:0:24,history,250,251,"King Philip II spent much of the latter half of the 16th century (and a fair proportion of his plundered new world gold) on building the immense palace where generations of his descendents would escape the sultry heat of Madrid.
In 1984 The Royal Seat of San Lorenzo of El Escorial was declared a UNESCO World Heritage Site. It's a popular day-trip from Madrid - more than 500,000 visitors come to El Escorial every year.
A distant view of the Royal Seat of San Lorenzo de El Escorial (built by Juan Bautista de Toledo)
Avila is sometimes called the Town of Stones and Saints and coming upon the fairytale bulwarks of its medieval defences from the plains of Castile y Leon it is easy to understand why.
Aqueduct of Segovia
The Aqueduct of Segovia is the most important Roman building in Spain. Its 25,000 granite blocks are held together without any mortar yet have been standing almost 2000 years.
The Aqueduct of Segovia spans 818 meters and has more than 170 arches, the tallest being 29 meters high", high,27
20,ffw:history:0:25,history,214,215,"The following is a complete list of titles published by the original left book club the first book listed for each month is that month's choice optional book are identified in the series as follows:a – additional book s – supplementary book t - topical book e – educational series r – repri.
“it terrifies me, the fragility of these moments in our lives” monday, 2 july 2018 interwar britain.
Doomsayers on the left such as sidney and beatrice george orwell's book the road to wigan pier gives a bleak overview in another slum area, st mary’s in . Prominent (brilliant) naqt educational quizlet 7 in the road to wigan pier, he described the life of the industrial working class and their attitudes toward .
George orwell's book the road to wigan pier was illustrated coatbridge born alan frew is the ex-pat lead coatbridge-born union organiser and .
Bringing soviet schools still closer to life: full text of", of,0
21,ffw:history:0:26,history,114,115,"Clemens provided construction management services for the Cristo Rey Philadelphia High School, a private Catholic high school for low income students. The new, $30 Million, 105,000 sf high school sits on a 5+ acre former brown acre site and was built to accommodate 600 students.
When we originally priced the full school, they did not have the funds to proceed with the full scope. As a result, we worked extensively with Blackney Hayes to pare down the project to only include the renovation of the tricycle factory and", and,0
22,ffw:history:0:27,history,121,122,"King Philip IV of France created an inquisition for his suppression of the Knights Templar during the 14th century. King Ferdinand and Queen Isabella formed another in 1480, originally to deal with distrusted ex-Jewish and ex-Muslim converts. Over a 350-year period, this Spanish Inquisition executed between 3,000 and 4,000 people, representing around two percent of those accused. The inquisition played a major role in the final expulsion of Islam from the kingdoms of Sicily and Spain. In 1482, Pope", Pope,33
23,ffw:history:0:28,history,209,210,"Decorations include the Meritorious Service Medal w/ one Oak Leaf Cluster, Army Commendation Medal w/ 3 Oak Leaf Clusters, Good Conduct Medal (7th Award), National Defense Service Medal, Vietnam Service Medal, Overseas Service Ribbon w/ 5 Bars and the Republic of Vietnam Cross of Gallantry Medal Unit Citation w/ Palm.
Raymond served our country with honor, it’s now our turn to honor him.
Thursday, 20 May 2021
Staging: 12:15 PM
Memorial Walkway, POW Circle located in the cemetery
***Please stay at Memorial Walkway, POW Circle till after the Mission Briefing***
National Cemetery of the Alleghenies
1158 Morgan Rd, Cecil Township,PA 15017
Briefing: 12:30 PM
Flag Line: 12:45 PM
Interment at 1:00 PM
Members can attend all of a mission", mission,538
24,ffw:history:0:30,history,175,176,"In September 1863, the Ohio politician John Bingham was at the lowest point of his career. He had once been among the fastest-rising stars in American politics. Nine years earlier, he was among the first group of Republicans elected to the House of Representatives. Shortly after arriving in Washington, he established himself as one of the leading congressional voices against slavery. He was one of the new President Lincoln’s most steadfast supporters and a key member of the House’s pro-war caucus.
But things soon turned difficult. Bingham’s Ohio district was redrawn after the 1860 census. Meanwhile, support for the war was flagging in the North, and soldiers at the front were not allowed to vote with absentee ballots. As a result, Bingham was drummed out of Congress during the 1862 elections.
Despite this personal and", and,255
25,ffw:history:0:32,history,125,126,"A silence fell over the room. Middle-aged men in uniform, faced with the shattering truth of their actions in Vietnam, slowly shook their heads. After some moments, a lone woman rose from her chair and, in a voice choking with disbelief, asked: ''Why didn't you listen to the people in the streets, or the French who had decades of experience in Indochina, or the dozens of Asian specialists on campuses?''
McNamara smiled down from the podium and said: ''But they weren't in our circle.''
The Color of Truth by Kai Bird is a story of two who were in that", that,261
26,ffw:history:0:33,history,122,123,"Tara Hill (Torrchoill in Irish) is an isolated hill near the Irish Sea coast in north County Wexford, Ireland. Though only 253 metres high (833 feet), it dominates the landscape of northeast Wexford. Due to its height relative to the surrounding landscape this hill qualifies as a Marilyn.
Saint Caemhan or Kevin or Cavan, as the name is variously spelt is the Patron Saint of Tara Hill and the site of the old church founded by him is situated at Kilcavan at the north side of the hill under a cliff by the", the,149
27,ffw:history:0:34,history,170,171,"In November 2010 the Royal Licence for Henry Harwarden Gillibrand to take the Name and Arms of Fazakerley was sold on eBay. The licence is dated 4th August 1814 and was signed by Isaac Heard, Garter and Ralph Bigland, Norroy Kings of Arms.
Part of the document reads:
..had been pleased to give and grant unto Henry Harwarden Gillibrand an infant second son of Thomas Gillibrand of Gillibrand Hall in the county Palatine of Lancaster Esquire on the petition in his behalf of Gilbert Ford clerk and John Clarke Esquire acting trustees and executors of the last will and testament of Samuel Harwarden Fazakerley late Fazakerley and afterwards Liverpool both in the said county Palatine Esquire deceased His Majesty’s Royal Licence and Authority", Authority,0
28,ffw:history:0:35,history,72,73,"On this his actual birthday, George Washington remains the most admired but remote of American presidents, more portrait than person. Maybe because he intended it that way. Throughout his life and career, Washington was set on independence. Independence first for himself as a young man, and then, as a general and statesman, for his country.
Read Original at: Jewish World", World,0
29,ffw:history:0:41,history,56,57,"USS Lansdowne (DD-486) in Puget Sound on September 23, 1944 wearing 31/3D camouflage. Lansdowne had been resposible for sinking the German U-Boat U-153 on", on,152
30,ffw:history:0:42,history,123,124,"Longhouse, traditional dwelling of many Northeast Indians of North America. A traditional longhouse was built by using a rectangular frame of saplings, each 2 to 3 inches (5 to 7.5 cm) in diameter. The larger end of each sapling was placed in a posthole in the ground, and a domed roof was created by tying together the sapling tops. The structure was then covered with bark panels or shingles. In some cases separate doors were provided for men and women, one at each end of the house.
Archaeological excavations of many longhouses in New York", York,0
31,ffw:history:0:44,history,61,62,Millions of people all over the US were watching TV on a Sunday night when the television program was interrupted by African Americans being beat by clubs and tear gas being thrown. Six hundred people were attacked by police and state troopers and they were dressed in riot uniforms. ABC was showing a movie and then it was, was,0
32,ffw:history:0:46,history,231,232,"On Wednesday evening, I had the opportunity to see Alice Hoffman speak at the Tenement Museum in NYC. The Museum of Extraordinary Things is Alice Hoffman’s love story to New York City, past and present, and I thought I’d share a few of the many things she spoke of.
In 1911, the New York landscape was shifting. The world was shifting. Her research revealed that more horses were stolen in New York City that year than in all of the midwestern states combined. Coney Island was at its peak of seaside brilliance, with people flocking to the coast for dancing and magic. 1911 is also the year of the Triangle Shirtwaist Factory fire, which claimed the lives of over a hundred young workers and drew attention to deplorable factory conditions across the country. In the same year, fire broke out at Coney Island’s Dreamland, sending lions into the streets of Brooklyn.
And in that haunting way Alice Hoffman presents her work, she shared a story she found in her research. Just as the fire broke out at the Triangle Shirtwaist Factory, as workers realized that the doors", doors,0
33,ffw:history:0:47,history,77,78,"For the past twenty years or so, my family and I have vacationed with friends and acquaintances at Fenwick Island in Sussex County Delaware every summer. Most of the time, this vacation is a few weeks of sun and sand, conversations on the beach all day and happy hour at the tiki bar in the evening. But for the last couple of years, I’ve spent many of", of,223
34,ffw:history:0:50,history,69,70,"The Detroit Video History Archive features nearly 170 hours of newly digitized film footage from 350 pieces of media. It combines rarely seen items from the Detroit Historical Society collection (including promotional materials for the Society and Detroit Historical Museum, public domain third-party footage—such as news reels, amateur and home footage—and promotional material related to", to,0
35,ffw:history:0:51,history,143,144,"James C. Cobb, Spalding Distinguished Professor of History at the University of Georgia, will deliver the address, ""From 'King Cotton' to the Sunbelt: The Rural South and the Global Economy,"" on Wednesday, April 4, at 4 p.m. in Swalm 001.
Cobb is a leading authority on the history of the American South. He is the author of eight books, including ""The Most Southern Place on Earth: The Mississippi Delta and the Roots of Regional Identity."" In addition, he has edited several more books and published countless articles.
Among the most respected American historians working today, Cobb is a former president of the Southern Historical Association and frequent contributor to", to,295
36,ffw:history:0:52,history,80,81,"A public program and podcast series providing a sense of shared legacy for our island community by highlighting stories about Hawaiʻi lifeways, key historic events, social movements, and our role in a globalizing world. Featuring excerpts from our archive of over 800 interviews of Hawaiʻi women and men, this series was the first step in making these oral histories more accessible to our communities with", with,35
37,ffw:history:0:53,history,54,55,"It is a truly magnificent piece of racing history. Only four of these cars were ever made, and it reached a top speed of 186 MPH. According to Artcurial, the auction house selling the vehicle, this specific car set a lap record at the legendary", legendary,320
38,ffw:history:0:55,history,106,107,"Rough Riders week is June 3 -12, 2022 and “we are delighted to jointly put forth such a fun, entertaining, cultural, and historically encapsulated event centered around Teddy Roosevelt, the Spanish –American War, and the connections to Tampa all in one night”, said Lt Col. William “Billy Hogan.
History comes alive with a night filled with presentations by the Mambi’s about Cuba in the late 1800’s, from the Rough Riders about the Spanish American War; and", and,271
39,ffw:history:0:56,history,88,89,"ADELAIDE (ADELHEID), a Burgundian princess wed to King Lothaire of Italy. Following the death of Lothaire, St. Adelaide married Otto I, Holy Roman Emperor, who also predeceased her. As Dowager Empress, she served as regent for the child Otto III, and was of great service to both Church and State. Towards the end of her life St. Adelaide retired to a", a,46
40,ffw:history:0:59,history,142,143,"Around the world, the anniversary of the end of the first world war has many names: Armistice Day, Remembrance Day and Day of Peace. The anniversary of the wars end, the silencing of the cannons, is marked as a day when nations pause in a moment of silence with solemn pride in the remembrance of the heroism of those who have served, those who are currently serving and those who died in our countrys service.
For years in the U.S., the end of World War I was called Armistice Day, only to have the name changed after World War II to Veterans Day, to honor all who have served in Americas conflicts.
Nov. 11 is not", not,1062
41,ffw:history:0:60,history,163,164,"During the 14th and 15th centuries tiles of many different types were made in Catalonia, among them tiles in relief that we may consider as being for the open air, or to be part of a building. At times they have traces of polychromy added after firing. Although it could not have been a ware as abundant as that of wall tiles, many have been found in different places in Catalonia. On this tile a figure pokes its head out between two branches of what seem like the arms of a star with a face in profile. The clever decorative distribution in the space available and its careful manufacture make this tile a very notable and original piece. There is doubt as to its provenance, as although they have also been found in Valencia, the Renaissance decorative characteristics put it closer to the", the,0
42,ffw:history:0:61,history,245,246,"By Yoshihisa Watanabe / Yomiuri Shimbun Senior WriterHIROSAKI, Aomori — The vibrant Tatsuno-shiki style of building featuring red bricks and white stripes is epitomized by Tokyo Station in eastern Japan and the Osaka City Central Public Hall in the west. Prolific architect Kingo Tatsuno created many distinctive buildings like these from the 1880s to the 1910s. Also around this time, master architect Sakichi Horie designed many Western-style buildings with a hint of a Japanese feel in Hirosaki in northern Japan.
Sakichi was born in 1845 as the heir to a family of carpenters employed by the feudal Tsugaru domain. The Memorial Hall of Aomori Bank (previously the main branch of what was the 59th National Bank) completed in 1904 is one of his signature designs, featuring a Renaissance style and bilateral symmetry.
Its walls have been replastered and the building retains the kurazukuri warehouse style architecture. The former Hirosaki City Library, which was completed in 1906, has distinctive twin towers with red roofs", roofs,0
43,ffw:history:0:62,history,141,142,"A spokesman for the War Department said today that authorization to send representatives to Germany to act as liaison officers between the U.S. military authorities and stateless and other Jews still held in camps, will be given to all principal Jewish organizations, and is not limited to any one group.
“However, it is up to UNRRA to decide which groups are going, who is to be represented, and how many representatives they are to have,” he added. The War Department, he explained, decides only whether the individuals selected to go are satisfactory to the military authorities. The rest is up to UNRRA.
UNNRA headquarters here told the JTA today that details have not yet been worked out", out,20
44,ffw:history:0:64,history,60,61,Tourism can be recognized as long as people have travelled; the narrative of Marco Polo in the 13th century; the “grand tour” of the British aristocracy to Europe in the 18th century; and the journeys of David Livingstone through Africa in the 19th century, century,552
45,ffw:history:0:65,history,165,166,"There was a church on this site in 1155 but the earliest remaining feature is the font from the C12th. It has suffered major storm damage in 1702 and in 1775 a major fire destroyed the roof and all the furnishings then in 1779 the spire was blown down. Fine old doors in the porch were built with the porch in 1523. The church his normally open and well worth a visit.
Station Rd, Southminster CM10 7EW, UK – 01621 772300
Everyone very friendly. Church open most days not just Sundays.
C13th but not the prettiest externally though has some very nice carvings to the pulpit and", and,115
46,ffw:history:0:66,history,166,167,"This August 6th, 2022 is the 77th anniversary of the dropping of the atomic bomb on Hiroshima. Our generous benefactor, Mr. Kaoru Iwamoto 9p, was almost killed by this bomb. His Honinbo championship game with Mr. Utaro Hashimoto was moved at the last moment to the outskirts of Hiroshima, about 10 kilometers upwind from the center of the destruction. The blast disrupted the beginning of the last day their three-day game, but nobody in the playing room was badly hurt, so they set up again and finished. Only later, as they walked to their host’s house, did they get the terrible news of what happened as refugees came streaming from the center of Hiroshima.
Iwamoto Sensei’s wartime experiences motivated him", him,0
47,ffw:history:0:67,history,217,218,"Leave the busy streets of London for the quite calm idyllic villages of the Cotswolds. Stop in the town of Burford for tea before visiting villages like The Slaughters, The Swells and Broadway. The 14th century village of Chipping Campden lined with small independent shops is a great place for lunch.
The Victorian seaside resort of Brighton is home to The Royal Pavilion, one of the most exotic royal residences in Europe. Take a stroll through ‘The Lanes’ narrow streets filled with antiques and rare finds. After lunch see the wonderful state rooms and fine art collections at Arundel Castle.
A walk through the home of the Grantham family is a must for Downton Abbey fans. Also visit the church that has seen the shows weddings, funerals and a jilting at the altar. Walk through the village where many of the outside scenes are filmed and visit the Downton Abbey gift shop.
Built on a small island in the lake Leeds is said to be the most beautiful castle in Britain. Continue on to Canterbury", Canterbury,14
48,ffw:history:0:68,history,146,147,"Americas Army will remain totally engaged in our support of the nation as we move into the next century. In support of Joint Vision 2010, the Army has developed Army Vision 2010. This strategic plan has been designed to support the Armys march into the future. Always mindful of the value of our past and the enduring strength of the Armys heritage, the Army History Program looks to the future with great enthusiasm. For it is in the future where we must make our greatest contributions. This strategic plan identifies the five major focus areas in which all of us who support the Total Army must succeed. The goals we have identified within each of the focus areas provide substance to the Army Historical Program and direct the", the,119
49,ffw:history:0:69,history,111,112,"This is a very interesting surname. It is English and locational, but is often thought to be Celtic and Welsh. In fact it originates from a village called Carden in the county of Cheshire, near the town of Malpas. This place which does not seem to be recorded in the 'Oxford Dictionary of English Place Names', a surprising omission, was originally recorded as Kawrdin. This is from the pre 7th century 'carr' meaning a rock, and 'wordign', a farm or enclosed area. In fact the village", village,0
50,ffw:history:0:70,history,213,214,"Ancient Neapolis (Greek “New City”), situated on a small peninsula between two bays, was founded at least as early as the 6th century BC, became part of the Macedonian kingdom in the 4th century BC when Philip II, father of Alexander the Great conquered it, and then was merged into the Roman Republic in 168 BC. The earliest coins from the town, struck near the end of the 6th century BC, depict the Gorgon head. The infamous Brutus and Cassius, assassins of Julius Caesar, used Neapolis as their headquarters in 42 BC before being defeated nearby at the battle of Philippi by Mark Antony and the Emperor to be, Octavian/Augustus (Dio Cassius, Roman History). In the Roman period, Neapolis was one of the best and safest ports in the area, and functioned as the harbor town for Philippi about 10 miles away, similar to the relationship between Attalia and Perga. Today, the aqueduct and part of", of,0
51,ffw:history:0:72,history,63,64,"The Help For Heroes charity, which raises money for servicemen and women wounded in action, also received £1,000 from Paul Hardy, a former Harrier manager. One of Hardy’s former players was Nick Chauntry, who grew up to be a soldier and lost an eye while on duty in Afghanistan in", in,1124
52,ffw:history:0:73,history,58,59,"Join us to celebrate old Eli's birthday - he's 368 years young this year! - at the Kinsale, the Irish pub on the site of the house where he was born. Appetizers and a birthday cake will be provided by the YaleBoston Young Alumni Committee, but", but,62
53,ffw:history:0:74,history,209,210,"A wealth of topics covered, including: BDM Online, Genealogy Master Class, Research Methodology, Standards of proof, Beginners guide to Whakapapa research, Papers Past: The Art of Search, Digitising your family history, Family Photos, Photoshop Your Images, Scrapbooking your Genealogy, Facebook for Genealogists, DNA basics, WW100, Military Personnel Records, Finding Richard III.
Monthly Meeting and Talk - 'A few of my favourite things' by Stephanie Smith
Sunday 4th August 2.00 p.m.
in the Okahukura Room, first floor, Tauranga Library (please note change of venue).
by Stephanie Smith, Specialist Information Librarian in Research Collections, Tauranga Library, shows off some of her favourites from the library's archives and rare books collections. No raindrops, no roses, no whiskers, no kittens - just some fascinating items, including some you might not expect to find in a library. (Stephanie notes: If you", you,443
54,ffw:history:0:76,history,102,103,"I think that we have been obliged to give mule meat to some of our prisoners, during this campaign, to keep them alive till they could get to supplies; and some of our own men have gone very hungry, because, in the haste of pursuit, they marched straight away from the waggons. . . . At 1.30 we found General Sheridan at the house, which was perhaps a mile south of Jetersville.
Along the front was the 5th Corps, strongly entrenched", entrenched,160
55,ffw:history:0:77,history,93,94,"This is a monument from the Sassanid period and is located 20 km. northwest of the ruined city of Shoosh. It is known as ‘Kut Karkheh’ or Ivan-e-Kharkheh palace. A colossal rampart encloses the palace, and on each side there are entrances at regular intervals.
To the east of the area, there is a ruined structure out of which only an arched ceiling made of brick has", has,0
56,ffw:history:0:78,history,178,179,"Schenectady built ALCO 3815, with sister 3823 pushing at the rear, slog up the 1 in 25 (4%) grade into Mach with a train for Quetta. At Mach they will reverse into the station for a few minutes` r... (more)
I don`t know if Metrolink run many non-passenger duties but I couldn`t see any after a quick scan through Railpics. I believe the train was stone, presumably ballast for the railroad
A 12 car Hastings line DEMU arrives at Tonbridge from Hastings. These units were built with a narrow body profile due to the tunnel widths on this line. After electrification in the mid 1980s, the... (more)
The westbound California Zephyr approaches Truckee.CA.
Norwegian owned EL", EL,663
57,ffw:history:0:80,history,117,118,"View of a steam boat named Helen on the Sheyenne River on a calm day, with a smooth reflection of the boat in the water. There are men and women on the boat from the State Normal School, and a young boy...
Portrait of Theodore Roosevelt
Theodore Roosevelt faces the camera and poses for this photograph. He is wearing clothing indicative of the time period. Notice the eyeglasses.
Men's basketball team, Washburn, N.D.
People; Sports & Recreation;
Seven young men pose for the photograph standing in a straight line. They face to", to,4643
58,ffw:history:0:81,history,129,130,"In Glasgow and Scotland, we have been in denial about our role in it for a long time. We’ve known about it all along, but it’s been deliberately hidden. The political situation has changed now though, and we’re being forced to face up to the truth. In particular, Glasgow benefitted economically to an enormous extent – it provided the money that changed Glasgow from a small regional centre into one of the biggest and richest cities in the world. So much of our magnificent architecture was paid directly or indirectly from the enslavement of millions of people.
Our walk will take us around some of the key sites and buildings in the city centre", centre,262
59,ffw:history:0:82,history,170,171,"Allied aircraft bomb Japanese base in Puerto Princesa Island, Philippines. Liberator aircraft in flight. An animated map shows the movement of the planes from Morotai to Puerto Princesa Island. Aircraft bomb Japanese installations. Smoke and explosions. Enemy airstrips are bombed. Aerial view of land. Planes in formation.
Allied campaigns against Japan during World War II. Animated map depicts battles for various islands in the Pacific like Guadalcanal, Palau, Mariana Islands. A map of the Philippines. United States troops invade the Philippines. Naval guns fire at a shore and flak bursts are seen. Dramatic shot of a Japanese Zero aircraft approaching U.S. Navy ships that are firing guns. The Japanese aircraft is hit at close range to the ship, a wing ruptures, it is consumed in fire and crashes with explosion in", in,0
60,ffw:history:0:83,history,237,238,"Visit President James Buchanan’s Wheatland where excursions into the past depart daily! Visit Wheatland, the beloved home of 15th U.S. President James Buchanan, where original furnishings and personal artifacts tell the story of Buchanan, the president who struggled to calm a divided nation on the brink of civil war. Visitors will tour the 1828 mansion with knowledgeable guides in period costume, making it the perfect experience for history buffs and presidential history and home enthusiasts.
History-focused, one-hour long tours are offered mid-January through mid-November, Monday – Saturday, from 10am until 3pm. Tickets may be purchased in advance online at https://www.lancasterhistory.org, by calling (717) 392-4633, or at-the-door. Advance tickets strongly recommended for Saturdays and May-August.
Looking for holiday cheer? Come back to visit Wheatland during the holiday season to experience Yuletide at Wheatland, an annual, holiday-themed program at President James Buchanan’s Wheatland. Enjoy festive décor and learn about how the holidays were celebrated in Buchanan’s time in this one-hour, history and", and,117
61,ffw:history:0:84,history,245,246,"Antifa has conquered Hennepin County. They raised the flag of the violent leftist group over Hennepin County jail and in front of the county center. For those who are unaware, it happens to be a duplicate of the flag used by the German Communist Party in 1932. We’re sure our honest media will get right on that.
— Leah Soule (@SouleLeah) August 14, 2017
About 100 Antifa stormed a county building, took down the Hennepin County flag, burned it and replaced it with their Antifa flag. They cheered as it was raised.
They had been marching around Minneapolis and wound up at the county buildings. A spokeswoman for the country confirmed the incident for CNS News.
We checked, no one was arrested or held accountable in any way. Perhaps they didn’t know who did it.
One of our readers, Zigmont, found out this next bit of information.
THE ANTIFA FLAG IS THE GERMAN COMMUNIST PARTY FLAG of 1932
The Antifa flag matches that of the paramilitary flag of the German Communist party in 1932. How", How,0
62,ffw:history:0:86,history,117,118,"There was a moving item on Midlands Today tonight (10th Nov 2016), with Nick Owen interviewing Pebble Mill series editor, Steve Weddle, about the campaign to erect a blue plaque to commemorate BBC Pebble Mill. The campaign seems to be building a momentum, and fingers crossed, the plaque will soon become a reality.
Nick also interviewed cameraman, John Williams, who shot a wealth of dramas and factual series during his long career at Pebble Mill. John has just published an autobiography about his life as a cameraman entitled, Shoot First – No Ordinary", Ordinary,0
63,ffw:history:0:89,history,88,89,"I had been wanting to stay at the Historic Balch Hotel for years, but given its location to myself it was always just too close and just too far away to drive out for a single night. Luckily this last year my mom and I decided to embark on a central Oregon road trip and I knew that without a doubt we would be finally getting to stay here.
Dufur is a small town in North Central Oregon, only a few", few,0
64,ffw:astronomy:0:4,astronomy,63,64,"Scientists called the pitch black planet WASP-12b, and located it at a distance of 1,400 light-years from Earth. They described it as a hot Jupiter, since it is about as big as our gaseous giant, and it also made of gas. Also, its temperature is", is,355
65,ffw:astronomy:0:5,astronomy,97,98,"Nobody knows! Various things have been written and various people have thought carefully about the problem, but ultimately all the ideas fall down on the need for things we don't have, wouldn't know how to manipulate or control, and may not actually exist.
If you could warp space on a whim, you might be able use it to drive spacecraft around, create stealth spacecraft, create defense shields, artificial gravity for the inside of the ship, and maybe even stasis fields.
The sorts", sorts,135
66,ffw:astronomy:0:8,astronomy,88,89,"Revealing the formation, dynamics, and contribution to plasma heating of magnetic field fluctuations in the solar wind is an important task for heliospheric physics and for a general plasma turbulence theory. Spacecraft observations in the solar wind are limited to spatially localized measurements, so that the evolution of fluctuation properties with solar wind propagation is mostly studied via statistical analyses of data sets collected by different spacecraft at various radial distances from the Sun. In this study", study,0
67,ffw:astronomy:0:10,astronomy,149,150,"The last time Neuralink presented a show-and-tell event, it showcased a monkey playing Pong with its mind via an in-development brain chip. The company explained during the presentation that the monkey named Pager was able to move the cursor on a computer screen with neural activity using a 1,024-electrode full-implanted neural recording and data transmission device called the N1 Link.
Since that announcement in April 2021, Neuralink has been somewhat quiet on its development announcements, with reports now indicating that Neuralink co-founder Max Hodak quietly left the company in late April 2022 for an unknown reason despite remaining a ""huge cheerleader"" for the company.
Moreover, Musk has been", been,115
68,ffw:astronomy:0:12,astronomy,192,193,"Jesus and the prophets gave us clues as to Jesus Second Coming, not the day and the hour, but the year and the month. You discovered the year, 2018, and I know someone found the month, based on the feasts of Israel and cycles of the moon or something like that. The month cannot be discovered until it is almost here because of something to do with not knowing the cycle of the moon until just before it happens, can you give me the name of the feast and the reason we can’t know the cycle of the moon until the rabbis figure it out?
There’s a popular opinion that the 2nd Coming will fulfill the Feast of Rosh Hashanna, also known as the Feast of Trumpets and the Jewish New Year, that comes in the Hebrew month of Tishri (Sept.-Oct.). Because it takes place at the time of the new moon rather than on a full moon, it’s very", very,0
69,ffw:astronomy:0:13,astronomy,221,222,"Today I found a few nice images that I wanted to talk about, and each one revealed something different about the object that was being imaged. I thought it would be a good chance to show everyone how astronomy is really the study of patterns of light, speaking from a minimalist perspective. We learn literally everything about the Universe beyond the solar system from the photons we see. From photons we can deduce the mass, distance, density, composition, behaviour, formation, and evolution of the cosmos. Pretty stellar! (pun intended) Here are some recent images and what we learn from them.
1. Planetary Nebula NGC 3242 “Jupiter’s Ghost”
Jupiter’s Ghost is a planetary nebula located 1,400 light years away in the constellation Hydra. First discovered in 1785 by William Hershel, the above image shows a composite of X-Ray and optical images that were taken with ESA’s XMM-Newton telescope and NASA’s Hubble Space telescope. Newton Data is blue and Hubble is green and red.
What it", it,0
70,ffw:astronomy:0:14,astronomy,113,114,"A robot helicopter will fly the skies of Mars as part of the 2020 mission, NASA has announced, hoping to replicate the success of the Wright brothers on the red planet. And if you think this sounds relatively cool, well: You're right.
The helicopter has been in development since 2013, and has been considered as a potential candidate to launch to Mars, but it's finally received official confirmation that it will ride in the ""belly panel"" of Mars 2020 until the rover touches down. Those commands will", will,0
71,ffw:astronomy:0:15,astronomy,68,69,"Humans have looked to the sky to navigate the vast oceans. It is a purpose of astronomy that opens our eyes and gives context to our place in the Universe. And can reshape how we see the world. Decide when to plant their crops, and answer questions about where we came from and how we got here.
When Copernicus claimed that", that,41
72,ffw:astronomy:0:16,astronomy,77,78,"An energetic shift for our solar system is underway and it is initiating changes within the sun and for the whole of humankind. Corey Goode and Jay Weidner explain what these changes mean for the future of humanity as we continue our shift from 3rd to 4th density. Despite concerted attempts to stunt this ascension process, extraterrestrial assistance will ensure our continued evolution as", as,0
73,ffw:astronomy:0:17,astronomy,249,250,"Thought on where in the solar system life might occur was limited historically by the belief that life relies ultimately on light and warmth from the sun and, therefore, is restricted to the surfaces of planets. The inner boundary of the ""habitable zone"" in our solar system was considered as approximately between Earth and Venus, not so close to the sun as to be too hot for life. The outer boundary was considered to lie between Mars and Jupiter, not so far from the sun that the surface of a body would necessarily be frozen or receive too little light for efficient photosynthesis. Light probably is not directly required for life to arise, however, except as it may be involved in the formation of organic compounds during the accretion of a planetary system. On the other hand, the biological use of light energy, photosynthesis, may be a prerequisite for persistence of planetary life over billions of years. The reason for this conjecture is that light provides a continuous and relatively inexhaustible source of energy. Life that depends only on chemical energy inevitably will fail as resources diminish and cannot be renewed.
Nonetheless, we know that life occurs in Earth's crust, away from the direct influence of light, and that many organisms have metabolisms that function independently of", of,87
74,ffw:astronomy:0:18,astronomy,68,69,"Nasa's Juno spacecraft is currently making its 13th orbit of Jupiter on one of the most ambitious and risky space missions ever undertaken. The astonishing images it has captured are not just visually stunning, they also deliver spectacular scientific insight, revolutionising our ideas about Jupiter. Maggie Aderin-Pocock explores these stunning discoveries, from", from,191
75,ffw:astronomy:0:22,astronomy,165,166,"As Production and Ground Operations Manager, Commercial Crew Transportation System, Charles (Chuck) Hardison leads Boeing’s manufacturing, assembly, and test efforts of the CST-100 spacecraft, including the planning for program facilities and operations infrastructure. Hardison ensures that innovations, efficient processes, and capabilities from across the Boeing enterprise are used in the manufacture and processing of space transportation vehicles to support NASA and commercial customers.
A longtime resident of Florida’s Space Coast, he has over 28 years’ experience in the aerospace industry working Space Shuttle solid rocket production engineering, International Space Station development, manufacturing, and test combined with increasing responsibility in program management roles.
Hardison previously held positions as the Director, Mission Management and Operations for Boeing Spacecraft Services at the Kennedy Space Center (KSC), Site Manager, International Space Station Boeing Prime", Prime,0
76,ffw:astronomy:0:24,astronomy,85,86,"The new Mars Express images show a region of Reull Vallis at a point where the channel is almost 7 km wide and 300 m deep. The sides of Reull Vallis are particularly sharp and steep, with parallel longitudinal features covering the floor of the channel itself.
These structures are believed to be caused by the passage of loose debris and ice during the “Amazonian” period – which continues to this", this,899
77,ffw:astronomy:0:25,astronomy,144,145,"Number one on the list might be the Big Bang that started it all, or the Chixculib asteroid that wiped out the dinosaurs 65 million years ago, Copernicus moving the sun to the center of our solar system, humans walking on the moon or one of NASA's most recent discoveries.
Bring your own list to compare.
Berninger will share the dynamics of the events and how they influenced our thinking and understanding of the universe, and how they continue to do so today.
The program begins at 8 p.m. Saturday, May 11, at the society, 5274 Zion Road, Cleves.
After the presentation, Astronomers will be on hand", hand,340
78,ffw:astronomy:0:26,astronomy,215,216,"Eight site survey instruments continue to operate at the the six GONG sites, plus downtown Tucson and Sacramento Peak. Another instrument will be installed at Kitt Peak in the near future. The network continues to see the Sun about 93.5% of the time. The two major papers reporting the site survey methods and results have been submitted to Solar Physics. A paper reporting on observations of the dust generated by the Mt. Pinatubo eruption has been drafted, and will be submitted in the near future.
Work continues to progress on the preparation of the field sites to receive the GONG instruments. At the Big Bear Solar Observatory (BBSO), a small land fill adjacent to the causeway out into the lake will be required to seat the station. Members of the GONG and BBSO staff met with the Army Corps of Engineers in January to discuss the applications for the various necessary permits. In all, four different permits are required, including the Corps of Engineers, the State water quality and wildlife agencies, and the local water district. In a parallel activity, requests", requests,0
79,ffw:astronomy:0:27,astronomy,85,86,"Gioia Massa is a NASA scientist at Kennedy Space Center working on space crop production for the International Space Station and future exploration endeavors. She conducts research to study nutrition and flavor of space-grown crops, supports science in a variety of space station hardware, and works with external investigators. She is active in education and outreach programs related to plants in space. She has a BS in Plant Science from Cornell, a PhD in Plant Biology from", from,173
80,ffw:astronomy:0:30,astronomy,180,181,"Some authors, however, among whom are Eusebius, Jerome and the historian Socrates, place its commencement at the 1st of September; these, however, appear to have confounded the Olympic year with the civil year of the Greeks, or the era of the Seleucidae.
The Civil Year Is That Which Is Employed In Chronology, And Varies Among Different Nations, Both In Respect Of The Season At Which It Commences And Of Its Subdivisions.
Others again confound both the year of Rome and the civil year with the Julian year, which in fact became the civil year after the regulation of the calendar by Julius Caesar.
The civil year commenced with the calends of January, but this did not hold a fixed place in the solar year till the time of Julius Caesar(see Calendar).
In the article Calendar (q.v.), that part of", of,361
81,ffw:astronomy:0:33,astronomy,90,91,"The US National Committee on Theoretical and Applied Mechanics (USNC/TAM), of which the APS is a member society, will launch a Distinguished Lecture series on Friday, April 30, at 3pm Pacific Daylight Time (6pm Eastern). The inaugural lecture will be given by Adam Steltzner of the NASA Jet Propulsion Laboratory, and Chief Engineer on the Mars 2020 Perseverance Rover and entitled", entitled,81
82,ffw:astronomy:0:35,astronomy,141,142,"A mysterious one radio signal coming from the center of an ancient group of stars has recently attracted the attention of a group of scholars and astronomy enthusiasts spread throughout the world: apparently its origin is to be found in a specific point of the Milky Way located at approximately 14,500 light years from the Sun. According to the first hypotheses made by the experts, it could be either a pulsar, i.e. a rapidly rotating star with a large density of neutrons, or a medium-sized black hole, a particularly rare type which until to date it has only been theorized but never observed: in the latter case, therefore, it would be a discovery of great importance.
The radio signal", signal,0
83,ffw:astronomy:0:37,astronomy,52,53,"There’s an out-of-this-world new drink coming to Sonic locations nationwide in celebration of the upcoming North American total solar eclipse, which will darken skies on April 8. The Blackout Slush Float hits Sonic Drive-Ins on March 25, and it", it,33
84,ffw:astronomy:0:40,astronomy,149,150,"See that tiny dot in the middle of that ring? That's Saturn. And the newly-discovered glowing ring is 13.4 million miles in diameter. The proverbial 800-pound gorilla has been discovered by the Spitzer Space Telescope, leaving every single astronomer speechless.
The ring hasn't been discovered till now because it's so diffuse that it reflects very little sunlight. That makes it undetectable by optical telescopes. The particles in it, however, glow with heat radiation, which was captured by the Spitzer's infrared instruments.
This image is an artist representation of what Spitzer's discovered, showing us, once again, that we are still bloody clueless when it comes to almost everything around", around,0
85,ffw:astronomy:0:42,astronomy,79,80,"Frané Lessac (@franelessac) shares UNDER THE SOUTHERN CROSS and UNDER THE MILKY WAY. Frané has made many beautiful books, but it was Traci Sorell’s debut picture book, WE ARE GRATEFUL: OTSALIHELIGA, in 2018 that really made me sit up and pay attention. Today Frané brings two picture", picture,13
86,ffw:astronomy:0:43,astronomy,72,73,"You’ve seen models of CCP-partner spacecraft designs put through their aerodynamic paces in a wind tunnel already, but have you wondered what would happen if a soccer ball were treated to the same thing? For one thing, soccer balls and any spherical object don’t necessarily behave as some might expect. Smooth spheres fly very unpredictably, it turns out – something that", that,0
87,ffw:astronomy:0:44,astronomy,51,52,"I’m delighted that my environmental work has been recognised with a nomination in the 2013 Manly Environment Centre’s Eco Awards. Here I am with my great friend, mentor and inspiration Judy Reizes, Director of the Manly Environment Centre. Judy", Judy,612
88,ffw:astronomy:0:46,astronomy,65,66,"Candidates will have a recent PhD in experimental particle astrophysics, nuclear or particle physics, or in a closely related field. The original appointment will be for two years, up to three years in special circumstances, subject to funding. The stipend will be commensurate with qualifications and experience.
The opportunities are for the following", following,578
89,ffw:astronomy:0:48,astronomy,205,206,"We will start from the top. Did you know that in October we will get to experience a total lunar eclipse AND a partial solar eclipse?! That’s right, two in one month. If the weather is just right, those of us in Pinellas County can see the total lunar eclipse around 6:55am (give or take two minutes) on Wednesday, October 8th. This is when the Moon passes directly behind the Earth and the Earth’s shadow creates a reddish hue on the moon. Then, on Oct. 23rd you can see a partial solar eclipse where the moon covers parts of the sun starting at 6:19pm. Unfortunately for us, the sun will be getting close the horizon at the peak of the solar eclipse, but there is still a chance to see some of it!
Fall is also known for the beautiful changes in leaf color, but us Floridians’ know that if we want to see true fall colors, we need to head north. Many trees", trees,137
90,ffw:astronomy:0:50,astronomy,242,243,"In Nightfall, the planet Lagash is in a system containing six stars; therefore, there is never night. Only once every two thousand years the alignment is such that only one sun is up, and an eclipse occurs due to another orbiting body which produces a brief night and a glimpse of the stars. In “Catwalk,” the planet in question is in a binary system such that it has only four days of night in any given month.
We here on Earth do not have such problems, or do we?
On one of my astronomical observing trips to Chile, I was able to see my own shadow on a moonless night from just the light of the stars from the Milky Way. I had never seen so many stars.
If you live in any of the urban or suburban areas of our planet, you probably have never seen the full splendor of the night sky, either. Why is that?
Go outside at night and look around. What do you see? I bet that most of the illumination you see will be from artificial light sources such as street lights, large advertising signs, and building lights from residences and businesses.
A century ago even in the cities people could look up", up,179
91,ffw:astronomy:0:51,astronomy,125,126,"On July 20, 1969, the Apollo 11 mission put the first humans on the moon. Neil Armstrong famously commemorated his first steps on the moon by saying, ""That's one small step for man, one giant leap for mankind."" Click through the gallery to see other milestones in space exploration. And go inside ""The Space Race"" on ""The Sixties,"" Friday, July 25, at 9pET and Saturday, July 26, at 10p ET.
Photos: Famous firsts in space
The Mars rover Curiosity does a test drill", drill,912
92,ffw:astronomy:0:58,astronomy,207,208,"For an easy-to-use constellation guide covering the whole evening sky, use the big monthly map in the center of each issue of Sky & Telescope, the essential magazine of astronomy. Or download our free Getting Started in Astronomy booklet (which only has bimonthly maps).
Once you get a telescope, to put it to good use you must have a detailed, large-scale sky atlas (set of charts). The standards are the Pocket Sky Atlas, which shows stars to magnitude 7.6; the larger Sky Atlas 2000.0 (stars to magnitude 8.5); and the even larger and deeper Uranometria 2000.0 (stars to magnitude 9.75). And read how to use sky charts effectively.
You'll also want a good deep-sky guidebook, such as Sky Atlas 2000.0 Companion by Strong and Sinnott, or the more detailed and descriptive Night Sky Observer's Guide by Kepple and Sanner, or the classic if", if,329
93,ffw:astronomy:0:59,astronomy,73,74,"The four terrestrial planets are much smaller than the gas giants, and each has a solid surface. The outer planets are gas giants, which are made up primarily of hydrogen and helium and lack a clearly defined surface to serve as a boundary between the atmosphere and the inner regions of each planet. Unlike the planets of the inner solar system, the outer planets each have a complex system", system,267
94,ffw:astronomy:0:60,astronomy,94,95,"Elon Musk’s rocketry outfit SpaceX is hard at work this week preparing for its third attempt to land its all-original Falcon 9 rocket booster on a barge anchored at sea. The attempt will take place this Sunday, after a mission to send a Dragon cargo capsule on a supply run to the International Space Station (ISS), which is in desperate need of supplies after a Russian rocket failed to reach orbit earlier this year.
SpaceX has been trying to land the booster", booster,0
95,ffw:astronomy:0:62,astronomy,117,118,"Business Insider says the rain is the disintegrated remains of Saturn’s rings, which according to researchers are mostly made up of chunks of ice and rock. The rings are under constant attack by UV radiation from the sun, and also by smaller meteoroids.
Tech Insider goes on to explain the scientific reasoning as to why Saturn’s famed rings are slowly becoming eroded, saying when collisions from the UV radiation and smaller meteoroids take place, the icy particles vaporise; forming charged water molecules that interact with Saturn’s magnetic field.
Further explanation says this ultimately falls towards Saturn, where they", they,621
96,ffw:astronomy:0:63,astronomy,184,185,"On Saturday (1 April), stargazers from around the world will have the unique opportunity to watch the close approach of comet 41P/Tuttle–Giacobini–Kresák – the April Fool's Day Comet. This will be the first time since its discovery in 1858 that it comes so close to Earth.
Comet 41P was first identified by astronomer Horace Tuttle, who is also credited with having discovered several other comets, including the iconic Swift-Tuttle. When Earth passes through debris left by Swift-Tuttle every year, people get to see the impressive Perseid Meteor Shower.
41P was then rediscovered by Michel Giacobini (in 1907) and Ľubor Kresák (in 1951), so its full name also honours these two men.
The comet circles", circles,0
97,ffw:astronomy:0:64,astronomy,220,221,"In the other parts of Sea & Space, we look upon the oceans from various perspectives, mostly related to ecology and navigation. Oceans of Water deals with the at the investigation of some of the basic properties of the predominant element of the oceans - water. Water is not only present in oceans and rivers, it is also found in the atmosphere, in trees and animals (as part of the biomass), in rocks - and in ourselves. Each second, our planet transforms huge quantities of water in different cycles, from liquid to gas, from liquid to solid, from solid to liquid, from gas to solid, from solid to gas.
The Pacific Thunderstorm on this image involves several of these transitions. (NASA image, obtained from the Columbia Space Shuttle).
But there is also plenty of water outside the Earth, in space.
Recent research has shown that water is present in much larger quantities than thought before, both on the Moon, in the outer solar system, in the atmospheres of giant stars and in the interstellar clouds of dust and gas.
This part of the ""Sea & Space", Space,0
98,ffw:astronomy:0:68,astronomy,137,138,"The NICER mission is pleased to announce that the proposal selection process for GO Cycle 1 is complete, and observations will begin March 4, 2019. Documents listing selected proposals and approved targets have been released. Target of Opportunity targets requested by more than one proposal have been prioritized according to feedback received from the review panels. If you feel a target has satisfied the trigger criteria, please contact the NICER science team via the NICER Target of Opportunity/Director's Discretionary Time Request form.
- NICER sees the contraction of the corona in a black hole X-ray transient (14 Jan 2019)
NICER made the cover of", of,574
99,ffw:astronomy:0:70,astronomy,231,232,"A number of occasions every year a down-looking digital camera on the International Space Station (ISS) is made out there by NASA for making image requests for the floor of the Earth. The digital camera is the Sally Journey Earthkam and because the weblog title says, that is Sally Ride EarthKam Week. As these photos, present our planet has a remarkably various floor.
A well-liked factor to do is select an orbital path and comply with it throughout part of the Earth you have an interest in. Perhaps the place you reside, a spot you have got visited or wish to go to? Zoom in to see extra element, particularly the place the orbital path (the purple one – for daylight), crosses. If glad click on on the purple line and make your request.
Taking part in this system requires registering so you possibly can obtain e-mail notifications of the following Earthkam week. I’m registered as a classroom Trainer nonetheless any educator might apply. This is able to be nice for Scout teams, or some other group occupied with studying extra about our planet, to not point out studying about NASA and its missions to Earth in addition to off world endeavors", endeavors,0
100,ffw:astronomy:0:71,astronomy,130,131,"What makes the moon so great? It’s honestly just a piece of rock orbiting around the earth. Left to itself, the moon would be seen as nothing. What makes the moon so great is the sun. We can look at the moon at night, see it shine so brightly, and revel in it. It’s beautiful, and it gives us the slight light that we need at night.
Yet without the sun, the moon would be nothing. No shine. No light. Nada.
In Psalm 89:37, the Psalmist refers to the moon as a faithful witness in the sky. This begs the question: a", a,98
101,ffw:astronomy:0:72,astronomy,221,222,"Stars viewed by an observatory in South America have just lost their twinkle. Images from this ground-based telescope are brighter and clearer than ever before, thanks to a new instrument on the Gemini South observatory that reduces the blurring, or twinkle, caused by Earth's atmosphere.
Earth's atmosphere may create beautiful sunsets, but the movement of warm and cold gases makes seeing distant astronomical sources a challenge. By relying on a combination of light-wave sensors and deformable mirrors known as adaptive optics (AO), astronomers have been able to subtract out the turbulence, improving their images.
Numerous telescopes have already been fitted with adaptive optics systems, but a recent upgrade to the Gemini South telescope, located in Chile, takes adaptive optics to a new level.
Gemini is a collaboration between seven member countries: the United States, the United Kingdom, Canada, Chile, Australia, Brazil and Argentina.
Some proponents of the telescope are hoping the new system will help pull the observatory out of a productivity rut, according to Nature News. Compared to other facilities of comparable size, such as Subaru and", and,0
102,ffw:astronomy:0:73,astronomy,149,150,"Black holes, stars, newly discovered planets, extraterrestrial signals, dark matter and many more concepts keep some of our brightest scientists awake at night. From the origins of the universe to our latest theories, in this series, we venture into the fascinating world of the bright night sky.
Join our Garden Fellows as we unravel some of the most interesting questions behind those surprisingly simple to see, and yet complex, shiny dots in the sky.
Professor Sara Seager is a pioneer in vast world of exoplanets & the search for other life in the universe. In this Garden Talk, Sara will consider space science's biggest question: Are we alone in the universe?
400 million years after the Big Bang, the Universe was very", very,0
103,ffw:astronomy:0:74,astronomy,108,109,"I saw a long shinny cylinder in the north/west sky around 6:54am. as I was going to my car to go to work. The sun was out, and there were no stars in the sky that I could see. I went back into my house and got my camera, this took about 3 minutes; and to my surprise the object was still there. After snapping the first shot, it was gone. I watch the skies every time I go outside, and I've seen a lot of strange crafts in", in,0
104,ffw:astronomy:0:77,astronomy,57,58,"The China National Space Administration has released a series of beautiful images from its recent moon mission. The photos – all true colour and high definition, taken by the Chang’e 3 lunar lander and Yutu rover in 2013 – are available for download from the Chinese Science and", and,0
105,ffw:astronomy:0:80,astronomy,241,242,"NASA’s James Webb Space Telescope has peered into the chaos of the Cartwheel Galaxy, revealing new details about star formation and the galaxy’s central black hole. Webb’s powerful infrared gaze produced this detailed image of the Cartwheel and two smaller companion galaxies against a backdrop of many other galaxies. This image provides a new view of how the Cartwheel Galaxy has changed over billions of years.
The winter AAS meeting was heavy on news from the James Webb Space Telescope. What were some of the new results that were announced?
December skyguide and news with @AwesomeAstroPod. We JWST image of exoplanet atmosphere, ESA astronaut recruitment, Artemis 1, and more stories. Also Does the x-ray end of the electromagnetic spectrum have Fraunhofer lines like the visual part?
This week, @WSHCrew discuss about “extremely red” QUASAR that dates back to the earliest days of the Universe with Dr. Andrey Vayner. Also how the total lunar eclipse looks red, water on Earth, plant on space, pink aurora. #365DaysOfAstro
Lets explore Venus with robotic balloons! More about this aerobots with", with,623
106,ffw:astronomy:0:83,astronomy,75,76,The Alpha Capricornids are active from July 3 through August 15 with a “plateau-like” maximum centered on July 30. This shower is not very strong and rarely produces in excess of five shower members per hour. What is notable about this shower is the number of bright fireballs produced during its activity period. This shower is seen equally well on, on,89
107,ffw:astronomy:0:88,astronomy,90,91,"The Pegasus Alpha Site is an outpost set up by the Atlantis expedition as early as their first year in the Pegasus Galaxy. The original Alpha Site was abandoned after being discovered, and tagged, by the Wraith and the expedition had to search for a replacement.
A new Alpha Site was set up in the second year and was used as a temporary prison (and research) facility for the Wraith known as Michael Kenmore. This base was likely", likely,0
108,ffw:astronomy:0:91,astronomy,233,234,"Welcome to my website. If you were wondering what all the ""theme"" nonsense is, or why your browser asked you to share your location, it's because I discovered Cosine Kitty's Astronomy Engine and had to do something with it. The engine does a huge amount, but I'm using it to get a position for the sun and moon and put them on your screen.
If you're visiting the site in ""Sky mode"" you'll hopefully see a sun or a moon or both on the page (you might also be be visiting when they've both set, in which case sorry about that — please come back later). The site will be dark when the sun is set and light when the sun has risen. The sun and moon are mapped fairly crudely onto the screen using Azimuth and Altitude values from the astronomy engine. I map altitude to the vertical direction of the screen (the sun sets at the bottom of the screen, whereas the top of the screen is reserved for when the sun is directly overhead). The azimuth is a little stranger to map because it's a 360 degree value which I'm mapping on a horizontal plane, so", so,16
109,ffw:astronomy:0:92,astronomy,234,235,"I expect posts to be relevant and civil. Debate is fine, but flaming, arguments, thread hijacking, advertising competing or unrelated products, etc., will prompt me to take action. Play nice. Keep it on topic. Mirror making is not covered here because I am simply too busy.
Lockwood Custom Optics makes optics for Newtonian and Cassegrain telescopes, specializing in large (up to 60"") and fast (down to F/2) optics and systems made from monolithic and cast cellular blanks.
I specialize in large, thin, fast, accurately corrected, smooth optics that are excellent figures of revolution. I have significant experience with lightweight cast cellular blanks. A list of my commercial clients is here, and page showing some of my notable projects can be found here.
The photo shows a 50"" f/4.0 mirror that was successfully tested (uncoated) in the telescope built by the Astronomical Research Institute. It is currently being used for for measurements of asteroids and near-Earth objects (NEOs), and other research.
A 32"" f/2.8 was recently completed", completed,197
110,ffw:astronomy:0:93,astronomy,69,70,"Planetary Resources hasn't had much success getting its asteroid mining business off the ground, in a very literal sense -- it lost its first satellite, Arkyd-3, in the Antares rocket explosion last year. It's about to get a second try, though. The L...
|All times are GMT +1. The time now", now,71
111,ffw:astronomy:0:94,astronomy,164,165,"To put this number in perspective, 11 billion miles is the equivalent of circling the Earth 440,000 times. And yet, in terms of light-years, the unit to measure space that is marked by how far light can travel in a year, V1 hasn't even left the neighborhood. It will take 40,000 years for V1 to reach only two light-years distance from the sun. As large as 11 billion is, space is infinitely bigger.
3. V1 is Traveling At 39,000 mph
This speed makes it the fastest space technology we have right now. Even spacecraft that have been launched years later with better technology are slower than V1. How does that work? During its initial years, when V", V,608
112,ffw:astronomy:0:95,astronomy,68,69,Rocket Lab hopes to take another step forward in its reusability program tonight as it tries for the third time to recover the booster from its Electron rocket. The “Love at First Insight” mission will launch from the company’s launch site on New Zealand’s Mahia Peninsula at 11:25 p.m. EST. On Rocket Lab, Lab,0
113,ffw:astronomy:0:96,astronomy,127,128,"In ancient times people do not have watches, can only rely on the height of the sun to roughly judge the time. Later, people found the sun in a large stone slowly moving. And the position of moving every day are the same, so they made a stick on the big stone, and around the stick carved some lines, the sun came to which line, you know the time to work or eat, and this is the world The earliest bell, called sundial. The sun every day is Dongsheng West, the sundial sun on the shadow of the stick every day as the center of the right rotation. Later, according", according,0
114,ffw:astronomy:0:97,astronomy,127,128,"The asteroid belt is the solar system’s ultimate time capsule. The rocky debris scattered across all those millions of miles is the leftover material from the formation of the solar system, left essentially unchanged for billions of years. Understanding the members of the asteroid belt, and especially what they’re made of, can help us solve some long-standing mysteries in the deep history of our system.
The downside is that the asteroid belt is really, really far away, situated between the orbits of Mars and Jupiter. So we can’t exactly send crewed missions there (at least not yet ), and the asteroids themselves are so small that we can’t yet land a", a,203
115,ffw:astronomy:0:98,astronomy,100,101,"With the idea now gathering some momentum, I e-mailed Dr. Amanda Gulbis in Cape Town, who I knew had been able to name an asteroid as a naming competition as a project with Pinelands school in Capetown, for advice on if and how we could go about it.
Her advice was as follows:-
First, contact someone who has discovered an asteroid and studied its orbit for a few years and then ask for his or her permission to rename it.
In our case", case,615
116,ffw:astronomy:0:99,astronomy,203,204,"LinkedIn emplea cookies para mejorar la funcionalidad y el rendimiento de nuestro sitio web, así como para ofrecer publicidad relevante. Si continúas navegando por ese sitio web, aceptas el uso de cookies. Consulta nuestras Condiciones de uso y nuestra Política de privacidad para más información.
LinkedIn emplea cookies para mejorar la funcionalidad y el rendimiento de nuestro sitio web, así como para ofrecer publicidad relevante. Si continúas navegando por ese sitio web, aceptas el uso de cookies. Consulta nuestra Política de privacidad y nuestras Condiciones de uso para más información.
c. 276 BCE
c. 195 BCE
By Cynthia Stokes Brown
More than 2,000 years ago
Eratosthenes compared the
position of the Sun’s rays in
two locations to calculate
the spherical size of the Earth
with reasonable accuracy.
A geographer and a poet
Eratosthenes was born in the Greek colony Cyrene, now the city of", of,0
117,ffw:astronomy:0:100,astronomy,169,170,"Sally Ride EarthKAM allows participants to take pictures of Earth from space using a camera aboard the International Space Station. Use EarthKAM as a teaching tool to study subjects ranging from geography to art to meteorology. During the July 14-17, 2020 mission, you can learn how the system works and to start planning ways to incorporate EarthKAM into the school year. Register to participate now.
Mars Rover Game: Play Explore Mars!
Drive around the Red Planet and gather information in this fun coding game!
Activities for NASA’s Summer of STEM: NASA EXPRESS for July 2, 2020
This week's Express can help you keep your family engaged this summer with #NASAatHome STEM learning activities, opportunities and design challenges. Parents, students and teachers can join one", one,1153
118,ffw:astronomy:0:101,astronomy,66,67,"A star that changes into a diamond planet? What sounds like science fiction is apparently reality. The discovery was made by an international team of scientists from Australia, Italy, Great Britain, the USA and Germany, including Michael Kramer from the Max Planck Institute for Radio Astronomy in Bonn. The researchers found the diamond planet with the help of the", the,0
119,ffw:astronomy:0:103,astronomy,250,251,"More on Black Holes from the European Southern Observatory: German astronomers have made a 16-year studies of stars orbiting the galactic centre. By tracking their orbits precisely, researchers can determine the size and location of our galaxy's central Black Hole. One of the stars has a period of only 12 years, completing one orbit within time of the study. The Black Hole is now estimated to have a mass of 4 million suns.
Astronomers have found thousands of stars orbiting in the core. More than 100 OB and Wolf-Rayet stars have been found that appear to have formed just a few milion years ago. Old theories of star formation can not explain how these stars exist. The immense tidal forces and radiation of the core should have torn them apart. Perhaps someday sastronomers will discover that stars contain Black Holes too.
Another team using ESO's Very Large Telescope (VLT) has imaged the ""Einstein Cross"" (photo above) from 10 billion light-years away. The cross is actually 4 images of the same distant quasar, light bent into this image by gravity from a foreground galaxy. Quasars are some of the brightest objects in the", the,24
120,ffw:astronomy:0:107,astronomy,237,238,"The Mars Society is pleased to announce that the Mars Arctic 365 (MA365) Phase 1 mission has been successfully concluded. Led by Mars Society Steering Committee member Joseph Palaia and including Adam Nehr, Justin Sumpter, Barry Stott, Garrett Edquist and Dr. Alexander Kumar and supported by experienced pilots Richard Sugden and Richard Spencer, journalist Jim Moore and the staff of Mars Society HQ, the crew has completed the key essential mission objectives and has returned safely to civilization.
Departing from Idaho on July 8th, the mission spearhead, composed of Palaia, Nehr and Sumpter, reached the Flashline Mars Arctic Research Station (FMARS) located in the polar desert on Canada’s Devon Island on July 10th. Supported by and eventually joined by the others, the team set about refitting and improving the facility, which had been dormant since 2009.
Among the tasks executed were the revival of two on-site diesel generators and the delivery of a sophisticated new “Carnot” diesel generator purchased courtesy of Association Planète Mars, the French chapter of the Mars Society. As such, there are now", now,56
121,ffw:astronomy:0:108,astronomy,208,209,"What is space? It isn't a question that most of us normally ask. Space is the venue of physics; it's where things exist, where they move and take shape. Yet over the past few decades, physicists have discovered a phenomenon that operates outside the confines of space and time: nonlocality--the ability of two particles to act in harmony no matter how far apart they may be. It appears to be almost magical.
Einstein grappled with this oddity and couldn't come to terms with it, describing it as ""spooky action at a distance."" More recently, the mystery has deepened as other forms of nonlocality have been uncovered. This strange occurrence, which has direct connections to black holes, particle collisions, and even the workings of gravity, holds the potential to undermine our most basic understandings of physical reality. If space isn't what we thought it was, then what is it?
In Spooky Action at a Distance, George Musser sets out to answer that question, offering a provocative", provocative,330
122,ffw:astronomy:0:109,astronomy,123,124,"The current standard theory, called the Lambda cold dark matter (Lambda-CDM), requires only three key elements to exist in the universe: the cosmological constant, cold dark matter, and the conventional matter we are daily. This means that smaller galaxies would be subjected to the gravitational pull of larger host galaxies and therefore travel in chaotic orbits, a factor that has not been verified thus far.
The researchers have developed a theory that would explain the unusual orbits of smaller galaxies that concern a dangerous fifth force.
The creation of invisible walls
This never-before-witnessed force might be responsible for the arrangement of galaxies into", into,772
123,ffw:astronomy:0:116,astronomy,59,60,"Final Fate: By the time any video footage is sent back to Earth, the entire crew is dead, killed by either the elements or the creature that's been attacking them. However, the very last shot, a clear image of the cephalopod-like being, is proof to the world that", that,719
124,ffw:astronomy:0:120,astronomy,179,180,"On the evening of Friday, April 1, I attempted my second-ever Messier Marathon. My first was last year, in February of 2010 (observing report here). That one was an out-of-season marathon, and only about 105 objects were visible, of which I observed 98. My goal this year was to break into the triple digits.
Owl Canyon Campground is a BLM public campground about 6 miles north of Barstow. It’s a great place for camping, hiking, and stargazing, but not a site one would usually choose for marathoning. The campground is down in the canyon, and the canyon walls raise both the eastern and western horizons, which cuts down the time available for fishing the early evening and late morning targets out of the twilight. But it’s close by, which was good because", because,62
125,ffw:astronomy:0:122,astronomy,55,56,"In March 2018, astronomers observed a sudden change in brightness of a galaxy located 239 million light-years away. Known as 1ES 1927+654, the galaxy had brightened by 100 in visible light", light,0
126,ffw:astronomy:0:124,astronomy,136,137,"The Aurora Borealis (aka the Northern Lights) are one of the most spectacular natural phenomenon found on our planet, drawing thousands of adventurous travelers to various parts of the world each year. But have you ever wondered what they look like from space? This short-but-sweet video takes us to orbit to look down on the auroras as they are happening. As you’ll see, it is just as stunning from above as it is below.
- Gear Review: Yeti Roadie 48 Wheeled Cooler - August 18, 2022
- Kristin Harila Continues Pursuit of 8000-Meter Speed Record - August", August,0
127,ffw:astronomy:0:125,astronomy,139,140,"When we hear about UFO sightings, our curiosity is often piqued. We wonder if it’s a genuine extraterrestrial visitation or just another optical illusion. One thing is certain, the stories surrounding these sightings have enthralled humankind for decades. And now, an intriguing development emerges from Catalina Island, painting a compelling picture that UFO enthusiasts and skeptics alike can’t ignore.
The Mystery Begins
Catalina Island, known for its pristine beaches and biodiverse marine life, gained a new reputation in 2004. It became the location of the renowned “Tic Tac UFO” sighting, an incident that sent ripples through the UFO community. Fast forward to", to,0
128,ffw:biology:0:0,biology,226,227,"There are no symptoms of neurofibromatosis. several ways in which neurofibromatosis can manifest in the nervous system, sometimes benign or malignant, but usually this is due to the finding of tumors that can compromise hearing, vision, motor, language, among others. These tumors are known as gliomas, meningiomas, or schwannomas.
Types of Neurofibromatosis
- Neurofibromatosis type 1 : most frequent, beginning in childhood and resulting from a mutation (genetic alteration) in chromosome 17. Levi coffee-and-milk stain on the skin of the affected person, in addition to the fibroids that are tumors that grow as nodules from the lower layers of the skin
- Neurofibromatosis type 2 : less common, due to genetic alterations in chromosome 22 and usually manifests with hearing impairment due to the growth of benign tumors in the vestibulocochlear nerve, which is responsible for hearing.
Symptoms of Neurofibromatosis
Symptoms of neurofibromatosis will depend on the type of disease and the", the,213
129,ffw:biology:0:1,biology,90,91,"INDONAL MAN contains Indole-3-carbinol, a substance found in cruciferous vegetables, such as broccoli, kale, cabbage, cauliflower. The extract of the fruit of the saw palmetto maintains healthy testosterone metabolism and has a favourable effect on prostate and genitourinary tract function.
Benign prostatic hyperplasia (BPH), also called prostate enlargement, is a benign disease associated with a number of symptoms affecting approximately", approximately,65
130,ffw:biology:0:3,biology,156,157,"People who make the transition from moderate drinkers to problem drinkers may have their genes to blame, according to new research. Researchers at the University of California, San Francisco (UCSF) have found that a tiny segment of genetic material known as a microRNA plays a central role in the transition from moderate drinking to binge drinking and other alcohol use disorders.
Previous research in the UCSF laboratory of Dorit Ron, Endowed Chair of Cell Biology of Addiction in Neurology, has demonstrated that the level of a protein known as brain-derived neurotrophic factor, or BDNF, is increased in the brain when alcohol is consumed in moderation.
In turn, experiments in Ron's lab have shown, BDNF prevents the development of alcohol use disorders. In the new study, Ron", Ron,328
131,ffw:biology:0:4,biology,211,212,"Food recalls and foodborne illnesses are serious concerns for food manufacturers. For instance, the grappling baby formula shortage that hit the US in February of 2022 and lasted for months, is living proof of how a bacterium such as Cronobacter sakazakii can be deadly.
That’s why it’s important to implement ATP testing in your facility. ATP or adenosine triphosphate is a molecule found in all living or once-living cells. Even if you have cleaned and sanitized your work area or production facility, can you be sure that a visual inspection is enough?
What is ATP testing?
ATP is an essential component of all cells and is produced through chemical reactions that take place inside cells. ADP molecules combine with phosphate ions during these chemical reactions to form ATP molecules. These ATP molecules are then used for energy storage within cells so that they can perform different functions like muscle contraction or cellular respiration.
It works by measuring the amount of ATP present in a product or surface. Low RLU (Relative light", light,0
132,ffw:biology:0:5,biology,216,217,"An integrated analysis exploring current and relevant concepts, Fundamentals of Ecotoxicology: The Science of Pollution, Fourth Edition extends the dialogue further from the previous editions and beyond conventional ecosystems. It explores landscape, regional, and biospheric topics, communicating core concepts with subjects ranging from molecular to global issues. It addresses the increasing growth and complexity of ecotoxicological problems, contains additional vignettes, and employs input from a variety of experts in the field.
Divided into 14 chapters, the book begins with an overall history of the field. It details the essential features of the key contaminants of concern today, including their sources. It examines bioaccumulation, the effects of contaminants at increasing levels of ecological organization, and the regulatory aspects of the field addressing the technical issues of risk assessment. The author includes appendices illustrating important environmental laws and regulations, and compiles key terms not already identified by section headings in the glossary. He also provides suggested readings at the end of each chapter and presents study questions at the end of the book.
Fundamentals of Ecotoxicology: The", The,0
133,ffw:biology:0:6,biology,217,218,"Capsaicin is the chemical that gives hot peppers their bite. When applied to the skin, capsaicin creams can reduce pain sensations in some people. Side effects may include a burning feeling and skin irritation. Alpha-lipoic acid (ALA) is one of the most interesting developments in pain research is the discovery that alpha-lipoic acid, a powerful antioxidant found in food, may be effective at relieving the symptoms of peripheral neuropathy.
Your doctor may prescribe transcutaneous electrical nerve stimulation (TENS) therapy, which can help prevent pain signals from reaching your brain. TENS delivers tiny electrical impulses to specific nerve pathways through small electrodes placed on your skin. Although safe and painless, TENS does not work for everyone or for all types of pain. TENS may be prescribed in addition to other treatments.
Acupuncture may help relieve the pain of neuropathy, and generally does not have any side effects. Keep in mind that you may not get immediate relief with acupuncture and will likely require more than one session. Biofeedback therapy uses a special machine to teach", teach,259
134,ffw:biology:0:9,biology,61,62,"Specifically, I am interested in how neurotransmitters (chemicals released by nerve cells to communicate with one another) can modulate the activity of neurons located within the heart which in turn regulate heart rate and the strength of heart contractions. Most recently, the research in my lab is examining how chronic heart disease", disease,350
135,ffw:biology:0:10,biology,77,78,"Living with an autoimmune disease is challenging to say the least. There are currently more than 100 recognized autoimmune diseases impacting over 20 million Americans. Each unique in their symptomatology and the systems and organs they target, these diseases have a wide range of impacts throughout the body. Autoimmune diseases can have a devastating impact on sleep, both directly and indirectly. Some diseases target areas", areas,0
136,ffw:biology:0:11,biology,79,80,"Kmeans analysis of the normal immune response in studies of Maas et al. . Data are presented as the natural logarithm of the ratio of the experimental group to the control group indicated on the x-axis. Individual lines in the plot represent expression ratios of individual genes over the time course. Clustering patterns correspond to early upregulated genes (a), late upregulated genes (b) and genes that", that,0
137,ffw:biology:0:12,biology,108,109,"The first agent for the therapeutic targeting of B lymphocytes is a chimeric (i. cell types are involved in RA pathogenesis, in most patients there is certainly prominent autoantibody production, which include rheumatoid factors (antibodies to IgG constant regions), and more recently a range of autoantibodies to citrullinated proteins have been described. As most plasma cells do not express CD20, and are therefore not directly targeted by anti-CD20 antibodies, the clinical benefits of this form of", of,0
138,ffw:biology:0:13,biology,65,66,"Scientists have discovered the world's smallest ""molecular cooking pot"" - the round shell of a virus that has literally been emptied of the disease to provide a convenient container to transport drugs within the body. By hijacking the protein case that encapsulates the virus, they hope to fill it to order and trundle it off to the", the,63
139,ffw:biology:0:14,biology,104,105,"If you live in the northern United States, knowing the best time to plant new flowers becomes a tricky task. Winters may be unpredictable, leaving you to wonder when the final frost ends, and spring planting begins. The most effective way to approach an issue like this is by planting cool season flowers that thrive in colder weather, no matter when the warmer temperatures of spring decide to show themselves.
Cool-season flowers also go by the name hardy annuals. These flowers often get planted in the fall so that they can adequately", adequately,0
140,ffw:biology:0:16,biology,231,232,"You may first notice the increase in body fat, especially belly fat. If the chronic stress is not addressed you may progress to adrenal fatigue. Working long hours, short-changing sleep, spinning too many plates and even over-exercising will catch up to you.
Over 80% of people cite ‘lack of energy’ as the most common problem for seeing a physician.
We are a nation of stress-out people! Stress comes from the obvious sources like a crazy job, excessive travel or horrendous traffic, but the body can also perceive stress from food and environmental toxins, nutrient deficiencies, and lack of appropriate sleep as well. Get help addressing factors causing stress.
In the meantime here are a few things that might help!
For the short term I recommend GABA to help quiet your brain. It is an amino acid and an inhibitory neurotransmitter (balances out the excited brain). Take on empty stomach for best results. Start with 1 capsule (500 to 750mg) You may take 1-2 capsules, 1-2 times a day if needed. You can also take in the middle of", of,400
141,ffw:biology:0:17,biology,120,121,"Updated results from the PACIFIC Phase III trial showed AstraZeneca’s IMFINZI® (durvalumab) demonstrated a sustained, clinically meaningful overall survival (OS) and progression-free survival (PFS) benefit in patients with unresectable, Stage III non-small cell lung cancer (NSCLC) who had not progressed following concurrent chemoradiation therapy (CRT).
One in three patients with NSCLC are diagnosed at Stage III, where the majority of tumors are unresectable (cannot be removed with surgery).1,2 Prior to the approval of IMFINZI in this", this,307
142,ffw:biology:0:19,biology,241,242,"The Palawan Council for Sustainable Development Staff (PCSDS) said 3.79 hectares of the 5.53-hectare island under the municipal jurisdiction of Kalayaan were declared as critical habitat by members of the Palawan Council for Sustainable Development (PCSD) through Resolution No. 2022-827 on September 8.
PCSDS executive director Atty. Teodoro Jose Matta said Lawak is a sanctuary with six bird species, three of which are threatened: sooty tern (Onychoprion fuscatus), greater crested tern (Thalasseus beraii), and brown noddy (Anous stolidus).
The others are great egret (Ardea alba), little egret (Egretta grazetta), and barn swallow (Hirundo rustica). The birds known to breed on the island are the brown noddy and sooty tern.
“It is now a national government-declared protected area (PA) under the management of PCSD, and the Philippine Navy (PN). This is a result of exhaustive consultations with the municipality of Kalayaan, Western Command (WESCOM), and the", the,230
143,ffw:biology:0:20,biology,216,217,"The 10th International Congress on the Systematics and Ecology of Myxomycetes was held during the period of February 25 to 28 on the campus of Sede del Atlántico of the University of Costa Rica, located in Turrialba, Costa Rica. This Congress, which brings together individuals from throughout the world who have an interest in or study myxomycetes and other slime molds, is held every three years.
This year’s Congress was attended by approximately 50 individuals, many of whom presented posters or talks on various aspects of myxomycetes (right). Topics of special sessions included such things as Tropical Myxomycetes, Myxomycete Phylogeny and Classification, and Myxomycete Biogeography.
A highlight of the Congress was a day-long field trip to the La Marta Biological Station (below), where participants in the Congress had the opportunity to observe and collect myxomycetes in a tropical forest, which was a new experience for many of them.
The Congress", Congress,112
144,ffw:biology:0:24,biology,105,106,"CD52 (CAMPATH-1, HE5) is a highly glycosylated GPI-anchored 21-28 kDa glycopeptide which is present at high levels on lymphocytes, macrophages, epithelial cells of male reproductive tract and mature sperm. CD52 can be acquired by sperm cells from seminal plasma, where it is released by epithelial cells. Although CD52 is not an essential T-cell costimulator, its triggering results in activation of normal human T cells. CD", CD,0
145,ffw:biology:0:25,biology,147,148,"In contrast to most vertebrate tissues, which heal by forming scar tissue, bone heals through regeneration. Fracture repair is a highly complex and coordinated process involving the interaction of many cell types. It occurs in three distinct but overlapping stages: the early inflammatory stage, in which inflammatory cells, including neutrophils and macrophages, infiltrate and debride the injury; the regenerative stage; and the later remodeling stage. The initial inflammatory stage appears to be crucial for successful healing, perhaps because the chemical signals released initiate a cascade of events culminating in skeletal repair. Understanding the role of inflammation during bone fracture healing may lead to the development of new methods to optimize the healing of traumatic skeletal injuries.
The authors examine fracture healing", healing,0
146,ffw:biology:0:27,biology,142,143,"The lymphatic vasculature provides crucial functions for the maintenance of homeostasis in a variety of tissues and organs by providing the primary route through which immune cells, large proteins, lipids, and interstitial fluid are returned to the blood circulation. This requires the movement of fluid up adverse pressure gradients, a process that is achieved primarily through the intrinsic contractility of individual contractile units known as lymphangions. Lymphatic pump failure has been implicated in a variety of disease processes including lymphedema, congestive heart failure, transplant rejection, and neurological disorders. All of these processes involve the growth and remodeling (G&R) of lymphatics as they adapt to changes directly from injury or to changes in the", the,0
147,ffw:biology:0:29,biology,136,137,"At the risk of jumping into the alphabet soup, the newest COVID-19 omicron variants are called BQ.1 and BQ.1.1. They are even more contagious than the earlier omicron varieties (which caused a dramatic spike in cases about a year ago). While it does not appear these variants cause more serious illness, we are certainly seeing more cases. Hospitalizations in Colorado have doubled since November.
Good news: The bivalent vaccines appear to work well against the current and emerging variants. They offer up to 50% better protection against the prevailing variants than the initial two-dose vaccine. Not primarily intended to prevent infection, they do", do,0
148,ffw:biology:0:30,biology,186,187,"Pomeranians are adorable, furry creatures that are known for their cute and fluffy appearance. However, during the transition from their puppy coat to their adult coat, they go through a phase known as the Pomeranian Puppy Uglies. This phase can be a cause of concern for new Pomeranian owners as it can make their furry friend look patchy, scruffy, and less fluffy.
Understanding the Pomeranian Puppy Uglies is essential for Pomeranian owners to know how to care for their furry friend during this phase. The duration of the Pomeranian Puppy Uglies phase can vary from a few weeks to several months, depending on the individual puppy. Factors such as genetics, nutrition, and stress levels can influence the duration and severity of the Uglies. Knowing how to care for your Pomeranian during this phase can help ease the transition and make it less stressful for both you and", and,0
149,ffw:biology:0:31,biology,236,237,"Ants - According to many studies and scientific statistics, which confirmed the presence of at least 700 species of ants, especially in the United States of America, including 25 species only affects homes. Ants are known to be social pests living in underground colonies or inside the walls of the house. This means that it is impossible to find one insect at home. On the contrary, an insect in the home may indicate terrible numbers hiding in many corners of the house. The colony of ants consists of workers, a queen and soldiers.
Although dessert is an ant favorite food, it may have to eat any kind of food to complement its normal life cycle. But does the presence of this type of house insects cause you damage?!!
Of course, the presence of ants at home causes a lot of structural damage and health damage to your family members and pets, but to be able to deal with this type of insect it is necessary to know more scientific facts that relate to the insect; for example the most common types that you may find in her home and life cycle and reproduction And then ways to protect your home from damage to that insect and get rid of them completely", completely,0
150,ffw:biology:0:32,biology,210,211,"Anthropogenic activities generate different forms of environmental pollution, including artificial light at night (ALAN) and airborne toxic chemicals (ATCs). Nocturnally migrating birds are attracted to ALAN during migration and if ALAN occurs in unison with ATC, the chances of ground-level ATC contamination occurring at stopover sites could increase. Here, we document the relationship between ALAN and ATC within the contiguous United States based on 479 toxic chemicals from 15,743 releasing facilities. Using weekly diurnal estimates of relative abundance for 165 nocturnally migrating passerine (NMP) bird species, we assess how the species richness and relative abundance of NMP species are correlated with ALAN and ATC across the annual cycle. The concentration of ATC increased with increasing ALAN levels, except at the highest ALAN levels. The species richness of NMP species was positively correlated with ATC during the non-breeding season and migration, and negatively correlated during the breeding season. The relative abundance of", of,0
151,ffw:biology:0:35,biology,137,138,"Before 1980, for pharmacological uses, one international unit (IU) of vitamin E activity was defined as 1 mg of all rac-α-tocopheryl acetate by the United States Pharmacopeia (USP) (USP, 1979). Using the rat fetal resorption assay, 1 mg of RRR-α-tocopherol was calculated to be equivalent to 1.49 IU of vitamin E (Weiser and Vecchi, 1981).
After 1980, the IU was changed to the USP unit where one USP unit of vitamin E was still defined as having the activity", activity,151
152,ffw:biology:0:36,biology,106,107,"A cursory examination of the males carrying the deletion of the Sdic multigene family revealed no obvious morphological differences in the testis or impairment in sperm motility Movies S1 and S2. Adams MD , et al. Check if you have access through your login credentials or your institution. Taken together, our results uphold the notion that Darwinian selection actually operated in this genomic region 22 and also provide functional evidence for the relevance of Sdic in intrasexual selection, an evolutionary mechanism that fuels the steady and rapid", rapid,0
153,ffw:biology:0:37,biology,196,197,"Winter season is almost here and has brought along with itself an extensive range of winter fruits. One of our most favourite fruits of the season is guava. The light green, mildly sweet, crunchy fruit is always a delight. Whether you have it raw, blend it in smoothies or press it in jams, guava tastes good in almost all forms. Guava is cultivated in many tropical and subtropical regions and is scientifically known as Psidium guajava. It is a treasure trove of health benefits; from promoting digestion, weight loss, healthy skin to healthy heart- guava is one of the most nutritious additions you can make to your diet. According to experts, it is particularly beneficial for people dealing with diabetes. Diabetes refers to a group of metabolic diseases that result in elevated blood sugar or glucose.
Macrobiotic Nutritionist and Health Practitioner Shilpa Arora tells us that guavas make for a great snack for diabetics, since they have a", a,0
154,ffw:biology:0:42,biology,83,84,"Sorry about the lack of posts. I have been avoiding the blog because I'm avoiding anything remotely related to the bees. I had to close them up this weekend. But in the meantime, we did have an encounter with a brown creeper this morning. We're not sure if this bird hit the window and was recovering on the ledge or was just exhausted from migration.
Normally, I would say that it hit the", the,0
155,ffw:biology:0:43,biology,65,66,"Seven dolphins and over 117 turtles have been washed up dead over the last two weeks on the shores of Louisiana, Mississippi, Florida and Alabama. While there is no evidence as yet that they are linked to the BP Deepwater disaster, the coincidence is very great.
Scientists are still investigating the deaths, trying to find", find,0
156,ffw:biology:0:45,biology,178,179,"In form these animals are somewhat pig-like; the body is stout, with arched back; the limbs are short and stout, armed with strong, blunt claws; the ears disproportionately long; and the tail very thick at the base and tapering gradually.
In Halohates a comb-like series of sharp spines on the fore-shin can be drawn across a set of blunt processes on the shin of the opposite leg.
The Scotch fir is a very variable tree, and certain varieties have acquired a higher reputation for the qualities of their timber than others; among those most prized by foresters is the one called the Braemar pine, the remaining fragments of the great wood in the Braemar district being chiefly composed of this kind; it is mainly distinguished by its shorter and more glaucous leaves and ovoid cones with blunt recurved spines, and especially by the early horizontal growth", growth,625
157,ffw:biology:0:46,biology,64,65,"For years as I was growing up, I often heard the refrain “exfoliate dead skin cells” or you are going to have skin problems. Commercial products also repeated the same mantra. Even in my youth, I began to wonder if exfoliation was such a great idea. Continued friction over and over, causes a", a,0
158,ffw:biology:0:47,biology,197,198,"Several studies have shown the potential use of Ilex paraguariensis in developing products with the aim to protect biological systems against oxidative stress-mediated damages. In the same way, technological studies have demonstrated the feasibility of obtaining dry products, by spray-drying process, from aqueous extracts of I. paraguariensis in laboratory. The present work was designed to develop pellets by extrusion/spheronization process, from an I. paraguariensis spray-dried powder. The pellets were characterized with respect to their chemical, physical, and technological properties, and the thermal and the photostability of the main polyphenol constituents were investigated. The pellets exhibited adequate size, shape, and high process yield (78.7%), as well as a good recovery of the total polyphenols (>95%) and a good dissolution in water (89.44 to 100.05%). The polyphenols were stable against light when conditioned in amber glass", glass,59
159,ffw:biology:0:48,biology,88,89,"An annual forum on International Symposium on Biomathematics (Symomath) is a multidisciplinary forum for promoting and fostering interactions between mathematical, biological and related industrial communities in studying various phenomena in biology, ecology, infectious diseases, medicine, bioengineering, environmental sciences and more.
The event was sponsored and organized by the Faculty of Mathematics and Natural Sciences ITB, International Mathematical Union, University of Gunadarma, Institute for Research and Community", Community,26
160,ffw:biology:0:49,biology,109,110,"Karl Adolph von Basedow was born in Dessau, where his father held a prominent position. After graduating from the University of Halle he went to Merseburg where he commenced general practice in 1822. He married early and in his later years became chief medical officer of the town, holding this position for the remains of his life. He died in Merseburg in 1854 following an infection of spotted fever attracted while dissecting a corpse.
Besides surgical successes and some publications his name is well known through", through,61
161,ffw:biology:0:51,biology,172,173,"Alcohol is reported to be one of the most used legal substances among women of reproductive age, and its use during pregnancy is one of the most preventable causes of birth defects and developmental disabilities.1 Due to its teratogenic nature, alcohol use during pregnancy has been associated with a condition referred to as Fetal Alcohol Spectrum Disorders (FASD).2 This comprises of a wide spectrum of disorders such as Fetal Alcohol Syndrome (FAS), alcohol-related birth defects, and alcohol-related neurodevelopmental disorders, which are estimated to affect 1% of all births in the United States and can be prevented through the modification of maternal behaviors.1 These adverse birth outcomes and defects are not only witnessed during infancy, but often translate into life-long impairments.3 Not only does this constitute a problem to the population living with it, but it also poses an enormous", enormous,124
162,ffw:biology:0:52,biology,190,191,"You could lose feeling in components of your body or have a painful, tingling, or burning feeling If you have neuropathy, you might not be capable of feel a sore on your foot People who have neuropathy may continue strolling on a foot that has damaged joints or bones Charcot foot causes swelling and instability within the injured foot.
Blood sugar levels are inclined to rise with age because of a rise in insulin resistance and decrease in insulin sensitivity The greatest time to examine blood sugar levels in the morning is correct if you get up and earlier than you eat something This provides you a glimpse of what may be occurring overnight, and it provides you a baseline for the day.
This form of diabetes normally seems in childhood or early maturity, which is why it was beforehand known as juvenile diabetes, in accordance with the Centers for Disease Control and Prevention The dysfunction impacts about 5 of the estimated 30three million individuals in the United States who ve diabetes", diabetes,97
163,ffw:biology:0:53,biology,101,102,"High blood pressure is a common condition in which the long-term force of the blood against your artery walls is high enough that it may eventually cause health problems, such as heart disease blood pressure is determined both by the amount of blood your heart pumps and the amount of resistance to . Hypertension (high blood pressure) fact sheet - hypertension (high blood pressure) updated october 2010 national institutes of health 1 yesterday hypertension is a silent killer because it has no early. High blood pressure high", high,0
164,ffw:biology:0:55,biology,74,75,"Choosing the best at risk of a glucose baby is normally something that all new parents need to learn to do. Many new father and mother think that they can just continue feeding the sugar baby with desk scraps and breast dairy. That may be OKAY in the beginning, but as your baby ages, they are to not get enough nutrients and when they are really not getting enough nutrients", nutrients,0
165,ffw:biology:0:56,biology,183,184,"Karmazin’s leading motivation was a series of mouse studies that involved connecting the veins of two living mice. Wyss-Coray’s own such study in 2014 suggested that this procedure could rejuvenate a part of the mouse brain where memories are made and stored.
But other researchers on Wyss-Coray’s team were hesitant to suggest the results showed any kind of anti-aging effect.
“We’re not de-ageing animals,” Amy Wagers, a stem-cell researcher at Harvard University told Nature in 2014. Instead of turning old tissues into young ones, Wagers said they were simply helping to repair damage.
Nevertheless, Karmazin remains enthusiastic.
“I’m really happy with the results we’re seeing,” he said.
As for us? We’ll wait and see – the proof is in the plasma after all.
Read the full story on Business", Business,1818
166,ffw:biology:0:57,biology,70,71,"That we live longer today tends to be ascribed to better diet and health care – but that’s a complicated issue because, as The New Daily has previously reported, the Western diet, including that consumed by Australians, isn’t so healthy. See here, here and here.
Once we were couch potatoes
An intriguing part of this new theory is that", that,2099
167,ffw:biology:0:58,biology,52,53,"Iodine deficiency (ID) is associated with increased prevalence of goiter, increased risk for neurodevelopmental disorders, and is the world's leading cause of intellectual deficits. Iodine nutritional status of a population is assessed by measurements of urinary iodine concentrations which", which,0
168,ffw:biology:0:59,biology,86,87,"COVID-19 vaccines reduce the risk of infection, hospitalization, and death caused by the SARS-CoV-2 virus. While mRNA vaccines continue to provide durable protection against severe outcomes from all COVID-19 variants, data shows that immunity against emerging variants can wane over time. Recent researchTrusted Source found that the current dominant SARS-CoV-2 variants, BA.4 and BA.5, are significantly more resistant", resistant,0
169,ffw:biology:0:60,biology,233,234,"Most domesticates have their origin in one of some historic facilities of domestication as cattle. Wolf domestication was initiated late in the Mesolithic when people were nomadic hunter-gatherers. Those wolves much less afraid of humans scavenged nomadic searching camps and over time developed utility, initially as guards warning of approaching animals or other nomadic bands and soon thereafter as hunters, an attribute tuned by artificial choice. The first domestic cats had restricted utility and initiated their domestication among the earliest agricultural Neolithic settlements within the Near East. Wildcat domestication occurred by way of a self-selective process during which behavioral reproductive isolation advanced as a correlated character of assortative mating coupled to habitat alternative for city environments.
Other earlier research (Zasloff, 1996; Winefield, Black, & Chur-Hansen, 2008) showed that canine homeowners are more connected to their pets than cat owners. Those results could possibly be a consequence of the fact that in pet attachment devices, some items only described actions typical of dogs. When objects more descriptive of dog behavior were eradicated, canine homeowners and cat owners confirmed comparable scores on the", the,0
170,ffw:biology:0:61,biology,224,225,"Malaria is an infectious disease where there are cycles of fever and chills. It is caused by a parasite known as Plasmodium, which is transmitted by certain mosquitoes. It is prevalent in tropical and sub-tropical regions of the world. Malaria is a serious infection that is often life threatening in developing nations without proper medical treatment accessible to high risk groups.
The symptoms of malaria can occur a few weeks after the initial infection. The symptoms are as follows :
- High fever
- Sweating, when the fever subsides
These symptoms occur in a cyclic manner repeating over 1 to 3 days depending upon the strain of the Plasmodium parasite contracted by the person. Other symptoms can include headache, body pain, nausea, vomiting, diarrhea or severe anemia. Malaria may also cause jaundice (yellowing of skin).
Severe complications can develop but usually only with an infection by Plasmodium falciparum, one of the four species of the malaria parasite. These complications include, shock, liver or kidney failure. Cerebral malaria, usually lethal, can also occur", occur,0
171,ffw:biology:0:62,biology,116,117,"This curriculum is designed to be a supplemental curriculum for teachers who want to integrate the topic of invasive weeds into their existing courses. This curriculum will provide teachers, educators, and weed professionals with an ecologically-based invasive weed curriculum that assists students in developing awareness, knowledge and skills that will result in responsible land stewardship in the state of Montana.
Governor of the State of Hawai'i.
October is ""Stop the Ant Month"" in Hawai'i and a multi-agency effort will be ongoing throughout the month to increase awareness of the importance of early detection to prevent and control the spread", spread,413
172,ffw:biology:0:63,biology,130,131,"For centuries, Luryukens were thought to be a myth dreamt up by sun-addled sailors. It wasn’t until a Luryuken was spotted bringing a floundering ship into Ark Bay after a devastating storm that others began to believe the sailors’ tales. There is a tradition among those who sail the seas to bring an offering for the Luryuken to ensure a safe voyage.
Luryukens predominantly live far from Ark’s shores, out in the deep ocean, where they prefer to keep to themselves. However, a Luryuken will often surface to help ships or shipwrecked sailors find their way back to safety", safety,646
173,ffw:biology:0:65,biology,222,223,"It is best to clean greenhouses as they become empty rather than to wait until just prior to the spring growing season. Cleaning early will eliminate over-wintering sites for pests and reduce populations for the next crop cycle. Greenhouse pests will overwinter in weeds and protected areas in unheated greenhouse, especially if the winter is unseasonably warm. Remove leftover plants and debris and clean the floor of soil, organic matter and weeds. Clean areas around furnaces and along side walls where small weeds are usually found.
While some growers clean and re-use pots, trays and flats and it is important to do it properly. Plant pathogens such as Pythium, Rhizoctonia and Thielaviopsis can survive in root debris or soil particles on greenhouse surfaces. If the previous crop had a disease problem, then avoid re-using those containers. It is also a good idea to avoid planting crops that are prone to Thielaviopsis problems, such as calibrachoas, in containers that have been previously used.
Begin the mum season by reviewing your fertilizer program and teaching new employees to recognize symptoms", symptoms,213
174,ffw:biology:0:66,biology,152,153,"The researchers wanted to answer a question that has remained obscure until now: When did the brain structures that make us human evolve? One of the co-authors, Christoph Zollekofer, anthropologist at the University of Zurich in Switzerland, summarizes the study published Thursday in the prestigious journal Science.
“People believed until now that the human brain, similar to the human brain, developed at the beginning of the human race, about 2.5 million years ago,” he told France Presse.
But this evolution occurred much later, between 1.7 and 1.5 million years ago, this new work concluded.
To achieve this result, he and his colleague Marcia Ponce de Leon, the study’s lead author, studied numerous skull fossils", fossils,361
175,ffw:biology:0:69,biology,52,53,"Do you want to know what do cockroaches eat? Cockroaches are omnivores and are considered opportunistic because they can eat anything they come across. You can eat human food and pet food without problems and waste materials or dead animals.
You should", should,229
176,ffw:biology:0:74,biology,52,53,I like to watch the progression of wild birds nesting in the rookery and usually visit several times. Check out this very handy bird nesting season reference guide on the St. Augustine Alligator Farm web page for hints on what you can see here in Florida and when, when,207
177,ffw:biology:0:76,biology,219,220,"Saltatory conduction a occurs in unmyelinated nerve fiber c involves the impulse jumping from one node of ranvier ro adjacent node d refers to the action potential spreading from one schwann cell to the adjacent schwann cell e more than one of the above is correct. Conduction [kon-duk´shun] conveyance of energy, as of heat, sound, or electricity aberrant ventricular conduction the temporary abnormal intraventricular conduction of supraventricular impulses called also ventricular aberration aerial conduction (air conduction) conduction of sound waves to the organ of hearing in the inner ear through the air. Question 6 of 32 00/ 30 points saltatory conduction refers to the conduction of impulses in part 2 of 7 - 120/ 150 points question 7 of 32 30/ 30 points the central nervous system (cns) consists of the question 8 of 32 30/ 30 points a shallow groove on", on,0
178,ffw:biology:0:77,biology,232,233,"At least some good news this month for Leatherback Turtles. The California Fish and Game Commission voted to protect leatherback sea turtles as endangered under the state’s Endangered Species Act. In addition, the commission acted on the California Department of Fish and Wildlife recommendation, which is concerned by the turtles’ dramatic decline in the state's waters.
“California’s action will make an outsized difference for leatherback sea turtles, even in the face of global threats like the loss of nesting beaches,” said Catherine Kilduff, an attorney at the Center for Biological Diversity. “Protecting the state’s ocean to save leatherbacks benefits not only sea turtles, but whales and people too. The California Endangered Species Act will ensure that leatherbacks’ decline gets the attention it deserves during this global biodiversity crisis.”
Scientists estimate that leatherback sea turtles have declined in abundance off California by 5.6% annually over nearly 30 years. An estimated 50 Pacific leatherbacks now forage in California waters annually compared to 178 Pacific leatherbacks during the years 1990-2003. Whale-watching trips observed three", three,0
179,ffw:biology:0:78,biology,234,235,"Asian soybean rust is caused by the fungus Phakopsora pachyrhizi. The soybean rust pathogen has been moving progressively westward from its center of origin in China and has now reach North America. There is much speculation and apprehension on how soybean rust will develop and impact soybean production in the U.S. The reality of the situation is that soybean rust has been a devastating disease in many parts of the world. Thus, it is prudent that we respect its potential to reduce yield, and be prepared to manage it each season.
Monitoring rust with sentinel plots
Soybean rust is monitored each season in a national sentinel plot monitoring effort. The main goal of the sentinel plots is to detect soybean rust at low levels and provide early warning for soybean producers. Over 30 states have joined this sentinel plot network that utilizes trained observers to look for signs and symptoms of rust on soybean, dry beans and kudzu. Most Wisconsin soybean growers will have a sentinel plot within their county or will border a county with a sentinel plot. The plots are monitored through the combined efforts of UW county extension agents, agriculture research station staff", staff,0
180,ffw:biology:0:79,biology,170,171,"On the surface, it stands to reason that people who smoke cannabis could possibly face similar elevated risks for head and throat cancers as do those who smoke tobacco, and/or drink alcohol. Both alcohol and tobacco use carry significantly higher risks for such cancers.
In 1999, a highly – publicised study indicated that cannabis users might face some elevated risk of head and neck cancers, as is the case with consumers of tobacco and alcohol. However, even the researchers from that study cautioned against making too much of their results and called for further study.
Two recent studies appear to contradict that, suggesting that cannabis users face no increased risk of head and neck cancers, and may even enjoy a measure of protection. Results show that moderate cannabis users actually appear to have a reduced risk level for head and neck cancers compared to control cases. However, due of", of,0
181,ffw:biology:0:80,biology,51,52,"CD2-associated protein (CD2AP) is an 80-kilodalton protein that is critical for stabilizing contacts between T cells and antigen-presenting cells. In CD2AP-deficient mice, immune function was compromised, but the mice died", died,158
182,ffw:biology:0:81,biology,162,163,"We are currently preparing multiple delivery options for our Summer 2021 programs, contingent on provincial COVID-19 Safety Guidelines. If necessary, this program may be adapted to a hybrid format (online + in-person component) OR be fully online. We will try our best to adapt listed activities for an online environment, but activities may be subject to change. If this program is adapted to a fully online format, participants will be sent program kits in the mail.
Read Terranaut Club’s current COVID-19 Safety Measures.
Who Can Apply
Girls and under-represented genders aged 9 – 12 who reside in Nova Scotia. Participants from New Brunswick and PEI are welcome to apply to be placed on our waitlist, should we be able to welcome girls+ from out", out,910
183,ffw:biology:0:86,biology,140,141,"If pathology has been excluded, time or a change to another formulation may solve the problem. Oral contraceptives or “birth-control pills” or “the pill” are used to prevent pregnancy and are more effective than other nonsurgical methods of birth control. Missed Dose Breakthrough bleeding and spotting are levonorgestrel y estradiol sometimes encountered in patients on oral contraceptives, especially during the first three months of use. If the patient has not adhered to the prescribed schedule (missed one or more active tablets or started taking them on que actos son mercantiles y cuales no a day later than she should have), the probability of pregnancy should be considered at the time of", of,0
184,ffw:biology:0:87,biology,165,166,"Geomorphology is the study of all of the different processes that have contributed, and will continue to contribute, to the shape of the Earth. These processes are tied both to the bedrock, which was formed and exhumed a long time ago, and to the vegetation that grows on the bedrock, along with many other factors.
Working at the Southern Sierra CZO, Lindsay Arvin will look at the processes within the critical zone that govern where vegetation grows, what kind of vegetation can grow, and the impacts that this vegetation has on erosion – both chemical and physical – of the Sierras. Studying links between bedrock, vegetation, and erosion, Arvin hopes to interpret the intricate role that bedrock has on shaping the Earth.
When I went to the University of Southern California (USC) and", and,0
185,ffw:biology:0:88,biology,166,167,"The IDF International symposium on sheep, goat and other non-cow milk has extended the submission deadline for proposals for oral or poster presentations for this event, to be held on 4th and 5th May 2020 in Brussels, Belgium. The closing date for submissions is 10th January 2020.
While cows produce much of the world’s milk supply, other non-cow milks are also widely distributed throughout the world. Milks regularly consumed include sheep, goat, yak, water buffalo, horse, reindeer, camel and others; contributing to sustainable livelihoods through support of the economy, rural and peri-urban livelihoods, the empowerment of women and food security.
“There is growing interest in a range of animal milks, including goat, buffalo and sheep milk in", in,0
186,ffw:biology:0:91,biology,179,180,"Cancer is considered one of the most dilapidating health problems that the world is facing due to its physical, emotional, financial, and spiritual toll. Automating cancer diagnosis can ultimately impact its treatment and recovery. Computational algorithmic methods can greatly improve the efficiency of pathologists through partial or complete automation of the diagnostic process. Computer-aided diagnosis has augmented preventive check-ups for many medical conditions like breast cancer, colonic polyps, and lung cancer. Digitization of tissue slides has thus opened up the process of diagnosis through analysis of digital images. The dearth of highly trained pathologists who can address the growing diagnostic needs heightens the importance of such automation. Recent advances in big data analytics and in particular machine learning can possibly impact greatly the domain of computer-aided cancer diagnosis. Convolutional Neural Networks (CNNs) in particular have already revolutionized the domain of computer vision with", with,0
187,ffw:biology:0:93,biology,76,77,"Chickens love to eat apples because they find the sweet flavor of the fruit irresistible. However, can chickens eat apples with skins? Yes, they can. In this article, we will discuss how healthy apple skin is for chickens and why you should never eliminate it.
Is Apple skin safe for Chickens?
Yes! The apple skin is safe to eat for chickens. Apple", Apple,0
188,ffw:biology:0:95,biology,110,111,"Septic emboli come from a site of infection, where bacteria are present in large numbers and various inflammatory processes and turbulent blood flow increase the likelihood of clot formation. An infected clot, or a small fragment of a clot, becomes dislodged and comes to rest at a distal location. Local tissue damage occurs due to the combined effects of ischaemia (lack of oxygen supply) and infection.
There are various sources of septic emboli.
- Infective endocarditis – this is an infection of the heart valves and lining of", of,890
189,ffw:biology:0:96,biology,72,73,"DNA methylation is an epigenetic modification that contributes to stable gene silencing by interfering with the ability of transcriptional regulators to bind to DNA and, when found at high density, by recruiting methylation-specific repressor proteins. Published data reveal that hormone stimulation of certain nuclear receptors (i.e. the estrogen receptor and the glucocorticoid receptor) induces rapid", rapid,140
190,ffw:biology:0:98,biology,246,247,"This work focuses on quantifying the response of mouse rod photoreceptors to a light stimulus during developmental ages. The purpose is to have a better comprehension of the physiological mechanisms underlying transient retinal phototropism. The three considered post-natal ages are 15, 17 and 19. During this period the increase of ROS length and rhodopsin concentration reaches its peak thus, I expected to see an associated increase in the amplitude of the phototropism elicited by the light stimulus. In particular, rhodopsin is suspected to be a key molecule as far as concern this phenomenon but its role is still unclear. The observation of mouse rod photoreceptors was achieved with Near-Infrared light microscopy, which allowed to have a clear image of the freshly isolated mouse retinae. The images where acquired at 100 fps and they showed a visible movement in response to the light stimulus. The results of the data analysis showed that the amplitude of the movement had a sharp increase between 15 and 17 PN days, while the difference between 17 and 19 PN days was statistically irrelevant. This results were consistent with expectations, as the peak of the growth of ROS has a", a,157
191,ffw:biology:0:99,biology,125,126,"I placed a swarm trap with an old piece of comb inside my backyard. I really wasn't expecting to catch any there and I was going on vacation so I just left it there. After 12 days I returned home and I saw bees going in and out. Excited and being a newbie, I suited up to go check out the box. What I found was only about 50 or so bees and no queen. The bees seem to be repairing the old comb, which had wax moth damage. But it is very strange, nothing else seems to be going on, but after 3 days there is still a", a,0
192,ffw:economics:0:0,economics,96,97,"Startups often find themselves in a crowded marketplace where it becomes increasingly difficult to get ahead. One of the core reasons for this is the fact that they are competing with big companies, who swallow up market share and have huge budgets to attract customers. But the great news is that more and more businesses are discovering that there are ways that can help them to compete with the bigger names in the industry.
Custom-built software is becoming increasingly popular, and it’s plain to see why this is", is,0
193,ffw:economics:0:1,economics,193,194,"Another record high from Wall Street as we await ‘Granny’ Yellen being anointed and the forthcoming Taper tantrum to come. Zombieland wasn’t quite so convinced all will be ok so was happy to sit on the sidelines. London’s benchmark FTSE 100 index sank 0.80% to 6,570.17 points. Frankfurt’s DAX 30 shed 0.19% to 8,596.95 points. In Paris, CAC 40 in Paris slipped 0.16% to 4,145.51 points. Gold fell, Iron ore fell, oil down and dollar at 93.5c.
Now my question is has any one seen these two women in the same room together? Or maybe the Fed is being infiltrated?
Below is a screen shot of the world five years ago according to", to,0
194,ffw:economics:0:2,economics,180,181,"Indeed, the new taproom will be located less than a quarter mile from popular Cincinnati craft brewery Rhinegeist, which was founded in 2013 and ranked as the 33rd largest craft brewery in the U.S. last year, according to industry trade group the Brewers Association (BA).
“The goal for our new tap room is to offer beer enthusiasts in the area a cool place to hang out while they enjoy some really unique and interesting beers made right here in Cinci,” Koch added.
Boston Beer, which purchased the former Hudepohl-Schoenling Brewery in 1997, also owns and operates a large-scale production facility in Pennsylvania as well as a research-and-development facility in the Jamaica Plain neighborhood of Boston.
Last November, in an attempt to engage Boston-area drinkers, the company opened its first full-fledged taproom in a redesigned space", space,1238
195,ffw:economics:0:4,economics,58,59,"WWII is at an end. The world stands on the edge of a new era. An era of rapid growth as countries rebuild from the devastation. It's an age of technological innovation. Everyone wants to modernize. But doing so comes at a cost, of course. You must balance advancement", advancement,0
196,ffw:economics:0:5,economics,214,215,"GoCardless is an example of a Product business model. It provides direct debit service to its clients, who are individuals with bank accounts and companies that want an automated payment method to pull payment directly from their customers’ bank accounts.
Founded in January 2011 by Tom Blomfield, Matt Robinson and Hiroki Takeuchi after meeting at Oxford University, GoCardless entered Y Combinator’s summer cohort in 2011. Shortly thereafter, it secured $1.5 million in investment from Accel Partners and Passion Capital, followed by a $3.3 million funding round in April 2013 from the same funders. In January 2014, it received an additional $7 million from Balderton Capital, and was recently named as one of the UK’s hottest startups by the Gaurdian. As of January 2014, GoCardless handled $200M worth of transactions per year.
GoCardless’ customers are SME’s, multinationals, and individuals who would", would,0
197,ffw:economics:0:7,economics,59,60,The decade 1970s in Bangladesh experienced creeping inflation in its later part. For this the public healthcare sector was becoming costly day by day.The 1986 industrial policy of the Government adopted liberalized business approach to develop private sector and the decade 1990s experienced, experienced,0
198,ffw:economics:0:8,economics,182,183,"Moderator Erik Schatzker Editor-at-Large, Bloomberg Television Speakers Dmitry Balyasny Managing Partner and Chief Investment Officer, Balyasny Asset Management Andrew Feldstein CEO and Chief Investment Officer, BlueMountain Capital Management Dawn Fitzpatrick Chief Investment Officer, Soros Fund Management Ricky Sandler Founder, CEO and Chief Investment Officer, Eminence Capital Hedge funds have had their best start to a year since the financial crisis, when investors pulled out $112 billion. During this change in the tides, what are the latest strategies hedge funds can add to their toolkits? What are specific examples of how new technologies, including data analytics, have transformed strategies? What is the future of fee structures, since managers have implemented new terms for c...
http://www.learncurrencytradingonline.com This is a documentary of Hedge funds and Hedge fund trader Steve Cohen called to Catch a Trader. An interesting", interesting,844
199,ffw:economics:0:9,economics,146,147,"Retail land sales not accounted for by the full accrual method should be accounted for and reported using the percentage-of-completion or the installment method. The criteria for their applicability are based on the collectability of the seller's receivable from the land sales and the seller's remaining obligations.
Profit recognition for other sales of real estate by the full accrual and several other methods is all delineated in the subsequent discussions. This recognition is dependent on whether a sale has been consummated, the degree of the buyer's investment in the property being sold, whether the seller’s receivable is subject to future subordination, and the extent of the seller's continuing involvement with the property after the sale.
GAAP enumerates the", the,673
200,ffw:economics:0:10,economics,114,115,"Let's face it, 'the greatest' is slippery phrase and an incredibly subjective. Maybe this is just why salesmen love utilizing the term 'the best.' Reading 'the greatest' makes you feel good but chances are you are just letting your beliefs and assumptions concerning the meaning of the overused and abused term get the very best of you. The sad reality is the fact that what's 'best' on your may turn out to be a tragedy for someone else. And vice-versa. Also, you-can't base your investment decision about what is 'best' to", to,158
201,ffw:economics:0:12,economics,56,57,"Announcing the final package of measures under the OECD/G20 Base Erosion and Profit Shifting (BEPS) project on 5 October, the OECD’s Secretary General Angel Gurría proclaimed that these represent “the most fundamental changes to international tax rules in almost a century", century,89
202,ffw:economics:0:13,economics,154,155,"I wouldn't be surprised to see some of their new products delayed due to the financial crisis and the reluctance of retailers to add to their inventory.Retailers want to cut their inventory now.They will order as they sell and will no longer for the time being order big quantities just to keep companies like Parlux happy.
Rick I agree, however my position is that I believe that Q L even under todays depressed economy that her products may sell better than others with a new breed of buyers in the market place. Obama's stimulous package definitely won't hurt our line of business.
It may be a treading water reaction to stay afloat, so be it, and my position is that PARL is in much better shape to survive than fail. Someone will eventually", eventually,0
203,ffw:economics:0:14,economics,140,141,"The EU typically plays a minor role in Spanish electoral campaigns. However, El País reports that “the crisis has also upset this, and for the first time since the 80s, the Spanish campaign has begun with a clash between the two primary candidates on the way the European Union is tackling the crisis.”
Indeed, the ruling Socialist Party’s spokesperson and prime ministerial candidate Alfredo Pérez Rubalcaba is criticizing the role of the independent European Central Bank:
The European economy is immobile. Austerity alone is no good for exiting the crisis. […] We are missing the policies for growth to create jobs. And we have to tell the ECB that Europe’s problem is not inflation, but that there are", are,0
204,ffw:economics:0:15,economics,53,54,"Given Ethereums bowed emblem, it could turn into the go-to mine for passive income. Purely any investment of bitcoin investing app, jigging styled seaside from Proof-of-Stake coins is a handful.microphones can be bitcoin invested app orders to the nature of avoiding", avoiding,66
205,ffw:economics:0:16,economics,105,106,"Recently completed market research on data centers, conducted by data center experts shows that overwhelming majority of respondents (91 percent) experienced unplanned shutdown of DPC over the past 24 months. Regarding the frequency of downtime, Respondents had an average of two data centers blackouts over the past two years. Partial shutdown, or those that were limited to a few racks, occurred in an average of six times over the same period.
The results show that many companies are more aware of the causes of downtime and take measures to", to,247
206,ffw:economics:0:17,economics,146,147,"The special deals are offered over the Ronnieshair items. The familiar items of the Ronnieshair thinks of actually decent bargain you can pick it up. You can crack the offer when the discount rate bargain is offered for much cheaper prices. If the business providing the bargain over the products is mosting likely to be offered early. You require to make your getting as fast as possible.
Exactly How Using Ronnieshair Discount Code Can Aid You in Cost savings?
Normally people do the purchasing online without offering any though of discount. The readily available discount rate is enough for them. Yet there is a perk if you try to find the right advertising code for the order. There are couple of unique Ronnieshair discount coupons are available", available,45
207,ffw:economics:0:18,economics,62,63,"The good news is that yesterday’s Speech from the Throne, laying out the Federal Government’s policy agenda, contained a number of references to environmental policy. However, the value of the commitments seems to GallonDaily to be somewhat less than that which environmentally concerned Canadians might be seeking. Significantly, there is no reference", reference,0
208,ffw:economics:0:19,economics,100,101,"Hotel industry is a sub industry of travel and tourism industry and China has become the most emerging economy which has opened a lot of market opportunities for travel and tourism industry. Factors affecting the growth of hotel industry in China include market size which increases daily as the demand. However for Red carnation hotel to enter into market and improve its growth rate, it has to offer unique services which are not offered by other hotels.
Another factor that affects the industry is the growth rate, the degree at which the industry grows", grows,0
209,ffw:economics:0:20,economics,253,254,"Visualise a digital future that’s bright and clear. You have full oversight of your licensing structure, confidence in your compliance processes and a massive increase in your bottom line. Can you see it? It’s a future with your IT team at the forefront: driving innovation and amplifying opportunities.
“Blackbelt XP provided insight, independent strategic advice and operations support resulting in significant savings.”
“For many years Blackbelt XP has been helping us with the continuous optimization of our software assets. Their thorough license knowledge, expertise and experience has proven to be valuable in creating strategy, recognizing pitfalls and bluntly realizing savings and cost avoidance.”
“Blackbelt XP is our preferred consulting partner for Microsoft license optimization. It is now fully in line with our innovation challenges and has yielded a substantial cost reduction.”
The ever-changing rules around licensing compliance mean most companies are paying significantly too much. We strongly believe this should not be the case. You deserve a partner who protects you and empowers you to take control. An independent expert who seeks out the truth, makes a positive impact on your balance sheet and enables your team to make an even bigger difference. See how we can help you.
Independent advice – we have one agenda: Your agenda
Massive savings – most of our", our,608
210,ffw:economics:0:21,economics,212,213,"In 2006, when the conflict was discovered, the union requested payment for unpaid breaks despite the CBAs. Husco requested a joint waiver be filed with DWD. The union said it would file a joint waiver if Husco agreed to better CBA terms. Husco declined.
Instead, Husco ended the 20-minute meal breaks and began paying for 30-minute breaks, which meant the workers’ shifts would be extended by 10 minutes.
The International Association of Machinists and Aerospace Workers, a union representing Husco employees, filed a complaint with the DWD, seeking back pay for workers who weren’t paid for the 20-minute meal breaks during a two-year period.
DWD concluded that the parties had agreed to the pay waiver, and shorter meal breaks did not jeopardize the life, health, safety, or welfare of the workers. Thus, it declined to seek back pay on behalf of the Husco International workers. However, the DWD indicated that the workers could file a civil", civil,656
211,ffw:economics:0:22,economics,52,53,"During the 2013 government shutdown under President Barack Obama, Mulvaney was serving as a Republican congressman representing South Carolina. He considered himself part of the “Shutdown Caucus” – the hardline conservatives who objected to the funding of the Affordable Care Act included", included,1505
212,ffw:economics:0:23,economics,121,122,"New York: As investors scour the globe for under-valued stocks, one increasingly popular destination is actively managed exchange-traded funds that focus on emerging markets. In the $348 billion market for ETFs that invest in developing-nation assets, the holdings of only about 5% of funds are actively managed – rather than pinned directly to an underlying index, according to data compiled by Bloomberg. But those actively managed funds have lured in more than a third of new cash that’s flowed into the asset class over the past year and more than 50% in the past month.
“If ever", ever,0
213,ffw:economics:0:24,economics,125,126,"The European Commission, the EU’s executive branch, will unveil a wide-ranging “AML Action Plan” in July to address a range of vulnerabilities to financial crime, including by harmonizing AML rules across member states and bolstering information-sharing among national financial intelligence units, or FIUs, EU finance chief Mairead McGuinness said.
The creation of a single, bloc-wide AML body represents the reforms’ “flagship” component and will play a key role in the implementation of several aspects of the six-pillar action plan, according to McGuinness, who serves as EU Commissioner for Financial Stability, Financial Services and the Capital", Capital,251
214,ffw:economics:0:25,economics,124,125,"Under the EU state aid rules, EC has authorized an orderly liquidation scheme for small banks in Italy for 12 months as well as a liquidity support scheme to grant guarantees to banks in Italy with the aim of supporting them in case of need. The liquidity support scheme will allow the Italian State to grant guarantees on newly issued liabilities and on Emergency Liquidity Assistance (ELA) from the central bank, for up to a total nominal amount of EUR 19 billion. Only viable Italian banks, as defined by the competent supervisor, with temporary liquidity issues will have access to the measure. The liquidity support measure will be valid until", until,0
215,ffw:economics:0:26,economics,97,98,"Under section 43(1)(a) of the Transport Accident Act (1986), the TAC is not liable to pay LOE benefits during the ""first five days"" of financial loss incurred as a result of the transport accident injury. A client who qualifies for an LOE benefit must wait for the ""first five days"" exclusion period to end before his/her LOE payments commence. During this time a client is expected to use his/her own funds before receiving the", the,1752
216,ffw:economics:0:27,economics,127,128,"I try to work my tail off to get ahead financially, only to have it yanked hard and me dragged back two-thirds of how far I'd hope to go. Believe you me, I am no Penny and Hooper type trustafarian faking my true worth and net worth for a cheaper tax rate, though one day I aspire to earn as much as the good doctors.
The only thing that eases my tax rage, is thinking my money will goes towards a good cause, like helping to rebuild Christchurch or building a cycling lane across the Harbour Bridge.
As I am trying to look on the bright side of life", life,462
217,ffw:economics:0:28,economics,126,127,"Sierra Energy Corp. has licensed a patent to make blast furnaces work better and hopes to sell the technology. The company is working on a deal to retrofit a blast furnace at a steel mill owned by Shanghai Baosteel Group Corp. in China. Sierra Energy needs about $3 million for the work; its president, Golden Capital Venture Funds partner Chris Soderquist, is recruiting potential investors.
Investors so far have put about $1.5 million into the company, founded by Sierra Railroad Co. president Michael Hart.
The technology builds on conventional blast furnaces, which “blast” air into a vessel that burns", burns,393
218,ffw:economics:0:29,economics,251,252,"As the Dow Jones Industrials shed a record 554 on October 27th, so-called ""circuit breakers"" intervened twice to bring trading to a halt. From approximately 2:30pm until 3pm, the market closed as it crossed the 350 point loss threshold. The market reopened until it dropped another 200 points, then the automatic system ended trading for the rest of the day. This system of pausing when the market is dropping precipitously were implemented following the last big crash in 1987.
That crash in 1987, although fewer points still marked the single biggest drop in value in the stock market's history. In a single day approximately $1 trillion dollars invested in the stock market evaporated. October 19, 1987, Black Monday to most financiers, saw the single largest point drop in the history of Wall Street, 508 points or 22.6 percent of its total value.
""I knew that in the past that these financial panics had often triggered far worse consequences,"" PaineWebber investment strategist Mary Farrell told CNNFN. ""I was actually less concerned about the market than the", the,956
219,ffw:economics:0:30,economics,236,237,"Along with a lower operating margin, a miss on gross revenue estimates for Q4, 2013, and weaker Mac sales, Apple’s Q4 2013 quarterly report included mention of a substantial miss of 6% against estimated iPad sales. Analysts estimated 15 million units sold for this product, but Apple sold 14.1 million units. Q4 2013 marks the second consecutive quarter of a miss on this product line. In Q3 Apple sold 14.6 million iPads.
What bearing, if any, do weaker iPad sales have on the market for PC computers? While I don’t want to veer into an attempt to correlate sales of these two products, I do have some thoughts on the topic. The lower than expected drop in PC chip sales reported by Intel, Microsoft’s report of better than expected sales of their PC O/S, together with this reported drop in tablet sales are worth strong consideration. I’m confident there is a floor for PC sales (there are some applications requiring PC computing power. These applications cannot be replaced, at least for the near future, so they can safely be", be,0
220,ffw:economics:0:31,economics,112,113,"Even more interested is the data concerning the increase in services sold and purchased through the Internet which could reach $ 2.3 billion by the end of the year, 50% more than last year. If the growth rate were to continue in the coming years by the end of 2006 as much as 18% of purchases, of individuals and companies, will be implemented using the network.
Another data of interest is the economy generated by pocket devices, essentially cell phones. During 2002, the revenue determined by this", this,254
221,ffw:economics:0:33,economics,204,205,"High inflation is ‘severe threat’ to US jobs recovery, Jay Powell warns (Financial Times, Colby Smith) highlights an interesting direction from the Fed chief as he said in his Senate confirmation hearing yesterday that in order to power labour markets higher for longer “we are going to need price stability”. This comes at a time when an inflation report, due out today, is thought likely to point to inflation hitting an annualised rate of 7%, which would be the highest in 40 years! Powell signalled a willingness to increase interest rates more aggressively if necessary. * SO WHAT? * Jay Powell is definitely softening the ground for a rate rise. I thought it was quite interesting how he framed it, though – about inflation being potentially damaging to the labour markets – because a lot of the argument for keeping rates on hold has been about waiting to see what happens with employment. It’s a subtle shift from saying that inflation and labour markets are being looked at separately (i.e. don’t change interest rates because", because,963
222,ffw:economics:0:34,economics,239,240,"MUMBAI (Reuters) - India's core consumer price index was estimated to have risen around 8.1 percent in January from a year earlier, broadly in line with around 8.05 percent in December, according to a Reuters snap survey of dealers and economists.
Data earlier showed headline consumer price inflation eased more than expected to a 24-month low of 8.79 percent in January, below a Reuters poll forecast of 9.40 percent and well below an annual 9.87 percent in December.
(Reporting by Swati Bhat, Abhishek Vishnoi, and Himank Sharma; Editing by Subhranshu Sahu)
- Tweet this
- Share this
- Digg this
- U.S. nurse quarantined over Ebola calls treatment ""frenzy of disorganization""
- Wall Street finally turning on Amazon as Bezos magic fades
- Google executive sets new stratosphere skydive world record
- Former Cream frontman Jack Bruce dies aged 71
- São Paulo running out of water as rain-making Amazon vanishes
Finance Minister Arun Jaitley favours a", a,49
223,ffw:economics:0:35,economics,122,123,"Personal loans in Cookeville, TN enable you to borrow money for a period of 1-3 yrs. You can repay in installments, depending on your own agreement with the loan provider. There are many ways you can work with a personal loans, including buying a car, remodeling your home, traveling abroad, consolidating debt, and more. While searching for a company, you should be thinking about flexible terms without early repayment charges.
Sometimes, you need extra money plus cannot wait for a software to be approved (which may take several days). Personal loans come in handy if you are facing an emergency as", as,0
224,ffw:economics:0:36,economics,141,142,"Ukraine is suddenly a miraculous haven of peace, thanks to Putin’s Damascene conversion at the cease-fire talks. Greece will get its bail-out in some form or another by month-end to provide the springboard for Phoenix-like economic growth and orderly debt retirement, thus keeping the Germans happy.
And Hallelujah! The euro is saved!
So all is right with the world – and stocks can continue their stratospheric climb.
But wait – what’s this? The ultra-safe US Treasury Notes and Bonds are tanking and long-term interest rates are on the rise, steepening the yield curve. And a steepening yield curve usually foretells trouble in equity-land down the", the,112
225,ffw:economics:0:38,economics,218,219,"Short-term loans will often have greater repayments than long-term loans while you’re repaying your debts faster. This will probably suggest you will spend less in interest, but if you want to borrow a greater quantity or distribute the price even more you will need to consider much longer options.
Additionally it is perhaps maybe not a smart concept to get a short-term loan to cover down another financial obligation. Dealing with more debt might make your circumstances even even worse. In the event that you feel like you’re struggling you could get free advice from National Debtline, StepChange or perhaps the cash information Service.
Do I be eligible for a short-term loan?
You want to make fast and loans that are easy to as many folks as feasible. You can easily make an application for certainly one of our short-term loans if:
- You are over 18 years
- You reside the united kingdom and can provide target details
- You are currently working
- You’ve got a legitimate email and cell phone quantity
- You are able to provide bank debit and account card details", details,130
226,ffw:economics:0:39,economics,62,63,"Shares of DTE Energy (NYSE:DTE – Get Rating) have received an average rating of “Buy” from the fourteen ratings firms that are presently covering the firm, Marketbeat Ratings reports. Four equities research analysts have rated the stock with a hold rating, seven have issued a buy rating and one has assigned", assigned,0
227,ffw:economics:0:40,economics,140,141,"This was the first time in my six years as a Senator that none of my interim committees met for two months. It freed me up to visit several city council meetings and attend other events which I feel help keep me up to date. One of those cities I visited was Emerado for an informal citizen’s meeting. We in District 20 are host to the site of the Grand Sky Initiative which is located on the western side of the Grand Forks Air Force Base. As you can imagine, Emerado, situated across Highway 2 from the AFB, has hopes of capitalizing on this buildup of private jobs. Houses are in very short supply as witnessed by the fact that some of their law", law,0
228,ffw:economics:0:41,economics,146,147,"Decades from now perhaps it will be difficult to believe that 2020, defined by the tremendous losses and stresses of the pandemic, was the pivotal year for Volkswagen's launch of its ID-branded electric vehicles. But even now, before the year is out, the automaker is reporting encouraging progress in its rollout of a new wave of battery electric models.
At its annual general meeting, the automaker acknowledged the challenges it has faced over the course of this year, while noting the positive start of its MEB platform family, amid an upward trend expected to continues through the last remaining months of 2020.
""In both 2019 and 2020, we took significant steps", steps,318
229,ffw:economics:0:43,economics,92,93,"The CPAG’s chief executive Alison Garnham has said the strategy But the CPAG’s chief executive Alison Garnham said the strategy lacked “clear actions, milestones and progress measures” and “ignored” projections suggesting child poverty would see the steepest rise in a generation in the coming years, reports 24dash.
Garnham said: “We welcome the government’s continued commitment to ending child poverty by 2020 but today’s strategy", strategy,230
230,ffw:economics:0:44,economics,156,157,"Based on data from offshore operator reports submitted as of 11:30am CDT on Wednesday, personnel have been evacuated from a total of 11 production platforms in the Gulf of Mexico, which represents 2.11 percent of the 521 manned platforms in the region, BSEE outlined.
The organization also highlighted that personnel have been evacuated from five non-dynamically positioned rigs, which it said is equivalent to 35.71 percent of the 14 rigs of this type currently operating in the Gulf, and revealed that a total of three dynamically positioned rigs have moved off location out of the storm’s path as a precaution. This number represents 15.79 percent of the 19 DP rigs currently operating in the", the,182
231,ffw:economics:0:45,economics,163,164,"AS NEWSPAPERS aim higher on the income scale for prospective readers, the so-called ``underclass'' drops almost entirely out of sight. Only a truly feisty newspaper will devote much effort these days to a strong series on poverty, and only the feistiest will look seriously at the growing disparity between rich and poor, which in some places and in the view of some observers seems to threaten the very existence of the bedrock middle class, a major source of social stability and economic prosperity.
At a keynote speech at the 1998 annual Institute on the Ethics of Journalism at Washington and Lee University, Maxwell King, retiring editor of the Philadelphia Inquirer, provided a pessimistic conclusion tinged with hope for a ``new professionalism'' that would guide journalists back to fundamental responsibilities.
``What does", does,0
232,ffw:economics:0:46,economics,158,159,"Earlier today Sony revealed their big announcement was the previously rumored $99 PS2. The new price goes into effect on April 1. Sony thinks this new price will introduce new consumers to the PlayStation brand, most notably families and people who weren’t alive when the PS2 came out in 2000. This price also comes in time for the release of Ghostbusters: The Video Game, Guitar Hero: Metallica and MotorStorm: Arctic Edge. The price in Europe is also reduced to EUR 99 but those in the UK, where the system is already priced at GBP 99, will not be seeing a PS2 price drop at all unfortunately.
Microsoft on the other hand is not flinching at the news of the PS2 price drop. It believes", believes,0
233,ffw:economics:0:47,economics,132,133,"A synthetic letter of credit is a letter of credit that a bank has pre-funded on the closing date, instead of when the funds are drawn as needed. Banks will typically hold funds accessible through a synthetic letter of credit in a credit-linked deposit account until required.
BREAKING DOWN Synthetic Letter of Credit
Since the funds borrowed through a synthetic letter of credit are given immediately, they are a more liquid source of funds to the borrower than a standard letter of credit. Many consider the proceeds, therefore, to be more secure, as no counterparty risk exists. This could result in the funds becoming unavailable.
Synthetic Letter of Credit and Additional Forms of Letters of", of,41
234,ffw:economics:0:48,economics,249,250,"The NMTC program can be highly complicated and difficult to understand for first time NMTC applicants. The PCDE team stands ready to help as you explore the program’s suitability. Our priority is always to provide the best economic opportunities to low income areas. Review the following information and if we can be of any help please contact us any time!
The New Markets Tax Credit Program (NMTC Program) was established by Congress in 2000 to spur new or increased investments into operating businesses and real estate projects located in low-income communities. The NMTC Program attracts investment capital to low-income communities by permitting individual and corporate investors to receive a tax credit against their Federal income tax return in exchange for making equity investments in specialized financial institutions called Community Development Entities (CDEs). The credit totals 39 percent of the original investment amount and is claimed over a period of seven years (five percent for each of the first three years, and six percent for each of the remaining four years). The investment in the CDE cannot be redeemed before the end of the seven-year period.
Since the NMTC Program's inception, the CDFI Fund has made 836 awards allocating a total of $43.5 billion in tax", tax,43
235,ffw:economics:0:49,economics,74,75,"Locally, 2008 could be the year the housing market picks up. Everybody has been talking about the housing market. Economists think it will bottom out later in the year and then pick up. Overall, realtors will tell you the softer market is a sign things have returned to a more normal level of activity. Economists predict the downswing will continue", continue,0
236,ffw:economics:0:50,economics,193,194,"Business owners in Oregon have been making sustainability part of their business model for years. If you have an existing business or you’re thinking about starting one, you need to consider courses of action that will stop harming the planet. Here are some ways businesses have either entered the sustainable marketplace or have chosen to utilize sustainable practices as part of their business model. Companies that make sustainability a focus can not only save money in the long run, they can make a positive impact on the community by reducing their footprint, and they can attract forward-thinking consumers who support sustainable growth.
Reduce – Reuse – Recycle
Recycling can refer to the products you use every day, the products you use for your building, or even the building itself, and recycling can be employed by literally any business in hundreds of creative ways. Inside your day-to-day operations, there are ample computer programs available to help your company move your paper-based operations into the cloud whenever possible so that you can reduce your", your,0
237,ffw:economics:0:51,economics,172,173,"This list of companies and startups in Europe in the real estate space provides data on their funding history Insights about top trending companies, startups, investments and M&A activities, notable. Inj Real Estate Company provides strategic advisory and legal services for real estate investors, new home seekers and home sellers as well. Listing of the best international real estate agencies in the World – find realty companies around you in one click on Realting.com! real estate company definition: a company that buys, sells, and rents properties:.
If your new to the business like me.
List of the top real estate companies in the world, listed by their prominence with corporate logos when available.
425 Creative Real Estate Company Business Name Ideas
The Monthly Dividend Company Goes Global (англ.). The real estate companies are primarily responsible for the acquisition and sale of land, renting", renting,156
238,ffw:economics:0:52,economics,197,198,"IQ Inspections also provides research potential to suppliers through factory audits, social accountability audits, C-TPAT audits, RoHS checks, dispute resolution / negotiations, tooling progress reports, first article reports, and initial production checks etc. Company also follow-ups on new programs with suppliers as well as do in-process engineering audits/ inspections. The company has also recently started providing excellent marine and cargo inspections services.
If clients have a problem with the production of products, IQ Inspections will be on site to inspect and correct the manufacturing defects. They also provide handling of multiple SKUs, retail work, centralized consolidation, shipping, and warehousing. IQ Inspections also works with the wholesale as well as direct internet sales.
IQ Inspection provides its services in the following products:-
Mechanical Items (Metal & Plastic)
Apparel, Garments, Textiles, Linens
Machinery / Components / Spare Parts
Marine Equipment / Fittings / Hardware
Electronics / Medical", Medical,560
239,ffw:economics:0:53,economics,78,79,"It can be easy to lose track of your finances over the holiday period. It's a time for Christmas festivities, New Year celebrations and summer vacations - and that often means spending more money than usual. Those extra dollars can be a burden on our finances and make saving rather difficult, which is why we've compiled a handy assortment of blogs, tips, tricks and tools, to help you get your", your,0
240,ffw:economics:0:54,economics,95,96,"More than half of corporate tax professionals say they typically are not included in management’s discussions on cloud initiatives, a recent survey by KPMG LLP found. In fact, only 7% were regularly included in such discussions; 41% were present on occasion. About two-thirds of tax professionals don’t update their CFOs or boards of directors on tax issues related to the cloud. In conducting the survey, KPMG connected with more than 200 tax professionals", professionals,278
241,ffw:economics:0:55,economics,217,218,"Editor's note: Hedgeye Managing Director and Restaurants analyst Howard Penney added Darden (DRI) to our Best Ideas list as a long on 10/10/13. That being said, he expects the company’s 2QF14 earnings release on Thursday to be a disaster as its two largest brands, Olive Garden and Red Lobster, continue to struggle. Here's an excerpt from a note he wrote earlier today.
BEST IDEA UPDATE: LONG DRI
Our bull case is centered on the inherent value of Darden. As we’ve been saying for the majority of the year, we believe the business is grossly mismanaged and in need of a major overhaul. Barington Capital entered the fray as an activist back in October, but has been relatively quiet since then. That changed this morning, when the company released an 84 page report detailing its recommendations to improve long-term shareholder value at Darden.
If these changes are implemented, Barington values Darden’s stock between $71 and $80 per share", share,0
242,ffw:economics:0:56,economics,204,205,"A significant portion of Western economies are consumption based. No matter what a person does, we consume: food, energy, goods, services and many others. But when it comes to the most basic aspects of consumerism (I.E. shopping malls, retail outlets, etc.) we are buying behemoths.
According to a 2006 study, women spend approximately eight years of their life (or 25,184 hours and 53 minutes over a period of 63 years) shopping – the study did not consist of their male counterparts.
Over the course of a year, Americans spend trillions of dollars on consumption, and about $450 billion during the holiday season. Many experts have developed a term called a Consuming Addict, which is someone who needs and craves to acquire possessions.
When people do shop, though, they may attempt to find the best deals at the local shopping plaza. Retailers try to find any necessary method to draw in potential", potential,0
243,ffw:economics:0:57,economics,108,109,"Mitsubishi Motors (Thailand) and Mitsubishi Motors Corporations move forward with its Bht 8 billion-eco-car investment project with aim to start production within September 2011 and to launch first Mitsubishi eco-car in Thailand by the beginning of 2012. The companies are also looking for the possibilities to establish a new production facility in the country if market demand increases.
Dr. Atchaka Sibunruang, Secretary General of Thailand Board of Investment (BoI) said after the official meeting with Mr", Mr,0
244,ffw:economics:0:59,economics,245,246,"My friend G and I had taken a whole passel of kids (mine, his, plus some random stray ones) to duck pin bowling while Hurricane Sandy bore down. Heck, we'd already stocked up on marshmallows and beer and, yes, gas, so what else would we do?
Between rolls, I tell G about your price gouging discussion (I believe you used the example of plywood), and how strongly some students reacted to the idea that plywood be rationed based on willingness to pay.
Then G tells me a story of his engineer friend who worked during the summers in college as a contract utility worker. There had been a big storm somewhere out-of-state, and as usual he and his utility truck were deployed to help restore power. The guy had been working hard, like 18 hrs a day, and no A/C to be had. It was the end of his shift and he really wanted some cold beer.
Only one store in town still had power. So, he goes in to buy a 6-pack. The guy says, """"That'll be $30."" ""Whaaat?!? $30 for a 6-pack?!?"" says his friend. The", The,55
245,ffw:economics:0:60,economics,216,217,"The Eurecat technology centre (a member of Tecnio) has developed a new technology known as Incremental Sheet Forming (3D ISF), which makes it possible to manufacture complex parts from sheet metal for prototypes or short runs using incremental, numerically controlled deformations. It is an ideal technological approach for the automotive, aviation and rail industries.
“This innovation is also extremely well-suited to companies in the fields of architecture, interior design and civil engineering, as well as the manufacturers of machinery, capital goods and domestic appliances”, explained Miquel Rey, the managing director of Eurecat’s Business Unit, during the unveiling of the technological innovation at Hannover Messe, Europe’s largest industrial trade fair.
“This breakthrough removes the need for high levels of investment in costly moulds to form sheet metal using stamping or deep drawing processes. ISF can be applied to any product that requires complex sheet metal parts for prototypes or short runs”, he added.
According to Eurecat, up until now the creation of complex designs from sheet metal was restricted to certain products whose lengthy production runs", runs,0
246,ffw:economics:0:62,economics,64,65,"A report by Zimbabwe’s telecoms regulatory body, POTRAZ, that Techzim has received shows that there was an 8.6% drop in calls made by people using their regular mobile numbers. The report covers the 3 months from October to December 2016, and compares the telecoms usage numbers", numbers,141
247,ffw:economics:0:63,economics,147,148,"Roman Golovchenko said: “We are seeing an increase in domestic tourism. People are more actively visiting national landmarks. The fact that flights were canceled and many countries were unavailable due to COVID-19 contributed to this. However, the trend remains strong after foreign tourist destinations become available. More people are choosing to travel to Belarus and that’s great. We should exploit it and support the domestic tourist.
In his words, the Braslav district is one of the most promising regions from the point of view of tourism. “There are no large industrial enterprises here or plans to build them. This region has insufficiently effective natural conditions for agriculture, insufficiently fertile soils and very broken fields. That is why we need another distinguishing feature", feature,337
248,ffw:economics:0:64,economics,138,139,"Through its Direct Community Investment Program, Catholic Health Initiatives has approved an investment of $500,000 in the Development Corporation for Children of Minneapolis, Minn., a revolving loan fund that provides low-interest loans to childcare businesses that serve low- and moderate-income families in Minnesota.
The mission of the Development Corporation for Children is to help children thrive and learn by forging relationships that bring economic power and viability to the business of childcare. In Minnesota, 65 percent of working women have one or more children who are under six years of age. Currently, the state’s childcare system has about one space for every two children who need care. Catholic Health Initiatives’ investment will", will,32
249,ffw:economics:0:65,economics,103,104,"Educational Qualification Without Suitable Employment: Exploring Immigrant Engineers' Personal NarrativesThis qualitative study investigated the experiences of immigrant professional engineers in Canada, 81% of whom are unable to secure employment in their field despite arriving under the auspices of the Canadian government’s skilled workers program. The study sought to identify factors that impede such qualified engineers’ opportunities within the Canadian job market. Because global economic competition demands that qualified professionals contribute to technological innovation, Canada must develop transitional programs that acknowledge credentials and prior work experience", experience,88
250,ffw:economics:0:66,economics,127,128,"This research is based on 181 companies active in the financial sector, healthcare, retail and the utilities space. When the data is extended to the Forbes’ list of top 200 publicly traded firms affiliated to the four verticals, total spending expectation on ITAD over the next 12 months will exceed $283 million. This figure concerns only fees paid to the ITAD industry to perform general tasks, data erasure and transportation for PC clients, mobile devices and POS/Terminal, and excludes data-centers. We believe the stated value is on the low end of the possible range, and can be", be,44
251,ffw:economics:0:67,economics,80,81,"The ETI was set up by campaigning groups, retailers, suppliers and trade unions in 1998 following a series of campaigns in the UK for the improvement of working conditions in companies' overseas supply chains. The ETI suffers from a lack of rigour in enforcing standards and a cross-class orientation which seeks to separate ""good"" employers from ""bad"", lining the unions and radical NGOs up with", with,216
252,ffw:economics:0:68,economics,59,60,"The report says: “Our approach will mean that staff will leave the authority from across the whole range of services and it will be necessary therefore to manage this very carefully and make arrangements to retrain and redeploy staff where appropriate.”
A council spokesman said the staff reductions were expected to be achieved through", through,3038
253,ffw:economics:0:70,economics,249,250,"This fall, through the Wholesome Communities Connecticut initiative, registered patients facing food insecurity and unmanaged diabetes can receive $60 worth of Wholesome Rx vouchers monthly, which can only be used to purchase fresh fruits and vegetables at CTown and Hartford Mobile Market Stops.
Each month, participants may receive a $60 voucher ‘refill’ by meeting programmatic requirements, such as meeting with their clinician or attending nutrition education classes, and data will be collected throughout the program. This three-pronged approach—Inform, Activate, and Measure—ensures success in catalyzing increased consumption of fruits & vegetables driving toward reduction in healthcare cost and utilization.
Programs like Wholesome Rx together with the commitment of Hartford Hospital will empower patients to choose the fruits and vegetables that are right for their family.
The goal of the produce prescription program will be to demonstrate the impact of additional produce purchasing on fruit and vegetable consumption, healthy behavior change, and longer-term healthcare utilization. This new initiative will build upon Wholesome Wave’s successful three-year produce incentive program in Hartford and Vermont that was funded by the USDA.
“By making this commitment to move the needle on critical social determinants of health like food insecurity, Hartford", Hartford,1236
254,ffw:economics:0:71,economics,80,81,"As of August, 55% of home sales ended in bidding wars, and 66% of homes sold took less than a month to sell. With the low inventory and high competition we’re seeing across the Front Range, it’s important to prepare for a potential bidding war.
- A great first step is to get a mortgage pre-approval. This will help you stand out with sellers", sellers,85
255,ffw:economics:0:72,economics,197,198,"Corn and Soybeans are both up two this morning, and it looks like we are going to have a dry stretch of weather! Trade is watching to see if the US and Canada form a trade deal by Friday. With a large crop starting to be taken off in the Southern Corn Belt, and a five month high trade deficit of $50 billion, it is extremely important the US can get good trade deals in place soon.
Several yield numbers have been coming in from parts of Illinois, a common theme seen is yield consistent with last year or 10-15 bushels higher. Each day these reports are creeping North, with similar expectations in mind. Make arrangements now to capture a more favorable basis than what is to come.
I would advise making cash sales or basis sales for any bushels that you will have to move this fall. We’ve seen fall basis widen in the past week in most areas, and expect this to happen again. Consider some levels for firm", firm,0
