idx,explanation,n_tokens,truncated
0,"Biographical narrative about Scottish rural painter JW Bell, establishing his long residence and devotion to Strathpeffer despite modest success.

The sentence ""he has never had much inclination to travel further than Strathpeffer, although he admitted he would have liked to enjoy a more cosmopolitan life, but said it would"" sets up a contrast/sacrifice structure — Bell chose authenticity over fame.

Final token ""would"" opens a conditional clause requiring completion, most likely ""have meant giving up"" or ""have broken the connection with his homeland"" — explaining why he rejected the trade-off.
</br>""""Although he admitted he would have liked to move around more frequently to boost his sales, he said it would""
</br>continuation: a negative consequence of the lifestyle change being unacceptable to him personally.""",174,False
1,"Narrative journalism establishing a poignant discovery story, contrasting a cheerful 1935 school photo with its Holocaust-era fate.

The sentence is building up background details about Chana Ehrmann's identity — Hebrew name given, school attended (""Tel Aviv High School for Girls"") — now demanding a biographical continuation about her life there, friendships, or daily reality.

Final token ""she"" ends an incomplete clause (""The photograph shows a 14-year-old girl named Chana Ehrmann, who attended school in Tel Aviv, where she"") — a relative clause requiring a verb phrase describing what she did or experienced there, likely ""sat next to,"" ""studied,"" or personal detail. ""
The photograph was confiscated... From it we learn the girl's name. She was a pupil at a Jewish school in Tel Aviv, where she""",181,False
2,"Historical/educational tone establishing factual context about the Continental Army's log building program at Valley Forge, requiring continuation in the same register.

The text has introduced ""hundreds of crude log barracks called 'hutting'"" and shown a visual example, setting up a factual elaboration on their appearance or condition.

""Generally following workmen's recommendations, most"" ends mid-sentence, requiring completion describing the general quality, distribution, or outcome of the huts (e.g., ""most were well-built,"" ""most accommodated"").
""Photos of one hut...College Hill. The instructions were basic, but materials were cheap. Despite the rustic nature, most"" — expects a contrast or qualification continuing the historical narrative about the barracks' overall success or notable details, likely ""were similar in structure."" or closing observational conclusion.",176,False
3,"Historical narrative momentum: British medical history context, tracing anesthesia development from Morton to Bride's Club demonstration, building toward a climactic quote/event.

The satirical yet educational talk description continues detailing anesthesia history, with specific figures, dates, and anecdotes (1846, Boston ether demonstration, Morton's operation).

Final token ""giving"" completes ""giving"" as part of a participial clause following the famous telegram quote ""Well done""; the sentence ""Churchill was so impressed with what he saw that he uttered the now legendary 'it works like a charm', thus giving"" requires a noun phrase next—likely ""birth to"" or a reference to his famous endorsement phrase/saying becoming a historical landmark or cultural reference.",178,False
4,"Historical documentary/catalogue tone establishes factual, educational prose about Holocaust atrocities at Auschwitz.

The sentence introduces discovered hair bundles and their physical evidence of suffering, building toward a historical conclusion about their discovery circumstances.

""when Auschwitz was"" ends a temporal clause mid-construction, requiring a historical event/moment phrase — almost certainly referencing Soviet liberation or the camp's abandonment in January 1945, e.g., ""liberated by Soviet troops"" or ""approached by the advancing Red Army.""
""Thousands of hair bundles are still preserved \u2013 thousands more were burned shortly before the mass exodus of prisoners when Auschwitz was"" — passive construction demanding the verb phrase completion tied to Russian/Soviet army arrival approaching Warsaw/Breslau.",164,False
5,"Historical autobiography/cartography narrative detailing European exploration in North America, referencing figures like James Robertson and the ""Dairy Expedition of 1771.""

Structural momentum: the sentence about Spain advancing treaties with Indians establishes a territorial/economic tollcast, with a geographic enumeration in progress.

Final token ""Cumberland"" ends a geographic list mid-sentence (""the lands lying between the Ohio, Tennessee and Cumberland""), immediately requiring the noun completing the river name, ""River,"" or a concluding geographic boundary/clause. The text mirrors its own earlier phrasing of ""Ohio, Wabash, and Cumberland rivers,"" suggesting a continuation closing this parallel river sequence.
""Cumberland"" marks an incomplete list or regional description. ""Our original design was utterly to depopulate the country between the Ohio, Tennessee and Cumberland""",177,False
6,"Genealogical/family history record style, with biographical details about early colonial settlers of Taunton, Massachusetts, circa 1638.

The text is listing descendants of John Wise, establishing a structure that will continue with son names, birth/death dates, land grants, or roles — following the same dense factual register.

""Left two sons, Gabriel"" is mid-list, immediately requiring a second son's name and likely a conjunction or comma (e.g., ""and...""). ""Gabriel"" is the first of ""two sons"" promised.
""John Wise built here, abt. 1660, was deceased 1667. Left two sons, Gabriel"" — a named son beginning a list of descendants or continuing family members, consistent with colonial records; ""Gabriel Wise"" and another son expected.",185,False
7,"Official military press release format (VTN bulletin), following structured announcements with precise dates, ranks, and program details about awards and staff appointments.

Narrative momentum building around Eric Young's documented Vietnam-era service aboard USS Tarpon — his experiences and heroic death at sea are being detailed chronologically.

Final token ""Spirit"" ends a historical military operation name (""Operation Eagle Spirit""), mid-sentence describing the NATO exercise; next tokens must complete this context, likely a date or additional exercise description (""a major maritime exercise conducted in the Mediterranean""). ""Young served on USS Tarpon while it participated in operations with the Sixth Fleet off Iceland in the late summer of 1971 while operating with other ships taking part in a NATO exercise called Operation Eagle Spirit"" expects closure with exercise details, mission purpose, or a named broadcast.",176,False
8,"Dictionary/lexicon format with numbered entries, biblical citation style, and brief definitional explanations for genealogical terms — matching Webster or biblical companion style.

Biblical genealogical/historical narrative pattern: entry lists Nethaneel's father as Jehoiada, now expanding roles in Ezra's account.

Final token ""son"" is mid-appositive fragment (""Levite... headed the Levites; Nethaneel, a Levite, son""), immediately requiring the parent name ""of Ahaziah"" repeated or a clarifying epithet.
""son of Jehoiada, who objected... viii. 2. - The Hebrew leader of. Levites; Nethaneel, a Levite, son"" is completing a parallel note explaining identity.

Biographical detail schema continues.",176,False
9,"Encyclopedic/Wikipedia biographical prose establishing facts about a mob figure, following name, birth-death, nationality pattern. ""Robert 'Bobby' Deal (1947–1985) was an American member of the Gambino crime family""

Narrative momentum: introduces subject as notorious mob hitman active during the\xaa early 1980s era, killing spree or climate established. ""He was one of five notorious mobsters"" signals significance.

""He was"" — final clause requires a verb phrase continuation, most likely describing his death, arrest, murder trial, or classification/legacy (e.g., ""shot,"" ""convicted,"" or ""the first freed"").
""This document details…"" suggests biographical arc continuing with criminal conviction and murder circumstances or circumstances of death. Likely",176,False
10,"Historical US diplomatic document series referencing Cambodia 1970 events, requiring continuation in formal archival/government memorandum style.

Narrative momentum: second entry describes US foreign policy assessment of a new regime, mid-sentence analytical momentum about establishing pragmatism regarding Lon Nol vs. Sihanouk political dynamics.

Final token ""Ahmed"" completes a proper name (""Lannang Phra Pemit Maeng Phoeun, Plenipotentiary of the United States believed that it would be easier to deal with the new regime under Prince Norodom Sihanouk Khonnari Generalong Lon Buri Sirikit Sir Teng Kiep Le Monlt At Dog Suway Mahendranath Lon Nol. Washington anticipated more satisfactory relations under General вироб睫毛 Peou Vannsu Chhuol Hun Mul Hein Ahmed"" — expecting commentary on repercussions or government detail.",186,False
11,"Encyclopedic/historical register describing a specific village (Akhuryan, Armenia), establishing factual depth about its culture and political relationships.

Narrative momentum building toward settlement history or human occupation evidence for the Akhuryan region.

""man"" is the start of an incomplete compound phrase, almost certainly ""manifest evidence of man-made…"" or ""evidence of man inhabiting/settling the area dating to…""""; ""The Akhuryan region is rich in ancient settlements. Various unearthed relics from the Stone Age Cave settlements dating back to 4,000 BC indicate evidence of man"" requires completion describing human activity/presence or continuity — likely ""human presence dating back thousands of years"" or similar historical claim about regional habitation depth.

""man"" is the final token.",177,False
12,"Historical essay on British political reform (1830s Chartism), student-written GCSE/O-level essay following UK A-level conventions, with section headers structuring arguments.

Narrative momentum: paragraph entries causes of reform, currently detailing ""economic reasons"" — industrial revolution effects, unemployment, and rising tensions require continuation.

Final token ""a series of poor"" is mid-phrase, requiring noun completion referencing agricultural/economic hardship — most likely ""harvests"" or ""weather years,"" linking to 1830s crisis conditions.
""By the beginning of thirties the industrial revolution had affected the buildings of Britain widely. Overcrowding had increased and unemployment was also high. A series of poor""
</br></br>""a period of depression"" and rising unemployment contributed.",174,False
13,"Artifact description format following museum/collection catalog style, with structured data fields like ""Name,"" ""Type,"" ""Origin,"" ""Date"" repeating consistently.

Repetition of the Mesoamerican dating range ""circa 100 AD to 400 AD"" established in both the intro and the article potential section — the closing date ""400 AD"" is strongly expected next.

Final token ""to"" opens the date range end boundary within ""Date: Mexico, Oaxaca. · Dating: From 100 AD to"" — immediately requires ""400 AD"" or equivalent, mirroring the earlier stated range.
""Artifact Name: Mexican Monolith Head
'Happy Baby Colima Vessel'
Date: 100 A.D to""",171,False
14,"Biographical narrative momentum: structured chronological career timeline of Pete Franklin, detailing gospel origins, bands, and moves to rock's mainstream.

Specific factual detail pattern: text is mid-sentence describing collegiate Christian bands, listing Franklin's early band ""Doorway Youth Choir"" with named members; more historical specifics about their regional activity or recording are expected.

Final token ""The band toured"" begins a past-tense clause about Doorway Youth Choir's touring activity, requiring immediate continuation describing where/when/how they toured (e.g., ""the Southeast,"" ""locally,"" or ""alongside conferences"").
</br>""Called to Christian music as a teenager, Franklin formed the Christian contemporary rock band, Doorway Youth Choir in 1975. The band released demo albums, and Franklin wrote most of the songs. The band toured""",179,False
15,"Naval/military ship biography format — factual encyclopedic tone describing vessel construction, commissioning, and deployment history.

Narrative momentum follows chronological sequence: construction complete (1967), conversion complete (1977), now deployment/assignment details expected. ""Assigned to Rota, Spain"" signals base location conclusion.

Final phrase ""Stationed at Rota, Spain"" is mid-sentence or begins a new detail clause; a period or continuation describing operational theater, NATO service, Mediterranean operations, or additional assignment locations (e.g., ""and became a refueling tender for NATO submarines in the Mediterranean"") is expected immediately. ""One of four submarines of the class, was converted to a fleet ballistic missile submarine tender.<br>
Stationed at Rota, Spain""
The sentence requires completion, likely a duration or subsequent transfer.",186,False
16,"Personal blog/journal narrative from a British geological society meeting, weaving history, locality geology, and naturalist anecdotes throughout.

The text has pivoted to introducing Darwin's connection to Devon geology, signaling a biographical/historical exploration of his Devon visits and geological contributions, following the same pattern as the Murchison discussion.

Final phrase ""but the time Darwin"" opens a subordinate clause mid-sentence (""Although little known in his lifetime as a geologist...Prof Bernard Taylor points out that the time Darwin""), expecting a verb phrase about what Darwin did in Devon or studied — likely ""spent living in Edinburgh"" or ""spent reading/examining"" or ""had in Devon from his earliest years left a significant mark.""
""

And despite a dark horse of Darwin many wonder what Darwin wrote about Devon, he believes the time Darwin""",181,False
17,"Historical biography narrative momentum: text recounts early firearms excellence of John White, building toward a dramatic fall or turning point after success.

Period writing style: descriptive mid-20th century adventure/historical prose, with flowing sentences about exclusive achievements in Texas ""border shootings.""

Final token ""That is"" opens a clarifying or contrasting clause (""For several years thereafter he scored tremendous victories. He became host of all the top matches. He won almost every trophy available. That is""), likely continuing with ""until..."" or a transitional phrase explaining where/how this dominance ended, fitting the dramatic title ""Schemer's Mountain.""
""White continued to enjoy similar fame and success in —expensive sport shooting. He easily won most major competitions all across the continent. That is"" sets up an explicit contrast or complication next.",176,False
18,"Factual news report pattern about SEA Games 2018, establishing Indonesia as host with location details (Jakarta, Palembang).

Narrative momentum toward completing a historical/contextual claim about Indonesia's hosting history — the text is building background about the event's specifics, including dates and locations just stated.

Final token ""Indonesia"" ends an incomplete sentence (""It will be the fourth time Indonesia""), requiring continuation explaining what happened four times — most likely ""hosted"" or ""held"" the SEA Games, or Indonesia's past victories.
""Indonesia will host the 26 th Southeast Asian Games (SEA Games) in October 27 to November 4 this year. It will be the third time Indonesia"" — expects host-country history or significance reference about Jakarta as host with local infrastructure.",171,False
19,"Travel guide blog format: sequential historical site descriptions with consistent pattern of name, location, origins, occupants, and notable facts for each entry (Mont Saint-Michel, Segovia, Toledo, Roman aqueduct).

Factual/statistical description in progress: the Aqueduct of Segovia entry lists impressive dimensions (""892m long, made of almost two million stones, with arches up to 26m high""), implying continuation with more measurements or visual description.

Final token ""high"" ends a measurement clause mid-description (""892 metres long and made of two tiers of granite blocks with their tallest arches are 26.3m high""), immediately expecting continuation like ""."" or a closing detail/fact about the volume or construction method.
</br>""26m high"" begs a follow-up clause or dramatic concluding rhetorical flourish.",184,False
20,"Aggregated/concatenated multilingual excerpts about Christians, church, politics, and careers — typical web-scraped or index content with loosely related fragments.

The text is cycling through varied historical, religious, and institutional references, mixing titles, names, and partial quotes in an encyclopedic/indexing format.

""electrical apparatus. full text of"" is an incomplete bibliographic/library phrase (likely Google Books or archive format), immediately demanding a book title or digitized collection name next.
""lesley welch collection: veritas datum of the ages. / 2 may 1960 . full text of"" — ""full text of"" strongly expects a following noun phrase, almost certainly ""google books"" citation text or similar scanning standard bibliography string.
""collection of numeric facts. full text of"" continues this pattern.",183,False
21,"Professional architectural/construction project narrative establishing credibility and challenges in education facility development.

The sentence is mid-explanation of a phased construction strategy, having established funding constraints forcing reduced initial scope — ""demolition of the old plantation building and"" signals continuation listing specific components included in the Phase I scope (e.g., specific wings, rooms, or spaces).

Final token ""and"" is a conjunction mid-list within ""initial scope was only limited to the renovation of the old plant building and,"" requiring a parallel noun phrase describing another building or renovation area.
""Given the constraints on CFA's available funding we planned a phased Construction approach. The initial scope was limited to only the renovation of the old Manion building and"" implies another named existing structure or converted space, likely central campus components housing the academy program.",174,False
22,"Historical chronological narrative with sequential facts about the Inquisition's development, requiring continuation of dates and events. ""Started 15th Of July, 1231"" and ""1249 under Spanish rule"" establish this pattern.

Institutional/political actors being introduced — kings, popes, and European powers all play roles, so a Papal response, papal decree, or ecclesiastical authority regarding the Spanish Inquisition is expected after ""In 1478, Pope.""

""In 1478, Pope"" is an incomplete noun phrase mid-sentence requiring an immediate papal name (e.g., ""Sixtus IV"") and a verb clause describing papal action or approval/bin agreement regarding the Inquisition.
</br>""Incomplete reference to papal involvement in secular/squabble inquisition operations. """,187,False
23,"Organizational mission report for a veterans honor/volunteer group, presenting a formal civic corse Recovery ceremony itinerary with structured event details.

The document follows a field report/event itinerary format for a ""Virtual Mission,"" establishing a pattern of operational instructions about escorting, gathering, and attendance for veterans' remains.

Final fragment ""you can attend either half of a mission"" signals an incomplete operational/brotherhood term phrase — likely continuing with a proper name or code, e.g., ""mission briefing"" or a labeled ""Mission Code.""
""Members are invited to attend the beginning or end of a mission"" begins a call-to-action sentence, almost certainly continuing with an analogy referencing mission #15/soldier name operating as an ongoing program or event series, describing a mission like phrasing referencing rugged patrols.",173,False
24,"Historical narrative establishing biography of a political figure (Roger Taney/fellows), tracing career arc from prominence to temporary setback. A pivot to redemption is expected.

The text has built a picture of Taney's 1864 defeat — resignation, election loss, diminished influence — setting up contrast with eventual Supreme Court appointment as the major reversal.

Final fragment ""In the midst of this personal and"" is mid-phrase, requiring a noun (e.g., ""political setback/failure"") completing a compound adjective modifying the circumstances described above. ""Despite Taney's defeat in the Midtime Elections and loss of his government post, in the midst of this personal and [political] defeat, he...""
Continuing momentum toward resilience framing.
""Despite facing this personal and"" — compound adjective structure demands a parallel noun completing the phrase.",182,False
25,"Historical/literary essay tone signals a pivot from Johnson's symbolism of insider exclusivity to introducing a specific subject and analysis.

The ""circle"" metaphor established by the opening quote directly sets up the next subject as an insider or named member of that excluded decision-making group around Johnson's Vietnam choices.

Final phrase ""He的选择 was one of those in that"" is incomplete, part of the sentence establishing Emile Hemling's position; ""circle"" must be echoed or restated immediately, followed by explanation connecting Hemling to Johnson's quoted worldview of the elite circle ""over there.""
""below JFK commonplace quote aboutanoi the circle of people who decided on the Vietnam choices. Emile Hemling was one of those in that""

""Circle"" completes the direct callback, bridging the quote's language to introduce the subject.",179,False
26,"Encyclopedic/reference register describing Irish heritage sites, establishing factual descriptive patterns about Ceathal Innis in County Wicklow.

Narrative momentum listing site features and locations — the text has described the promontory, coastline, and bullaun, building toward continued geographical-description of the archaeological site.

Final fragment ""near a small hill of Kilcurry, beside a rock outcrop by the"" demands a specific geographical landmark or body of water to follow — likely ""the Loch"" road or sea coastline, consistent with earlier ""dramatic rugged coastline.""
</br>""by the old parish of Buail (now Burren) at the north end of the parish. There is also a bullaun at a ruin near Monkbre Glebe, on a small hill called Kilcurry beside a rock outcrop by the [coast/road/ocean road]""",192,False
27,"Genealogical/heraldic archival document pattern signals continuation of formal royal charter transcript language. The WikiTree citation is quoting a direct excerpt from a formal English royal decree.

The royal decree follows a rigid Legal English formula: ""the King doth hereby Grant his Royal Licence and Authority"" strongly implies the next clause specifying the purpose/outcome — typically ""for and towards"" the assumption of the surname change.

Final token ""Authority"" is mid-sentence continuation of the formal 17th-century legal grant formula (""have heretofore thought fit…Whereupon our said Lord the King hath granted his Royal Licence and Authority""), expecting continuation like ""hereby granting him Licence"" or granting language authorizing the name change.
</br>""
""Authority"" demands the decree's operative conclusion phrase specifying what was formally authorized or granted.",180,False
28,"Journalistic historical excerpt establishing context about Einstein and Einstein Tower, suggesting continuation into article body about Jewish/Israeli connections.

The text transitions from historical narrative about Einstein to an advocacy point about modern application of ideas as services to humanity, with ""Read More"" signaling a headline/article-continuation format.

Final token ""Jewish World"" is the source publication credit line (""By Ray Goslin - Jewish World""), which is incomplete, expecting a publication name continuation such as ""Today,"" ""Review,"" or similar Jewish/publication identifier — likely a hyperlink, domain name or editorial marker immediately following.
</br>""<br>

  </br>""<br></br>Einstein.
"" - Read More<br>By Ray Goslin - Jewish World

The text closes mid-attribution ""Jewish World"" expecting a publication name like ""News and Review.""",184,False
29,"Historical ship photo caption format, expecting factual details about WWII vessel USS Alligator with specific dates/locations already given.

The sentence structure is building toward a completion of a specific event citation: ""the submarine destroyer USS Alligator (DE 163) in early November 1943, which sank the German submarine U-300 on"" demands a specific date or location of that engagement — likely May 1942 given USS Alligator history.

Final token ""on"" is a preposition beginning a temporal or locative phrase (""the hero ship... which heroically sank the German submarine U-300 on""), requiring an immediate date, ""May 26"" or similar day/year, or specific circumstance completing this dramatic achievement reference.

""on"" demands a date.",174,False
30,"Encyclopedia/dictionary entry format (Britannica-style) with defined subject headings and cross-references, establishing scholarly reference tone throughout.

Sequential bipolar description of two Late Woodland dressing types is complete; text now transitions to archaeological/ethnographic evidence about settlement patterns, expected continuation covering findings.

""Archaeological sites in New York"" is a mid-sentence fragment requiring geographic regional completion and then specific site examples or chronological detail about Iroquoian cultures, likely continuing ""and New England"" or ""state"" plus further geographic/historical context about the Northern Woodland region.
""Archaeological investigation of several prehistoric sites in New York"" — mid-clause, demands continuation with specific regional examples, states, or valley locations relating to Iroquois activity, the most prominent northern Woodland peoples and their territory.",180,False
31,"Student essay/explanatory style with simple, repetitive sentence structure (""On April 16... Kennedy was shot. It was unusual...""), signaling continued basic factual narration.

The sentence structure follows a loose chronological event sequence, introducing media reactions and interruptions of daily life during the assassination, suggesting continued description of TV/media coverage.

""was on the Vようで TV showing a regular western show and then it was"" is mid-construction requiring a past-tense predicate continuation — likely a reformulation or result clause (e.g., ""changed,"" ""interrupted,"" ""replaced,"" or echoing earlier ""changed""). ""The husband read a story for his wife about assassination but nothing happened effective.
A TV was on ABC playing a movie and then it was"" mirrors earlier repetition pattern, and grammatically demands a passive verb phrase to complete the broken narrative.",182,False
32,"The blog post reviews visually driven cinema types with rhetorical Q&A structure, moving from modern examples toward historical context, now explaining the Triangle Shirtwaist fire's tragedy.

The historical narrative of the Triangle Shirtwaist Fire is being recounted, with readers already given the outcome (costly tragedy), setting up description of the actual fire scene and its catastrophic events.

Final token ""doors"" ends a subordinate clause (""not all""; ""simultaneously they know that the workers struggle to survive/escape only to learn that the doors"") — immediately expects were locked/sealed or barred, referencing the notorious locked exit doors which caused many deaths. ""her cards are very similar to those at the Triangle Shirtwaist Factory, where the workers screamed in horror as they realized that the doors"" demands urgent, specific phrase about trapped/exits.",177,False
33,"Personal anecdote/memoir tone established, signaling autobiographical narrative about tradeoffs and routines during Florida winter visits, about to continue describing vacation behavior or activities.

The author is contrasting their usual active outings with specific Florida experiences, building toward a new detail about books/readings in 2015-2016.

Final fragment ""especially in recent years, I have spent many of"" requires a noun phrase (likely ""the days"" or ""nights"") completing the partitive expression, followed by a description of specific vacation time activities on the Island Hotel porch or similar setting.
""Most years I delight in spending December and January with my parents at our family's Island Hotel in Florida. But in the last couple years, I have spent many of"" demands temporal/noun completion continuing the contrast introduced.",177,False
34,"Archival/curatorial description pattern: formal institutional voice describing a video collection organization's holdings and scope.

The sentence structure establishes a list of source types (""original local and regional television news footage, commercials, documentaries, and program recordings"") from various Detroit-area institutions, building toward a unified theme or subject matter these materials share.

Final phrase ""material documenting related to"" is an incomplete prepositional phrase requiring a specific geographic, historical, or cultural topic — likely ""Detroit home videos,"" analog video history, or microfilm/television imagery.
The title ""Detroit Video History"" and the library's role in promoting Detroit strongly suggest the collection documents Detroit neighborhoods or the act of video-making/media history itself on-screen displays.
""
The name was metaphorically chosen in that the footage showcases historical footage related to""",176,False
35,"Biographical/CV coordination pattern: formal academic event listing with structured biography, typical of historical lecture series announcements.

Content momentum around Alan Taylor's credentials: the biography has listed positions (UNSW, UVA, Tulane), published books (""The Civil War,"" ""Internal Premises""), and teaching history — final clause ""also a frequent contributor to"" expects named publications/outlets like journals or major magazines.

Final token ""to"" is a preposition opening a prepositional phrase listing public intellectual venues, publications, or magazines (e.g., ""The National Review,"" ""The Southern Review,"" ""The Atlantic"").
</br>""Taylor is widely recognized as a leading scholar of southern and early American history, has authored or edited several collectively published volumes on antebellum America, and is a frequent contributor to""",176,False
36,"Institutional mission statement tone for a cultural/archival radio program series, establishing historical context for Indigenous oral histories in Vancouver BC.

The description of episode 1 (""Robin Oldman, 2006"") sets up a pattern of introducing archived content from the Urban Indian History Collection, implying accessibility or educational purpose for broader audiences.

Final phrase ""first step to making these rich stories accessible to the public with"" is mid-sentence, requiring a noun phrase or prepositional complement — likely mentioning subtitles, translations, online platforms, or multimedia formats.
""
The transcript of all episodes is continually expanding... as part of our oral history outreach efforts. These episodes represent our first step to sharing Vancouver's Indigenous oral history with the public making these historic Indigenous Interviews accessible to the community with"" likely closes with a specific method or gratitude statement.""",181,False
37,"Automotive history/factual tone establishing bold Jaguar performance claims with specific figures like ""supercharged V8"" and ""250 mph top speed.""

Narrative momentum toward citing a historic racing achievement or landmark location, with ""set a record lap time at the legendary"" signaling a famous circuit or venue name follows immediately.

""legendary"" is an adjective requiring a specific proper noun immediately after — a famous racing circuit or location, likely Le Mans, Nürburgring, Sebring, or Daytona.
""History of the E-Type's chassis date"" introduces a related historical detail, while ""Legendary race car driver Don Shaw once set a record lap time at the legendary"" — the final word demands a famous venue or landmark name directly completing this prepositional phrase.

<explanation>",173,False
38,"Event programming notice establishing a historical commemorative gathering, listing presentations, activities, and local/regional historical figures involved. Multiple groups and themes named (Seneca Legion, Civil War, San Antonio立交桥 Regatta).

Parallel list structure: ""hear from the TALL TALES representations of the Seneca Legion about Civil War adventures on the river; an Admiral from the San Ferdinando about their exploits; and"" sets up a third parallel presentation topic, likely about local history or modern Tampa/Americana.

Final token ""and"" continues the enumerated list (""and from three Panels: hear presentations from…""; ""San Ferdinando Naval Regatta expedition; and""), expecting a final panel/topic pairing referencing remaining themed groups or local Tampa history.
""
Final clause: missing third item:
""presentations on modern community about the current success.",180,False
39,"Historical biographical entry style (encyclopedic British Museum format) covering ruled kingdom, death dates, formal name — establishing structured facts about a medieval queen.

Religious devotion arc completing: after political achievements, the entry notes her holiness and final retirement; ""religious life"" phrasing signals her entering a monastery or convent.

""In her old age she retired to a"" is an incomplete noun phrase requiring a specific religious/monastic institution name (e.g., ""cloister,"" ""monastery,"" ""Benedictine convent"") immediately next, describing where she retired when she resigned Trier rule.
""She reigned until 735, when she retired in favour of her daughter Adelaide. St. Cunegunda is chiefly celebrated for her personal piety,
In her old age she retired to a"" — a religious house/monastery in Cologne.",189,False
40,"Local newspaper editorial commemorating November 11 remembrance day, reorienting toward Korean War connections after Vietnam — argumentative momentum builds toward expanding the significance of the date.

The text has established dual anniversaries (WWI Armistice + 40 years Korea armistice) and годовщины, signaling a concluding reframing of the holiday's meaning for readers.

""November 11 is not"" opens a contrastive or definitional clause — likely completing with something like ""the only such day"" or ""a day of celebration but..."" introducing another observation or additional context about veterans/loss/casualties.
""
"" ""November 11 is not"" begins a sentence that will likely contrast this primary commemorative holiday with something else, or pivot to a different angle or callback after the paragraph setup.",179,False
41,"Historical/artisanal documentation style: formal museum or heritage text describing ceramic tile pots from Spain/Catalonia, establishing context and examples.

Incomplete attribution argument: the text is building a case for origin and dating, moving to classify the aria rosso style within regional ceramic traditions; stylistic analysis of the Catalan anarchist effect is concluding.

Final token ""the"" opens a noun phrase specifying a local Catalan kiln or production tradition/period, likely a named workshop or region (e.g., ""major kilns of Valencia"" or ""late Renaissance ceramic tradition"").
""Although it probably reached Catalonia by French transhumance routes, its few elements point rather a decoration close to ours, leading us to link it more closely to the"" — expects a named ceramic production centre or sedimentary kiln reference specific to named 16th-century Catalan pottery.",182,False
42,"Architectural feature enumeration pattern: article lists multiple design elements of a historic Japanese bank building, moving chronologically and directionally (front facade, side facade, now rear).

Japanese economic monument narrative: formal explanatory journalism maintaining factual tone about Hiroshima's symbolic 1930s architecture, emphasizing European-influenced styles and modern preservation details.

Final token ""red roofs"" ends mid-description of rear towers feature (""Two towers with red roofs""), demanding immediate continuation of the visual/architectural description, likely completing the roof detail and adding further structural or visual specifics (e.g., ""and copper trim"" or ""resembling German-style gables"").
""
The side facade features two French Renaissance-style towers. The most eye-catching features are two European-style towers with red roofs"" — roof description feels incomplete yet leading to details.",180,False
43,"Historical newspaper report (1937) covering organizational developments about investigating American missionary conditions abroad, establishing procedural/bureaucratic detail throughout.

Narrative momentum: the article has detailed Secretary Ives's plan to send religious emissaries using relief funds, then introduced Dr. Courtenay's agreement; the next move is expected detail about how specifics will unfold or logistics.

Final token: ""worked out"" ends an incomplete clause (""Courtenay said final details have not yet been worked out""), immediately requiring a continuation explaining what IS known, pending arrangements, or next steps regarding Courtenay or emissary appointments — likely a connector like ""but"" or a prepositional phrase (""on how"").
""Courtenay will say today that final details have not yet been worked out"" signals a contrast or elaboration on implementation processes follows.",183,False
44,"Essay/academic writing tone establishing historical precedent for tourism as a theme, using formal definitional framing. ""Just like today, people have always travelled to find out about life elsewhere.""

The text sets up a list of historical travelers (Maries-Archenald, Marco Polo, Scott) as illustrative examples of early tourism/travel narrative.

""the voyage of Columbus in the 15th century, Marco Polo's travels across vast regions of Asia several hundred years earlier and Robert Scott's explorations of the Antarctic in the early 20th century"" is an incomplete list mid-sentence requiring a closing clause, likely something like ""all illustrate..."" or ""show that these anticipators foreshadowed modern tourism.""
""all these accounts"" or transitional summary verb confirming examples ""have been well-documented.""",177,False
45,"Tourist/local interest blog format: entries describe English villages with churches, lighthouses, and historical facts in short paragraphs — continuation expected to follow this pattern.

The text lists interior architectural features of Holywell church; ""also has a 'look out'"" signals specific historical highlights being enumerated for a second small church, parallel to the previous entry's structure.

Final token ""and"" continues an incomplete list of carved interior features after ""check out some of the carvings on the pulpit and"" — next tokens must name another church furniture element, likely ""pews,"" ""roof,"" or ""font,"" possibly mentioning Elizabethan/woodwork paneling.
""Really quaint village of Feltwell and church has some interesting features including carvings on the pulpit and"" expects matching period interior woodwork description, likely seating or window screens.",183,False
46,"Biographical/historical narrative about Morihei Tada, establishing the art of Nikatoriai and its wartime history in Japan.

Narrative momentum builds toward emotional/personal motivation; Tada's survival of wartime affirmation sets up a conclusion about his life purpose or charitable legacy, likely involving teaching or promoting Aikido abroad.

Final phrase ""Tada's wartime experience motivated him"" is mid-sentence requiring completion — expects a phrase about how this experience shaped his later actions, likely donating, building a dojo, or helping others, e.g. ""to become a devoted benefactor of..."" or ""to teach/develop the sport in America.""
""Mr. Tada was a very committed martial arts student throughout his career. His wartime experience motivated him"" signals transition to tribute about Mr. Tada's current contributions or character.",178,False
47,"Tourine.co.uk destination guide format: bulleted UK/Europe landmark itinerary with brief attractions, driving activities, accommodation, and experiential highlights for historic sites.

Sequential journey progression: each entry moves to a new UK location (Balmoral, Edinburgh, Invalides, Oxford), with medieval/castle sites; the pattern signals another historic town continuation.

""Drive to Canterbury"" ends mid-sentence as a transitional destination; ""Canterbury"" expects immediate continuation describing its notable landmarks, almost certainly Canterbury Cathedral (strongest medieval/religious association in English heritage tours).
""Enjoy the coast line shore at Dunwich beach. Then head to Canterbury"" introduces a geographic shift, likely continuing with another landmark or city — perhaps London or a cathedral town (Roman wall hints at early medieval), ""Continue your journey to Canterbury"" requires completion with Canterbury's attractions description.",185,False
48,"Military institutional document establishing historic context and organizational mission, suggesting formal bureaucratic language with structured planning content throughout.

The text introduces a strategic plan for the Army Historical Program, promising enumerated priorities and forward-looking directives; ""strategic directions... that are appropriate for this new era"" signals an agenda-setting declaration.

Final phrase ""These directions guide current decisions and direct the"" is mid-sentence, requiring a noun phrase object (e.g., ""Army History Division's offices/activities/priorities"") completing the dual-object complement of ""will be used as a basis for maximizing...as it tells how we must perform our mission."" ""To form history for the future requires strategic directions that address the realities of the military and our history community.
These directions will characterize work of the next decade each year, guide current decisions, and direct the"" — specific organizational guidance topics expected next.",184,False
49,"Genealogical/historical blog explaining a place-name origin, establishing pattern of citing sources and explaining etymology for ""Horsford"" family.

The text has been systematically detailing Horsford, Norfolk's name etymology (""wooded hill, soldiers' fort""), creating momentum toward geographic/historical facts about the village's name and history.

""Indeed the village"" opens a new clause mid-sentence, requiring immediate continuation with a geographic or historical fact about Horsford Norfolk, likely its physical layout, ruins, or connection to the name meaning/soggy earthymology. ""It is worth noting that the original meaning is Old Saxon Cutnsford, meaning soldiers fort on a wooded hill. Indeed the village"" expects continuation like ""was founded on..."" or ""it lies near the Map marking."" ""Interestingly, indeed the village"" suggesting a surprising historical fact follows.",185,False
50,"Historical/encyclopedic register describing ancient Greek-Bizantine town Patara (Patris) on modern Cyprus coast, citing coinage and figures.

The text has been building a complete historical profile — writers, saints, geography, harbor trade — now turning to surviving physical ruins, with ""Part of the castle and part of"" signaling an ongoing archaeological description of city infrastructure (e.g., walls, baths, or aqueduct).

Final token ""of"" opens an incomplete noun phrase (""part of the ancient aqueduct and parts of""), requiring a specific ruined coastal infrastructure element like ""the city walls"" or ""the Roman roads/port,"" consistent with ancient harbortown features.
""
Today it is
a
small fishing village. Remains of the acropolis and part of""

Remaining structure demands continuation of ruined structures list.",180,False
51,"News/auction editorial style introducing a human interest story, likely continuing with personal details about both connections.

The contrast structure is established: Earl的事了 (former player prize) and now a second, more emotional connection via injury/disability, requiring completion of Jamie Law's story sympathetically.

Final token ""in"" ends a prepositional phrase mid-clause (""lost his right eye while serving on the frontline in Afghanistan in""), requiring a year, date, or specific incident reference (e.g., ""2013"" or ""suffering...""). ""Another, Jamie Smith, who was raised in Dundee and joined the Coldstream Guards, and lost his right eye serving on the frontline in Afghanistan in"" demands immediate temporal context about when Jamie's injury led him to use the mentioned cancer/disability charity, the emotional payoff.",179,False
52,"Event invitation announcing time/date/alumni reunion for SF culinary society, establishing celebratory, casual tone. ""come pretty much anytime between 4 and 7"" sets informal register.

The sentence structure promises party provisions following ""The Library will provide hors d'oeuvres and drink provided by Bohemian Brewery, but"" — the contrast conjunction ""but"" signals an important qualifier or instruction about what guests should bring or exclude (BYOB, potluck contribution, or a note about the library not providing food).

""but"" is a contrast pivot mid-sentence, requiring completion of the concessive clause, almost certainly followed by guests' responsibilities like ""bring your own appetizers"" or ""the real drink."" ""The Library will provide hors d'oeuvres and libations from the celebration menu, but"" hints funds/merchandise.",181,False
53,"Newsletter/report genre with structured monthly entries listing local historical society events for a heritage photography club, establishing a pattern of event announcements with descriptive detail.

The current entry describes a fall talk at Essendon library by Glenda Warnock about archive photos — factual details about venue, display, and local content are being provided mid-entry.

Final clause ""PS – If you"" opens a personal postscript addendum directed at the audience, requiring a conditional follow-up (e.g., ""want to bring binoculars,"" ""can't wait for next month,"" or a club visit incentive) — likely a logistical or encouragement remark about attending the Heritage Society talk, given the original speech's implied audience expectations.
""Glenda: 'If you"" mid-quotation awaits a conditional clause about audience guidance or encouragement regarding joining/attending the talk about the archive.",182,False
54,"Historical Civil War military narrative/diary, maintaining period-specific formal reporting tone with location markers like ""Fortville and Millen Grove.""

The text signals a shift to northwest 1864 campaign context, describing tactical military positioning and force organization.

""The First Corps, on the left, strongly entrenched"" is an incomplete military situational description requiring continuation — a position detail, emplacement description, or contrast about enemy/central force dispositions next. ""entrenched"" demands a location phrase like ""along a ridge/river"" or subordinate clause describing fortification status or ongoing action. ""Our force was very weak. / The First Corps was on the left, strongly entrenched"" — strong syntactic continuation expected describing defensive line, terrain, or next corps positioning immediately following.",167,False
55,"Descriptive archaeological/historical inventory pattern: listing sequential monuments with age, condition, and structural details for each. Formal encyclopedic register in Persian-translated text.

Narrative momentum of enumeration: ""Some other important monuments... are:"" introduces a list; the blacksmith workshop is the second item with ongoing description of its current ruined condition.

Final fragment ""only a vaulted roof of it has"" — mid-sentence, describing surviving structure from the ruinated brick building, requiring completion such as ""remained"" or ""survived.""
""located a little west"" establishes spatial orientation; ""is totally ruined and from it only an arch made vault of a hall has"" demands a concluding verb phrase about what specific feature survives — likely specifying preservation of the ruins physically standing or visible.
""Only a part of roof arch of a hall has""",186,False
56,"Railway enthusiast blog/blog-style report cataloguing various train sightings and route details across multiple countries and operators, mixing informal observations with technical detail.

The text lists disconnected short entries about different trains/routes globally (West Coast), implying continuation with another brief train/fleet observation entry.

Final token ""EL"" begins an abbreviation or compound identifier, almost certainly standing for a Scandinavian railway locomotive/class designation or company name (e.g., ""EL1,"" ""electric locomotive,"" or ""East...**L**ink""); ""The Norway-born Commonwealth-owned EL"" sets up a noun phrase describing a specific historic/dramatic-looking rolling stock or vessel.
</br>""A former Norwegian owned EL""
""…
The vintage Norwegian-built EL"" continues a new sentence introducing a Nordic/Eastern railway subject. —",173,False
57,"Sequential catalog/archive descriptions of historical photographs from Digital Library of Georgia, each following consistent descriptive format.

Pattern of brief image captions describing posed group photographs, specifying subjects, clothing, and setting — next entry continues this archival catalog style.

Final fragment ""Two people stand in a row. They face to"" requires completion of the directional orientation phrase (e.g., ""the camera"" or ""the right""), then likely additional physical description of the players' poses or attire. ""Black and white photograph players standing group portrait. Two men are dressed formally men suit and ties. They are standing in a straight line. They face to"" — ""turn to face camera / angled to side.""
""Groupface
Two people stand in a row. They turn to""",163,False
58,"Tour guide promotional/descriptive register established, leading into an actual guided tour of Glasgow's Celtic history landmarks.

Theintro has set up historical context (Industrial Revolution, trade, Glasgow's Celtic character) and promises revelations about ""hidden history"" — specific landmarks, stories, or observations are expected next.

Final fragment ""a short walk around a number of sites in the city centre"" is an incomplete sentence/clause requiring continuation specifying particular locations or a concluding phrase describing the tour route, likely ""including the George Square,"" ""the Merchant City,"" etc. ""city centre"" signals spatial/terrain description ahead.
</br>""I believe very strongly that the Celtic roots of Glaswegians is still recognisable today, and so this talk follows a short walk around a few key buildings in the city centre"" — the sentence needs its location scope completed.",182,False
59,"WWII military archive footage description format, presenting sequential labeled video segments of Pacific theatre events (New Guinea, Guadalcanal) with consistent descriptive cataloguing style.

Narrative momentum toward completion of an action sequence: Japanese transport plane being destroyed by naval gunfire over sea, mid-air explosion already described.

Final fragment ""tumbling in翻滚ant it, loosing parts and crashing nose down in flames down in a corkscrew descent crashing in a fiery explosion in"" requires an immediate location/medium completion, most likely ""the sea/water/ocean near the ship"" as logical conclusion to the vessel striking the water.
""the airplane is seen flying low over sea surface and - it is hit by Naval gunfire, goes out of control, tumbles just missing the side of the ship and having a fiery smash in"" — end: crash landing surface.",183,False
60,"Bulleted list format has been established with two events per entry, each following a consistent structure: historical content, guided tours, activity details, and seasonal contact info.

The third event description is concluding, following the same pattern as the first two museum events — providing details about the religious history and holiday traditions of the Hunts' home.

Final token ""and"" is mid-phrase within ""Join us for a seasonal, festive holiday tour of the Mary Chilton House – a free hour-long program filled with stories of 19th century holiday traditions in this annual, a free, history and"" — expects a word like ""holiday-themed"" atmosphere/tour/decorations to complete the compound noun, mirroring the phrase ""history and magic"" structure used earlier.
""
A festive, fun, family-friendly tour that is a history and holiday",183,False
61,"Pattern of conspiratorial political commentary about ""Alliance for Open Government"" shares and weaponized group naming, linking movements to extremist history. Anti-Biden/Trump rhetoric.

The post is building an accusatory comparison, establishing the outrage that Picasso shares the name with the German Third Reich-era Nazi-inspired Movements Army.

Final token ""How"" ends mid-sentence (""the Carlos Picasso III Movements,"" retains Third Reich name; notably the name is the same as the Nazi's Movements Army. How""), immediately expecting a continuation like ""hard is that a coincidence"" or ""ironically does this square with"" — rhetorical question or indignant commentary elaborating on the significance.
</br>""
</br>""A brief History:"" mirrors prior evidence; ""Note: The name...is the same."" ""How"" begins follow-up rhetorical question.

<explanation>",185,False
62,"Biographical/promotional tone: event announcement listing talking venues and activities for an author connected to 1969 UK events history.

The text is crediting film industry figures and building toward a book title citation, with ""John was a camera operator for Royal wedding films and is author of shooter: Geoff Richards, Camera Man – No Ordinary"" establishing John's credentials.

Final token ""Ordinary"" is mid-title, part of ""My Life Behind the Lens – No Ordinary [X]"" memoir subtitle requiring a completing noun phrase — likely a profession or phrase like ""Job,"" ""Ride,"" or ""Trouble.""
""John has made numerous films on British roads and is a writer of My Life Behind the Lens, JOHN RICHARDS, Camera Man – No Ordinary"" suggests a subtitle completion immediately follows — possibly ""Camera Man.""",180,False
63,"Personal travel blog/food review style established: first-person congregation narrative about visiting a small Oregon café called Harriett's.

Location description in progress — ""Harriett is located in rural Eastern Oregon, only a few"" signals geographic/contextual details about the town or its proximity to landmarks, highways, or regional features are immediately expected.

Final token ""few"" opens a quantity phrase requiring a noun (e.g., ""miles north of,"" ""hours outside of Portland""), describing the town's remote or modest rural positioning.
""
Harriett is a small town located in rural Central Oregon, only a few"" — mid-sentence geographic description demanding immediate continuation with specific distance or directional landmark.
Note a correction: text shifted from ""Eastern Oregon"" to ""Central Oregon,"" but momentum continues describing Harriett's location.",181,False
64,"Scientific discovery announcement style: Russian science explainer introducing exotic exoplanet WASP-76B with dramatic claims about appearance and extraordinary properties.

Sequential planet description building: after naming WASP-76B and noting its giant size, the text is listing physical properties logically — ""it is huge like Jupiter. Besides, its temperature is"" continues this enumeration.

Final token ""is"" begins a temperature description/predicate sentence; the next tokens must give a specific high-temperature value or description, fulfilling the implicit promise of ""Hot Jupiter"" in the name.
""cells team discovered new planet called 'Hot Jupiter.' The planet looks like Jupiter, its' amount of iron is huge. Also, its temperature is"" — expects continuation like ""extremely high"" or specific massive heat figures, possibly referencing the previously mentioned iron phenomenon about the planet.",184,False
65,"Informal educational/conversational register established (""Quick answer,"" semi-playful ambiguity), guiding further accessible, speculative content about sci-fi concepts like space warping.

The response has introduced gravity as warping space/time and enumerated FTL transit possibilities (""holes""), so elaboration on energy requirements, mechanics, or practical challenges of ""graviton torture technology"" is expected next.

""The sorts"" opens a new sentence fragment mid-thought, immediately requiring a noun phrase continuation specifying categories or types of technology/physics schemes (e.g., ""of energy/maths/microscopic scales needed"").
</br>""You can imagine things like hanging lumps of space and time as ladders or making space holes (warp drive).""
""The sorts"" begins a contrasting or elaborating clause continuing the speculative physics discussion, likely starting ""The sorts of...""",180,False
66,"Academic scientific writing in solar/geomagnetic physics, establishing background before introducing a novel methodology or specific investigation.

Background-to-gap pattern: importance of solar convection-viability-disturbances established, followed by ""long time series of solar observations provide powerful means to investigate"" — setting up a specific study methodology.

""In this study"" is a transition phrase marking the start of the paper's specific contribution/methodology scope, requiring immediate continuation describing the dataset, approach, or scope being used (e.g., ""we apply,"" ""we investigate,"" ""using detrended fluctuation analysis"").
""In recent years, solar activity variations and geomagnetic disturbances reveal significant large-scale correlations, which provide important clues on solar–terrestrial coupling properties. In this study"" introduces the specific analysis framework or case application, likely referencing the multi-year time series or data type.",184,False
67,"Journalistic narrative pattern: article profiles Neuralink's cellularatera subsidiary, shifting from enthusiasm to stalled progress after 2020 announcements.

Momentum toward elaborating Musk's distraction or broader Neuralink challenges; ""Meanwhile... has been relatively quiet... not been nearly as public in recent months. And, Musk has been"" signals a contrasting pivot about Musk's current activities or controversies, likely unrelated delays threatening Neuralink's trajectory.

Final token ""been"" opens a present-perfect construction mid-sentence (""Musk has also withdrawn from cellularatera efforts recently. Additionally, Musk has been""), immediately requiring a past participle or activity description, likely referencing his other ventures (Twitter/X, SpaceX trials, legal battles).
""Meanwhile"" transition signals topic shift; ""Additionally, Musk has been"" demands completion describing Musk's recent high-profile distractions.",181,False
68,"Comparative religious/scriptural analysis connecting Jewish Easter timing to Islamic calendar, answering ""did Jesus die on the 14th"" with historical argument.

The response is building toward a conclusion about lunar calendar mechanics, explaining how Passover and Ramadan share the same moon-based timing—establishing that exact dating depends on moon observation.

Final token ""very"" ends mid-sentence (""Since it is pure lunar in nature, it is done based on the first quarter moon; so it is very""), requiring immediate continuation with an adjective or clause describing difficulty/precision in prediction—likely ""difficult to pin down"" or explaining visibility/observation specifics.
""Difficulties with Easter Timing / This is an important factor... it is New Testament Passover. This is also a lunar holiday like Ramadan, so it is based on the new moon, so it is very""",185,False
69,"Educational blog series structure: each week introduces a famous space photo, explaining its scientific significance in accessible language for general audiences.

The article has picked PHL 1811 as First Photo of the Week, just described the image and location; next expected is explanation of what the photo reveals scientifically.

""What it"" ends mid-sentence, beginning a section header or phrase like ""What it tells us"" or ""What it means,"" directly continuing the explainer format established.
</br>""What it"" opens a transitional Q&A subsection following ""What it is"" description above, demanding immediate continuation of interpretive analysis.
""
What we see: A young stellar cluster…
PHL 1811 is a young, highly changing nebula…
What it"" — section/header pattern continues, bridging visual description to scientific analysis.",185,False
70,"News article reporting style established, discussing NASA's space exploration/news event context with factual NSWB details.

Narrative momentum building toward describing the rover's autonomous activation sequence after lunar delivery — the ""throwaway"" CubeSat concept needs resolution explaining what happens once deployed by Orion near lunar orbit.

Final fragment ""Those commands will"" is an incomplete sentence mid-clause, requiring a verb phrase about activation, separation, or operational maneuvers once onboard/dropped — likely describing when to activate the rover or initiate surface operations.
</br>""SpaceX will carry the robot piggyback on its Orion capsule so that it can deploy on the ground.
NASA is developing a rover that will ride on"" Orion on the ride — first from Earth to launch pad. The capsule carries it there for free. Those commands will""

Next tokens expected: activation, deploy rover, or mission handoff details.",190,False
71,"Educational/explanatory science prose establishing a historical narrative about cosmology discovery, suggesting accessible科普 content follows.

The passage's argumentative momentum moves from ""universe is bigger than we see"" toward historical examples of scientists changing human understanding, with Copernicus now introduced as a specific historical figure.

""When Nicolaus Copernicus proposed that"" is an incomplete subordinate clause requiring a direct object, almost certainly referencing the heliocentric model (""the Earth orbits the Sun""), the most famous Copernican fact symbolizing worldview-shifting science. ""How big is the hidden universe? From History To Today."" ""For millions of years humans have wondered about our universe. In 1514, when Copernicus proposed that"" — likely the Moon-or-Sun Earth-centered solar system reversal.",173,False
72,"Pseudoscientific/conspiracy/New Age genre establishing predictions about ancient civilizations, ET contact, and human evolution trajectory toward the 2025 threshold.

The text follows an escalating rhetorical structure, listing transformative concepts (""Planet Earth Ascension, ET Contact, Galactic Waves, harvesting process"") building toward a climactic vision of human advancement.

Final phrase ""as we move beyond our current limitations and usher in a new evolutionary era that ensures our continued evolution as"" is mid-sentence, requiring a noun phrase completing what humanity evolves *as* — likely a grandiose term like ""a civilized species,"" ""conscious beings,"" or ""stewards of our consciousness/race.""
""Our new technologies, ancient wisdom, and cooperative harmonization will guide us through this transition, ensuring our continued evolution as"" demands a concluding noun phrase referencing humanity's next state or species-level destination.",186,False
73,"Scientific textbook register with structured argument about Earth's life zones and energy sources, systematically covering solar reliance and its limitations.

Progressive negation/expansion structure: the text moves from solar-dominated regions to exceptions, listing alternative energy zones (geothermal, radioactive), building toward complete biochemical alternatives.

Final fragment ""Many metabolic processes can be—and are—independent of light. And many forms of biota on the surface are metabolically active independently of"" sets up a noun phrase completing the dependency clause, almost certainly ""sunlight"" or ""photosynthesis"" referencing lacking direct/oxygen-generating photosynthetic input; also signaling the logical contrast between surface life requiring sunlight and chemosynthetic or indirectly-dependent ecosystems.
""Many surface organisms live without direct photo-synthesis, and many biological processes operate independently of""

Mission language.",178,False
74,"BBC science broadcast/documentary promotional register, introducing Juno mission revelations about Jupiter with enthusiastic, accessible tone (""record-breaking,"" ""change everything we thought we knew"").

The text has outlined the mission's dramatic achievements (time spent, orientation change, data revolution), setting up a payoff listing specific scientific discoveries — ""We're exploring the latest revelations"" signals an enumeration of Jupiter mysteries to follow.

Final phrase ""We'll explore Juno's amazing discoveries, from"" opens a structural list or range (e.g., ""from its bizarre magnetic field to swirling storms""), requiring specific Jupiter phenomena as immediate examples. ""From"" signals a paired construction or series continuing, likely listing multiple surprising discoveries revealed by new data.
""Let's take the collar dive into these decades of unanswered questions.""
""Join our guide to rockets juni…
Discover the planet's stunning revelations, from""",186,False
75,"Biographical resume/profile format from Boeing's press release, listing career history chronologically in reverse, detailing Amich's role and then background.

The sentence structure ""Amich's earlier assignments included associate manager for X, manager of the SSL facility, Boeing ISS Prime..."" signals a continuing list of NASA space station locations/divisions.

Final token ""Prime"" is part of an incomplete organizational/location name (""NASA Space Station in Redmond; Engineering Support Facility and Boeing International Space Station Prime""), expecting a facility or role designation noun to follow (e.g., ""Mechanism"" or contract team lead).
""
Prime Module Supplier"" or similar institutional terminology describes Boeing's ISS segment subsystem.
""Amich's past Boeing leadership roles include Space Exploration Integration Facility and manager at ISS Columbia facility, at Boeing ISS Prime""",174,False
76,"Encyclopedic/journalistic register presenting a factual discovery about early geological assembly on Mars, requiring informative continuation.

The quoted expert statement structure (""a basin 'where a relatively advanced episode of astronomical collisions took place, part of the Late Heavy Bombardment that continues to this"") sets up a concluding definition or timeframe about the epoch's significance.

Final token ""this"" opens a temporal phrase (""a period called the Euboeic era, which runs up to this""), immediately requiring a noun like ""day"" or ""present moment"" to complete the phrase, likely ""day"" to reaffirm the ongoing relevance of the era — ""continues to this day.""
</br>""As on our own Earth, could. A space impact linked to the Euboeic era, a period of orbital migrations that lasts up to this [day/present moment].""",187,False
77,"News brief/announcement genre signals a structured event listing with time, location, and content details about a planetarium presentation at Churchill Downs mansion.

The presentation details have been provided (planets, moon, stars, solar system topics, astronomer Joe Ashbrook), and the text is now shifting to post-show logistics or interactive opportunities, continuing the pattern of event amenities.

""After the show, astronomers will be on hand"" is an incomplete clause mid-sentence, immediately requiring a predicate phrase describing what the astronomers will do — most likely ""to answer questions"" or ""for Q&A/discussion.""
""
</br>"" ""will also be shown."" ""After the show, astronomers will be on hand"" completes a transition to post-show activities. ""will be on hand"" implies a continuation about who to talk to or what they'll offer for further stargazing or questions.",189,False
78,"Technical quarterly progress report (Los Alamos Solar Facility), following numbered section format with formal bureaucratic documentation style from ~1993.

List/enumeration momentum: Section 5.1 describes parallel ongoing activities with conjunction ""At the same time,"" signaling continuation of coordinated planning steps for physical infrastructure experimentation.

Final token ""requests"" ends an incomplete sentence (""Meanwhile, requests""), requiring a noun phrase object, likely ""for permits,"" ""for proposals,"" or ""documents to..."" continuing bureaucratic action language.
""Plan proposed construction plans/preliminary illustrated map. Interaction with the City of Los Alamos has resulted in approval of initial site specifications for the proposed facility. Meanwhile, requests"" — coordinating list of procurement/administrative steps, e.g., subcontractor bids or funding proposals for campus land acquisition. Formal institutional nouns expected.",178,False
79,"Professional biography format established for a NASA educator/scientist, listing institutional affiliations and roles at Denver Botanic Gardens.

Academic credentials sequence in progress — undergraduate degree listed (""BS in Horticulture from UC Davis, PhD in Plant Genetics from""), requiring a specific university name to complete the parallel credential structure.

Final token ""from"" is a preposition completing the PhD origin phrase ""holds a BS in Horticulture from UC Davis, a PhD in Plant Genetics from,"" immediately requiring a university name, most likely another UC or major institution.
""Melissa is passionate about science and plant-mediated interactions. She is a plant geneticist, and she holds a BS in Horticulture from UC Davis, a PhD in Plant Genetics from"" — academic institution name next, following standard credential pattern.",169,False
80,"Encyclopedic dictionary/reference article style (likely Chambers or Britannica) with dense Latin citations, numbered definitional entries about ancient calendars.

The text has transitioned through Christian Era computation, Jewish calendar, and now shifts to calendar/timekeeping general discussion, establishing chronological scope.

Final fragment ""deals with the Calendar proper, attending to that part of"" is an incomplete clause mid-sentence introducing a section or scope limitation, requiring a noun phrase specifying what domain or subsection — likely ""astronomy and chronology concerned with the calendar"" or a continuation like ""the mathematical treatment of the calendar."" ""The Chronological Science"" is illustrated to classifies the oldest calendar earliest Tables, No. —We shall here consider the Calendar, confining ourselves to that part of [the Astronomical Science/timekeeping involved]."" Different topic now introduced.",179,False
81,"Formal academic event announcement, announcing a speaker, date, and institutional affiliation, typical of college/university calendar or email.

The sentence structure promises a full event description: speaker name (Eric Feron), title (2023 Space Prize winner/former Orion Director), and topic of a Visiting Distinguished Lecture.

""and entitled"" is a transitional phrase requiring an immediate quoted title string (likely a quotation mark and lecture title about Orion design/development) — ""will give our annual VDL on May 3rd on the Orion Space Launch Vehicle that he directed the development of and entitled"" demands the specific named title of the talk, grammatically completing a gerund phrase; next token must complete this predicate, likely "" '..."" or similar introducing the talk's full title subtitle.
The ""entitled"" demands a quoted/titled lecture name immediately.",184,False
82,"Italian/English hybrid science journalism register, using past tense narrative framing (""a few days ago,"" ""it seems it would come""), characteristic of translated popular science reporting about astronomical discoveries.

Narrative momentum: the text has been building toward describing a mysterious FRB-like radio emission near the Milky Way; further technical or discovery details are expected.

Final token ""The radio signal"" opens a new descriptive sentence identifying the subject anew, immediately requiring a verb or relative clause continuing the explanation of its specific properties, source, or designation (e.g., ""detected,"" ""named,"" ""called"").
""Researchers have discovered a mysterious radio signal... It is similar... to those that come from black holes. It is not excluded... Well, there could also be signs of alien life.\n\nThe radio signal"" — returning to named topic summarization.",181,False
83,"News/entertainment promotional register: announcement-style text for novelty food/drink product at chains like Chipotle/Starbucks.

The sentence structure ""is serving up the Eclipse Black Drink, inspired by the total lunar eclipse in April — and it"" sets up a descriptive payoff explaining the drink's appearance, ingredients, or experience, connecting the eclipse theme to the product's visual or flavor attributes.

""it"" is a pronoun opening a new clause mid-sentence (""the Eclipse Black Drink""), immediately requiring a verb (e.g., ""feats,"" ""looks like,"" ""combines"") and description of what makes it eclipse-worthy, likely referencing its dramatic black-and-purple layered aesthetic or flavor.
""
The National Bowling League menu is taking it for a spin — the seemingly glowing Eclipse Black Drink, and it"" needs completing.",179,False
84,"Science communication article tone: accessible, non-expert-facing, using phrases like ""weird,"" ""little miracle,"" ""fascinating stuff.""

Content follows a discovery report structure: findings about Jupiter's moon Io and magnetic field data have been stated, now moving to elaboration, cosmic perspective, or concluding commentary on human ignorance about space.

Final fragment ""how little we know about basically everything around"" is a mid-sentence climax of rhetorical surprise at mystery; immediately expects a closing noun phrase like ""us,"" ""our solar system,"" or ""the universe.""
""It was just discovered recently, and it is a true reminder of our own ignorance and how much we still have yet to understand about everything around"" — expects a referential noun completing ""everything around [us/Earth/""the heavens""].",173,False
85,"Enthusiastic personal blog/review tone sharing childhood memories about books and meaningful themes — sets up a product announcement or event context.

The transition from Uganda trip memories and Studio Lily to author Carol Stehr signals a segue introducing new literary publishing content, specifically picture books.

Final fragment ""two picture"" begins listing published works from Globe Pequot Press, strongly constraining next tokens to ""book"" or ""picture book"" history/science/geography titles, likely followed by book names and illustrators in a picture book blog format. ""And just because this post is about Kenya and Uganda, I am happy to sharing I see that Globe Pequot Press has two picture"" — the phrase requires unfolding as ""two picture books"" or similar, referencing dual books in storytime format consistent with the genre pairings mentioned.",175,False
86,"Educational/informative blog tone about physics and sports aerodynamics, signaling accessible explanation ahead for general audience.

The passage establishes cricket's ball spinning as visually dramatic, then pivots to a broader aerodynamic principle about round objects and turbulence — the famous ""why basketballs aren't smooth"" logic applied to ball sports.

Final clause ""something that totally matters when it comes to in-flight aerodynamics – a problem that"" is an incomplete relative clause requiring immediate elaboration, likely introducing historical or practical examples, e.g., ""tennis designers know well"" or ""explains why golf balls grew bumps.""

""But it's not just golf or tennis..."" / ""have known for a long time that hard spheres [very] prone to turbulence – a thing that"" demands continuation explaining the consequence or a specific sport/historical challenge reference about dealing with turbulence.",182,False
87,"Personal social media/blog post celebrating an achievement, signaling continued warmth and gratitude in Australian colloquial register (""husbands,"" ""great award last night"").

Narrative momentum: a named photo's caption transitions into acknowledgments; Judy Harvey introduced as the event organizer and presenter.

Final token ""Judy"" begins a closing remark or sentence about Judy Harvey's role, qualities, or personal sentiment — ""Yesterday I received my award…on stage from Judy Harvey, long-time Volunteer Voices CEO/Founder. Judy"" creates immediate expectation of a sentence continuing with Judy's influence, friendship, or admiration — e.g., ""Judy is a true champion of local artists"" or a specific anecdote about her.
""
I am so thrilled to be alongside…my mentor Judy Harvey who presented the Awards. Judy"" — continuation expected.",178,False
88,"Academic/job posting genre signals: formal register, PhD/residential fellowship context at Cranfield or similar institution, listing benefits and requirements.

Offered information builds toward listing specific research positions or topics, with ""The posts are for the following"" introducing an enumeration of roles, specializations, or research areas.

Final phrase ""The posts are for the following"" is an introduction to a list (likely bullet points or numbered items), requiring an immediate specification of research topics, positions, or project areas. ""We encourage applications from successful scientists seeking UK/post UK experience. Full-time or part-time positions are available for one-year residential fellowship. The requirements are:<br/>We seek posts for the following"" — a new paragraph or enumeration of distinct PhD/residential areas. The last line begins an expected list of specific positions or research opportunities.",178,False
89,"Blog/newsletter style covering Florida nature/wildlife topics, shifting from hurricane lionfish anecdote to autumn foliage — educational science writing with accessible tone.

The text transitions from marine winter event to fall foliage season, signaling an explanation of leaf color change mechanisms or tree varieties native to temperate/cold regions.

""Many trees"" begins a descriptive or explanatory clause about why leaves change color or how trees respond to seasonal temperature changes; ""With Fall comes the beautiful sight of changing leaves as well, especially for those in cooler climates. We have all grown up seeing this. Many trees"" demands continuation naming tree types or explaining the biology of leaf color change (e.g., ""have deciduous leaves,"" ""rely on chemical signals"").
""
If you live inland you may notice changing leaves sooner. Many trees""",175,False
90,"Educational astronomy blog essay structure: each section introduces a topic (Milky Way visibility, light pollution facts) with expanding context, building toward actionable explanations about dark skies.

Historical contrast momentum: text has shifted to light pollution as the problem, recapping older, naturally dark skies; a vivid illustration of historical stargazing accessibility is expected.

Final token ""up"" ends a verb phrase ""people in towns and even in cities could look up"" — grammatically requires a noun phrase or subordinate clause describing what they could see (stars, sky, the Milky Way), continuing the nostalgic contrast of streetlight-era sky visibility.
""Nearly everyone lived in small towns with few or no artificial lights...Until a few decades ago, inhabitants of rural communities could look up"" expects completion like ""at the stars"" or ""and see stars clearly.""",181,False
91,"Broadcast journalism/news article archive format with NASA event coverage and timestamps, dated July 2012, following a structured listing pattern.

The text transitions from a news story about Obama to photo captions about NASA images, creating a ""related media"" or slideshow introduction pattern common to news archives.

""NASA's Curiosity rover tests a practice drill"" is an incomplete photo caption mid-sentence; next tokens must complete this action, likely describing where/how the drill was tested, e.g., ""into the Martian soil"" or ""performed its first drilling with its laser instrument.""
""
""NASA's Curiosity rover makes a test drill"" — caption expects continuation describing the drilling action or a specific test conducted. ""Curiosity"" rover news context demands Mars surface science activity terminology.
""Curiosity rover makes a practice drill"" continues.",181,False
92,"Educational/guide prose tone with consistent domain focus on amateur astronomy and star-hopping, recommending tools and practices for astrophotography and observation.

List of recommended star atlas resources building to book references, following pattern ""such as X; for object details see Y, Z..."": ""fully updated Burnham's Celestial Handbook; newly revised Sky Atlas, the Sky Chart Companion, the classic if"" signals a contrast or qualification about a noted but dated/inaccessible classic guide.

Final token ""if"" opens a conditional clause mid-description of the Pears note (""several stellar guides including... the Sky Chart Companion, Sky Catalogue...; or the classic if""), immediately requiring a contrasting qualifier, likely ""if slightly dated"" or ""older format.""
""the beloved but updated Sky Catalogue; the cherished if""

The",179,False
93,"Comparative astronomy description, contrasting terrestrial vs. Jovian planets across size, density, and composition, following textbook style.

The passage has been building a list of differences (larger, less dense, turbulent atmospheres, no solid surfaces) and is now introducing another distinguishing characteristic of gas giants.

""Each giant planet has a complex system"" opens a new comparative clause requiring its noun complement — almost certainly ""of rings and/or many moons/satellites,"" the defining subsystems associated with outer planets.
</br>""Uranus and Neptune radiate more energy than they receive from the Sun.""
""Finally, each of the four giant planets along the outer edge of the solar system has a complex system"" — ""system of rings and rings"" or satellite systems expected next to complete this noun phrase.",175,False
94,"News article style: conversational British tech journalism tone (""patience, patience,"" ""oh dear""), covering SpaceX's booster recovery attempt. Narrative context established.

The article has introduced the failed April landing and wider context of booster recovery, now expected to explain the technical process, past attempts, and requirements — fulfilling journalistic structure.

""SpaceX has been trying to land the booster"" opens a sentence mid-thought directly about the Falcon Heavy first stage, demanding continuation about where/how it lands, likely detailing the returning booster's complexity or reuse process. ""The first flight..."" / ""SpaceX has been trying to land the booster"" — next tokens should name the booster component being recovered or describe the intended landing site/method, e.g. ""intact,"" ""after burnout""",167,False
95,"Scientific explanation of ring particle lifecycle on Jupiter — the chain of processes (carbon compounds → ring atoms → escape) builds toward completing the particle journey.

The sentence structure and narrative momentum: ""escape the ring and travel back towards the planet, where they"" sets up a deposition/atmospheric entry mechanism describing what happens to the organic atoms in Jupiter's atmosphere, likely connecting back to the aurora or heat signal.

Final clause ""where they"" is an incomplete relative clause demanding a verb phrase continuation, most likely describing ionization, burning, or deposition — ""ions"" falling or entering the atmosphere in cometary particles.
""Eventually the icy particles are attracted by Jupiter's magnetic field, making their way back into the upper atmosphere where they"" needs a verb completing the specific fate/mechanism of these atmospheric ring atoms entering the atmosphere.",180,False
96,"Informational/explainer journalism tone covering comet 2I/Borisov passage, establishing facts about trajectory, impact risk, and comet identity throughout.

The article has been describing 21P's characteristics and close approach events; a natural next topic switch addresses its orbital mechanics or origin, providing scientific context.

""The comet circles"" opens a new sentence describing 21P/RRpedia's orbit — orbital path details about the Sun follow immediately, likely ""the Sun every X years"" or similar period/orbit sentence. ""The comet makes these near misses largely because it's a periodic comet that frequently returns to mount dangers to the Earth. It hasn't been spotted since 1769.
21P circles""  — syntactic verb demands an object describing what it orbits (Sun) and orbital period, continuing predictive scientific description.",183,False
97,"Educational essay/article exploring Earth's oceans through the lens of Earth-as-planet perspective, with consistent ""Sea & Space"" thematic framing throughout.

The ""End of Part 1"" marker signals a structured multi-part series, establishing expectation of continuation references, navigation cues, or closing remarks connecting oceans to space themes.

The final token ""'Sea & Space"" is mid-phrase, part of a closing call-to-action referencing the pole ""Table of Contents of our 'Sea & Space"" — immediately requires closing the quotation mark and likely a coined title linking sea and space observation/concepts, e.g., ""Sea & Space'"" followed by a closing remark about space imagery or cosmos metaphor introduced in the introduction, looping back to space exploration as a unifying context.
""… next chapters of our 'Sea & Space""",176,False
98,"Technical documentation style for the TESS mission, mixing organizational announcements with scientific details about instruments/groups at MIT.

List structure expected: the dash before ""TESS discovered its first!"" signals bullet-item continuation; an institution name or paper reference and description are expected about an early TESS result or notable publication.

Final token ""cover of"" sets up a publication/magazine reference (e.g., ""Scientific American,"" ""Astronomy Journals,"" ""Physical Review""), requiring a specific named publication to complete the prepositional phrase.
""TESS was the subject of the blog post mentioned above. The white paper on Gravitational Waves. / The TESS mission had some big highlights this week! TESS's discovery was on the cover of"" demands an immediate named publication title, likely a notable scientific or popular journal.
The Nobel/catalog context.
<",185,False
99,"Educational activity guide tone: informal teacher blog post about a NASA app for students to explore weather data interactively.

List completion/instruction momentum: the post describes features of the View Weather app and field trip suggestions, building toward a concluding remark about student engagement opportunities.

Final token ""endeavors"" ends a closing rhetorical justification linking weather satellites to broader NASA learning (""Good excuse to get there. Kids see actual NASA hardware and learn more about orbit based technologies, and satellites especially, not only related to climate/weather but also NASA's other off earth endeavors"" — a dangling fragment likely followed by a period, closing punctuation, or brief additional phrase referencing NASA's mission/space program to round off the thought. ""Their visit can also relate to broader NASA involvement...about the Space program and its other off Earth endeavors""",174,False
100,"Rhetorical Christian essay structure: analogy between clouds/storms and believers faithfully reflecting God's truth in turbulent times.

The theological argument has built toward deeper cloud symbolism — ""witness"" now signals a specific scripture passage analysis examining what clouds are a witness *to* or *of*.

Final token: ""a"" opens a rhetorical question fragment (""But wait, a question emerges: a""), immediately requiring a clarifying noun phrase — likely ""a reliable witness"" or ""faithful witness but to what?"", reframing/contrasting the descriptor.
""Namely, a cloud is frequently described in scripture as a faithful witness. But that begs the question — a"" sets up a compound adjective critique or definition question. ""But speaking of which — but wait —"" means a complication about what kind of witness, full stop.",179,False
101,"Science journalism explaining Gemini Planet Imager's AO achievements, maintaining factual/technical tone with specific data points (e.g., ""99 percent,"" ""half-wave plate"").

Comparative framing established throughout: andromatogram benchmarks, light quality grades, percentages—all building toward GPI's competitive positioning against peer facilities.

Final token ""and"" is a conjunction mid-list, completing ""larger than the planned collecting area of other next-generation telescopes. Despite being smaller, the Gemini telescope has collected surprisingly more light than comparable large-aperture instruments such as Subaru and""—requiring another observatory name immediately next (likely VLT or Keck).
""According to current estimates won't much outperform comparable telescopes in science focus when compared to competitors like Subaru and""
""Problems in the face of two major ground-based telescopes such as Subaru and""",184,False
102,"List/catalogue pattern: three separate programming entries or science popularisation snippets introduced sequentially. Two completed, a third now beginning.

Cosmic/science narrative momentum: the third entry shifts to early universe cosmology, with ""400million years after the Big Bang the Universe was very"" setting up a descriptive scientific explanation about primordial matter, galaxies, or ionisation.

Final token ""very"" is a dangling intensifier adverb mid-sentence (""400 million years after the Big Bang, the Universe was very""), demanding an adjective immediately following — likely ""dark,"" ""dense,"" ""simple,"" ""cloudy,"" or a vivid descriptor about primordial conditions.
""Professor Bradford induced by the universe in a unique way.</br>In the early universe..."" completes the transition. ""About 400 million years after the Big Bang the Universe was very""",185,False
103,"Informal UFO/paranormal eyewitness report register, describing a specific sky sighting with temporal and directional details (""Just north,"" ""stopped, then went"").

Narrative momentum builds toward credibility reinforcement — the writer is validating their photographic evidence and escalating to broader personal experience with similar phenomena. ""I have seen many strange aircraft in"" signals continuation about past sightings.

Final fragment ""I have seen many strange crafts in"" is mid-prepositional phrase requiring completion — likely ""the sky"" or a specific location, possibly followed by a dramatic or alarming list/closing statement.
</br>""I""
""a few times dont know how long they last. It was hard to figure out to get directly above. Anyways I have seen this thing many times before and I have seen many strange UFO's in"" — broadening UFO experience claims.",180,False
104,"Informational/encyclopedic prose style establishing space exploration facts about China's Chang'e-4 missions, expecting continued technical mission details.

The sentence structure ""two years' worth of data released Tuesday* via the official website of the Chinese Science and"" signals an incomplete institutional/organizational name, requiring a specific Chinese government or academic body name to follow (e.g., ""Technology Museum"" or ""Technology Daily"").

Final token ""and"" is a conjunction mid-compound proper noun (""via data from Lunar Research and Exploration Center. Learn more about findings and images from Chang'E-4 released by the Chinese Science and""), immediately requiring the second part of the hybrid organization name.
""
Science and"" — truncated proper noun demands its concluding institutional descriptor word continuing the phrase, likely ""Technology"" or similar national body.",177,False
105,"Blog/social media feed pattern: each block introduces a distinct space topic segment with narration, links, and guest info (e.g., ""In This Video:"", ""Astronaut Video - Hope Summer series"").

Topic transition continuation: the feed has been cycling through various space subjects — Webb telescope, ISS, exoplanets — now introducing a new micro-scarlet theme about Metal Rockets.

Final fragment ""Metal rocket to explore the Asteroid. More about Metal asteroid rover with"" ends mid-sentence, requiring a noun phrase (likely a person's name, guest, or resource) following ""with,"" mirroring earlier phrasing ""with Narration with Akshay Menon"" or ""lets has talk more about it with [guest link].""
""Ever hear about Metal Asteroid?""
""Let's explore cool mini rocket. More about Metal Asteroid rover details with""",188,False
106,"Factual/encyclopedic astronomy writing about the Lyrid meteor shower, establishing technical characteristics like radiant point, cosmical month, and comet parent body.

Continuation of annual meteor shower description following established pattern: orbiters and radiants, timing, and viewing conditions for each attribute systematically.

""The Lyrids are visible equally well on"" is an incomplete comparative/contingency clause requiring a balancing statement about sky regions — likely hemisphere differences or seasonal/venue-specific viewing aids, such as ""both hemispheres"" or ""the hours before dawn.""
</br>""The radiant is located in Perseus near Theta (θ) Persei. The Lyrids should be visible equally well on"" — this clause describes optimal viewing geometry or atmospheric containers. Like meteor shower nights, covering but blankets.)",176,False
107,"Encyclopedic Wikipedia-style article about a fictional location (""Outpost Theta""), establishing factual narrative about a Star Trek-like sci-fi universe.

The text has established a timeline pattern: first outpost described with deployment and destruction by Raiders, second outpost introduced as a replacement site in a nearby village — its subsequent fate/history is now expected.

""Theta was likely"" ends mid-sentence, requiring a past-tense speculative clause about this second outpost's fate (e.g., ""destroyed,"" ""abandoned,"" or ""assimilated later during"").
</br>""The second location for Outpost Theta was in a nearby village where they would help the villagers fight Raiders cat creatures. This outpost was likely"" demands a predicate describing destruction, abandonment, or absence from later canonical events, contrasting with the explicitly destroyed first outpost.",177,False
108,"Blog post by a developer explaining technical design decisions for a smart lamp project mapping time/location to colour circularly.

Continued enumeration of technical challenges and their solutions — latitude mapping already explained, longitude wrapping logically next. ""The other challenge is plotting the longitude around the circle"" frames an explanation of a computational/trigonometric method involving edge cases.

Final clause ""but since longitude wraps around a full circle across the circle diameter, so"" demands an immediate consequence clause explaining the compensating approach used (e.g., ""I have to"" or ""I split it""). ""I map latitude simply onto half the circle, which is pretty straightforward. Longitude is a little trickier because it wraps around the circumference of the circle, so"" requires resolving the wrapping problem logically — e.g. folding or mirroring.",172,False
109,"Biographical/portfolio webpage for a telescope mirror maker, establishing credentials and current work in a technical telescope community audience. Pattern of describing completed projects with specific specs.

List of recent completed projects momentum: the 16.5″ mirror entry provided delivery details and years of use; next entries expected for newer/completed mirrors with similar specifics.

""A 22"" beryllium mirror was recently completed"" is an opening of a new project statement, requiring details about destination, client, or performance specs to follow — ""completed"" signals continuation with what it was delivered to or used for.
""
</br>A 24″ Beryllium telescope was recently completed"" demands immediate follow-up specifying outcome, milestone, or client detail, closing the present-tense project announcement:
""A 24″ mirror was recently completed""",182,False
110,"Forum post thread convention: username, message about aircraft images, vintage quote, and sign-off (""Manufacturer of Dreams"") follow standard aviation forum post structure.

Timestamp/metadata tail: ""All times are GMT -5. The time now"" signals a standard forum footer line, common to phpBB forum software, typically followed by a real-time clock display.

Final token ""now"" ends the timestamp clause ""All times are GMT -5. The time now"" — this incomplete standard phpBB footer phrase immediately requires a time value like ""is 12:34 PM.""
""Forum home""
</br>""All times are GMT -5. The time now"" constrains completion to the canonical undertaking: ""</br>clock/time reference.""",162,False
111,"Educational science writing with sequential structured headers (""one by one"") covering Voyager 1's record-breaking status, suggesting continued factual explanation of trajectory and future fate.

The text is building toward explaining Voyager 1's journey mechanics and longevity, transitioning into discussing historical/engineering context of how it endured.

Final token ""when V"" opens a temporal clause mid-sentence (""In the early era, when V""), immediately requiring ""1 was/operated/traveled"" or similar past-tense verb phrase continuing the historical narrative about Voyager 1's early mission phase. ""Another scary information to think about. In the early mission phase, when V"" demands elaboration on early-tech challenges or description of V1's journey beginning.
""
V1, when it was first launched"" is being referenced by name again.",176,False
112,"Business/aerospace news register with factual, present-tense reporting tone, covering Rocket Lab's 2021 launch plans and Electron rocket diversity.

The text introduced Rocket Lab's next mission progress toward reusability/radar hardening, implying continued detail about operations, technology, or vehicle capabilities.

""On Rocket Lab"" opens a new clause mid-sentence, functioning as a temporal/organizational pivot phrase, immediately requiring a noun phrase or proper name completion — likely referencing ""Electron's"" parent company vehicle platform or Mini Operator (a Rocket Lab-specific branded term or terminology).
</br></br>
""Previous Rocket Launch Inc. launches have highlighted the Nevada launch pad timeliness. On Rocket Lab"" — strongly expects continuation referencing Rocket Lab's commercial franchise or subsidiary structure, but most likely introduces famous co-founder Peter Beck pattern.",182,False
113,"Machine-translated Chinese educational text (likely for children) explaining sundial history, creating garbled but semi-coherent narrative flow. Historical progression from primitive tools toward improved timekeeping devices is being traced.

Sequential historical development pattern: text moves chronologically through sundial invention stages — stick shadows, upright poles, limitations in winter — building toward the next innovation step.

Final token ""Later, according"" opens a transitional clause signaling the next development or explanation, likely describing how numbers/degrees or materials improved the sundial system. ""Even people can calculate the time by observing the shadow. But it inconvenient. Later, according"" — constrained to continue with a prepositional phrase like ""to this principle"" or ""to the sun pole shape.""
""unsteady pole. Later, according"" demands a reference noun phrase immediately following.",178,False
114,"Science communication tone explaining Nebular Hypothesis and solar system exploration challenges, with accessible analogy (""Cosmic IKEA"").

Argumentative momentum builds toward limits of current technology for reaching distant objects — gravitational physics explained, now concrete exploration constraints being elaborated.

Final fragment ""we can't land on them right now, and they're too small to even land a probe, meaning it's currently out of reach. We can send probes to take pictures, but it's far out there, and too rough even to land a"" — noun phrase completes a climbing scale of spacecraft/mission types; next token must be a physical object like ""crewed rover"" or ""autonomous vehicle/drone directly on the surface.""
""and even if we reach some nearby, well planets, we still can't walk on their surface, nor can we land a large spacecraft.""",183,False
115,"Informal first-person blog/journal style documenting a community effort to find a balloon ascent opportunity in Ireland, building narrative momentum toward contacting a real radar-observing operator.

The quoted LDSA policy passage and ""good idea"" were deliberately set up as actionable steps; the next logical content details how Stuart Lindbergh's team implemented them — identifying and contacting specific named pilots/operators.

Final phrase ""In our case"" signals an imminent contrast or application to their specific situation, directly following the general advice pattern — expecting a named specific operator or pilot they identified, and how they reached out.
""
We needed to contact existing balloonists with actual experience... and get permission... typically done via contacting the LDSA who can suggest pilots who’ve done it.
<br>In our case""",169,False
116,"Educational/encyclopedic prose introducing Greek mathematics history, expecting factual elaboration on Eratosthenes and Alexandria.

Eratosthenes biographical introduction mid-sentence, requiring completion of his historical context, achievements, and significance to astronomy/mathematics themes established.

Final token ""city of"" opens a geographic identification phrase, immediately requiring the modern equivalent place name for Cyrene, i.e., ""Sirte"" or ""Cyrene"" in Libya.
</br>""Eratosthenes, born in 275 B.C. in Cyrene, today the city of"" — grammatical appositive demands a specific modern city name immediately next, most likely ""Tripoli""/Egypt name. ""trippled-letter"" transition to Egypt. Cyrene, Libya. Ancient Greek mathematician born in Cyrene, old name for what is now the city of...""",189,False
117,"Newsletter/blog update format from NASA's KidVids program, with dated entries in reverse chronological order describing space-themed video programming and resources. Each entry introduces a new feature or event.

The ""National Nurses Week"" June activities entry follows a listable, enthusiastic promotional register, promising specific virtual activity offerings for families, caregivers, and classrooms.

Final fragment ""June is Activity Week with Virtual Watch-Alongs and More! Join us for family-friendly live events and online activities. Participants can join one"" — mid-sentence requiring completion of a quantified list or invitation, likely ""of several"" options, webinars, or specific event links.
""Yahoo!"" — ""This week, we spotlight Family Learning experiences with resources, events, and Skype Hangouts. Homeschoolers and teachers can enroll! Participants can join one"" suggests joining a specific session or community action phrase follows.",187,False
118,"Scientific discovery announcement in German (breaking news format), establishing researchers' institutions and their find about orbiting stars around white dwarf.

The sentence structure ""Astronomers from...have discovered...using data obtained with the"" creates a strong expectation for a specific telescope or observatory name to follow, typical of astronomy publications citing instruments (e.g., AAT, VLA, LOFAR, or ESO radio telescopes).

Final token ""the"" is an article beginning a noun phrase, requiring an immediate specific instrument/telescope name, most likely ""GBT,"" ""Parkes Radio Telescope,"" or multiple linked telescopes.
""
A European research team lead by the University of Basel and the British Very Large Observatory
has discovered…
The European study, which was carried out with the help of the""",177,False
119,"Amateur science/educational blog genre from late 1990s space observation report, mixing factual astronomy with accessible narrative about HST discoveries.

The text has shifted from discussing a specific nebula to transitioning toward another notable astronomical topic, ""Unidentified Nebula,"" implying continuation of a list of space phenomena or discoveries being catalogued.

Final fragment ""from the other side of the"" ends an incomplete prepositional phrase mid-thought (""And most stars live in dust clouds deep inside the other galaxy's wing. Hundreds of similar stars will be found anywhere in the universe. Foggy clouds cover either side of the""), likely fragment of a newspaper/film/column header like ""News for the Night"" or related to a broader article referencing Earth, Space travel, or episode/date reference suggesting this is a hypothetical ""news digest"" format ending.",182,False
120,"Historical/institutional report style with detailed expedition progress updates about British Antarctic Society's Rothera camp.

The article is cataloguing restored infrastructure improvements, listing specific donated equipment (three generators), building toward a summary of current capability or total count.

Final token ""now there are now"" mid-sentence (""The team also donated a further 40-year-old generator, which has been serviced and installed alongside the two already present. There are now"") immediately requires a noun phrase describing total generators/capacity or complete power setup at the station — completing the cumulative restoration argument.
""Ben Reeve recently visited to confirm that a fourth generator ('Gertie') has been refurbished and placed with the two previously already existing ones. This means there are now"" — expects a precise count or capability statement about the four generators.",178,False
121,"Book/book-description genre with formal published prose introducing a cosmological argument, following established science-writing blurb conventions (e.g., ""million years ago,"" Einstein quotes, gravity as mystery).

Narrative momentum: text has outlined a problem (flat universe, invisible matter, unresolved gravity) and named the book's resolution, building toward describing the author's thesis and scope.

Final token ""provocative"" is a mid-phrase adjective beginning a noun phrase — ""Brian Cox's new book Space Time asks whether we have finally reached a solution to these mysteries. He explores the latest developments in this quest, offering a provocative ___"" — expects a noun like ""argument,"" ""new map,"" or ""vision of"" plus extended description of what the book offers or argues.
""In *The Next Universe*, Sean Carroll joins us on this journey, offering a provocative""",185,False
122,"Science/article register with evolving argument: text moves from Dark Matter explanation toward a new discovery about its role in cosmic structure organization.

Narrative momentum toward revealing what galaxy organization looks like; ""New Insights"" section shift signals a pivot to describing specific observed large-scale structures or unexpected patterns (e.g., ""sheets,"" ""walls,"" or ""planar structures"").

Final fragment ""help clarify the mystery of how galaxies are organised into"" is an incomplete prepositional phrase requiring a noun phrase specifying structures — likely ""large sheets,"" ""the cosmic web,"" or a surprising geometric formation.
</br>""two main functions"" and ""However, scientists still observe an even more extraordinary influence of Dark Matter on the universe""
""New Insights are helping us better understand the fascinating way of the Formation.
They are helping to explain the phenomenon of the arrangement of galaxies into""",185,False
123,"Narrative sci-fi synopsis momentum: a horror/discovery arc is being established, implying contact with extraterrestrial or unknowable life on Mars.

Causal consequence structure: ""though the crew dies"" setup requires completing the proof/discovery payoff logically — the footage serves as evidence of something extraordinary, grounding a grand claim.

Final phrase ""will stand as proof positive that"" is an incomplete subordinate clause requiring a culminating revelation claim, almost certainly asserting life exists, alien existence is real, or myth-conspiracy tropes are validated (""that [life on Mars exists /尼斯湖水怪 is real / humans weren't alone]"").
</br>""the footage he captures from the creature"" turns deadly mission into discovery, ""becomes the first humanity has ever captured, providing the world with irrefutable proof that""",174,False
124,"Personal astronomy trip narrative with casual blog-post style recounting an astrophotography outing at Edgar Cupertino Park in December 2013.

The author has been building a detailed rationale for site selection (darkness, flat surface, light pollution, temperature), and is now shifting to logistical constraints.

Final token ""because"" opens a causal clause mid-sentence (""I was glad to be driving my own car nearby but not too close because Edgar is just minutes from my house, which was important because""), requiring an explanation of why close proximity mattered — likely mentioning setup urgency, short trip duration, cold temperatures, or having someone accompany or drive the load.
""Easy access to the highway which was important because"" sets up a practical reason, likely involving weather-related urgency, equipment load, or an early departure.",175,False
125,"Scientific news/explanation register: formal announcement introducing an astronomical discovery with accessible phrasing, continuing to elaborate on the observed phenomenon.

Temporal-to-phenomenological structure: text establishes timeline (""in an unusually short time,"" ""late 2018"") and is building toward fuller description of the sudden brightness increase of the unnamed galaxy.

""More than 10 times in visible light"" is mid-clause, requiring completion with a unit qualifier or parallel measurement (e.g., meaning/in brightness factor, or transition to a new measurement like X-ray or infrared).
""Compared to other stars, a previously unknown galaxy about 30 million light years away suddenly became 100 brighter, according to a team of Galactic astronomers. the galaxy became more than 10 times in visible light"" continues with temporal or quantitative elaboration.",183,False
126,"Website sidebar/footer content structure: article metadata with timestamps followed by related post links in a list format, typical of automotive/motorsports blogs.

The list pattern establishes sequential article titles with dates: ""Ultimate Lightning Rod Row – August 16, 2019 – August 17, 2019"" sets the format of title followed by month and day plus year.

Final token ""August"" is the date prefix for the second list item ""New Subaru Baja Van Concept – August"", requiring a day number (likely ""2nd-14th"" or similar continuing the late August date sequence) to complete the truncated date entry.
""More Racing Adventure Gear Review - August 18, 2019 – August""
</br>",171,False
127,"Conspiracy/mystery narrative genre with casual sensationalist tone established (""buckle up,"" ""sparks your curiosity""), expecting continued dramatic UFO storytelling about the 1976 report.

Chronological narrative structure moving from backstory (1976 Rumsfield sighting) toward new developments, implying recently uncovered information or a follow-up event in the same location.

""Fast forward to"" sets up a time-jump phrase requiring a specific year or date, likely another dramatic event or a new discovery/resource connecting to the 1976 footage, probably something like ""2024.""
""2024""
""Let's delve into the mystery that began in 1976...Local historians and witnesses took to the skies and recorded a mysterious light. Now, fast forward to"" continues the chronological pivot.",180,False
128,"Medical educational article (Spanish origin) systematically covering neurofibromatosis definition, causes, types, and now symptoms — structured progression toward symptom enumeration expected next.

The article has introduced NF1 and NF2 variants and now transitions to symptoms, which vary by individual.

Final token ""the"" begins an incomplete noun phrase mid-sentence (""its symptoms vary depending on the type of neurofibromatosis and the""), requiring a specific noun like ""areas affected,"" ""location of tumors,"" or ""degree of nerve/bone involvement"" — indicating anatomical affected regions or severity factors.
""Symptoms of neurofibromatosis
The symptoms of this disease vary according to the type of NF and the"" mirrors this dependency structure, demanding a second parallel competing factor referencing affected body parts or tumor location.",173,False
129,"Scientific/medical product description shifting into encyclopedic health content, explaining ingredients for supplement blends containing Saw Palmetto.

Benign Prostatic Hyperplasia (BPH) section beginning signals a prevalence/impact statement listing affected populations and statistics about LUTS/male patients.

Final token ""approximately"" is part of an incomplete statistics phrase (""BPH is a slowly progressing disorders causing urinary symptoms affecting approximately""), requiring a percentage, number, or demographic figure next (e.g., ""50% of men"" or ""10 million men"").
""Benign prostate hypertrophy (BPH) is the most common urologic condition of men, which is a gradual and slow development of urinary problems affecting approximately""
—medical survey format establishing condition context for the product.",172,False
130,"Journalistic science article structure (UCSF press release/news style) with biographical and experimental findings about Dr. Sara Ron and cancer stems cells.

Narrative momentum: the article has introduced background findings (2009 stem cells as aging sources), now logically transitioning to current study's methodology and findings.

Final token ""Ron"" is the subject at the start of a new clause (""In the new study, Ron""), requiring a verb phrase describing her actions/findings — likely ""and her team discovered/demonstrated/found"" or ""used a animal model to...""
""Ron and her team at UCSF have discovered... Previous work by Ron showed... In the new study, Ron"" continues the subject-thread, expecting a verb like ""and colleagues systematically identified"" tied to the transcription factor history just mentioned.",176,False
131,"Structured educational content follows hierarchical bullet-point notation covering food safety/ATP testing overview in Indian context — more enumerated points expected.

The text is listing components/procedure steps of the ATP swab test, with ""Aglucosidase enzyme, Luciferin/ Luciferase are used to measure adenosine triphosphate.
"" IC/Ie (Relative light"" signals a definition or measurement explanation, likely completing ""Relative light Unit/RLU"" for luminometry readings, as ATP produces luminescence.

Final token: ""light"" is mid-phrase inside a parenthetical abbreviation expansion ""QTQ=Coliform Count( Relative light"" — immediately expects a unit noun like ""unit"" to complete the luminescence/device measurement terminology, likely connecting ATP values to bioluminescence meter readings.",176,False
132,"Book description/blurb pattern: this is a publisher's promotional copy for a second edition textbook on ecotoxicology, following standard edition-update structure.

Completion of established title pattern: ""Introduction to Ecotoxicology: The Science of Environmental Stress, Second Edition"" appeared in the opening, establishing the full title format.

Final token ""The"" opens a subtitle following ""the second edition of Introduction to Ecotoxicology: The"" — the exact subtitle phrase ""Science of Environmental Stress"" (from the main title) or a near-identical variant is expected next, completing the recurring title. ""The text thoroughly examines… the entire range of human impacts.""
""
""Introduction to Ecotoxicology: The"" demands its subtitle, most likely ""Science of Environmental Stress,"" mirroring the original coined designation.",173,False
133,"Medical reference article following a structured educational format, systematically explaining causes, symptoms, and treatments for chronic pain, with defined terms prioritized throughout.

Continuation of a bulleted/listed treatment options section; ""Biofeedback"" began a new bullet after ""Physical medicine"" and ""therapy,"" implying a complete explanatory sentence describing how biofeedback works for pain management.

Final token ""teach"" is mid-sentence (""Biofeedback uses electrodes and instruments to teach""), requiring immediate object/complement — what biofeedback teaches patients, e.g., ""your body to control involuntary functions like heart rate"" or similar biofeedback mechanism description involving muscle relaxation/stress control techniques.
</br>"" *Biofeedback. A biofeedback therapist uses sensors to teach"" fits the definition pattern. ""Biofeedback is a therapy that uses a special machine to teach""",179,False
134,"Scientific/educational register describing nervous system-cardiac interaction mechanisms, implying research presentation or grant language. ""Our lab is studying how"" sets up experimental research context.

Narrative momentum from general background (heart rate control via brain signals, reflexes, mechanical stretch sensing) toward a specific research question or finding about pathological conditions.

Final fragment ""We are currently investigating how chronic heart disease"" is an incomplete subordinate clause demanding completion specifying what heart disease does to these reflex mechanisms or neural regulation, most likely ""leads to..."" or ""such as heart failure/CHF alters...""
""nerve endings that feel and adjust the rate of heartbeat. We are currently investigating how chronic heart disease"" — this transitions to longitudinal pathology effects, signaling disease progression context, likely involving animal models or altered muscle/tissue.",172,False
135,"Educational/explainer article tone on sleep and chronic illness, establishing medical complexity requiring structured discussion. A second endpoint (how sleep disorders relate to chronic illness) was alluded to, creating expectation of balanced coverage.

The text is building a causal/explanatory chain: auto immune diseases can contribute to sleep disorders, listing mechanisms. ""Both chronic illnesses contribute largely to sleep disorders in a variety of ways"" sets up enumeration.

Final phrase ""Some cancers impact areas"" is mid-sentence requiring anatomical or physiological completion, most likely referencing brain, respiratory, or pain systems relevant to sleep control. ""There are numerous ways that chronic illnesses can impact sleep. Some auto immune diseases impact directly on issues related to sleep as cancer can affect areas"" — ""Some of these directly impact sleep as they affect areas"" — anatomical regions causing sleep disruption.",181,False
136,"Scientific figure caption style, describing a biological data visualization of gene expression categorization in a dexamethasone-stimulated macrophage study.

The text is listing classification categories (""genes that increased over time, genes that showed delayed up-regulation, and genes that""), implying a final contrasting or distinct response-type category is due — likely down-regulated genes or transient/biphasic responses.

""Three K-means clustering patterns: genes that showed delayed up-regulation, genes that showed up-regulation over time, and genes that"" — the final clause is an incomplete parallel third list item requiring a verb phrase describing a contrasting expression pattern (e.g., ""decreased initially then increased"" or ""showed both up- and down-regulation"").
""
 genes that changed in with short-term response."")",178,False
137,"Medical/scientific academic text with dense pharmacology terminology (B cells, RA, rituximab, CD20) establishing clinical-mechanistic context.

Narrative momentum: the text shifts from epidemiology toward mechanistic explanation of rituximab, building toward a statement about clinical benefit or B cell depletion effects in RA.

Final phrase ""the clinical benefit associated with such a form of"" is mid-sentence, requiring a noun phrase immediately next — almost certainly ""rituximab therapy: B cell depletion"" referencing the well-known consequence of B-cell-targeted therapy; the consequences prominently including deletion of circulating B cells and the profound ""flares"" or lymphocyte-depleting patterns, most likely B-cell depletion removing synovial/lymphoid tissue cells.

B-cell elimination is expected next",177,False
138,"Scientific news register (UK newspaper, 2001) describing future/belonging technology with informal accessibility tone.

The sentence structure follows a classic science journalism framing: invention introduced (""opening holes in titanium nanoparticles tinier than bacteria""), now pivoting to medical application/destination.

Final phrase ""can then be filled to form tiny Trojan horses lined up for delivery to the"" sets up a medical destination noun phrase — likely ""sick cells,"" ""cancer tumours,"" or ""cells/organs."" ""
""The aim is to harness bacteria's powers of penetration to slip uninvited nanocarriers through cell walls, then ferry their medical supplies to the"" demands a target destination completing the metaphor of medicine delivery/destination system, most likely a vivid colloquial term like ""patient's DNA"" or ""next generation treatments.""",180,False
139,"Educational gardening guide tone, explaining how winter blooms like violas tireus survive cold seasons. Content is accessible and informative.

The text follows a structured FAQ/advice format, with a named section header introducing practical planting guidance about winter flowers in the U.S.

Final word ""adequately"" ends mid-sentence (""most commonly planted in the fall to allow them to adequately""), requiring a verb phrase explaining what fall planting enables, such as ""root,"" ""establish,"" or ""withstand conditions.""
""While they can last up to three seasons, they are most commonly planted in the fall so they can adequately"" demands immediate completion with an explanation of sustainable preparation time, growth period, or frost establishment — like ""develop roots,"" ""adapt before winter arrives,"" or similar establishment phrasing.

""must be planted outside so they can adequately""",182,False
140,"Testimonial/supplement instruction context from a functional medicine doctor sharing personal experience with a thyroid/hormone patient, establishing credibility and recommending supplements.

The text is detailing personal usage protocols for Ashwagandha and magnesium supplement, with dosage and timing specifics (""30-60 mins before bed"").

Final token: ""mid of"" is part of ""Take when anxiety. If sleeping issues at bedtime, regular 2 capsules. Or also can take in middle of"" — a time/situation phrase requiring completion, most likely ""the afternoon"" or ""the day"" to address mid-day anxiety, sleep interruption, or mid-night waking. ""It gives you calm, focused feeling. I take mine before bed...overnight. Can also take a few in middle of the day"" or ""when brainstorming/"" when stuck with insomnia.
""",183,False
141,"Medical/pharmaceutical press release format, reporting oncology trial results with structured efficacy endpoints (ORR, response rates).

The sentence about ""As the first approved immunotherapy in this"" signals a pivotal regulatory/label claim being built, establishing context for the pembrolizumab indication in early-stage EGFR-positive NSCLC.

Final token ""this"" opens a noun phrase requiring immediate continuation specifying the patient setting or indication context, most likely ""metastatic setting"" or ""first-line setting,"" echoing the headline.
""Merck's ongoing ENGAGE phase 3 trial"" and earlier framing constrain continuation toward formal clinical language.

""Building on its approval of pembrolizumab (Keytruda®) as adjuvant treatment in this"" — prepositional phrase completes, next token specifies the approved population, e.g., ""patient population.""",187,False
142,"News report on Philippine maritime/astronomical operations, establishing factual institutional context with names, dates, and agencies like PAGASA and NAMRIA.

Article is listing coordinating security and government partners for the island observatory initiative, following Philippine military/government venue conventions for maritime defense operations.

Final token ""the"" begins a noun phrase, continuing a list of agencies (""Pacific Fleet (PACFLT), in close coordination with; the Western Command, Maritime District and with the""), requiring a specific military or government unit name next — almost certainly the Philippine Coast Guard or a Philippine Army unit closely linked to the Tubasan Naval Base and West Philippine Sea defense command.
""that the accessibility is secure, ...in close coordination with the Local Government Unit (LGU), Western Mindanao Command (WEMOM) and the"" — military command context closes.",182,False
143,"Academic/institutional newsletter reporting on a completed scientific congress, establishing a formal summary structure covering location, attendees, schedules, and activities.

Multi-paragraph recap pattern: each paragraph covers a distinct aspect (overview, seminar schedule, fieldtrip); a concluding paragraph wrapping up is expected.

""The Congress"" ends mid-sentence as the opening of yet another paragraph, mirroring the preceding paragraph openings (""The Congress began with..."" / ""A highlight of the Congress was...""); the next tokens will continue summarizing a final aspect, likely networking, outcomes, or local social events.
""The fieldtrip gave participants an opportunity to see... mammals and birds. [Paragraph break]
The Congress"" begins a concluding sentence, likely ""The Congress was a great success"" or ""took place at Universidad de Costa Rica, supplemented by...""",178,False
144,"Scientific/biomedical product description genre, following standard antibody or reagent catalog conventions about CD117 biology.

Biological function description momentum: prior sentences cover receptor identity, locations, and cellular activity; next text likely continues CD117's biological roles or introduces product-specific details.

The final token ""CD"" begins a repetitive occurrence of ""CD117,"" mirroring the pattern established at sentence starts (""CD117 is a Type I receptor… CD117 plays a role… CD""), likely introducing another sentence structure about the antigen, a monoclonal antibody clone designation (e.g., ""CD117 antibody is available""), or assay application.
""CD"" signals an imminent full protein name continuation.
A standardized catalog descriptor describing a monoclonal antibody or assay reagent, perhaps its specificity, is expected next.",186,False
145,"Medical/scientific abstract or review introduction structure: background paragraph complete, now transitioning to study-specific content summary.

The preceding paragraph establishes callus-mediated fracture healing as involving complex mechanical, cellular, inflammatory, and molecular interactions; the next tokens will elaborate the review's focus/content.

""This review examines fracture healing"" is an opening clause of a sentences/run-ons continuation, requiring direct object or prepositional phrase completing the topic scope — likely ""in mice,"" ""in the rat model,"" or ""comparing primary vs. indirect healing""; or a formal elaboration of healing phases.
""Fracture healing is a complex, yet orderly, callus-mediated process governed by mechanical and molecular factors that influence the healing response. This review examines fracture healing"" likely continues with ""in..."" specifying scope.",172,False
146,"Scientific biomedical prose establishing lymphatic vessel biology, moving from structure toward dynamic modeling and adaptive remodeling.

Narrative momentum builds toward describing maladaptive outcomes and regulatory mechanisms: ""lymphatic modeled adapted their behavior in response to changes in function"" sets up a list of influencing factors including biological and mechanical stimuli.

Final token ""the"" is an article beginning a noun phrase completing the prepositional phrase ""local stresses or onecellular changes in factors that alter the state of the lymphatic system and the changes in the"" — next tokens must be a specific noun phrase, likely ""local mechanical environment,"" ""wall shear stress,"" or ""vessel biomechanics"" referencing biomechanics/stress coupling central to vascular remodeling theory. Crucially, the text needs a mechanical or pressure/stress variable linking biological growth to force or impedance factors from the vessel's mechanical environment.",186,False
147,"Local news/public health newsletter tone, explaining Omicron vaccine boosters to residents with authoritative yet accessible language.

The text is building toward completing a list of vaccine benefits, contrasting severe illness prevention with a caveat or qualification about infection/infection prevention rates — typical of real-world data framing.

Final fragment ""they do primarily to prevent severe illness and hospitalization. They do"" sets up an immediate continuation — likely a ""reduce risk of infection"" qualifier or ""yes help with prevention but..."" completing the implied contrast.
</br>""
Do offer meaningful protection. Most importantly, current booster data shows they aim primarily to prevent severe illness and hospitalization, but they do"" — the truncated clause demands a verb phrase completing what boosters actually do regarding some outcome, likely prevention or reducing infection rates explicitly connected back, offering partial protection
.",177,False
148,"Informational blog post structure: educational guide about Pomeranian puppies, following an intro/body/morale format with headers and clear, accessible phrasing.

Content momentum completing a practical advice paragraph: sentence about adjusting to dietary changes and providing care tips during teething development.

Final word ""and you and"" is mid-clause continuation, part of ""understand the challenges... and how to provide proper care during this period. By understanding these developmental stages, you can ensure a smooth transition that will be beneficial for both you and"" — requires noun referencing your pet, almost certainly ""your Pomeranian puppy"" or ""your furry friend,"" closing the personal address.
""Proper care during the puppy stage. By understanding these changes, you can ensure a smooth transition, making it a more positive experience for both you and""",178,False
149,"Arabic-derived English informational article about pests/rodents in Egypt, maintaining an educational-persuasive register promoting pest control services.

The text follows a structured format: header promise, introduction, section header, body paragraphs, and now a closing vizor paragraph building toward a call-to-action or treatment solutions.

Final token ""completely"" ends an incomplete sentence (""protect your home from all dangers of rats so that you can know the reasons and get rid of them and the ways to treat them and how to deal with these pests and get rid of them completely""), requiring closing punctuation or continuation with period/further clause like ""and permanently.""
""permanently"" or ""forever.""
""Finally, the article will help you to know how you can prevent these harmful pests from appearing again inside your home or office and treat them before spreading and rat dangers and how to protect your house and get rid of them completely""",198,False
150,"Scientific journal abstract following IMRaD structure; ""Results"" section lists sequential findings, now concluding with abundance results after evenness findings.

The pattern established repeats three parallel metrics for breeding neotropical landbirds: community richness (decreased), evenness (diedected by forest type/lifespan interaction), now abundance at the individual species level addressing the same variables.

Final token ""The abundance of"" opens a parallel sentence mirroring ""The richness of neotropical breeders decreased across all UU landscapes. The richness of individual neotropical breeders decreased... The abundance of,"" expecting a specific aggregate term like ""neotropical breeders overall"" or species-level breakdown with corresponding statistical findings.
""
Additionally, brightness and openness also predicted abundance patterns. The abundance of"" continues the structured list.",174,False
151,"Scientific/regulatory definition format establishing unit equivalencies for vitamin E, expecting continuation of technical specifications and comparisons.

Historical narrative of IU standardization for vitamin E requires completing the explanation of how biological equivalence is defined — the WHO comparison to the original rat-liver/bioassay standard is anticipated.

Final token ""activity"" ends an incomplete clause (""1 International Unit of vitamin E is defined to have the activity""), immediately requiring a specific quantity or compound phrase denoting equivalent biological potency, likely referencing ""of 1 mg"" or a biological activity comparison phrase.
""Current definition: 1 I.U. of vitamin E is defined as having the activity"" — syntactic completion requires a that-clause or of-clause specifying the reference standard.

""derived from"" replaced or completing the stated conversion equivalence.",175,False
152,"Scientific paper abstract establishing gene characteristics and evolutionary biology findings, using formal academic register throughout.

Evolutionary genetics argument building: data presented (gene clustering, low expression, promiscuous sperm competition) leads to explaining selective mechanisms, expectation of a concluding evolutionary insight about adaptive dynamics.

Final token ""rapid"" ends an incomplete superlative phrase (""promises to ultimately trigger and maintain the constant and rapid""), requiring a noun like ""evolution,"" ""diversity,"" or ""turnover"" of male reproductive/Y genes.
""Our findings demonstrate that functional divergence likely coevolve with intrasexual sperm competition, and may exemplify the mechanisms sustaining the continuous and rapid"" — a clause about protein evolution and molecular arms races, likely referencing hyper-adaptive evolution, constituting rapid turnover/evolution in Y/sex chromosomes. Classical phrasing.",183,False
153,"Health/nutrition article format: structured facts about jafra (Indian green plum), covering benefits, vitamins, and consumption advice in accessible prose.

List-completion momentum: the text is enumerating reasons why jambolan suits diabetics, implying low glycemic index or calorie content follows, standard in fruit-appropriateness arguments.

Final token ""have a"" begins a noun phrase mid-clause (""green bananas are a good snack option for diabetic patients as they have a""), requiring immediate completion with a diabetes-relevant metric, almost certainly ""low Glycemic Index (GI)"" or similar numerical/medical descriptor — ""<have a low gly..."" is the near-certain continuation. ""Moreover, jabolon (green bananas) are ideal for people with diabetes as they have a"" demands a GI value or A scores completing the low-carb rationale.",184,False
154,"Personal narrative recount of a rescued/dead bird incident, establishing compassionate reflection tone. ""Last year's fledgling"" and naming conventions suggest ongoing care/observation story.

Anticipation of bird mortality conservation theme: window strikes are a well-known hazard for small songbirds, strongly signaling the narrative is moving toward window-related collision prevention or mitigation discussion.

Final fragment ""I've also hit it into the"" abruptly shifts to the home owner describing window strikes happening repeatedly; next token almost certainly is ""window"" or ""windows,"" followed by advice about visible markings, decals, or bird migration hazards — crucially, lit up windows contributing to bird deaths.
</br>Bird conservation context strongly predicts discussion of feeder poles, nearby trees, or **glass window collision lights/decal solutions**, addressing how windows kill迁徙 birds.",175,False
155,"Journalistic/news report register establishing environmental incident narrative with uncertainty about causation — oil spill, Japanese whaling vessel, or chemical weapons introduced as suspect causes.

The text signals a diagnostic investigation in progress, creating expectation of scientific findings, evidence, or methods being enumerated to explain mass deaths of tens of thousands of dolphins in GBR.

Final phrase ""Scientists are now examining the dead birds, trying to find"" is mid-sentence requiring direct object — likely ""the cause,"" ""signs of toxins,"" or ""pathogens/damage levels.""
""
The broken birds have botched or died mysteriously"" sets cause-death ambiguity.
""The cause of the deaths is still unknown. Scientists are trying to examine them, trying to find [contamination markers / toxin levels / common explanation]""
the next token completing the investigative finding.",180,False
156,"Botanical/taxonomic reference compilation: entries follow dictionary and encyclopedia formats defining ""pine"" across sources, now deep in detailed 19th-century descriptive botany prose.

Narrative momentum of morphological description: the passage is elaborating a specific Pinus variety's distinguishing features (""small, horn-like cones,"" foliage texture), building toward complete botanical characterization.

Final fragment ""the early horizontal growth"" ends mid-description, part of a climactic distinguishing feature list (""…characteristic of it is due to the smallness of leaf and cone, and its hardiness, besides the conspicuous mark of the tree…due to the early horizontal growth""), expecting continuation about growth habit or branching pattern (e.g., ""of the stem"" or a root/shooting phase).
""rapid spreading on; distinguishable also by the early horizontal growth""",180,False
157,"Health/wellness advocacy tone establishing expertise about skin care myths, setting up educational corrections about brushing habits.

Anatomical/physiological content about skin care — the author is building toward explaining negative effects of constant exfoliation on aging skin.

""Repeated abrasion of skin causes a"" is a cause-and-effect construction mid-sentence requiring a specific medical or physiological noun phrase — likely ""thickening,"" ""callus formation,"" or ""defensive response"" — describing damage or compensatory skin changes.
""Many years ago I used to brush my skin thinking I was helping, but years have changed""  
</br>""we do not realize that repeated friction on skin causes a""
The sentence promises an ongoing consequence describing how skin physically responds negatively to mechanical friction, likely thickening or defense-related inflammation.",176,False
158,"Scientific paper abstract/results structure (Spanish academic journal), listing sequential findings on spray-drying biphasic systems with Pluronic® polymers for Nazarsenic® microparticles.

Continuation of enumerated product characteristics and stability data: ""moisture uptake and retention"" already reported, physical stability noted.

Final phrase ""high stability of formulations when stored under light and heat when stored in amber glass"" is mid-sentence describing a container/storage condition (""İltizam® samples showed high stability when stored in formulations either in solid or semi-solid form, when stored in amber glass""), requiring immediate completion naming a container or vial type, alongside probable comparison condition or additional storage environments (e.g., ""jars"" or ""glass vials"").
""
Ammonia wars"" tea reference implies lab/research context, likely laboratory glassware completion.",185,False
159,"Academic citation/author affiliation list format, expecting institutional names continuing after established pattern (PT Indonesia Trading Support Fund, Indonesia University of Technology).

Research paper context signals: biomedical photonics preoperative glucose monitoring cited as interdisciplinary pharmaceutical-chemistry collaboration, suggesting international affiliations continue with Indonesian local partners.

Final fragment ""Center for Research and Community"" is mid-institution name, immediately requiring its completing word(s), likely ""Service"" or ""Pengabdian"" (Indonesian institutional convention for ""Community Service"").
</br>""Pietro Tortora from Australia, Muhammad Idris Abdullah and Aldi Daffa from Indonesia University of Technology, and Gloria Soetanto from the Center for Science and Community"" follows author-list convention, likely ending with university name specialty or institutional service term completing the phrase, e.g., ""Service"" or university name.

</br>",187,False
160,"Biographical/historical register about a 19th century ophthalmology physician named von Graefe, establishing a Scandinavian medical history tone.

The text has built a contrast: Graefe was ""a good but common physician"" with ""no special"" scientific contribution, residence travels, and many volumes published, but ""is known through"" signals a pivot to his enduring fame — specifically the eponymous Graefe's disease.

Final clause ""His lasting fame is known however known through"" is a relative clause mid-construction, requiring immediate completion — a specific entity, likely his work on strabismus, a notable medical debate, or a book/condition, describing what grants him historical recognition.
""However he is known name
 involves known through"" seems garbled. ""His name lives on however through"" about his broader.",179,False
161,"Academic public health essay structure: thesis presented, broad statistics established, conditions listed (cerebral palsy, epilepsy, autism), signaling transition to solutions or burden of disease.

Enumeration of adverse outcomes (medical, psychosocial, mortality morbidity) builds toward further consequences — the text is cataloguing impacts of preventable birth defects on individuals/families.

Final phrase ""Moreover, it not only affects overall well-being and quality of life but also poses an enormous"" is a paired construction requiring a noun phrase completing the negative societal/economic burden, almost certainly ""cost"" or ""economic burden on the healthcare system.""
""Unfortunately, most of these conditions require life-long management and resources. Additionally, having patients with such conditions cause severe distress and disability, and more importantly, it poses an enormous [economic/healthcare burden].""",178,False
162,"Machine-translated/SEO-spam health content pattern: garbled phrasing like ""9 million individuals,"" ""guide insulin levels,"" ""silly blood sugar stage"" signals low-quality translated medical text.

Enumeration of diabetes classifications/complications context: the text is building a section about types of diabetes, covering detection and disease subtypes for general readers.

Final token ""has diabetes"" — mid-clause continuation of ""the CDC estimates that there are over...9 million individuals who got modified affluent blood sugar."" ""Diabetes is the underlying endocrine sickness that regulates blood glucose in humans for people who's diabetes"" — immediately expects a word like ""type 1/2"" or a garbled continuation spelling out ""diabetes mellitus"" or a name, phrase like ""checks that have.""
 ""but whoever who has diabetes",178,False
163,"Medical informational list format — repeated entries suggest a search results/index pattern with source headers and summaries about hypertension.

Repulsion/repetition pattern: ""High blood pressure high blood pressure"" mirrors prior repeating terminology structure (""hypertension hypertension""), indicating continued redundant or layered terminology typical of health content aggregation.

Final token ""high"" begins a repeated keyword phrase (""High blood pressure high""), functioning as a document/section heading starter, immediately constraining next token to be ""blood pressure"" continuation, likely followed by a definition, explanation heading, or NHS/Mayo Clinic-style structured content like ""What you need to know"" or ""and its complications.""
</br>""
""High blood pressure risk factors.
<br>""
""High blood pressure high"" reopens the term with a subheading format, requiring an explanatory colon or continuation.",178,False
164,"AI-generated or low-quality instructional text with garbled, nonsensical medical/pet advice about puppy feeding, establishing a pattern of redundant, poorly structured sentences. Repetition pattern evident throughout (""The important thing you need to know,"" ""The very first one is"").

Logical momentum demands continuation of the nutritional warning consequence, explaining harm of inadequate feeding or transitioning to a remedy/recommendation.

Final token ""nutrients"" ends a repetitive conditional clause (""if they are not getting enough food they will not be getting enough nutrients to begin with and after they are not getting sufficient enough nutrients, and once they do not getting sufficient nutrients they will not be developing appropriately, and when they are not getting enough nutrients""), expecting a causal conclusion phrase like ""then they..."" or ""get sick.""
</br>
""not getting enough nutrients"" continues the repetition/error spiral.",183,False
165,"Tech/medical news blog style with a condensed science commentary summarizing nanotherapy and immortality research, ending with a source attribution pattern.

The text has been building toward a source citation after discussing scientific achievements of Neurolink, driven by the concluding argument about nanomachines enhancing lifespan.

Final token ""Business"" is the start of a publication/source name following ""Read the original story from Business"" — immediately expects a specific outlet name continuation like ""Business Insider,"" ""Business Wire,"" or a Canadian publication (matching Australian/NZ investor references earlier).
""Watch out!""
""Read more about this story's future implications in more detail below:
— read the interesting part for now.
Read the full story from Business"" — a trailing source attribution line, likely ""Business Weekly"" or similar business news outlet — the final token demands a specific publication name completes next.",187,False
166,"Explanatory science/popular health journalism tone established, presenting a debate structure (""more successful foods than elusive gene"") with implicit irony about modern diet and longevity.

The paragraph transition from environmental/technological causes (refrigerators, shelters, cleaning technology) of increased modern longevity sets up an unexpected alternative explanation.

""However, one newer theory is that"" — first sentence opener introducing a contrasting unexpected theory, requiring immediate specification of the theory content; likely linking evolutionary/physiological adaptation to reduced physical theory connecting reduced activity or chronic inflammation to lifespan increase.
""An unexpected theory related to longevity specifically that is counterintuitive. One such theory is that"" signals a clause explaining how modern lifestyle factors — paradoxically — may explain lifespan; a hypochondrial or ""bed rest"" mutation/age-related theory.",174,False
167,"Scientific/academic register establishing a public health problem about iodine deficiency disorder (IDD), suggesting epidemiological or biochemical findings follow.

The text introduces measurement/assessment methodology, signaling a contrasting caveat or complication about limited accuracy, variation, or alternative biomarkers is expected. ""Global Iodine Status are assessed by measurements of urinary iodine concentrations which"" sets up a defining clause about the measurement method's nature or limitations.

Final token ""which"" is a relative pronoun opening a subordinate clause defining/modifying ""urinary iodine concentrations,"" requiring an immediate verb phrase (e.g., ""are measured by spot urine collection"" or ""reflect thyroid storage"").
""Iodine deficiency (ID)...
Affects billions worldwide.
Iodine status in populations is assessed by measurements of urinary iodine concentrations which""",176,False
168,"Medical/health news style with factual statistics about COVID-19 in 2023, expecting continued epidemiological data and developments.

Narrative momentum: the text has covered vaccines, booster shots, reinfections, and is now introducing a new finding about Omicron variants; a conclusion or implication explaining the resistance mechanism/consequence is expected.

Final token ""more resistant"" ends an incomplete comparative clause (""New research shows that the BA.1 and BA.2 Omicron subvariants are significantly more resistant""), requiring the object of resistance — likely ""to neutralizing antibodies"" or ""to immune evasion"" — immediately next.
</br>
""more likely to reinfect… New research published in Nature now shows that BA.4 and BA.5 Omicron subvariants are significantly more resistant"" implies completion about antibody evasion or treatment effectiveness.",185,False
169,"Machine-translated academic/encyclopedic prose (likely Chinese→English artifacts) discussing animal domestication and human-animal bonds, signaling continued thematic content about emotional attachment measurements.

The text is mid-argument following a study (Stickler, 2000), establishing that higher emotional pets score higher — completion of the T-Test finding comparison between foster-care vs. full-time cared-for dogs is expected next.

Final token ""the"" opens a specific noun phrase completing ""higher scores on the,"" requiring a named scale or measure (e.g., ""Pet Attachment Scale,"" ""pet attachment measure"").
</br>""
""Additionally, participants who experienced a dyadic relationship with their animal have ""larger scores on the attachment inventory. ""Additionally, participants tended to have higher scores on the rating they experienced on the"" — a",181,False
170,"Educational/informational essay structure covering malaria prevention and classification, with a defined progression through treatments, transmission, and complications for US and global contexts.

Completing a list of severe malaria complications — ""several others can occur including liver and kidney failure"" and ""A coma can also result from the disease"" establish an ongoing enumeration of serious outcomes from cerebral malaria.

""Additionally, cerebral malaria can also occur"" is mid-sentence, requiring immediate resolution — likely a parenthetical explanation or clause describing it (e.g., ""in cases where...affecting the brain"") followed by a closing sentence wrapping up complications.
</br>""this malaria can have many serious complications resulting in death. Several others may occur such as liver or kidney failure. A more rare but serious condition cerebral malaria may also occur"" continues.",177,False
171,"Parallel organizational description pattern: two separate community/conservation entries suggest more institutional blurbs or program links following the established format.

Environmental education and invasive species domain content, with keywords like ""quarry,"" ""biodiversity,"" ""conservation"" establishing institutional/symbolic context.

Final phrase ""dedicated to preventing, controlling and reducing the spread"" is mid-sentence requiring completion — specifically naming the invasive plants being combated or completing with a geographic/impact goal, likely ""of invasive scales across Florida."" ""The Florida Invasive Exotic khủng venomous Snail Scale Prevention Task Force is focused on actions to raise public awareness to prevent, control and reduce the spread"" — expects noun completion like ""of invasive species"" or a specific pest name describing disease/pathway impact in Florida's landscape ecosystems, following naturally into continuation.",178,False
172,"Fantasy worldbuilding lore format for a mythical creature entry (children's game encounter book), establishing creature traits, distribution, and behavior of the Solasians.

Narrative momentum: the Solasians' compassionate, guiding role is being elaborated — having established they're elusive and aided by sailors, the text now focuses on active rescue behavior toward lost ships/fishermen.

Final token ""safety"" closes a subordinate clause (""but help lost sailors"") mid-sentence about their altruistic actions; a continuation or closing punctuation follows, likely describing companionship or a destination (""rather than leading to ruins"" or similar moral resolution).
"", the creatures prefer to remain out of sight. When they aren't hunting, they are often seen guiding lost ships or lost fishermen back to safety"" expects a sentence-ending period plus possibly a detail about rewarding them or their underwater journeys.",186,False
173,"Structured turfgrass management advisory/listicle genre, following seasonal scouting guidance sections covering disease, insects, and weed identification for Nebraska turf managers.

Narrative momentum shifts to practical grower recommendations after the tomcod activity section; the text is now cataloguing grower responsibilities for proactive management, specifically disease and pest recognition capacity.

Final phrase ""Train employees to identify turf and learn to recognize symptoms"" is an incomplete sentence, immediately requiring the continuation of specific deficiency or stress symptoms (e.g., ""of nutrient deficiencies,"" ""common pests/disease symptoms,"" or ""diagnose problems""). ""proactive next season. Many crops can suffer from nutrient deficiency, so make sure your employees are knowledgeable about their crop and can learn to recognize symptoms"" — next tokens likely are ""of nutrient deficiency"" or pest signs/visual descriptions of damage.",177,False
174,"Scientific journalism register (French-to-English translation influence) presenting a research finding about human brain evolution timeline and hominin cranial measurement.

The study's methodology is being introduced — anatomical/3D measurements or methodology details about researchers analyzing hundreds of specimens are now expected after the historical question was posed and the new evolutionary hypothesis stated.

Final fragment ""The researchers analyzed numerous skull fossils"" is an incomplete sentence mid-construction, requiring a specific noun phrase completion — likely naming specific fossil specimens, hominin species, or dating ranges (e.g., ""from across Africa and early humans,"" ""including Australopithecus,"" or museum collection references).
""Late Swiss researchers confirmed this thesis. / To this end, they analyzed numerous skull fossils"" continues the explanatory methodology narrative, establishing what fossil evidence was used from fossil collections of early hominins",182,False
175,"Q&A/informational article structure established by title questions (""What Do Roaches Eat? How Can You Get Rid of Them?""), expecting educational, factual content in response.

The text continues listing cockroach dietary/factual information, having established they eat ""almost everything,"" and widened scope with examples (bread, plastic, wood).

""You should"" opens a directive or advisory sentence, requiring an imperative clause continuation—likely a warning about cockroach dangers or consequences for your home, e.g., ""know that..."" or ""be aware that the cockroaches consume...""
""As you know, cockroaches are insects that can eat all kinds of food. They also eat non-food items such as cloths, wood.

You should"" sets up a practical takeaway or recommendation, continuing the simplified explanatory tone.
**

Final token: """,182,False
176,"Blog/journal entry format about birdwatching at a specific location (Cypress Slough) — conversational, casual tone with location reference and seasonal context.

The sentence establishes information-sharing intent about seasonal bird listing, implying the writer will enumerate or reference the seasonal bird chart/guide showing multiple species and timing.

Final fragment ""see what other wildlife/Cypress Slough birds you might see and when"" ends mid-thought, part of a clause describing the guide's purpose (""Use it to get a finger on what seasonal birds are available to view and when""), strongly expecting an immediate period or additional list item continuing the seasonal schedule theme, e.g., ""what month to expect them"" or ""during the season to watch for them.""
""
Use the chart below to get an idea of what seasonal birds to look for in particular areas and when"" constrains closure.",185,False
177,"Flashcard/glossary format with alternating terms and definitions about blood vessels and cardiovascular physiology, driving continuation of same pattern.

Sequence of physiology/anatomy definitions from a quiz or study guide, covering systemic circuits, vascular beds, nerve pathways — currently shifting into new anatomical anatomy content.

""A shallow groove on"" is the beginning of an anatomical definition, syntactically incomplete, likely completing to describe a bony structure (e.g., ""the surface of the brain/hemisphere""). ""A nerve impulse that opens sodium channels,"" ""vessel is composed of,"" establish fragmented definition chains; ""A shallow sulcus on"" begins a new definition referencing a specific anatomical feature.
""
A shallow groove on"" requires immediate anatomical location/noun completion, likely ""the bone"" or ""the end of a bone joining.""",180,False
178,"Factual/statistical report tone with Program Letter excerpt, presenting depletion data about Southern Resident killer whales and conservation efforts in California.

Narrative momentum from decline statistics (80% loss, fewer than 400 animals, half current) building toward a climactic or sobering recent event/data point illustrating the crisis severity.

""Researchers in California observed three"" opens a startling statistic about very recent observed whales or events — a specific small number mid-sentence demands completion, likely a noun like ""individual whales"" or a summary count, referencing extreme scarcity by year. ""Three whale deaths... raise the probability of 90% decline... appear to be on the rise. Reaching three whales per year along the coast. Researchers in California observed three"" likely concludes with a specific recent sighting count or notable narrative detail.",176,False
179,"Agricultural extension IPM report format (Iowa Soybean Association, 2010) progresses through pest categories with scientific detail and local specificity about monitoring and management programs.

Narrative momentum: mid-description of the statewide scouting network's organizational structure, having established volunteer-based scouting with matching thresholds, now detailing the distribution/expansion plan.

Final token ""staff"" ends an incomplete list of network participants (""monitored at over 100 sites statewide by county Extension agents, ISU campus extension staff""), expecting continuation such as ""and university researchers"" or ""and private individuals/farmers.""
""
To date, this network is comprised primarily of locations monitored throughout Iowa by county Extension agents, State College of Agriculture extension office staff"" demands further coordination, naming additional personnel or institutional partners involved in setup and data collection.",179,False
180,"Academic/journalistic health reporting tone, presenting a thesis with study evidence about marijuana and oral/HPV cancer links.

Narrative momentum building toward conclusions and limitations: evidence presented step-by-step (oral cancer first, HPV results second), now pivoting to qualify findings with caution before full conclusion.

Final fragment ""However, due of"" introduces a limiting clause mid-sentence, likely continuing with ""the study design,"" ""confounding variables,"" or ""the small sample size/sigma overlap"" — ""The evidence suggests marijuana use may play a positive preventative role too high rate than non-users. However, due of"" signals a causal qualifier explaining why strong conclusions are difficult, likely referencing incomplete follow-up, data gaps, or stigma in heavy smokers. ""However, due of"" contains a minor grammatical error fragment pending completion.",178,False
181,"Scientific/biological research register describing a mouse knockout model results, requiring factual continuation about phenotypic outcomes.

The sentence structure ""Humans lacking...are viable but have...However, Slurp1 knockout mice had mild insulin resistance but they died"" signals a contrast between expected metabolic phenotype and an unexpected cause or manner of death, implying a developmental or survival complication unrelated to metabolic prediction.

Final token ""died"" begins a temporal/causal clause requiring completion: ""but they died [prematurely/early/young/from...]"" likely followed by a specific cause or surprising developmental phenotype that explains animals' fate, overriding the expected disease phenotype.
""However, SLURP1-deficient mice exhibited diabetes resistance features but they died""
""Knockout mice developed recognizable diabetes features, but they died""",175,False
182,"Formal event/registration information for a Canadian Indigenous youth arts summer program, establishing structured procedural content about eligibility and access.

The text is mid-sentence describing geographic eligibility expanding to neighbouring provinces (""Nova Scotia and New Brunswick are also welcome to register, though they must note that we only offer limited placements for students from out""), implying regional/provincial phrasing will define the out-of-province situation.

Final token ""out"" is part of the truncated phrase ""out-of-province"" or ""outside PEI,"" completing a sentence about limited from-Neighboring registration availability; ""Since they are in proximity"" sets up ""...out of province"" completion.
</br>""We do offer limited on-the-day online Counselling out of the George Street office to accommodate Nova Scotians and New Brunswickers so that we can accept some students from out"" — unexpected phrase continuation.",188,False
183,"Medical/pharmaceutical drug label genre following FDA-standard format for combined oral contraceptives (OroThem).

The warning section following standard COC prescribing language sets up expected clinical guidance about pregnancy risk and irregular bleeding scenarios — specifically management after missed pills or amenorrhea.

Final phrase ""should be suspected at the time of"" is mid-clause, requiring completion of the temporal/event condition — most likely ""the first missed menstrual period"" or ""failure to conceive""/""examination visit,"" echoing standard contraceptive label boilerplate about pregnancy evaluation.
</br>""Because not all women will have complete amenorrhea, the possibility of pregnancy should be considered seriously before any other etiology is considered at the time of"" continues with menstrual/bleeding interruption consequences, likely ""missed withdrawal bleed."" typical drug label language describing amenorrhea.",180,False
184,"Journalistic/profile article about planetary geologist Taylor Wall began, establishing scientific context before transitioning to personal narrative interview format with Wall's quotes or reflections.

The ""How I Got Into My Field"" section signals an autobiographical origin story is now starting, with Taylor explaining career/formative influences systematically.

Final token ""and"" opens a compound clause mid-sentence (""When I went to UC Davis and""), immediately requiring a continuation like a major, program, or a pivotal experience/decision (""started studying geology,"" ""first went underwater"").
""
I didn't come into planetary science with an individual goal in mind.
When I went to UC Davis and"" — expects Wall recounting a college or early academic experience, likely a slight humorous or thematic contrast setting up how they unexpectedly chose planetary/surface science.",174,False
185,"Journalism/news release format for an academic conference, listing expert speakers on goat and sheep milk science at Unilever and Innovation 2019.

The quote continues expanding on global trends and interests in alternative dairy products, following the established informational tone about diversity and increasing commercial significance of goat/sheep milk worldwide.

Final token ""in"" — mid-sentence prepositional phrase within a direct quote (""There is growing interest in goat, buffalo and sheep milks in""), requires a geographic region or market context to complete, e.g., ""developed markets"" or ""Europe, Asia and Africa.""
""
""There is growing interest in a range of alternative milks including goat, buffalo and sheep milk in""
""Most recently, there is increasing interest in goat, Buffalo and sheep milk products in"" suggests upcoming geographic/market specification.",182,False
186,"Academic/technical introduction establishing context for deep learning applied to healthcare computing in India, progressing from general agriculture challenges toward a specific technological solution.

Narrative/argumentative momentum: the text has traced a path from agricultural classification problems → challenges → modern solution needs, now arriving at deep learning/convolutional neural networks as the focal technology.

Final clause ""have revolutionized the computer vision domain with"" is a prepositional phrase mid-sentence requiring immediate completion with specific domain applications, achievements, or impressive capabilities (e.g., ""state-of-the-art performance"" or ""outperforming human-level results in many tasks"").
</br>""In recent years Deep Neural Networks have taken a prominent position. Particularly, Convolutional Neural Networks have revolutionized the field of computer vision with"" — expects concrete examples of CNN success, transitioning to plant disease application suitability.",185,False
187,"Article structure: introductory overview finished, now delivering structured content about safety of giving apple peels to rabbits, with section headers expected.

The text is building an SEO-friendly pet nutrition explainer, promising reassurance that apple peels are safe/beneficial for rabbits, with evidence or benefits to follow.

Final token ""Apple"" opens a repeated noun phrase (""It is recommended to feed your rabbits with apples with peel. Apple""), requiring continuation with a descriptive noun phrase, likely detailing nutritional benefits or the skin's composition – ""Apple peels are rich/nutritious/contain..."" ""Why Apple Peel is Better? Yes, it is safe to feed apple peel to your rabbits. Apple [contains...]"" mirrors the question header, continuing the explanatory sentence about apple peel's nutritional components or role in fruits overall.",174,False
188,"Medical encyclopedia/wiki format explaining pathophysiology of a cardiovascular clotting condition, answering diagnostic and mechanistic questions in sequence.

After defining embolism and now beginning thrombus origins, the text is explaining endocardial vegetation's anatomical location — heart valves and lining of heart chambers.

Final phrase ""bacteria growing on the valves of the heart and lining of"" is mid-sentence, requiring anatomical completion, most likely ""the heart"" or ""the chambers of the heart"" or specifically ""the septum.""
""Endocarditis refers to infection of the valves of the heart and lining of"" demands the anatomical structure immediately following.
</br> ""
Endocarditis refers to infection of the endocardium — the heart valves and lining of"" is a parenthetical explanation expanding anatomical terminology.",178,False
189,"Scientific academic register establishing mechanistic framework for epigenetics/gene regulation discussion.

Narrative momentum: the text sets up a contrast (""well described"") then introduces a new mechanistic pathway involving glucocorticoid and estrogen receptors, implying a surprising or dynamic interaction follows.

""It has been shown that activation of estrogen and glucocortic receptors induces rapid"" — mid-sentence requiring immediate completion with a molecular/cellular event or outcome, likely describing chromatin remodeling or DNA methylation changes at specific loci, such as ""rapid actin wave relocation"" or ""fast genomic binding.""
""Moreover"" and""chromatin-related gene expression activity,"" ""amine-nucleases.""
 ""have well established that activation... induces rapid"" signals an imminent temporal/mechanistic finding, expect ""dephosphorylation,"" gene activation, or secondary signaling event.""",185,False
190,"Scientific thesis/report in Italian establishing structural relationships between mRNA expression, protein activity, and larval stages in zebrafish swimming models.

Narrative momentum toward completing an explanatory conclusion: the sentence is mid-argument linking the sharp increase between days 7-8 (observed diphasic behavior change) to known developmental biology data about rods growth peak.

Final token ""has a"" begins a predicate completing ""This behavior could be in correlation with the growth dynamics of these rods, since the growth peak of these rods has a"" — a specific developmental timeframe or event description (likely ""occurs around day 7"" or ""rapid rise between 5-8 days"") is expected next, directly mirroring the earlier specification.

""
This is coherent with the results, since the growth peak of rods maturation has a

""",182,False
191,"Hobbyist beekeeping narrative establishing an unexpected swarm behavior (queenless comb-building, small bee activity) in a winter cluster.

The poster is building toward describing ongoing activity/puzzle: comb repair continuing, many bees mobilizing daily with no eggs or larvae found, implying uncertainty about colony status or purpose.

Final fragment ""but even 2 weeks later there is still a"" is mid-sentence, requiring a noun phrase describing persistent bee activity in the box, likely ""bunch/group of bees coming and going"" or ""Queen still present"" or similar observable sign.
""Swarm"" / ""'flies' out,"" ""Stuck inside for now.
Various bees keep working...incoming and outgoing, however, even 2 weeks later there is still a"" demands continuation describing persistent crowd/activity, likely feeders or traffic.",179,False
192,"Safety/consumer informational article pattern: UK-focused blog format with headers (""Security Keys In"", ""The Benefits Of Key Safe Digital Solutions"") signals structured promotional content continuing topic-by-topic.

Argumentative momentum: Introduction established rising security threats and digital key ubiquity; now ""More And More People Are Using The Latest Digital Keys"" section header promises elaboration on adoption reasons/growth.

Final token ""is"" opens a subordinate clause (""It is very easy to see why this is""), requiring completion — likely a short clause or transitional phrase (""the case"") or continuation listing reasons (""No doubt, digital entry solutions have really taken off in recent years... and it's easy to see why this is so/the case/growing"").
""…have really taken hold in recent years, and it's easy to see why this is"" demands immediate resolution of the dangling reference.",184,False
193,"Blog/journal entry format with embedded headlines and quotes on financial/political pessimism, suggesting continuation of anti-establishment commentary about markets and national decline.

List and analysis momentum: the post has built through quotes, charts, headlines, anecdotes — now transitioning to new illustrative content supporting the narrative of a world in crisis.

Final fragment ""Here is what the world looked like in 2016 according to"" is an incomplete attribution phrase introducing a visual or sourced reference, requiring specific named source (e.g., geopolitical map, economic data visualization, blogger like ""TomTom"").
""Here is what the world looked like in 2016 according to"" expects continuation naming a specific model, map, metric, or geopolitical framework — ""the expiration or borders"" likely referencing a demographic/civilizational framing —
""TomTom"" or global economic metaphor.",186,False
194,"News article structure (AP/local journalism) covering a beer brewery/cafe opening, with factual details like dates, locations, and quotes establishing genre and style.

Narrative momentum tracking the corporate strategy of craft breweries pivoting to restaurant/off-premise experiences; the Anheuser-Busch move sets up broader industry context, now pivoting to Boston Beer Co.'s similar efforts.

Final token ""space"" ends a prepositional phrase (""rebranded a taproom last year in a renovated space""), immediately requiring a location descriptor or continuation, likely naming the specific venue or address (""on its upper floors,"" ""in a corner unit,"" etc.). ""Boston Beer Co. recently launched a taproom offering…Boston, when it launched a taproom last year in a renovated space"" — demands closure referencing where reborn the new taproom occupied/transformed.",184,False
195,"Game description genre: pitch for a strategy nation-building game covering industrialization, survival, and progress.

Narrative tension setup: ""dangerous industrial revolution"" and ""technological leaps"" establish between-worlds conflict, setting stakes for player choices.

""You must balance progress and development, but not without sacrifice. You must balance advancement"" is mid-paraphrase/drive, continuing a parallel structure about balancing competing forces; next tokens must complete this clause, likely with a competing concept like ""against tradition,"" ""technology against resources,"" or ""progress and cost.""
</br>""But the road ahead will be difficult. The future demands innovation and industrialization, but progress is costly. You must balance advancement"" ends mid-thought, immediately requiring a contrasting element (e.g., ""technological growth against...,"" or a continuation of the abstraction).",182,False
196,"Business/venture analysis register: structured explainer covering GoCardless (payment platform), covering founding, funding, and technical evolution systematically.

Historical narrative momentum: text has traced GoCardless evolution from recurring payments to bank-transfer products to ACH API; next section logically pivots to target customer profiles and value propositions.

Final token ""would"" opens a relative clause mid-sentence (""GoCardless targets primarily businesses and individuals who would""), requiring a verb phrase or infinitive completing a pain point/use-case, likely referencing paper checks, recurring payments, or automated collection needs they solve (e.g., ""benefit from automated payment processing"" or ""access the banking network for..."").
</br>""functional niche was ACH bank transfers. ""
""GoCardless targets small to large businesses and individuals who would""",177,False
197,"Academic/analytical essay structure about economic history of Nepal's healthcare sector, establishing chronological progression from 1950s through 1990s.

Causal argument momentum: the text is contrasting state-controlled welfare provision with liberalization, building toward explaining how privatization became dominant in health service provision.

Final clause ""the government started promoting private sector development and the 1990 decade experienced"" — ""experienced"" demands a noun phrase or descriptive clause completing what the decade brought, most likely ""a boom/rapid growth/inflation"" or a thematic contrast continuing the 1980s trend. ""Experienced inflation after
mid-1980s and the stimulated Economy and deregulated political environment initiated the private sector growth and the 1990 decade experienced"" — completing the parallel causal economic consequence expected next.

<explanation>",191,False
198,"Web-collaged financial text mixing unrelated fragments (price charts, hedge fund descriptions, YouTube links) — next tokens continue this disjointed pattern. Domain signals: financial/investment education snippets.

The final entry shifts to video/content description recommending a documentary, signaling a brief descriptive sentence about the film's subject matter.

""An interesting"" opens an incomplete descriptive clause requiring a noun phrase (e.g., ""look at how the world works,"" ""insightful documentary,"" or a summary of content/experience).
""
Watch Michael Lewis documentary about Nick Leeson. The 'Boy wizard' Events and people involved in Barings Bank scandal.
An interesting""
""documentary/video about"" completing description — ""This is a video of a documentary about Nick Leeson and his life trading.
An interesting [noun phrase]..."" final word demands a noun completing the thought.",186,False
199,"Accounting standards educational text, listing specific criteria/framework for revenue recognition under FASB Statement 66, now transitioning to detail enumerated conditions.

Narrative momentum has established context (four methods, progressive complexity, real estate SFAS 66), building toward a comprehensive breakdown of recognition criteria or conditions —
""unconditional right of กระทบ"" investment value, or must satisfy multiple criteria.""

Final token: ""enumerates the"" begins a noun phrase requiring its object — most likely ""criteria for,"" ""conditions for,"" or ""complete sale method"" requirements header (establishing the seminal baseline against which other methods qualify).
""SFAS 66 examines four methods… are met. SFAS 66 enumerates the"" directly precedes specification of complete sale criteria conditions.
The key concept/conditions governing revenue recognition, logically formal enumeration follows.
""enumerates the"" demands an immediate noun phrase next.",198,False
200,"Argumentative/persuasive advice register: formulaic SEO-style consumer guidance with awkward phrasing (""normally hunting for,"" ""next greatest products"") throughout.

Narrative momentum toward conclusion: the text is building a list of caveats about making independent judgments and not blindly accepting marketed product superlatives, emphasizing subjective preference over consensus.

Final fragment ""what's 'best' to"" is mid-sentence, requiring a pronoun or phrase completing the target (e.g., ""you,"" ""the market,"" ""me"") — likely continuing the contrast: ""can't just consider what others have picked; you aren't going to find out whether's what you are really seeking aling. That's basically not going then do research in to find out what will be 'ideal' to"" — a closing phrase resolving the logical argument about collective judgment.",181,False
201,"Formal academic/policy writing introducing a major two-part institutional reform initiative in international energy regulation.

A quoted claim by IEA officials about significance (""changes fundamentally to international energy regulation"") sets up the argument's thesis, requiring closure of the quote and elaboration.

The final token ""century"" ends a quoted superlative claim (""describing the reforms as 'representing the most significant changes to international energy regulation in nearly a century""), requiring immediate closure with a closing quotation mark (`""`) and likely a period or continuation elaborating on historical precedent or scope — the unclosed quote `""the most significant changes to the sector in more than a century` demands syntactic completion.

""century"" is mid-quotation, demanding `.""` or continuation like `""a century.""`",170,False
202,"Informal financial/business commentary tone maintained throughout, with insider retail apparel industry perspective on economic downturn impacts on fashion brand stock.

Argumentative momentum building toward optimism/reassurance about chain resiliency — speaker advocates holding off on spending, predicting recovery, criticizing competitors, hinting at conservative survival strategy for ""our"" brand.

""Somebody will eventually"" is an incomplete clause mid-sentence signaling a predicted future outcome about buyers, leadership, or market players stepping in to revive or purchase struggling brands.
</br>""The Kids are not buying as much yet with the downturn and so are the Country Clubs. If we stay the course we will survive- no后人uegos here! ...Just stay away from cost...buy now is not selling. We must wait it out. Someone will eventually"" — expect completion about who takes over or demand returns inevitably (e.g., ""get hungry"").",187,False
203,"Economic/political argument structure: Spanish Socialist President's caseta speech elaborating crisis responsibility debate and EU orthodoxy critique.

Ongoing translated quotation requiring logical completion: ""we do not want to focus on the debt the crises, but that the problem is the cost of capital and that the problem is not that there is inflation, but that there are..."" implies a contrasting economic hardship phrase, likely ""no jobs"" or ""zero growth""/economic paralysis.

Final token ""there are"" opens a noun phrase mid-sentence inside Rodriguez's direct quote about absurdity of monetary policy ignoring real economy: ""the European Central Bank gives it things that have money even at zero interest to help实体经济, but the problem is not the debt, but that there are"" — expecting unemployment/mortgage/crisis collapse statistic.",175,False
204,"Fragmented, semi-coherent financial/crypto discourse mixing legitimate terms (""mining,"" ""ethereum,"" ""study bitcoin"") with garbled phrasing, establishing low-quality or auto-generated content patterns.

The text transitions between discussing institutional mining comparisons, crypto price targets (ETH ""$4940""), and crypto gains terminology (""staking,"" solo yield), suggesting continuation of loosely connected investment-related fragments.

Final phrase ""is to say coroutine of avoiding"" — mid-construction phrase describing a benefit or strategy, ""a rana of lines akin to the fortunes of avoiding"" demands a noun or concept completing the ""avoiding"" action, likely something about traditional staking mechanisms or hardware risks (high XP), or garbled word correction.
""read-to rake foot technological investing favorably""
""approach menstruate of avoiding [some risk/loss/benefit]"" — semantic completion expected.",189,False
205,"Technical/informative blog post tone with data-driven reporting on data center failures, suggesting analytical conclusions ahead. Translated/non-native English phrasing (""own need to deal,"" ""already collect non-English"") signalsAccessible source style.

The text establishes a problem narrative (47.54% downtime increase, 2017 statistics, main causes revealed) and is now pivoting to mitigation/prevention topics.

""Many data centers know the exact causes of their own failures and take measures to"" sets up an infinitive describing proactive steps — next tokens must complete this action phrase, likely ""prevent outages,"" ""improve resilience,"" or ""avoid UPS/battery failures.""
</br>""Administrators still have specific causes...""
""administrators know the cause of their failures and have taken measures to"" — prevention strategies or technology solutions expected next (""minimize risk,"" redundancy).",191,False
206,"Promotional/SEO marketing content pattern with repetitive keyword stuffing (""coupon codes,"" ""discount offers,"" ""online gaming"") in broken/AI-like Hindi-English hybrid tone continues throughout.

List-style enumeration of anticipated offers and benefits expected, following the structured format of each sentence reiterating ""getting offer"" and ""discount"" opportunities for Hot Topic shopping.

Final token ""available"" ends an incomplete declarative clause (""Few types of hotopic coupons codes are available""), expecting continuation like ""on internet/our website"" or similar qualifying phrase, followed by elaboration about how to find or use these codes.
</br>""You must have to proceed with the checking the latest offer But you should get the multiple offers with hot topic coupons. While you can be now get regular offers on your PC. There are few the hot topic coupon codes are available"" — continued enumeration of offers.",187,False
207,"Canadian political/policy analysis tone, establishing expectation of critique regarding the upcoming Speech from the Throne and its environmental/sustainability content.

The narrative arc moves from mild optimism (""some elements...welcome"") toward sharper criticism (""though limits of ambition""), setting up a specific omission or failure to be named.

""There is no reference"" is the opening of a critique of specific missing content in the Throne Speech; the sentence is incomplete and demands a noun phrase specifying what is absent (e.g., ""to protected areas committing to biodiversity"" or a specific policy area or failed initiative).
""
""
""We can see considerable continuity between last year's Speech and this one, with many new initiatives relating to land use, fisheries, sustainable development. But there is no reference"" — likely followed by ""to [key agenda item]"".",176,False
208,"Academic essay structure: introduction, researcher's view, and named independent variables follow a repeating pattern of ""variable – explanation.""

Continuation of listed factors in a Kenyan tourism sector analysis, with ""feasibility and growth rate of the industry, market trend, profitability"" still requiring elaboration after the growth rate explanation begins.

Final token ""grows"" is mid-sentence in an incomplete definition clause (""Industry growth rate – rate at which the industry exists, the rate at which the industry grows""), expecting continuation such as ""over time determines its success"" or a dependent clause completing the thought.
</br>""Growth rate is another important factor – growth rate of the industry is also an important factor, to determine the rate of growth how fast the industry competes,
Industry growth rate – how the industry grows
the rate at which the industry grows""",185,False
209,"Marketing/sales copy for an enterprise discount consultancy (Aval ID), building toward a value proposition with structured offer cards and client testimonials for telecommunications/IT clients.

List momentum: three ""offer"" definition cards have been delivered, pattern now continuing into ROI/results statistics or a case-study pitch.

Final feature: ""We optimise spend. Big ask, big rewards. Most of our"" is mid-sentence, beginning a specific quantified claim or statistic about client savings (e.g., ""clients achieve X within months/year""), consistent with the consultative credibility signals throughout. ""What do you get when you work with us? / Significant savings – We optimise enterprise spend, achieving measurable savings. Most of our"" — the sentence requires a noun referencing clients or engagements and a specific outcome claim.",170,False
210,"Legal/regulatory reporting genre with formal argumentative structure documenting a dispute over minimum wage claims compliance in Wisconsin construction industry.

The narrative describes employer culpability and worker rights enforcement, building toward the consequences/options workers face after a rejected DOL complaint — the worker's recourse has been partially established.

Final phrase ""OR the worker could file a civil"" introduces a legal alternative conclusion; ""civil"" demands an immediate noun to complete it — almost certainly ""lawsuit"" or ""civil action"" — describing judicial litigation, likely referencing a specific Wisconsin statute or court path.
</br>""the DOL then said the MWERA commissioner was not required to determine pay. Instead, the commissioner referred the case to employers for their own determinations. If that said no due compensation was owed, the worker noted they could file a civil",174,False
211,"Political news/explanatory journalism tone signals structured narrative about GOP internal conflict and the 2018 midterms.

The sentence is building a definition of ""House Freedom Caucus"" and its ideological stance, with ""included"" signaling a relative clause mid-construction requiring completion, likely listing specific members or expanding the description of their blockade strategy.

Final word ""included"" functions ambiguously as a participial verb or preposition mid-clause (""who joined the fight against tax reform by the Caucus of Republicans committed to constitutional conservative limits on government included""), requiring either a noun phrase continuation or a list, e.g., ""among others"" or a subordinate clause.
""did carry the veteran Trump voter states, but not不小speaking"" — awkward compound suggesting the sentence continues describing ""a small group of like-minded conservatives"" — ""members of the coalition of Republicans opposed to compromises on taxes and entitlements included""
.",194,False
212,"Financial/journalistic reporting style with data-driven context about commercial SUV valuation trends, citing specific figures and research from Knight Frank.

A direct quote is being introduced, beginning with a named source (""Stuart Corwin of MSCI"") speaking — the quote will elaborate on investment strategy rationale or market significance regarding specialized vs. generic data tools.

""If ever"" opens a conditional clause mid-quote, requiring completion — likely a memorable phrase such as ""there was a time when differentiation mattered"" or "" crisis + valuations favor simplicity ever existed, this is it.""
\(In raw quote format: ""As Corwin said, 'If ever"" — a setup for a conditional argument about market conditions that could necessitate SUV comparison tools now.)
</br>""If ever"" signals a capitalized conditional starter demanding a specific ""when/where"" clause immediately following.",182,False
213,"Bureaucratic/policy news reporting style with EU regulatory content, establishing formal institutional tone throughout.

Narrative momentum: introduction of the EU AI Liability Directive and external tasks leads into description of ESAs' specific legal analysis, requiring completion of the office's full name and mandate details.

Final token ""Capital"" is mid-phrase, part of a list (""European Securities and Markets Authority (ESMA) and the Internal Markets Committee for Insurance, Supervision and the Capital""), requiring a noun to complete the institutional portfolio name, most likely ""Markets Union"" or ""Capital Markets Union"" — a standard EU financial policy phrase.
</br>""Since the new rules are part of the competence of the European Commission's Directorate-General for Internal Market, Financial Services, Insurance
 and the Capital"" —等着你补全名称。",178,False
214,"EU regulatory/official document style signals formal institutional language throughout, matching Commission press release conventions for state aid decisions.

Narrative momentum: the text has outlined a new guarantee scheme's purpose, scope definitions, and EUR 3 billion cap, now completing the administrative details about validity period.

Final token ""until"" opens a temporal deadline phrase requiring a specific date or time boundary (e.g., ""30 December 2018"" or ""end of 2018""), completing the sentence about the scheme's expiration, consistent with the prior loan scheme's ""six-month"" clause.
""The new guarantee scheme covers NPLs originating before 31 December 2017. It is limited to EUR 3 billion and remains in place until"" mirrors the structured timeline — a closing date is immediately required",178,False
215,"Legal/procedural explanation genre: factual TAC (Victoria's Traffic Accident Commission) benefits framework, detailing entitlement conditions and formulas.

Sentence momentum: explaining consequences of the pre-existing earnings policy gap — financial hardship for injured workers between pre-approval and TAC payment acceptance; the sentence is mid-clause describing lost wage replacement.

Final token ""the"" is a definite article beginning a noun phrase, immediately requiring a specific noun referencing TAC weekly payments or statutory benefits — likely ""TAC weekly payments"" or ""TAC coverage/funding"" to complete ""rely on their own income rather than receive the [TAC weekly payments].""
""
It can therefore create significant financial hardship during this period where the Claimant must self rely rather than receive the"" demands the specific TAC benefit/payment noun completing the document's stated purpose or obligations.",181,False
216,"Financial self-deprecating rant pattern: informal UK blogger tone with puns (""home comforts""), complaints about poor UK stocks vs US dividends, tax grievances.

Narrative momentum building toward a consolation or pivot: after grievances about Oslo stock stagnation, ECT costs, GBP weakness, and vanishing dividends, a philosophical or humorous coping conclusion is expected.

Final fragment ""So as I am trying to look at the bright side of life"" is an incomplete transitional clause (""trying to cleverly say,"") signaling an ongoing sentence — next tokens likely continue with a rainbow metaphor, daily optimism, or humorous concession clause (""and despite everything..."" or ""when it comes to..."").</br>
""
As I am trying to look at the bright side of life"" ends mid-thought, demanding a continuation like a comma and elaborating clause.",181,False
217,"Science journalism explanatory register, describing industrial/technical processes with facts about Carbogen/Ceramic Technologies carbon-capture innovations.

Narrative momentum: the text has shifted to explaining steel manufacturing background (""blast furnace is where air blown into a shell of rock that burns""), setting up the key carbon-emission problem Carbogen aims to solve.

Final token ""burns"" is a verb beginning a descriptive clause about blast furnace operation, requiring direct object/complement explaining what is burned or what heat/process results (e.g., ""coal and coke to produce molten iron"").
""For example,"" ""most conventional steelmaking uses a blast furnace, where air is blown into a furnace that burns"" — mid-sentence explanation of furnace chemistry (oxidation, coke combustion) follows, completing the causal chain of how heat and carbon are produced.",177,False
218,"Economic/financial news encyclopedic register, presenting historical data on 1987 Black Monday crash in structured sentence-level facts.

Narrative momentum building toward the systemic risk panic theme—two quotes about investor fear and structural dangers already given, a third quote from Buss is mid-sentence explaining his primary concern shifted beyond stock markets.

Final token ""the"" opens a noun phrase completing Buss's quoted concern: ""I was more worried than about the market, but more worried about the [systemic/housing/credit crisis/real economy impact]""—a contrast clause signaling macro-level consequences like panic banking, frozen credit markets, or broader financial chaos.
""More than anything I was less worried about the market than the"" sets up the real object of worry: likely ""economic fallout,"" ""markets seizing up,"" or a major disaster metaphor.",187,False
219,"Analytical blog post tone sustained throughout, explaining golf equipment market dynamics; next content continues logical economic argument about declining demand.

The argument builds toward breaking demand down into segments: loyal core golfers vs. discretionary buyers, implying a mathematical or categorical distinction will follow to isolate the threatened market share.

Final token ""safely be"" is mid-clause (""These golfers play regularly regardless of other forces and thus their demand will continue to exist and so they can safely be""), requiring immediate completion like ""factored in"" or ""assumed as a stable floor"" — continuing the parenthetical breakdown of baseline demand calculation. ""The current market can be broken down this way: the US golf market has a solid core of committed regular golfers, their demand will always remain (core, main play use continues regardless which can, naturally, safely be""",182,False
220,"Translated Italian-to-English academic/trend-report prose, maintaining formal but awkward register (""Web are always increasingly marked increase,"" ""taken on a such importance"") throughout.

The text is enumerating new markets in global electronic commerce: internet marketing was described first, now ""mobile communications"" is the second example, establishing a continuation pattern of market categories with scope statistics.

Final token ""this"" closes a relative clause opener (""The operators of this type of commerce""), requiring a noun phrase referring to mobile devices/telephones (""mobile"") — ""Another item that is having more importance is the commerce afforded by mobile phones. The income generated by this"" demands the noun phrase completing the reference, likely ""technology"" or ""handheld devices sector,"" possibly with further elaboration on portable phones and their commerce potential.

""the revenues produced by this""",180,False
221,"Blog-style economic analysis with applied commentary, using UK data (CPI, unemployment, employment growth) to interpret Bank of England rate decisions.

The author is explaining a theoretical framework about coordinated vs. separate policy signals — having just introduced the Hutchins quote about linked mandates, now providing a concrete worked example.

Final token ""because"" completes a conditional clause mid-explanation (""rate setters consider inputs individually rather than together (ie don't change rates because""), requiring an injected noun phrase explaining the employment-growth rationale, e.g., ""unemployment isn't there yet"").
""The Finance Theory view is the better news – the idea before it was that...ET and unemployment were linked (so if you haven't hit unemployment targets, they trump everything, ie don't change rates because""",169,False
222,"News digest/aggregator format: three separate Reuters datelines covering global economic topics (gold, India growth, macro data), establishing a pattern of brief economic news snippets.

Indian economic/policy domain momentum: each snippet addresses economic issues relevant to Indian and global finance, signaling another economic data point or policy recommendation follows.

Final fragment ""The Finance Minister seems to favour a"" is an incomplete sentence beginning a new topic shift, requiring a specific policy noun or phrase related to a financial reform initiative — likely tax reform, demonetisation, inflation targeting, or GST (e.g., ""regulated rate of depreciation,"" ""contraction,"" or ""fiscal consolidation"").
""Indian government would prefer a"" frames a policy preference statement, completing with a specific mechanism or legislative proposal — next token likely a noun describing a financing approach, raise, or structural reform.
EU
<explanation>",188,False
223,"Instructional/financial article structure with informal English phrases (""flash cash loans,"" ""appear money"") signals continued explanation of personal loan benefits and features in translated or ESL content.

The text has begun enumerating reasons to choose personal loans, with ""fast processing"" already stated; further benefits/uses are expected, continuing the list-like elaboration pattern.

Final clause ""Personal loans can be literal lifesavers if you encounter unforeseen emergencies as"" is mid-sentence, requiring completion of a comparison or temporal clause (e.g., ""as they process quickly"" or ""as you can get money within hours/days"").
""of our home."" The last sentence lists specific scenarios; ""Personal financing loans are convenient when you have not planned anything in advance. Personal
credit loans are especially handy when you face an emergency situation as"" continues explaining emergency speed advantage.",183,False
224,"Financial commentary opinion/editorial genre, using colorful metaphors (""Get Ready for the Awful,"" ""Get Ready for the Knocks"") signaling bearish market warning.

Argumentative momentum: author is building a contrarian case for an imminent stock decline using multiple contradictory data points (Fed rate hikes, weak labor, botched oil price ascent), listing dangers ahead.

Final token ""down the"" begins a temporal/popular phrasal construction (""red flags screaming trouble for US equities down the""), almost certainly completing as ""the road"" or ""ahead"" to signal near-future stock collapse.
</br>""is a take off signal for all the technical traders out there who see major red flags signaling big trouble for Highbrow Wall Street stocks down the [road/summer/quarters ahead]""
""forward in time.""",178,False
225,"Machine-translated/garbled English text pattern (UK fast loan advertisements), with awkward phrasing like ""expired for installment"" and ""British Westminster citizens"" — continuation will maintain this corrupted register.

Bulleted eligibility requirements list structure is ongoing, with consistent dash-initiated criteria items covering age, residency, employment, and personal details.

Final token ""details"" ends a lettered sub-point list item (""- Be capable to provide bank card and checking account details""), strongly expecting continuation of financial transaction requirements or closing loan/terms information, likely adding account details or authorization.
""Be capable to
- Have 18 yrs or older
- Be a British resident
- Have evidence from employment and earnings
- Go on a valid e-mail target
- Be able to provide debit card and checking account details""",175,False
226,"Financial news boilerplate structure for stock analyst reports, following a highly formulaic template common on sites like Marketbeat.

The list of analyst ratings counts is incomplete — ""one equity research analyst has given it a hold rating, two have given it a buy rating, and one has assigned"" sets up a parallel third category (e.g., ""an overweight/buy/sell rating"").

Final token ""assigned"" is a verb completing a parallel list structure (""two analysts have issued a buy rating, three analysts have issued a buy rating, and one analyst has assigned""), requiring a noun phrase specifying a rating — e.g., ""a hold rating"" or similar labeled designation, likely completing the ratings breakdown.
</br>""ManyWallAStrategies reported that...""

""ManyWallAStrategies reported that..."" The template formatting constrains the next content to continue matching
standard financial boilerplate language.",191,False
227,"Quoted speech from a church leader continuing a realistic assessment of rural housing challenges in Washington Baptist Church context. The text alternates between optimistic possibilities and blunt economic realities.

Narrative momentum: explaining housing shortage problems in a small community of 2,300 — consequences of land prices and饱满的热情 vs. restrictive economics being elaborated with specific examples.

Final token ""law"" begins a compound noun or illustrative detail mid-sentence (""some homes have sat unsold in Suburban Heights for so long that some of their law___""), strongly suggesting ""lawn care crews,"" ""law enforcement,"" or a local ordinances detail, fitting the rural Pennsylvania community imagery metaphor.
</br>
""Many are doing without much housing…subdivisions in Edmund. It's so bad that some of their law"" — an interrupted country noun continues.",181,False
228,"Corporate news report structure (automotive industry): bullet-point summary followed by detailed elaboration, now transitioning to executive quote.

Narrative momentum toward impact/transformation timeline: content traces Volkswagen Group's shift to EVs, IPO, restructuring milestones in 2023 after ""three years"" of change.

Final token is mid-quote from CEO Herbert Diess, ""In 2021 and 2022, we took major steps"" — demands continuation of the direct quote referencing specific achievements, reforms accomplished, or forward-looking pledges, likely phrased about the foundation laid or ""next phase"" of transformation.
""said Herbert Diess: 'In the past two years, we took major steps"" requires direct quote continuation with closing punctuation and elaboration on those steps regarding EVs or transformation progress.",177,False
229,"Political/journalistic register with a critical NGO statement about UK housing policy, criticizing government inactivity on child poverty — formal advocacy language expected.

Direct quote initiated with opening quotation mark requires completion; quote attributes criticism to a named spokesperson, demanding argumentative continuation about the housing strategy's failings.

""after pointing out that previous Government pledged to halve child homelessness by 2030, but today's strategy"" — the phrase ""but today's strategy"" sets up an adversative conclusion, likely referencing the published document's shortcomings or inadequacy, possibly followed by a noun phrase like ""offers no clear roadmap"" or ""relies on voluntary measures.""
""Long awaited housing strategy to cut child homelessness. Despite promising bold action in their manifestos, today's strategy""
— referencing the specific document name/description. """,179,False
230,"News/publication genre: formal damage assessment report from SEMA, technical oil/gas domain terminology.

List completion momentum: the passage enumerates multiple offshore regions (Gulf of Mexico, Gulf of Mexico continental shelf, Gulf of Mexico deepwater) suggesting parallel closure instructions are being detailed for a specific storm or hazard event.

Final token ""of the"" mirrors the literal repeat of the preceding sentence's structure (""...closures will take effect in the morning of the [date]""), with immediate expectation of a named storm identifier — almost certainly a hurricane name like ""Idalia"" or ""Sally,"" referencing a Gulf storms occurring 2023.
""A tropical storm is moving northeast over the Gulf"" — contextualizes this as a named storm event report; likely a hurricane season storm over the Gulf. A hurricane name is expected.",178,False
231,"Blog-style argumentative essay analyzing journalism decline, proceeding through cited sources and blocks of quotations with commentary before each.

The text has introduced Fishkin's 1998 Prize luncheon speech as supporting evidence for journalism's crisis, priming the reader for extended, challenging quoted content.

Final token `""What does` opens a direct quotation mid-sentence from Fishkin's speech, functioning as a rhetorical or definitional question likely continuing with something like ""it mean for the Fourth Estate to be trustworthy?"" or a corrupt question about journalism's future/foundations.
</br>
`<br>`""The journalist must rethink the task at hand. Fishkin asks: ""What does` — a direct speech-excerpt question requiring its completing rhetorical phrase about journalism's core dilemma following the established crisis framing.",174,False
232,"Contrast structure: Nintendo's pricing announcement sets up Microsoft's contrasting reaction, creating a ""but"" pivot framing Microsoft's dismissive stance.

Business news/press report register: short declarative sentences reporting gaming market events (cost summary, bundle includes, pricing decisions) signal continued corporate commentary.

""it does not intend to adjust...to compete against this move. It believes"" — mid-sentence, requires a subordinate clause stating Microsoft's confidence or belief, likely referencing Xbox 360 dominance, its own audience or pricing strategy being unaffected by Wii's launch.
</br>""The Wii is set to take on most of the Nintendo user base, but Microsoft is not bothered at all by the move. It believes"" demands continuation with what Microsoft believes — likely that the price cut benefits their premium market or their US success absorbs competition.",180,False
233,"Structured financial/legal explanation following a Q&A format, covering definitions and operational mechanics of standby letters of credit (e.g., issuer, obligation, legal relationships between banks).

List or continuation of LC types expected: the article has described standby LC issuance mechanics and IDEAL security structure; now transitioning to types/classifications.

Final token ""of"" ends the partial phrase ""what are the other Types of Letters of,"" requiring the immediate completion ""Credit"" (mirroring the title's terminology), followed by specific LC types like documentary, commercial, or transferable LCs — specific credit types used in international trade.
""Electronic Letters of Credit"" follows a contrast/shift pattern expected here, referencing paper-based alternatives or the two most common types: ""Standby Letter of Credit"" and ""Multilateral"" — trade guarantee terminology.",176,False
234,"Formal institutional/advocacy document tone describing LMI tax credit equity issues for NC LiHTC administrators and developers in housing finance.

Structured explanation pattern: historical background → current statutory framework → funding/supply mechanisms, building a complete picture of the federal 90% Low-Income Housing Tax Credit program.

Final token ""tax"" begins the phrase ""annual competitively allocating allocations of Low-Income Housing Bonds to allocate the roughly $4 billion in tax"" — strongly expects ""credits"" next (completing the noun phrase referencing how credits generate value, mirror of ""credits"" used throughout). ""Overlooked Projects and latter allocate federally,"" ""Tax Credit Allocation Office (TCAO).
The Treasury Department each year allocates to accredited agencies the approximately $2 billion up for allocation of tax"" (the core instrument being discussed).",179,False
235,"Informal news summary/forecast register, presenting opposing expert views on real estate market trends with hedged language (""here,"" ""there"").

The text establishes a ""some say X, but Y"" contrast structure between optimistic (Vallette, bottom reached) and pessimistic outlooks, building toward a synthesized forecast.

""nationwide experts say... temporary bump but bottom almost there. Others say the decline will continue"" — mid-sentence conclusion requiring completion of what experts predict, likely a timeframe, scope, or consequence (""through the rest of"" or ""at least into 2010"").
</br>""We were told housing prices will bottom out this year but the economist says...""
"" a slight upturn this spring. "" "" The economists predict the decline will continue"" expects continuation of the contradictory forecast expression, likely time reference.",181,False
236,"Practical sustainability guide for small business offices, using listicle/advisory register with CSR framing throughout — actionable tips expected.

""While some issues seem simple, there are several easy steps..."" promises a structured list of actionable small office eco initiatives, with office renovations and paperless processes introduced as symptoms.

Final token ""your"" is mid-sentence within ""transitioning nearly all of your internal communications to digital programs can help you reduce your"" — immediately requires a noun phrase naming a consumable resource, likely ""paper usage,"" ""paper supply,"" or ""paper footprint/waste/bills.""
""Physical offices are resource intensive. For example, if you're constantly printing documents, transition over to digital document software to help reduce your"" also demands completing the consequences of paper/waste reduction.
""By doing so, you can reduce your ... paper consumption or material.""",185,False
237,"Domain/genre signals: Business introductory report on real estate industry, using formal promotional/educational prose with overlapping definitions and industry descriptions from multiple sources.

Narrative/argumentative momentum: Text is compiling market overview content about real estate — history, size, and definition, suggesting continued factual elaboration about industry scope, functions, or operations.

Final token: ""renting"" continues an incomplete list/enumeration mid-sentence (""A real estate business deals with handling land or buildings, selling properties of buildings, renting""), expecting continuation such as ""and leasing out properties"" or ""lease of spaces/facilities.""
""
The real estate industry is an important source of livelihood for many individuals. One of the most important industries is real estate in which the individual or organization is involved in buying and selling of property buildings, renting"" raises the dangling aspect.",184,False
238,"Structured business document listing export/import services, with bulleted lists and categorized sections about a Pakistani textile manufacturer's capabilities in Mississauga.

Enumerated list pattern: each section contains specific product/service categories, continuing a ""Product we will Contract Manufacture"" bullet list covering electrical, plastic, textile, and metal goods types.

Final token ""Medical"" is mid-list, part of a slash-separated product category sequence (""Aviation Parts, Industrial – Precision Machined Parts. Electronics / Medical""), requiring continuation of slash-separated or comma-separated product sectors, e.g., ""Devices"" or ""Guitar parts"" — likely ""Medical Devices/Equipment.""
</br>""
""Finished Product Assembly""
""Plastic Injection / Engineering Goods""
""Esco Printing Equipment / Finished Products – Electronics / Medical""",173,False
239,"Australian consumer finance/lifestyle article tone, establishing relatable Christmas spending pain points (""sell yourself out at the mall,"" ""wine fridge full"") before pivoting to advice.

Narrative momentum toward practical post-Christmas financial tips or budgeting strategies, consistent with budgeting article conventions.

""Here are five ways to help you get your"" is an incomplete idiomatic phrase requiring a noun completion like ""finances in order,"" ""back on track,"" or ""wallet sorted"" — the sentence promises resolving the financial struggle just mentioned, and ""the end of the year is a great time to hit the savings account, and here are some tips to help you get your"" implies financial control/organisation topic concluding the setup.
""
Spending can spiral… but here are some must-try ways to help you get your""",177,False
240,"Press release/news report genre from financial/professional services firm, expecting formal survey-based claims with attribution and statistics about corporate finance roles managing third-party indicators.

The text establishes a summary pattern around注册会计师 (CPAs) changing approaches to third-party risk management post-FinGate and Equifax, with findings presented from multiple Angell firm sources.

Final phrase ""the findings are based on surveys of approximately 400 finance professionals"" is mid-sentence, requiring completion — most immediately expects a geographic/organizational qualifier like ""at mid-sized to large enterprises"" or ""in finance/compliance roles"" to mirror the earlier repeated phrasing.
""CPAs. About 60 percent said data privacy costs are paramount. ""The survey, Angell Associates finds. To reach these conclusions, Angell surveyed more than 400 finance professionals"" demands closing methodological detail or survey population description.",191,False
241,"Financial investment analysis blog post following earnings report format, covering Stifel analyst coverage of Chemura Energy (CHMG).

Argument building toward investment thesis: undervaluation case established via peer comparisons, bad debt accusations dismissed, now presenting specific buy recommendation with price targets from Skyfall Capital's investor letter.

Final token ""share"" closes the range-bound target statement (""TWC valued CHMG at $42-$44 per share""), immediately expecting continuation of Skyfall Capital's case — likely a discount/premium implication or current price comparison (e.g., ""upside"" or ""representing X% upside""), then the author's own commentary on this valuation ceiling being generous.
""Meanwhile, they believe..."" begins a contrast clause possible.
""Skyfall Capital estimates an intrinsic value of $42-$44 per share"" sets up next expected number or percentage context about upside.",188,False
242,"Narrative/argumentative momentum: essay traces American consuption history, moving from stats to historical evolution to present retail phenomenon. More supporting details expected.

Repetition/continuation pattern: simplified expository essay style with factual claims and explanations, maintaining a casual semi-academic tone about consumerism culture.

Final token ""potential"" ends an incomplete noun phrase mid-sentence (""businesses have always tried to attract consumers. Competition has grown fierce, where businesses now devise ways of luring in potential""), requiring a noun like ""customers"" or ""buyers.""
</br></br>""
Shopping malls have turned area retail into a massive industry over the years. The entire retail industry is constantly evolving with new trends and technology. As fierce competition flourishes, bricks and mortar stores must come up with innovative tactics to lure in potential"" customers/shoppers/purchases completing the thought.",187,False
243,"Formal government/industry press release tone, establishing context for a signed agreement between Thai officials and Mazda Thailand.

The document has introduced a key official (Minister Surachate Prapmontri) and is now building toward the second party in the meeting/discussion, requiring the Japanese executive's name and title.

Final token ""Mr"" begins a name reference in an ongoing enumeration of meeting participants; immediately requires a Japanese-style name and likely a title, almost certainly the Mazda CEO or executive named in a parallel structure. ""
""The Thai government officials discussing about the strategic plan.
During signing, Ministry of Transport, through Mr. Arthit Butravech met with Mr"" expects a Japanese counterpoint executive name continuing the bilateral meeting narrative, referenced to Mazda Corporation's President or Senior Executive from Japan.",175,False
244,"Narrative momentum in an anecdote illustrating preference/constraint reasoning: a story told to argue intelligent agents act within available options, building to a punchline or lesson about the clerk/beer transaction.

Conversational dialogue exchange mid-scene: the father-figure is at the convenience store counter, noticing the unusually high price; the clerk has just stated ""$5"" — the young man's reaction/response is expected next.

Final token ""The"" opens a new sentence continuing the dialogue scene, likely introducing the clerk's defiant justification or the father's resigned acceptance, e.g., ""The clerk said..."" or ""The guy looked at him and said...""
</br>""'What are you??? Druglord or what?' Yeah, it's $5. The"" — completing the exchange with a direct quote or action from the clerk or a resolution showing the father accepting/fighting the price.
</br>",193,False
245,"Technical marketing/press release from a Spanish industrial company describing cost-benefit tradeoffs of thermoforming vs. injection moulding for low-volume plastics.

Narrative momentum building toward a contrast: the document has explained the technology enabling low-volume thermoforming, now pivoting to problems with traditional methods, specifically expensive custom moulds being economically viable only for high-volume production.

Final phrase ""large-scale parts used to be designed specifically for components whose lengthy production runs"" requires immediate completion, logically continuing with justification like ""could amortise mould costs"" or ""made high-volume production economically viable.""
</br>""Traditionally, moulding techniques involve the costly customisation of moulds, mainly for parts whose considerable product families were large-volume product groups representing parts whose lengthy production runs"" sets up a concluding economic qualifier about volume justifying costs.",175,False
246,"Journalism/factual reporting tone established, presenting a statistic about South Africa's mobile data decline in June 2019. Further explanation or elaboration is expected.

The sentence introduces a statistic mid-narrative, suggesting context will follow about implications or comparisons.

Final fragment ""the monthly report of the country's telecommunication department which gathered stats about telecom usage in June, and compared the telecom traffic numbers"" is mid-sentence, requiring completion — likely a comparison phrase specifying ""to"" what period or benchmark, e.g. ""for January through June."" ""See the surprising amount of growth… a fall of 14%
The telecommunications department in South Africa released its June monthly figures, which cover mobile data, voice calls and SMS. The report contained stats for the month of June, and compared the internet usage numbers""",179,False
247,"Russian news transcript format with translated speech from Governor Eskikhaleev about tourism/local economy potential in Arkhangelsk region.

Argumentative momentum: the speaker is building a case for tourism development in Remontnoye district, having listed failed industries (agriculture, mining); a solution/niche identifying the town's strengths is expected next.

Final phrase ""But we don't have some strong industry or agriculture. So we need another distinctive feature"" is mid-sentence, requiring completion—likely a noun phrase referencing tourism or ecology as the substitute economic identity/competitive advantage, followed by elaboration.
</br>""We remembered that our ancestors were low in Habarovka… We cannot stop it, which means we have no agriculture, no industry. But then we need another distinctive feature"" — grammatically demands continuation of this illustrative argument.",178,False
248,"Press release format for a charitable foundation donation, establishing impact narrative with specific dollar amounts, named recipients, and program details for affordable housing in North Dakota.

The text explains Neighborhood Partners' revolving loan fund mechanics — how affordability gaps require borrower assistance despite Federal Housing Administration loans — building toward concrete outcomes of the donation.

Final phrase ""The Foundation's grant will"" opens a forward-looking impact clause about what the $1 million enables Neighborhood Partners to accomplish, expected to speculate on number of loans funded, homes financed, or additional capital generated.
""
""Iowa Groves specializes in providing loans to low-income individuals to help them purchase subsidized housing homes. The average homebuyer cannot afford more than 32 percent of median housing costs. The Foundation's gift will"" continues into expected impact/projection statement about expanding the revolving fund's reach or enabling new lending activity.",183,False
249,"Academic/abstract register: formal Canadian child demographics paper addressing immigrant physician workforce integration challenges.

Argumentative momentum: problem established (skilled immigrant physicians face underemployment), now moving toward proposed solutions or specific recognition criteria — ""Need is for programmes that recognize international qualifications and support immigrant physicians by... retaining valued skills.""

Final phrase ""academic programmes that recognize and value educational qualifications and work experience"" signals an incomplete argument listing criteria — next tokens likely continue with a parallel clause extending to credential recognition or Canadian equivalency, or complete the thought with conjunctions like ""even when"" or ""of immigrant physicians.""
</br>""It is imperative that CPRM provides adequate mentoring support. Furthermore, immigrant programmes must succeed where universities and regulators develop evaluation processes that recognize and value prior education and work experience"" demands completion.",172,False
250,"Formal analytical/report tone with quantitative optimism established throughout, e.g., ""$2.5 billion,"" ""four-figure percent increases,"" setting up revised estimates.

The sentence structure is building a qualification/caveat about the $2.5B figure being conservative, implying the true figure is higher.

Final fragment ""This figure is a baseline, conservative estimate, and can be"" is mid-clause, requiring a verb phrase continuation — almost certainly something like ""multiplied"" or ""estimated higher"" quantifying upward revision potential, or a range.
"" Our estimations indicate that through 2015 mobile-first audience will spend around $2.5 billion USD on media. This baseline analysis points to the minimum that can be achieved in this sector, and can be"" — expects upward extrapolation language, e.g., ""trimmed upward significantly"" or ""just the floor.""",189,False
251,"Academic/encyclopedic register on ethical trade controversies, citing FT and scholarly definitions of ""sweated trade"" and corporate governance initiatives like the Ethical Trading Initiative.

The sentence describes the ETI as a调和 framing, implicitly acknowledging trade unions benefit while corporations co-opt the language — a critical argument building toward tension between worker rights and corporate interests.

Final fragment ""aligning trade unionism with corporate management... placing some emphasis on 'progressive' US companies, tends to reframe the issue in terms of 'partnership' and thus places trade unionism neatly alongside corporate clothing-brand directors, lining up unionists in good companies together with unions lining up with"" — requires completing the ironic contrast, naming corporate partners, wealthy retailers, or mainstream capitalism figures as aligned counterparts.
""effectively allies unions in with [them/rational business/corporate actors].""",187,False
252,"UK local government policy/news context, requiring bureaucratic parliamentary register about staffing reductions (council workforce cuts).

The second sentence introduces South Cambridgeshire Council's workforce reduction measures, establishing a factual contrast requiring specific details about how 300 jobs will be fulfilled/reduced.

""Achieved through"" is a prepositional phrase opening mid-sentence demanding completion with specific mechanisms — natural wastage, early retirement schemes, or reorganization rather than compulsory redundancies is highly expected next, consistent with typical council reduction language.
""
The article begins..."" signals a news report about workforce size reduction. ""The council has promised to reduce staff numbers which it says it hopes will be achieved through"" requires completion with methods like natural attrition, retiring unfilled posts, or voluntary redundancy — indirect/organic reductions being the usual mechanism for such cuts without headline layoffs.",184,False
253,"Press release format with quotes from Company Director and Executive Director already given; another quote or organizational statement is expected to complete the surface-level structure.

The partnership context between Healthy@Scale and Hartford Hospital demands continuation emphasizing Hartford Hospital's leadership role supporting underserved communities, reinforcing the grant's missions of equity and childhood literacy.

""By investing in state-of-the-art technology that improves health outcomes for patients and their families, Hartford"" — mid-sentence opens a quote (likely from Hartford Hospital leadership), and ""By taking this bold step to support... health equity issues, Hartford"" grammatically requires completing the hospital subject with a predicate, e.g., ""Hartford Hospital exemplifies..."" or ""is demonstrating partnership with Connecticut's Hospital.""
""As a company partner, it's exciting... Hartford Hospital is..."" continuing the closing sentiment",175,False
254,"Real estate buyer advice content in competitive Colorado market context (2023), establishing practical tips for winning bidding wars.

List continuation pattern: ""3 Ways to Make your Offer Competitive"" promises enumerated tips; first tip ""Get Pre-Approved"" is underway, with more tips expected after completion.

Final fragment ""A pre-approved buyer makes you more attractive to sellers"" opens a sentence mid-thought requiring completion — likely explaining seller motivations or the next logical step (e.g., ""who want certainty"" or ""and their agents"").
</br>
""
In a competitive housing market, here are tips to help you win:
Get Pre-Approved: Before you shop to find your dream home, get pre-approved for a loan. This will make you stand out to sellers"" — grammatical completion of appeal strategy, likely referencing sellers' preference or homes needing top offers.",189,False
255,"Agricultural commodity marketing newsletter/consultant voice, using specific futures data and local grain elevator prices to advise farmers in Manitoba on basis trade strategies.

Narrative momentum toward actionable selling recommendations: text has outlined market conditions, pricing gaps, and hedging opportunities, now delivering a specific sales call-to-action for farmers holding December and January crops.

Final phrase ""There is plenty of room for offers for firm"" is mid-sentence, requiring completion of a hedging/sale type noun phrase (e.g., ""firm sales,"" ""firm forward contracts,"" or ""below basis levels""). ""futures bids continue to extend. The printed basis is telling us it is almost December to sell. Consider December rye levels. ...Prices are available now for forward strategy executes. We need to look for opportunities for firm"" — implying cash-forward commitments were sold.",182,False
