idx,claim_id,claim,excerpt,replacement,anchored,p_entail,p_neutral,p_contra,S_x,p_entail_claim_fwd,p_contra_claim_fwd,p_entail_claim_bwd,p_contra_claim_bwd
0,0,The text is a biographical narrative about the Scottish rural painter JW Bell.,Biographical narrative about Scottish rural painter JW Bell,Cookbook chapter about Italian pastry chef JW Bell,True,0.0033002333,0.059936468,0.93676335,-0.9334631,0.0002027560694841668,0.9964991807937622,0.00024686113465577364,0.9960576295852661
0,1,The quoted sentence sets up a contrast/sacrifice structure in which Bell chose authenticity over fame.,sets up a contrast/sacrifice structure — Bell chose authenticity over fame,sets up a triumph/reward structure — Bell chose fame over authenticity,True,0.97729045,0.011681732,0.011027685,0.96626276,0.00013836199650540948,0.9991288781166077,0.00014388437557499856,0.9992030262947083
0,2,"The final token is ""would"", opening a conditional clause that requires completion.","Final token ""would"" opens a conditional clause requiring completion","Final token ""homeland"" closes a declarative clause needing no completion",True,0.94749904,0.029034197,0.023466734,0.92403233,0.00023169607447925955,0.9951620697975159,0.0011141137219965458,0.9331145286560059
0,3,The continuation is expected to be a negative consequence of the lifestyle change that was unacceptable to him.,continuation: a negative consequence of the lifestyle change being unacceptable to him personally.,continuation: a positive benefit of the lifestyle change being welcome to him personally.,True,0.003177759,0.99550146,0.0013208118,0.0018569472,0.00010737904813140631,0.9995265007019043,0.00013493219739757478,0.9994182586669922
1,0,The text is narrative journalism establishing a poignant discovery story.,Narrative journalism establishing a poignant discovery story,Technical documentation establishing a dry installation procedure,True,0.0021082542,0.99728835,0.0006034354,0.0015048189,0.00020461624080780894,0.9939255118370056,0.00011204167094547302,0.9971144199371338
1,1,The text contrasts a cheerful 1935 school photo with its Holocaust-era fate.,contrasting a cheerful 1935 school photo with its Holocaust-era fate,pairing a gloomy 1985 wedding photo with its happy present-day sequel,True,0.9635979,0.0028531065,0.033549033,0.9300489,0.00011506074224598706,0.9983104467391968,0.00018808113236445934,0.995591402053833
1,2,The sentence now demands a biographical continuation about her life at the school.,"now demanding a biographical continuation about her life there, friendships, or daily reality","now demanding a technical continuation about the camera model, lens, or film stock",True,0.0037368676,0.99546367,0.0007995194,0.002937348,0.0001092755701392889,0.9955596923828125,0.00020358555775601417,0.9927894473075867
1,3,"The final token is ""she"", ending an incomplete relative clause that requires a verb phrase.","Final token ""she"" ends an incomplete clause","Final token ""photograph"" ends a complete clause",True,0.99011433,0.002274246,0.00761147,0.9825029,0.0002810285077430308,0.9948339462280273,0.0005167408380657434,0.9887354969978333
2,0,The text has a historical/educational tone giving factual context about the Continental Army's log building program at Valley Forge.,Historical/educational tone establishing factual context about the Continental Army's log building program at Valley Forge,Comic/satirical tone establishing fictional context about a modern startup's office renovation in Silicon Valley,True,0.021866405,0.97535634,0.0027772877,0.019089118,0.00020307503291405737,0.9864391088485718,0.011930886656045914,0.6873485445976257
2,1,The text has introduced hundreds of crude log barracks called 'hutting' and shown a visual example.,"The text has introduced ""hundreds of crude log barracks called 'hutting'"" and shown a visual example","The text has introduced ""a dozen elegant stone mansions called 'villas'"" and shown no visual example",True,0.039005212,0.8731381,0.087856695,-0.048851483,5.181727829040028e-05,0.9994007349014282,5.938668255112134e-05,0.9990286827087402
2,2,"The final token ""most"" ends mid-sentence and requires a completion about the quality or outcome of the huts.","""Generally following workmen's recommendations, most"" ends mid-sentence, requiring completion describing the general quality, distribution, or outcome of the huts","""Generally following workmen's recommendations, few"" ends a sentence, requiring no completion describing the quality of the huts",True,0.4509792,0.4054412,0.14357965,0.30739957,0.0004223663127049804,0.9979426264762878,0.00023911966127343476,0.9935059547424316
2,3,The continuation is expected to be a contrast or qualification about the barracks' overall success.,expects a contrast or qualification continuing the historical narrative about the barracks' overall success or notable details,expects a recipe or shopping list abandoning the historical narrative about the barracks' overall failure or trivial details,True,0.0018756504,0.9965965,0.0015278739,0.00034777645,9.90615226328373e-05,0.9989810585975647,0.0007993674953468144,0.9972202777862549
3,0,The text is a British medical history narrative tracing the development of anesthesia.,"British medical history context, tracing anesthesia development from Morton to Bride's Club demonstration","Italian culinary blog context, tracing pasta recipes from Naples to a Sunday family dinner",True,0.028599532,0.27101377,0.70038664,-0.6717871,0.0031515539158135653,0.775691568851471,0.0015001744031906128,0.944724977016449
3,1,The talk description is satirical yet educational and continues detailing anesthesia history.,The satirical yet educational talk description continues detailing anesthesia history,The solemn and purely technical product manual abandons anesthesia history,True,0.0073196366,0.99153286,0.0011474399,0.006172197,4.020787309855223e-05,0.9996460676193237,5.7520457630744204e-05,0.9983502626419067
3,2,"The final token ""giving"" is part of a participial clause following a famous quote.","Final token ""giving"" completes ""giving"" as part of a participial clause following the famous telegram quote ""Well done""","Final token ""charm"" completes ""charm"" as part of a main clause preceding the obscure diary entry ""Bad day""",True,0.9941677,0.0026619376,0.0031704041,0.99099725,0.00026023114332929254,0.9941238760948181,0.0004228133475407958,0.9912245869636536
3,3,"The sentence requires a noun phrase next, likely ""birth to"".","requires a noun phrase next—likely ""birth to""","requires a finite verb next—likely ""was rejected""",True,0.990121,0.006122005,0.0037569536,0.98636407,0.0007468038820661604,0.9897974729537964,0.0005500551778823137,0.9906458854675293
4,0,The text has a historical documentary/catalogue tone with factual prose about Holocaust atrocities at Auschwitz.,"Historical documentary/catalogue tone establishes factual, educational prose about Holocaust atrocities at Auschwitz","Lighthearted travel/advertising tone establishes playful, promotional prose about beach resorts at Cancún",True,0.0086439075,0.98987365,0.0014824129,0.0071614943,0.0037022773176431656,0.6005316376686096,0.0022438946180045605,0.8487460017204285
4,1,The sentence introduces discovered hair bundles as physical evidence of suffering.,The sentence introduces discovered hair bundles and their physical evidence of suffering,The sentence introduces freshly baked bread loaves and their pleasant evidence of comfort,True,0.0015771661,0.9970974,0.0013255157,0.00025165046,0.00018527462088968605,0.9807353615760803,5.385568510973826e-05,0.9989230036735535
4,2,"The final token ""was"" ends a temporal clause that requires a historical event phrase.","""when Auschwitz was"" ends a temporal clause mid-construction, requiring a historical event/moment phrase","""when Auschwitz fell"" ends a complete temporal clause, requiring no further event/moment phrase",True,0.98994434,0.0044606966,0.005594967,0.98434937,0.0005606587510555983,0.9960315823554993,0.000902549596503377,0.9820634126663208
4,3,The completion almost certainly references the Soviet liberation of the camp in January 1945.,almost certainly referencing Soviet liberation or the camp's abandonment in January 1945,almost certainly referencing the camp's construction or expansion in spring 1940,True,0.0036613918,0.99556667,0.0007719795,0.0028894122,0.0005952123901806772,0.9571647047996521,0.01005830429494381,0.02612750045955181
5,0,The text is a historical narrative about European exploration in North America.,Historical autobiography/cartography narrative detailing European exploration in North America,Futuristic science-fiction/fantasy novel detailing alien colonization of Mars,True,0.76655436,0.15452302,0.07892264,0.6876317,0.0002964309533126652,0.9935124516487122,0.00013353762915357947,0.9987952709197998
5,1,The sentence about Spain advancing treaties with Indians has a geographic enumeration in progress.,"the sentence about Spain advancing treaties with Indians establishes a territorial/economic tollcast, with a geographic enumeration in progress","the sentence about France cancelling treaties with Britain establishes a romantic/personal confession, with a geographic enumeration already closed",True,0.96769106,0.005844715,0.026464172,0.9412269,4.9036734708352014e-05,0.9989346861839294,0.00014071768964640796,0.994541347026825
5,2,"The final token ""Cumberland"" ends a geographic list of rivers mid-sentence.","Final token ""Cumberland"" ends a geographic list mid-sentence","Final token ""design"" opens a personal anecdote mid-sentence",True,0.9476272,0.016304826,0.036068015,0.91155916,0.0002302183274878189,0.9868855476379395,9.067163773579523e-05,0.9964279532432556
5,3,"The text mirrors its own earlier phrasing ""Ohio, Wabash, and Cumberland rivers"".","The text mirrors its own earlier phrasing of ""Ohio, Wabash, and Cumberland rivers,""","The text contradicts its own earlier phrasing of ""Ohio, Wabash, and Cumberland rivers,""",True,0.018909685,0.9736779,0.007412374,0.011497311,0.00033515747054480016,0.999090313911438,0.0002800561487674713,0.9991673231124878
6,0,"The text is a genealogical/family history record about early colonial settlers of Taunton, Massachusetts.","Genealogical/family history record style, with biographical details about early colonial settlers of Taunton, Massachusetts, circa 1638","Sports/match report style, with tactical details about modern football players of Manchester, England, circa 2015",True,0.00071372546,0.01948229,0.9798039,-0.9790902,0.00046708277659490705,0.9931290149688721,0.012523442506790161,0.8336756825447083
6,1,"The text is listing descendants of John Wise and will continue with son names, dates, land grants or roles.","The text is listing descendants of John Wise, establishing a structure that will continue with son names, birth/death dates, land grants, or roles","The text is listing ingredients of a fish stew, establishing a structure that will continue with quantities, cooking times, temperatures, or utensils",True,0.042549368,0.74760586,0.20984478,-0.16729541,0.0002624690532684326,0.893539309501648,0.00044214242370799184,0.9346076250076294
6,2,"The final token ""Gabriel"" is mid-list and requires a second son's name next.","""Left two sons, Gabriel"" is mid-list, immediately requiring a second son's name","""Left two sons, Thomas"" is list-final, requiring no further son's name",True,0.03179608,0.95590943,0.012294444,0.019501634,8.182627061614767e-05,0.9992443323135376,7.533811003668234e-05,0.9986640214920044
6,3,"""Gabriel"" is the first of the two sons promised.","""Gabriel"" is the first of ""two sons"" promised.","""Gabriel"" is the last of ""five daughters"" promised.",True,0.0049493248,0.98940384,0.0056467885,-0.00069746375,7.689876656513661e-05,0.9996356964111328,0.00010548044519964606,0.9992652535438538
7,0,The text is in an official military press release format with structured announcements.,"Official military press release format (VTN bulletin), following structured announcements with precise dates, ranks, and program details about awards and staff appointments","Casual teenage diary format (private notebook), following rambling entries with vague feelings, crushes, and gossip about friends and weekend plans",True,0.21931204,0.7547114,0.025976563,0.19333547,5.711184712708928e-05,0.999032735824585,0.00029526452999562025,0.9954185485839844
7,1,Eric Young's experiences and heroic death at sea are being detailed chronologically.,his experiences and heroic death at sea are being detailed chronologically,his hobbies and peaceful retirement on land are being detailed randomly,True,0.26263848,0.69297457,0.04438699,0.2182515,7.26237558410503e-05,0.9971293807029724,0.00046435484546236694,0.9606972932815552
7,2,"The final token ""Spirit"" ends the military operation name ""Operation Eagle Spirit"".","Final token ""Spirit"" ends a historical military operation name (""Operation Eagle Spirit"")","Final token ""Fleet"" ends a modern civilian company name (""Pacific Shipping Fleet"")",True,0.11801554,0.14587213,0.73611236,-0.6180968,0.0001281955192098394,0.9950893521308899,0.0002689440443646163,0.9861212372779846
7,3,"The next tokens must complete the exercise context, likely with a date or an exercise description.","next tokens must complete this context, likely a date or additional exercise description","next tokens must abandon this context, likely a recipe or unrelated sports commentary",True,0.026459144,0.9721243,0.001416563,0.025042582,9.059078001882881e-05,0.9994357228279114,0.00011630255175987259,0.9992784857749939
8,0,The text is in a dictionary/lexicon format with numbered entries and biblical citation style.,"Dictionary/lexicon format with numbered entries, biblical citation style, and brief definitional explanations for genealogical terms","Poetry/verse format with unnumbered stanzas, romantic imagery, and long lyrical descriptions of seasonal landscapes",True,0.1098486,0.82365483,0.06649654,0.04335206,0.0005261600017547607,0.9738795757293701,0.0017732273554429412,0.9078530073165894
8,1,The entry lists Nethaneel's father as Jehoiada.,entry lists Nethaneel's father as Jehoiada,entry lists Nethaneel's mother as Miriam,True,0.0030987065,0.0031444319,0.9937569,-0.99065816,0.0018853232031688094,0.07527220994234085,0.0021039920393377542,0.07831819355487823
8,2,"The final token ""son"" is a mid-appositive fragment requiring a parent name next.","Final token ""son"" is mid-appositive fragment","Final token ""Levites"" is a sentence-final noun",True,0.9731024,0.014209729,0.012687859,0.9604145,0.002929347800090909,0.9702116250991821,0.0015150276012718678,0.9882171750068665
8,3,The biographical detail schema continues.,Biographical detail schema continues.,Biographical detail schema ends here.,True,0.05509616,0.9389605,0.0059433524,0.049152806,0.00027191382832825184,0.9989595413208008,0.0003979046014137566,0.9988275170326233
9,0,The text is encyclopedic/Wikipedia biographical prose about a mob figure.,Encyclopedic/Wikipedia biographical prose establishing facts about a mob figure,Whimsical/children's picture-book prose inventing tales about a talking rabbit,True,0.24341463,0.677712,0.07887336,0.16454127,0.00010798635776154697,0.9954110980033875,8.513648936059326e-05,0.9959409236907959
9,1,The subject is introduced as a notorious mob hitman.,introduces subject as notorious mob hitman,introduces subject as beloved parish priest,True,0.7790694,0.1207645,0.10016618,0.6789032,9.236106416210532e-05,0.9992577433586121,6.75870687700808e-05,0.9994687438011169
9,2,"The final ""He was"" clause requires a verb phrase continuation, most likely describing his death or arrest.","""He was"" — final clause requires a verb phrase continuation, most likely describing his death, arrest, murder trial, or classification/legacy","""He sang"" — final clause requires no continuation, having already described his wedding, honeymoon, or retirement/hobbies",True,0.96290135,0.024846688,0.012252049,0.9506493,8.179245196515694e-05,0.9988313317298889,0.00032837589969858527,0.9904133677482605
9,3,The biographical arc is expected to continue with criminal conviction and the circumstances of his death.,suggests biographical arc continuing with criminal conviction and murder circumstances or circumstances of death,suggests biographical arc concluding with charitable awards and wedding celebrations or details of retirement,True,0.01576077,0.97413266,0.010106594,0.0056541758,5.42641464562621e-05,0.998666524887085,0.00013247953029349446,0.9986528158187866
10,0,The text is a historical US diplomatic document series about Cambodia in 1970.,Historical US diplomatic document series referencing Cambodia 1970 events,Contemporary French cooking magazine series referencing Provence 2020 recipes,True,0.0034003085,0.053788435,0.9428113,-0.939411,0.0010051419958472252,0.978468120098114,0.00015459832502529025,0.996809184551239
10,1,The second entry describes a US foreign policy assessment of a new regime.,second entry describes US foreign policy assessment of a new regime,second entry describes a private family recipe for a new dessert,True,0.43248144,0.56186306,0.0056554824,0.42682594,0.00011613064270932227,0.9900364875793457,0.00010391800606157631,0.9921848177909851
10,2,"The final token ""Ahmed"" completes a proper name.","Final token ""Ahmed"" completes a proper name","Final token ""regime"" completes a common noun phrase",True,0.9801097,0.002354703,0.017535495,0.9625742,0.002794251311570406,0.93454909324646,0.003032348584383726,0.9564645290374756
10,3,Commentary on repercussions or government detail is expected next.,expecting commentary on repercussions or government detail,expecting a recipe with ingredient quantities or cooking times,True,0.0026660918,0.99669194,0.00064196956,0.0020241223,0.0003832897054962814,0.9849573373794556,0.00019268511096015573,0.992450475692749
11,0,"The text is an encyclopedic/historical description of the village of Akhuryan, Armenia.","Encyclopedic/historical register describing a specific village (Akhuryan, Armenia)","Casual/promotional register advertising a generic smartphone (Galaxy, Samsung)",True,0.035768207,0.057831194,0.9064006,-0.8706324,0.0006340123363770545,0.9862624406814575,0.0001512394956080243,0.9982774257659912
11,1,The narrative is building toward settlement history or evidence of human occupation in the Akhuryan region.,Narrative momentum building toward settlement history or human occupation evidence for the Akhuryan region.,Narrative momentum building toward weather forecasts or football results for the Akhuryan region.,True,0.79001063,0.20709532,0.0028940921,0.7871165,8.566756878281012e-05,0.9982465505599976,0.0014719066675752401,0.9867048859596252
11,2,"The final token ""man"" starts an incomplete compound phrase such as ""man-made"".","""man"" is the start of an incomplete compound phrase","""woman"" is the end of a complete simple sentence",True,0.8936172,0.08135263,0.025030177,0.868587,0.0023020391818135977,0.9789980053901672,0.0052002728916704655,0.9680401682853699
11,3,The completion should describe human activity or presence in the region.,requires completion describing human activity/presence or continuity,requires completion describing animal migration/absence or extinction,True,0.42171422,0.5747287,0.00355707,0.41815716,0.0003387295000720769,0.9940839409828186,0.000886394816916436,0.987357497215271
12,0,The text is a student-written historical essay on British political reform in the 1830s.,"Historical essay on British political reform (1830s Chartism), student-written GCSE/O-level essay","Fantasy novel on dragon warfare (medieval Westeros), professionally published bestseller",True,0.0014509172,0.9957,0.002849093,-0.0013981757,0.00670618237927556,0.6432325839996338,0.026688730344176292,0.5864486694335938
12,1,The paragraph is currently detailing the economic causes of reform.,"currently detailing ""economic reasons""","currently detailing ""religious reasons""",True,0.85963696,0.024745867,0.11561718,0.7440198,0.0003805833403021097,0.9953461289405823,0.0002491154882591218,0.9973313808441162
12,2,"The final token ""poor"" is mid-phrase and requires a noun such as ""harvests"".","Final token ""a series of poor"" is mid-phrase, requiring noun completion referencing agricultural/economic hardship","Final token ""a series of victories"" is phrase-final, requiring no completion referencing military/political triumph",True,0.7223403,0.12750064,0.15015912,0.57218117,0.00017901256796903908,0.9969502091407776,0.0001405608927598223,0.9973213076591492
12,3,A period of depression and rising unemployment contributed.,"""a period of depression"" and rising unemployment contributed.","""a period of prosperity"" and falling unemployment played no part.",True,0.010364992,0.98788154,0.001753438,0.008611553,0.00031926087103784084,0.9973764419555664,0.000280326756183058,0.9884809255599976
13,0,The text is an artifact description in museum/collection catalog style with structured data fields.,"Artifact description format following museum/collection catalog style, with structured data fields like ""Name,"" ""Type,"" ""Origin,"" ""Date"" repeating consistently","Personal love letter format following informal diary style, with rambling free-form paragraphs like ""Dearest,"" ""I miss you"" appearing sporadically",True,0.1538456,0.81445116,0.031703297,0.1221423,0.00789044238626957,0.31303539872169495,0.0006148051470518112,0.9470897912979126
13,1,"The closing date ""400 AD"" is strongly expected next.","the closing date ""400 AD"" is strongly expected next","the opening date ""100 BC"" is hardly expected next",True,0.019979093,0.96735865,0.012662333,0.00731676,0.00010704278975026682,0.9983444213867188,0.00013443479838315398,0.9957341551780701
13,2,"The final token ""to"" opens the end boundary of a date range.","Final token ""to"" opens the date range end boundary","Final token ""Oaxaca"" closes the place name field",True,0.9206973,0.039438423,0.039864365,0.8808329,0.0006595132872462273,0.9827821850776672,0.0004469097184482962,0.9765778183937073
13,3,"The continuation immediately requires ""400 AD"" or an equivalent, mirroring the earlier range.","immediately requires ""400 AD"" or equivalent, mirroring the earlier stated range","immediately requires a museum's street address, contradicting the earlier stated range",True,0.01686692,0.9745686,0.00856445,0.008302471,0.0001266903564101085,0.9988922476768494,9.037960990099236e-05,0.9990554451942444
14,0,"The text is a chronological career biography of Pete Franklin, from gospel origins to mainstream rock.","structured chronological career timeline of Pete Franklin, detailing gospel origins, bands, and moves to rock's mainstream","loose thematic recipe collection of Pete Franklin, detailing pastry origins, ovens, and moves to fine dining",True,0.0062346156,0.9763566,0.017408742,-0.011174126,9.93678331724368e-05,0.9981632828712463,6.903427856741473e-05,0.9991711378097534
14,1,"The text is mid-sentence describing collegiate Christian bands, including Franklin's early band ""Doorway Youth Choir"".","text is mid-sentence describing collegiate Christian bands, listing Franklin's early band ""Doorway Youth Choir"" with named members","text is sentence-final describing professional football clubs, listing Franklin's last team ""Boston Rovers"" with no named members",True,0.008101953,0.026656238,0.96524185,-0.9571399,9.476870036451146e-05,0.9937606453895569,0.00012236680777277797,0.995429277420044
14,2,"The final token ""toured"" begins a past-tense clause about the band's touring activity.","Final token ""The band toured"" begins a past-tense clause about Doorway Youth Choir's touring activity","Final token ""The band disbanded"" ends a present-tense clause about Doorway Youth Choir's breakup",True,0.96305037,0.02280413,0.014145586,0.94890475,0.0014036812353879213,0.9842034578323364,0.0008114917436614633,0.9927650094032288
14,3,"The continuation should immediately describe where, when or how they toured.",requiring immediate continuation describing where/when/how they toured,"requiring no immediate continuation, the clause being already complete",True,0.0027585307,0.9965971,0.00064442074,0.00211411,0.0001257770200027153,0.999468982219696,6.123735511209816e-05,0.9984667301177979
15,0,The text is a naval ship biography in a factual encyclopedic tone.,"Naval/military ship biography format — factual encyclopedic tone describing vessel construction, commissioning, and deployment history","Romantic/poetic love letter format — emotional confessional tone describing heartbreak, longing, and reunion hopes",True,0.035984028,0.94403666,0.019979293,0.016004736,0.007964231073856354,0.8681519031524658,0.02536834590137005,0.6206503510475159
15,1,The narrative now expects deployment/assignment details.,now deployment/assignment details expected,now crew recipes and menu details expected,True,0.010489876,0.9886191,0.0008910011,0.009598875,0.00024839609977789223,0.9963955283164978,0.0011154849780723453,0.9925772547721863
15,2,"The final phrase ""Stationed at Rota, Spain"" is mid-sentence or begins a new detail clause.","Final phrase ""Stationed at Rota, Spain"" is mid-sentence or begins a new detail clause","Final phrase ""Scrapped in Portsmouth, England"" is sentence-final and closes the whole entry",True,0.4117011,0.5077628,0.08053612,0.331165,0.00011146769975312054,0.9978360533714294,0.00015512258687522262,0.9982378482818604
15,3,"The sentence requires completion, likely a duration or a subsequent transfer.","The sentence requires completion, likely a duration or subsequent transfer.","The sentence is already complete, ending the ship's recorded history.",True,0.94792926,0.04877007,0.003300664,0.9446286,7.733484380878508e-05,0.9994309544563293,0.0004591823380906135,0.9917057752609253
16,0,The text is a personal blog narrative from a British geological society meeting.,Personal blog/journal narrative from a British geological society meeting,Corporate press release from an American software company launch,True,0.008589106,0.31901583,0.6723951,-0.663806,0.00014924815332051367,0.9967457056045532,5.939109541941434e-05,0.9991029500961304
16,1,The text has pivoted to introducing Darwin's connection to Devon geology.,The text has pivoted to introducing Darwin's connection to Devon geology,The text has pivoted to introducing Newton's connection to Cambridge mathematics,True,0.018542368,0.8360195,0.1454381,-0.12689574,0.00015472597442567348,0.9956856966018677,0.00010855495929718018,0.9967513084411621
16,2,"The final phrase ""but the time Darwin"" opens a subordinate clause mid-sentence.","Final phrase ""but the time Darwin"" opens a subordinate clause mid-sentence","Final phrase ""but the time Murchison"" closes a main clause at sentence end",True,0.93799955,0.040992063,0.02100838,0.9169912,0.00031221096287481487,0.9945895671844482,0.00025045135407708585,0.9929355978965759
16,3,A verb phrase about what Darwin did or studied in Devon is expected next.,expecting a verb phrase about what Darwin did in Devon or studied,expecting a noun phrase about what Murchison ate in London or drank,True,0.037678782,0.8753335,0.08698773,-0.049308944,0.00015359939425252378,0.9981359243392944,0.00021226874378044158,0.9974240064620972
17,0,The text is a historical biography recounting John White's early firearms excellence before a dramatic fall.,"text recounts early firearms excellence of John White, building toward a dramatic fall or turning point after success","text recounts late gardening failures of John White, building toward a quiet retirement or steady routine after decline",True,0.000871954,0.008699576,0.99042845,-0.9895565,0.00022109817655291408,0.9913371801376343,0.00021447916515171528,0.9941256046295166
17,1,The style is descriptive mid-20th century adventure/historical prose.,descriptive mid-20th century adventure/historical prose,terse 21st century legal/technical boilerplate,True,0.017368548,0.027836291,0.9547952,-0.9374266,0.00023657630663365126,0.992584764957428,0.0008340514614246786,0.9928414821624756
17,2,"The final token ""That is"" opens a clarifying or contrasting clause.","Final token ""That is"" opens a clarifying or contrasting clause","Final token ""Mountain"" closes a declarative summary sentence",True,0.37443355,0.46078604,0.16478038,0.20965317,0.0003796955570578575,0.9891529083251953,0.007780379615724087,0.9188193082809448
17,3,The continuation sets up an explicit contrast or complication next.,sets up an explicit contrast or complication next,sets up a smooth continuation of uninterrupted success next,True,0.02014393,0.97343653,0.006419551,0.013724379,5.4093838116386905e-05,0.9994285702705383,0.00014265667414292693,0.9984471201896667
18,0,The text is a factual news report about the SEA Games 2018 hosted by Indonesia.,"Factual news report pattern about SEA Games 2018, establishing Indonesia as host","Fictional fairy tale pattern about a dragon's wedding, establishing Norway as venue",True,0.01647902,0.044294365,0.93922657,-0.92274755,6.177077739266679e-05,0.9993263483047485,8.474990318063647e-05,0.9991944432258606
18,1,The narrative is completing a historical claim about Indonesia's hosting history.,Narrative momentum toward completing a historical/contextual claim about Indonesia's hosting history,Narrative momentum toward abandoning any historical/contextual claim about Indonesia's hosting history,True,0.9566811,0.03218113,0.011137804,0.9455433,0.00023805632372386754,0.9987943172454834,0.0003840081044472754,0.9984355568885803
18,2,"The final token ""Indonesia"" ends an incomplete sentence requiring a continuation such as ""hosted"".","Final token ""Indonesia"" ends an incomplete sentence","Final token ""Palembang"" ends a complete sentence",True,0.9702049,0.011317333,0.018477796,0.9517271,0.0002943962172139436,0.9963756203651428,0.0008988548652268946,0.9857140779495239
18,3,The continuation is expected to be host-country history or a significance reference about Jakarta.,expects host-country history or significance reference about Jakarta as host with local infrastructure,expects athlete injury updates or medal counts about Vietnam as runner-up with no infrastructure,True,0.0043666265,0.9949591,0.00067423715,0.0036923895,5.634831541101448e-05,0.9972954392433167,0.0004997060750611126,0.9942293167114258
19,0,The text is a travel guide blog with sequential historical site descriptions.,"Travel guide blog format: sequential historical site descriptions with consistent pattern of name, location, origins, occupants, and notable facts for each entry","Stock market newsletter format: daily price analyses with inconsistent pattern of ticker, volume, dividends, and analyst ratings for each entry",True,0.013366464,0.9762947,0.010338893,0.0030275704,0.0008202654425986111,0.9226623177528381,0.011090281419456005,0.638296902179718
19,1,The Aqueduct of Segovia entry lists impressive dimensions.,the Aqueduct of Segovia entry lists impressive dimensions,the Alhambra of Granada entry lists visiting hours,True,0.98837715,0.008813969,0.0028088724,0.9855683,0.0005914928042329848,0.5201884508132935,0.0006058189901523292,0.931425929069519
19,2,"The final token ""high"" ends a measurement clause mid-description.","Final token ""high"" ends a measurement clause mid-description","Final token ""Segovia"" opens a place-name clause at sentence start",True,0.9893996,0.002057141,0.008543281,0.98085636,0.0001519593788543716,0.9932816028594971,0.00014944943541195244,0.9922588467597961
19,3,A continuation such as a period or a closing detail about the construction is expected.,"immediately expecting continuation like ""."" or a closing detail/fact about the volume or construction method","immediately expecting a new heading like ""Toledo"" or an opening anecdote about the author's lunch or hotel",True,0.024371404,0.9742255,0.0014030861,0.022968318,0.0023521871771663427,0.9251492023468018,0.0011441363021731377,0.9886781573295593
20,0,The text is aggregated web-scraped index content with loosely related fragments.,typical web-scraped or index content with loosely related fragments,typical hand-written personal letter with one tightly focused story,True,0.08497925,0.013043131,0.90197766,-0.8169984,7.160240784287453e-05,0.9985879063606262,6.704086263198406e-05,0.9991672039031982
20,1,"The text cycles through varied historical, religious and institutional references.","The text is cycling through varied historical, religious, and institutional references","The text is dwelling on a single fictional, romantic, and domestic scene",True,0.39895266,0.021424312,0.57962304,-0.18067038,7.61045012040995e-05,0.9990191459655762,0.00013491181016433984,0.99149090051651
20,2,"The final phrase ""full text of"" is an incomplete bibliographic phrase demanding a book title next.","""electrical apparatus. full text of"" is an incomplete bibliographic/library phrase","""electrical apparatus. full text."" is a complete advertising/sales slogan",True,0.24918784,0.030467013,0.72034514,-0.4711573,0.0005705278599634767,0.9959036707878113,0.004049754235893488,0.9870789051055908
20,3,"""full text of"" strongly expects a following noun phrase, almost certainly a ""google books"" citation.","""full text of"" strongly expects a following noun phrase, almost certainly ""google books"" citation text","""full text of"" hardly expects any following words, almost certainly a paragraph break",True,0.19986248,0.021636095,0.7785014,-0.5786389,0.00016754485841374844,0.9991004467010498,0.00011704650387400761,0.9978443384170532
21,0,The text is a professional architectural/construction project narrative about an education facility.,Professional architectural/construction project narrative establishing credibility and challenges in education facility development,Amateur gardening/cooking diary entry recording failures and jokes in weekend hobby pursuits,True,0.9957468,0.001615533,0.0026376788,0.9931091,0.00010905266390182078,0.9974174499511719,0.0015975764254108071,0.9451090097427368
21,1,The sentence is mid-explanation of a phased construction strategy driven by funding constraints.,"The sentence is mid-explanation of a phased construction strategy, having established funding constraints forcing reduced initial scope","The sentence is the conclusion of a single-phase demolition plan, having established unlimited funding allowing expanded initial scope",True,0.9959812,0.0014741821,0.0025446722,0.9934365,4.945624459651299e-05,0.9996403455734253,0.0001416739687556401,0.9993461966514587
21,2,"The final token ""and"" is a conjunction mid-list requiring a parallel noun phrase.","Final token ""and"" is a conjunction mid-list","Final token ""building"" is a noun at list end",True,0.97921264,0.0061920877,0.014595222,0.96461743,0.00043726040166802704,0.987750232219696,0.0006565406802110374,0.9726366400718689
21,3,The continuation implies another named existing structure or converted space.,implies another named existing structure or converted space,implies a total project cost or a completion date,True,0.9733454,0.023330979,0.0033236102,0.9700218,0.0010474935406818986,0.9616647362709045,0.0063037932850420475,0.9301000833511353
22,0,The text is a chronological historical narrative about the Inquisition's development.,Historical chronological narrative with sequential facts about the Inquisition's development,Whimsical nonsense poem with random rhymes about a cat's breakfast,True,0.18451037,0.74414575,0.071343794,0.11316657,0.005715677514672279,0.6371976733207703,0.020888153463602066,0.14147178828716278
22,1,"Kings, popes and European powers all play roles in the text.","kings, popes, and European powers all play roles","farmers, sailors, and village children play no roles",True,0.76589906,0.20735033,0.026750635,0.73914844,0.00013367674546316266,0.9939946532249451,0.005313703790307045,0.10801303386688232
22,2,"The final token ""Pope"" is an incomplete noun phrase requiring a papal name such as ""Sixtus IV"".","""In 1478, Pope"" is an incomplete noun phrase mid-sentence requiring an immediate papal name (e.g., ""Sixtus IV"")","""In 1478, Spain"" is a complete prepositional phrase at sentence end requiring no name at all",True,0.11527657,0.8215571,0.06316635,0.052110218,8.050836913753301e-05,0.9986327290534973,0.0002370691654505208,0.9965972304344177
22,3,A verb clause describing papal action regarding the Inquisition is expected.,a verb clause describing papal action or approval/bin agreement regarding the Inquisition,an adjective describing royal wealth or fashion regarding the Spanish court,True,0.34768215,0.6410485,0.011269382,0.33641276,0.006634760182350874,0.7706276774406433,0.0020878249779343605,0.9656887650489807
23,0,The text is an organizational mission report for a veterans honor group presenting a ceremony itinerary.,"Organizational mission report for a veterans honor/volunteer group, presenting a formal civic corse Recovery ceremony itinerary with structured event details","Personal restaurant review for a teenage food/travel blog, presenting a casual weekend brunch outing with rambling tasting notes",True,0.10021977,0.89054084,0.009239332,0.09098044,0.015613695606589317,0.8718430399894714,0.033620890229940414,0.9158340692520142
23,1,"The document follows a field report/event itinerary format for a ""Virtual Mission"".","The document follows a field report/event itinerary format for a ""Virtual Mission,""","The document follows a poetry/song lyric format for a ""Summer Romance,""",True,0.01208113,0.984403,0.003515809,0.008565322,5.2808238251600415e-05,0.9988136291503906,5.8438694395590574e-05,0.9985625147819519
23,2,"The final fragment ending in ""mission"" signals an incomplete operational term phrase.","Final fragment ""you can attend either half of a mission"" signals an incomplete operational/brotherhood term phrase","Final fragment ""you can attend either half of a concert"" signals a complete musical/entertainment sentence",True,0.98120016,0.008913835,0.009886007,0.97131413,0.0008534716325812042,0.9866263270378113,0.0016334839165210724,0.9854110479354858
23,3,"The continuation is likely a proper name or code such as ""mission briefing"".","likely continuing with a proper name or code, e.g., ""mission briefing"" or a labeled ""Mission Code.""","likely continuing with a period or a new paragraph, e.g., ""."" or a plain ""Thank you.""",True,0.035812344,0.96017057,0.0040170527,0.031795293,0.0002475982764735818,0.9970826506614685,0.0029357103630900383,0.9780328273773193
24,0,The text is a historical narrative giving the biography of a political figure.,Historical narrative establishing biography of a political figure,Technical manual establishing specifications of a kitchen appliance,True,0.98850155,0.0038472633,0.0076511963,0.98085034,0.0013672438217326999,0.9111886620521545,0.004981041420251131,0.10852034389972687
24,1,The text has built a picture of Taney's 1864 defeat.,The text has built a picture of Taney's 1864 defeat,The text has built a picture of Taney's 1864 triumph,True,0.019536855,0.71893525,0.26152787,-0.24199101,0.0004089311114512384,0.9988180994987488,0.0005238020094111562,0.9983388185501099
24,2,A pivot to redemption is expected.,A pivot to redemption is expected.,A descent into ruin is expected.,True,0.00075214653,0.99882764,0.00042027113,0.0003318754,0.00010821499017765746,0.9994688630104065,9.42767146625556e-05,0.9983032941818237
24,3,"The final fragment ends with ""and"", mid-phrase, and requires a noun.","Final fragment ""In the midst of this personal and"" is mid-phrase, requiring a noun","Final fragment ""In the midst of this personal crisis"" is sentence-final, requiring a period",True,0.9848455,0.009971303,0.0051831584,0.97966236,0.0011274026473984122,0.9799432158470154,0.001715829479508102,0.9934908151626587
25,0,The text has a historical/literary essay tone signaling a pivot to a specific subject.,Historical/literary essay tone signals a pivot,Casual advertising jingle tone signals a repetition,True,0.627598,0.35846868,0.013933314,0.6136647,0.00015148027159739286,0.9940252900123596,0.00012492970563471317,0.9966213703155518
25,1,"The ""circle"" metaphor sets up the next subject as an insider of the decision-making group.",sets up the next subject as an insider or named member of that excluded decision-making group,sets up the next subject as an outsider or anonymous stranger to that open decision-making group,True,0.44048867,0.54075307,0.018758269,0.4217304,0.0001275138492928818,0.9995113611221313,0.00014503547572530806,0.999358594417572
25,2,"The final phrase ends with ""that"" and is incomplete.","Final phrase ""He的选择 was one of those in that"" is incomplete","Final phrase ""He的选择 was one of those in Paris"" is complete",True,0.9789975,0.0074674427,0.013535003,0.9654625,0.00040635265759192407,0.9905836582183838,0.0008981762803159654,0.9965804219245911
25,3,"""Circle"" completes the direct callback to the opening quote.","""Circle"" completes the direct callback","""Circle"" breaks the direct callback",True,0.0019132856,0.9969308,0.0011559421,0.0007573435,0.0006053884862922132,0.9985639452934265,0.00040585602982901037,0.999082088470459
26,0,The text is an encyclopedic reference describing Irish heritage sites.,Encyclopedic/reference register describing Irish heritage sites,Chatty/gossip register describing Hollywood celebrity feuds,True,0.0055961064,0.9747951,0.019608777,-0.01401267,6.831481005065143e-05,0.9984610080718994,0.00010506210674066097,0.9991976618766785
26,1,"The text has described the promontory, coastline, and bullaun.","the text has described the promontory, coastline, and bullaun","the text has described the menu, wine list, and dessert",True,0.98618823,0.0053706914,0.008441036,0.9777472,0.00020763545762747526,0.9910171031951904,0.00039837544318288565,0.9883588552474976
26,2,"The final fragment ends with ""the"" and demands a geographical landmark or body of water.","Final fragment ""near a small hill of Kilcurry, beside a rock outcrop by the"" demands a specific geographical landmark or body of water to follow","Final fragment ""near a small hill of Kilcurry, beside a rock outcrop by nightfall"" demands a specific verb or action to follow",True,0.9800576,0.0041243494,0.015817968,0.96423966,0.014270486310124397,0.029238278046250343,0.024762054905295372,0.7007042169570923
27,0,The text is a genealogical/heraldic archival document continuing a formal royal charter transcript.,Genealogical/heraldic archival document pattern signals continuation of formal royal charter transcript language,Teenage/diary journal entry pattern signals continuation of casual text-message slang language,True,0.4838711,0.46036232,0.055766538,0.42810458,7.92275823187083e-05,0.9982218146324158,0.00018035253742709756,0.9965961575508118
27,1,The royal decree follows a rigid Legal English formula.,The royal decree follows a rigid Legal English formula,The royal decree abandons the rigid Legal English formula,True,0.008604546,0.98970604,0.0016893792,0.006915167,0.00011451751925051212,0.99943608045578,0.00045276578748598695,0.9990836381912231
27,2,"The final token ""Authority"" is a mid-sentence continuation of the legal grant formula.","Final token ""Authority"" is mid-sentence continuation of the formal 17th-century legal grant formula","Final token ""recipe"" is sentence-final conclusion of the informal 21st-century cooking blog entry",True,0.976253,0.012954668,0.010792365,0.9654606,7.527354318881407e-05,0.9978081583976746,0.00012093713303329423,0.9953959584236145
27,3,The next clause is expected to specify the purpose/outcome of the grant.,strongly implies the next clause specifying the purpose/outcome,strongly implies the next clause listing the witnesses/signatures,True,0.010178038,0.98919594,0.0006260394,0.009551998,0.0006839202251285315,0.07858859747648239,0.03681296110153198,0.04924784228205681
28,0,The text is a journalistic historical excerpt about Einstein and the Einstein Tower.,Journalistic historical excerpt establishing context about Einstein and Einstein Tower,Fictional fantasy excerpt establishing context about dragons and Dragon Tower,True,0.00025314657,0.01168571,0.9880612,-0.98780805,0.00021603616187348962,0.9974385499954224,0.0004624384455382824,0.9948443174362183
28,1,The text transitions from historical narrative to an advocacy point.,The text transitions from historical narrative about Einstein to an advocacy point,The text remains within historical narrative about Einstein without any advocacy point,True,0.79093504,0.19764987,0.011415072,0.77952,7.015995652182028e-05,0.9997202754020691,0.0001845611841417849,0.9981752634048462
28,2,"""Read More"" signals a headline/article-continuation format.","with ""Read More"" signaling a headline/article-continuation format","with ""The End"" signaling a closing/story-completion format",True,0.0502669,0.9470207,0.0027124498,0.04755445,0.014169296249747276,0.9432388544082642,0.00048453471390530467,0.9965906143188477
28,3,"The final token ""Jewish World"" is an incomplete source publication credit line.","Final token ""Jewish World"" is the source publication credit line","Final token ""Jewish Recipes"" is the article headline",True,0.0452342,0.94198203,0.012783835,0.032450363,0.000448007311206311,0.9905161261558533,0.0005964054143987596,0.9934006929397583
29,0,The text is a historical ship photo caption about a WWII vessel.,"Historical ship photo caption format, expecting factual details about WWII vessel USS Alligator","Romantic poem stanza format, expecting lyrical details about a summer garden",True,0.983872,0.009845394,0.006282606,0.97758937,0.0001926550321513787,0.992295503616333,0.012531215324997902,0.24407146871089935
29,1,The sentence is building toward the citation of a specific event.,The sentence structure is building toward a completion of a specific event citation,The sentence structure is drifting away from any completion of a specific event citation,True,0.9856779,0.011078967,0.00324311,0.9824348,0.00010387857037130743,0.9995872378349304,0.00020056142238900065,0.99928218126297
29,2,"The final token ""on"" is a preposition beginning a temporal or locative phrase.","Final token ""on"" is a preposition beginning a temporal or locative phrase","Final token ""sank"" is a verb ending a main clause",True,0.95269144,0.020986123,0.026322495,0.92636895,0.0017993856454268098,0.8790585398674011,0.009218625724315643,0.6029835939407349
29,3,The date of the engagement is likely May 1942.,likely May 1942 given USS Alligator history,likely June 1944 given USS Alligator history,True,0.008157015,0.06363728,0.9282056,-0.9200486,0.0004214688087813556,0.9958220720291138,0.0001697544357739389,0.9985309839248657
30,0,The text is an encyclopedia entry in a scholarly reference tone.,Encyclopedia/dictionary entry format (Britannica-style) with defined subject headings and cross-references,Tabloid/gossip column format (Daily-Mail-style) with sensational headlines and celebrity photos,True,0.0013922681,0.9954548,0.003152882,-0.0017606139,0.00010225452570011839,0.9955581426620483,0.00012716332275886089,0.9987125396728516
30,1,The text now transitions to archaeological/ethnographic evidence about settlement patterns.,text now transitions to archaeological/ethnographic evidence about settlement patterns,text now returns to culinary/botanical evidence about maize recipes,True,0.014686361,0.9843656,0.0009480812,0.01373828,0.0001488556299591437,0.9729939699172974,0.00011678737791953608,0.9975817203521729
30,2,"The final fragment ends with ""New York"" and requires geographic regional completion.","""Archaeological sites in New York"" is a mid-sentence fragment requiring geographic regional completion","""Archaeological sites in Peru"" is a sentence-final phrase requiring no regional completion",True,0.8031031,0.17039147,0.026505448,0.7765976,0.00012711503950413316,0.9983333945274353,0.00043420010479167104,0.9923990368843079
30,3,The description of two Late Woodland dressing types is complete.,Sequential bipolar description of two Late Woodland dressing types is complete,Sequential bipolar description of two Late Woodland dressing types is only beginning,True,0.004003346,0.9901661,0.005830525,-0.001827179,0.00035370394471101463,0.9982637763023376,0.000363156694220379,0.9972962737083435
31,0,"The text is a student essay with simple, repetitive sentence structure.","Student essay/explanatory style with simple, repetitive sentence structure","Legal contract/statutory style with elaborate, varied sentence structure",True,0.035303287,0.9551111,0.00958563,0.025717657,0.00011686457582982257,0.9962933659553528,4.977671051165089e-05,0.998288094997406
31,1,The text introduces media reactions and interruptions of daily life during the assassination.,introducing media reactions and interruptions of daily life during the assassination,introducing weather reports and holiday menus during the coronation,True,0.7412199,0.21824998,0.0405302,0.7006897,0.0001323172909906134,0.9993798732757568,0.00021983779151923954,0.9992547631263733
31,2,"The final fragment ends with ""was"" and requires a past-tense predicate continuation.","""was on the Vようで TV showing a regular western show and then it was"" is mid-construction requiring a past-tense predicate continuation","""was on the Vようで TV showing a regular western show and then it ended"" is a complete sentence requiring no predicate continuation",True,0.99253863,0.0019923772,0.0054689907,0.98706967,0.00043980509508401155,0.9973869919776917,0.0006743826670572162,0.9932321310043335
31,3,The fragment grammatically demands a passive verb phrase.,grammatically demands a passive verb phrase to complete the broken narrative,grammatically demands an active noun phrase to begin the next narrative,True,0.98966545,0.0031314855,0.0072031277,0.98246235,0.0002556412946432829,0.9958515167236328,0.0001311687519773841,0.9965270161628723
32,0,The text is a blog post reviewing visually driven cinema with a rhetorical Q&A structure.,The blog post reviews visually driven cinema types with rhetorical Q&A structure,The blog post reviews budget kitchen appliances with a numbered ranking structure,True,0.00013360092,0.0005975895,0.9992687,-0.99913514,6.212013977346942e-05,0.9971574544906616,7.527852721977979e-05,0.9978741407394409
32,1,The historical narrative of the Triangle Shirtwaist Fire is being recounted.,The historical narrative of the Triangle Shirtwaist Fire is being recounted,The fictional plot of the Titanic romance film is being summarized,True,0.942649,0.020764906,0.03658618,0.90606284,0.00010929414565907791,0.9957289099693298,0.00013314644456841052,0.9978164434432983
32,2,"The final token ""doors"" ends a subordinate clause.","Final token ""doors"" ends a subordinate clause","Final token ""escaped"" opens a main clause",True,0.92616,0.042210463,0.03162962,0.89453036,0.0005172149394638836,0.9819412231445312,0.0013385487254709005,0.9778301119804382
32,3,"The clause immediately expects a continuation that the doors were locked, sealed or barred.",immediately expects were locked/sealed or barred,immediately expects were opened/unlocked or removed,True,0.015537123,0.98116446,0.0032983674,0.012238756,0.0008356845937669277,0.9947856068611145,0.0010392036056146026,0.9959419369697571
33,0,The text is a personal memoir about routines during Florida winter visits.,"Personal anecdote/memoir tone established, signaling autobiographical narrative about tradeoffs and routines during Florida winter visits","Corporate press-release tone established, signaling promotional copy about quarterly earnings and product launches",True,0.00012405837,0.00049354375,0.9993824,-0.99925834,0.0004832740523852408,0.9615357518196106,0.00017703480261843652,0.9782629609107971
33,1,The author contrasts their usual active outings with specific Florida experiences.,The author is contrasting their usual active outings with specific Florida experiences,The author is comparing their usual sedentary evenings with typical Alaska experiences,True,0.72762954,0.25355804,0.018812444,0.7088171,0.00010693753574742004,0.9993126392364502,0.00010028104588855058,0.9994975328445435
33,2,"The final fragment ends with ""of"" and requires a noun phrase completing a partitive expression.","Final fragment ""especially in recent years, I have spent many of"" requires a noun phrase","Final fragment ""especially in recent years, I have spent many hours"" requires a verb phrase",True,0.9716551,0.0060667857,0.022278236,0.9493768,0.006072332616895437,0.7326818704605103,0.005464771296828985,0.9763968586921692
33,3,The text is building toward a new detail about books/readings in 2015-2016.,building toward a new detail about books/readings in 2015-2016,building toward a new detail about fishing/boating in 1998-1999,True,0.006540433,0.99176663,0.0016928965,0.004847537,0.00030803444678895175,0.9947927594184875,0.00035874289460480213,0.9909645318984985
34,0,The text is an archival/curatorial description in a formal institutional voice.,Archival/curatorial description pattern: formal institutional voice describing a video collection organization's holdings and scope,Fan-forum/comment-thread pattern: casual personal voice complaining about a video game's bugs and glitches,True,0.94613385,0.03956986,0.014296306,0.93183756,0.00013335769472178072,0.9916222095489502,0.008385442197322845,0.8338941931724548
34,1,The sentence establishes a list of source types from Detroit-area institutions.,The sentence structure establishes a list of source types,The sentence structure abandons any list of source types,True,0.99176556,0.0027052376,0.0055291476,0.9862364,7.871747220633551e-05,0.999573290348053,0.0003946702927350998,0.9984788298606873
34,2,"The final phrase ends with ""to"", an incomplete prepositional phrase requiring a topic.","Final phrase ""material documenting related to"" is an incomplete prepositional phrase requiring a specific geographic, historical, or cultural topic","Final phrase ""material documenting related events"" is a complete noun phrase requiring no further topic",True,0.8101565,0.07375458,0.11608893,0.6940676,0.00041731330566108227,0.9976264834403992,0.0004242640861775726,0.9926848411560059
34,3,The title suggests the collection documents Detroit neighborhoods or media history.,strongly suggest the collection documents Detroit neighborhoods or the act of video-making/media history itself,strongly suggest the collection documents Parisian cuisine or the act of wine-tasting/gastronomy itself,True,0.010793083,0.9858991,0.0033078168,0.007485267,0.00020276290888432413,0.9965327978134155,0.0001303877361351624,0.9983627200126648
35,0,The text is a formal academic event listing with a structured biography.,Biographical/CV coordination pattern: formal academic event listing with structured biography,Recipe/menu coordination pattern: casual dinner-party invitation with a rambling shopping list,True,0.9794232,0.0043703993,0.01620632,0.9632169,0.00013240943371783942,0.9961769580841064,0.0002541356661822647,0.9977508187294006
35,1,The biography has listed Alan Taylor's positions and published books.,"the biography has listed positions (UNSW, UVA, Tulane), published books","the biography has omitted positions (UNSW, UVA, Tulane), published books",True,0.006743325,0.98913854,0.0041180886,0.0026252363,0.0015449076890945435,0.9959670305252075,0.0013782494934275746,0.9970477223396301
35,2,The final clause expects named publications or outlets.,expects named publications/outlets like journals or major magazines,expects named cities/countries like capitals or major ports,True,0.95265496,0.018884743,0.028460314,0.92419463,0.004096868447959423,0.9735273718833923,0.007641459349542856,0.9550021290779114
35,3,"The final token ""to"" is a preposition opening a prepositional phrase.","Final token ""to"" is a preposition opening a prepositional phrase","Final token ""wrote"" is a verb closing a main clause",True,0.98113453,0.008414198,0.010451206,0.97068334,0.0019081973005086184,0.9731457829475403,0.004543345421552658,0.8725989460945129
36,0,The text has an institutional mission-statement tone for a cultural/archival radio series.,Institutional mission statement tone for a cultural/archival radio program series,Sarcastic stand-up comedy tone for a late-night sports podcast series,True,0.97675884,0.019938214,0.003302853,0.97345597,0.0001488357811467722,0.9959349632263184,0.003206317313015461,0.9612630605697632
36,1,The description of episode 1 sets up a pattern of introducing archived content.,sets up a pattern of introducing archived content from the Urban Indian History Collection,sets up a pattern of advertising new merchandise from the museum gift shop,True,0.21290031,0.78486484,0.0022348708,0.21066543,0.00027866079472005367,0.9523748159408569,0.00040601668297313154,0.9462863206863403
36,2,"The final phrase ends with ""with"", mid-sentence, requiring a noun phrase or prepositional complement.","Final phrase ""first step to making these rich stories accessible to the public with"" is mid-sentence, requiring a noun phrase or prepositional complement","Final phrase ""first step to making these rich stories accessible to the public online"" is sentence-final, requiring no complement",True,0.81044585,0.11969979,0.06985437,0.74059147,0.00037269009044393897,0.9939270615577698,0.0005643901531584561,0.996802806854248
36,3,"The continuation likely mentions subtitles, translations, online platforms, or multimedia formats.","likely mentioning subtitles, translations, online platforms, or multimedia formats","likely mentioning budgets, deadlines, staff cuts, or funding shortfalls",True,0.0015082523,0.998315,0.00017682354,0.0013314288,0.0014529427280649543,0.9440257549285889,0.008481735363602638,0.1513366550207138
37,0,The text is an automotive history establishing Jaguar performance claims.,Automotive history/factual tone establishing bold Jaguar performance claims,Gardening advice/how-to tone establishing modest tomato yield claims,True,0.31288746,0.67117316,0.015939381,0.29694808,0.0003658974601421505,0.9873144030570984,0.0031298163812607527,0.8152332901954651
37,1,The narrative moves toward citing a historic racing achievement or landmark location.,Narrative momentum toward citing a historic racing achievement or landmark location,Narrative momentum toward listing a routine maintenance schedule or insurance cost,True,0.9966276,0.002477641,0.00089471706,0.9957329,0.000122637880849652,0.9937450289726257,0.0002363783132750541,0.9782871603965759
37,2,"The final token ""legendary"" is an adjective requiring a specific proper noun next.","""legendary"" is an adjective requiring a specific proper noun immediately after","""lap"" is a noun requiring a finite verb immediately after",True,0.9424302,0.031043079,0.026526636,0.91590357,0.006410815287381411,0.9221763014793396,0.005407233256846666,0.9567277431488037
37,3,"The likely circuit is Le Mans, Nürburgring, Sebring, or Daytona.","likely Le Mans, Nürburgring, Sebring, or Daytona","likely Paris, Berlin, Rome, or Madrid",True,0.0008421631,0.9985891,0.0005687242,0.00027343893,0.0002913515781983733,0.9938050508499146,0.0003467165515758097,0.9939528107643127
38,0,The text is an event programming notice for a historical commemorative gathering.,Event programming notice establishing a historical commemorative gathering,Weather forecast bulletin establishing a week of heavy rainfall,True,0.99153227,0.0027364825,0.0057312357,0.98580104,0.0006088778027333319,0.8556908965110779,0.02091444656252861,0.19580800831317902
38,1,The parallel list sets up a third presentation topic.,sets up a third parallel presentation topic,closes the list after a second presentation topic,True,0.008000931,0.9902103,0.0017887392,0.0062121917,0.004702096339315176,0.6770431399345398,0.0013685410376638174,0.22155243158340454
38,2,"The final token ""and"" continues the enumerated list.","Final token ""and"" continues the enumerated list","Final token ""river"" terminates the enumerated list",True,0.41294247,0.560033,0.02702455,0.38591793,0.0002347975387237966,0.9986826777458191,0.0002376011834712699,0.9988337159156799
38,3,Multiple groups and themes are named.,"Multiple groups and themes named (Seneca Legion, Civil War, San Antonio立交桥 Regatta).",A single group and theme named (Seneca Legion).,True,0.97405577,0.017359236,0.008585057,0.96547073,0.00026673925458453596,0.9992769360542297,0.0002855435013771057,0.9970911741256714
39,0,The text is a historical biographical entry in an encyclopedic style.,Historical biographical entry style (encyclopedic British Museum format),Casual cooking blog style (chatty Instagram-caption format),True,0.07027801,0.8946247,0.03509726,0.03518075,3.424641545279883e-05,0.9993215799331665,7.478593761334196e-05,0.9991195797920227
39,1,The entry notes her holiness and final retirement.,the entry notes her holiness and final retirement,the entry notes her cruelty and continued rule,True,0.04597957,0.95353836,0.00048207087,0.0454975,9.738602966535836e-05,0.9995005130767822,8.265452197520062e-05,0.9995496869087219
39,2,"The final fragment ends with ""a"" and requires a religious/monastic institution name.","""In her old age she retired to a"" is an incomplete noun phrase requiring a specific religious/monastic institution name","""In her old age she retired to Rome"" is a complete clause requiring no institution name",True,0.9796467,0.012673786,0.007679536,0.97196716,0.000372541748220101,0.9974199533462524,0.0005212382529862225,0.995394766330719
39,3,"The ""religious life"" phrasing signals her entering a monastery or convent.",signals her entering a monastery or convent,signals her leading an army or fleet,True,0.12896588,0.8661767,0.004857361,0.12410852,0.000140983538585715,0.9983682036399841,0.00011966535384999588,0.9984865188598633
40,0,The text is a local newspaper editorial commemorating November 11.,Local newspaper editorial commemorating November 11 remembrance day,National sports column previewing the Super Bowl weekend,True,0.4471058,0.18551888,0.36737537,0.07973042,5.237283039605245e-05,0.9983475208282471,0.00013690919149667025,0.9963919520378113
40,1,The text signals a concluding reframing of the holiday's meaning for readers.,signaling a concluding reframing of the holiday's meaning for readers,signaling an opening summary of the weather forecast for readers,True,0.98983204,0.0030475324,0.007120407,0.9827116,9.134889842243865e-05,0.996058464050293,0.0002665132051333785,0.9945375323295593
40,2,"The final fragment ""November 11 is not"" opens a contrastive or definitional clause.","""November 11 is not"" opens a contrastive or definitional clause","""November 11 is celebrated"" closes a simple declarative clause",True,0.99132395,0.0048440555,0.003831963,0.98749197,0.0006434607785195112,0.9873684048652649,0.0018291287124156952,0.9833342432975769
40,3,The argumentative momentum builds toward expanding the significance of the date.,argumentative momentum builds toward expanding the significance of the date,argumentative momentum builds toward dismissing the significance of the date,True,0.6638207,0.29170603,0.044473212,0.61934745,0.00033757020719349384,0.9984515905380249,0.0004088223213329911,0.9985523819923401
41,0,The text is a formal museum or heritage text about ceramic tile pots from Spain/Catalonia.,formal museum or heritage text describing ceramic tile pots from Spain/Catalonia,casual travel vlog describing beach resorts in Greece/Crete,True,0.028613979,0.7599041,0.21148191,-0.18286793,8.870202145772055e-05,0.9978992938995361,0.0002327990805497393,0.9979485869407654
41,1,The text is building a case for the origin and dating of the piece.,the text is building a case for origin and dating,the text is dismissing any case for origin and dating,True,0.9940128,0.0036130869,0.002374153,0.9916386,9.061261516762897e-05,0.9996767044067383,0.0001422431378159672,0.9994493126869202
41,2,"The final token ""the"" opens a noun phrase specifying a Catalan kiln or production tradition.","Final token ""the"" opens a noun phrase specifying a local Catalan kiln or production tradition/period","Final token ""fired"" closes a verb phrase specifying a distant Chinese port or shipping route/date",True,0.9840954,0.0030357935,0.012868838,0.9712266,9.58653909037821e-05,0.9974377155303955,0.00024839804973453283,0.9925189018249512
41,3,The continuation is expected to name a ceramic production centre.,expects a named ceramic production centre or sedimentary kiln reference,expects a named textile mill or silver mine reference,True,0.00077582087,0.9985683,0.0006558636,0.00011995726,0.00012347342271823436,0.9985633492469788,0.0002808514691423625,0.9961509704589844
42,0,The text enumerates design elements of a historic Japanese bank building.,article lists multiple design elements of a historic Japanese bank building,article lists multiple menu items of a trendy Italian pizza restaurant,True,0.99826705,0.00076955114,0.00096335,0.9973037,0.00031438248697668314,0.9047863483428955,6.88111613271758e-05,0.9939985275268555
42,1,The text is formal explanatory journalism about Hiroshima's 1930s architecture.,formal explanatory journalism maintaining factual tone about Hiroshima's symbolic 1930s architecture,informal satirical fiction maintaining mocking tone about Tokyo's futuristic 2080s skyline,True,0.0005910646,0.0013516397,0.9980573,-0.99746627,0.0001287513441639021,0.9974537491798401,0.0002316592144779861,0.9969490170478821
42,2,"The final token ""red roofs"" ends mid-description of the rear towers.","Final token ""red roofs"" ends mid-description of rear towers feature","Final token ""red carpet"" ends the full description of the lobby entrance",True,0.004999122,0.99158174,0.0034191073,0.0015800148,0.00013763799506705254,0.9958439469337463,0.0002160591830033809,0.995598316192627
42,3,The continuation should complete the roof detail with further structural or visual specifics.,likely completing the roof detail and adding further structural or visual specifics,likely abandoning the roof detail and shifting to the bank's financial history,True,0.0011005951,0.9986436,0.00025585783,0.0008447373,5.224050983088091e-05,0.9997226595878601,9.329143358627334e-05,0.9995146989822388
43,0,The text is a 1937 newspaper report about investigating American missionary conditions abroad.,Historical newspaper report (1937) covering organizational developments about investigating American missionary conditions abroad,Modern sports podcast (2021) covering transfer rumours about signing European football strikers abroad,True,0.009000957,0.9811616,0.009837465,-0.00083650835,0.00018500433361623436,0.9869853854179382,0.0004903458175249398,0.9909694790840149
43,1,The article has detailed Secretary Ives's plan to send religious emissaries using relief funds.,the article has detailed Secretary Ives's plan to send religious emissaries using relief funds,the article has detailed Secretary Ives's plan to recall military attachés using tax revenues,True,0.0022364033,0.98704207,0.010721507,-0.008485103,0.000165004821610637,0.9974985718727112,0.00016692234203219414,0.9973342418670654
43,2,"The final token ""worked out"" ends an incomplete clause.","Final token: ""worked out"" ends an incomplete clause","Final token: ""arrangements"" ends a complete sentence",True,0.9905115,0.0016323462,0.007856234,0.9826552,0.0005237092263996601,0.9962144494056702,0.0012277867645025253,0.99085932970047
43,3,"The continuation is likely a connector like ""but"" or a prepositional phrase.","likely a connector like ""but"" or a prepositional phrase (""on how"")","likely a full stop and a fresh headline (""NEW YORK"")",True,0.86841273,0.12519838,0.006388872,0.8620239,0.0003352892817929387,0.9975330829620361,0.048206496983766556,0.6766102313995361
44,0,The text is academic essay writing establishing historical precedent for tourism.,Essay/academic writing tone establishing historical precedent for tourism as a theme,Chatty/advertising copy tone establishing seasonal discounts for cruises as a theme,True,0.0066467095,0.3632526,0.6301007,-0.62345403,0.00012963723565917462,0.9601994752883911,0.000212670216569677,0.9954144954681396
44,1,The text sets up a list of historical travelers as examples of early tourism.,"The text sets up a list of historical travelers (Maries-Archenald, Marco Polo, Scott) as illustrative examples of early tourism/travel narrative.","The text sets up a list of modern airlines (Ryanair, Emirates, Delta) as illustrative examples of contemporary budget travel.",True,0.9822838,0.01603295,0.0016832721,0.9806005,0.0003446043701842427,0.9575034379959106,0.0004482816730160266,0.9776644110679626
44,2,"The final fragment ends with ""century"" and is an incomplete list requiring a closing clause.","Robert Scott's explorations of the Antarctic in the early 20th century"" is an incomplete list mid-sentence requiring a closing clause","Robert Scott's explorations of the Antarctic in the early spring"" is a complete sentence requiring no closing clause",True,0.270092,0.69206554,0.03784242,0.23224959,0.00027288994169794023,0.994743824005127,0.0005683755734935403,0.9921466708183289
44,3,"The likely continuation is something like ""all illustrate..."".","likely something like ""all illustrate..."" or ""show that these anticipators foreshadowed modern tourism.""","likely something like ""none of which..."" or ""prove that these wanderers had nothing to do with modern tourism.""",True,0.002703438,0.99595696,0.0013396066,0.0013638315,0.00014141821884550154,0.9994924068450928,0.0001397219893988222,0.999144434928894
45,0,The text is a tourist/local interest blog describing English villages with churches.,"entries describe English villages with churches, lighthouses, and historical facts in short paragraphs","entries describe Japanese cities with skyscrapers, subways, and stock prices in long essays",True,0.04173963,0.95184684,0.0064134933,0.03532614,5.683628478436731e-05,0.9981036186218262,6.855560059193522e-05,0.998073935508728
45,1,The text lists interior architectural features of Holywell church.,The text lists interior architectural features of Holywell church,The text lists exterior parking facilities of Holywell supermarket,True,0.9216522,0.05412017,0.024227688,0.8974245,0.00011335929593769833,0.9970874190330505,0.00022855112911202013,0.9951673746109009
45,2,"The final token ""and"" continues an incomplete list of carved interior features.","Final token ""and"" continues an incomplete list of carved interior features","Final token ""pulpit"" completes a finished list of carved interior features",True,0.19994771,0.79623306,0.0038192272,0.19612849,0.00042425209539942443,0.9984903335571289,0.0003002659068442881,0.9985339641571045
45,3,"The next tokens must name another church furniture element like pews, roof or font.","next tokens must name another church furniture element, likely ""pews,"" ""roof,"" or ""font,""","next tokens must name a nearby pub or shop, likely ""inn,"" ""bakery,"" or ""post office,""",True,0.043555483,0.95380706,0.0026375127,0.04091797,8.49868738441728e-05,0.9980819225311279,0.00013049498375039548,0.9972342848777771
46,0,The text is a biographical narrative about Morihei Tada and the wartime history of his art.,"Biographical/historical narrative about Morihei Tada, establishing the art of Nikatoriai and its wartime history in Japan","Technical/instructional manual about a Toyota engine, establishing the torque of its pistons and their maintenance schedule in Japan",True,0.0003196999,0.00093233783,0.99874794,-0.9984282,0.006484895013272762,0.3660166561603546,0.02175886556506157,0.15614505112171173
46,1,The narrative sets up a conclusion about Tada's life purpose or charitable legacy.,sets up a conclusion about his life purpose or charitable legacy,sets up a digression about his tax returns or parking tickets,True,0.021893905,0.9742018,0.0039043338,0.017989572,0.00024236222088802606,0.9971924424171448,0.014416304416954517,0.2868852913379669
46,2,"The final phrase ends with ""him"", mid-sentence, requiring completion.","Final phrase ""Tada's wartime experience motivated him"" is mid-sentence requiring completion","Final phrase ""Tada's wartime experience motivated nobody"" is sentence-final requiring nothing",True,0.9841611,0.006114939,0.009724048,0.97443706,0.0005118418484926224,0.9967292547225952,0.0009196989703923464,0.9948771595954895
46,3,The likely continuation involves teaching or promoting Aikido abroad.,likely involving teaching or promoting Aikido abroad,likely involving abandoning or forbidding Aikido at home,True,0.00059869897,0.99917054,0.00023081899,0.00036787998,0.001300728297792375,0.9784514904022217,0.0014870153972879052,0.8677569031715393
47,0,The text is a destination guide with a bulleted UK/Europe landmark itinerary.,Tourine.co.uk destination guide format: bulleted UK/Europe landmark itinerary,Reddit.com forum thread format: rambling US/Canada job-hunting complaint,True,0.8022499,0.023572396,0.17417777,0.62807214,7.893380097812042e-05,0.9984127283096313,0.008252758532762527,0.9520278573036194
47,1,Each entry moves to a new UK location with medieval/castle sites.,"each entry moves to a new UK location (Balmoral, Edinburgh, Invalides, Oxford), with medieval/castle sites","each entry stays at the same Spanish beach resort (Benidorm), with modern/nightclub venues",True,0.030843262,0.35627243,0.6128843,-0.582041,3.4930762922158465e-05,0.9995761513710022,3.205573739251122e-05,0.9996219873428345
47,2,"The final token ""Canterbury"" expects a continuation describing its landmarks, likely Canterbury Cathedral.","""Canterbury"" expects immediate continuation describing its notable landmarks, almost certainly Canterbury Cathedral","""Liverpool"" expects immediate continuation describing its football clubs, almost certainly Anfield stadium",True,0.110332206,0.87335616,0.016311571,0.094020635,0.002031657611951232,0.7462809085845947,0.005719962529838085,0.8068848252296448
47,3,The pattern signals another historic town continuation.,the pattern signals another historic town continuation,the pattern signals a final farewell paragraph,True,0.39349356,0.5924369,0.01406951,0.37942407,0.00011040464596590027,0.9980186223983765,0.00012718734797090292,0.9989012479782104
48,0,The text is a military institutional document establishing historic context and organizational mission.,Military institutional document establishing historic context and organizational mission,Teenage fan-fiction chapter establishing romantic tension and personal rivalry,True,0.98897654,0.005605897,0.0054175267,0.983559,7.363946497207507e-05,0.9992958307266235,0.0001113282996811904,0.9985364675521851
48,1,The text introduces a strategic plan for the Army Historical Program.,The text introduces a strategic plan for the Army Historical Program,The text concludes a cookie recipe for the church bake sale,True,0.9879909,0.002874359,0.009134695,0.9788562,0.00015709669969510287,0.9684227705001831,7.025951344985515e-05,0.9914098381996155
48,2,"The final phrase ends on ""the"" mid-sentence and requires a noun phrase object.","Final phrase ""These directions guide current decisions and direct the"" is mid-sentence, requiring a noun phrase object","Final phrase ""These directions guide current decisions and direct them."" is sentence-final, requiring no further object",True,0.9662448,0.005461022,0.028294163,0.9379507,0.0011257461737841368,0.9958556294441223,0.000983698759227991,0.9957401752471924
49,0,The text is a genealogical or historical blog explaining a place-name origin.,Genealogical/historical blog explaining a place-name origin,Sci-fi/fantasy novel dramatizing a starship battle,True,0.6315605,0.3435412,0.024898198,0.60666233,0.02201835624873638,0.8319001197814941,0.06546285003423691,0.7211858630180359
49,1,"The text has been detailing the name etymology of Horsford, Norfolk.","The text has been systematically detailing Horsford, Norfolk's name etymology",The text has been casually reviewing a Manchester restaurant's dessert menu,True,0.00046146844,0.00094687176,0.9985916,-0.99813014,3.3330408768961206e-05,0.999553382396698,6.225264951353893e-05,0.999284565448761
49,2,"The final token ""village"" opens a new clause mid-sentence.","""Indeed the village"" opens a new clause mid-sentence","""Indeed the recipe."" closes a full sentence",True,0.94581294,0.032458894,0.021728123,0.92408484,0.00019013110431842506,0.9986104965209961,0.0003468402137514204,0.9962514042854309
49,3,A geographic or historical fact about Horsford is expected immediately.,requiring immediate continuation with a geographic or historical fact about Horsford Norfolk,requiring immediate continuation with a cooking tip or shopping list about Manchester,True,0.0009280927,0.99809164,0.0009802612,-5.2168558e-05,0.00014878436923027039,0.9975374937057495,0.00044865376548841596,0.9958277344703674
50,0,The text is a historical or encyclopedic register describing an ancient town on the Cyprus coast.,Historical/encyclopedic register describing ancient Greek-Bizantine town Patara (Patris) on modern Cyprus coast,Casual/gossipy register describing modern pop star Patara (Patris) on a Los Angeles talk show,True,0.8001511,0.13365339,0.06619553,0.73395556,9.966183279175311e-05,0.9991631507873535,0.00019838125444948673,0.9981194138526917
50,1,The text is now turning to surviving physical ruins.,now turning to surviving physical ruins,now turning to upcoming election polls,True,0.024773428,0.93873876,0.036487825,-0.011714397,9.967973892344162e-05,0.9973927736282349,0.00013200419198255986,0.997015118598938
50,2,"The final token ""of"" opens an incomplete noun phrase.","Final token ""of"" opens an incomplete noun phrase","Final token ""aqueduct"" closes a complete noun phrase",True,0.987528,0.00352697,0.008945077,0.978583,0.00021735420159529895,0.9976611137390137,0.0005354334134608507,0.9910439252853394
50,3,A specific ruined coastal infrastructure element is expected next.,"requiring a specific ruined coastal infrastructure element like ""the city walls"" or ""the Roman roads/port,""","requiring a specific living local celebrity like ""the town mayor"" or ""the harbor master,""",True,0.0063390764,0.9917464,0.0019145211,0.004424555,0.00016926470561884344,0.997596800327301,0.0005386198172345757,0.9930548071861267
51,0,The text is a news or auction editorial introducing a human interest story.,News/auction editorial style introducing a human interest story,Technical/software manual style introducing a configuration file,True,0.24242555,0.7051303,0.0524442,0.18998134,0.00011003324470948428,0.9907834529876709,0.0001266031467821449,0.9904366135597229
51,1,"Jamie Law's story is to be completed sympathetically as a second, more emotional connection.",requiring completion of Jamie Law's story sympathetically,requiring dismissal of Jamie Law's story contemptuously,True,0.004799087,0.9936982,0.0015027443,0.0032963427,0.00016660925757605582,0.999359667301178,0.00015991942200344056,0.9993941783905029
51,2,"The final token ""in"" ends a prepositional phrase mid-clause.","Final token ""in"" ends a prepositional phrase mid-clause","Final token ""Afghanistan."" ends a full sentence",True,0.9718383,0.014108362,0.014053357,0.95778495,0.0019492035498842597,0.9710309505462646,0.014924072660505772,0.870773434638977
51,3,"A year, date, or specific incident reference is required next.","requiring a year, date, or specific incident reference","requiring a price, brand, or specific product reference",True,0.00956442,0.9880618,0.0023738076,0.0071906126,0.00030315815820358694,0.9925221800804138,0.0004164234851486981,0.9954991936683655
52,0,"The text is an event invitation with a celebratory, casual tone.","Event invitation announcing time/date/alumni reunion for SF culinary society, establishing celebratory, casual tone","Legal summons announcing court/date/jury duty for SF district court, establishing solemn, formal tone",True,0.9931565,0.0030044876,0.003839047,0.9893174,0.0002232418628409505,0.9970465302467346,6.649552233284339e-05,0.998812198638916
52,1,The quoted phrase sets an informal register.,sets informal register,sets stiffly formal register,True,0.9613774,0.032465678,0.0061569763,0.9552204,0.00025099635240621865,0.9989908337593079,0.0003318195231258869,0.9988468885421753
52,2,"The final token ""but"" is a contrast pivot mid-sentence requiring completion of the concessive clause.","""but"" is a contrast pivot mid-sentence, requiring completion of the concessive clause","""Brewery."" is a sentence-final noun, requiring only a new paragraph",True,0.9712019,0.02107248,0.007725681,0.96347624,0.00020047958241775632,0.9949801564216614,0.01108612585812807,0.9338240623474121
52,3,What follows is almost certainly the guests' responsibilities.,almost certainly followed by guests' responsibilities,almost certainly followed by the host's apologies,True,0.032080755,0.9644679,0.0034513448,0.02862941,0.0012908782809972763,0.09359848499298096,0.002690945751965046,0.04300105199217796
53,0,The text is a newsletter or report listing local historical society events.,Newsletter/report genre with structured monthly entries listing local historical society events for a heritage photography club,Thriller/crime genre with breathless chase scenes tracking an international jewel thief for a Hollywood studio,True,0.07753738,0.78578097,0.13668168,-0.059144296,0.03274800628423691,0.40188512206077576,0.0007321320590563118,0.983709454536438
53,1,The current entry describes a fall talk at Essendon library about archive photos.,The current entry describes a fall talk at Essendon library by Glenda Warnock about archive photos,The current entry describes a summer swim at Essendon pool by Glenda Warnock about butterfly technique,True,0.00043103154,0.00085053785,0.9987185,-0.99828744,0.00010070952703244984,0.9979039430618286,9.575100557412952e-05,0.9981953501701355
53,2,"The final clause ""PS – If you"" opens a personal postscript directed at the audience.","Final clause ""PS – If you"" opens a personal postscript addendum directed at the audience","Final clause ""PS – Thanks."" closes a personal postscript addendum directed at the audience",True,0.17807402,0.8181957,0.003730255,0.17434376,0.0017456978093832731,0.9663833975791931,0.003132099285721779,0.9879279732704163
53,3,A conditional follow-up is required next.,requiring a conditional follow-up,requiring a flat declarative statement,True,0.10106724,0.8957585,0.0031743178,0.09789292,0.00019813576363958418,0.9988332390785217,0.0004089187132194638,0.9929526448249817
54,0,The text is a historical Civil War military narrative or diary.,"Historical Civil War military narrative/diary, maintaining period-specific formal reporting tone","Modern romantic comedy screenplay/script, maintaining breezy contemporary banter tone",True,0.98509383,0.0067816554,0.00812451,0.9769693,9.74570939433761e-05,0.9982781410217285,0.003532902104780078,0.981490969657898
54,1,The text is describing tactical military positioning and force organization.,describing tactical military positioning and force organization,describing seasonal garden planting and flower arrangement,True,0.9841458,0.005909373,0.009944777,0.974201,0.00018973265832755715,0.9984660148620605,0.00020232934912201017,0.998293936252594
54,2,"The final token ""entrenched"" demands a location phrase or a subordinate clause.","""entrenched"" demands a location phrase like ""along a ridge/river"" or subordinate clause","""waltzed"" demands a dance partner like ""a giggling debutante"" or ballroom orchestra",True,0.94402754,0.037692167,0.018280217,0.92574733,0.00010473126894794405,0.9979985356330872,0.005660666152834892,0.9650824069976807
54,3,A strong syntactic continuation describing the defensive line or terrain is expected.,"strong syntactic continuation expected describing defensive line, terrain, or next corps positioning","abrupt paragraph break expected announcing supper, weather, or the next day's date",True,0.9421348,0.047621537,0.010243711,0.9318911,5.4943251598160714e-05,0.9993841648101807,0.00016361068992409855,0.9987767338752747
55,0,The text is a descriptive archaeological or historical inventory listing monuments.,"Descriptive archaeological/historical inventory pattern: listing sequential monuments with age, condition, and structural details for each","Breathless sports/match commentary pattern: shouting live goals with scorer, minute, and replay details for each",True,0.1418203,0.67625654,0.18192314,-0.04010284,0.0007280657882802188,0.9820746779441833,0.020092280581593513,0.7832261919975281
55,1,"The register is formal and encyclopedic, in Persian-translated text.",Formal encyclopedic register in Persian-translated text.,Slangy chatroom register in native English text.,True,0.007613847,0.9846372,0.0077488674,-0.00013502035,6.008752461639233e-05,0.9990420937538147,4.924834502162412e-05,0.9993341565132141
55,2,"The blacksmith workshop is the second listed item, described in its ruined condition.",the blacksmith workshop is the second item with ongoing description of its current ruined condition,the royal bathhouse is the first item with ongoing description of its freshly restored condition,True,0.053489212,0.94005185,0.006458947,0.047030266,0.0006745848804712296,0.895828127861023,0.0015299428487196565,0.027441905811429024
55,3,"The final fragment ends on ""has"" mid-sentence, describing surviving structure.","Final fragment ""only a vaulted roof of it has"" — mid-sentence, describing surviving structure from the ruinated brick building","Final fragment ""only a vaulted roof of it collapsed."" — sentence-final, describing vanished structure from the ruinated brick building",True,0.7548648,0.076290354,0.16884483,0.58602,0.0005286732339300215,0.9939408302307129,0.0003802458813879639,0.9983558058738708
56,0,The text is a railway enthusiast blog cataloguing train sightings.,Railway enthusiast blog/blog-style report cataloguing various train sightings and route details across multiple countries and operators,Wine sommelier newsletter/column-style review ranking various vintages and tasting notes across multiple vineyards and regions,True,0.022829618,0.96837306,0.008797306,0.014032313,0.0018474041717126966,0.9626027941703796,0.0026199219282716513,0.8509450554847717
56,1,The text lists disconnected short entries about different trains and routes.,The text lists disconnected short entries about different trains/routes globally,The text develops one continuous long argument about a single local election,True,0.9534623,0.024245352,0.022292282,0.93117005,3.821511199930683e-05,0.999595582485199,3.011332591995597e-05,0.9996135830879211
56,2,"The final token ""EL"" begins an abbreviation, likely a Scandinavian locomotive class designation.","Final token ""EL"" begins an abbreviation or compound identifier, almost certainly standing for a Scandinavian railway locomotive/class designation or company name","Final token ""ferry"" ends a plain common noun, almost certainly standing for an ordinary passenger boat rather than any designation or company name",True,0.9819567,0.006362903,0.011680335,0.97027636,0.00011920033284695819,0.9984992742538452,0.00011819408246083185,0.9958885312080383
56,3,The quoted phrase sets up a noun phrase describing a specific piece of rolling stock or vessel.,sets up a noun phrase describing a specific historic/dramatic-looking rolling stock or vessel,sets up a verb phrase describing a routine weekly timetable change,True,0.98608035,0.0027055368,0.011214138,0.9748662,0.00038605532608926296,0.5900790691375732,0.0009490948868915439,0.8511442542076111
57,0,The text is a sequence of catalog descriptions of historical photographs from the Digital Library of Georgia.,Sequential catalog/archive descriptions of historical photographs from Digital Library of Georgia,Rambling diary/journal confessions of teenage heartbreak from a Brooklyn bedroom,True,0.005103719,0.7953622,0.19953409,-0.19443037,0.00028917333111166954,0.9960547685623169,0.00036640692269429564,0.9964434504508972
57,1,"The captions describe posed group photographs, specifying subjects, clothing, and setting.","Pattern of brief image captions describing posed group photographs, specifying subjects, clothing, and setting","Pattern of lengthy legal clauses describing disputed property boundaries, specifying acreage, easements, and liens",True,0.99381495,0.0021236015,0.0040614945,0.9897534,0.00010281880531692877,0.9971492886543274,8.532670472050086e-05,0.9942745566368103
57,2,"The final fragment ends on ""to"" and requires completion of the directional orientation phrase.","Final fragment ""Two people stand in a row. They face to"" requires completion of the directional orientation phrase","Final fragment ""Two people stand in a row. They smile."" requires nothing further after the complete sentence",True,0.99071586,0.0016977215,0.007586402,0.98312944,0.011510396376252174,0.17839020490646362,0.14516398310661316,0.7247118949890137
57,3,Additional physical description of the players' poses or attire likely follows.,then likely additional physical description of the players' poses or attire,then likely a price quotation for the print's shipping or framing,True,0.9498967,0.04712689,0.0029764408,0.9469203,0.0038142637349665165,0.53596031665802,0.002388852881267667,0.09049864113330841
58,0,"The text is in a tour guide promotional or descriptive register, leading into a guided tour of Glasgow.","Tour guide promotional/descriptive register established, leading into an actual guided tour of Glasgow's Celtic history landmarks","Courtroom transcript/testimonial register established, leading into an actual cross-examination of Glasgow's leading tax accountant",True,0.9016692,0.04839725,0.049933545,0.85173565,0.0008720136247575283,0.954413115978241,0.003851558780297637,0.8547608256340027
58,1,The intro promises revelations about hidden history.,"promises revelations about ""hidden history""","promises silence about ""hidden history""",True,0.93394977,0.05585574,0.01019446,0.9237553,0.00027892578509636223,0.9990293979644775,0.00035451026633381844,0.9985871315002441
58,2,"The final fragment ends on ""centre"" as an incomplete clause requiring continuation.","Final fragment ""a short walk around a number of sites in the city centre"" is an incomplete sentence/clause requiring continuation","Final fragment ""a short walk around a number of sites in the city park."" is a complete sentence/clause ending the paragraph",True,0.95450014,0.023848819,0.021651072,0.93284905,0.0002598950231913477,0.9986743927001953,0.0005974563537165523,0.9970966577529907
58,3,"""city centre"" signals a spatial or terrain description ahead.","""city centre"" signals spatial/terrain description ahead.","""city centre"" signals financial/budget figures ahead.",True,0.96829146,0.021750456,0.009958085,0.9583334,0.00019114752649329603,0.9941925406455994,0.0005007516010664403,0.9963095784187317
59,0,The text is a WWII military archive footage description.,"WWII military archive footage description format, presenting sequential labeled video segments of Pacific theatre events","Modern cooking-show recipe card format, presenting numbered step-by-step instructions for Italian pasta dishes",True,0.50924176,0.46913552,0.02162269,0.48761907,0.000390738423448056,0.9751083850860596,0.1463581919670105,0.19417732954025269
59,1,A Japanese transport plane is being destroyed by naval gunfire over the sea.,"Japanese transport plane being destroyed by naval gunfire over sea, mid-air explosion already described","American cargo ship being welcomed by cheering crowds in harbor, safe docking already described",True,0.9898633,0.0035769837,0.0065598334,0.9833034,0.12934917211532593,0.16003720462322235,0.024711038917303085,0.4789544641971588
59,2,"The final token ""in"" requires an immediate location or medium completion such as ""the sea"".","requires an immediate location/medium completion, most likely ""the sea/water/ocean near the ship"" as logical conclusion to the vessel striking the water","requires an immediate pilot-name completion, most likely ""Lieutenant Sato of the carrier"" as logical conclusion to the airman bailing out",True,0.91742235,0.05173216,0.030845469,0.8865769,0.0003562027122825384,0.9897301197052002,0.014379012398421764,0.7736513018608093
59,3,The expected end is the crash-landing surface.,— end: crash landing surface.,— end: pilot's full name.,True,0.30250055,0.6435282,0.053971183,0.24852936,0.00013275514356791973,0.9794597029685974,6.05353488936089e-05,0.9986553192138672
60,0,The text is a bulleted list of events with a consistent structure.,"Bulleted list format has been established with two events per entry, each following a consistent structure","Free-verse poem format has been established with one image per line, each breaking any consistent structure",True,0.88213056,0.0132125635,0.10465688,0.7774737,3.700007073348388e-05,0.9985353946685791,0.0002975842508021742,0.9704751968383789
60,1,"The third event description is concluding, following the pattern of the first two museum events.","The third event description is concluding, following the same pattern as the first two museum events","The first event description is just opening, breaking entirely from the pattern of the later museum events",True,0.9332127,0.05200949,0.014777789,0.9184349,9.653064626036212e-05,0.9965434670448303,0.002257503801956773,0.6982901692390442
60,2,"The final token ""and"" is mid-phrase.","Final token ""and"" is mid-phrase","Final token ""traditions."" is sentence-final",True,0.96088064,0.009050419,0.030069,0.93081164,0.002260590437799692,0.9784196615219116,0.0006317675579339266,0.9943550825119019
60,3,"A word like ""holiday-themed"" is expected to complete the compound noun.","expects a word like ""holiday-themed"" atmosphere/tour/decorations to complete the compound noun","expects a verb like ""begins"" to start the predicate of a fresh clause",True,0.9355056,0.04132461,0.023169693,0.91233593,0.012568186037242413,0.7011017203330994,0.004400372970849276,0.20630289614200592
61,0,The text is conspiratorial political commentary linking movements to extremist history.,"Pattern of conspiratorial political commentary about ""Alliance for Open Government"" shares and weaponized group naming, linking movements to extremist history","Pattern of cheerful gardening advice about ""Alliance for Open Government"" tulips and seasonal bulb planting, linking blooms to soil acidity",True,0.99097544,0.0058581294,0.0031664022,0.98780906,0.00010365041816839948,0.9935032725334167,0.00022769976931158453,0.9914603233337402
61,1,The post is building an accusatory comparison.,The post is building an accusatory comparison,The post is offering a warm congratulation,True,0.9800703,0.014158564,0.005771077,0.9742992,7.64457872719504e-05,0.9995868802070618,0.0001519658835604787,0.9991616010665894
61,2,"The final token ""How"" ends mid-sentence.","Final token ""How"" ends mid-sentence","Final token ""Army."" ends a complete sentence",True,0.97023296,0.005430273,0.024336794,0.94589615,0.0011013007024303079,0.9915072917938232,0.001700554508715868,0.9846463799476624
61,3,A rhetorical question or indignant commentary is expected to follow.,rhetorical question or indignant commentary elaborating on the significance,grocery list or weather report unrelated to the significance,True,0.34136343,0.65032935,0.008307239,0.33305618,0.00019061788043472916,0.99726402759552,0.001111227902583778,0.9887892007827759
62,0,The text is a biographical or promotional event announcement for an author.,Biographical/promotional tone: event announcement listing talking venues and activities for an author connected to 1969 UK events history,Clinical/diagnostic tone: lab report listing blood counts and dosages for a patient connected to a 1969 UK measles outbreak,True,0.9928591,0.0014411372,0.0056998082,0.9871593,0.001550500513985753,0.8633700609207153,0.011095035821199417,0.715863823890686
62,1,The text is crediting film industry figures and building toward a book title citation.,The text is crediting film industry figures and building toward a book title citation,The text is mocking football referees and building toward a match score prediction,True,0.99519545,0.0018260551,0.0029784876,0.99221694,4.4282471208134666e-05,0.9985169768333435,4.130521847400814e-05,0.9992285966873169
62,2,"The final token ""Ordinary"" is mid-title, requiring a completing noun phrase.","Final token ""Ordinary"" is mid-title","Final token ""Lens."" is title-final",True,0.99139005,0.003088309,0.005521659,0.9858684,0.004136679228395224,0.9791552424430847,0.0011788613628596067,0.9873431921005249
62,3,"The subtitle likely completes with a profession or phrase like ""Job,"" ""Ride,"" or ""Trouble.""","likely a profession or phrase like ""Job,"" ""Ride,"" or ""Trouble.""","likely a date or year like ""1969,"" ""1975,"" or ""1982.""",True,0.9596933,0.02636104,0.0139456615,0.9457477,0.0004917014739476144,0.9956520199775696,0.00030329995206557214,0.9929863810539246
63,0,The text is a personal travel blog or food review in first-person narrative.,Personal travel blog/food review style established: first-person congregation narrative about visiting a small Oregon café called Harriett's,Corporate earnings report/press release style established: third-person financial summary about acquiring a large Texas refinery called Harriett's,True,0.45040053,0.32000622,0.22959323,0.2208073,6.903203029651195e-05,0.999138593673706,6.575498264282942e-05,0.9993313550949097
63,1,A location description is in progress.,Location description in progress,Menu pricing rant in progress,True,0.081976786,0.8422071,0.075816125,0.0061606616,0.00011489585449453443,0.9949347376823425,0.000489942729473114,0.9940301179885864
63,2,"The final token ""few"" opens a quantity phrase requiring a noun.","Final token ""few"" opens a quantity phrase requiring a noun","Final token ""there."" closes a complete sentence requiring a new paragraph",True,0.97776574,0.0071095712,0.015124634,0.9626411,0.000812937505543232,0.9925931096076965,0.0019430137472227216,0.9870383739471436
63,3,Momentum continues describing Harriett's location.,momentum continues describing Harriett's location,momentum halts before describing Harriett's location,True,0.50981724,0.35931477,0.13086799,0.37894925,0.0001411188131896779,0.999326229095459,0.0004222328425385058,0.997627317905426
64,0,The text is a scientific discovery announcement about the exoplanet WASP-76B.,Scientific discovery announcement style: Russian science explainer introducing exotic exoplanet WASP-76B,Sports transfer rumor style: Russian football blogger introducing veteran goalkeeper WASP-76B,True,0.035431083,0.0069360333,0.95763284,-0.92220175,0.00014719470345880836,0.998512327671051,0.00028634743648581207,0.9979475140571594
64,1,The text is listing the planet's physical properties in sequence.,the text is listing physical properties logically,the text is ignoring physical properties entirely,True,0.9664484,0.010487567,0.023064079,0.94338435,7.381114119198173e-05,0.9996711015701294,0.00014390036812983453,0.9993140697479248
64,2,"The final token ""is"" begins a temperature predicate sentence.","Final token ""is"" begins a temperature description/predicate sentence","Final token ""Jupiter."" ends a size comparison sentence",True,0.9817492,0.0036105753,0.014640176,0.967109,0.00011864840780617669,0.9977658987045288,0.00018148901290260255,0.9931301474571228
64,3,The next tokens must give a specific high-temperature value.,the next tokens must give a specific high-temperature value or description,the next tokens must give a specific low-temperature value or description,True,0.064950585,0.9125153,0.022534175,0.04241641,0.00265301950275898,0.9783374667167664,0.0019448413513600826,0.9821949601173401
65,0,"The text is in an informal educational, conversational register about sci-fi concepts like space warping.","Informal educational/conversational register established (""Quick answer,"" semi-playful ambiguity), guiding further accessible, speculative content about sci-fi concepts like space warping","Formal legal/contractual register established (""Quick answer,"" strict binding precision), guiding further dense, prescriptive content about tax provisions like capital gains",True,0.3179589,0.60744464,0.07459646,0.24336243,0.00016606338613200933,0.9980327486991882,8.499269461026415e-05,0.9981503486633301
65,1,The response has introduced gravity as warping space/time and enumerated FTL transit possibilities.,The response has introduced gravity as warping space/time and enumerated FTL transit possibilities,The response has dismissed gravity as irrelevant and ruled out any FTL transit possibilities,True,0.069172494,0.89923525,0.031592254,0.03758024,0.00010490090062376112,0.999614953994751,0.00018477614503353834,0.9993378520011902
65,2,"The final token ""sorts"" opens a new sentence fragment mid-thought.","""The sorts"" opens a new sentence fragment mid-thought","""The end."" closes the whole passage definitively",True,0.43652934,0.49804553,0.06542512,0.3711042,9.395004599355161e-05,0.9987378716468811,0.0006769757601432502,0.9892920255661011
65,3,"Elaboration on energy requirements, mechanics, or practical challenges is expected next.","so elaboration on energy requirements, mechanics, or practical challenges of ""graviton torture technology"" is expected next","so a complete change of topic away from ""graviton torture technology"" is expected next",True,0.0019995186,0.9960963,0.001904231,9.528757e-05,8.728446846362203e-05,0.9993652701377869,7.884133810875937e-05,0.9972431659698486
66,0,The text is academic scientific writing in solar or geomagnetic physics.,"Academic scientific writing in solar/geomagnetic physics, establishing background before introducing a novel methodology or specific investigation","Tabloid celebrity gossip in fashion/lifestyle reporting, teasing scandal before revealing a secret wedding or messy divorce",True,0.33246976,0.65572935,0.011800832,0.32066894,0.0007900953060016036,0.9914454221725464,0.0011940306285396218,0.9903295040130615
66,1,The background-to-gap pattern is setting up a specific study methodology.,setting up a specific study methodology,wrapping up a vague personal anecdote,True,0.07618672,0.8821885,0.041624747,0.03456197,0.0005305427475832403,0.9781631827354431,0.00036701172939501703,0.9749675393104553
66,2,"The final token ""study"" is part of a transition phrase marking the start of the paper's specific contribution.","""In this study"" is a transition phrase marking the start of the paper's specific contribution/methodology scope","""In this century"" is a closing phrase marking the end of the paper's broad historical summary",True,0.40527132,0.07485792,0.5198707,-0.11459938,0.00013757048873230815,0.995355486869812,0.002184083918109536,0.8897691965103149
66,3,"Immediate continuation describing the dataset, approach, or scope is required.","requiring immediate continuation describing the dataset, approach, or scope being used","requiring immediate continuation thanking the funders, reviewers, or editors involved",True,0.0031042134,0.9810464,0.015849397,-0.012745183,0.0006265548872761428,0.017067372798919678,0.004881374072283506,0.11783256381750107
67,0,The text is a journalistic article profiling a Neuralink subsidiary.,Journalistic narrative pattern: article profiles Neuralink's cellularatera subsidiary,Fairy-tale narrative pattern: story follows a woodcutter's youngest daughter,True,0.046533752,0.94659674,0.0068695038,0.03966425,0.0001199248363263905,0.994805634021759,0.0001759781880537048,0.9954848289489746
67,1,The article shifts from enthusiasm to stalled progress after 2020 announcements.,shifting from enthusiasm to stalled progress after 2020 announcements,shifting from skepticism to rapid breakthroughs after 2020 announcements,True,0.9685334,0.020759614,0.010707025,0.9578264,8.494714711559936e-05,0.9995656609535217,0.00015169572725426406,0.9993351101875305
67,2,"The final token ""been"" opens a present-perfect construction mid-sentence.","Final token ""been"" opens a present-perfect construction mid-sentence","Final token ""resigned."" closes a simple-past sentence",True,0.2642367,0.6837066,0.0520567,0.21217999,0.0005023762350901961,0.9956451654434204,0.00039405759889632463,0.9969287514686584
67,3,The continuation likely references Musk's other ventures.,"likely referencing his other ventures (Twitter/X, SpaceX trials, legal battles)","likely referencing his childhood hobbies (chess, comic books, model rockets)",True,0.0021460329,0.9974704,0.00038363689,0.001762396,0.001578816561959684,0.3412625193595886,0.004291795659810305,0.035777196288108826
68,0,The text is a comparative religious or scriptural analysis connecting Jewish Easter timing to the Islamic calendar.,Comparative religious/scriptural analysis connecting Jewish Easter timing to Islamic calendar,Casual home-improvement tutorial connecting kitchen plumbing to bathroom tiling,True,0.97584224,0.004527881,0.01962984,0.9562124,0.011162583716213703,0.8527829051017761,0.09053119271993637,0.09026635438203812
68,1,The response is building toward a conclusion about lunar calendar mechanics.,The response is building toward a conclusion about lunar calendar mechanics,The response is drifting away from any conclusion about solar eclipse photography,True,0.9835142,0.01554774,0.0009380556,0.98257613,0.00021073179959785193,0.9767563343048096,0.0010722160805016756,0.042986657470464706
68,2,"The final token ""very"" ends mid-sentence.","Final token ""very"" ends mid-sentence","Final token ""moon."" ends a complete sentence",True,0.97676176,0.0041104797,0.019127697,0.9576341,0.0022019108291715384,0.987122654914856,0.001996147446334362,0.9866783618927002
68,3,The continuation likely describes difficulty or precision in prediction.,"likely ""difficult to pin down"" or explaining visibility/observation specifics","likely ""cheap to celebrate"" or explaining catering/decoration specifics",True,0.9892397,0.008190635,0.0025697576,0.98666996,0.0010446204105392098,0.9703317284584045,0.006876603700220585,0.9681532979011536
69,0,The text is an educational blog series where each week introduces a famous space photo.,"Educational blog series structure: each week introduces a famous space photo, explaining its scientific significance in accessible language for general audiences","Legal brief series structure: each week introduces a contested patent claim, arguing its statutory invalidity in technical language for appellate judges",True,0.018038865,0.9791347,0.002826426,0.015212439,0.00022690519108437002,0.9841486811637878,9.932267130352557e-05,0.9938200116157532
69,1,The article has picked PHL 1811 as First Photo of the Week and just described the image and location.,"The article has picked PHL 1811 as First Photo of the Week, just described the image and location","The article has rejected PHL 1811 as unworthy of the Week, never mentioning the image or location",True,0.2234979,0.71674186,0.059760254,0.16373764,8.122860890580341e-05,0.9997257590293884,8.677411824464798e-05,0.9993605017662048
69,2,"The final token ""it"" ends mid-sentence, beginning a section header or phrase.","""What it"" ends mid-sentence, beginning a section header or phrase","""What now?"" ends a complete question, closing a section or paragraph",True,0.96173835,0.014278879,0.023982782,0.9377556,0.0005293324938975275,0.997126042842865,0.0013309973292052746,0.9953715205192566
69,3,Immediate continuation of interpretive analysis is demanded.,demanding immediate continuation of interpretive analysis,demanding immediate cessation of all further commentary,True,0.004015928,0.9952199,0.00076421106,0.003251717,0.00010108143760589883,0.9996347427368164,0.00023863390379119664,0.9992640614509583
70,0,The text is a news article about NASA's space exploration.,"News article reporting style established, discussing NASA's space exploration/news event context with factual NSWB details","Bedtime story telling style established, recounting a dragon's cave adventure with whimsical made-up details",True,0.39082524,0.6059134,0.003261306,0.38756394,6.127177039161325e-05,0.9990278482437134,0.00014632278180215508,0.9964824914932251
70,1,The narrative is building toward describing the rover's autonomous activation sequence after lunar delivery.,Narrative momentum building toward describing the rover's autonomous activation sequence after lunar delivery,Narrative momentum building toward describing the rover's manual shutdown sequence before Earth launch,True,0.28933695,0.6923908,0.018272277,0.27106467,0.0002605581539683044,0.9953730702400208,0.0010368424700573087,0.9556119441986084
70,2,"The final fragment ""Those commands will"" is an incomplete sentence mid-clause.","Final fragment ""Those commands will"" is an incomplete sentence mid-clause","Final fragment ""Those commands failed."" is a complete sentence at clause end",True,0.9843679,0.0023511166,0.013281017,0.9710869,0.00042016335646621883,0.9888673424720764,0.0007170218741521239,0.9766691327095032
70,3,"Activation, deploy rover, or mission handoff details are expected next.","Next tokens expected: activation, deploy rover, or mission handoff details.","Next tokens expected: budget cuts, layoffs, or agency funding details.",True,0.009029014,0.98952055,0.0014503864,0.0075786277,8.084003638941795e-05,0.9988375306129456,0.00018128068768419325,0.9978196620941162
71,0,The text is educational science prose establishing a historical narrative about cosmology discovery.,Educational/explanatory science prose establishing a historical narrative about cosmology discovery,Promotional/advertising copy establishing a sales pitch about discount mattresses,True,0.97014374,0.022938468,0.006917711,0.963226,0.000765957054682076,0.8465619087219238,0.002239807276055217,0.8655984401702881
71,1,Copernicus has now been introduced as a specific historical figure.,with Copernicus now introduced as a specific historical figure,with Newton now introduced as a specific historical figure,True,0.13521014,0.80690587,0.057884026,0.07732612,0.000356991367880255,0.997750461101532,0.0005336126196198165,0.9973662495613098
71,2,"The final token ""that"" ends an incomplete subordinate clause requiring a direct object.","""When Nicolaus Copernicus proposed that"" is an incomplete subordinate clause requiring a direct object","""Nicolaus Copernicus died."" is a complete main clause requiring only a new paragraph",True,0.95779335,0.022902213,0.019304443,0.9384889,9.800678526517004e-05,0.9980436563491821,0.0003619932394940406,0.9941012263298035
71,3,The continuation almost certainly references the heliocentric model.,"almost certainly referencing the heliocentric model (""the Earth orbits the Sun"")","almost certainly referencing the flat-Earth model (""the Earth is a disc"")",True,0.0028026502,0.99683857,0.00035876106,0.0024438892,0.0018895051907747984,0.7667604088783264,0.0038507464341819286,0.6143302917480469
72,0,"The text belongs to a pseudoscientific, conspiracy or New Age genre making predictions about ancient civilizations, ET contact and human evolution.","Pseudoscientific/conspiracy/New Age genre establishing predictions about ancient civilizations, ET contact, and human evolution trajectory","Peer-reviewed/technical/engineering genre reporting measurements of bridge loads, steel fatigue, and concrete curing times",True,0.46337292,0.5104087,0.026218409,0.4371545,0.00016937055625021458,0.9982206225395203,0.00022906177036929876,0.995444655418396
72,1,The text follows an escalating rhetorical structure.,The text follows an escalating rhetorical structure,"The text follows a flat, deflating rhetorical structure",True,0.96620196,0.030892143,0.0029058685,0.9632961,8.612056262791157e-05,0.9996127486228943,0.00013388825755100697,0.9994639754295349
72,2,The listed concepts build toward a climactic vision of human advancement.,building toward a climactic vision of human advancement,trailing off into a bleak account of human decline,True,0.043559507,0.9534296,0.0030109421,0.040548563,4.556045314529911e-05,0.9996232986450195,7.34744462533854e-05,0.9990057349205017
72,3,"The final token is ""as"", and a noun phrase completing what humanity evolves as is required.",requiring a noun phrase completing what humanity evolves *as*,requiring a finite verb completing what humanity evolves *from*,True,0.97701716,0.007987387,0.014995444,0.9620217,0.06344771385192871,0.8333147764205933,0.06277618557214737,0.8350290060043335
73,0,The text is in a scientific textbook register with a structured argument about Earth's life zones and energy sources.,Scientific textbook register with structured argument about Earth's life zones and energy sources,Tabloid gossip register with rambling chatter about celebrity weddings and diet fads,True,0.0040690405,0.9937186,0.002212299,0.0018567415,0.0001735192199703306,0.9892731308937073,0.0001543258986203,0.9892393350601196
73,1,"The text moves from solar-dominated regions to exceptions, listing alternative energy zones.","the text moves from solar-dominated regions to exceptions, listing alternative energy zones (geothermal, radioactive)","the text stays within solar-dominated regions throughout, listing only sunlit habitats (deserts, savannas)",True,0.13549867,0.7443975,0.120103806,0.0153948665,5.063349090050906e-05,0.9997276663780212,4.277044354239479e-05,0.9989311099052429
73,2,"The final fragment ends with ""of"" and sets up a noun phrase, almost certainly ""sunlight"" or ""photosynthesis"".","metabolically active independently of"" sets up a noun phrase completing the dependency clause, almost certainly ""sunlight"" or ""photosynthesis""","metabolically active independently until"" sets up a finite verb completing the temporal clause, almost certainly ""reproduce"" or ""migrate""",True,0.94898576,0.004714799,0.04629945,0.9026863,0.008884553797543049,0.8316209316253662,0.005374622531235218,0.9602898359298706
73,3,The fragment signals the contrast between surface life requiring sunlight and chemosynthetic ecosystems.,also signaling the logical contrast between surface life requiring sunlight and chemosynthetic or indirectly-dependent ecosystems,"also signaling the seamless continuity between surface life and deep-crust life, both equally reliant on sunlight",True,0.9770222,0.004160041,0.018817782,0.9582044,0.0001483989617554471,0.993012011051178,0.0004806604702025652,0.9944317936897278
74,0,"The text is a BBC science documentary promotional register introducing Juno's revelations about Jupiter in an enthusiastic, accessible tone.","BBC science broadcast/documentary promotional register, introducing Juno mission revelations about Jupiter with enthusiastic, accessible tone","Dry legal contract register, stipulating insurance liabilities about vehicles with detached, technical tone",True,0.00802451,0.9748711,0.017104413,-0.009079903,0.00014938597450964153,0.9976661205291748,0.004414525348693132,0.8799121975898743
74,1,The text has outlined the mission's achievements and sets up a payoff listing specific discoveries.,"The text has outlined the mission's dramatic achievements (time spent, orientation change, data revolution), setting up a payoff listing specific scientific discoveries","The text has outlined the mission's embarrassing failures (budget overruns, lost contact, corrupted data), setting up a demand for a formal inquiry",True,0.30138668,0.6267651,0.07184824,0.22953844,8.206452912418172e-05,0.9982469081878662,6.0542231949511915e-05,0.9987688660621643
74,2,"The final phrase ends with ""from"" and opens a list or range.","Final phrase ""We'll explore Juno's amazing discoveries, from"" opens a structural list or range","Final phrase ""We'll explore Juno's amazing discoveries, tonight"" closes a complete sentence",True,0.8141992,0.090066195,0.095734626,0.7184646,0.023793235421180725,0.4802390933036804,0.002357669873163104,0.9832632541656494
74,3,"""From"" signals a paired construction or a continuing series of surprising discoveries.","""From"" signals a paired construction or series continuing, likely listing multiple surprising discoveries revealed by new data","""Tonight"" signals a closing sign-off, likely ending the segment before the weather report",True,0.1358305,0.8568001,0.007369465,0.12846105,9.251703886548057e-05,0.9931557774543762,0.00021185021614655852,0.9686066508293152
75,0,The text is a biographical profile from a Boeing press release listing career history in reverse chronological order.,"Biographical resume/profile format from Boeing's press release, listing career history chronologically in reverse","Fictional short-story format from a children's magazine, narrating a dragon's adventures in strict forward order",True,0.00231087,0.99530953,0.002379573,-6.870297e-05,9.36311625991948e-05,0.9992436170578003,0.0004140129894949496,0.9955529570579529
75,1,The sentence structure signals a continuing list of NASA space station locations or divisions.,signals a continuing list of NASA space station locations/divisions,"signals a closed, finished list of Parisian bakeries/cafés",True,0.82989,0.14049476,0.029615128,0.8002749,6.153361755423248e-05,0.9993857145309448,0.00011178340355399996,0.9987096786499023
75,2,"The final token ""Prime"" is part of an incomplete organizational or location name.","Final token ""Prime"" is part of an incomplete organizational/location name","Final token ""Bakery"" is the complete end of a finished sentence",True,0.9797723,0.0021769945,0.018050613,0.9617217,0.0002300999767612666,0.9960581064224243,0.0010643081041052938,0.9905520677566528
75,3,A facility or role designation noun is expected next.,expecting a facility or role designation noun to follow,expecting a full stop and a new paragraph to follow,True,0.0073460224,0.99171174,0.0009421866,0.006403836,0.00045358293573372066,0.9796125888824463,0.020385567098855972,0.5945911407470703
76,0,The text is in an encyclopedic/journalistic register presenting a factual discovery about early geological assembly on Mars.,Encyclopedic/journalistic register presenting a factual discovery about early geological assembly on Mars,Satirical/comedic register presenting a fictional prank about late-night pizza delivery on Venus,True,0.93984634,0.04815982,0.011993782,0.9278526,0.0002460239629726857,0.9888095259666443,0.0005171084776520729,0.9855813384056091
76,1,The quoted expert statement sets up a concluding definition or timeframe about the epoch's significance.,sets up a concluding definition or timeframe about the epoch's significance,sets up an unrelated aside or digression about the author's childhood,True,0.8954159,0.09215616,0.012427907,0.882988,0.00026657525449991226,0.9851018190383911,0.03129618242383003,0.47914910316467285
76,2,"The final token ""this"" opens a temporal phrase.","Final token ""this"" opens a temporal phrase","Final token ""ago"" closes a temporal phrase",True,0.99348724,0.0027796223,0.003733092,0.98975414,0.00033476026146672666,0.9959592223167419,0.0002827801217790693,0.9971319437026978
76,3,"A noun like ""day"" or ""present moment"" is required next to complete the phrase.","immediately requiring a noun like ""day"" or ""present moment"" to complete the phrase","immediately requiring a verb like ""erupted"" or ""collapsed"" to begin a new clause",True,0.8118902,0.11292331,0.07518642,0.73670375,0.00038243673043325543,0.9808478355407715,0.0005144438473507762,0.9429404139518738
77,0,The text is a news brief/announcement with a structured event listing about a planetarium presentation.,"News brief/announcement genre signals a structured event listing with time, location, and content details about a planetarium presentation","Private diary genre signals a rambling confession with doubts, regrets, and gossip about a failed romance",True,0.054023948,0.21462302,0.731353,-0.67732906,0.00023127271560952067,0.9836903214454651,0.00020193330419715494,0.9924554824829102
77,1,The text is shifting to post-show logistics or interactive opportunities.,the text is now shifting to post-show logistics or interactive opportunities,the text is now shifting to the presenter's biography and credentials,True,0.3981591,0.58844095,0.013399937,0.38475916,8.940245606936514e-05,0.9940614104270935,7.062611257424578e-05,0.9926974177360535
77,2,"The clause ending in ""on hand"" is incomplete and mid-sentence.","""After the show, astronomers will be on hand"" is an incomplete clause mid-sentence","""After the show, astronomers will be on stage"" is a complete sentence at its end",True,0.9858329,0.0028236154,0.011343481,0.97448945,0.011667459271848202,0.7454814910888672,0.010516637936234474,0.9615857005119324
77,3,A predicate phrase describing what the astronomers will do is required next.,immediately requiring a predicate phrase describing what the astronomers will do,immediately followed by a new sentence describing the parking arrangements,True,0.09177172,0.9034036,0.0048246947,0.086947024,0.0007107008132152259,0.29380327463150024,0.00018702818488236517,0.995835542678833
78,0,"The text is a technical quarterly progress report in a numbered, formal bureaucratic style.","Technical quarterly progress report (Los Alamos Solar Facility), following numbered section format with formal bureaucratic documentation style","Whimsical bedtime story (The Sleepy Dragon), following rhyming couplet format with playful nursery-rhyme style",True,0.06719224,0.8999006,0.03290717,0.034285072,0.01996259205043316,0.8843701481819153,0.04739650338888168,0.6391319632530212
78,1,Section 5.1 describes parallel ongoing activities.,"Section 5.1 describes parallel ongoing activities with conjunction ""At the same time,""","Section 5.1 describes a single completed activity with the closing phrase ""In conclusion,""",True,0.039904155,0.95040727,0.00968863,0.030215524,0.00022790142975281924,0.9981698989868164,0.00023921311367303133,0.9958373308181763
78,2,"The final token ""requests"" ends an incomplete sentence.","Final token ""requests"" ends an incomplete sentence (""Meanwhile, requests"")","Final token ""approved"" ends a complete sentence (""Meanwhile, approved"")",True,0.9791134,0.006714206,0.014172393,0.964941,0.0017883674008771777,0.8484510779380798,0.002426059916615486,0.8586909770965576
78,3,"A noun phrase object such as ""for permits"" or ""for proposals"" is required next.","requiring a noun phrase object, likely ""for permits,"" ""for proposals,"" or ""documents to...""","requiring a full stop, likely ""Section 5.2,"" ""Table 3,"" or ""Figure 4...""",True,0.42694739,0.5228515,0.050201043,0.37674636,0.0011894329218193889,0.9961973428726196,0.3115626275539398,0.38935860991477966
79,0,The text is a professional biography of a NASA educator/scientist listing affiliations and roles.,"Professional biography format established for a NASA educator/scientist, listing institutional affiliations and roles","Casual restaurant review format established for a food blogger, listing favorite dishes and prices",True,0.99258316,0.0021003578,0.0053165182,0.98726666,7.427714444929734e-05,0.9962061643600464,7.40729010431096e-05,0.9973552227020264
79,1,A specific university name is required to complete the parallel credential structure.,requiring a specific university name to complete the parallel credential structure,requiring a closing punctuation mark to end the finished credential sentence,True,0.96965426,0.008912782,0.021432918,0.9482213,0.04859185591340065,0.0653555691242218,0.004728352651000023,0.024786897003650665
79,2,"The final token ""from"" is a preposition completing the PhD origin phrase.","Final token ""from"" is a preposition completing the PhD origin phrase","Final token ""Davis"" is a proper noun closing the BS origin phrase",True,0.98828083,0.0016640397,0.010055062,0.97822577,0.0003540145407896489,0.993303120136261,0.0005469237803481519,0.9946725964546204
79,3,"A university name, most likely another UC or major institution, is expected immediately.","immediately requiring a university name, most likely another UC or major institution","immediately requiring a year of graduation, most likely 1998 or 2003",True,0.0011529485,0.9982407,0.00060637563,0.00054657285,0.0002908018068410456,0.9899942278862,0.0016727553447708488,0.9498167037963867
80,0,The text is an encyclopedic reference article with dense Latin citations and numbered entries about ancient calendars.,"Encyclopedic dictionary/reference article style (likely Chambers or Britannica) with dense Latin citations, numbered definitional entries about ancient calendars","Teenage text-message style (likely WhatsApp or Snapchat) with sparse emoji, unnumbered casual remarks about weekend plans",True,0.12185496,0.83435553,0.0437895,0.07806546,5.800677899969742e-05,0.9989560842514038,0.00025299438857473433,0.9952119588851929
80,1,The text now shifts to a general discussion of the calendar and timekeeping.,"now shifts to calendar/timekeeping general discussion, establishing chronological scope","now shifts to cooking/baking practical tips, establishing culinary scope",True,0.021204349,0.9654223,0.013373414,0.007830935,0.0030210234690457582,0.9889179468154907,0.0009981206385418773,0.9966192245483398
80,2,"The final fragment ending in ""of"" is an incomplete clause mid-sentence.","Final fragment ""deals with the Calendar proper, attending to that part of"" is an incomplete clause mid-sentence","Final fragment ""deals with the Calendar proper, attending to that part only"" is a complete clause at sentence end",True,0.8233007,0.09876231,0.07793691,0.74536383,0.008952348493039608,0.5468751788139343,0.0026605110615491867,0.9640049338340759
80,3,A noun phrase specifying a domain or subsection is required next.,requiring a noun phrase specifying what domain or subsection,requiring a full stop marking the end of the entry,True,0.22018437,0.68153524,0.09828039,0.12190398,0.0006481368327513337,0.9848785996437073,0.04751897603273392,0.10109008103609085
81,0,"The text is a formal academic event announcement giving a speaker, date and institutional affiliation.","Formal academic event announcement, announcing a speaker, date, and institutional affiliation","Casual family group chat, sharing a recipe, a joke, and a holiday photo",True,0.9872521,0.00411425,0.008633653,0.97861844,7.507377449655905e-05,0.9990548491477966,0.0001429084804840386,0.9982579350471497
81,1,"The sentence promises a full event description with speaker name, title and lecture topic.","The sentence structure promises a full event description: speaker name (Eric Feron), title (2023 Space Prize winner/former Orion Director), and topic of a Visiting Distinguished Lecture","The sentence structure promises a terse cancellation notice: event name (Spring Gala), reason (venue flooding/staff strike), and refund instructions for ticket holders",True,0.9801926,0.0029421935,0.016865145,0.96332747,6.492686952697113e-05,0.9983772039413452,0.00017603044398128986,0.99772709608078
81,2,"The final phrase ""and entitled"" requires an immediate quoted title string.","""and entitled"" is a transitional phrase requiring an immediate quoted title string","""and concluded"" is a closing phrase requiring an immediate full stop",True,0.97251713,0.004148955,0.0233339,0.9491832,0.0009809223702177405,0.9832803010940552,0.05272292718291283,0.6078174710273743
81,3,"The word ""entitled"" demands a quoted lecture name immediately.","The ""entitled"" demands a quoted/titled lecture name immediately","The ""concluded"" demands a period and a new paragraph next",True,0.88031465,0.09310216,0.026583198,0.85373145,0.0006157418247312307,0.9710264205932617,0.0006835449603386223,0.9625029563903809
82,0,The text is an Italian/English hybrid science journalism register using past tense narrative framing.,"Italian/English hybrid science journalism register, using past tense narrative framing","Pure American sports commentary register, using present tense play-by-play framing",True,0.4377148,0.3381211,0.22416404,0.21355075,5.220115417614579e-05,0.998969554901123,8.402454113820568e-05,0.998412013053894
82,1,The text has been building toward describing a mysterious FRB-like radio emission near the Milky Way.,the text has been building toward describing a mysterious FRB-like radio emission near the Milky Way,the text has been building toward describing a routine software update for the observatory's website,True,0.46903235,0.38276628,0.1482014,0.32083094,5.6874414440244436e-05,0.9948793649673462,0.0003080472524743527,0.943731427192688
82,2,"The final token ""signal"" (in ""The radio signal"") opens a new descriptive sentence re-identifying the subject.","Final token ""The radio signal"" opens a new descriptive sentence identifying the subject anew","Final token ""The radio telescope"" closes an old descriptive sentence dismissing the subject entirely",True,0.9732101,0.0050671957,0.021722617,0.9514875,0.00010002242925111204,0.9988688826560974,0.00171142618637532,0.9851518273353577
82,3,A verb or relative clause continuing the explanation of the signal's properties is required next.,"immediately requiring a verb or relative clause continuing the explanation of its specific properties, source, or designation",immediately requiring a full stop and a paragraph break abandoning the explanation of its properties,True,0.2785266,0.70192736,0.01954609,0.2589805,0.00013076546019874513,0.9993011951446533,0.00016552058514207602,0.9986640214920044
83,0,The text is a news/entertainment promotional announcement for a novelty food/drink product at a chain.,News/entertainment promotional register: announcement-style text for novelty food/drink product at chains like Chipotle/Starbucks,Academic/legal formal register: statute-style text for zoning regulations at municipalities like Boston/Denver,True,0.99634415,0.0017173999,0.001938482,0.9944057,0.0005657927831634879,0.9685354828834534,0.0007239755941554904,0.9727502465248108
83,1,"The sentence sets up a descriptive payoff about the drink's appearance, ingredients or experience.","sets up a descriptive payoff explaining the drink's appearance, ingredients, or experience","sets up a corporate apology announcing the drink's recall, refunds, and lawsuits",True,0.9100809,0.084795505,0.005123542,0.90495735,0.004421797581017017,0.727825939655304,0.08467093855142593,0.060600295662879944
83,2,"The final token ""it"" is a pronoun opening a new clause mid-sentence.","""it"" is a pronoun opening a new clause mid-sentence","""March"" is a noun closing a finished sentence",True,0.93289864,0.034549676,0.032551643,0.900347,0.00019705195154529065,0.9972575306892395,0.0022548793349415064,0.9816828966140747
83,3,The continuation likely references the drink's dramatic black-and-purple layered look or flavor.,likely referencing its dramatic black-and-purple layered aesthetic or flavor,likely referencing its plain white paper cup or price,True,0.001361054,0.9981621,0.0004768427,0.00088421133,7.079069473547861e-05,0.9989051818847656,4.625013025361113e-05,0.9990229606628418
84,0,"The text has an accessible, non-expert-facing science communication tone.","Science communication article tone: accessible, non-expert-facing","Peer-reviewed journal tone: dense, specialist-facing",True,0.9221429,0.06100037,0.016856682,0.90528625,0.00010826428479049355,0.9940822720527649,0.00021589422249235213,0.9967832565307617
84,1,Findings about Jupiter's moon Io and magnetic field data have been stated.,findings about Jupiter's moon Io and magnetic field data have been stated,findings about Saturn's rings and gravitational lensing have been withheld,True,0.0048693703,0.9935894,0.0015412197,0.0033281506,0.00013713630323763937,0.9806542992591858,0.0010581318056210876,0.35182908177375793
84,2,"The final fragment ending in ""around"" is a mid-sentence climax of rhetorical surprise.","Final fragment ""how little we know about basically everything around"" is a mid-sentence climax of rhetorical surprise at mystery","Final fragment ""how little we know about basically everything here"" is a sentence-final anticlimax of rhetorical boredom at routine",True,0.97293323,0.016384425,0.010682392,0.9622508,0.0001717611594358459,0.9985640645027161,0.000187552475836128,0.9986271858215332
84,3,"A closing noun phrase like ""us"" or ""the universe"" is expected next.","immediately expects a closing noun phrase like ""us,"" ""our solar system,"" or ""the universe.""","immediately expects a new clause opener like ""but,"" ""although,"" or ""whereas.""",True,0.028910689,0.96725804,0.0038313426,0.025079347,0.0002069817273877561,0.9975916147232056,0.00020503101404756308,0.9978873133659363
85,0,The text has an enthusiastic personal blog/review tone sharing childhood memories about books.,Enthusiastic personal blog/review tone sharing childhood memories about books and meaningful themes,Detached corporate memo tone reporting quarterly figures about logistics and shipping costs,True,0.0067557143,0.96422654,0.029017769,-0.022262055,0.0014717348385602236,0.9250069856643677,0.00016669812612235546,0.9959945678710938
85,1,"The transition introduces new literary publishing content, specifically picture books.","signals a segue introducing new literary publishing content, specifically picture books","signals a segue introducing new kitchen appliance content, specifically espresso machines",True,0.21377179,0.78194475,0.004283425,0.20948836,0.00034661570680327713,0.948160707950592,0.000992409884929657,0.886519193649292
85,2,"The final fragment ""two picture"" begins listing published works from Globe Pequot Press.","Final fragment ""two picture"" begins listing published works from Globe Pequot Press","Final fragment ""two years"" begins recounting time spent away from Globe Pequot Press",True,0.0051781535,0.7745336,0.22028822,-0.21511006,0.00029917663778178394,0.9852429628372192,0.0003593575384002179,0.990725576877594
85,3,"The next tokens are strongly constrained to ""book"" or ""picture book"" titles.","strongly constraining next tokens to ""book"" or ""picture book"" history/science/geography titles","leaving next tokens wide open to any verb, adverb, or unrelated aside",True,0.042224202,0.9089858,0.04878997,-0.0065657683,8.866382268024608e-05,0.9994196891784668,8.77511702128686e-05,0.9988390803337097
86,0,The text has an educational/informative blog tone about physics and sports aerodynamics.,Educational/informative blog tone about physics and sports aerodynamics,Angry/polemical op-ed tone about tax policy and city council corruption,True,0.8475494,0.14721009,0.005240472,0.8423089,0.0001055438187904656,0.9882168173789978,5.985280222375877e-05,0.9990344047546387
86,1,The passage pivots to a broader aerodynamic principle about round objects and turbulence.,then pivots to a broader aerodynamic principle about round objects and turbulence,then pivots to a personal anecdote about a rained-out picnic,True,0.11438658,0.8836114,0.002002054,0.11238453,0.00045693028368987143,0.9398137927055359,0.010982531122863293,0.022359322756528854
86,2,"The final clause ending in ""that"" is an incomplete relative clause requiring immediate elaboration.","Final clause ""something that totally matters when it comes to in-flight aerodynamics – a problem that"" is an incomplete relative clause requiring immediate elaboration","Final clause ""something that totally matters when it comes to in-flight aerodynamics – a problem indeed"" is a complete main clause closing the paragraph",True,0.9182868,0.033776842,0.0479363,0.8703505,0.00045433457125909626,0.996688187122345,0.000503217801451683,0.9973129630088806
86,3,The continuation likely introduces historical or practical examples.,likely introducing historical or practical examples,likely introducing the author's holiday plans,True,0.0036984119,0.9958599,0.0004417123,0.0032566995,0.00014108847244642675,0.9855446219444275,0.00038229834171943367,0.980492889881134
87,0,The text is a personal social media/blog post celebrating an achievement in a warm Australian colloquial register.,"Personal social media/blog post celebrating an achievement, signaling continued warmth and gratitude in Australian colloquial register","Formal legal notice announcing a lawsuit, signaling cold hostility and threat in American statutory register",True,0.7554359,0.2127686,0.031795546,0.7236403,0.0019226453732699156,0.9374422430992126,0.0015840529231354594,0.8941953182220459
87,1,Judy Harvey is introduced as the event organizer and presenter.,Judy Harvey introduced as the event organizer and presenter,Judy Harvey introduced as a rival nominee and critic,True,0.00020729378,0.0026465496,0.9971462,-0.9969389,0.00037065864307805896,0.9827342629432678,0.0006274920888245106,0.9704169034957886
87,2,"The final token ""Judy"" begins a closing remark about Judy Harvey.","Final token ""Judy"" begins a closing remark or sentence about Judy Harvey's role, qualities, or personal sentiment","Final token ""Cheers"" ends the post outright as a farewell sign-off before the comments section",True,0.027116353,0.23061785,0.74226576,-0.7151494,0.00015031080693006516,0.9902116656303406,0.0007203013519756496,0.9869018197059631
87,3,"A sentence about Judy's influence, friendship or admiration is expected next.","creates immediate expectation of a sentence continuing with Judy's influence, friendship, or admiration","creates immediate expectation of a paragraph switching to the weather, traffic, or parking",True,0.5839123,0.41446036,0.0016273264,0.582285,7.781024760333821e-05,0.9958027005195618,0.002116680145263672,0.8707720041275024
88,0,The text is an academic job posting in a formal register about a PhD/residential fellowship.,"Academic/job posting genre signals: formal register, PhD/residential fellowship context at Cranfield or similar institution","Tabloid/gossip column genre signals: breezy register, celebrity divorce context at Hollywood or similar scene",True,0.1386947,0.74721813,0.11408716,0.024607547,0.00045145777403376997,0.9750228524208069,0.0008324430091306567,0.9909268617630005
88,1,The information builds toward listing specific research positions or topics.,Offered information builds toward listing specific research positions or topics,Offered information builds toward a single closing thank-you to donors,True,0.89738244,0.08771059,0.014906925,0.8824755,0.00046719275997020304,0.9368304014205933,0.0003425490576773882,0.9261196255683899
88,2,"The final phrase ending in ""following"" introduces a list.","Final phrase ""The posts are for the following"" is an introduction to a list","Final phrase ""The posts are for two years"" is the end of a complete sentence",True,0.7222991,0.0793172,0.1983837,0.5239154,0.0010564664844423532,0.7747853994369507,0.0006425117026083171,0.9936448335647583
88,3,"An immediate specification of research topics, positions or project areas is required.","requiring an immediate specification of research topics, positions, or project areas",requiring a full stop followed by contact details for the HR office,True,0.0157215,0.89430314,0.08997537,-0.07425387,0.0026345872320234776,0.5915753245353699,0.01171567291021347,0.6377828121185303
89,0,The text is a blog/newsletter covering Florida nature and wildlife topics.,Blog/newsletter style covering Florida nature/wildlife topics,Court transcript style recording Nevada casino/gambling disputes,True,0.04665913,0.95110446,0.0022364496,0.044422682,8.72537202667445e-05,0.9990131855010986,3.865574035444297e-05,0.9993411898612976
89,1,The text transitions from a marine winter event to the fall foliage season.,The text transitions from marine winter event to fall foliage season,The text transitions from marine winter event to summer boat sales,True,0.9901545,0.0019226805,0.007922731,0.9822318,0.0001337484864052385,0.9906507730484009,0.0003080773167312145,0.994931161403656
89,2,"The final token ""trees"" (in ""Many trees"") begins a clause about why leaves change color.","""Many trees"" begins a descriptive or explanatory clause about why leaves change color","""Many tourists"" begins a promotional clause about where to buy sunscreen",True,0.8336673,0.11048041,0.055852227,0.77781504,0.00013803335605189204,0.9909324645996094,0.00026807995163835585,0.9829529523849487
89,3,The continuation should name tree types or explain the biology of leaf color change.,demands continuation naming tree types or explaining the biology of leaf color change,demands continuation listing hotel prices or describing the beach parking,True,0.0074078315,0.9913049,0.001287288,0.0061205435,0.0001865327503765002,0.9951393604278564,0.00022188431466929615,0.9929208159446716
90,0,The text is an educational astronomy blog essay whose sections each introduce a topic with expanding context.,"Educational astronomy blog essay structure: each section introduces a topic (Milky Way visibility, light pollution facts) with expanding context","Commercial real-estate listing structure: each section prices a property (downtown lofts, suburban condos) with shrinking detail",True,0.15979932,0.82310104,0.017099608,0.14269972,0.0016385327326133847,0.9322035312652588,0.0003168660041410476,0.9957120418548584
90,1,"The text has shifted to light pollution as the problem, recapping older naturally dark skies.","text has shifted to light pollution as the problem, recapping older, naturally dark skies","text has shifted to cloud cover as the blessing, praising newer, brightly lit streets",True,0.9063399,0.08037353,0.013286629,0.89305323,6.743726407876238e-05,0.9992032647132874,0.00026934678317047656,0.997289776802063
90,2,"The final token ""up"" ends the verb phrase ""could look up"".","Final token ""up"" ends a verb phrase ""people in towns and even in cities could look up""","Final token ""away"" ends a verb phrase ""people in towns and even in cities could look away""",True,0.98044395,0.004522655,0.015033351,0.9654106,0.0016909032128751278,0.9867369532585144,0.0034534079022705555,0.9650444388389587
90,3,A noun phrase or subordinate clause describing what they could see is required next.,"grammatically requires a noun phrase or subordinate clause describing what they could see (stars, sky, the Milky Way)","grammatically requires a full stop and then a new sentence about ticket prices (adults, children, seniors)",True,0.7836063,0.20571761,0.010676107,0.7729302,7.734649261692539e-05,0.9976311922073364,0.0018588665407150984,0.96668541431427
91,0,The text is a broadcast journalism/news archive with NASA event coverage dated July 2012.,"Broadcast journalism/news article archive format with NASA event coverage and timestamps, dated July 2012","Handwritten diary/private journal format with family holiday memories and doodles, dated July 1962",True,0.21942186,0.6650638,0.11551434,0.103907526,7.624802674399689e-05,0.9989503026008606,8.774302114034072e-05,0.9987462759017944
91,1,The text transitions from a news story about Obama to photo captions about NASA images.,The text transitions from a news story about Obama to photo captions about NASA images,The text transitions from a cake recipe to knitting instructions for a scarf,True,0.008543539,0.9874988,0.0039576245,0.0045859143,4.818668821826577e-05,0.9970765113830566,4.6435972762992606e-05,0.9952314496040344
91,2,"The caption ending in ""drill"" is incomplete and mid-sentence.","""NASA's Curiosity rover tests a practice drill"" is an incomplete photo caption mid-sentence","""NASA's Curiosity rover tests a practice landing"" is a complete photo caption at its end",True,0.9858118,0.0046734754,0.009514724,0.9762971,0.00021146461949683726,0.9917067289352417,0.0009683971875347197,0.9937451481819153
91,3,"The next tokens must complete the drilling action, likely describing where or how the drill was tested.","next tokens must complete this action, likely describing where/how the drill was tested","next tokens must open a new caption, likely naming a different spacecraft and date",True,0.046377234,0.9512184,0.0024043391,0.043972895,0.0001249526540050283,0.9968044757843018,0.002077503828331828,0.41167309880256653
92,0,The text is educational guide prose focused on amateur astronomy and star-hopping.,Educational/guide prose tone with consistent domain focus on amateur astronomy and star-hopping,Satirical/mocking prose tone with scattered domain focus on celebrity gossip and fashion,True,0.02185414,0.965336,0.012809803,0.009044337,4.309436917537823e-05,0.9986639022827148,4.93505758640822e-05,0.9975045323371887
92,1,The list signals a contrast or qualification about a noted but dated classic guide.,signals a contrast or qualification about a noted but dated/inaccessible classic guide,"signals unreserved praise for a brand-new, widely available bestseller",True,0.7087945,0.28070268,0.010502901,0.6982916,3.9568665670230985e-05,0.9992460012435913,0.005922110751271248,0.8370340466499329
92,2,"The final token ""if"" opens a conditional clause mid-description.","Final token ""if"" opens a conditional clause mid-description of the Pears note","Final token ""guide"" closes a complete noun phrase at the end of the Pears note",True,0.59091324,0.3746914,0.034395274,0.55651796,0.0003375491942279041,0.9886871576309204,0.0006638082559220493,0.985325813293457
92,3,"A contrasting qualifier like ""if slightly dated"" is required next.","immediately requiring a contrasting qualifier, likely ""if slightly dated"" or ""older format.""","immediately requiring a firm price tag, likely ""$29.95"" or ""free online.""",True,0.030948222,0.96536005,0.0036917287,0.027256493,0.000550666416529566,0.9917466640472412,0.28000545501708984,0.13181793689727783
93,0,The text is a comparative astronomy description contrasting terrestrial and Jovian planets.,"Comparative astronomy description, contrasting terrestrial vs. Jovian planets across size, density, and composition","Personal travel diary, recounting a weekend in Lisbon across meals, museums, and tram rides",True,0.9235263,0.05210179,0.024371969,0.8991543,0.027190864086151123,0.6632930636405945,0.0395372249186039,0.10765714198350906
93,1,The passage is introducing another distinguishing characteristic of gas giants.,is now introducing another distinguishing characteristic of gas giants,is now summarizing the shared features of all eight planets,True,0.041181665,0.95758694,0.0012314182,0.039950248,0.0004514113534241915,0.9844900369644165,0.002358940662816167,0.12434455752372742
93,2,"The clause ending in ""system"" opens a comparative clause that still needs its noun complement.","""Each giant planet has a complex system"" opens a new comparative clause requiring its noun complement","""Each giant planet has a complex history"" closes a finished comparative clause with its object already supplied",True,0.96398336,0.029597076,0.0064195963,0.95756376,0.00020647881319746375,0.9971132278442383,0.0029204280581325293,0.9729414582252502
93,3,"The complement is almost certainly ""of rings and/or many moons/satellites"".","almost certainly ""of rings and/or many moons/satellites,"" the defining subsystems associated with outer planets","almost certainly ""of volcanoes and/or deep oceans,"" the defining features associated with rocky planets",True,0.003232902,0.99610126,0.00066584523,0.0025670566,0.0006371640483848751,0.9644302129745483,0.008937720209360123,0.4194370210170746
94,0,The text is a conversational British tech news article covering SpaceX's booster recovery attempt.,"News article style: conversational British tech journalism tone (""patience, patience,"" ""oh dear""), covering SpaceX's booster recovery attempt","Poetry anthology style: solemn Victorian verse tone (""patience, patience,"" ""oh dear""), mourning a drowned sailor's last voyage",True,0.02378505,0.97119755,0.005017365,0.018767685,0.0001544174738228321,0.9975897073745728,0.0011831613956019282,0.9870813488960266
94,1,The article has introduced the failed April landing and the wider context of booster recovery.,The article has introduced the failed April landing and wider context of booster recovery,The article has introduced the triumphant April launch and wider context of satellite tourism,True,0.857713,0.1265467,0.015740274,0.8419727,9.687812416814268e-05,0.9981791973114014,0.00010376153659308329,0.9984610080718994
94,2,"The sentence ending in ""booster"" is mid-thought and about the Falcon Heavy first stage.","""SpaceX has been trying to land the booster"" opens a sentence mid-thought directly about the Falcon Heavy first stage","""SpaceX has been trying to land the contract"" closes a finished sentence about a government procurement bid",True,0.48751578,0.015353061,0.49713117,-0.0096153915,0.0005751554272137582,0.9903484582901001,0.0007425344665534794,0.9519989490509033
94,3,The next tokens should name the recovered booster component or describe the landing site/method.,next tokens should name the booster component being recovered or describe the intended landing site/method,next tokens should name the agency official being quoted or state the dollar value of the deal,True,0.08048775,0.9179905,0.001521723,0.07896603,0.00015503508620895445,0.989910900592804,0.00012660305947065353,0.9943124055862427
95,0,The text is a scientific explanation of the ring particle lifecycle on Jupiter.,Scientific explanation of ring particle lifecycle on Jupiter,Cooking instructions for caramel sauce on toast,True,0.00029038524,0.0014321207,0.99827754,-0.99798715,0.004468846600502729,0.08899546414613724,0.004707877989858389,0.062390465289354324
95,1,The sentence sets up a deposition/atmospheric entry mechanism for the organic atoms in Jupiter's atmosphere.,sets up a deposition/atmospheric entry mechanism describing what happens to the organic atoms in Jupiter's atmosphere,sets up a launch/orbital escape mechanism describing how the probes leave Jupiter's gravity forever,True,0.007418,0.95650357,0.036078483,-0.028660484,0.00117550790309906,0.6419013142585754,0.00041366193909198046,0.016466282308101654
95,2,"The final clause ""where they"" is an incomplete relative clause demanding a verb phrase.","Final clause ""where they"" is an incomplete relative clause demanding a verb phrase continuation","Final clause ""where else"" is a complete question fragment ending the paragraph",True,0.95850414,0.012196098,0.029299809,0.92920434,0.0003668884455692023,0.9938631057739258,0.013945348560810089,0.8644548654556274
95,3,"The continuation most likely describes ionization, burning or deposition.","most likely describing ionization, burning, or deposition","most likely describing cooling, freezing, or crystallization",True,0.008201667,0.98863935,0.003158938,0.005042729,0.0003701288078445941,0.9967832565307617,0.0005386103875935078,0.9969242215156555
96,0,The text is informational explainer journalism about a comet's passage.,Informational/explainer journalism tone covering comet 2I/Borisov passage,Sentimental/romantic fiction tone covering a couple's honeymoon voyage,True,0.794525,0.14444669,0.061028335,0.73349667,0.00013070723798591644,0.9949620962142944,0.00013088301056995988,0.9982479810714722
96,1,The article has been describing 21P's characteristics and close approach events.,The article has been describing 21P's characteristics and close approach events,The article has been describing a chef's recipes and holiday dinner menus,True,0.1756886,0.08264569,0.7416657,-0.5659771,6.287479482125491e-05,0.9936238527297974,0.0005462794797495008,0.9915621876716614
96,2,A natural next topic switch addresses the comet's orbital mechanics or origin.,"a natural next topic switch addresses its orbital mechanics or origin, providing scientific context","a natural next topic switch addresses its flavour pairings or price, providing culinary context",True,0.02846724,0.9695481,0.0019846128,0.026482627,0.0004388911183923483,0.9741587042808533,0.00027244427474215627,0.9911813735961914
96,3,"The final token ""circles"" opens a new sentence describing the comet's orbit.","""The comet circles"" opens a new sentence describing 21P/RRpedia's orbit","""The comet vanished"" closes a final sentence describing 21P/RRpedia's disappearance",True,0.9440084,0.033984903,0.02200668,0.9220017,0.0001590196625329554,0.997660756111145,0.00033016243833117187,0.9958017468452454
97,0,The text is an educational essay exploring Earth's oceans from a planetary perspective.,Educational essay/article exploring Earth's oceans through the lens of Earth-as-planet perspective,Satirical comedy sketch mocking city traffic through the lens of a taxi driver's perspective,True,0.4813941,0.32749423,0.19111171,0.2902824,0.0023439181968569756,0.845980167388916,0.009666470810770988,0.8142414689064026
97,1,"The ""End of Part 1"" marker signals a structured multi-part series.","The ""End of Part 1"" marker signals a structured multi-part series","The ""End of Part 1"" marker signals a self-contained single piece",True,0.012846603,0.982395,0.0047584185,0.0080881845,0.00019360049918759614,0.9991146922111511,0.0002300539636053145,0.9978057742118835
97,2,"The final token ""Space"" is mid-phrase, part of a closing call-to-action.","The final token ""'Sea & Space"" is mid-phrase, part of a closing call-to-action","The final token ""'Sea & Sand"" ends the phrase, part of an opening disclaimer",True,0.42458412,0.4955415,0.07987443,0.3447097,0.00015138284652493894,0.9992235898971558,0.00022101443028077483,0.9987338185310364
97,3,The next expected token closes the quotation mark.,immediately requires closing the quotation mark,immediately requires opening a parenthesis,True,0.25179347,0.73537946,0.01282708,0.23896639,0.000487922370666638,0.9957485795021057,0.0004298329877201468,0.9978883862495422
98,0,The text is technical documentation for the TESS mission.,Technical documentation style for the TESS mission,Romantic poetry style for a wedding toast,True,0.0041488204,0.31295714,0.682894,-0.67874515,0.00012561351468320936,0.9942781925201416,0.0001248904300155118,0.9963080883026123
98,1,The dash signals continuation of a bullet list.,"the dash before ""TESS discovered its first!"" signals bullet-item continuation","the dash before ""TESS discovered its first!"" signals the end of the list",True,0.63618356,0.3440342,0.01978223,0.6164013,0.0013478401815518737,0.9923402070999146,0.00509518850594759,0.9824166297912598
98,2,"The final token ""of"" sets up a reference to a publication or magazine.","Final token ""cover of"" sets up a publication/magazine reference","Final token ""cover up"" sets up a scandal/conspiracy accusation",True,0.9700088,0.020872615,0.009118569,0.96089023,0.003715024096891284,0.8489717245101929,0.003969315905123949,0.9506153464317322
98,3,A specific named publication is required next.,requiring a specific named publication to complete the prepositional phrase,requiring a numeric date to complete the temporal clause,True,0.0022323893,0.9959115,0.0018561457,0.0003762436,0.09311674535274506,0.686702311038971,0.07709328830242157,0.6250237226486206
99,0,The text is an informal teacher blog post about a NASA app for students.,informal teacher blog post about a NASA app for students to explore weather data interactively,formal legal brief about a tax dispute for corporations to contest customs duties in court,True,0.9244286,0.020244572,0.05532682,0.86910176,0.001024399884045124,0.9836739301681519,9.122012852458283e-05,0.9985472559928894
99,1,The post describes features of the View Weather app and field trip suggestions.,the post describes features of the View Weather app and field trip suggestions,the post describes symptoms of the seasonal flu and vaccination schedules,True,0.00052309246,0.0044357562,0.9950412,-0.9945181,8.217529102694243e-05,0.9918152689933777,0.00019826195784844458,0.9611803293228149
99,2,The text is building toward a concluding remark about student engagement.,building toward a concluding remark about student engagement opportunities,building toward an opening question about budget cuts,True,0.9323774,0.06291738,0.0047052326,0.92767215,5.018364390707575e-05,0.9986170530319214,5.023105040891096e-05,0.995663583278656
99,3,"The final token ""endeavors"" ends a closing rhetorical justification.","Final token ""endeavors"" ends a closing rhetorical justification linking weather satellites to broader NASA learning","Final token ""however"" opens an introductory factual list separating weather satellites from broader NASA learning",True,0.8629476,0.11615457,0.020897945,0.84204966,0.00018754844495560974,0.9966572523117065,0.00015888354391790926,0.9987554550170898
100,0,The text is a rhetorical Christian essay using a cloud analogy.,Rhetorical Christian essay structure: analogy between clouds/storms and believers faithfully reflecting God's truth in turbulent times,Technical engineering manual structure: instructions for wiring circuits and grounding equipment safely in wet conditions,True,0.49186787,0.238841,0.26929116,0.22257671,0.029821649193763733,0.3930150270462036,0.1365964114665985,0.03234958276152611
100,1,The theological argument has built toward deeper cloud symbolism.,The theological argument has built toward deeper cloud symbolism,The financial report has drifted away from any cloud symbolism,True,0.016361365,0.9825366,0.0011020466,0.015259318,0.0004532086895778775,0.8114573359489441,0.0029037948697805405,0.2273225486278534
100,2,"The word ""witness"" signals a scripture passage analysis.","""witness"" now signals a specific scripture passage analysis","""witness"" now signals a courtroom testimony transcript",True,0.06321522,0.92712826,0.009656573,0.053558648,0.0001318815047852695,0.9960885047912598,0.00022493726282846183,0.996800422668457
100,3,"The final token ""a"" opens a rhetorical question fragment.","Final token: ""a"" opens a rhetorical question fragment","Final token: ""amen"" closes a declarative prayer sentence",True,0.99555933,0.0021650542,0.0022756143,0.99328375,0.0007440642220899463,0.9919617772102356,0.0012608080869540572,0.9862029552459717
101,0,The text is science journalism about the Gemini Planet Imager's adaptive optics achievements.,Science journalism explaining Gemini Planet Imager's AO achievements,Celebrity gossip mocking a pop singer's wardrobe failures,True,0.96788645,0.005643946,0.026469516,0.9414169,7.275842654053122e-05,0.995083749294281,0.00048738816985860467,0.9888472557067871
101,1,"The text maintains a factual, technical tone with specific data points.",maintaining factual/technical tone with specific data points,maintaining emotional/poetic tone with vague impressions,True,0.7640651,0.21170752,0.024227321,0.73983777,7.025236845947802e-05,0.9990838766098022,0.00010318771819584072,0.9987743496894836
101,2,The comparisons build toward GPI's competitive positioning against peer facilities.,all building toward GPI's competitive positioning against peer facilities,all drifting away from any comparison with peer facilities,True,0.016987491,0.9805772,0.0024353596,0.014552131,9.203334047924727e-05,0.9996091723442078,0.00020088540622964501,0.9989433884620667
101,3,"The final token ""and"" is a conjunction in the middle of a list.","Final token ""and"" is a conjunction mid-list","Final token ""Keck"" is a proper noun ending the list",True,0.9770413,0.0075772773,0.015381441,0.96165985,0.0019733167719095945,0.9640296101570129,0.0009907846106216311,0.9758608341217041
102,0,The text follows a list/catalogue pattern of three separate entries introduced sequentially.,List/catalogue pattern: three separate programming entries or science popularisation snippets introduced sequentially,Single-narrative pattern: one continuous personal diary entry or love letter unfolding without breaks,True,0.97004795,0.014975973,0.014975973,0.955072,0.0001854453148553148,0.9970974922180176,7.921195356175303e-05,0.9980249404907227
102,1,The third entry shifts to early universe cosmology.,the third entry shifts to early universe cosmology,the third entry shifts to medieval cooking recipes,True,0.21601829,0.7534259,0.030555742,0.18546255,7.342701428569853e-05,0.9964128136634827,0.00012054460967192426,0.9979957342147827
102,2,"The final token ""very"" is a dangling intensifier adverb mid-sentence.","Final token ""very"" is a dangling intensifier adverb mid-sentence","Final token ""galaxies"" is a plural noun ending the sentence",True,0.9496486,0.012913076,0.037438277,0.91221035,0.0009145611547864974,0.9366686940193176,0.0006565917865373194,0.9822580814361572
102,3,An adjective is expected to follow immediately.,demanding an adjective immediately following,demanding a numeral immediately following,True,0.64062595,0.33923855,0.020135507,0.62049043,0.0016267893370240927,0.9948818683624268,0.0021072414238005877,0.9919539093971252
103,0,The text is an informal UFO eyewitness report describing a specific sky sighting.,"Informal UFO/paranormal eyewitness report register, describing a specific sky sighting with temporal and directional details","Formal corporate earnings report register, describing a quarterly revenue figure with fiscal and accounting details",True,0.9853308,0.0072987564,0.0073703825,0.97796047,0.0004343363980296999,0.9907734394073486,0.0010596521897241473,0.9842944145202637
103,1,The narrative builds toward credibility reinforcement.,Narrative momentum builds toward credibility reinforcement,Narrative momentum collapses into self-contradiction,True,0.96037614,0.03477733,0.0048465277,0.95552963,8.405755215790123e-05,0.9988043308258057,5.560402132687159e-05,0.9996199607849121
103,2,The writer is escalating to broader personal experience with similar phenomena.,escalating to broader personal experience with similar phenomena,retreating to a single isolated incident with no parallels,True,0.00086375506,0.9985141,0.0006221394,0.00024161563,5.285384031594731e-05,0.9996761083602905,8.309812983497977e-05,0.9990432858467102
103,3,"The final fragment ""I have seen many strange crafts in"" is mid-prepositional phrase requiring completion.","Final fragment ""I have seen many strange crafts in"" is mid-prepositional phrase requiring completion","Final fragment ""I have seen many strange crafts before."" is a complete sentence requiring nothing",True,0.9446086,0.0138071235,0.041584346,0.90302426,0.0005603837198577821,0.997489333152771,0.005883417092263699,0.9760032296180725
104,0,The text is informational/encyclopedic prose about China's Chang'e-4 missions.,Informational/encyclopedic prose style establishing space exploration facts about China's Chang'e-4 missions,Melodramatic/fictional dialogue style establishing romantic tensions about a Parisian couple's affair,True,0.004865946,0.72076124,0.2743728,-0.26950684,0.00014002027455717325,0.9896122813224792,0.004086379427462816,0.9615983366966248
104,1,The sentence structure signals an incomplete institutional name.,signals an incomplete institutional/organizational name,signals a completed weather forecast,True,0.9910444,0.0033708522,0.0055847988,0.9854596,0.00012384178990032524,0.9976377487182617,0.0010204092832282186,0.9894576668739319
104,2,A specific Chinese government or academic body name is required to follow.,requiring a specific Chinese government or academic body name to follow,requiring a personal first name or nickname to follow,True,0.94416887,0.030768052,0.025063153,0.9191057,0.0007665601442568004,0.9847235679626465,0.00013981174561195076,0.9958884119987488
104,3,"The final token ""and"" is a conjunction in the middle of a compound proper noun.","Final token ""and"" is a conjunction mid-compound proper noun","Final token ""Museum"" is a common noun ending the proper noun",True,0.9752721,0.010542058,0.01418589,0.9610862,0.0010069531854242086,0.9408398270606995,0.0013898328179493546,0.9631403088569641
105,0,The text follows a blog/social media feed pattern where each block introduces a distinct space topic.,"Blog/social media feed pattern: each block introduces a distinct space topic segment with narration, links, and guest info","Legal contract clause pattern: each paragraph binds a single party to payment terms with penalties, deadlines, and signatures",True,0.9894866,0.004577759,0.0059356424,0.9835509,0.004507247358560562,0.7654410600662231,0.0008371868170797825,0.9621466994285583
105,1,The feed has been cycling through various space subjects.,"the feed has been cycling through various space subjects — Webb telescope, ISS, exoplanets","the feed has been fixated on one football club — its transfers, matches, managers",True,0.9928935,0.0061331554,0.00097325334,0.9919203,6.817178655182943e-05,0.9963706731796265,0.0002760255301836878,0.9809478521347046
105,2,A new theme about Metal Rockets is now being introduced.,now introducing a new micro-scarlet theme about Metal Rockets,now wrapping up a familiar recurring theme about garden vegetables,True,0.008870383,0.9688186,0.022311034,-0.013440651,3.617263428168371e-05,0.999354898929596,7.50755934859626e-05,0.9990791082382202
105,3,"The final fragment ends mid-sentence after ""with,"" requiring a noun phrase.","ends mid-sentence, requiring a noun phrase (likely a person's name, guest, or resource) following ""with,""","ends a complete sentence, requiring a full stop (never a name, guest, or resource) following ""now.""",True,0.9912208,0.0017731639,0.0070061535,0.9842146,0.00017286077491007745,0.9990857839584351,0.0003312737972009927,0.9972041845321655
106,0,The text is factual/encyclopedic astronomy writing about the Lyrid meteor shower.,Factual/encyclopedic astronomy writing about the Lyrid meteor shower,Whimsical/fictional children's story about a lost puppy,True,0.49130842,0.25327465,0.25541696,0.23589146,0.0005318050389178097,0.98625248670578,0.014941729605197906,0.8262134790420532
106,1,The text establishes technical characteristics like radiant point and comet parent body.,"establishing technical characteristics like radiant point, cosmical month, and comet parent body","establishing emotional characteristics like loneliness, hope, and homesickness",True,0.9127078,0.0616272,0.025664963,0.8870428,0.00030252948636189103,0.9732056260108948,0.0002662341285031289,0.9838412404060364
106,2,The text continues an annual meteor shower description following an established pattern.,Continuation of annual meteor shower description following established pattern,Abrupt end of a wedding speech breaking every established pattern,True,0.39759877,0.5858939,0.016507301,0.38109148,3.2550309697398916e-05,0.9993078708648682,4.228995749144815e-05,0.9993517994880676
106,3,"The final clause ""The Lyrids are visible equally well on"" is an incomplete clause requiring a balancing statement about sky regions.","""The Lyrids are visible equally well on"" is an incomplete comparative/contingency clause requiring a balancing statement about sky regions","""The Lyrids are visible equally well tonight."" is a complete declarative clause requiring no further statement about sky regions",True,0.6237339,0.35888052,0.01738566,0.6063482,0.0002664010680746287,0.998009979724884,0.0006775830406695604,0.9940549731254578
107,0,"The text is an encyclopedic Wikipedia-style article about a fictional location called ""Outpost Theta"".","Encyclopedic Wikipedia-style article about a fictional location (""Outpost Theta"")","Hurried text-message exchange about a real restaurant (""Pizza Palace"")",True,0.0043598535,0.10601712,0.88962305,-0.8852632,5.527105167857371e-05,0.9994732737541199,9.382552525494248e-05,0.9993640780448914
107,1,The text has established a timeline of a first outpost destroyed by Raiders and a second replacement outpost.,"first outpost described with deployment and destruction by Raiders, second outpost introduced as a replacement site in a nearby village","first outpost described as still thriving under its founders, no second outpost ever mentioned anywhere in the region",True,0.98205996,0.0026372336,0.015302731,0.96675724,5.4107949836179614e-05,0.9996893405914307,5.093061554362066e-05,0.9977686405181885
107,2,The second outpost's subsequent fate or history is now expected.,its subsequent fate/history is now expected,its founding date/architect is now expected,True,0.3163843,0.6816633,0.0019524149,0.31443188,0.001380066853016615,0.9397082328796387,0.03533978760242462,0.07521724700927734
107,3,"The final clause ""Theta was likely"" ends mid-sentence, requiring a past-tense speculative clause about the second outpost's fate.","""Theta was likely"" ends mid-sentence, requiring a past-tense speculative clause about this second outpost's fate","""Theta was founded."" ends the sentence, requiring no further clause about this second outpost's fate",True,0.98487663,0.0043520257,0.010771366,0.97410524,0.0005142539157532156,0.9975220561027527,0.0006470149382948875,0.9870218634605408
108,0,The text is a blog post by a developer explaining technical design decisions for a smart lamp project.,Blog post by a developer explaining technical design decisions for a smart lamp project,Sermon by a preacher condemning moral failings of a wealthy congregation,True,0.00379129,0.43353137,0.5626773,-0.55888605,0.00040527433156967163,0.9745396375656128,6.778418901376426e-05,0.9984758496284485
108,1,The text continues enumerating technical challenges and their solutions.,Continued enumeration of technical challenges and their solutions,Abrupt abandonment of all technical discussion,True,0.0021178336,0.99305326,0.00482887,-0.0027110362,4.288928539608605e-05,0.9997521042823792,8.628481737105176e-05,0.999565064907074
108,2,Latitude mapping has already been explained and longitude wrapping is logically next.,"latitude mapping already explained, longitude wrapping logically next","latitude mapping never mentioned, colour palettes entirely finished",True,0.16569746,0.7898714,0.044431135,0.12126632,8.495312067680061e-05,0.9996359348297119,0.00010695969103835523,0.9995197057723999
108,3,"The final clause ending in ""so"" demands an immediate consequence clause.","Final clause ""but since longitude wraps around a full circle across the circle diameter, so"" demands an immediate consequence clause","Final clause ""but since longitude wraps around a full circle across the circle diameter, fine."" closes the thought and demands nothing further",True,0.77852696,0.12647198,0.09500105,0.6835259,0.00129370775539428,0.9884955883026123,0.00043460444430820644,0.9952651262283325
109,0,The text is a biographical/portfolio webpage for a telescope mirror maker.,Biographical/portfolio webpage for a telescope mirror maker,Anonymous complaint letter to a parking enforcement office,True,0.96557724,0.006244559,0.028178139,0.9373991,0.0041301557794213295,0.8729085326194763,0.0006939778104424477,0.9925820827484131
109,1,The page establishes credentials and current work for a technical telescope community audience.,establishing credentials and current work in a technical telescope community audience,hiding qualifications and past failures from a general consumer audience,True,0.9862531,0.012463685,0.0012832318,0.98496985,0.0011312004644423723,0.7193568348884583,0.0007986697601154447,0.037270788103342056
109,2,The 16.5″ mirror entry provided delivery details and years of use.,the 16.5″ mirror entry provided delivery details and years of use,the 16.5″ mirror entry listed only its price and weight,True,0.0043178475,0.9848059,0.01087629,-0.006558442,0.00010038779873866588,0.998609185218811,0.00016840155876707286,0.9944500923156738
109,3,"The final clause ""A 22"" beryllium mirror was recently completed"" opens a new project statement.","""A 22"" beryllium mirror was recently completed"" is an opening of a new project statement","""A 22"" beryllium mirror was recently shattered"" is the end of a lengthy apology statement",True,0.04168412,0.7519715,0.20634438,-0.16466026,0.00014554805238731205,0.9892724752426147,0.00012536895519588143,0.9981740713119507
110,0,"The text follows a standard aviation forum post structure with username, message, quote and sign-off.","Forum post thread convention: username, message about aircraft images, vintage quote, and sign-off","Cookbook recipe convention: ingredients, method for baking bread, oven temperature, and serving size",True,0.094851546,0.89145285,0.013695555,0.08115599,0.03205445408821106,0.4209994375705719,0.0002935467637144029,0.9954429864883423
110,1,"The phrase ""All times are GMT -5. The time now"" signals a standard phpBB forum footer line.","signals a standard forum footer line, common to phpBB forum software","signals a personal poem's opening line, unknown to any forum software",True,0.0014295308,0.0020983163,0.99647224,-0.9950427,5.061092087998986e-05,0.9992820620536804,5.684924326487817e-05,0.9983312487602234
110,2,The footer line is typically followed by a real-time clock display.,typically followed by a real-time clock display,typically followed by a weather map,True,0.017768195,0.977242,0.004989774,0.012778421,0.00017244090849999338,0.9678836464881897,0.0001159093517344445,0.992017388343811
110,3,"The final token ""now"" ends the timestamp clause.","Final token ""now"" ends the timestamp clause","Final token ""yesterday"" opens the timestamp clause",True,0.98686546,0.0030742143,0.010060292,0.97680515,0.00015003184671513736,0.9980732202529907,0.0002579156425781548,0.9968923926353455
111,0,The text is educational science writing covering Voyager 1's record-breaking status.,"Educational science writing with sequential structured headers (""one by one"") covering Voyager 1's record-breaking status","Satirical celebrity gossip with rambling unstructured paragraphs (""who cares"") covering a pop star's failed comeback",True,0.040061895,0.94028914,0.01964894,0.020412955,0.00011615755647653714,0.9902659058570862,0.00024558164295740426,0.9928321838378906
111,1,The text is building toward explaining Voyager 1's journey mechanics and longevity.,The text is building toward explaining Voyager 1's journey mechanics and longevity,The text is winding down after dismissing Voyager 1's journey mechanics and longevity,True,0.6330161,0.34517467,0.021809198,0.6112069,6.799506809329614e-05,0.9996278285980225,0.00011519325926201418,0.9994601607322693
111,2,The text is transitioning into historical/engineering context of how Voyager 1 endured.,transitioning into discussing historical/engineering context of how it endured,avoiding any discussion of why it failed,True,0.31363973,0.5936599,0.092700414,0.22093931,0.00021277293853927404,0.9747273921966553,0.000941579753998667,0.8510274887084961
111,3,"The final token ""when V"" opens a temporal clause mid-sentence.","Final token ""when V"" opens a temporal clause mid-sentence","Final token ""then Earth"" closes a locative clause at sentence end",True,0.8911933,0.03236675,0.076440044,0.81475323,0.00037097535096108913,0.9971135854721069,0.0003792562347371131,0.9977040886878967
112,0,The text is business/aerospace news covering Rocket Lab's 2021 launch plans.,"Business/aerospace news register with factual, present-tense reporting tone, covering Rocket Lab's 2021 launch plans and Electron rocket diversity","Fantasy/romance novel register with dreamy, past-tense narrative tone, covering a princess's wedding plans and castle garden variety",True,0.002142865,0.8105318,0.18732533,-0.18518247,0.0003178753249812871,0.9700440168380737,0.0169900543987751,0.03060021437704563
112,1,The text introduced Rocket Lab's next mission progress toward reusability.,The text introduced Rocket Lab's next mission progress toward reusability/radar hardening,The text lamented Rocket Lab's total bankruptcy and withdrawal from spaceflight,True,0.9886508,0.004582835,0.00676638,0.9818844,3.646079494501464e-05,0.999477207660675,3.6734985769726336e-05,0.9991569519042969
112,2,"The phrase ""On Rocket Lab"" opens a new clause mid-sentence as a pivot phrase.","""On Rocket Lab"" opens a new clause mid-sentence, functioning as a temporal/organizational pivot phrase","""On Rocket Fuel"" ends the sentence, functioning as a closing summary phrase",True,0.9323601,0.04596837,0.02167155,0.9106886,0.00010378182923886925,0.9986562728881836,0.00020854210015386343,0.9972903728485107
112,3,A noun phrase or proper name completion is immediately required.,immediately requiring a noun phrase or proper name completion,immediately requiring a verb phrase or adverb completion,True,0.94661224,0.025573622,0.027814176,0.9187981,0.001645497977733612,0.9791794419288635,0.0010508261620998383,0.9895328283309937
113,0,The text is a machine-translated Chinese educational text explaining sundial history.,Machine-translated Chinese educational text (likely for children) explaining sundial history,Polished native-English legal brief (clearly for lawyers) contesting a patent claim,True,0.0025881226,0.99436533,0.0030465773,-0.0004584547,6.318379018921405e-05,0.9985070824623108,6.335019133985043e-05,0.9972336888313293
113,1,A historical progression from primitive tools toward improved timekeeping devices is being traced.,Historical progression from primitive tools toward improved timekeeping devices is being traced,Personal complaint about a broken wristwatch's warranty is being lodged,True,0.51052463,0.48335502,0.006120298,0.5044043,0.001235809875652194,0.104759581387043,0.13804414868354797,0.00907614640891552
113,2,The text moves chronologically through sundial invention stages.,"text moves chronologically through sundial invention stages — stick shadows, upright poles, limitations in winter","text jumps randomly between unrelated cooking tips — boiling rice, salting soup, chilling dough",True,0.9862665,0.010113271,0.0036201114,0.9826464,8.266645454568788e-05,0.9977433681488037,0.00013119228242430836,0.9967058300971985
113,3,"The final token ""Later, according"" opens a transitional clause signaling the next development.","Final token ""Later, according"" opens a transitional clause signaling the next development or explanation","Final token ""Later, goodbye."" closes the passage, signaling no further development or explanation",True,0.08753621,0.8981163,0.014347573,0.07318863,0.00023475801572203636,0.9985145926475525,0.0002869193267542869,0.9979894161224365
114,0,The text has a science communication tone explaining the Nebular Hypothesis and solar system exploration challenges.,Science communication tone explaining Nebular Hypothesis and solar system exploration challenges,Angry customer-review tone denouncing a hotel's plumbing and breakfast buffet failures,True,0.7374346,0.24353662,0.019028747,0.7184059,0.0033762850798666477,0.9002869129180908,0.005459180101752281,0.9073968529701233
114,1,Argumentative momentum builds toward the limits of current technology for reaching distant objects.,Argumentative momentum builds toward limits of current technology for reaching distant objects,Argumentative momentum dissolves into praise of current technology for reaching distant objects,True,0.07735823,0.9203604,0.0022813454,0.075076886,0.0002383459941484034,0.9941674470901489,0.0022831186652183533,0.9881701469421387
114,2,Concrete exploration constraints are now being elaborated.,now concrete exploration constraints being elaborated,now vague poetic musings being abandoned,True,0.01122629,0.98835456,0.00041912607,0.010807164,0.00041445260285399854,0.9946655035018921,0.001052234903909266,0.9735941886901855
114,3,"The final fragment ending in ""a"" is followed by a noun phrase completing a climbing scale of spacecraft/mission types.","and too rough even to land a"" — noun phrase completes a climbing scale of spacecraft/mission types","and too rough even to land safely."" — verb phrase ends a shrinking list of kitchen utensils",True,0.9634273,0.0076638362,0.028908897,0.9345184,8.493127097608522e-05,0.9993788003921509,0.00020904329721815884,0.9977365732192993
115,0,The text is an informal first-person blog documenting a community effort to find a balloon ascent opportunity in Ireland.,Informal first-person blog/journal style documenting a community effort to find a balloon ascent opportunity in Ireland,Formal third-person press release announcing a government decision to ban all balloon flights in Ireland,True,0.00019007977,0.0014690419,0.99834085,-0.99815077,0.000594308425206691,0.9802877902984619,0.0005146053154021502,0.971278965473175
115,1,The narrative builds toward contacting a real radar-observing operator.,building narrative momentum toward contacting a real radar-observing operator,building narrative momentum toward abandoning the whole project,True,0.79860884,0.11864466,0.08274648,0.71586233,7.207775342976674e-05,0.9973945617675781,0.00012186018284410238,0.9951877593994141
115,2,The next content details how the team implemented the actionable steps by contacting named pilots/operators.,the next logical content details how Stuart Lindbergh's team implemented them — identifying and contacting specific named pilots/operators,the next logical content details how Stuart Lindbergh's team ignored them — avoiding and never contacting any pilots/operators,True,0.0015917988,0.9888131,0.00959509,-0.008003291,6.476133421529084e-05,0.9997294545173645,9.364844299852848e-05,0.9994279742240906
115,3,"The final phrase ""In our case"" signals an imminent contrast or application to their specific situation.","Final phrase ""In our case"" signals an imminent contrast or application to their specific situation","Final phrase ""In conclusion"" signals a general summary detached from any specific situation",True,0.8542944,0.12890242,0.016803127,0.8374913,0.004283849615603685,0.9562841653823853,0.0018499423749744892,0.9771944880485535
116,0,The text is educational/encyclopedic prose introducing Greek mathematics history.,Educational/encyclopedic prose introducing Greek mathematics history,Sarcastic/tabloid gossip mocking a footballer's divorce,True,0.93920255,0.038052868,0.022744607,0.91645795,0.00016942346701398492,0.9888285994529724,8.238133159466088e-05,0.9981936812400818
116,1,The text is a biographical introduction of Eratosthenes cut mid-sentence.,"Eratosthenes biographical introduction mid-sentence, requiring completion of his historical context, achievements, and significance","Eratosthenes obituary conclusion at sentence end, requiring nothing further about his context, achievements, or significance",True,0.65561897,0.28322008,0.061160985,0.594458,7.27586739230901e-05,0.998981773853302,0.00017771248531062156,0.9974721074104309
116,2,"The final token ""city of"" opens a geographic identification phrase.","Final token ""city of"" opens a geographic identification phrase","Final token ""city walls"" closes a military description phrase",True,0.98672384,0.003469462,0.009806663,0.97691715,0.00018362935225013644,0.9911977648735046,0.0010128178400918841,0.9840165376663208
116,3,The modern equivalent place name for Cyrene is required immediately.,"immediately requiring the modern equivalent place name for Cyrene, i.e., ""Sirte"" or ""Cyrene"" in Libya","immediately requiring the birth year of his father, i.e., ""300 B.C."" or ""310 B.C."" in Athens",True,0.8291848,0.055823833,0.11499137,0.7141934,0.0008511643973179162,0.9878103733062744,0.005008865613490343,0.909032940864563
117,0,The text is a newsletter/blog update from NASA's KidVids program with dated entries in reverse chronological order.,"Newsletter/blog update format from NASA's KidVids program, with dated entries in reverse chronological order","Court transcript format from a county traffic tribunal, with undated testimony in random order",True,0.039442148,0.880336,0.08022184,-0.04077969,0.0006738972733728588,0.9964017868041992,0.00016944455273915082,0.9986567497253418
117,1,Each entry introduces a new feature or event.,Each entry introduces a new feature or event,Each entry repeats the same old complaint,True,0.006175677,0.99199694,0.0018273102,0.0043483665,7.592610927531496e-05,0.9986259937286377,6.730725726811215e-05,0.9992265701293945
117,2,"The ""National Nurses Week"" entry follows an enthusiastic promotional register promising virtual activity offerings.","follows a listable, enthusiastic promotional register, promising specific virtual activity offerings for families, caregivers, and classrooms","follows a terse, bureaucratic warning register, threatening fines and penalties for families, caregivers, and classrooms",True,0.03152677,0.018807119,0.94966614,-0.9181394,4.737021663459018e-05,0.9995144605636597,3.2809733966132626e-05,0.9994335770606995
117,3,"The final fragment ""Participants can join one"" is mid-sentence, requiring completion of a quantified list or invitation.","Participants can join one"" — mid-sentence requiring completion of a quantified list or invitation","Participants can join today."" — sentence-final requiring no completion of any list or invitation",True,0.8168603,0.059812233,0.12332746,0.6935329,0.00019171788881067187,0.9971591234207153,0.0010669644689187407,0.9757214188575745
118,0,The text is a scientific discovery announcement in German in breaking news format.,Scientific discovery announcement in German (breaking news format),Children's bedtime story in Italian (fairy tale format),True,0.004748285,0.9908902,0.0043615284,0.00038675638,6.572526763193309e-05,0.9988797307014465,0.00012112281547160819,0.9969242215156555
118,1,The announcement establishes the researchers' institutions and their find about stars orbiting a white dwarf.,establishing researchers' institutions and their find about orbiting stars around white dwarf,concealing the authors' identities and their opinion about pop music around Berlin,True,0.016162593,0.9791682,0.0046692584,0.011493335,0.000944491766858846,0.9921982884407043,0.0031984916422516108,0.9778297543525696
118,2,The sentence structure creates a strong expectation for a specific telescope or observatory name to follow.,creates a strong expectation for a specific telescope or observatory name to follow,creates a strong expectation for a personal apology or resignation to follow,True,0.028872859,0.9664641,0.0046630036,0.024209855,0.0008523789001628757,0.5883871912956238,0.0007147708674892783,0.8214587569236755
118,3,"The final token ""the"" is an article beginning a noun phrase.","Final token ""the"" is an article beginning a noun phrase","Final token ""discovered"" is a verb ending a main clause",True,0.97104204,0.0065300637,0.022427848,0.9486142,0.013868032023310661,0.6470087170600891,0.0027606480289250612,0.9619678854942322
119,0,The text is an amateur science/educational blog from a late 1990s space observation report.,Amateur science/educational blog genre from late 1990s space observation report,Professional legal/financial memo genre from a 2020s corporate merger filing,True,0.004399523,0.876922,0.11867849,-0.114278965,6.859660061309114e-05,0.9986708164215088,5.801495717605576e-05,0.9990969896316528
119,1,The text mixes factual astronomy with accessible narrative about HST discoveries.,mixing factual astronomy with accessible narrative about HST discoveries,mixing invented folklore with impenetrable jargon about medieval plagues,True,0.9804083,0.011537313,0.008054342,0.972354,0.00022841077588964254,0.9906788468360901,0.0003220762009732425,0.9944493770599365
119,2,The text has shifted from a specific nebula toward another notable astronomical topic.,The text has shifted from discussing a specific nebula to transitioning toward another notable astronomical topic,The text has remained fixed on discussing a single nebula without transitioning toward any other astronomical topic,True,0.9717538,0.0054707457,0.022775479,0.9489783,5.1233630074420944e-05,0.9997919201850891,0.00017997009854298085,0.9983751773834229
119,3,"The final fragment ""from the other side of the"" ends an incomplete prepositional phrase mid-thought.","Final fragment ""from the other side of the"" ends an incomplete prepositional phrase mid-thought","Final fragment ""from the other side entirely."" ends a complete prepositional phrase at sentence end",True,0.9657968,0.01605907,0.018144077,0.94765276,0.0003113806596957147,0.9977737069129944,0.0007853923016227782,0.9932736158370972
120,0,The text is a historical/institutional report about the British Antarctic Society's Rothera camp with expedition progress updates.,Historical/institutional report style with detailed expedition progress updates about British Antarctic Society's Rothera camp.,Casual personal blog style with rambling holiday anecdotes about a family's seaside cottage.,True,0.00023755697,0.0011146613,0.99864787,-0.9984103,4.1314611735288054e-05,0.9994558691978455,0.00016535253962501884,0.9976502060890198
120,1,"The article catalogues restored infrastructure and lists donated equipment, three generators.","The article is cataloguing restored infrastructure improvements, listing specific donated equipment (three generators)","The article is describing a leisurely coastal walk, listing scenic viewpoints (three waterfalls)",True,0.03819916,0.22033142,0.7414694,-0.7032702,4.2274401494069025e-05,0.998984158039093,6.048907380318269e-05,0.9978919625282288
120,2,"The final token is ""now"", occurring mid-sentence.","Final token ""now there are now"" mid-sentence","Final token ""yesterday"" at sentence end",True,0.9775637,0.0066970354,0.015739243,0.9618244,0.00021233160805422813,0.9977193474769592,0.00028403205214999616,0.9976418018341064
120,3,The continuation is expected to give a precise count or capability statement about the four generators.,expects a precise count or capability statement about the four generators,expects a rambling anecdote about the weather at the camp,True,0.003912918,0.9936575,0.0024295857,0.0014833321,5.097750181448646e-05,0.998687207698822,4.9558795581106097e-05,0.9978078007698059
121,0,The text is a book description in formal published prose introducing a cosmological argument.,Book/book-description genre with formal published prose introducing a cosmological argument,Recipe/cooking-blog genre with chatty homespun prose introducing a soup recipe,True,0.93783915,0.033729848,0.02843113,0.90940803,0.0004449679399840534,0.9134238362312317,0.00015765687567181885,0.9949234127998352
121,1,The text has outlined a problem and named the book's resolution.,"text has outlined a problem (flat universe, invisible matter, unresolved gravity) and named the book's resolution","text has listed ingredients (flour, butter, cold water) and named the dish's cooking time",True,0.97750515,0.008993724,0.013501179,0.964004,0.0014903059927746654,0.3330061733722687,0.0010962620144709945,0.9454602003097534
121,2,"The final token is ""provocative"", an adjective beginning a noun phrase.","Final token ""provocative"" is a mid-phrase adjective beginning a noun phrase","Final token ""however"" is a sentence-final adverb closing a clause",True,0.99222213,0.0013609052,0.006416876,0.9858053,0.0019403838086873293,0.9553755521774292,0.00048677806626074016,0.9818397164344788
121,3,"A noun such as ""argument"" is expected next, plus a description of what the book offers.","expects a noun like ""argument,"" ""new map,"" or ""vision of"" plus extended description of what the book offers or argues","expects a verb like ""simmer,"" ""whisk,"" or ""chill"" plus a brief list of what the cook needs",True,0.7255562,0.27059156,0.0038522496,0.72170395,0.0023542549461126328,0.964730978012085,0.0011536175152286887,0.9910470843315125
122,0,The text is a science article whose argument moves from dark matter toward a new discovery about cosmic structure.,Science/article register with evolving argument: text moves from Dark Matter explanation toward a new discovery about its role in cosmic structure organization.,Sports/match-report register with a static recap: text moves from the team lineup toward a description of the final score.,True,0.813336,0.17422941,0.012434567,0.8009015,0.00013242401473689824,0.9962866306304932,0.00015996552247088403,0.9938417673110962
122,1,"The ""New Insights"" section shift signals a pivot to describing observed large-scale structures or unexpected patterns.","""New Insights"" section shift signals a pivot to describing specific observed large-scale structures or unexpected patterns","""New Insights"" section shift signals a return to summarizing well-known textbook basics or familiar definitions",True,0.014277112,0.98154354,0.0041792924,0.010097819,0.00017775582091417164,0.995768666267395,0.00010179231321671978,0.9949369430541992
122,2,"The final fragment ends in ""into"", an incomplete prepositional phrase needing a noun phrase for structures.","Final fragment ""help clarify the mystery of how galaxies are organised into"" is an incomplete prepositional phrase requiring a noun phrase specifying structures","Final fragment ""help clarify the mystery of how galaxies are organised"" is a complete clause requiring nothing further",True,0.97808677,0.0033398,0.018573415,0.95951337,0.0004088973219040781,0.9987356066703796,0.0009120423346757889,0.9943325519561768
122,3,The expected completion is something like large sheets or the cosmic web.,"likely ""large sheets,"" ""the cosmic web,"" or a surprising geometric formation","likely ""tiny dust grains,"" ""single atoms,"" or an unremarkable chemical element",True,0.00133633,0.9935209,0.0051427255,-0.0038063955,0.0001460110943298787,0.9982516169548035,0.0002295790472999215,0.9938030242919922
123,0,The text is a narrative sci-fi synopsis establishing a horror/discovery arc about life on Mars.,"Narrative sci-fi synopsis momentum: a horror/discovery arc is being established, implying contact with extraterrestrial or unknowable life on Mars.","Romantic comedy synopsis momentum: a meet-cute arc is being established, implying a wedding between two rival bakers in Paris.",True,0.014051721,0.95853025,0.02741806,-0.013366339,9.737361688166857e-05,0.9974230527877808,7.41966869099997e-05,0.9990218877792358
123,1,The footage serves as evidence of something extraordinary.,"the footage serves as evidence of something extraordinary, grounding a grand claim","the footage serves as filler for something mundane, grounding a trivial remark",True,0.22136429,0.7752827,0.003353043,0.21801125,0.00018074367835652083,0.9987576007843018,0.00012471455556806177,0.9987989664077759
123,2,"The final phrase ends in ""that"", an incomplete subordinate clause needing a culminating revelation.","Final phrase ""will stand as proof positive that"" is an incomplete subordinate clause requiring a culminating revelation claim","Final phrase ""will stand as proof positive, however"" is a complete main clause requiring only a closing remark",True,0.97381514,0.015450892,0.010733921,0.96308124,0.000569700903724879,0.9964042901992798,0.0021943191532045603,0.9933730363845825
123,3,The revelation almost certainly asserts that life or aliens exist.,"almost certainly asserting life exists, alien existence is real, or myth-conspiracy tropes are validated","almost certainly asserting the mission was routine, nothing unusual was found, or the footage was faked",True,0.14385067,0.85116655,0.004982754,0.13886791,0.0031395393889397383,0.43261897563934326,0.033595599234104156,0.013409160077571869
124,0,The text is a casual personal blog narrative about an astrophotography outing in December 2013.,Personal astronomy trip narrative with casual blog-post style recounting an astrophotography outing at Edgar Cupertino Park in December 2013.,Corporate quarterly earnings report with formal accounting style summarizing a retail chain's revenue in December 2013.,True,0.010276541,0.8195619,0.17016158,-0.15988503,0.0002018210361711681,0.9957858920097351,0.01743932254612446,0.5212284922599792
124,1,The author has been building a detailed rationale for site selection.,"The author has been building a detailed rationale for site selection (darkness, flat surface, light pollution, temperature)","The author has been reviewing a new telescope's optics (aperture, focal length, coating, mount)",True,0.0027233278,0.99644935,0.00082733,0.0018959979,0.00014813101734034717,0.9720472097396851,0.000168708196724765,0.9543593525886536
124,2,"The final token is ""because"", opening a causal clause mid-sentence.","Final token ""because"" opens a causal clause mid-sentence","Final token ""tonight"" closes a main clause at sentence end",True,0.9791697,0.010379473,0.01045067,0.96871907,0.0002345087268622592,0.9916268587112427,0.0003602028591558337,0.9872544407844543
124,3,The continuation should explain why close proximity mattered.,requiring an explanation of why close proximity mattered,requiring a list of the camera settings used that night,True,0.019429082,0.979397,0.0011739506,0.018255131,0.0005287595558911562,0.7651885151863098,0.0030952179804444313,0.07617118209600449
125,0,The text is a formal scientific news announcement of an astronomical discovery.,Scientific news/explanation register: formal announcement introducing an astronomical discovery with accessible phrasing,Casual diary register: rambling entry describing a trip to the grocery store with slangy phrasing,True,0.3481331,0.62854344,0.023323463,0.3248096,9.556562872603536e-05,0.9982105493545532,0.0035625894088298082,0.9687013626098633
125,1,The text is building toward a fuller description of the galaxy's sudden brightness increase.,is building toward fuller description of the sudden brightness increase of the unnamed galaxy,is drifting away toward an unrelated anecdote about the astronomer's childhood,True,0.012690837,0.9867294,0.00057980855,0.012111028,0.00011650611850200221,0.9971248507499695,0.00304081616923213,0.8349404335021973
125,2,"The final phrase ""in visible light"" is mid-clause and needs a unit qualifier or parallel measurement.","""More than 10 times in visible light"" is mid-clause, requiring completion with a unit qualifier or parallel measurement","""More than 10 times brighter overall."" is a completed sentence, requiring no qualifier or further measurement",True,0.7570349,0.13213232,0.11083277,0.64620215,0.0005712428246624768,0.9971516728401184,0.0008468499290756881,0.9943880438804626
125,3,The text establishes a timeline.,"text establishes timeline (""in an unusually short time,"" ""late 2018"")","text establishes a cast of characters (""the lead author,"" ""a graduate student"")",True,0.9416814,0.052264094,0.0060544405,0.9356269,0.0017965442966669798,0.02100173756480217,0.001150656957179308,0.012274457141757011
126,0,"The text is website sidebar/footer content: article metadata and related post links in a list, typical of motorsports blogs.","Website sidebar/footer content structure: article metadata with timestamps followed by related post links in a list format, typical of automotive/motorsports blogs.","Handwritten diary entry structure: a single flowing paragraph without any dates or links, typical of personal journals.",True,0.03553274,0.9427253,0.021741953,0.013790786,6.997425953159109e-05,0.9951287508010864,0.0007572027971036732,0.929974377155304
126,1,"The list format is a title followed by month, day and year.",sets the format of title followed by month and day plus year,sets the format of author name followed by a star rating,True,0.98736924,0.0019474649,0.010683247,0.976686,0.0031276142690330744,0.4112399220466614,0.003929821774363518,0.9729306697845459
126,2,"The final token is ""August"", the date prefix of the second list item.","Final token ""August"" is the date prefix for the second list item","Final token ""Review"" is the closing word of the second list item",True,0.9479962,0.0072521907,0.044751633,0.90324455,0.0008933583158068359,0.9777747392654419,0.0005165261682122946,0.980633556842804
126,3,A day number is required next to complete the truncated date.,"requiring a day number (likely ""2nd-14th"" or similar continuing the late August date sequence) to complete the truncated date entry","requiring a price (likely ""$49.99"" or similar matching the other listings) to complete the product entry",True,0.97016406,0.009102234,0.020733735,0.94943035,0.0017434728797525167,0.8111533522605896,0.05593042075634003,0.27783119678497314
127,0,The text is a conspiracy/mystery narrative with a casual sensationalist tone.,"Conspiracy/mystery narrative genre with casual sensationalist tone established (""buckle up,"" ""sparks your curiosity"")","Dry legal contract genre with formal impersonal tone established (""hereinafter,"" ""the party of the first part"")",True,0.9596842,0.031766146,0.0085497415,0.95113444,6.865093018859625e-05,0.999461829662323,7.917406037449837e-05,0.997547447681427
127,1,The narrative moves chronologically from the 1976 backstory toward new developments.,Chronological narrative structure moving from backstory (1976 Rumsfield sighting) toward new developments,Static descriptive structure lingering on a single scene (a foggy harbour at dawn) without any timeline,True,0.98903054,0.008334121,0.0026352839,0.98639524,7.195581565611064e-05,0.9996042847633362,0.00010380225285189226,0.9988528490066528
127,2,"The final phrase ""Fast forward to"" sets up a time jump requiring a specific year or date.","""Fast forward to"" sets up a time-jump phrase requiring a specific year or date","""Fast forward."" ends a completed imperative requiring no year or date",True,0.98406905,0.0039361836,0.011994756,0.9720743,0.00030794827034696937,0.9984069466590881,0.0005096254753880203,0.9943534135818481
127,3,Recently uncovered information or a follow-up event in the same location is implied.,implying recently uncovered information or a follow-up event in the same location,implying nothing new was ever found and the story simply ends there,True,0.96501374,0.034420293,0.00056594185,0.9644478,0.0001617238303879276,0.9988957643508911,0.0010184705024585128,0.9856507182121277
128,0,The text is a medical educational article of Spanish origin covering neurofibromatosis systematically.,"Medical educational article (Spanish origin) systematically covering neurofibromatosis definition, causes, types, and now symptoms","Travel brochure (Italian origin) loosely covering Tuscan vineyards, hotels, menus, and now prices",True,0.0073221955,0.9769787,0.015699133,-0.008376937,0.0015119396848604083,0.8703209757804871,0.0001252851652679965,0.9955605268478394
128,1,"The article has introduced NF1 and NF2 and now turns to symptoms, which vary by individual.","The article has introduced NF1 and NF2 variants and now transitions to symptoms, which vary by individual.","The article has skipped any mention of variants and now transitions to pricing, which is fixed for everyone.",True,0.9635454,0.01906336,0.01739132,0.94615406,4.398969031171873e-05,0.99969482421875,9.212610893882811e-05,0.998664379119873
128,2,"The final token is ""the"", beginning an incomplete noun phrase mid-sentence.","Final token ""the"" begins an incomplete noun phrase mid-sentence","Final token ""individual"" closes a complete sentence at its end",True,0.95549524,0.004592108,0.039912622,0.9155826,0.00026128574972972274,0.9962050318717957,0.0003549198154360056,0.9939000606536865
128,3,"A specific noun such as ""areas affected"" or ""location of tumors"" is required next.","requiring a specific noun like ""areas affected,"" ""location of tumors,"" or ""degree of nerve/bone involvement""","requiring a verb like ""resolve,"" ""disappear,"" or ""improve"" without any anatomical reference",True,0.42967558,0.37317193,0.19715254,0.23252304,0.00010179464879911393,0.9988539218902588,0.0004158058436587453,0.9920831918716431
129,0,The text is a scientific/medical product description shifting into encyclopedic health content about a Saw Palmetto supplement.,"Scientific/medical product description shifting into encyclopedic health content, explaining ingredients for supplement blends containing Saw Palmetto.","Casual restaurant review shifting into a personal anecdote, praising desserts at a bakery serving cinnamon rolls.",True,0.78227055,0.07477955,0.14294982,0.63932073,4.5555101678473875e-05,0.999505877494812,0.0005022087716497481,0.995313286781311
129,1,The BPH section opening signals a prevalence statement with statistics about affected men.,Benign Prostatic Hyperplasia (BPH) section beginning signals a prevalence/impact statement listing affected populations and statistics about LUTS/male patients.,Customer testimonial section beginning signals a personal story about one user's morning routine and favourite flavours.,True,0.009507488,0.98698807,0.0035044479,0.006003041,0.0006321088876575232,0.6473886966705322,0.0005683633498847485,0.9485433101654053
129,2,"The final token is ""approximately"", part of an incomplete statistics phrase.","Final token ""approximately"" is part of an incomplete statistics phrase","Final token ""men"" is the close of a completed statistics sentence",True,0.9689239,0.0037637085,0.027312333,0.9416116,0.00034911761758849025,0.996934175491333,0.0007355698617175221,0.9864001274108887
129,3,"A percentage, number or demographic figure is required next.","requiring a percentage, number, or demographic figure next (e.g., ""50% of men"" or ""10 million men"")","requiring a proper name or place next (e.g., ""Dr. Smith"" or ""the Mayo Clinic"")",True,0.025457557,0.9717538,0.0027887314,0.022668825,0.0008982409490272403,0.9812005162239075,0.006838979199528694,0.7920239567756653
130,0,The text is a journalistic science article in UCSF press-release style about Dr. Sara Ron's findings.,Journalistic science article structure (UCSF press release/news style) with biographical and experimental findings about Dr. Sara Ron and cancer stems cells.,Fictional short story structure (first-person diary style) with romantic musings about a lighthouse keeper and the sea.,True,0.0243997,0.3668746,0.60872567,-0.58432597,5.304880687617697e-05,0.9994519352912903,7.974912296049297e-05,0.9989226460456848
130,1,The article has introduced background findings and is transitioning to the current study's methodology and findings.,"the article has introduced background findings (2009 stem cells as aging sources), now logically transitioning to current study's methodology and findings","the article has introduced the author's holiday plans (a 2009 trip to Lisbon), now abruptly transitioning to a recipe for custard tarts",True,0.0132797295,0.98043513,0.006285163,0.0069945664,5.730050543206744e-05,0.994532585144043,0.00023690240050200373,0.9881460666656494
130,2,"The final token is ""Ron"", the subject at the start of a new clause.","Final token ""Ron"" is the subject at the start of a new clause (""In the new study, Ron"")","Final token ""study"" is the noun closing a completed clause (""In the new study."")",True,0.9758808,0.0021981967,0.021920934,0.9539599,0.0026110424660146236,0.9837680459022522,0.00029532055486924946,0.9936648607254028
130,3,A verb phrase describing her actions or findings is required next.,requiring a verb phrase describing her actions/findings,requiring a comma and a place name describing where she was born,True,0.1796447,0.8112283,0.009127071,0.17051764,0.001899760332889855,0.5466654896736145,0.047264520078897476,0.2880496680736542
131,0,The text is structured educational content in hierarchical bullet points about food safety/ATP testing in India.,Structured educational content follows hierarchical bullet-point notation covering food safety/ATP testing overview in Indian context,Rambling personal blog post follows loose narrative prose covering a road trip through the Scottish Highlands,True,0.010051915,0.9764613,0.013486762,-0.0034348462,3.7305209843907505e-05,0.9989355206489563,9.046902414411306e-05,0.9980924725532532
131,1,The text is listing the components and procedure steps of the ATP swab test.,The text is listing components/procedure steps of the ATP swab test,The text is narrating a childhood memory of a family picnic,True,0.03843015,0.30198154,0.6595883,-0.6211581,4.872761564911343e-05,0.9965226650238037,0.0003556451993063092,0.9652897119522095
131,2,"The final token is ""light"", mid-phrase inside a parenthetical abbreviation expansion.","Final token: ""light"" is mid-phrase inside a parenthetical abbreviation expansion","Final token: ""readings"" is sentence-final outside any parenthetical",True,0.98846453,0.0013797937,0.010155626,0.9783089,0.0004265033931005746,0.9920943379402161,0.0007548603462055326,0.9907526969909668
131,3,"A unit noun like ""unit"" is expected immediately to complete the luminescence terminology.","immediately expects a unit noun like ""unit"" to complete the luminescence/device measurement terminology","immediately expects a personal name like ""Priya"" to complete the list of picnic attendees",True,0.9127074,0.048727307,0.038565297,0.8741421,0.0005931363557465374,0.8977885842323303,0.002533577149733901,0.8725579380989075
132,0,The text is a publisher's promotional blurb for a second edition ecotoxicology textbook.,Book description/blurb pattern: this is a publisher's promotional copy for a second edition textbook on ecotoxicology,Personal diary pattern: this is a student's private complaint about a boring first-year lecture on ecotoxicology,True,0.0017630805,0.4592352,0.53900176,-0.53723866,0.0013609649613499641,0.9542525410652161,0.012289363890886307,0.02751927077770233
132,1,"The full title ""Introduction to Ecotoxicology: The Science of Environmental Stress, Second Edition"" appeared in the opening.","""Introduction to Ecotoxicology: The Science of Environmental Stress, Second Edition"" appeared in the opening, establishing the full title format","""Introduction to Ecotoxicology: The Science of Environmental Stress, Second Edition"" appears nowhere in the text, so no title format has been established",True,0.041109968,0.9068713,0.052018642,-0.010908674,0.0001057288609445095,0.999664306640625,0.00012211872672196478,0.9992491602897644
132,2,"The final token is ""The"", opening a subtitle after ""Introduction to Ecotoxicology:"".","Final token ""The"" opens a subtitle following ""the second edition of Introduction to Ecotoxicology: The""","Final token ""Edition"" closes the title following ""Introduction to Ecotoxicology, Second Edition""",True,0.9328444,0.0078837285,0.059271876,0.8735725,0.002834620652720332,0.9896752238273621,0.09039190411567688,0.6854212284088135
132,3,"The subtitle ""Science of Environmental Stress"" or a near-identical variant is expected next.","the exact subtitle phrase ""Science of Environmental Stress"" (from the main title) or a near-identical variant is expected next",an unrelated author biography (nothing from the main title) or a price list is expected next,True,0.0016276686,0.99736565,0.0010067022,0.0006209664,5.86580608796794e-05,0.9984032511711121,0.001988933887332678,0.834356963634491
133,0,"The text is a structured medical reference article explaining causes, symptoms and treatments for chronic pain.","Medical reference article following a structured educational format, systematically explaining causes, symptoms, and treatments for chronic pain","Satirical opinion column following a loose conversational format, mocking politicians, celebrities, and reality television",True,0.34668842,0.5936371,0.059674505,0.28701392,0.00045211767428554595,0.8735745549201965,0.008324204944074154,0.125837042927742
133,1,"""Biofeedback"" began a new bullet in the treatment list, so a sentence explaining how biofeedback works is implied.","""Biofeedback"" began a new bullet after ""Physical medicine"" and ""therapy,"" implying a complete explanatory sentence describing how biofeedback works for pain management","""Biofeedback"" closed the final bullet after ""Physical medicine"" and ""therapy,"" implying the treatment section is finished and a new topic begins",True,0.40931782,0.57441896,0.016263217,0.3930546,0.0018423760775476694,0.9808306694030762,0.0035226817708462477,0.6430701017379761
133,2,"The final token is ""teach"", mid-sentence.","Final token ""teach"" is mid-sentence (""Biofeedback uses electrodes and instruments to teach"")","Final token ""instruments"" is sentence-final (""Biofeedback uses electrodes and instruments."")",True,0.92624444,0.02846617,0.045289345,0.8809551,0.0028927151579409838,0.9693722128868103,0.0006220690556801856,0.9945088028907776
133,3,An immediate object or complement stating what biofeedback teaches patients is required.,requiring immediate object/complement — what biofeedback teaches patients,"requiring a new bullet heading — the next listed treatment, e.g. massage",True,0.056326378,0.78826535,0.15540825,-0.099081874,0.007436580490320921,0.8955398797988892,0.022804049775004387,0.7290788292884827
134,0,"The text is a scientific/educational description of nervous system-cardiac interaction, in research-presentation or grant language.","Scientific/educational register describing nervous system-cardiac interaction mechanisms, implying research presentation or grant language.","Casual cooking-blog register describing a weeknight pasta recipe, implying a home kitchen and a hungry family.",True,0.8740983,0.114188835,0.011712925,0.8623854,0.000681804958730936,0.9713696241378784,0.0003903293109033257,0.9874964952468872
134,1,The narrative moves from general background on heart rate control toward a specific research question about pathological conditions.,"Narrative momentum from general background (heart rate control via brain signals, reflexes, mechanical stretch sensing) toward a specific research question or finding about pathological conditions.","Narrative momentum from a shopping list (tomatoes, garlic, olive oil, basil) toward step-by-step cooking instructions.",True,0.99314827,0.005992618,0.0008591134,0.9922891,0.00011693069245666265,0.9968570470809937,0.0001313534303335473,0.9959828853607178
134,2,"The final fragment ends in ""disease"", an incomplete subordinate clause.","Final fragment ""We are currently investigating how chronic heart disease"" is an incomplete subordinate clause","Final fragment ""We are currently investigating chronic heart failure."" is a complete main clause",True,0.9802854,0.004289641,0.015424981,0.96486044,0.0003258603683207184,0.9983035326004028,0.0014982483116909862,0.9926621913909912
134,3,The completion must specify what heart disease does to the reflex mechanisms or neural regulation.,demanding completion specifying what heart disease does to these reflex mechanisms or neural regulation,"demanding no completion, since the statement about heart disease is already finished",True,0.09117133,0.9035393,0.005289346,0.085881986,0.0001300111471209675,0.9993755221366882,5.6840679462766275e-05,0.9981808662414551
135,0,The text is an educational explainer article on sleep and chronic illness.,"Educational/explainer article tone on sleep and chronic illness, establishing medical complexity requiring structured discussion.","Lighthearted celebrity gossip column tone on red-carpet fashion, establishing frivolity requiring no structure at all.",True,0.7468603,0.20206647,0.05107325,0.6957871,4.447624087333679e-05,0.9989763498306274,8.144977618940175e-05,0.9985395669937134
135,1,The text is building a causal chain in which autoimmune diseases contribute to sleep disorders.,"auto immune diseases can contribute to sleep disorders, listing mechanisms","auto immune diseases have no effect on sleep, listing reassurances",True,0.9668573,0.029168064,0.0039745457,0.96288276,0.00016752784722484648,0.9989989399909973,0.0005430565215647221,0.9857121109962463
135,2,"The final phrase ends in ""areas"", mid-sentence, requiring an anatomical or physiological completion.","Final phrase ""Some cancers impact areas"" is mid-sentence requiring anatomical or physiological completion","Final phrase ""Some cancers are curable."" is sentence-final requiring no completion",True,0.9194201,0.027764082,0.052815758,0.8666044,0.0004996088100597262,0.9901604652404785,0.0007479579071514308,0.977865993976593
135,3,"The completion most likely references brain, respiratory or pain systems relevant to sleep control.","most likely referencing brain, respiratory, or pain systems relevant to sleep control","most likely referencing diet, exercise, or income levels unrelated to sleep",True,0.0023015928,0.99713933,0.0005590941,0.0017424987,6.829631456639618e-05,0.994299054145813,0.0004444776277523488,0.9674766659736633
136,0,The text is a scientific figure caption describing gene expression categorization in a dexamethasone-stimulated macrophage study.,"Scientific figure caption style, describing a biological data visualization of gene expression categorization in a dexamethasone-stimulated macrophage study.","Children's picture-book style, describing a cartoon drawing of a farmyard with a cow, a pig and a hen.",True,0.2477353,0.7007533,0.05151146,0.19622386,6.645165558438748e-05,0.9981532692909241,0.0011566641042008996,0.9859316349029541
136,1,"The text is listing classification categories of genes, ending in ""genes that"".","The text is listing classification categories (""genes that increased over time, genes that showed delayed up-regulation, and genes that"")","The text is listing kitchen utensils (""a wooden spoon, a whisk, and a ladle."")",True,0.9757531,0.006548941,0.017697863,0.95805526,0.0002123269223375246,0.9841498732566833,0.0024064769968390465,0.9300097823143005
136,2,"A final contrasting response category, likely down-regulated genes, is due.",implying a final contrasting or distinct response-type category is due — likely down-regulated genes or transient/biphasic responses,implying the list is already complete — no further gene category will follow,True,0.014991654,0.98251027,0.0024980276,0.012493626,0.0004663985164370388,0.997501790523529,0.00037996223545633256,0.9821444749832153
136,3,The final clause is an incomplete third list item requiring a verb phrase for a contrasting expression pattern.,the final clause is an incomplete parallel third list item requiring a verb phrase describing a contrasting expression pattern,the final clause is a completed third list item requiring no further verb phrase or description,True,0.9489391,0.027024688,0.024036255,0.92490286,0.00034711381886154413,0.9989864230155945,0.00021709021530114114,0.9983974099159241
137,0,The text is a medical/scientific academic text with dense pharmacology terminology about rituximab in RA.,"Medical/scientific academic text with dense pharmacology terminology (B cells, RA, rituximab, CD20) establishing clinical-mechanistic context.","Children's bedtime story with simple playful vocabulary (bunny, moon, blanket, star) establishing a cosy nursery setting.",True,0.001669392,0.99728596,0.0010446789,0.00062471314,8.343761146534234e-05,0.9992139339447021,0.00020312929700594395,0.9983335137367249
137,1,The text shifts from epidemiology toward a mechanistic explanation of rituximab and its clinical benefit.,"the text shifts from epidemiology toward mechanistic explanation of rituximab, building toward a statement about clinical benefit or B cell depletion effects in RA","the text shifts from epidemiology toward a historical anecdote about the discovery of aspirin, building toward a joke about doctors' handwriting",True,0.83574814,0.14326793,0.020983933,0.8147642,0.00013782927999272943,0.9349809288978577,0.0026235373225063086,0.7653282284736633
137,2,"The final phrase ends in ""of"", mid-sentence, requiring a noun phrase next.","Final phrase ""the clinical benefit associated with such a form of"" is mid-sentence, requiring a noun phrase immediately next","Final phrase ""the clinical benefit associated with such a form."" is sentence-final, requiring a new sentence next",True,0.8021791,0.09422922,0.103591666,0.6985874,0.003779415972530842,0.9882895946502686,0.001840289798565209,0.9912686347961426
137,3,B-cell elimination is expected next.,B-cell elimination is expected next,A discussion of dosing schedules is expected next,True,0.003990601,0.9947549,0.0012544725,0.0027361284,0.0007935196626931429,0.03786235675215721,0.0018912380328401923,0.5759274363517761
138,0,The text is a 2001 UK newspaper science news piece with an informal accessible tone.,"Scientific news register (UK newspaper, 2001) describing future/belonging technology with informal accessibility tone.","Legal statute register (UK parliament, 2001) prescribing tax penalties with formal impersonal tone.",True,0.00035615722,0.99931514,0.0003287489,2.7408329e-05,9.586608211975545e-05,0.9974449872970581,7.678826659685001e-05,0.9981992840766907
138,1,An invention was introduced and the text now pivots to its medical application or destination.,"invention introduced (""opening holes in titanium nanoparticles tinier than bacteria""), now pivoting to medical application/destination","invention dismissed (""a gimmick with no practical use""), now pivoting to the inventor's early retirement",True,0.9954627,0.0039973413,0.0005399258,0.9949228,4.9639769713394344e-05,0.9994381070137024,9.402646537637338e-05,0.9975998997688293
138,2,"The final phrase ends in ""the"" and sets up a medical destination noun phrase.","Final phrase ""can then be filled to form tiny Trojan horses lined up for delivery to the"" sets up a medical destination noun phrase","Final phrase ""can then be filled to form tiny Trojan horses."" closes the sentence with no destination noun phrase",True,0.97512245,0.0138957985,0.010981753,0.9641407,0.00033699540654197335,0.9987001419067383,0.0008055437356233597,0.9132094979286194
138,3,"The destination is likely sick cells, cancer tumours, or cells/organs.","likely ""sick cells,"" ""cancer tumours,"" or ""cells/organs.""","likely ""shareholders,"" ""the patent office,"" or ""a museum.""",True,0.0038778638,0.99539137,0.0007307668,0.0031470968,0.00011766843090299517,0.9992355108261108,0.0006184600060805678,0.9964937567710876
139,0,The text is an educational gardening guide explaining how winter blooms survive cold seasons.,"Educational gardening guide tone, explaining how winter blooms like violas tireus survive cold seasons.","Breathless sports commentary tone, describing how a striker like Ronaldo scores in the final minutes.",True,0.98041797,0.007999551,0.011582582,0.9688354,0.00022488833928946406,0.9926983714103699,5.890457032364793e-05,0.9986901879310608
139,1,The text follows a structured FAQ/advice format with a section header on planting winter flowers in the U.S.,"The text follows a structured FAQ/advice format, with a named section header introducing practical planting guidance about winter flowers in the U.S.","The text follows a rambling stream-of-consciousness format, with no headers at all, musing about childhood summers in Spain.",True,0.07646578,0.8960758,0.027458435,0.04900734,2.953519106085878e-05,0.9997593760490417,3.493071926641278e-05,0.9995749592781067
139,2,"The final word is ""adequately"", ending mid-sentence.","Final word ""adequately"" ends mid-sentence (""most commonly planted in the fall to allow them to adequately"")","Final word ""fall"" ends the sentence (""most commonly planted in the fall."")",True,0.93736327,0.011481387,0.05115539,0.8862079,0.0013978516217321157,0.9820321798324585,0.0023050224408507347,0.9482532739639282
139,3,"A verb phrase explaining what fall planting enables, such as ""root"" or ""establish"", is required.","requiring a verb phrase explaining what fall planting enables, such as ""root,"" ""establish,"" or ""withstand conditions.""","requiring a new paragraph on an unrelated topic, such as ""pests,"" ""watering cans,"" or ""garden furniture.""",True,0.24908653,0.7461811,0.0047323476,0.24435419,6.651537114521489e-05,0.9991104006767273,0.002590402727946639,0.9608602523803711
140,0,The text is a functional medicine doctor's testimonial and supplement instructions for a thyroid/hormone patient.,"Testimonial/supplement instruction context from a functional medicine doctor sharing personal experience with a thyroid/hormone patient, establishing credibility and recommending supplements.","Product recall notice from a government safety agency warning consumers about a defective heater, establishing liability and ordering refunds.",True,0.12985186,0.65912026,0.21102785,-0.08117598,0.004195711575448513,0.9113457798957825,0.046027619391679764,0.05441947281360626
140,1,The text details personal usage protocols for Ashwagandha and magnesium with dosage and timing.,"The text is detailing personal usage protocols for Ashwagandha and magnesium supplement, with dosage and timing specifics (""30-60 mins before bed"").","The text is detailing return-shipping instructions for a faulty appliance, with box sizes and courier specifics (""drop off within 30 days"").",True,0.01732523,0.6450651,0.33760968,-0.32028446,4.253020597388968e-05,0.9972079396247864,0.0028258683159947395,0.0648842379450798
140,2,"The final token is ""of"", part of the phrase ""in middle of"".","Final token: ""mid of"" is part of","Final token: ""capsules"" is the end of",True,0.97606385,0.004690961,0.019245138,0.9568187,0.0006849603960290551,0.9892987012863159,0.0015884273452684283,0.9886478781700134
140,3,"The phrase requires a time completion such as ""the afternoon"" or ""the day"".","a time/situation phrase requiring completion, most likely ""the afternoon"" or ""the day"" to address mid-day anxiety, sleep interruption, or mid-night waking","a dosage sentence needing nothing more, followed most likely by ""with water"" or ""with food"" to address stomach upset",True,0.37082943,0.28507197,0.34409863,0.026730806,0.000157591188326478,0.9964531660079956,0.023670757189393044,0.880466103553772
141,0,The text is a medical/pharmaceutical press release reporting oncology trial results.,"Medical/pharmaceutical press release format, reporting oncology trial results with structured efficacy endpoints (ORR, response rates).","Amateur food-blog format, reporting a weekend baking attempt with loose impressions (taste, texture).",True,0.8714987,0.10865559,0.01984571,0.851653,6.298363587120548e-05,0.9992396831512451,0.001660712412558496,0.9901650547981262
141,1,A pivotal regulatory/label claim about the pembrolizumab indication in early-stage EGFR-positive NSCLC is being built.,"signals a pivotal regulatory/label claim being built, establishing context for the pembrolizumab indication in early-stage EGFR-positive NSCLC","signals a casual aside being made, establishing context for the author's holiday plans in southern Spain",True,0.0025962675,0.99554825,0.0018554687,0.0007407988,8.689620153745636e-05,0.9968648552894592,0.01826428808271885,0.23778192698955536
141,2,"The final token is ""this"", opening a noun phrase that needs the patient setting or indication.","Final token ""this"" opens a noun phrase requiring immediate continuation specifying the patient setting or indication context","Final token ""NSCLC"" closes a sentence requiring no continuation about the patient setting or indication context",True,0.30366588,0.63506097,0.06127317,0.2423927,0.0002533026854507625,0.9964247345924377,0.000339992722729221,0.995844304561615
141,3,The next token specifies the approved population.,next token specifies the approved population,next token begins an unrelated financial disclaimer,True,0.019042071,0.97762626,0.0033317138,0.015710358,0.0017261409666389227,0.44307535886764526,0.001437273109331727,0.324624627828598
142,0,The text is a news report on Philippine maritime/astronomical operations naming real agencies like PAGASA and NAMRIA.,"News report on Philippine maritime/astronomical operations, establishing factual institutional context with names, dates, and agencies like PAGASA and NAMRIA.","Fantasy novel excerpt about a dragon's mountain lair, establishing a mythical setting with invented creatures and no real agencies at all.",True,0.6979285,0.027353894,0.2747176,0.4232109,4.8029247409431264e-05,0.9996589422225952,0.0005407113931141794,0.9930245876312256
142,1,The article is listing security and government partners for the island observatory initiative.,Article is listing coordinating security and government partners for the island observatory initiative,Article is describing the menu at a beachfront seafood restaurant,True,0.93384194,0.03482184,0.031336263,0.9025057,0.00014623586321249604,0.9862123727798462,0.000128805564600043,0.9920439720153809
142,2,"The final token is ""the"", beginning a noun phrase that continues a list of agencies.","Final token ""the"" begins a noun phrase, continuing a list of agencies","Final token ""Command"" ends a noun phrase, closing the list of agencies",True,0.9842306,0.0021154808,0.013653941,0.97057664,0.00019817719294223934,0.9970927238464355,0.00021009534248150885,0.9988483190536499
142,3,The next unit named is almost certainly the Philippine Coast Guard or a Philippine Army unit.,almost certainly the Philippine Coast Guard or a Philippine Army unit closely linked to the Tubasan Naval Base and West Philippine Sea defense command,almost certainly a local fishing cooperative or a village choir with no link to any naval base or defense command,True,0.0034215231,0.99422234,0.0023561737,0.0010653494,4.591719698510133e-05,0.9996104836463928,5.9858226450160146e-05,0.9991249442100525
143,0,The text is an academic/institutional newsletter report on a completed scientific congress.,"Academic/institutional newsletter reporting on a completed scientific congress, establishing a formal summary structure covering location, attendees, schedules, and activities.","Teenager's text-message thread complaining about a cancelled school trip, establishing a chaotic back-and-forth with no structure whatsoever.",True,0.058460653,0.89986134,0.041678067,0.016782586,4.005029404652305e-05,0.999625563621521,4.246304160915315e-05,0.9995299577713013
143,1,Each paragraph covers a distinct aspect of the congress and a concluding paragraph is expected.,"Multi-paragraph recap pattern: each paragraph covers a distinct aspect (overview, seminar schedule, fieldtrip); a concluding paragraph wrapping up is expected.",Single-paragraph rant pattern: every sentence repeats the same grievance (the cancelled trip); no conclusion of any kind is expected.,True,0.42303362,0.56372184,0.013244526,0.4097891,3.0227669412852265e-05,0.9994972944259644,5.7092511269729584e-05,0.9986944794654846
143,2,"The final phrase ""The Congress"" ends mid-sentence as the opening of another paragraph.","""The Congress"" ends mid-sentence as the opening of yet another paragraph","""The end."" closes the document as the final line of the last paragraph",True,0.94761413,0.0038575844,0.048528228,0.8990859,0.0017435866175219417,0.9919713735580444,0.0004037642211187631,0.9958760142326355
143,3,"The next tokens will summarize a final aspect such as networking, outcomes or social events.","the next tokens will continue summarizing a final aspect, likely networking, outcomes, or local social events","the next tokens will launch into an unrelated advertisement, likely for hotels, car rentals, or insurance",True,0.003011144,0.99632937,0.00065952545,0.0023516186,7.300364814000204e-05,0.9984375834465027,0.0008004289702512324,0.9830635190010071
144,0,The text is a scientific/biomedical product description following antibody or reagent catalog conventions.,"Scientific/biomedical product description genre, following standard antibody or reagent catalog conventions about CD117 biology","Romantic/literary short story genre, following loose diary or letter conventions about a summer holiday",True,0.73471683,0.12046746,0.14481567,0.58990115,7.641522824997082e-05,0.9972376823425293,0.0100032277405262,0.4657868444919586
144,1,"The prior sentences cover receptor identity, locations, and cellular activity.","prior sentences cover receptor identity, locations, and cellular activity","prior sentences cover pricing, shipping terms, and return policies",True,0.9719706,0.0059281737,0.022101251,0.9498694,0.0005784024251624942,0.8910124897956848,0.0007301412406377494,0.9090825319290161
144,2,"The final token ""CD"" begins a repeated occurrence of ""CD117"".","The final token ""CD"" begins a repetitive occurrence of ""CD117,""","The final token ""Sold"" begins a first occurrence of ""Sold out,""",True,0.48185363,0.40904373,0.10910262,0.372751,0.0005831050802953541,0.9846169948577881,0.000983323552645743,0.9685121178627014
144,3,A standardized catalog descriptor of a monoclonal antibody or assay reagent is expected next.,"A standardized catalog descriptor describing a monoclonal antibody or assay reagent, perhaps its specificity, is expected next","A rambling personal anecdote describing a family vacation or pet, perhaps its weather, is expected next",True,0.0029282714,0.9947956,0.0022760902,0.0006521812,6.750455213477835e-05,0.9982484579086304,8.208864892367274e-05,0.9985402822494507
145,0,The text has the structure of a medical/scientific abstract or review introduction.,Medical/scientific abstract or review introduction structure,Casual/personal travel diary entry structure,True,0.8064777,0.13301079,0.06051144,0.7459663,8.705179789103568e-05,0.9986498951911926,0.00012472952948883176,0.998918890953064
145,1,The background paragraph is complete and the text is transitioning to a study-specific summary.,"background paragraph complete, now transitioning to study-specific content summary","background paragraph just begun, still far from any study-specific content summary",True,0.69239795,0.25590327,0.051698785,0.64069915,0.0001272238150704652,0.9991876482963562,0.000150781444972381,0.9991493225097656
145,2,"The preceding paragraph establishes fracture healing as involving complex mechanical, cellular, inflammatory, and molecular interactions.","The preceding paragraph establishes callus-mediated fracture healing as involving complex mechanical, cellular, inflammatory, and molecular interactions","The preceding paragraph dismisses callus-mediated fracture healing as involving a single simple, purely mechanical interaction",True,0.9757293,0.008499617,0.015771195,0.9599581,7.322972669498995e-05,0.9995753169059753,6.6967069869861e-05,0.9980674386024475
145,3,"The final token ""healing"" ends an opening clause that requires a direct object or prepositional phrase.","""This review examines fracture healing"" is an opening clause of a sentences/run-ons continuation, requiring direct object or prepositional phrase completing the topic scope","""This review examines fracture repair."" is a closing clause of a completed sentence, requiring no direct object or prepositional phrase completing the topic scope",True,0.9921841,0.0014429729,0.0063729156,0.9858112,0.00025049629039131105,0.997000515460968,0.000376726093236357,0.9968721270561218
146,0,The text is scientific biomedical prose about lymphatic vessel biology.,Scientific biomedical prose establishing lymphatic vessel biology,Whimsical children's verse establishing farmyard animal antics,True,0.97621435,0.01115628,0.012629381,0.96358496,0.00020933515042997897,0.9971799850463867,0.0006098451558500528,0.986458957195282
146,1,The narrative moves from structure toward dynamic modeling and adaptive remodeling.,moving from structure toward dynamic modeling and adaptive remodeling,moving from dynamic modeling back toward static anatomy and fixed structure,True,0.3075454,0.6836532,0.008801408,0.298744,8.764513040659949e-05,0.9976320266723633,0.00017079352983273566,0.9987737536430359
146,2,The quoted sentence sets up a list of influencing factors including biological and mechanical stimuli.,sets up a list of influencing factors including biological and mechanical stimuli,closes a list of unrelated side effects including nausea and dizziness,True,0.9813421,0.0054178676,0.013240192,0.96810186,0.0002890591276809573,0.9802250266075134,0.020758770406246185,0.2010345160961151
146,3,"The final token ""the"" is an article beginning a noun phrase.","Final token ""the"" is an article beginning a noun phrase","Final token ""runs"" is a verb ending a main clause",True,0.9754287,0.0024994737,0.022071846,0.95335686,0.00469904113560915,0.8314238786697388,0.0014283796772360802,0.9745065569877625
147,0,The text has the tone of a local news/public health newsletter explaining vaccine boosters.,"Local news/public health newsletter tone, explaining Omicron vaccine boosters to residents with authoritative yet accessible language","Angry anonymous forum rant tone, mocking Omicron vaccine boosters to strangers with crude and hostile language",True,0.09621436,0.87147915,0.032306552,0.06390781,9.088557999348268e-05,0.9987789988517761,8.084338332992047e-05,0.9988788962364197
147,1,The text is building toward completing a list of vaccine benefits.,The text is building toward completing a list of vaccine benefits,The text is building toward completing a list of vaccine side effects,True,0.009398695,0.9896082,0.0009930365,0.008405658,0.002407156163826585,0.9844842553138733,0.00163339136634022,0.991145670413971
147,2,"The final fragment ending in ""They do"" sets up an immediate continuation.","They do"" sets up an immediate continuation","They stop."" ends the passage without any continuation",True,0.70695,0.2082864,0.0847636,0.6221864,7.689744234085083e-05,0.999618411064148,0.00011950363841606304,0.9990867376327515
147,3,The truncated clause demands a verb phrase completing what boosters do.,the truncated clause demands a verb phrase completing what boosters actually do regarding some outcome,"the finished clause demands no further phrase, since boosters are never mentioned again",True,0.9873029,0.001978,0.010719104,0.9765838,9.291358583141118e-05,0.9935240745544434,0.0034333027433604,0.9154906868934631
148,0,The text is an informational blog post: an educational guide about Pomeranian puppies.,Informational blog post structure: educational guide about Pomeranian puppies,Legal contract structure: binding agreement about commercial real estate,True,0.9895229,0.006852178,0.0036249768,0.9858979,0.004585607443004847,0.16156932711601257,0.0005400748923420906,0.9191098213195801
148,1,The content is completing a practical advice paragraph about dietary changes and care tips during teething.,Content momentum completing a practical advice paragraph: sentence about adjusting to dietary changes and providing care tips during teething development,Content momentum opening a historical anecdote paragraph: sentence about the breed's origins and royal owners during the eighteenth century,True,0.001512477,0.004196524,0.99429107,-0.9927786,0.001184249995276332,0.23535658419132233,0.0004645349399652332,0.8993217349052429
148,2,"The final word ""and"" is a mid-clause continuation.","Final word ""and you and"" is mid-clause continuation","Final word ""and you too."" is a clause-final ending",True,0.9861269,0.0029715912,0.01090152,0.9752254,0.002666329964995384,0.9890240430831909,0.0007266867905855179,0.9956507086753845
148,3,A noun referencing the reader's pet is required next.,"requires noun referencing your pet, almost certainly ""your Pomeranian puppy"" or ""your furry friend,"" closing the personal address","requires verb referencing your job, almost certainly ""commute"" or ""work overtime,"" opening an impersonal aside",True,0.99363637,0.002420062,0.0039435225,0.98969287,0.0002456087968312204,0.9929420948028564,0.00022214121418073773,0.9979610443115234
149,0,The text is an Arabic-derived English informational article about pests in Egypt.,Arabic-derived English informational article about pests/rodents in Egypt,Native English romantic novel about sailors/pirates in Cornwall,True,0.030294573,0.08350318,0.8862023,-0.8559077,9.845642489381135e-05,0.9987137317657471,7.760422886349261e-05,0.9990025162696838
149,1,"The register is educational-persuasive, promoting pest control services.",maintaining an educational-persuasive register promoting pest control services,maintaining a dry legal register prohibiting pest control services,True,0.09959493,0.8977052,0.0026998632,0.09689507,9.679156937636435e-05,0.9992371797561646,0.00012638808402698487,0.9965088963508606
149,2,The text is now in a closing paragraph building toward a call-to-action.,now a closing vizor paragraph building toward a call-to-action or treatment solutions,now an opening teaser paragraph drifting away from any call-to-action or treatment solutions,True,0.9429528,0.006606663,0.050440457,0.8925124,8.217053982662037e-05,0.999536395072937,0.00010899166227318347,0.9988083839416504
149,3,"The final token ""completely"" ends an incomplete sentence.","Final token ""completely"" ends an incomplete sentence","Final token ""Welcome"" opens a complete sentence",True,0.9905787,0.0018211374,0.0076001813,0.9829785,0.00021333924087230116,0.9965975880622864,0.0004813194100279361,0.9938520193099976
150,0,The text is a scientific journal abstract following IMRaD structure.,Scientific journal abstract following IMRaD structure,Amateur poetry chapbook following free-verse structure,True,0.020711616,0.9729222,0.006366228,0.014345387,0.00012913257523905486,0.9984551668167114,0.0001996354985749349,0.9985617995262146
150,1,The Results section is now concluding with abundance results after evenness findings.,now concluding with abundance results after evenness findings,now opening with methods details before any findings,True,0.0053533493,0.99168164,0.0029650745,0.0023882748,0.00013367734209168702,0.9939990043640137,0.009494507685303688,0.7281865477561951
150,2,The pattern repeats three parallel metrics for breeding neotropical landbirds.,The pattern established repeats three parallel metrics for breeding neotropical landbirds,The pattern established abandons all parallel metrics for hibernating arctic mammals,True,0.0010241206,0.9969432,0.0020327333,-0.0010086127,4.280647772247903e-05,0.99587482213974,0.0007205175934359431,0.12296047061681747
150,3,"The final token ""of"" ends ""The abundance of"", which opens a parallel sentence.","Final token ""The abundance of"" opens a parallel sentence","Final token ""The abundance declined."" closes an isolated sentence",True,0.9752866,0.0025583743,0.022155005,0.9531316,0.0007069189450703561,0.9973620772361755,0.0007572758477181196,0.9746988415718079
151,0,The text is a scientific/regulatory definition format establishing unit equivalencies for vitamin E.,Scientific/regulatory definition format establishing unit equivalencies for vitamin E,Casual/recipe blog format sharing serving suggestions for lemon cake,True,0.9778813,0.015606585,0.006512149,0.97136915,0.0002259035682072863,0.9874890446662903,0.00016746146138757467,0.9927690029144287
151,1,The historical narrative requires completing the explanation of how biological equivalence is defined.,requires completing the explanation of how biological equivalence is defined,requires abandoning the explanation of how biological equivalence is defined,True,0.6844114,0.2687401,0.046848476,0.63756293,0.0001320680312346667,0.9994474053382874,0.00019784364849328995,0.9993104934692383
151,2,"The final token ""activity"" ends an incomplete clause.","Final token ""activity"" ends an incomplete clause","Final token ""Pharmacopeia"" ends a complete clause",True,0.9874507,0.0045862203,0.007963065,0.97948766,0.0003554014547262341,0.9952488541603088,0.000624141248408705,0.9881247282028198
151,3,Syntactic completion requires a that-clause or of-clause specifying the reference standard.,syntactic completion requires a that-clause or of-clause specifying the reference standard,"syntactic completion requires only a full stop, since the reference standard is already specified",True,0.020756423,0.97217464,0.0070689167,0.013687506,0.00031085542286746204,0.9980379939079285,0.004781707189977169,0.9273914694786072
152,0,The text is a scientific paper abstract in a formal academic register.,"Scientific paper abstract establishing gene characteristics and evolutionary biology findings, using formal academic register throughout","Tabloid horoscope column offering love predictions and lucky numbers, using breezy chatty register throughout",True,0.009135229,0.98949695,0.0013678119,0.0077674165,7.789728988427669e-05,0.9988656044006348,0.001163321896456182,0.9838899374008179
152,1,The data presented leads to explaining selective mechanisms.,"data presented (gene clustering, low expression, promiscuous sperm competition) leads to explaining selective mechanisms","data presented (gene clustering, low expression, promiscuous sperm competition) leads nowhere, with no mechanism ever explained",True,0.3873728,0.609423,0.0032042104,0.3841686,0.00013128785940352827,0.9993818998336792,0.0003656104963738471,0.9942775368690491
152,2,"The final token ""rapid"" ends an incomplete phrase requiring a noun like ""evolution"".","Final token ""rapid"" ends an incomplete superlative phrase","Final token ""evolution"" ends a complete noun phrase",True,0.97963506,0.005211418,0.01515355,0.96448153,0.00031278104870580137,0.9964057207107544,0.00042382313404232264,0.9916531443595886
152,3,The next clause concerns protein evolution and molecular arms races.,a clause about protein evolution and molecular arms races,a clause about laboratory funding and ethics approvals,True,0.00031056063,0.9990409,0.0006485293,-0.0003379687,0.0018404979491606355,0.5088261961936951,0.0010202819248661399,0.5861610174179077
153,0,The text is a health/nutrition article with structured facts about a fruit.,"Health/nutrition article format: structured facts about jafra (Indian green plum), covering benefits, vitamins, and consumption advice in accessible prose","Crime/thriller novel format: tense scenes about a detective (Scotland Yard veteran), covering suspects, alibis, and a chase in breathless prose",True,0.99580765,0.0011234954,0.0030689256,0.9927387,0.0016808663494884968,0.9656726121902466,0.0006156214512884617,0.9861250519752502
153,1,The text is enumerating reasons why the fruit suits diabetics.,the text is enumerating reasons why jambolan suits diabetics,the text is enumerating reasons why jambolan harms diabetics,True,0.9952408,0.0017630535,0.0029961276,0.99224466,0.0003622840449679643,0.9987937211990356,0.000490431732032448,0.998916745185852
153,2,"The final token ""a"" begins a noun phrase mid-clause.","Final token ""have a"" begins a noun phrase mid-clause","Final token ""have none."" ends a verb phrase at clause end",True,0.992554,0.001976903,0.0054690754,0.9870849,0.00047316576819866896,0.9943419694900513,0.00038499574293382466,0.9932135343551636
153,3,The continuation is almost certainly a diabetes-relevant metric such as a low glycemic index.,"requiring immediate completion with a diabetes-relevant metric, almost certainly ""low Glycemic Index (GI)"" or similar numerical/medical descriptor","requiring immediate completion with a colour adjective, almost certainly ""deep purple skin"" or similar visual/aesthetic descriptor",True,0.018442696,0.9773876,0.0041697333,0.014272963,0.00034009540104307234,0.9357916116714478,0.004075354430824518,0.9097417593002319
154,0,"The text is a personal narrative about a rescued or dead bird, with a compassionate reflective tone.","Personal narrative recount of a rescued/dead bird incident, establishing compassionate reflection tone","Corporate press release about a quarterly earnings result, establishing brisk promotional tone",True,0.3618454,0.21332905,0.42482552,-0.062980115,0.0007542343228124082,0.970784068107605,0.00022805706248618662,0.9949573874473572
154,1,The narrative is moving toward discussion of window-related collision prevention.,strongly signaling the narrative is moving toward window-related collision prevention or mitigation discussion,strongly signaling the narrative is moving toward a recipe for the evening's dinner,True,0.05728448,0.9272373,0.015478254,0.04180623,0.00022883177734911442,0.9526201486587524,0.00020273648260626942,0.984794557094574
154,2,"The final fragment ends in ""the"" and abruptly shifts to the home owner describing repeated window strikes.","Final fragment ""I've also hit it into the"" abruptly shifts to the home owner describing window strikes happening repeatedly","Final fragment ""I've also hit it into orbit."" smoothly continues the narrator describing a single lucky throw",True,0.018552268,0.5043782,0.47706953,-0.45851725,9.081362804863602e-05,0.9979883432388306,6.222286901902407e-05,0.9988064765930176
154,3,"The next token is almost certainly ""window"" or ""windows"".","next token almost certainly is ""window"" or ""windows,""","next token almost certainly is ""tree"" or ""trees,""",True,0.1345538,0.8417308,0.023715392,0.11083841,0.0003964521747548133,0.997127115726471,0.00041704202885739505,0.9969779253005981
155,0,The text is a journalistic news report about an environmental incident with uncertain causation.,Journalistic/news report register establishing environmental incident narrative with uncertainty about causation,Fairy-tale/bedtime story register establishing enchanted forest narrative with certainty about the villain,True,0.94944394,0.04530403,0.0052520097,0.94419193,0.00027105765184387565,0.9784625768661499,0.0010134655749425292,0.9580866098403931
155,1,The text signals a diagnostic investigation in progress.,The text signals a diagnostic investigation in progress,The text signals a closed case with no investigation,True,0.9925867,0.0065843086,0.0008289659,0.9917577,0.00010387194924987853,0.9995235204696655,0.0001364406489301473,0.9988172650337219
155,2,"The final phrase ends in ""find"" mid-sentence and requires a direct object.","Final phrase ""Scientists are now examining the dead birds, trying to find"" is mid-sentence requiring direct object","Final phrase ""Scientists are now examining the dead birds, trying to rest."" is sentence-final requiring no object",True,0.934065,0.012565467,0.053369604,0.8806954,0.00032142389682121575,0.9982672929763794,0.0005457203951664269,0.9963685274124146
155,3,"The likely direct object is ""the cause"" or evidence of toxins.","likely ""the cause,"" ""signs of toxins,"" or ""pathogens/damage levels.""","likely ""a buyer,"" ""cheaper flights,"" or ""parking/hotel deals.""",True,0.010287564,0.9886748,0.0010376831,0.009249881,0.00010325366019969806,0.9994126558303833,0.00017320262850262225,0.9991082549095154
156,0,"The text is a botanical/taxonomic reference compilation defining ""pine"" across sources.","Botanical/taxonomic reference compilation: entries follow dictionary and encyclopedia formats defining ""pine"" across sources","Sports/gossip magazine compilation: entries follow interview and rumour formats profiling ""strikers"" across clubs",True,0.73779535,0.24906877,0.013135864,0.7246595,0.0016846046783030033,0.865855872631073,0.0010296623222529888,0.9508495926856995
156,1,The passage is elaborating a specific Pinus variety's distinguishing features.,the passage is elaborating a specific Pinus variety's distinguishing features,"the passage is summarising the whole genus's shared, undistinctive traits",True,0.9795958,0.003191776,0.017212505,0.9623833,9.353942732559517e-05,0.9982646107673645,0.0001023684671963565,0.9986159801483154
156,2,"The final fragment ending in ""growth"" ends mid-description.","Final fragment ""the early horizontal growth"" ends mid-description","Final fragment ""the early horizontal branches."" ends the description",True,0.08484377,0.87464607,0.040510196,0.044333573,0.19215910136699677,0.06117082014679909,0.0320139080286026,0.8560280799865723
156,3,A continuation about growth habit or branching pattern is expected.,expecting continuation about growth habit or branching pattern,expecting continuation about timber prices or export tariffs,True,0.024355939,0.9743207,0.0013233654,0.023032574,0.0007397079025395215,0.8944028615951538,0.018989330157637596,0.14711880683898926
157,0,The text has a health/wellness advocacy tone about skin care myths.,Health/wellness advocacy tone establishing expertise about skin care myths,Stock-market newsletter tone establishing expertise about bond yields,True,0.89265144,0.097642906,0.009705684,0.8829458,8.271401020465419e-05,0.9944251775741577,8.151103247655556e-05,0.9953946471214294
157,1,The author is building toward explaining negative effects of constant exfoliation on aging skin.,the author is building toward explaining negative effects of constant exfoliation on aging skin,the author is building toward praising the rejuvenating benefits of constant exfoliation on aging skin,True,0.0883193,0.910475,0.0012056434,0.087113656,0.0001016219102893956,0.9991083741188049,0.00035956574720330536,0.997124969959259
157,2,"The final token ""a"" leaves a cause-and-effect construction mid-sentence requiring a noun phrase.","""Repeated abrasion of skin causes a"" is a cause-and-effect construction mid-sentence requiring a specific medical or physiological noun phrase","""Repeated abrasion of skin causes nothing."" is a finished dismissal at sentence end requiring no further noun phrase",True,0.9399944,0.04859262,0.011412864,0.92858154,0.00016968027921393514,0.9980947375297546,0.0016703412402421236,0.9282865524291992
157,3,The sentence promises a consequence describing how skin responds negatively to friction.,The sentence promises an ongoing consequence describing how skin physically responds negatively to mechanical friction,The sentence promises a brief anecdote describing how the author cheerfully ignores mechanical friction,True,0.99188,0.0055028503,0.0026171925,0.9892628,0.00010886655218200758,0.9957152009010315,0.00035333383129909635,0.9423058032989502
158,0,The text has the structure of a scientific paper abstract/results section listing sequential findings.,"Scientific paper abstract/results structure (Spanish academic journal), listing sequential findings","Fantasy novel prologue structure (English paperback), narrating a dragon's awakening",True,0.69962865,0.25224686,0.048124526,0.6515041,0.0012093910481780767,0.9703112840652466,0.004020287189632654,0.9405186176300049
158,1,The text continues an enumeration of product characteristics and stability data.,Continuation of enumerated product characteristics and stability data,Abrupt start of an unrelated author biography and funding statement,True,0.97198874,0.015787635,0.01222359,0.95976514,7.321095472434536e-05,0.9993190765380859,8.735244773561135e-05,0.9981921315193176
158,2,"The final phrase ending in ""glass"" is mid-sentence, describing a container/storage condition.","when stored in amber glass"" is mid-sentence describing a container/storage condition","when stored in amber bottles."" is sentence-final describing a completed storage condition",True,0.9629624,0.004802963,0.03223464,0.9307277,0.0007511803414672613,0.9955980181694031,0.0030175603460520506,0.9897153973579407
158,3,Immediate completion naming a container or vial type is required.,requiring immediate completion naming a container or vial type,requiring immediate completion naming a statistical test or p-value,True,0.0010261664,0.9950401,0.0039336975,-0.002907531,0.002036823658272624,0.8989570736885071,0.0051257009617984295,0.8050528764724731
159,0,The text is an academic citation/author affiliation list expecting institutional names.,"Academic citation/author affiliation list format, expecting institutional names continuing after established pattern","Casual text-message thread format, expecting emoji replies continuing after established banter",True,0.7620123,0.03929585,0.19869183,0.56332046,5.9573849284788594e-05,0.9982701539993286,0.0005054262583144009,0.9861602187156677
159,1,International affiliations are expected to continue with Indonesian local partners.,suggesting international affiliations continue with Indonesian local partners,"suggesting the affiliations stop here, with no Indonesian partners named",True,0.00032057185,0.9995179,0.0001615088,0.00015906306,0.0001221431593876332,0.9994490742683411,0.00014156365068629384,0.998568058013916
159,2,"The final fragment ending in ""Community"" is a mid-institution name requiring a completing word.","Final fragment ""Center for Research and Community"" is mid-institution name, immediately requiring its completing word(s)","Final fragment ""Center for Research and Development."" is a finished institution name, requiring no further word(s)",True,0.9890753,0.0027672783,0.008157346,0.98091793,0.0008007404976524413,0.99698406457901,0.00041745227645151317,0.9979586601257324
159,3,"The likely completing word is ""Service"" or ""Pengabdian"".","likely ""Service"" or ""Pengabdian"" (Indonesian institutional convention for ""Community Service"")","likely ""Garden"" or ""Kebun"" (Indonesian institutional convention for ""Community Garden"")",True,0.8436267,0.08948381,0.06688951,0.77673715,0.0002531280624680221,0.9976845979690552,0.00037290918407961726,0.9964556694030762
160,0,The text is a biographical/historical register about a 19th century physician named von Graefe.,Biographical/historical register about a 19th century ophthalmology physician named von Graefe,Speculative/futuristic register about a 23rd century starship captain named Vega,True,0.46983206,0.32675928,0.20340867,0.2664234,0.008269145153462887,0.49247580766677856,0.0026057420764118433,0.9497084021568298
160,1,"""is known through"" signals a pivot to his enduring fame, the eponymous Graefe's disease.","""is known through"" signals a pivot to his enduring fame — specifically the eponymous Graefe's disease","""is known through"" signals a return to his ordinary obscurity — specifically his unremarkable village practice",True,0.09642315,0.8873405,0.016236342,0.08018681,6.577541353181005e-05,0.9996417760848999,8.461365359835327e-05,0.9995384216308594
160,2,"The final clause ending in ""through"" is mid-construction and requires immediate completion.","Final clause ""His lasting fame is known however known through"" is a relative clause mid-construction, requiring immediate completion","Final clause ""His lasting fame is known however known worldwide."" is a complete main clause, requiring no completion",True,0.37147555,0.1009378,0.52758664,-0.15611109,0.00043814361561089754,0.9975079298019409,0.00030998801230452955,0.9971988201141357
160,3,"The completion is likely his work on strabismus, a medical debate, or a book/condition.","likely his work on strabismus, a notable medical debate, or a book/condition","likely his skill at chess, a notorious gambling debt, or a duel/scandal",True,0.0068777693,0.9893462,0.0037760744,0.0031016949,0.00011199314030818641,0.9986310601234436,0.0003974903956986964,0.9977877140045166
161,0,The text has the structure of an academic public health essay.,"Academic public health essay structure: thesis presented, broad statistics established, conditions listed (cerebral palsy, epilepsy, autism)","Children's picture-book structure: hero introduced, magic forest entered, animals met (rabbit, owl, fox)",True,0.23015898,0.73215836,0.037682656,0.19247633,0.00017152869259007275,0.9972125887870789,0.001736883306875825,0.9785546660423279
161,1,The text is cataloguing impacts of preventable birth defects on individuals and families.,the text is cataloguing impacts of preventable birth defects on individuals/families,the text is celebrating advances of modern obstetrics for hospitals/insurers,True,0.99521506,0.0034619293,0.0013230135,0.9938921,0.00021283753449097276,0.9712220430374146,0.00026210377109237015,0.9838308095932007
161,2,"The final phrase ending in ""enormous"" is a paired construction requiring a noun phrase.","poses an enormous"" is a paired construction requiring a noun phrase completing the negative societal/economic burden","poses none."" is a closed construction requiring no noun phrase, dismissing any societal/economic burden",True,0.9832358,0.002413513,0.014350693,0.96888506,0.0005723766516894102,0.9971814155578613,0.0004614376521203667,0.9926913380622864
161,3,"The completion is almost certainly ""cost"" or ""economic burden on the healthcare system"".","almost certainly ""cost"" or ""economic burden on the healthcare system.""","almost certainly ""opportunity"" or ""windfall for the tourism industry.""",True,0.0034310815,0.99602664,0.00054234604,0.0028887354,5.296948438626714e-05,0.9979574680328369,6.860881694592535e-05,0.9988486766815186
162,0,The text is machine-translated/SEO-spam health content with garbled phrasing.,Machine-translated/SEO-spam health content pattern,Carefully edited/peer-reviewed clinical guideline pattern,True,0.0056412797,0.98747385,0.006884894,-0.0012436141,0.0001067255434463732,0.9992814660072327,0.00014076421211939305,0.998763918876648
162,1,The text is building a section about types of diabetes for general readers.,"the text is building a section about types of diabetes, covering detection and disease subtypes for general readers","the text is building a section about cake recipes, covering ingredients and oven settings for home bakers",True,0.00084490166,0.9979305,0.0012245319,-0.00037963025,0.0003984971554018557,0.9507858753204346,0.0002269255492137745,0.9803998470306396
162,2,"The final token ""diabetes"" is a mid-clause continuation.","Final token ""has diabetes"" — mid-clause continuation of","Final token ""has ended."" — sentence-final termination of",True,0.87953085,0.042900387,0.07756886,0.801962,0.0023184611927717924,0.9859819412231445,0.0002442401892039925,0.9970989227294922
162,3,"A word like ""type 1/2"" or a garbled continuation such as ""diabetes mellitus"" is expected next.","immediately expects a word like ""type 1/2"" or a garbled continuation spelling out ""diabetes mellitus""","immediately expects a word like ""goodbye"" or a clean continuation spelling out ""the end""",True,0.004548457,0.9928011,0.002650502,0.0018979551,0.0005262144259177148,0.9951319694519043,0.0005456828512251377,0.9924156665802002
163,0,The text is a medical informational list resembling search results about hypertension.,Medical informational list format — repeated entries suggest a search results/index pattern with source headers and summaries about hypertension,Romantic epistolary format — unique letters suggest a private correspondence pattern with dated greetings and confessions about heartbreak,True,0.48911625,0.45568392,0.055199817,0.43391645,0.0010628961026668549,0.9347641468048096,0.001996306236833334,0.39481133222579956
163,1,The repetition mirrors a prior repeating terminology structure.,"mirrors prior repeating terminology structure (""hypertension hypertension"")","breaks from prior varied terminology structure (""hypertension"" appearing only once)",True,0.28648883,0.68725103,0.026260113,0.26022872,0.00012770126340910792,0.9990273714065552,0.00018867893959395587,0.9987558126449585
163,2,"The final token ""high"" begins a repeated keyword phrase functioning as a heading starter.","Final token ""high"" begins a repeated keyword phrase (""High blood pressure high""), functioning as a document/section heading starter","Final token ""killer"" ends a fresh narrative sentence (""hypertension is a silent killer""), functioning as a paragraph closer",True,0.8994719,0.03552947,0.06499865,0.83447325,0.0007954203756526113,0.9903600215911865,0.0009739218512549996,0.9877707958221436
163,3,"The next token is constrained to be a ""blood pressure"" continuation.","immediately constraining next token to be ""blood pressure"" continuation","leaving next token free to be any unrelated word, such as ""cholesterol""",True,0.32028347,0.6269315,0.052785046,0.26749843,6.522546027554199e-05,0.9990586638450623,6.395779928425327e-05,0.998963475227356
164,0,The text is AI-generated or low-quality instructional text with garbled advice about puppy feeding.,"AI-generated or low-quality instructional text with garbled, nonsensical medical/pet advice about puppy feeding","Expert-written, high-quality veterinary text with clear, sensible medical/pet advice about puppy feeding",True,0.034122575,0.6270912,0.33878624,-0.30466366,8.690515096532181e-05,0.9989166259765625,6.728590233251452e-05,0.998909592628479
164,1,The logical momentum demands continuation of the nutritional warning's consequence.,Logical momentum demands continuation of the nutritional warning consequence,Logical momentum demands abandonment of the nutritional warning altogether,True,0.9333985,0.06104048,0.005561041,0.92783743,9.777004743227735e-05,0.9995296001434326,0.0002168564242310822,0.9992720484733582
164,2,"The final token ""nutrients"" ends a repetitive conditional clause.","Final token ""nutrients"" ends a repetitive conditional clause","Final token ""Congratulations"" opens a fresh exclamatory clause",True,0.9768494,0.01574311,0.007407526,0.96944183,0.00015138268645387143,0.9933848977088928,9.508703806204721e-05,0.9970988035202026
164,3,"A causal conclusion phrase like ""then they..."" is expected.","expecting a causal conclusion phrase like ""then they..."" or ""get sick.""","expecting an unrelated topic change like ""Meanwhile, in Paris..."" or ""Buy now.""",True,0.1427542,0.84984994,0.0073958514,0.13535835,8.744071965338662e-05,0.9992008805274963,0.00012785170110873878,0.9982525706291199
165,0,The text is a tech/medical news blog with condensed science commentary.,Tech/medical news blog style with a condensed science commentary summarizing nanotherapy and immortality research,Gardening/cookery magazine style with a leisurely seasonal column summarizing tomato varieties and jam recipes,True,0.52512777,0.3935907,0.08128154,0.44384623,0.001318063004873693,0.9116222858428955,0.0007164652342908084,0.9533039927482605
165,1,The text has been building toward a source citation.,The text has been building toward a source citation after discussing scientific achievements of Neurolink,The text has been building toward a dramatic plot twist after introducing the fictional villain of Neurolink,True,0.99409074,0.002407024,0.0035021987,0.99058855,0.0007874681032262743,0.8353613615036011,0.0002639103040564805,0.9790709018707275
165,2,"The final token ""Business"" starts a publication/source name.","Final token ""Business"" is the start of a publication/source name","Final token ""Goodbye"" is the end of a farewell sign-off",True,0.98955196,0.0014363368,0.009011683,0.9805403,0.00041752230026759207,0.9903585314750671,0.00015154639550019056,0.9944591522216797
165,3,"A specific outlet name like ""Business Insider"" is expected next.","immediately expects a specific outlet name continuation like ""Business Insider,"" ""Business Wire,"" or a Canadian publication","immediately expects a numeric date continuation like ""2014,"" ""2015,"" or a Roman numeral",True,0.004174984,0.9940294,0.0017956382,0.0023793457,0.01769440621137619,0.5569454431533813,0.007765970192849636,0.11368907243013382
166,0,The text is explanatory science/popular health journalism with a debate structure.,"Explanatory science/popular health journalism tone established, presenting a debate structure","Terse legal statute tone established, presenting a numbered list of penalties",True,0.031813774,0.9559747,0.012211521,0.019602254,0.0017048607114702463,0.9474706053733826,0.0011918842792510986,0.9713243842124939
166,1,The paragraph transition sets up an unexpected alternative explanation for increased longevity.,sets up an unexpected alternative explanation,restates the same familiar explanation,True,0.19963609,0.79576874,0.0045951977,0.19504088,0.00029462581733241677,0.9971526861190796,0.00013560998195316643,0.9966219663619995
166,2,"The final token ""that"" ends a sentence opener introducing a contrasting theory and requires specification of its content.","""However, one newer theory is that"" — first sentence opener introducing a contrasting unexpected theory, requiring immediate specification of the theory content","""However, one newer theory is wrong."" — complete sentence dismissing a familiar theory, requiring no further specification of its content",True,0.5819077,0.37883952,0.039252803,0.5426549,0.00019177363719791174,0.9974489808082581,0.0004114092735107988,0.9970511198043823
166,3,The clause will explain how modern lifestyle factors may paradoxically explain lifespan.,signals a clause explaining how modern lifestyle factors — paradoxically — may explain lifespan,signals a clause denying that modern lifestyle factors — obviously — have anything to do with lifespan,True,0.49086604,0.5015261,0.007607839,0.4832582,8.040743705350906e-05,0.9993306398391724,0.0025655340868979692,0.663052499294281
167,0,The text is in a scientific/academic register about iodine deficiency as a public health problem.,Scientific/academic register establishing a public health problem about iodine deficiency disorder (IDD),Chatty/advertising register promoting a seaside holiday package about all-inclusive resorts (AIR),True,0.0036484273,0.99592423,0.0004273145,0.0032211128,0.0016772113740444183,0.9284706711769104,0.0006375245866365731,0.9782595634460449
167,1,The text introduces measurement/assessment methodology and a caveat about its accuracy is expected.,"The text introduces measurement/assessment methodology, signaling a contrasting caveat or complication about limited accuracy, variation, or alternative biomarkers is expected","The text abandons measurement/assessment methodology, signaling an unqualified endorsement of perfect accuracy, with no variation or alternative biomarkers expected",True,0.97472566,0.023587586,0.001686712,0.973039,4.636867743101902e-05,0.9996292591094971,0.0004338440194260329,0.9954659938812256
167,2,"The final token ""which"" is a relative pronoun opening a subordinate clause.","Final token ""which"" is a relative pronoun opening a subordinate clause defining/modifying ""urinary iodine concentrations,""","Final token ""concentrations"" is a plural noun closing a main clause without modifying anything further,",True,0.96487224,0.0096647,0.025463095,0.93940914,0.0002175772824557498,0.9947915077209473,0.0008439486264251173,0.8970272541046143
167,3,An immediate verb phrase is required next.,"requiring an immediate verb phrase (e.g., ""are measured by spot urine collection"" or ""reflect thyroid storage"")","requiring an immediate sentence-final period (e.g., ""."" followed by a new heading or a blank line)",True,0.20080116,0.76600015,0.033198692,0.16760248,0.002103997627273202,0.9249842166900635,0.009898832067847252,0.937482476234436
168,0,The text is medical/health news with factual statistics about COVID-19 in 2023.,Medical/health news style with factual statistics about COVID-19 in 2023,Fantasy fiction style with invented spells about dragons in 1523,True,0.029634431,0.86519974,0.10516583,-0.0755314,0.00027795875212177634,0.9936231970787048,0.0004637512902263552,0.9899047017097473
168,1,The text is now introducing a new finding about Omicron variants.,is now introducing a new finding about Omicron variants,is now closing a long-settled point about influenza vaccines,True,0.0018796185,0.96420425,0.03391614,-0.032036524,6.50610527372919e-05,0.9965404272079468,0.00010268211190123111,0.9958236217498779
168,2,"The final token is ""more resistant"", ending an incomplete comparative clause.","Final token ""more resistant"" ends an incomplete comparative clause","Final token ""however"" opens a complete adversative sentence",True,0.99022394,0.0022523939,0.007523626,0.98270035,0.0009761008550412953,0.9919162392616272,0.0014011478051543236,0.9901323318481445
168,3,"The object of resistance, likely ""to neutralizing antibodies"", is required next.","requiring the object of resistance — likely ""to neutralizing antibodies"" or ""to immune evasion"" — immediately next",requiring nothing further — the sentence is complete as it stands — with a new paragraph next,True,0.0013981883,0.99773705,0.0008647702,0.0005334181,0.00023413132294081151,0.9977959394454956,0.0025904965586960316,0.9277004599571228
169,0,The text is machine-translated academic/encyclopedic prose about animal domestication and human-animal bonds.,Machine-translated academic/encyclopedic prose (likely Chinese→English artifacts) discussing animal domestication and human-animal bonds,Native-English tabloid sports column (likely a British columnist) discussing football transfers and stadium brawls,True,0.4221161,0.10119585,0.47668812,-0.054572016,0.00036305293906480074,0.989252507686615,0.00039389714947901666,0.9926377534866333
169,1,"The text is mid-argument following a study, establishing that higher emotional pets score higher.","The text is mid-argument following a study (Stickler, 2000), establishing that higher emotional pets score higher","The text is opening a fresh chapter unrelated to any study, establishing that pet type makes no difference to scores",True,0.7591338,0.10888405,0.1319821,0.6271517,4.060658102389425e-05,0.9997478127479553,4.4136391807114705e-05,0.9991181492805481
169,2,"The final token ""the"" opens a specific noun phrase completing ""higher scores on the"".","Final token ""the"" opens a specific noun phrase completing ""higher scores on the,""","Final token ""scale"" closes a complete noun phrase finishing ""higher scores on the scale,""",True,0.25564116,0.016104944,0.7282539,-0.47261274,0.004106396343559027,0.9815258979797363,0.005944123957306147,0.9841498732566833
169,3,"A named scale or measure such as ""Pet Attachment Scale"" is required next.","requiring a named scale or measure (e.g., ""Pet Attachment Scale,"" ""pet attachment measure"")","requiring a finite verb or adverb (e.g., ""were,"" ""significantly"")",True,0.0020559265,0.9811205,0.01682351,-0.014767583,0.04271373897790909,0.39683660864830017,0.06565707921981812,0.08744994550943375
170,0,The text is an educational/informational essay about malaria prevention and classification.,Educational/informational essay structure covering malaria prevention and classification,Satirical comedy sketch structure covering office romance and karaoke,True,0.0042139343,0.9242862,0.07149986,-0.067285925,7.126968557713553e-05,0.9978378415107727,0.0006686868728138506,0.9620293378829956
170,1,The quoted sentences establish an ongoing enumeration of serious outcomes from cerebral malaria.,establish an ongoing enumeration of serious outcomes from cerebral malaria,close a brief aside about mild side effects of the vaccine,True,0.81259537,0.078287624,0.10911701,0.70347834,7.886976527515799e-05,0.9976027607917786,0.00010562344687059522,0.9967189431190491
170,2,"The final phrase ""cerebral malaria can also occur"" is mid-sentence and requires immediate resolution.","""Additionally, cerebral malaria can also occur"" is mid-sentence, requiring immediate resolution","""Additionally, cerebral malaria can also kill."" is sentence-final, requiring no further resolution",True,0.27918538,0.6276581,0.09315649,0.1860289,0.00023901958775240928,0.9969770908355713,0.0002825137344188988,0.9981402158737183
170,3,A closing sentence wrapping up complications is expected to follow.,followed by a closing sentence wrapping up complications,followed by an opening sentence launching a new topic on treatments,True,0.007834845,0.99071306,0.0014521342,0.006382711,0.00010744370229076594,0.9942854046821594,0.00024736803607083857,0.9884032607078552
171,0,The text follows a parallel organizational description pattern of community/conservation entries.,Parallel organizational description pattern: two separate community/conservation entries suggest more institutional blurbs or program links following the established format,Single continuous first-person narrative: one private diary entry suggests more intimate confessions or dream fragments breaking any established format,True,0.9895834,0.0031434812,0.0072732125,0.9823102,0.00032878562342375517,0.9877831339836121,0.027879348024725914,0.5219510197639465
171,1,The content is about environmental education and invasive species.,Environmental education and invasive species domain content,Luxury fashion and celebrity gossip domain content,True,0.99611783,0.0025450212,0.0013372084,0.9947806,5.668893936672248e-05,0.9916349649429321,7.199210085673258e-05,0.9962092638015747
171,2,"The final phrase ends with ""the spread"" mid-sentence and requires completion.","Final phrase ""dedicated to preventing, controlling and reducing the spread"" is mid-sentence requiring completion","Final phrase ""dedicated to preventing, controlling and reducing the harvest."" is sentence-final requiring no completion",True,0.9248488,0.027201256,0.047949944,0.8768988,0.0006555187283083797,0.9960958361625671,0.0013770147925242782,0.990334689617157
171,3,"A noun completion like ""of invasive species"" or a specific pest name is expected.","expects noun completion like ""of invasive species"" or a specific pest name","expects a verb completion like ""was dissolved"" or a specific date",True,0.7835316,0.19776955,0.01869881,0.7648328,0.00028161174850538373,0.9891406297683716,0.0006317330989986658,0.9655935168266296
172,0,The text is fantasy worldbuilding lore for a mythical creature entry.,Fantasy worldbuilding lore format for a mythical creature entry (children's game encounter book),Dry tax-code commentary format for a corporate filing entry (accountants' reference manual),True,0.99269813,0.0036722964,0.0036295133,0.9890686,7.866382657084614e-05,0.9988921284675598,8.335510938195512e-05,0.99822598695755
172,1,The text now focuses on the Solasians' active rescue behavior toward lost ships/fishermen.,the text now focuses on active rescue behavior toward lost ships/fishermen,the text now focuses on violent predatory attacks against passing ships/fishermen,True,0.908192,0.083919846,0.007888153,0.90030384,7.509825809393078e-05,0.9993807077407837,0.00011142149742227048,0.9993724226951599
172,2,"The final token ""safety"" closes a subordinate clause mid-sentence.","Final token ""safety"" closes a subordinate clause","Final token ""however"" opens a main clause",True,0.9923171,0.0017995609,0.005883272,0.9864338,0.0009811839554458857,0.9551458954811096,0.0010845835786312819,0.9464143514633179
172,3,"A continuation or closing punctuation follows, likely describing companionship or a destination.","a continuation or closing punctuation follows, likely describing companionship or a destination","a fresh chapter heading follows, likely announcing combat stats or a price list",True,0.89205873,0.10203533,0.005905912,0.8861528,0.00015556176367681473,0.9971613883972168,0.0017780382186174393,0.9428885579109192
173,0,The text is a structured turfgrass management advisory for Nebraska turf managers.,Structured turfgrass management advisory/listicle genre,Rambling wedding toast/speech genre,True,0.0016302147,0.99503136,0.0033384569,-0.0017082421,0.00017820960783865303,0.9983106851577759,0.00022811623057350516,0.9971612691879272
173,1,The text is now cataloguing grower responsibilities for proactive management.,"the text is now cataloguing grower responsibilities for proactive management, specifically disease and pest recognition capacity","the text is now recounting a family holiday for pure entertainment, specifically beach games and campfire songs",True,0.9942842,0.0034892238,0.0022265664,0.9920576,4.3088050006190315e-05,0.9985174536705017,7.525487308157608e-05,0.9975606203079224
173,2,"The final phrase ending in ""recognize symptoms"" is an incomplete sentence.","Final phrase ""Train employees to identify turf and learn to recognize symptoms"" is an incomplete sentence","Final phrase ""Train employees to identify turf and learn to recognize weeds."" is a complete sentence",True,0.97437346,0.0019031557,0.023723418,0.95065004,0.0004022496286779642,0.9979706406593323,0.0011908032465726137,0.9934567809104919
173,3,"The next tokens are likely ""of nutrient deficiency"" or pest signs.","next tokens likely are ""of nutrient deficiency"" or pest signs/visual descriptions of damage","next tokens likely are ""in the parking lot"" or price lists/payroll figures",True,0.057920452,0.9377031,0.0043764845,0.053543966,0.00017241637397091836,0.9945728182792664,0.0002172509703086689,0.9913614392280579
174,0,The text is scientific journalism presenting a research finding about human brain evolution.,Scientific journalism register (French-to-English translation influence) presenting a research finding about human brain evolution timeline and hominin cranial measurement,Romantic poetry register (Italian-to-English translation influence) presenting a love lament about a lost summer and seaside longing,True,0.99252445,0.0012664137,0.006209205,0.98631525,0.0002097486867569387,0.9875094294548035,0.00043564115185290575,0.9879440069198608
174,1,The study's methodology is being introduced.,The study's methodology is being introduced,The study's funding scandal is being exposed,True,0.0012404998,0.9952702,0.003489275,-0.0022487752,0.00015739993250463158,0.9168615341186523,0.00016966919065453112,0.9902627468109131
174,2,"The final fragment ending in ""numerous skull fossils"" is an incomplete sentence requiring a noun phrase completion.","Final fragment ""The researchers analyzed numerous skull fossils"" is an incomplete sentence mid-construction, requiring a specific noun phrase completion","Final fragment ""The researchers analyzed numerous skull scans."" is a complete sentence at its end, requiring no further completion",True,0.96834004,0.0028226967,0.02883723,0.93950284,0.0001658424298511818,0.9986534118652344,0.000535957922693342,0.9920146465301514
174,3,The quoted passage continues the explanatory methodology narrative.,"continues the explanatory methodology narrative, establishing what fossil evidence was used","abandons the methodology narrative entirely, turning instead to the lead author's childhood",True,0.99132967,0.0028784452,0.0057919496,0.9855377,4.529845682554878e-05,0.9997155070304871,5.220429738983512e-05,0.9990297555923462
175,0,The text has a Q&A/informational article structure established by title questions.,Q&A/informational article structure established by title questions,Free-verse poem structure established by an untitled opening stanza,True,0.3849132,0.5815027,0.03358411,0.3513291,0.0006662379601038992,0.9889323711395264,0.002413899637758732,0.9833933711051941
175,1,The text continues listing cockroach dietary information.,The text continues listing cockroach dietary/factual information,The text abruptly abandons cockroaches for a car-insurance advertisement,True,0.011710646,0.98546684,0.002822567,0.008888079,3.465505506028421e-05,0.9994644522666931,5.9871363191632554e-05,0.9993441700935364
175,2,"The final token ""You should"" opens a directive or advisory sentence.","""You should"" opens a directive or advisory sentence, requiring an imperative clause continuation","""You did"" closes a plain past-tense statement, requiring no clause continuation",True,0.93563044,0.04112881,0.02324077,0.9123897,0.00015396940580103546,0.9985880255699158,0.0005478454986587167,0.9885950684547424
175,3,The quoted passage sets up a practical takeaway or recommendation.,"sets up a practical takeaway or recommendation, continuing the simplified explanatory tone","sets up a rhetorical joke or riddle, breaking the simplified explanatory tone",True,0.9923035,0.0047411467,0.0029553669,0.9893481,8.592255471739918e-05,0.9973143935203552,9.808493632590398e-05,0.9968906044960022
176,0,The text is a blog/journal entry about birdwatching at Cypress Slough.,Blog/journal entry format about birdwatching at a specific location (Cypress Slough),Legal contract format about property tax at an unnamed jurisdiction (redacted),True,0.0009823358,0.012395508,0.98662215,-0.9856398,8.131811046041548e-05,0.9988743662834167,8.005458948900923e-05,0.9988394379615784
176,1,The sentence establishes information-sharing intent about seasonal bird listing.,The sentence establishes information-sharing intent about seasonal bird listing,The sentence establishes a complaint about noisy neighbours,True,0.9951781,0.0025801398,0.0022416643,0.99293643,0.00013866915833204985,0.9499096870422363,9.481782035436481e-05,0.9674568176269531
176,2,"The final fragment ends with ""and when"", mid-thought.","Final fragment ""see what other wildlife/Cypress Slough birds you might see and when"" ends mid-thought","Final fragment ""see what other wildlife/Cypress Slough birds you might see there."" ends a completed thought",True,0.4617105,0.41854885,0.11974072,0.3419698,0.0018536129500716925,0.9945525527000427,0.039471887052059174,0.4367658793926239
176,3,An immediate period or an additional list item is strongly expected next.,strongly expecting an immediate period or additional list item continuing the seasonal schedule theme,strongly expecting a long new paragraph abandoning the seasonal schedule theme,True,0.0011688914,0.9905331,0.008298019,-0.0071291276,0.00012181621423223987,0.9987223744392395,0.00015221362991724163,0.9988376498222351
177,0,The text is in flashcard/glossary format about blood vessels and cardiovascular physiology.,Flashcard/glossary format with alternating terms and definitions about blood vessels and cardiovascular physiology,Epic poem format with rhyming stanzas and refrains about sea voyages and ancient heroes,True,0.0005020577,0.006425512,0.99307245,-0.9925704,0.00898852851241827,0.7556586265563965,0.005158527754247189,0.9307249188423157
177,1,"The definitions come from a quiz or study guide covering systemic circuits, vascular beds and nerve pathways.","Sequence of physiology/anatomy definitions from a quiz or study guide, covering systemic circuits, vascular beds, nerve pathways","Sequence of cooking instructions from a recipe card, covering knife cuts, sauces, oven temperatures",True,0.0021564588,0.97623354,0.021609975,-0.019453516,0.00015454235835932195,0.9906269311904907,0.00023275890271179378,0.9900116324424744
177,2,"The final fragment ""A shallow groove on"" is the syntactically incomplete beginning of an anatomical definition.","""A shallow groove on"" is the beginning of an anatomical definition, syntactically incomplete","""A shallow groove forms."" is the end of a geological definition, syntactically complete",True,0.2217716,0.11856096,0.6596675,-0.4378959,0.00010924482194241136,0.9991748929023743,0.0001928836718434468,0.9973613619804382
177,3,"An immediate anatomical location/noun completion like ""the bone"" is required.","requires immediate anatomical location/noun completion, likely ""the bone"" or ""the end of a bone joining.""","requires immediate verb/adverb completion, likely ""deepens"" or ""gradually widens over time.""",True,0.007055776,0.050593205,0.942351,-0.9352952,0.00017601648869458586,0.9976480603218079,0.003150023054331541,0.9517927169799805
178,0,The text is a factual/statistical report about Southern Resident killer whales and conservation efforts in California.,"Factual/statistical report tone with Program Letter excerpt, presenting depletion data about Southern Resident killer whales and conservation efforts in California","Whimsical fairy-tale tone with nursery-rhyme excerpt, presenting bedtime fantasies about talking dolphins and treasure hunts in Neverland",True,0.9731416,0.0047412976,0.022117075,0.95102453,0.002296798164024949,0.9320396780967712,0.0026898114010691643,0.928175687789917
178,1,The decline statistics build toward a climactic or sobering recent event.,building toward a climactic or sobering recent event/data point illustrating the crisis severity,building toward a cheerful or celebratory recent event/data point illustrating the full recovery,True,0.20926945,0.7813362,0.009394337,0.19987512,7.924351666588336e-05,0.9984226226806641,0.0001384790666634217,0.9980231523513794
178,2,"The final fragment ""observed three"" opens a startling statistic about very recent observed whales or events.","""Researchers in California observed three"" opens a startling statistic about very recent observed whales or events","""Researchers in California observed nothing."" closes a mundane remark about routine paperwork or funding",True,0.9417629,0.01993117,0.038305946,0.903457,5.052937922300771e-05,0.9996224641799927,5.77069258724805e-05,0.997681736946106
178,3,"A noun like ""individual whales"" or a summary count is likely next.","a specific small number mid-sentence demands completion, likely a noun like ""individual whales"" or a summary count","a full sentence at its end needs nothing more, only a period or a line break",True,0.08149647,0.90885067,0.009652905,0.071843565,6.439163553295657e-05,0.9979128241539001,0.0008623548201285303,0.9059125781059265
179,0,The text is an agricultural extension IPM report progressing through pest categories.,"Agricultural extension IPM report format (Iowa Soybean Association, 2010) progresses through pest categories with scientific detail","Teen romance novel format (Harlequin, 2010) drifts through love triangles with melodramatic detail",True,0.02395625,0.96773636,0.008307405,0.015648846,0.0001645406155148521,0.9966368675231934,0.0006684973486699164,0.9394776225090027
179,1,The text is mid-description of the statewide scouting network's organizational structure.,mid-description of the statewide scouting network's organizational structure,mid-description of a single farmer's personal breakfast routine,True,0.6793353,0.018916983,0.30174774,0.37758756,0.00012166013766545802,0.9935541152954102,0.00039964576717466116,0.9666523337364197
179,2,"The final token ""staff"" ends an incomplete list of network participants.","Final token ""staff"" ends an incomplete list of network participants","Final token ""harvested"" ends a complete sentence about yields",True,0.5319288,0.39011872,0.07795248,0.4539763,0.0004087510460522026,0.9944860339164734,0.00036895542871207,0.9916844367980957
179,3,"A continuation such as ""and university researchers"" is expected.","expecting continuation such as ""and university researchers"" or ""and private individuals/farmers.""","expecting a hard stop such as a period or a section heading like ""Weather Outlook.""",True,0.001977047,0.99748504,0.00053786184,0.0014391851,8.362404332729056e-05,0.9994925260543823,7.538864883827046e-05,0.999333918094635
180,0,The text is academic/journalistic health reporting about marijuana and oral/HPV cancer links.,"Academic/journalistic health reporting tone, presenting a thesis with study evidence about marijuana and oral/HPV cancer links","Casual/gossipy travel blog tone, presenting an itinerary with hotel tips about Lisbon and its tram lines",True,0.61029077,0.35842127,0.03128793,0.57900286,0.00029183365404605865,0.9877027869224548,0.0038375952281057835,0.9371963143348694
180,1,The text is now pivoting to qualify findings with caution before the full conclusion.,now pivoting to qualify findings with caution before full conclusion,now rushing to trumpet findings with certainty as the final verdict,True,0.9773722,0.02120636,0.0014214314,0.9759508,4.364657070254907e-05,0.9996767044067383,0.0001400005421601236,0.9991828799247742
180,2,"The final fragment ""However, due of"" introduces a limiting clause mid-sentence.","Final fragment ""However, due of"" introduces a limiting clause mid-sentence","Final fragment ""However, we agree."" concludes an affirming clause at sentence end",True,0.9850697,0.006515329,0.008415011,0.9766547,0.010957863181829453,0.9430651664733887,0.0028873183764517307,0.9089420437812805
180,3,The fragment signals a causal qualifier explaining why strong conclusions are difficult.,signals a causal qualifier explaining why strong conclusions are difficult,signals a triumphant summary explaining why strong conclusions are easy,True,0.7086063,0.28770423,0.0036894877,0.70491683,0.00021677390031982213,0.9988917708396912,0.0003923545591533184,0.9984533786773682
181,0,The text is a scientific/biological research register describing mouse knockout model results.,Scientific/biological research register describing a mouse knockout model results,Children's picture-book register describing a mouse's birthday party,True,0.10465351,0.8770021,0.018344356,0.08630915,9.045188926393166e-05,0.9979034662246704,0.0001471469149691984,0.996240496635437
181,1,The sentence structure signals a contrast between the expected metabolic phenotype and an unexpected cause of death.,signals a contrast between expected metabolic phenotype and an unexpected cause or manner of death,signals full agreement between expected metabolic phenotype and the entirely predictable survival of the animals,True,0.98933816,0.004987811,0.0056740516,0.9836641,4.180732139502652e-05,0.9995923638343811,0.0002224245254183188,0.9953382015228271
181,2,"The final token ""died"" begins a temporal/causal clause requiring completion.","Final token ""died"" begins a temporal/causal clause requiring completion","Final token ""thrived."" ends a declarative sentence requiring nothing further",True,0.9748223,0.017543387,0.007634259,0.967188,0.00030018913093954325,0.9982787370681763,0.000784604053478688,0.9961603879928589
181,3,A specific cause or surprising developmental phenotype is likely to follow.,likely followed by a specific cause or surprising developmental phenotype that explains animals' fate,likely followed by a vague aside or routine housekeeping note that ignores the animals' fate,True,0.0008741923,0.9988061,0.00031971853,0.0005544737,7.89949917816557e-05,0.9991866946220398,0.00010951184231089428,0.997712254524231
182,0,The text is formal event/registration information for a Canadian Indigenous youth arts summer program.,Formal event/registration information for a Canadian Indigenous youth arts summer program,Casual gossip column for a Hollywood celebrity divorce saga,True,0.28359067,0.14418682,0.5722225,-0.2886318,7.273169467225671e-05,0.998611330986023,0.00011736410669982433,0.9985997080802917
182,1,The text is mid-sentence describing geographic eligibility expanding to neighbouring provinces.,The text is mid-sentence describing geographic eligibility expanding to neighbouring provinces,The text is at a section break describing dietary restrictions confined to the host kitchen,True,0.9835955,0.0015710774,0.014833362,0.9687621,5.843540566274896e-05,0.9985062479972839,0.00019653470371849835,0.9946398138999939
182,2,"The final token ""out"" is part of the truncated phrase ""out-of-province"".","Final token ""out"" is part of the truncated phrase ""out-of-province"" or ""outside PEI,""","Final token ""Ontario"" is the whole of the finished phrase ""from Ontario."" or ""in Ontario,""",True,0.97648674,0.0034536442,0.020059587,0.95642716,0.0010489784181118011,0.9897240400314331,0.00040717876981943846,0.9925974607467651
182,3,The quoted passage is an unexpected phrase continuation.,unexpected phrase continuation,entirely predictable phrase continuation,True,0.9617734,0.01619649,0.022030145,0.9397433,0.0001359766611130908,0.9993166923522949,0.00018437295511830598,0.9991067051887512
183,0,The text is a medical/pharmaceutical drug label for combined oral contraceptives.,Medical/pharmaceutical drug label genre following FDA-standard format for combined oral contraceptives (OroThem),Fantasy/sci-fi novel genre following pulp-magazine format for interstellar pirates (Zorvath),True,0.12605466,0.8467273,0.027218007,0.09883665,0.0003719362139236182,0.976538360118866,0.0017679606098681688,0.9504504203796387
183,1,The warning section sets up clinical guidance about pregnancy risk and irregular bleeding.,sets up expected clinical guidance about pregnancy risk and irregular bleeding scenarios,sets up celebratory marketing copy about weight loss and clearer skin,True,0.1075811,0.8907061,0.0017127638,0.10586834,0.0001828896492952481,0.9292063117027283,0.00048210579552687705,0.9388231039047241
183,2,"The final phrase ""should be suspected at the time of"" is mid-clause, requiring completion of the temporal condition.","Final phrase ""should be suspected at the time of"" is mid-clause, requiring completion of the temporal/event condition","Final phrase ""should be suspected immediately."" is clause-final, requiring no further temporal/event condition",True,0.98268986,0.0033950713,0.0139150275,0.96877486,0.0022330679930746555,0.9913617968559265,0.0007914052694104612,0.9969760179519653
183,3,"The likely completion is ""the first missed menstrual period"".","most likely ""the first missed menstrual period"" or ""failure to conceive""/""examination visit,""","most likely ""the annual shareholders meeting"" or ""tax filing""/""product launch,""",True,0.0068400055,0.9800781,0.013081853,-0.0062418478,0.000682767597027123,0.9958089590072632,0.0006609903648495674,0.9965938925743103
184,0,The text is a journalistic profile article about planetary geologist Taylor Wall.,Journalistic/profile article about planetary geologist Taylor Wall,Technical/repair manual about a diesel generator model TW-300,True,0.015180114,0.91561466,0.06920521,-0.054025095,0.006021382287144661,0.7138747572898865,0.00495974812656641,0.16904476284980774
184,1,An autobiographical origin story is now starting.,signals an autobiographical origin story is now starting,signals a third-person obituary is now ending,True,0.08011078,0.91793925,0.0019500095,0.07816077,8.971359056886286e-05,0.9994712471961975,0.00011133644875371829,0.9986095428466797
184,2,"The final token ""and"" opens a compound clause mid-sentence.","Final token ""and"" opens a compound clause mid-sentence","Final token ""graduated."" closes a simple clause at sentence end",True,0.9829653,0.0104502775,0.0065844734,0.9763808,0.00012560660252347589,0.998114824295044,0.0002327843540115282,0.9881879687309265
184,3,The continuation is expected to be Wall recounting a college or early academic experience.,expects Wall recounting a college or early academic experience,expects Wall listing current grant budgets or lab equipment,True,0.012483364,0.95648396,0.031032693,-0.018549329,0.0006867802003398538,0.6517934799194336,0.04432061314582825,0.02865748666226864
185,0,The text is a journalism/news release for an academic conference on goat and sheep milk science.,"Journalism/news release format for an academic conference, listing expert speakers on goat and sheep milk science","Horror/short story format for a haunted lighthouse, listing doomed sailors on a fog-bound night",True,0.65702224,0.2998535,0.043124232,0.613898,0.0006331488257274032,0.9907071590423584,0.0001716688129818067,0.9980271458625793
185,1,The quote continues expanding on global trends and interests in alternative dairy products.,The quote continues expanding on global trends and interests in alternative dairy products,The quote abruptly shifts to local complaints and boredom with conventional cow's milk,True,0.61591446,0.37982467,0.0042608785,0.61165357,5.2216750191291794e-05,0.9992679953575134,0.00010045103408629075,0.9972885847091675
185,2,"The final token ""in"" is a mid-sentence prepositional phrase within a direct quote.","Final token ""in"" — mid-sentence prepositional phrase within a direct quote","Final token ""milk."" — sentence-final noun closing a direct quote",True,0.98855686,0.0024360716,0.009007017,0.9795498,0.0028026108630001545,0.9428533911705017,0.0026724624913185835,0.9740257859230042
185,3,A geographic region or market context is required to complete the phrase.,"requires a geographic region or market context to complete, e.g., ""developed markets"" or ""Europe, Asia and Africa.""","requires a person's name or a date to complete, e.g., ""Dr. Smith"" or ""March 3rd, 2019.""",True,0.98863095,0.006418675,0.00495029,0.98368067,0.0001237211690749973,0.9986145496368408,0.0004957335768267512,0.9844010472297668
186,0,The text is an academic/technical introduction about deep learning applied to healthcare computing in India.,Academic/technical introduction establishing context for deep learning applied to healthcare computing in India,Gossipy/celebrity column establishing context for a royal wedding held in Monaco,True,0.006272329,0.97366726,0.020060353,-0.013788024,0.00015911149966996163,0.9924048781394958,0.0008715740987099707,0.9765539169311523
186,1,The text is now arriving at deep learning/convolutional neural networks as the focal technology.,now arriving at deep learning/convolutional neural networks as the focal technology,now dismissing deep learning/convolutional neural networks as an irrelevant fad,True,0.004524483,0.9924021,0.0030734004,0.0014510825,8.26580508146435e-05,0.9995923638343811,0.0001411378034390509,0.9994606375694275
186,2,"The final clause ending in ""with"" is a prepositional phrase mid-sentence requiring immediate completion.","Final clause ""have revolutionized the computer vision domain with"" is a prepositional phrase mid-sentence requiring immediate completion","Final clause ""have revolutionized the computer vision domain."" is a finished sentence requiring no completion",True,0.5775162,0.25847048,0.16401328,0.41350293,0.0005175197147764266,0.9979922771453857,0.0004534623585641384,0.9967195391654968
186,3,Concrete examples of CNN success are expected next.,"expects concrete examples of CNN success, transitioning to plant disease application suitability","expects abstract complaints about CNN failure, transitioning to the abandonment of the whole project",True,0.006850923,0.9922443,0.0009048097,0.0059461133,5.20236644661054e-05,0.9994695782661438,8.249320671893656e-05,0.9995492100715637
187,0,The text is now delivering structured content about the safety of giving apple peels to rabbits.,"now delivering structured content about safety of giving apple peels to rabbits, with section headers expected","now delivering rambling anecdotes about the danger of giving chocolate to dogs, with a closing signature expected",True,0.7551275,0.11762618,0.12724635,0.62788117,4.483923112275079e-05,0.9992917776107788,7.415091386064887e-05,0.9984056353569031
187,1,The text promises reassurance that apple peels are safe/beneficial for rabbits.,promising reassurance that apple peels are safe/beneficial for rabbits,issuing a warning that apple peels are toxic/deadly for rabbits,True,0.9434889,0.028158966,0.02835212,0.91513675,7.266383909154683e-05,0.9996302127838135,0.00012262407108210027,0.9994722008705139
187,2,"The final token ""Apple"" opens a repeated noun phrase.","Final token ""Apple"" opens a repeated noun phrase","Final token ""however"" opens a contrasting adverbial",True,0.9948437,0.0011378587,0.004018332,0.9908254,0.0029966786969453096,0.9197179675102234,0.00044062186498194933,0.9875977635383606
187,3,The quoted passage mirrors the question header.,"mirrors the question header, continuing the explanatory sentence about apple peel's nutritional components","ignores the question header, breaking off the explanatory sentence to plug an unrelated product",True,0.99541664,0.0013336599,0.0032496655,0.992167,6.287614814937115e-05,0.9994845390319824,4.345810884842649e-05,0.9992558360099792
188,0,The text is a medical encyclopedia/wiki entry explaining the pathophysiology of a cardiovascular clotting condition.,Medical encyclopedia/wiki format explaining pathophysiology of a cardiovascular clotting condition,Travel brochure/leaflet format advertising beaches of a Caribbean island resort,True,0.6284778,0.3270066,0.0445156,0.5839622,0.012522774748504162,0.717232882976532,0.0008502734126523137,0.9829291105270386
188,1,The text is explaining the anatomical location of endocardial vegetation.,the text is explaining endocardial vegetation's anatomical location — heart valves and lining of heart chambers,the text is describing the surgeon's weekly schedule — clinic hours and rounds of the ward,True,0.0063735805,0.0042415764,0.98938483,-0.98301125,0.0002495940134394914,0.9479178786277771,0.010840192437171936,0.5747665166854858
188,2,"The final phrase ending in ""lining of"" is mid-sentence, requiring anatomical completion.","Final phrase ""bacteria growing on the valves of the heart and lining of"" is mid-sentence, requiring anatomical completion","Final phrase ""bacteria growing on the valves of the heart and lining."" is sentence-final, requiring no anatomical completion",True,0.94508976,0.021250024,0.033660293,0.91142946,0.0005784183740615845,0.9979140162467957,0.0007494339952245355,0.9971711039543152
188,3,"The most likely completion is ""the heart"" or ""the chambers of the heart"".","most likely ""the heart"" or ""the chambers of the heart"" or specifically ""the septum.""","most likely ""the stomach"" or ""the bowels of the gut"" or specifically ""the appendix.""",True,0.01988768,0.9766648,0.0034475338,0.016440146,0.00012072365643689409,0.9994780421257019,0.0001776632125256583,0.9991451501846313
189,0,The text is in a scientific academic register establishing a mechanistic framework for epigenetics/gene regulation.,Scientific academic register establishing mechanistic framework for epigenetics/gene regulation discussion,Playful children's-rhyme register establishing a bedtime setting for a teddy-bear picnic story,True,0.0012838626,0.9983693,0.00034689938,0.00093696325,0.00011288192035863176,0.9967744946479797,0.0011094392975792289,0.9756965637207031
189,1,The text introduces a new mechanistic pathway involving glucocorticoid and estrogen receptors.,introduces a new mechanistic pathway involving glucocorticoid and estrogen receptors,reiterates the same old textbook pathway involving insulin and glucagon secretion,True,0.0148374485,0.9833861,0.0017764119,0.013061036,4.973209070158191e-05,0.9973932504653931,4.3844680476468056e-05,0.9963992834091187
189,2,"The final fragment ending in ""induces rapid"" is mid-sentence and requires immediate completion with a molecular/cellular event.","""It has been shown that activation of estrogen and glucocortic receptors induces rapid"" — mid-sentence requiring immediate completion","""It has been shown that activation of estrogen and glucocortic receptors induces apoptosis."" — sentence-final requiring no further completion",True,0.79549414,0.045629982,0.15887593,0.6366182,0.0009094221168197691,0.9534931778907776,0.00028639016090892255,0.9961488246917725
189,3,"The expected continuation is a finding such as ""dephosphorylation,"" gene activation, or a secondary signaling event.","signals an imminent temporal/mechanistic finding, expect ""dephosphorylation,"" gene activation, or secondary signaling event","signals a closed historical summary, expect ""Darwin,"" a publication date, or a bibliography entry",True,0.023002142,0.97331184,0.0036859661,0.019316176,0.0005516029777936637,0.9934334754943848,0.018219400197267532,0.8710283041000366
190,0,"The text is a scientific thesis/report about mRNA expression, protein activity, and larval stages in zebrafish.","Scientific thesis/report in Italian establishing structural relationships between mRNA expression, protein activity, and larval stages in zebrafish swimming models","Cooking blog/recipe in Spanish establishing flavour pairings between olive oil, garlic, and roasting times in paella variations",True,0.0007978879,0.0077081574,0.99149394,-0.9906961,0.0002276011073263362,0.9929681420326233,0.0009251381270587444,0.9814043641090393
190,1,The sentence is mid-argument linking the sharp increase between days 7-8 to rods growth peak data.,the sentence is mid-argument linking the sharp increase between days 7-8 (observed diphasic behavior change) to known developmental biology data about rods growth peak,the sentence is a closing remark dismissing the flat plateau between days 7-8 (observed constant behavior) as unrelated to any developmental biology data,True,0.47119945,0.014312608,0.5144879,-0.04328847,3.807008033618331e-05,0.9996993541717529,4.213010470266454e-05,0.9994710087776184
190,2,"The final token ""has a"" begins a predicate.","Final token ""has a"" begins a predicate","Final token ""days."" ends a sentence",True,0.9896309,0.0020217686,0.008347327,0.98128355,0.0005503086722455919,0.9930399656295776,0.0021876473911106586,0.9655234813690186
190,3,A specific developmental timeframe or event description is expected next.,"a specific developmental timeframe or event description (likely ""occurs around day 7"" or ""rapid rise between 5-8 days"") is expected next","a citation or an author name (likely ""(Rossi et al., 2010)"" or ""Bianchi"") is expected next",True,0.09336569,0.89638036,0.010253936,0.083111756,0.02340116538107395,0.08985926955938339,0.01934899389743805,0.013117780908942223
191,0,The text is a hobbyist beekeeping narrative about an unexpected swarm behavior in a winter cluster.,"Hobbyist beekeeping narrative establishing an unexpected swarm behavior (queenless comb-building, small bee activity) in a winter cluster","Professional stock-market bulletin establishing a routine quarterly pattern (dividend payouts, steady trading volume) in a bull run",True,0.9730656,0.019497676,0.0074367067,0.9656289,0.000929490604903549,0.9669502973556519,0.0004090947622898966,0.9914419054985046
191,1,The poster implies uncertainty about the colony's status or purpose.,implying uncertainty about colony status or purpose,implying complete certainty about the colony's healthy status and purpose,True,0.9961493,0.0019647824,0.001885826,0.99426347,8.327532123075798e-05,0.9992201328277588,0.0002789192658383399,0.9990060925483704
191,2,"The final fragment ending ""there is still a"" is mid-sentence, requiring a noun phrase describing persistent bee activity.","Final fragment ""but even 2 weeks later there is still a"" is mid-sentence, requiring a noun phrase describing persistent bee activity in the box","Final fragment ""but even 2 weeks later there is still silence."" is sentence-final, closing a remark about the total absence of bee activity in the box",True,0.9836712,0.0031925594,0.013136226,0.970535,0.00017418937932234257,0.9989299178123474,0.0011820774525403976,0.995854914188385
191,3,"The likely completion is ""bunch/group of bees coming and going"" or ""Queen still present"".","likely ""bunch/group of bees coming and going"" or ""Queen still present"" or similar observable sign","likely ""pile of dead bees on the floor"" or ""total silence"" or similar sign of abandonment",True,0.11295161,0.74303895,0.1440095,-0.031057894,0.00015156187873799354,0.9984533786773682,0.00019814276311080903,0.9988685846328735
192,0,The text is a UK-focused safety/consumer informational blog article.,Safety/consumer informational article pattern: UK-focused blog format,Romantic fantasy novel pattern: US-focused screenplay format,True,0.0016590229,0.93104434,0.067296594,-0.06563757,5.6891865824582055e-05,0.999079704284668,8.705233631189913e-05,0.9986560344696045
192,1,The introduction established rising security threats and the ubiquity of digital keys.,Introduction established rising security threats and digital key ubiquity,Introduction established falling security threats and digital key scarcity,True,0.0013348607,0.99049205,0.008173021,-0.0068381596,0.0004023271321784705,0.9981629252433777,0.0005875655333511531,0.9979793429374695
192,2,"The final token is ""is"", which opens a subordinate clause.","Final token ""is"" opens a subordinate clause","Final token ""keys"" closes a main clause",True,0.9409743,0.03069391,0.028331837,0.9126425,0.0005303095676936209,0.9682316780090332,0.0015194135485216975,0.9383336305618286
192,3,The headers signal structured promotional content continuing topic by topic.,signals structured promotional content continuing topic-by-topic,signals rambling personal content drifting without any topic,True,0.014553031,0.9825995,0.002847529,0.011705502,5.8483314205659553e-05,0.9993249177932739,5.408522338257171e-05,0.999269425868988
193,0,The text is a blog/journal entry with embedded headlines and quotes on financial/political pessimism.,Blog/journal entry format with embedded headlines and quotes on financial/political pessimism,Children's picture-book format with embedded rhymes and songs on seasonal optimism,True,0.011823853,0.9757485,0.012427647,-0.0006037941,5.2203875384293497e-05,0.9990216493606567,7.47247613617219e-05,0.9983023405075073
193,1,The post is now transitioning to new illustrative content supporting the narrative of a world in crisis.,now transitioning to new illustrative content supporting the narrative of a world in crisis,now transitioning to a closing summary undermining the narrative of a world in crisis,True,0.006071401,0.99060506,0.003323606,0.0027477948,9.162264177575707e-05,0.9990432858467102,9.000913996715099e-05,0.998854398727417
193,2,"The final fragment ends in ""according to"" and is an incomplete attribution phrase.","Final fragment ""Here is what the world looked like in 2016 according to"" is an incomplete attribution phrase","Final fragment ""Here is what the world looked like in 2016 in brief"" is a complete summary phrase",True,0.97849256,0.007860062,0.013647445,0.9648451,0.0007217763341031969,0.9966790676116943,0.00609346991404891,0.9778367280960083
193,3,The format suggests continued anti-establishment commentary about markets and national decline.,suggesting continuation of anti-establishment commentary about markets and national decline,suggesting a shift to pro-establishment praise of markets and national renewal,True,0.093308106,0.89999264,0.0066992524,0.08660886,8.879297092789784e-05,0.9989224672317505,0.00010264088632538915,0.9993197917938232
194,0,The text is a news article covering a beer brewery/cafe opening.,News article structure (AP/local journalism) covering a beer brewery/cafe opening,Poetry collection structure (lyric/confessional verse) mourning a lover's departure,True,0.92800164,0.04901447,0.022983842,0.9050178,0.0001073676539817825,0.9974703788757324,0.0003063495678361505,0.9971110820770264
194,1,The Anheuser-Busch move sets up broader industry context before pivoting to Boston Beer Co.'s similar efforts.,"the Anheuser-Busch move sets up broader industry context, now pivoting to Boston Beer Co.'s similar efforts","the Anheuser-Busch move remains an isolated anecdote, never turning to Boston Beer Co.'s efforts at all",True,0.088051185,0.9073787,0.0045701424,0.08348104,8.512234489899129e-05,0.9996728897094727,0.0001254693343071267,0.9989732503890991
194,2,"The final token is ""space"", ending a prepositional phrase.","Final token ""space"" ends a prepositional phrase","Final token ""opened"" begins a main clause",True,0.98700154,0.0013095343,0.011688862,0.97531265,0.0003469877992756665,0.9889189600944519,0.0016717694234102964,0.9832227826118469
194,3,The narrative tracks craft breweries' corporate strategy of pivoting to restaurant/off-premise experiences.,Narrative momentum tracking the corporate strategy of craft breweries pivoting to restaurant/off-premise experiences,Narrative momentum tracking the personal struggle of home brewers retreating from restaurant/off-premise experiences,True,0.21067458,0.78236896,0.0069564567,0.20371813,0.00019216514192521572,0.9936460256576538,0.000250297220190987,0.9865270256996155
195,0,The text is a game-description pitch for a strategy nation-building game.,"Game description genre: pitch for a strategy nation-building game covering industrialization, survival, and progress","Recipe genre: instructions for a slow-cooked vegetable stew covering chopping, simmering, and seasoning",True,0.29308257,0.7003275,0.0065898625,0.2864927,0.021406881511211395,0.017184123396873474,0.04886291176080704,0.014642679132521152
195,1,The quoted phrases establish a between-worlds conflict that sets stakes for player choices.,"establish between-worlds conflict, setting stakes for player choices","dissolve any conflict, removing all stakes from player choices",True,0.95797426,0.030095384,0.011930268,0.94604397,6.362763087963685e-05,0.9996466636657715,4.2932213546009734e-05,0.9988000392913818
195,2,"The fragment ending in ""advancement"" is mid-paraphrase, continuing a parallel structure about balancing competing forces.","You must balance advancement"" is mid-paraphrase/drive, continuing a parallel structure about balancing competing forces","You must balance the budget."" is a finished sentence, breaking off the parallel structure about balancing competing forces",True,0.9915208,0.0046276646,0.0038514845,0.98766935,0.00012895354302600026,0.9990202188491821,0.00017691192624624819,0.9988139867782593
195,3,"The next tokens must complete the clause, likely with a competing concept.","next tokens must complete this clause, likely with a competing concept like","next tokens must open a new paragraph, likely with an unrelated topic like",True,0.015247509,0.9823459,0.0024066234,0.012840886,0.16157394647598267,0.2963467836380005,0.6526077389717102,0.013584180735051632
196,0,"The text is a structured business/venture explainer about GoCardless, a payment platform.",Business/venture analysis register: structured explainer covering GoCardless (payment platform),Gothic horror register: rambling diary entry about a haunted lighthouse (coastal ruin),True,0.9802594,0.006921914,0.012818676,0.9674407,0.0005321263452060521,0.9926475286483765,0.008904608897864819,0.9407948851585388
196,1,The text has traced GoCardless's evolution from recurring payments to bank-transfer products to an ACH API.,text has traced GoCardless evolution from recurring payments to bank-transfer products to ACH API,text has traced GoCardless decline from ACH API back to paper cheques and cash,True,0.043663632,0.95128566,0.005050732,0.038612902,0.0010390913812443614,0.7243115901947021,0.0291169211268425,0.48840439319610596
196,2,"The final token is ""would"", opening a relative clause mid-sentence.","Final token ""would"" opens a relative clause mid-sentence","Final token ""however"" closes a main clause sentence-finally",True,0.9590825,0.008561086,0.032356564,0.9267259,0.0005259456811472774,0.9907461404800415,0.0004615520592778921,0.9871364831924438
196,3,The next section logically pivots to target customer profiles and value propositions.,next section logically pivots to target customer profiles and value propositions,next section abruptly returns to founder biographies and office locations,True,0.07574844,0.9232557,0.0009958834,0.07475256,8.32218793220818e-05,0.9985789060592651,0.00013241467240732163,0.996216356754303
197,0,The text is an academic/analytical essay about the economic history of Nepal's healthcare sector.,Academic/analytical essay structure about economic history of Nepal's healthcare sector,Tabloid gossip column structure about the love life of a Bollywood film star,True,0.0009481001,0.008881847,0.99017006,-0.989222,0.00013041571946814656,0.9927430152893066,7.954231841722503e-05,0.9982801675796509
197,1,The text contrasts state-controlled welfare provision with liberalization.,the text is contrasting state-controlled welfare provision with liberalization,the text is praising state-controlled welfare provision and ignoring liberalization,True,0.9953316,0.003300558,0.0013678392,0.9939637,0.0002633000258356333,0.9941290616989136,0.46243715286254883,0.38950619101524353
197,2,"The final word ""experienced"" demands a noun phrase or descriptive clause completing what the decade brought.","""experienced"" demands a noun phrase or descriptive clause completing what the decade brought","""inflation"" closes the sentence, needing nothing further about what the decade brought",True,0.9511374,0.0345607,0.014301909,0.9368355,0.00016809524095151573,0.9984744191169739,0.01075458899140358,0.9512285590171814
197,3,The argument builds toward explaining how privatization became dominant in health service provision.,building toward explaining how privatization became dominant in health service provision,building toward explaining how nationalization eliminated private health service provision,True,0.039826866,0.9557728,0.0044002477,0.035426617,0.00012687101843766868,0.9983648657798767,0.00026514811906963587,0.9991534948348999
198,0,The text is a web-collaged financial text mixing unrelated fragments.,"Web-collaged financial text mixing unrelated fragments (price charts, hedge fund descriptions, YouTube links)","Tightly edited romance novel chapter weaving related scenes (a ballroom, a letter, a duel)",True,0.5691734,0.31592378,0.1149029,0.45427048,5.121113281347789e-05,0.9993528723716736,5.890428292332217e-05,0.9986853003501892
198,1,The final entry shifts to a video/content description recommending a documentary.,The final entry shifts to video/content description recommending a documentary,The final entry shifts to a weather forecast warning of a coming storm,True,0.92009383,0.063119665,0.016786408,0.90330744,5.70307565794792e-05,0.9976142644882202,0.00012497749412432313,0.9853872060775757
198,2,"""An interesting"" opens an incomplete descriptive clause that requires a noun phrase.","""An interesting"" opens an incomplete descriptive clause requiring a noun phrase","""A dull"" closes a complete descriptive clause requiring no noun phrase",True,0.98745394,0.0036103395,0.008935675,0.97851825,0.00011354208254488185,0.9986951947212219,0.00048269075341522694,0.9774060845375061
198,3,The domain signals are financial/investment education snippets.,Domain signals: financial/investment education snippets,Domain signals: medieval poetry recitation snippets,True,0.99317956,0.005646239,0.0011743057,0.9920052,0.00015767873264849186,0.9796343445777893,0.00045487453462556005,0.9596447348594666
199,0,The text is an accounting-standards educational text listing revenue recognition criteria under FASB Statement 66.,"Accounting standards educational text, listing specific criteria/framework for revenue recognition under FASB Statement 66","Travel diary entry, recounting a rainy afternoon spent wandering the old town of Lisbon",True,0.014544904,0.9588333,0.026621865,-0.012076961,0.08108072727918625,0.278986394405365,0.05425504595041275,0.0628141537308693
199,1,The narrative is building toward a comprehensive breakdown of recognition criteria or conditions.,building toward a comprehensive breakdown of recognition criteria or conditions,building toward a brief dismissal of recognition criteria or conditions,True,0.9386523,0.060211487,0.0011361532,0.93751615,0.000806654803454876,0.9945874214172363,0.001093282480724156,0.9958909749984741
199,2,"The final token ""the"" begins a noun phrase that requires its object.","Final token: ""enumerates the"" begins a noun phrase requiring its object","Final token: ""enumerates them"" completes a verb phrase requiring nothing further",True,0.96974856,0.013968467,0.016283019,0.9534655,0.0015547842485830188,0.9887237548828125,0.0014171689981594682,0.9936605095863342
199,3,"The narrative has established context: four methods, progressive complexity, and real estate SFAS 66.","Narrative momentum has established context (four methods, progressive complexity, real estate SFAS 66)","Narrative momentum has established context (two characters, a stolen letter, a Paris café)",True,0.03339788,0.9552834,0.011318756,0.022079123,0.0022036638110876083,0.22237811982631683,0.0020705261267721653,0.3293558359146118
200,0,The text is formulaic SEO-style consumer guidance in an argumentative/persuasive advice register.,Argumentative/persuasive advice register: formulaic SEO-style consumer guidance,Lyrical/elegiac poetry register: handcrafted free-verse mourning,True,0.00040699958,0.0016018739,0.9979911,-0.9975841,0.001127653638832271,0.9820775389671326,0.0011393047170713544,0.9711346626281738
200,1,The text is building a list of caveats about making independent judgments and not blindly accepting marketed product superlatives.,the text is building a list of caveats about making independent judgments and not blindly accepting marketed product superlatives,the text is building a list of reasons for trusting the crowd and eagerly accepting marketed product superlatives,True,0.9946174,0.0034700015,0.0019125777,0.9927048,0.0002697577583603561,0.9988113641738892,0.004073671065270901,0.9890373349189758
200,2,"The final fragment ""what's 'best' to"" is mid-sentence and requires a pronoun or phrase completing the target.","Final fragment ""what's 'best' to"" is mid-sentence, requiring a pronoun or phrase completing the target","Final fragment ""what's 'best' here"" is sentence-final, requiring no pronoun or phrase after it",True,0.7590549,0.19544923,0.045495845,0.71355903,0.00028533200384117663,0.9983006119728088,0.00027859414694830775,0.9978415966033936
200,3,The text emphasizes subjective preference over consensus.,emphasizing subjective preference over consensus,emphasizing consensus over subjective preference,True,0.99501204,0.00404263,0.0009453221,0.9940667,0.0005669291713275015,0.9973835349082947,0.0008951317868195474,0.997089684009552
201,0,The text is formal academic/policy writing introducing a major two-part institutional reform in international energy regulation.,Formal academic/policy writing introducing a major two-part institutional reform initiative in international energy regulation,Casual travel blogging describing a minor weekend detour through a coastal fishing village,True,0.0006270857,0.0104572205,0.9889157,-0.9882886,8.701975457370281e-05,0.9982823133468628,0.00019765898468904197,0.9964297413825989
201,1,A quoted claim by IEA officials about significance sets up the argument's thesis.,"sets up the argument's thesis, requiring closure of the quote and elaboration","is dismissed as irrelevant to the argument, requiring the quote to be dropped and the topic changed",True,0.9785564,0.0043665315,0.017077101,0.9614793,0.00020777573809027672,0.9975143671035767,0.0003504523483570665,0.9968441724777222
201,2,"The final token ""century"" ends a quoted superlative claim.","The final token ""century"" ends a quoted superlative claim","The final token ""decade"" begins an unquoted modest remark",True,0.9859859,0.0070789005,0.0069352062,0.9790507,0.00015097353025339544,0.99847012758255,0.00014444038970395923,0.9991534948348999
201,3,The unclosed quote demands syntactic completion with a closing quotation mark.,"the unclosed quote `""the most significant changes to the sector in more than a century` demands syntactic completion","the closed quote `""the most significant changes to the sector in more than a century` needs no further completion",True,0.625345,0.30261865,0.07203634,0.55330867,0.00028934908914379776,0.9966601133346558,0.0014393205055966973,0.9388352036476135
202,0,The text is informal financial/business commentary from an insider retail apparel industry perspective.,"Informal financial/business commentary tone maintained throughout, with insider retail apparel industry perspective","Formal scientific lab-report tone maintained throughout, with outsider marine biology perspective",True,0.4069029,0.57945627,0.013640821,0.3932621,9.149367542704567e-05,0.9976370334625244,5.012630936107598e-05,0.9974761605262756
202,1,The argument builds toward optimism and reassurance about the chain's resiliency.,Argumentative momentum building toward optimism/reassurance about chain resiliency,Argumentative momentum building toward despair/alarm about chain collapse,True,0.99636,0.0025983844,0.0010416723,0.99531835,0.0001549620646983385,0.9991545677185059,0.0002760864153970033,0.998563826084137
202,2,"""Somebody will eventually"" is an incomplete clause signaling a predicted future outcome.","""Somebody will eventually"" is an incomplete clause mid-sentence signaling a predicted future outcome","""Somebody will never"" is a complete clause at sentence end recalling a settled past outcome",True,0.9771559,0.011957108,0.0108870715,0.96626884,0.0001065857577486895,0.9979725480079651,0.0003473131509963423,0.9898461699485779
202,3,"The speaker advocates holding off on spending, predicts recovery and criticizes competitors.","speaker advocates holding off on spending, predicting recovery, criticizing competitors","speaker advocates spending freely, predicting collapse, praising competitors",True,0.59761506,0.3190613,0.083323605,0.51429147,9.167110692942515e-05,0.9995717406272888,0.00011835931218229234,0.9992303848266602
203,0,The text is a Spanish Socialist politician's speech elaborating the crisis-responsibility debate and a critique of EU orthodoxy.,Economic/political argument structure: Spanish Socialist President's caseta speech elaborating crisis responsibility debate and EU orthodoxy critique,Sports match report structure: Spanish football coach's post-game interview recounting a penalty shoot-out and referee praise,True,0.9967224,0.0017315268,0.0015460794,0.9951763,0.02774825133383274,0.4346919655799866,0.018734510987997055,0.06257851421833038
203,1,"The quotation implies a contrasting economic hardship phrase such as ""no jobs"" or ""zero growth"".","implies a contrasting economic hardship phrase, likely ""no jobs"" or ""zero growth""/economic paralysis","implies a celebratory economic success phrase, likely ""full employment"" or ""record growth""/economic boom",True,0.9910086,0.0012303725,0.0077610207,0.9832476,0.00015933321265038103,0.9976773858070374,0.00021252241276670247,0.9966674447059631
203,2,"The final token ""there are"" opens a noun phrase mid-sentence inside a direct quote.","Final token ""there are"" opens a noun phrase mid-sentence inside Rodriguez's direct quote","Final token ""there is"" closes a noun phrase sentence-finally outside any direct quote",True,0.98852193,0.0017443241,0.00973381,0.97878814,0.00033566384809091687,0.996698796749115,0.00020156914251856506,0.9906657934188843
203,3,An ongoing translated quotation requires logical completion.,Ongoing translated quotation requiring logical completion,Concluded original-language quotation requiring no completion,True,0.9946904,0.0019164574,0.0033931797,0.99129725,0.00010464004299137741,0.999078631401062,0.0001493957097409293,0.9977311491966248
204,0,"The text is fragmented, semi-coherent financial/crypto discourse mixing legitimate terms with garbled phrasing.","Fragmented, semi-coherent financial/crypto discourse mixing legitimate terms (""mining,"" ""ethereum,"" ""study bitcoin"") with garbled phrasing","Polished, fully coherent gardening manual using precise terms (""mulch,"" ""pruning,"" ""compost"") with careful phrasing",True,0.46363705,0.520264,0.016098894,0.44753817,0.00017012724129017442,0.9987712502479553,0.02129371464252472,0.6370508670806885
204,1,"The text transitions between institutional mining comparisons, crypto price targets and crypto gains terminology.","The text transitions between discussing institutional mining comparisons, crypto price targets (ETH ""$4940""), and crypto gains terminology","The text stays fixed on a single sourdough recipe, its baking time (""45 minutes""), and oven temperature",True,0.11543924,0.3202199,0.56434083,-0.4489016,3.836526957456954e-05,0.999610960483551,6.859582936158404e-05,0.998659610748291
204,2,"The final word ""avoiding"" demands a noun or concept completing the action.","demands a noun or concept completing the ""avoiding"" action","demands nothing further after the ""pursuing"" action",True,0.6418388,0.22801812,0.13014303,0.51169574,0.00019997291383333504,0.9982977509498596,0.00020084525749552995,0.9987437129020691
204,3,The text establishes low-quality or auto-generated content patterns.,establishing low-quality or auto-generated content patterns,"establishing high-quality, carefully edited content patterns",True,0.06958874,0.8321795,0.09823174,-0.028642997,0.00017259502783417702,0.9917218089103699,0.0002123726881109178,0.9920823574066162
205,0,The text is a technical/informative blog post with data-driven reporting on data center failures.,Technical/informative blog post tone with data-driven reporting on data center failures,Whimsical/fictional short-story tone with dreamlike narration about a talking fox,True,0.025622927,0.96856135,0.0058157947,0.019807132,0.0006598757463507354,0.9219433665275574,0.00047753690159879625,0.9594448804855347
205,1,The text is now pivoting to mitigation/prevention topics.,is now pivoting to mitigation/prevention topics,is now dwelling on nostalgic historical anecdotes,True,0.00050709496,0.99912554,0.00036739316,0.00013970179,0.00017436235793866217,0.9824987649917603,0.00010228588507743552,0.9958634376525879
205,2,"The clause ending in ""take measures to"" sets up an infinitive describing proactive steps.","""Many data centers know the exact causes of their own failures and take measures to"" sets up an infinitive describing proactive steps","""Many data centers know the exact causes of their own failures and take measures accordingly"" closes a finished sentence describing past inaction",True,0.9689014,0.014065726,0.017032908,0.9518685,0.0006223907112143934,0.9969683289527893,0.009909289889037609,0.9644882082939148
205,3,The text establishes a problem narrative with a 47.54% downtime increase and 2017 statistics.,"The text establishes a problem narrative (47.54% downtime increase, 2017 statistics, main causes revealed)","The text establishes a celebratory narrative (47.54% uptime improvement, 2017 awards, main sponsors thanked)",True,0.8912285,0.040047325,0.06872416,0.82250434,9.213148587150499e-05,0.996773898601532,0.00013207763549871743,0.997569739818573
206,0,The text is promotional/SEO marketing content with repetitive keyword stuffing.,"Promotional/SEO marketing content pattern with repetitive keyword stuffing (""coupon codes,"" ""discount offers,"" ""online gaming"")","Literary memoir pattern with sparse, carefully chosen imagery (""winter light,"" ""my father's hands,"" ""the last train"")",True,0.9620708,0.02876969,0.009159496,0.9529113,0.00011774704034905881,0.9979520440101624,0.00025549010024406016,0.9933204650878906
206,1,A list-style enumeration of anticipated offers and benefits is expected.,List-style enumeration of anticipated offers and benefits expected,Single-thread narrative of past losses and regrets expected,True,0.9626456,0.024454977,0.012899458,0.94974613,5.79327970626764e-05,0.9996324777603149,9.199298801831901e-05,0.9991708993911743
206,2,"The final token ""available"" ends an incomplete declarative clause.","Final token ""available"" ends an incomplete declarative clause","Final token ""whether"" begins a complete interrogative clause",True,0.9852793,0.0016589859,0.013061685,0.9722176,0.0003631165309343487,0.9913602471351624,0.0002575288526713848,0.9953973889350891
206,3,"The broken, AI-like Hindi-English hybrid tone continues throughout.",in broken/AI-like Hindi-English hybrid tone continues throughout,in polished native-English editorial tone fades away quickly,True,0.02278777,0.9699074,0.007304779,0.015482992,5.0526145059848204e-05,0.9976081848144531,7.896238093962893e-05,0.9987742304801941
207,0,The text is Canadian political/policy analysis setting up a critique of the upcoming Speech from the Throne.,"Canadian political/policy analysis tone, establishing expectation of critique regarding the upcoming Speech from the Throne","Italian cooking-show tone, establishing expectation of praise regarding the upcoming pasta course",True,0.0002571432,0.0038929335,0.99584997,-0.99559283,0.0026025103870779276,0.5702785849571228,0.00015395806985907257,0.994621753692627
207,1,The narrative arc moves from mild optimism toward sharper criticism.,"The narrative arc moves from mild optimism (""some elements...welcome"") toward sharper criticism (""though limits of ambition"")","The narrative arc moves from harsh criticism (""some elements...welcome"") toward warm praise (""though limits of ambition"")",True,0.034723353,0.092201374,0.8730753,-0.83835196,0.0001305145415244624,0.9993336796760559,0.00024278182536363602,0.998918890953064
207,2,"""There is no reference"" opens a critique of specific missing content in the Throne Speech.","""There is no reference"" is the opening of a critique of specific missing content in the Throne Speech","""There is no doubt"" is the closing of a tribute to the thorough content of the Throne Speech",True,0.050478354,0.9395234,0.009998189,0.040480167,0.00010652610217221081,0.9993640780448914,8.490588515996933e-05,0.997130811214447
207,3,The text is setting up a specific omission or failure to be named.,setting up a specific omission or failure to be named,setting up a specific achievement or success to be praised,True,0.61346745,0.3300533,0.056479253,0.5569882,0.0008646907517686486,0.9956986904144287,0.00043221807572990656,0.997563362121582
208,0,The text has an academic essay structure whose named independent variables follow a repeating pattern.,"Academic essay structure: introduction, researcher's view, and named independent variables follow a repeating pattern","Personal love-letter structure: greeting, confession, and pleading questions follow no pattern at all",True,0.59156895,0.29279426,0.11563677,0.47593218,6.449336797231808e-05,0.9955927729606628,0.0016478159232065082,0.15140503644943237
208,1,The text continues a list of factors in a Kenyan tourism sector analysis.,Continuation of listed factors in a Kenyan tourism sector analysis,Conclusion of a single argument in a Norwegian fishing-quota debate,True,0.0015712079,0.46465626,0.5337725,-0.53220135,6.809039041399956e-05,0.9990760087966919,5.846561543876305e-05,0.9990224838256836
208,2,"The final token ""grows"" is mid-sentence in an incomplete definition clause.","Final token ""grows"" is mid-sentence in an incomplete definition clause","Final token ""shrinks"" is sentence-final in a complete definition clause",True,0.9839432,0.0025460343,0.013510705,0.9704325,0.00038255509571172297,0.9907798767089844,0.0006022740853950381,0.9591085314750671
208,3,The listed factors still require elaboration after the growth rate explanation begins.,still requiring elaboration after the growth rate explanation begins,already fully elaborated before the growth rate explanation ends,True,0.06609037,0.91838336,0.015526321,0.050564047,0.00011762552458094433,0.9988711476325989,0.000290523748844862,0.9948599338531494
209,0,The text is marketing/sales copy for an enterprise discount consultancy called Aval ID.,Marketing/sales copy for an enterprise discount consultancy (Aval ID),Obituary notice for a retired village schoolteacher (Mrs. Hale),True,0.60636365,0.18197452,0.21166179,0.39470187,0.0006935526034794748,0.9861785173416138,0.0002940437407232821,0.9971283078193665
209,1,Three offer definition cards have been delivered and the pattern is continuing into ROI statistics or a case-study pitch.,"three ""offer"" definition cards have been delivered, pattern now continuing into ROI/results statistics or a case-study pitch","no ""offer"" definition cards have appeared yet, pattern now breaking off into an unrelated staff biography",True,0.07382766,0.91524297,0.010929386,0.06289828,5.794214303023182e-05,0.9997938275337219,6.0359125200193375e-05,0.9996453523635864
209,2,"The fragment ending in ""Most of our"" is mid-sentence, beginning a specific quantified claim about client savings.","""We optimise spend. Big ask, big rewards. Most of our"" is mid-sentence, beginning a specific quantified claim","""We optimise spend. Big ask, big rewards. Most of all"" is sentence-final, ending a vague unquantified remark",True,0.98561007,0.0022288014,0.012161088,0.973449,0.00012478153803385794,0.9993353486061096,0.00012093159602954984,0.9992461204528809
209,3,The copy builds toward a value proposition with structured offer cards and client testimonials.,building toward a value proposition with structured offer cards and client testimonials,drifting away from any value proposition with rambling anecdotes and staff complaints,True,0.010316418,0.9880648,0.001618801,0.008697617,4.005272057838738e-05,0.9996862411499023,3.618014670792036e-05,0.9995624423027039
210,0,The text is legal/regulatory reporting with a formal argumentative structure.,Legal/regulatory reporting genre with formal argumentative structure,Fairy-tale genre with loose episodic structure,True,0.9285794,0.004000384,0.06742021,0.8611592,7.921085489215329e-05,0.99801105260849,0.00011303435894660652,0.9981204867362976
210,1,The narrative describes employer culpability and worker rights enforcement.,The narrative describes employer culpability and worker rights enforcement,The narrative describes employer generosity and worker contentment,True,0.98604417,0.0027967745,0.011159105,0.97488505,0.000641198770608753,0.981977641582489,0.0022077118046581745,0.9839408993721008
210,2,"The final word ""civil"" demands an immediate noun to complete it.","""civil"" demands an immediate noun to complete it","""criminal"" needs no further word to complete it",True,0.25838387,0.036334816,0.7052813,-0.44689745,0.0004001388733740896,0.9811681509017944,0.0008434393093921244,0.9674410820007324
210,3,The worker's recourse has been partially established.,the worker's recourse has been partially established,the worker's recourse has been entirely ruled out,True,0.98127216,0.0146545125,0.004073387,0.9771988,0.00010183220729231834,0.9992223978042603,0.008252697065472603,0.14500249922275543
211,0,The text is political news/explanatory journalism about GOP internal conflict and the 2018 midterms.,Political news/explanatory journalism tone signals structured narrative about GOP internal conflict and the 2018 midterms,Cheerful cooking-blog tone signals rambling narrative about sourdough starters and the summer harvest,True,0.0066128266,0.76433885,0.22904833,-0.2224355,0.00017845853290054947,0.982285737991333,0.0014985516900196671,0.13588695228099823
211,1,The sentence is building a definition of the House Freedom Caucus and its ideological stance.,"The sentence is building a definition of ""House Freedom Caucus"" and its ideological stance","The sentence is closing a profile of ""House Freedom Caucus"" and its dining habits",True,0.9561213,0.03177208,0.012106521,0.9440148,8.86906054802239e-05,0.9977709054946899,0.004855604376643896,0.8743607401847839
211,2,"The final word ""included"" functions ambiguously as a participial verb or a preposition mid-clause.","Final word ""included"" functions ambiguously as a participial verb or preposition mid-clause","Final word ""however"" functions unambiguously as a conjunctive adverb at sentence end",True,0.91935724,0.067894965,0.012747746,0.9066095,0.00012559859897010028,0.9941601753234863,0.0005199190927669406,0.9813082814216614
211,3,The continuation likely lists specific members or expands the description of their blockade strategy.,likely listing specific members or expanding the description of their blockade strategy,likely dropping the subject entirely and turning to the weather forecast,True,0.009206524,0.99042577,0.0003677681,0.008838756,3.466205089353025e-05,0.9996662139892578,3.641374860308133e-05,0.9981874823570251
212,0,The text is financial/journalistic reporting with data-driven context about commercial SUV valuation trends.,Financial/journalistic reporting style with data-driven context about commercial SUV valuation trends,Fairy-tale storytelling style with whimsical context about a princess's enchanted garden,True,0.3585574,0.032705966,0.6087366,-0.25017917,0.00043355795787647367,0.9870679974555969,0.000454541586805135,0.9797675609588623
212,1,"A direct quote is being introduced, beginning with the named source Stuart Corwin of MSCI.","A direct quote is being introduced, beginning with a named source (""Stuart Corwin of MSCI"") speaking","A direct quote has just been closed, with the named source (""Stuart Corwin of MSCI"") finished speaking",True,0.43188787,0.31791037,0.25020173,0.18168613,6.214251334313303e-05,0.9994668364524841,0.0002450997126288712,0.9986553192138672
212,2,"""If ever"" opens a conditional clause mid-quote that requires completion.","""If ever"" opens a conditional clause mid-quote, requiring completion","""If only"" closes a wishful exclamation at the quote's end, requiring nothing",True,0.9876466,0.0056202696,0.006733154,0.9809134,8.326962415594608e-05,0.9991517066955566,0.0001609013124834746,0.9977051615715027
212,3,The quote will elaborate on investment strategy rationale or market significance regarding specialized versus generic data tools.,the quote will elaborate on investment strategy rationale or market significance regarding specialized vs. generic data tools,the quote will digress into personal anecdotes about a childhood holiday regarding nothing financial at all,True,0.08366898,0.9134687,0.002862296,0.08080668,4.034961239085533e-05,0.9992589354515076,7.160222594393417e-05,0.9985853433609009
213,0,The text is bureaucratic/policy news reporting with EU regulatory content in a formal institutional tone.,"Bureaucratic/policy news reporting style with EU regulatory content, establishing formal institutional tone throughout","Teen diary style with high-school gossip content, establishing breezy confessional tone throughout",True,0.88771796,0.105738446,0.006543668,0.88117427,9.90860426099971e-05,0.9992283582687378,0.000625964195933193,0.9968345761299133
213,1,The introduction of the EU AI Liability Directive leads into a description of the ESAs' specific legal analysis.,introduction of the EU AI Liability Directive and external tasks leads into description of ESAs' specific legal analysis,dismissal of the EU AI Liability Directive and external tasks leads away from any description of ESAs' legal analysis,True,0.0013138463,0.9921875,0.006498633,-0.0051847864,0.00011693382111843675,0.998832643032074,0.00026506418362259865,0.9968881011009216
213,2,"The final token ""Capital"" is mid-phrase, part of a list.","Final token ""Capital"" is mid-phrase, part of a list","Final token ""Union"" is phrase-final, closing the list",True,0.94106245,0.017731272,0.041206315,0.89985615,0.0005744996597059071,0.9834401607513428,0.0004917070618830621,0.9956632256507874
213,3,"A noun is required to complete the institutional portfolio name, most likely ""Markets Union"".","requiring a noun to complete the institutional portfolio name, most likely ""Markets Union"" or ""Capital Markets Union""","requiring a verb to start a new sentence, most likely ""announced"" or ""declared""",True,0.8836022,0.07876955,0.03762832,0.8459739,0.0006641428335569799,0.9858224987983704,0.0015312136383727193,0.953037679195404
214,0,The text is in EU regulatory/official document style with formal institutional language.,EU regulatory/official document style signals formal institutional language throughout,Teenage text-message style signals slangy casual language throughout,True,0.8460246,0.14463177,0.009343577,0.836681,6.486286292783916e-05,0.997393012046814,0.0001716360857244581,0.9939467906951904
214,1,"The text has outlined a new guarantee scheme's purpose, scope definitions and EUR 3 billion cap.","the text has outlined a new guarantee scheme's purpose, scope definitions, and EUR 3 billion cap","the text has outlined an old loan scheme's failures, scope disputes, and EUR 30 billion overspend",True,0.006285032,0.0017435866,0.9919714,-0.98568636,0.00010122209641849622,0.9932357668876648,0.0002854056947398931,0.9398927688598633
214,2,"The final token ""until"" opens a temporal deadline phrase requiring a specific date or time boundary.","Final token ""until"" opens a temporal deadline phrase requiring a specific date or time boundary","Final token ""because"" opens a causal explanation phrase requiring a reason or justification",True,0.97478944,0.011031736,0.014178869,0.96061057,0.12110277265310287,0.45403429865837097,0.0006712098838761449,0.9885591864585876
214,3,The text is now completing the administrative details about the validity period.,now completing the administrative details about validity period,now turning to the political controversy about the beneficiaries,True,0.0027805157,0.9947777,0.0024418444,0.00033867126,0.0005905501311644912,0.029118407517671585,0.00028632977046072483,0.9843356609344482
215,0,The text is a legal/procedural explanation of the TAC (Victoria's Traffic Accident Commission) benefits framework.,Legal/procedural explanation genre: factual TAC (Victoria's Traffic Accident Commission) benefits framework,Romantic-comedy screenplay genre: fictional TAC (Victoria's Tango And Cabaret club) love triangle,True,0.99223715,0.002937904,0.0048249015,0.9874123,0.0003689949226099998,0.9898554086685181,0.003182610496878624,0.9320525527000427
215,1,The sentence explains the financial hardship injured workers face between pre-approval and TAC payment acceptance.,financial hardship for injured workers between pre-approval and TAC payment acceptance,financial windfall for uninjured workers between pre-approval and TAC payment acceptance,True,0.99219126,0.0032139285,0.004594757,0.9875965,0.015016208402812481,0.19190141558647156,0.03999503701925278,0.19571234285831451
215,2,"The final token ""the"" is a definite article beginning a noun phrase.","Final token ""the"" is a definite article beginning a noun phrase","Final token ""quickly"" is an adverb ending a verb phrase",True,0.98072743,0.0022659225,0.017006695,0.96372074,0.0012169781839475036,0.9537803530693054,0.0005908695748075843,0.9880319833755493
215,3,"The sentence is mid-clause, describing lost wage replacement.",the sentence is mid-clause describing lost wage replacement,"the sentence is complete, describing accrued holiday bonuses",True,0.91435057,0.0114875175,0.07416194,0.8401886,5.6891527492552996e-05,0.9990737438201904,0.0005703623755834997,0.995614767074585
216,0,The text is a financial self-deprecating rant in an informal UK blogger tone with puns.,Financial self-deprecating rant pattern: informal UK blogger tone with puns,Formal corporate earnings report pattern: neutral analyst tone without puns,True,0.8503594,0.093608014,0.056032535,0.79432684,0.00017221090092789382,0.995329737663269,0.0001874814333859831,0.9982489347457886
216,1,A philosophical or humorous coping conclusion is expected after the grievances.,a philosophical or humorous coping conclusion is expected,a bitter or furious escalation of complaints is expected,True,0.053339053,0.94257647,0.004084547,0.049254507,9.183157089864835e-05,0.9993676543235779,0.00011862682003993541,0.997584342956543
216,2,"The final fragment ends in ""life"" and is an incomplete transitional clause.","Final fragment ""So as I am trying to look at the bright side of life"" is an incomplete transitional clause","Final fragment ""So as I am trying to look at the bright side of taxes"" is a complete declarative sentence",True,0.98829263,0.0058766026,0.0058308705,0.98246175,0.00042247201781719923,0.9962447285652161,0.001381435664370656,0.9915755391120911
216,3,The text complains about poor UK stocks versus US dividends and about taxes.,"complaints about poor UK stocks vs US dividends, tax grievances","praise for booming UK stocks vs US dividends, tax gratitude",True,0.03390014,0.013811062,0.95228875,-0.9183886,8.363182132598013e-05,0.9995855689048767,0.00014502363046631217,0.9992769360542297
217,0,The text is science journalism in an explanatory register describing industrial processes.,"Science journalism explanatory register, describing industrial/technical processes","Romantic fiction narrative register, describing personal/emotional relationships",True,0.6976743,0.21249312,0.089832574,0.60784173,0.0003435100370552391,0.9886147975921631,0.006971890106797218,0.7237634062767029
217,1,The text has shifted to explaining steel manufacturing background.,the text has shifted to explaining steel manufacturing background,the text has shifted to profiling the company's investors,True,0.74384487,0.07710984,0.1790452,0.56479967,0.00021396907686721534,0.8582978248596191,0.000158454553456977,0.9069218635559082
217,2,"The final token is the verb ""burns"", beginning a descriptive clause about blast furnace operation.","Final token ""burns"" is a verb beginning a descriptive clause about blast furnace operation","Final token ""furnace"" is a noun ending a descriptive clause about blast furnace operation",True,0.9875036,0.001858537,0.0106378505,0.9768657,0.04158003255724907,0.779974102973938,0.0012607343960553408,0.9803840517997742
217,3,An explanation of furnace chemistry follows mid-sentence.,"mid-sentence explanation of furnace chemistry (oxidation, coke combustion) follows","mid-sentence discussion of investor funding (venture capital, share offerings) follows",True,0.004256579,0.9948256,0.0009178569,0.0033387223,0.001367785269394517,0.9222946166992188,0.000845440779812634,0.9603127837181091
218,0,The text is economic news in an encyclopedic register presenting historical data on the 1987 Black Monday crash.,"Economic/financial news encyclopedic register, presenting historical data on 1987 Black Monday crash","Personal/romantic diary register, presenting private feelings about a 1987 summer wedding",True,0.6392604,0.29303223,0.067707345,0.57155305,0.0003353459760546684,0.974590003490448,0.00042068984475918114,0.9634000062942505
218,1,"A third quote from Buss is mid-sentence, explaining that his concern shifted beyond stock markets.",a third quote from Buss is mid-sentence explaining his primary concern shifted beyond stock markets,"a third quote from Buss is complete, explaining his primary concern stayed within stock markets",True,0.3729235,0.6103601,0.016716443,0.35620704,0.0001667613978497684,0.9983205199241638,0.00027930649230256677,0.9964928030967712
218,2,"The final token ""the"" opens a noun phrase completing Buss's quoted concern.","Final token ""the"" opens a noun phrase completing Buss's quoted concern","Final token ""market"" closes a noun phrase completing Buss's quoted concern",True,0.97928864,0.003343904,0.017367488,0.96192116,0.0003685314441099763,0.9963659048080444,0.000522162823472172,0.9971604347229004
218,3,The contrast clause signals macro-level consequences such as banking panic or frozen credit markets.,"signaling macro-level consequences like panic banking, frozen credit markets, or broader financial chaos","signaling micro-level trivia like lunch menus, office parking, or personal hobbies",True,0.0115327425,0.98481697,0.0036502639,0.007882479,0.0012974218698218465,0.9079237580299377,0.080058753490448,0.05417046323418617
219,0,The text is an analytical blog post explaining golf equipment market dynamics.,"Analytical blog post tone sustained throughout, explaining golf equipment market dynamics","Breathless tabloid tone sustained throughout, recounting celebrity golf scandals",True,7.657737e-05,0.0005697157,0.9993537,-0.9992771,0.0005185517948120832,0.9122744202613831,0.00018276719492860138,0.9904051423072815
219,1,The argument builds toward splitting demand into loyal core golfers and discretionary buyers.,The argument builds toward breaking demand down into segments: loyal core golfers vs. discretionary buyers,The argument builds toward treating demand as a single undifferentiated mass with no segments,True,0.010202849,0.95969194,0.03010521,-0.019902362,7.056226604618132e-05,0.9995787739753723,0.00011335535236867145,0.9990019202232361
219,2,"The final token ""safely be"" is mid-clause.","Final token ""safely be"" is mid-clause","Final token ""safely assumed"" is clause-final",True,0.7362771,0.17672671,0.08699619,0.6492809,0.002268837299197912,0.9877596497535706,0.0012759215896949172,0.9941338896751404
219,3,The next content continues a logical economic argument about declining demand.,next content continues logical economic argument about declining demand,next content abandons the economic argument for a personal anecdote about rising demand,True,0.07289123,0.92019194,0.0069168285,0.0659744,4.212154817651026e-05,0.9992679953575134,0.00012068921205354854,0.9991928935050964
220,0,The text is Italian-to-English translated academic or trend-report prose in a formal but awkward register.,"Translated Italian-to-English academic/trend-report prose, maintaining formal but awkward register","Native English tabloid gossip prose, maintaining a casual and fluent register",True,0.011552078,0.98262215,0.005825792,0.0057262857,6.81035962770693e-05,0.9992697834968567,7.928018021630123e-05,0.9988844990730286
220,1,The text is enumerating new markets in global electronic commerce.,The text is enumerating new markets in global electronic commerce,The text is lamenting the collapse of traditional retail shops,True,0.0051065437,0.99135965,0.0035337466,0.0015727971,6.613893492612988e-05,0.9973443150520325,5.8280416851630434e-05,0.9958578944206238
220,2,"The final token ""this"" closes a relative clause opener.","Final token ""this"" closes a relative clause opener","Final token ""phones"" closes a complete sentence",True,0.89796513,0.084199406,0.017835412,0.8801297,0.0017537825042381883,0.8978976607322693,0.0040901340544223785,0.9401859641075134
220,3,A noun phrase referring to mobile devices is required next.,requiring a noun phrase referring to mobile devices/telephones,requiring a finite verb referring to agricultural exports,True,0.46046093,0.49569383,0.04384521,0.41661572,0.00015988823724910617,0.9972495436668396,0.00030309753492474556,0.9942637085914612
221,0,The text is a blog-style economic analysis using UK data to interpret Bank of England rate decisions.,"Blog-style economic analysis with applied commentary, using UK data (CPI, unemployment, employment growth) to interpret Bank of England rate decisions","Recipe-style cooking column with step-by-step instructions, using kitchen measures (grams, cups, minutes) to explain a sourdough bake",True,0.072342925,0.8001009,0.1275561,-0.055213176,0.006908057723194361,0.21616625785827637,0.0002304405497852713,0.9955859184265137
221,1,The author is explaining a theoretical framework about coordinated versus separate policy signals.,The author is explaining a theoretical framework about coordinated vs. separate policy signals,The author is narrating a personal anecdote about a weekend shopping trip,True,0.99400264,0.0024783656,0.0035190291,0.9904836,5.343997327145189e-05,0.9950917959213257,0.001335811335593462,0.8850398063659668
221,2,"The final token ""because"" completes a conditional clause mid-explanation.","Final token ""because"" completes a conditional clause mid-explanation","Final token ""however"" opens a fresh sentence after a full stop",True,0.99419737,0.0018064956,0.0039961613,0.99020123,0.000687641033437103,0.9912324547767639,0.01007866207510233,0.9324021935462952
221,3,The author is now providing a concrete worked example.,now providing a concrete worked example,now drifting into abstract speculation without examples,True,0.011170386,0.98655903,0.0022705097,0.008899877,5.0928185373777524e-05,0.9996716976165771,5.003876140108332e-05,0.9996311664581299
222,0,The text is a news digest of three separate Reuters datelines on global economic topics.,News digest/aggregator format: three separate Reuters datelines covering global economic topics,Personal diary format: three consecutive journal entries covering family holiday plans,True,0.9053344,0.019768419,0.07489723,0.8304372,0.0002054304932244122,0.9862550497055054,0.0009510248200967908,0.8380140662193298
222,1,Each snippet addresses economic issues relevant to Indian and global finance.,each snippet addresses economic issues relevant to Indian and global finance,each snippet addresses sporting results relevant to Indian and global cricket,True,0.41790482,0.5790712,0.003023886,0.41488093,0.0005933530628681183,0.9302526116371155,0.0014726095832884312,0.8183978199958801
222,2,"The final fragment ends in ""a"" and is an incomplete sentence beginning a new topic.","Final fragment ""The Finance Minister seems to favour a"" is an incomplete sentence beginning a new topic shift","Final fragment ""The Finance Minister seems to favour it"" is a complete sentence closing the current topic",True,0.9678426,0.008546974,0.023610476,0.9442321,0.0007630069740116596,0.9975409507751465,0.0006112646660767496,0.9926249384880066
222,3,The next token is likely a noun describing a financing approach or structural reform.,"next token likely a noun describing a financing approach, raise, or structural reform","next token likely a verb describing a cooking method, sauce, or dessert",True,0.033596184,0.9641279,0.0022759463,0.031320237,0.00043324707075953484,0.9825147986412048,0.00025926719536073506,0.9904414415359497
223,0,"The text is an instructional financial article with informal, ESL-like English phrases.",Instructional/financial article structure with informal English phrases,Lyrical/poetic verse structure with archaic English phrases,True,0.92137265,0.03506873,0.043558586,0.87781405,0.004251144360750914,0.9564263820648193,0.0012090714881196618,0.9891875386238098
223,1,The text has begun enumerating reasons to choose personal loans.,The text has begun enumerating reasons to choose personal loans,The text has begun listing reasons to avoid personal loans,True,0.97688746,0.0033750248,0.019737413,0.95715004,0.0010041670175269246,0.9948540329933167,0.0018991800025105476,0.9953963160514832
223,2,"The final clause ends in ""as"" and is mid-sentence.","Final clause ""Personal loans can be literal lifesavers if you encounter unforeseen emergencies as"" is mid-sentence","Final clause ""Personal loans can be literal lifesavers if you encounter unforeseen emergencies."" is sentence-final",True,0.95265406,0.007697475,0.03964848,0.9130056,0.010664425790309906,0.9684555530548096,0.0022985837422311306,0.9909850358963013
223,3,"Further benefits or uses are expected, continuing the list-like pattern.","further benefits/uses are expected, continuing the list-like elaboration pattern","no further benefits are expected, the list having been closed with a summary",True,0.49227569,0.50247544,0.0052489247,0.48702675,0.000207300137844868,0.9991262555122375,0.00034878659062087536,0.9979361295700073
224,0,The text is a financial opinion/editorial commentary using colorful metaphors.,"Financial commentary opinion/editorial genre, using colorful metaphors","Technical instruction manual genre, using dry literal wording",True,0.35817835,0.6335529,0.0082686925,0.34990966,8.969616465037689e-05,0.9973272085189819,0.00010531404404900968,0.9937992691993713
224,1,The author is building a contrarian case for an imminent stock decline.,author is building a contrarian case for an imminent stock decline,author is building a consensus case for a sustained stock rally,True,0.8715217,0.12476015,0.003718088,0.86780363,0.00011378217459423468,0.9988540410995483,0.0001265965838683769,0.9981529116630554
224,2,"The final token ""down the"" begins a temporal phrasal construction.","Final token ""down the"" begins a temporal/popular phrasal construction","Final token ""down payment"" ends a financial noun phrase",True,0.904531,0.07560202,0.019866945,0.88466406,0.0064399391412734985,0.9727209210395813,0.002829374745488167,0.9352715611457825
224,3,"The phrase almost certainly completes as ""the road"" or ""ahead"" to signal a near-future stock collapse.","almost certainly completing as ""the road"" or ""ahead"" to signal near-future stock collapse","almost certainly completing as ""the hatch"" or ""below"" to signal long-past stock recovery",True,0.5960542,0.3740956,0.029850183,0.566204,0.00019046361558139324,0.9984050393104553,0.0003699483349919319,0.994353175163269
225,0,"The text is machine-translated, garbled English from UK fast-loan advertisements.",Machine-translated/garbled English text pattern (UK fast loan advertisements),Polished native-English literary pattern (British short-story anthology),True,0.013169988,0.981875,0.0049550217,0.008214966,0.00010313765233149752,0.9982897639274597,9.32430339162238e-05,0.9970468878746033
225,1,A bulleted list of eligibility requirements is ongoing.,Bulleted eligibility requirements list structure is ongoing,Flowing narrative paragraph structure is ongoing,True,0.040166125,0.9115024,0.04833145,-0.008165326,0.2671580910682678,0.022587157785892487,0.00377619918435812,0.004910684190690517
225,2,"The final token ""details"" ends a sub-point list item.","Final token ""details"" ends a lettered sub-point list item","Final token ""however"" opens a flowing prose paragraph",True,0.7380468,0.22506408,0.036889005,0.7011578,0.0003456893318798393,0.9948868155479431,0.0016515557654201984,0.9904924035072327
225,3,The continuation will maintain the corrupted register.,continuation will maintain this corrupted register,continuation will switch to a polished legal register,True,0.00885982,0.4504456,0.5406946,-0.5318348,4.945175533066504e-05,0.9995495676994324,0.00011586302571231499,0.9993982315063477
226,0,The text follows the boilerplate structure of financial news stock analyst reports.,Financial news boilerplate structure for stock analyst reports,Fairy-tale narrative structure for children's bedtime stories,True,0.38395914,0.6022854,0.013755442,0.3702037,0.0001914318127091974,0.9976176619529724,0.0004690524947363883,0.9895558953285217
226,1,The list of analyst rating counts is incomplete.,The list of analyst ratings counts is incomplete,The list of analyst ratings counts is finished,True,0.86756414,0.12399669,0.0084391115,0.859125,0.0002210902312071994,0.9990763664245605,0.0005683259223587811,0.9978898167610168
226,2,"The final token ""assigned"" is a verb completing a parallel list structure.","Final token ""assigned"" is a verb completing a parallel list structure","Final token ""rating"" is a noun closing a parallel list structure",True,0.93652886,0.044797007,0.018674169,0.91785467,0.0031759089324623346,0.9728240370750427,0.010570485144853592,0.869763970375061
226,3,The template formatting constrains the next content to keep matching financial boilerplate.,The template formatting constrains the next content to continue matching,The loose formatting frees the next content to stop matching,True,0.015734106,0.9810693,0.0031965773,0.012537529,9.474850230617449e-05,0.9993875026702881,0.00020577361283358186,0.9975970387458801
227,0,The text is quoted speech from a church leader giving a realistic assessment of rural housing challenges.,Quoted speech from a church leader continuing a realistic assessment of rural housing challenges,Unquoted narration from a sports commentator giving a playful recap of urban football matches,True,0.0039888113,0.99236876,0.0036425097,0.0003463016,9.71525369095616e-05,0.9951584935188293,4.113521572435275e-05,0.9990106821060181
227,1,The text alternates between optimistic possibilities and blunt economic realities.,The text alternates between optimistic possibilities and blunt economic realities.,The text dwells solely on gloomy predictions and vague economic abstractions.,True,0.9908921,0.0076697,0.0014382821,0.98945385,4.646470188163221e-05,0.9997448325157166,0.0001655942905927077,0.9971592426300049
227,2,"The final token ""law"" begins a compound noun or illustrative detail mid-sentence.","Final token ""law"" begins a compound noun or illustrative detail mid-sentence","Final token ""houses"" ends a simple noun phrase at sentence end",True,0.337984,0.60149276,0.06052326,0.27746072,0.00017604281310923398,0.9958503246307373,0.00014404293324332684,0.9944599866867065
227,3,"The text explains housing shortage problems in a small community of 2,300.","explaining housing shortage problems in a small community of 2,300","celebrating a housing surplus in a large city of 2,300,000",True,0.0014033143,0.9974909,0.001105785,0.00029752927,8.24678354547359e-05,0.999241828918457,0.0001674815866863355,0.9987230896949768
228,0,The text is a corporate automotive news report with a bullet summary followed by detailed elaboration.,Corporate news report structure (automotive industry): bullet-point summary followed by detailed elaboration,Personal travel blog structure (backpacking hobby): rambling anecdote followed by a photo caption,True,0.008920382,0.9819209,0.0091587175,-0.00023833569,0.00021880998974666,0.9753459095954895,0.001151230069808662,0.8934834599494934
228,1,"The content traces Volkswagen Group's shift to EVs, IPO and restructuring milestones.","content traces Volkswagen Group's shift to EVs, IPO, restructuring milestones","content traces Volkswagen Group's return to diesel engines, delisting, bankruptcy milestones",True,0.002572908,0.9953003,0.0021267754,0.00044613262,0.0006615118472836912,0.9648076891899109,0.0006844422896392643,0.9789436459541321
228,2,"The final token is mid-quote from CEO Herbert Diess, ending in ""steps"".","Final token is mid-quote from CEO Herbert Diess, ""In 2021 and 2022, we took major steps""","Final token is post-quote from CEO Herbert Diess, ""In 2021 and 2022, we took no risks.""",True,0.056504454,0.94005847,0.0034370515,0.0530674,0.00020120649423915893,0.9985878467559814,0.0001902044314192608,0.9989956021308899
228,3,The report is now transitioning to an executive quote.,now transitioning to executive quote,now closing with a bulleted price table,True,0.0010658223,0.9977907,0.0011434605,-7.763819e-05,0.014820653013885021,0.5113413333892822,0.03843245655298233,0.2689321041107178
229,0,The text is in a political/journalistic register with a critical NGO statement about UK housing policy.,Political/journalistic register with a critical NGO statement about UK housing policy,Culinary/recipe register with an enthusiastic reader comment about a chocolate cake,True,0.11245379,0.72865087,0.1588953,-0.04644151,0.003968620207160711,0.2757871747016907,0.011005204170942307,0.4162061810493469
229,1,A direct quote opened with a quotation mark requires completion.,Direct quote initiated with opening quotation mark requires completion,Direct quote closed with a final quotation mark requires nothing further,True,0.8871687,0.08635316,0.02647806,0.86069065,0.00045995187247172,0.9875642657279968,0.013292459771037102,0.909398078918457
229,2,"The phrase ""but today's strategy"" sets up an adversative conclusion.","the phrase ""but today's strategy"" sets up an adversative conclusion","the phrase ""but today's weather"" sets up a cheerful digression",True,0.9660887,0.017815905,0.01609533,0.9499934,0.0006400337442755699,0.9878813028335571,0.001822788966819644,0.9914770722389221
229,3,An argumentative continuation about the housing strategy's failings is demanded.,demanding argumentative continuation about the housing strategy's failings,demanding celebratory continuation about the housing strategy's triumphs,True,0.0033268514,0.9591896,0.037483517,-0.034156665,0.00014525058213621378,0.9988879561424255,0.00017852734890766442,0.9981392621994019
230,0,The text is a formal damage assessment report from SEMA using technical oil and gas terminology.,"News/publication genre: formal damage assessment report from SEMA, technical oil/gas domain terminology","Fiction/poetry genre: whimsical love poem from an anonymous author, flowery romantic vocabulary",True,0.03766955,0.06031345,0.90201694,-0.8643474,0.0076992143876850605,0.9235526323318481,0.005717759486287832,0.9485222101211548
230,1,The passage enumerates multiple offshore regions.,the passage enumerates multiple offshore regions,the passage describes a single inland city,True,0.26119882,0.729338,0.009463201,0.25173563,6.046190901543014e-05,0.9993938207626343,4.9051683163270354e-05,0.9992392063140869
230,2,"The final token ""of the"" mirrors the structure of the preceding sentence.","Final token ""of the"" mirrors the literal repeat of the preceding sentence's structure","Final token ""of course"" breaks entirely from the preceding sentence's structure",True,0.97958606,0.0020287964,0.018385166,0.9612009,0.00014963421563152224,0.9993239641189575,0.00019096912001259625,0.9991016387939453
230,3,A hurricane name is expected next.,A hurricane name is expected.,A company name is expected.,True,0.001212896,0.99814796,0.0006391513,0.00057374465,0.0002875840582419187,0.9983497858047485,0.0002465436118654907,0.9986698627471924
231,0,The text is a blog-style argumentative essay analyzing the decline of journalism.,Blog-style argumentative essay analyzing journalism decline,Recipe-style instructional post describing bread baking,True,0.07620447,0.5388703,0.38492525,-0.30872077,0.0003293099289294332,0.9835783243179321,6.596132152481005e-05,0.9985590577125549
231,1,Fishkin's 1998 Prize luncheon speech has been introduced as evidence for journalism's crisis.,The text has introduced Fishkin's 1998 Prize luncheon speech as supporting evidence for journalism's crisis,The text has introduced Fishkin's 1998 Prize luncheon speech as counter-evidence against any journalism crisis,True,0.057450272,0.88043123,0.062118545,-0.004668273,0.0005680231843143702,0.9973582625389099,0.0009235309553332627,0.9970730543136597
231,2,"The final token ""What does"" opens a direct quotation mid-sentence from Fishkin's speech.","Final token `""What does` opens a direct quotation mid-sentence from Fishkin's speech","Final token `""What if` closes a paraphrased summary at sentence end of Fishkin's speech",True,0.9724023,0.008859828,0.018737948,0.9536643,0.0019608542788773775,0.9883496761322021,0.0006992548587732017,0.9962305426597595
231,3,The quotation functions as a rhetorical or definitional question.,functioning as a rhetorical or definitional question,functioning as a blunt factual command,True,0.9824686,0.008727122,0.008804164,0.97366446,0.00016548715939279646,0.998462438583374,0.0004835561558138579,0.9965223073959351
232,0,Nintendo's pricing announcement sets up Microsoft's contrasting reaction.,Contrast structure: Nintendo's pricing announcement sets up Microsoft's contrasting reaction,Agreement structure: Nintendo's pricing announcement sets up Microsoft's identical reaction,True,0.0029541238,0.99479634,0.0022495748,0.000704549,0.00020377342298161238,0.9975947737693787,0.0016148393042385578,0.9875736832618713
232,1,The text is a business news report in short declarative sentences about gaming market events.,Business news/press report register: short declarative sentences reporting gaming market events,Epic poetry register: long rhyming stanzas recounting ancient battles,True,0.9046323,0.049975477,0.045392238,0.85924006,0.0024059389252215624,0.48710861802101135,0.001965958159416914,0.13542278110980988
232,2,"The text ends mid-sentence at ""It believes"" and requires a clause stating Microsoft's belief.","It believes"" — mid-sentence, requires a subordinate clause stating Microsoft's confidence or belief","It waits"" — sentence-final, requires no subordinate clause about Microsoft's confidence or belief",True,0.88735276,0.042735904,0.06991128,0.81744146,0.0001380208123009652,0.998613715171814,0.0005323440418578684,0.991115927696228
232,3,Microsoft likely believes the price cut benefits its premium market or that its US success absorbs competition.,likely that the price cut benefits their premium market or their US success absorbs competition,likely that the price cut cripples their premium market or their US failure invites competition,True,0.0053964844,0.9918927,0.0027108742,0.0026856102,0.0002604472974780947,0.998843789100647,0.0009370238985866308,0.99790358543396
233,0,The text is a structured financial/legal explanation in a Q&A format.,Structured financial/legal explanation following a Q&A format,Rambling personal memoir following a diary format,True,0.0030535394,0.14197583,0.8549706,-0.851917,8.103224536171183e-05,0.999258816242218,6.755548383807763e-05,0.999001681804657
233,1,The article has described standby LC issuance mechanics and is now transitioning to types.,the article has described standby LC issuance mechanics and IDEAL security structure; now transitioning to types/classifications,the article has described a chef's knife techniques and pantry layout; now transitioning to dessert recipes,True,0.043767247,0.7366611,0.21957166,-0.17580442,0.0006752688786946237,0.8293455243110657,0.0017128296894952655,0.9481882452964783
233,2,"The final token ""of"" ends a partial phrase requiring the completion ""Credit"".","Final token ""of"" ends the partial phrase ""what are the other Types of Letters of,"" requiring the immediate completion ""Credit""","Final token ""Credit"" ends the complete phrase ""what are the other Types of Letters of Credit,"" requiring no further completion",True,0.97327834,0.004623078,0.02209859,0.95117974,0.0008434277260676026,0.9961896538734436,0.0005825866828672588,0.995337724685669
233,3,Specific credit types used in international trade are expected to follow.,specific credit types used in international trade,generic loan products used in domestic retail banking,True,0.0012601976,0.9973449,0.0013949116,-0.00013471395,9.374960063723847e-05,0.9946624636650085,0.00013747360208071768,0.9907767176628113
234,0,The text has a formal institutional/advocacy tone describing LMI tax credit equity issues.,Formal institutional/advocacy document tone describing LMI tax credit equity issues,Casual gossip column tone describing celebrity wardrobe choices,True,0.9383413,0.03657938,0.025079316,0.913262,5.655062705045566e-05,0.9969741106033325,0.00010851029946934432,0.9982890486717224
234,1,The explanation moves from historical background to the statutory framework to funding mechanisms.,Structured explanation pattern: historical background → current statutory framework → funding/supply mechanisms,Random stream-of-consciousness pattern: personal anecdotes → jokes → unrelated tangents,True,0.984414,0.011709564,0.0038765175,0.9805375,6.320765533018857e-05,0.9988842606544495,9.553714335197583e-05,0.9979129433631897
234,2,"The final token ""tax"" begins a phrase.","Final token ""tax"" begins the phrase","Final token ""bonds"" ends the phrase",True,0.98639375,0.0019531553,0.011653179,0.97474056,0.00017469360318500549,0.9979158043861389,0.0001507209672126919,0.9987485408782959
234,3,"The word ""credits"" is strongly expected next.","strongly expects ""credits"" next","strongly expects ""evasion"" next",True,0.011967513,0.98615825,0.0018742186,0.010093294,0.0017816664185374975,0.9901551008224487,0.0012915299739688635,0.9887608885765076
235,0,The text is an informal news summary presenting opposing expert views on real estate trends.,"Informal news summary/forecast register, presenting opposing expert views on real estate market trends","Formal legal contract register, presenting binding clauses on commercial lease obligations",True,0.92332584,0.05337787,0.023296302,0.90002954,0.00025661036488600075,0.9957292675971985,0.00015622157661709934,0.9974867105484009
235,1,The text sets up a contrast between optimistic and pessimistic outlooks.,"The text establishes a ""some say X, but Y"" contrast structure between optimistic (Vallette, bottom reached) and pessimistic outlooks","The text establishes an ""everyone agrees"" consensus structure among uniformly optimistic (Vallette, bottom reached) outlooks",True,0.9963199,0.00080963963,0.002870422,0.99344945,7.32067201170139e-05,0.9992613196372986,0.000498781562782824,0.9562379717826843
235,2,"The text ends mid-sentence at ""the decline will continue"", requiring completion of the prediction.","Others say the decline will continue"" — mid-sentence conclusion requiring completion of what experts predict","Others say the decline has ended."" — sentence-final conclusion requiring no completion of what experts predict",True,0.94950897,0.02405069,0.026440326,0.92306864,0.00011921811528736725,0.9986482262611389,0.0003003910242114216,0.9950554370880127
235,3,"A continuation of the contradictory forecast, likely a time reference, is expected.","expects continuation of the contradictory forecast expression, likely time reference","expects a change of topic away from any forecast, likely a sports score",True,0.91654015,0.073178075,0.010281761,0.9062584,5.938881076872349e-05,0.9990645051002502,0.0004916972829960287,0.9975899457931519
236,0,The text is a practical sustainability guide for small business offices in a listicle/advisory register.,"Practical sustainability guide for small business offices, using listicle/advisory register with CSR framing","Fictional horror story for teenage readers, using suspenseful narrative register with supernatural framing",True,0.0064974036,0.99103165,0.0024709578,0.0040264456,0.0009193920413963497,0.9926044940948486,0.06675780564546585,0.5268886685371399
236,1,The quoted sentence promises a structured list of actionable eco initiatives.,promises a structured list of actionable small office eco initiatives,promises a rambling rant against pointless small office eco initiatives,True,0.98073125,0.004891589,0.01437718,0.9663541,9.41870894166641e-05,0.9993040561676025,9.60148754529655e-05,0.9989930987358093
236,2,"The final token ""your"" is mid-sentence.","Final token ""your"" is mid-sentence within","Final token ""paper."" is sentence-final after",True,0.95354176,0.013364541,0.033093717,0.92044806,0.0005782414227724075,0.9956621527671814,0.00047834086581133306,0.9973945617675781
236,3,A noun phrase naming a consumable resource is immediately required.,immediately requires a noun phrase naming a consumable resource,immediately requires a verb phrase naming a leisure activity,True,0.24587241,0.12523489,0.6288927,-0.3830203,0.0015774017665535212,0.9798697233200073,0.0008778602350503206,0.9855201840400696
237,0,The text is a business introductory report on the real estate industry in formal promotional/educational prose.,"Business introductory report on real estate industry, using formal promotional/educational prose","Personal confessional poem about a lost love, using intimate lyrical verse",True,0.94727117,0.006445299,0.046283547,0.9009876,0.0042883362621068954,0.9799872040748596,0.20169012248516083,0.4439868628978729
237,1,"The text is compiling market overview content about real estate: history, size and definition.","Text is compiling market overview content about real estate — history, size, and definition","Text is recounting a single agent's day — breakfast, commute, and lunch",True,0.98408496,0.007044584,0.00887047,0.9752145,5.95446617808193e-05,0.9977810978889465,0.0002118201955454424,0.9953163862228394
237,2,"The final token ""renting"" continues an incomplete list mid-sentence.","Final token: ""renting"" continues an incomplete list/enumeration mid-sentence","Final token: ""buildings."" closes a finished sentence at a full stop",True,0.81689835,0.102296755,0.08080494,0.7360934,0.00016813828551676124,0.9987301230430603,0.0003384507435839623,0.9971534013748169
237,3,"Continued factual elaboration about the industry's scope, functions or operations is suggested.","suggesting continued factual elaboration about industry scope, functions, or operations",suggesting an abrupt shift to fictional dialogue about a family argument,True,0.9840052,0.010149378,0.0058453977,0.9781598,8.02450449555181e-05,0.9992621541023254,8.793930464889854e-05,0.9990273714065552
238,0,The text is a structured business document listing export/import services with bulleted lists.,"Structured business document listing export/import services, with bulleted lists and categorized sections","Free-flowing personal letter recounting a family holiday, with rambling paragraphs and no headings",True,0.62225425,0.14451566,0.23323011,0.38902414,5.2629657147917897e-05,0.9993318915367126,0.00014068520977161825,0.99625563621521
238,1,Each section contains specific product/service categories.,each section contains specific product/service categories,each section contains a single vague anecdote,True,0.8605155,0.12183306,0.017651362,0.8428641,0.0001439925836166367,0.9863762259483337,0.00015049723151605576,0.9914398193359375
238,2,"The final token ""Medical"" is mid-list in a slash-separated product category sequence.","Final token ""Medical"" is mid-list, part of a slash-separated product category sequence","Final token ""Sincerely"" is list-final, part of a closing farewell formula",True,0.8463441,0.072593205,0.0810627,0.76528144,0.00038068616413511336,0.984015703201294,0.00012301752576604486,0.996821403503418
238,3,The document is about a Pakistani textile manufacturer's capabilities in Mississauga.,about a Pakistani textile manufacturer's capabilities in Mississauga,about a Norwegian fishing cooperative's catch quotas in Bergen,True,0.0014600658,0.9140951,0.08444485,-0.08298478,0.0001557874638820067,0.9966596364974976,6.522489275084808e-05,0.999049961566925
239,0,The text is an Australian consumer finance/lifestyle article establishing Christmas spending pain points.,"Australian consumer finance/lifestyle article tone, establishing relatable Christmas spending pain points","Antarctic scientific expedition log tone, recording daily ice-core measurements",True,0.008887083,0.98978674,0.001326117,0.0075609665,0.001179234590381384,0.9666629433631897,0.0009079871815629303,0.9501309990882874
239,1,The narrative is moving toward practical post-Christmas financial tips or budgeting strategies.,Narrative momentum toward practical post-Christmas financial tips or budgeting strategies,Narrative momentum toward nostalgic pre-Christmas childhood memories or family recipes,True,0.85787743,0.14038697,0.0017355706,0.85614187,0.0011719240574166179,0.31494462490081787,0.000413313478929922,0.9520699977874756
239,2,"The final phrase ends in ""your"" and is an incomplete idiom requiring a noun completion.","""Here are five ways to help you get your"" is an incomplete idiomatic phrase requiring a noun completion","""Here are five ways to help you get fit."" is a complete idiomatic sentence requiring no completion",True,0.9709307,0.0133450525,0.015724314,0.9552064,0.0002755640016403049,0.9986227750778198,0.000604615721385926,0.9953433871269226
239,3,The sentence promises to resolve the financial struggle just mentioned.,the sentence promises resolving the financial struggle just mentioned,the sentence promises deepening the financial struggle just mentioned,True,0.03485969,0.9574939,0.007646448,0.027213242,0.00028268518508411944,0.9987459182739258,0.0004368573718238622,0.9984723925590515
240,0,The text is a press release or news report from a financial/professional services firm.,Press release/news report genre from financial/professional services firm,Fantasy novel chapter from an anonymous hobbyist author,True,0.97468215,0.020587614,0.00473029,0.96995187,0.0006643865490332246,0.9708949327468872,0.00880946684628725,0.9003468155860901
240,1,The text establishes a summary pattern around CPAs changing their approaches to third-party risk management.,The text establishes a summary pattern around注册会计师 (CPAs) changing approaches to third-party risk management,The text establishes a recipe pattern around home cooks (amateurs) keeping approaches to sourdough baking,True,0.6298883,0.34819722,0.021914402,0.6079739,0.00014929205644875765,0.9758466482162476,0.00016288409824483097,0.992401123046875
240,2,"The final phrase ending on ""professionals"" is mid-sentence and requires completion.","Final phrase ""the findings are based on surveys of approximately 400 finance professionals"" is mid-sentence, requiring completion","Final phrase ""the findings are based on surveys of approximately 400 finance students."" is sentence-final, requiring no completion",True,0.93703794,0.028021108,0.034941014,0.9020969,0.0005936313536949456,0.9965353012084961,0.0008383152890019119,0.9959700107574463
240,3,The continuation most immediately expects a geographic/organizational qualifier.,most immediately expects a geographic/organizational qualifier,most immediately expects a temporal/numerical qualifier,True,0.0031015747,0.99662125,0.00027716864,0.0028244061,0.005021242890506983,0.9166343808174133,0.002073251875117421,0.9477760791778564
241,0,The text is a financial investment analysis blog post in earnings report format.,Financial investment analysis blog post following earnings report format,Romantic poetry collection following sonnet sequence format,True,0.45959514,0.098092645,0.44231218,0.017282963,0.00023629827774129808,0.9952985644340515,0.00025158317293971777,0.9954765439033508
241,1,"The argument has established an undervaluation case, dismissed bad debt accusations, and now presents a buy recommendation.","undervaluation case established via peer comparisons, bad debt accusations dismissed, now presenting specific buy recommendation","overvaluation case established via peer comparisons, bad debt accusations confirmed, now presenting specific sell recommendation",True,0.33834106,0.60095334,0.06070565,0.2776354,0.0001772839023033157,0.9989610910415649,0.0002493482024874538,0.9982630610466003
241,2,"The final token ""share"" closes the range-bound price target statement.","Final token ""share"" closes the range-bound target statement","Final token ""however"" opens a fresh contrast statement",True,0.98099595,0.009951746,0.009052323,0.9719436,0.0007905493257567286,0.9747297167778015,0.00021025954629294574,0.9976785778999329
241,3,The author's own commentary on the valuation ceiling being generous is expected next.,then the author's own commentary on this valuation ceiling being generous,then the author's own commentary on this valuation floor being stingy,True,0.0027535555,0.9967445,0.00050194963,0.002251606,0.00021042714070063084,0.9984738230705261,0.0005929530598223209,0.9915158748626709
242,0,The essay traces American consumption history from statistics to historical evolution to the present retail phenomenon.,"essay traces American consuption history, moving from stats to historical evolution to present retail phenomenon","essay traces European cathedral architecture, moving from sketches to construction phases to present tourism phenomenon",True,0.19253747,0.7984354,0.0090271095,0.18351036,0.0001593556662555784,0.9978179931640625,0.0001781245955498889,0.9978345036506653
242,1,The style is a simplified expository essay with a casual semi-academic tone about consumerism culture.,"simplified expository essay style with factual claims and explanations, maintaining a casual semi-academic tone about consumerism culture","ornate lyrical verse style with vivid images and refrains, maintaining a solemn devotional tone about monastic life",True,0.12567872,0.8644328,0.0098884795,0.11579024,9.544916247250512e-05,0.9989432692527771,0.00010854570427909493,0.9986147880554199
242,2,"The final token ""potential"" ends an incomplete noun phrase mid-sentence.","Final token ""potential"" ends an incomplete noun phrase mid-sentence","Final token ""customers"" completes a full noun phrase at sentence end",True,0.9869621,0.0048180344,0.008219799,0.9787423,0.00015819112013559788,0.9963470101356506,0.000321899657137692,0.9958474040031433
242,3,"A noun like ""customers"" or ""buyers"" is required next.","requiring a noun like ""customers"" or ""buyers.""","requiring a verb like ""compete"" or ""advertise.""",True,0.9513551,0.044756953,0.003887971,0.94746715,0.00014762165665160865,0.9975046515464783,0.0010575107298791409,0.9880779385566711
243,0,The text is a formal government/industry press release about a signed agreement between Thai officials and Mazda Thailand.,"Formal government/industry press release tone, establishing context for a signed agreement between Thai officials and Mazda Thailand","Playful children's cartoon script tone, establishing context for a pie fight between two clowns and a talking dog",True,0.0003063895,0.0024526767,0.997241,-0.99693465,4.5166008931118995e-05,0.9987413287162781,0.00010074159217765555,0.9982216954231262
243,1,The document has introduced a key Thai official and is building toward the second party in the meeting.,The document has introduced a key official (Minister Surachate Prapmontri) and is now building toward the second party in the meeting/discussion,The document has introduced a village baker (Grandma Nok) and is now building toward the final step of the recipe,True,0.94352055,0.053320017,0.0031594543,0.9403611,0.00011120951239718124,0.970565915107727,0.00034023987245745957,0.9509319067001343
243,2,"The final token ""Mr"" begins a name reference in an enumeration of meeting participants.","Final token ""Mr"" begins a name reference in an ongoing enumeration of meeting participants","Final token ""Thailand"" ends a place reference in a concluded summary of investment totals",True,0.9889626,0.0025891874,0.0084482655,0.98051435,0.0001394340069964528,0.9931977987289429,9.645258978707716e-05,0.9957376718521118
243,3,The text requires the Japanese executive's name and title next.,requiring the Japanese executive's name and title,requiring the Thai minister's hometown and hobby,True,0.9825723,0.004603849,0.012823851,0.96974844,6.863797170808539e-05,0.9992731213569641,7.702840230194852e-05,0.9993669390678406
244,0,The text is an anecdote with narrative momentum illustrating preference/constraint reasoning.,Narrative momentum in an anecdote illustrating preference/constraint reasoning,Technical exposition in a manual illustrating valve maintenance procedures,True,0.99667823,0.0013750505,0.0019467216,0.9947315,0.008767077699303627,0.8008326292037964,0.00406017666682601,0.9278472661972046
244,1,The father-figure is at the convenience store counter noticing the unusually high price.,"the father-figure is at the convenience store counter, noticing the unusually high price","the father-figure is at the hospital bedside, noticing the unusually faint pulse",True,0.937187,0.039004758,0.02380823,0.9133788,7.349505904130638e-05,0.9992859959602356,6.665351247647777e-05,0.9992319345474243
244,2,"The final token ""The"" opens a new sentence continuing the dialogue scene.","Final token ""The"" opens a new sentence continuing the dialogue scene","Final token ""beer."" ends a final sentence closing the dialogue scene",True,0.9461783,0.02479965,0.029022055,0.9171563,0.00012563765631057322,0.9983615279197693,0.00020840323122683913,0.9985746145248413
244,3,The story argues that intelligent agents act within available options.,a story told to argue intelligent agents act within available options,a story told to argue intelligent agents ignore available options,True,0.87925243,0.077355206,0.04339234,0.8358601,0.00038207252509891987,0.9972910284996033,0.0005563054583035409,0.9979965090751648
245,0,The text is a technical marketing/press release from a Spanish industrial company about thermoforming vs. injection moulding.,Technical marketing/press release from a Spanish industrial company describing cost-benefit tradeoffs of thermoforming vs. injection moulding for low-volume plastics,Romantic travel diary from a Scottish backpacker describing sunset views of beaches vs. mountain trails for solo hiking,True,0.6380187,0.12917908,0.23280214,0.40521657,0.037196286022663116,0.3342902958393097,0.09062618762254715,0.0657554417848587
245,1,"The text is pivoting to problems with traditional methods, namely expensive custom moulds viable only for high-volume production.","now pivoting to problems with traditional methods, specifically expensive custom moulds being economically viable only for high-volume production","now pivoting to praise of traditional methods, specifically cheap custom moulds being economically viable even for one-off production",True,0.7448073,0.09142045,0.16377231,0.581035,0.00019358341523911804,0.9990265369415283,0.00012846276513300836,0.9991132616996765
245,2,"The final phrase ending on ""runs"" requires immediate completion.","Final phrase ""large-scale parts used to be designed specifically for components whose lengthy production runs"" requires immediate completion","Final phrase ""large-scale parts used to be designed specifically for components whose lengthy production ended."" requires no further completion",True,0.21877827,0.121902294,0.65931946,-0.4405412,0.0045176721177995205,0.979363739490509,0.0007331910892389715,0.9967448711395264
245,3,The document has explained the technology enabling low-volume thermoforming.,the document has explained the technology enabling low-volume thermoforming,the document has skipped the technology enabling low-volume thermoforming,True,0.5210585,0.23269068,0.24625084,0.27480766,0.0003623721713665873,0.9990366697311401,0.0006393180228769779,0.9984083771705627
246,0,The text has a journalistic factual reporting tone presenting a statistic about South Africa's mobile data decline in June 2019.,"Journalism/factual reporting tone established, presenting a statistic about South Africa's mobile data decline in June 2019","Fairy-tale storytelling tone established, presenting a legend about a Norwegian troll's mountain kingdom in ancient times",True,0.00032393547,0.0014376696,0.99823844,-0.9979145,0.00013119350478518754,0.9967150688171387,0.00012354477075859904,0.9971907734870911
246,1,The sentence introduces a statistic mid-narrative and context about implications or comparisons will follow.,"The sentence introduces a statistic mid-narrative, suggesting context will follow about implications or comparisons","The sentence closes a joke mid-narrative, suggesting nothing will follow about implications or comparisons",True,0.8950822,0.09943735,0.005480588,0.8896016,0.00011462626571301371,0.9984332919120789,0.000390912959119305,0.9928438067436218
246,2,"The final fragment ending on ""numbers"" is mid-sentence and requires completion.","Final fragment ""the monthly report of the country's telecommunication department which gathered stats about telecom usage in June, and compared the telecom traffic numbers"" is mid-sentence, requiring completion","Final fragment ""the monthly report of the country's telecommunication department which gathered stats about telecom usage in June, and compared the telecom traffic figures."" is sentence-final, requiring no completion",True,0.4770291,0.4948222,0.028148647,0.44888043,0.0005144872702658176,0.9979748129844666,0.0010920165805146098,0.9966825842857361
246,3,Further explanation or elaboration is expected.,Further explanation or elaboration is expected.,A closing sign-off or farewell is expected.,True,0.0017021105,0.9981388,0.00015909587,0.0015430147,0.14646467566490173,0.11803296953439713,0.932537853717804,0.003449745010584593
247,0,The text is a Russian news transcript with translated speech from a governor about tourism potential in Arkhangelsk region.,Russian news transcript format with translated speech from Governor Eskikhaleev about tourism/local economy potential in Arkhangelsk region,Brazilian football commentary format with live shouting from announcer Galvão about a penalty shootout in the Maracanã stadium,True,0.22238217,0.18234693,0.5952709,-0.37288868,0.06367038190364838,0.3533950746059418,0.04970484599471092,0.6781602501869202
247,1,The speaker is building a case for tourism development having listed failed industries.,"the speaker is building a case for tourism development in Remontnoye district, having listed failed industries (agriculture, mining)","the speaker is dismissing any case for tourism development in Remontnoye district, having listed thriving industries (agriculture, mining)",True,0.9943094,0.0016939255,0.0039966116,0.9903128,7.690562779316679e-05,0.999724805355072,0.00019056939345318824,0.9989595413208008
247,2,"The final phrase ending on ""feature"" is mid-sentence and requires completion.","Final phrase ""But we don't have some strong industry or agriculture. So we need another distinctive feature"" is mid-sentence, requiring completion","Final phrase ""But we don't have some strong industry or agriculture. So we need another distinctive plan."" is sentence-final, requiring no completion",True,0.9781123,0.0031498135,0.018737867,0.9593744,0.0004786163044627756,0.997968852519989,0.0007747141644358635,0.9971439242362976
247,3,A solution or niche identifying the town's strengths is expected next.,a solution/niche identifying the town's strengths is expected next,a lament/complaint listing the town's weaknesses is expected next,True,0.10453558,0.89383715,0.0016273125,0.10290827,0.0001428889372618869,0.998121440410614,0.00024130062956828624,0.9947655200958252
248,0,The text is a press release about a charitable foundation donation for affordable housing in North Dakota.,"Press release format for a charitable foundation donation, establishing impact narrative with specific dollar amounts, named recipients, and program details for affordable housing in North Dakota","Horror novel format for a haunted lighthouse, establishing dread with vague shadows, unnamed strangers, and rumours about a drowned keeper in Nova Scotia",True,0.00013829187,0.0031877218,0.99667394,-0.99653566,0.0009265796397812665,0.9887098670005798,0.0002015568024944514,0.9983744621276855
248,1,The text explains Neighborhood Partners' revolving loan fund mechanics.,The text explains Neighborhood Partners' revolving loan fund mechanics,The text mocks Neighborhood Partners' annual gala menu,True,0.0041731955,0.49621156,0.49961525,-0.49544206,0.00017087068408727646,0.9665923118591309,0.00021183602802921087,0.9818745851516724
248,2,"The final phrase ""The Foundation's grant will"" opens a forward-looking impact clause about what the $1 million enables.","Final phrase ""The Foundation's grant will"" opens a forward-looking impact clause","Final phrase ""The Foundation's grant failed"" closes a backward-looking regret clause",True,0.8176185,0.12344193,0.058939595,0.7586789,0.00021570427634287626,0.9959062337875366,0.0005651542451232672,0.9923208355903625
248,3,Affordability gaps require borrower assistance despite Federal Housing Administration loans.,how affordability gaps require borrower assistance despite Federal Housing Administration loans,how affordability gaps vanish entirely thanks to Federal Housing Administration loans,True,0.03609802,0.96194065,0.0019613642,0.034136653,9.693671017885208e-05,0.9987828135490417,0.00012684211833402514,0.9981374740600586
249,0,The text is a formal Canadian academic paper on immigrant physician workforce integration.,Academic/abstract register: formal Canadian child demographics paper addressing immigrant physician workforce integration challenges,Tabloid/gossip register: breathless British celebrity column addressing a pop star's rumoured wedding plans,True,9.5122065e-05,0.000488764,0.99941623,-0.9993211,0.021318936720490456,0.5439479351043701,0.0005507083842530847,0.9957041144371033
249,1,The problem of skilled immigrant physicians facing underemployment is established and the text moves toward proposed solutions.,"problem established (skilled immigrant physicians face underemployment), now moving toward proposed solutions or specific recognition criteria","celebration established (skilled immigrant physicians enjoy full employment), now moving toward closing thanks or award announcements",True,0.05949812,0.05328171,0.88722014,-0.827722,7.194278441602364e-05,0.9994232654571533,0.00011402865493437275,0.9990646243095398
249,2,"The final phrase ending on ""experience"" signals an incomplete argument listing criteria.","Final phrase ""academic programmes that recognize and value educational qualifications and work experience"" signals an incomplete argument listing criteria","Final phrase ""academic programmes that recognize and value educational qualifications and work ethic."" signals a completed argument closing the section",True,0.96242326,0.028626064,0.008950595,0.9534727,0.00028380946605466306,0.9988088607788086,0.0005337757174856961,0.9976710677146912
249,3,The next tokens likely continue with a parallel clause on credential recognition or Canadian equivalency.,next tokens likely continue with a parallel clause extending to credential recognition or Canadian equivalency,next tokens likely switch to an unrelated anecdote about a hockey game or a snowstorm,True,0.0023747955,0.99719906,0.0004261934,0.001948602,7.398919115075842e-05,0.9962280988693237,0.0020847786217927933,0.7733086347579956
250,0,The text has a formal analytical/report tone with quantitative optimism throughout.,Formal analytical/report tone with quantitative optimism established throughout,Casual diary tone with vague gloom established throughout,True,0.94079393,0.039021272,0.020184748,0.9206092,8.263112977147102e-05,0.9992668032646179,9.253212192561477e-05,0.9991550445556641
250,1,The sentence is building a caveat that the $2.5B figure is conservative and the true figure is higher.,"The sentence structure is building a qualification/caveat about the $2.5B figure being conservative, implying the true figure is higher","The sentence structure is building a retraction about the $2.5B figure being inflated, implying the true figure is far lower",True,0.98258346,0.0074292114,0.009987338,0.9725961,0.0008978772675618529,0.9962486624717712,0.0013872970594093204,0.995782732963562
250,2,"The final fragment ending on ""be"" is mid-clause and requires a verb phrase continuation.","Final fragment ""This figure is a baseline, conservative estimate, and can be"" is mid-clause, requiring a verb phrase continuation","Final fragment ""This figure is a baseline, conservative estimate, and final."" is clause-final, requiring a new paragraph",True,0.9581908,0.01452097,0.027288167,0.93090266,0.0031406613998115063,0.9676806926727295,0.0021999645978212357,0.9709596633911133
250,3,The continuation almost certainly quantifies upward revision potential.,"almost certainly something like ""multiplied"" or ""estimated higher"" quantifying upward revision potential","almost certainly something like ""halved"" or ""written off"" quantifying downward revision potential",True,0.017331531,0.9815654,0.0011031096,0.016228423,0.0005554188974201679,0.9867227673530579,0.0008209535735659301,0.9829928278923035
251,0,The text is an academic/encyclopedic treatment of ethical trade controversies citing FT and scholarly definitions.,"Academic/encyclopedic register on ethical trade controversies, citing FT and scholarly definitions of ""sweated trade"" and corporate governance initiatives like the Ethical Trading Initiative","Breezy lifestyle-magazine register on summer fashion trends, citing Instagram and celebrity tips about ""beach looks"" and brand collaborations like the Ibiza Capsule Collection",True,0.012849888,0.6307375,0.3564126,-0.3435627,0.006016060709953308,0.6349920034408569,0.06712085008621216,0.22797822952270508
251,1,The sentence describes the ETI as a conciliatory framing in which corporations co-opt the language.,"The sentence describes the ETI as a调和 framing, implicitly acknowledging trade unions benefit while corporations co-opt the language","The sentence praises the ETI as a militant framing, openly declaring trade unions lose while corporations reject the language",True,0.8854846,0.025242217,0.08927321,0.79621136,9.329986642114818e-05,0.9996050000190735,0.0002193894615629688,0.9991664886474609
251,2,A critical argument builds toward tension between worker rights and corporate interests.,a critical argument building toward tension between worker rights and corporate interests,a celebratory argument building toward harmony between worker rights and corporate interests,True,0.18045127,0.8182595,0.0012892421,0.17916203,8.917413651943207e-05,0.9992995262145996,0.00013675446098204702,0.9991612434387207
251,3,"The final fragment ending on ""with"" requires completing the ironic contrast.","lining up unionists in good companies together with unions lining up with"" — requires completing the ironic contrast","lining up unionists in good companies together with unions lining up against"" — requires closing the sincere tribute",True,0.6115812,0.36805606,0.020362685,0.59121853,0.0006751669570803642,0.9963312745094299,0.02502574399113655,0.9146466851234436
252,0,The text is UK local government news about council staffing reductions.,"UK local government policy/news context, requiring bureaucratic parliamentary register about staffing reductions (council workforce cuts)","US high-school sports context, requiring breezy locker-room register about roster expansions (varsity squad additions)",True,0.60971785,0.38416886,0.0061132424,0.6036046,0.00017301650950685143,0.998034656047821,0.013682503253221512,0.8750849366188049
252,1,The second sentence introduces South Cambridgeshire Council's workforce reduction measures.,The second sentence introduces South Cambridgeshire Council's workforce reduction measures,The second sentence introduces Manchester United's summer transfer targets,True,0.0015690732,0.9978104,0.0006204879,0.0009485853,0.000144185425597243,0.987697184085846,0.00019013915152754635,0.9755190014839172
252,2,"The final fragment ""achieved through"" is a prepositional phrase opening mid-sentence that demands specific mechanisms.","""Achieved through"" is a prepositional phrase opening mid-sentence demanding completion with specific mechanisms","""Achieved fully."" is a complete clause ending the sentence before a new paragraph",True,0.98080516,0.0062936787,0.012901185,0.967904,0.02590419538319111,0.6680780053138733,0.03966132178902626,0.3495497703552246
252,3,"Natural wastage, early retirement, or reorganization rather than compulsory redundancies is expected next.","natural wastage, early retirement schemes, or reorganization rather than compulsory redundancies is highly expected next","mass compulsory layoffs, office closures, or outsourcing rather than gentle attrition is highly expected next",True,0.004465907,0.9700346,0.025499528,-0.021033622,0.00024851778289303184,0.998832643032074,0.0005923478747718036,0.9982725381851196
253,0,"The text is a press release with quotes from the Company Director and Executive Director, and another quote or statement is expected.",Press release format with quotes from Company Director and Executive Director already given; another quote or organizational statement is expected to complete the surface-level structure,Poetry slam format with verses from a teenage poet and a jazz drummer already given; a drum solo or crowd chant is expected to complete the improvised set,True,0.0056327833,0.9917808,0.0025864425,0.0030463408,0.0016722443979233503,0.9701473712921143,0.006191175896674395,0.9554548859596252
253,1,The partnership context between Healthy@Scale and Hartford Hospital calls for emphasizing Hartford Hospital's leadership role for underserved communities.,The partnership context between Healthy@Scale and Hartford Hospital demands continuation emphasizing Hartford Hospital's leadership role supporting underserved communities,The rivalry context between Healthy@Scale and Yale Clinic demands continuation emphasizing Yale Clinic's marketing role targeting wealthy suburbs,True,0.0657416,0.92385405,0.010404372,0.055337228,0.0003581156488507986,0.8971943855285645,0.0025196480564773083,0.2241690456867218
253,2,"The final token ""Hartford"" opens a quote mid-sentence and needs a predicate for the hospital subject.","""By taking this bold step to support... health equity issues, Hartford"" grammatically requires completing the hospital subject with a predicate","""By taking this bold step to support... health equity issues, Boston"" grammatically requires completing the city subject with a predicate",True,0.97252965,0.0048982846,0.022572152,0.9499575,0.0008459469536319375,0.9933277368545532,0.0004354381235316396,0.9913484454154968
253,3,The grant's missions are equity and childhood literacy.,reinforcing the grant's missions of equity and childhood literacy,undermining the grant's missions of profit and adult fitness,True,0.0067298235,0.962409,0.03086115,-0.024131328,0.0006658270722255111,0.9541804790496826,0.0059816427528858185,0.5942665934562683
254,0,The text is real estate buyer advice for a competitive Colorado market in 2023.,"Real estate buyer advice content in competitive Colorado market context (2023), establishing practical tips for winning bidding wars","Vintage car restoration content in rural Vermont garage context (1987), establishing practical tips for rebuilding carburetors",True,0.05445612,0.68313473,0.26240918,-0.20795307,0.0006940910825505853,0.02385995164513588,0.000953738228417933,0.3534255921840668
254,1,"The list pattern promises three enumerated tips and the first tip, Get Pre-Approved, is underway.","""3 Ways to Make your Offer Competitive"" promises enumerated tips; first tip ""Get Pre-Approved"" is underway, with more tips expected after completion","""3 Ways to Make your Offer Competitive"" promises enumerated tips; final tip ""Write a Personal Letter"" is finished, with a sign-off expected after completion",True,0.89003193,0.09806494,0.011903164,0.87812877,0.0006111205439083278,0.9731963276863098,0.007345760706812143,0.5530300736427307
254,2,"The final fragment ending on ""sellers"" opens a sentence mid-thought requiring completion.","Final fragment ""A pre-approved buyer makes you more attractive to sellers"" opens a sentence mid-thought requiring completion","Final fragment ""A pre-approved buyer makes you more attractive to lenders."" closes a sentence completely, ending the tip",True,0.9327753,0.025249071,0.041975673,0.89079964,0.0009438918204978108,0.9877021908760071,0.0026450431905686855,0.9849681258201599
254,3,The completion likely explains seller motivations or the next logical step.,likely explaining seller motivations or the next logical step,likely digressing into mortgage-rate history or the author's childhood,True,0.006362344,0.9929595,0.00067815953,0.005684185,0.00038520258385688066,0.9764316082000732,0.009202647022902966,0.8463860750198364
255,0,The text is an agricultural commodity marketing newsletter advising Manitoba farmers on basis trade strategies.,"Agricultural commodity marketing newsletter/consultant voice, using specific futures data and local grain elevator prices to advise farmers in Manitoba on basis trade strategies","Children's bedtime story narrator voice, using talking animals and a magic lantern to lull toddlers in Bristol into sleep",True,0.002040339,0.9909486,0.0070110736,-0.004970735,0.05151980742812157,0.4558400809764862,0.0578380823135376,0.1135459914803505
255,1,The text is now delivering a specific sales call-to-action for farmers holding December and January crops.,now delivering a specific sales call-to-action for farmers holding December and January crops,now delivering a general plea to wait for farmers storing spring and summer crops,True,0.32892203,0.39697367,0.2741043,0.054817736,6.903197936480865e-05,0.9971882700920105,0.00018826618907041848,0.9965709447860718
255,2,"The final phrase ending on ""firm"" is mid-sentence and requires a hedging/sale type noun phrase.","Final phrase ""There is plenty of room for offers for firm"" is mid-sentence, requiring completion of a hedging/sale type noun phrase","Final phrase ""There is plenty of room for offers for everyone."" is sentence-final, requiring a fresh topic sentence",True,0.9746527,0.0060263635,0.019320812,0.9553319,0.0023050543386489153,0.9726517796516418,0.0015077331336215138,0.993110179901123
255,3,"The text has outlined market conditions, pricing gaps, and hedging opportunities.","text has outlined market conditions, pricing gaps, and hedging opportunities","text has ignored market conditions, pricing gaps, and hedging opportunities",True,0.9486843,0.04168228,0.009633362,0.9390509,0.00015229381097014993,0.9993637204170227,0.00030217328458093107,0.9990062117576599
