vid,idx,kind,claim_id,L_o,KL_rev,top1_agree,p_top1_under_q
0,0,orig,-1,0.029555819928646088,0.03532177954912186,True,0.7073360681533813
16,1,orig,-1,0.0797605961561203,0.07375582307577133,True,0.2674005329608917
32,2,orig,-1,0.03802664205431938,0.04532138630747795,True,0.6424689292907715
48,3,orig,-1,0.07171493023633957,0.08301971107721329,True,0.3916696310043335
64,4,orig,-1,0.006461835466325283,0.008385566994547844,True,0.9345207810401917
80,5,orig,-1,0.026932891458272934,0.027927782386541367,True,0.3170262575149536
96,6,orig,-1,0.0026207990013062954,0.002906039822846651,True,0.8374119400978088
112,7,orig,-1,0.09416336566209793,0.11294351518154144,True,0.5169448852539062
128,8,orig,-1,0.0010141088860109448,0.0009466345072723925,True,0.9798310399055481
144,9,orig,-1,0.012174701318144798,0.01226263027638197,True,0.1405661702156067
160,10,orig,-1,0.009347768500447273,0.01035090908408165,True,0.4496382772922516
176,11,orig,-1,0.17236360907554626,0.18794593214988708,False,0.1870390921831131
192,12,orig,-1,0.01787150651216507,0.013186498545110226,True,0.927335262298584
208,13,orig,-1,0.014133404940366745,0.012471720576286316,True,0.8977359533309937
224,14,orig,-1,0.031878482550382614,0.029544340446591377,True,0.28091326355934143
240,15,orig,-1,0.001071720733307302,0.001090128323994577,True,0.635934591293335
1,0,contradict,0,0.03005514293909073,0.0367918461561203,True,0.6810829639434814
17,1,contradict,0,0.09258405864238739,0.08591558039188385,True,0.2942868173122406
33,2,contradict,0,0.04755067080259323,0.06210964918136597,True,0.6733618378639221
49,3,contradict,0,0.06605055928230286,0.07266194373369217,True,0.3916930556297302
65,4,contradict,0,0.0012139673344790936,0.001119712134823203,True,0.9508686661720276
81,5,contradict,0,0.024447977542877197,0.02573167160153389,True,0.28252118825912476
97,6,contradict,0,0.007905573584139347,0.00907660648226738,True,0.8108070492744446
113,7,contradict,0,0.07539313286542892,0.09016632288694382,True,0.5551521182060242
129,8,contradict,0,0.0011640533339232206,0.0010620582615956664,True,0.9800221920013428
145,9,contradict,0,0.013455906882882118,0.013857927173376083,True,0.1298636794090271
161,10,contradict,0,0.008508289232850075,0.009379975497722626,True,0.4711262285709381
177,11,contradict,0,0.09044335782527924,0.10364962369203568,True,0.24711957573890686
193,12,contradict,0,0.016152391210198402,0.01220199279487133,True,0.9214632511138916
209,13,contradict,0,0.01410696655511856,0.012446630746126175,True,0.8977422118186951
225,14,contradict,0,0.03734650835394859,0.0356764942407608,True,0.2971803545951843
241,15,contradict,0,0.005735476966947317,0.005946925841271877,True,0.5968830585479736
2,0,delete,0,0.025703396648168564,0.031139399856328964,True,0.6871697306632996
18,1,delete,0,0.0917697548866272,0.08398539572954178,True,0.29314184188842773
34,2,delete,0,0.05118650197982788,0.06337086111307144,True,0.6313574910163879
50,3,delete,0,0.07070153951644897,0.08182499557733536,True,0.4016001224517822
66,4,delete,0,0.0021487174089998007,0.0022021704353392124,True,0.9471959471702576
82,5,delete,0,0.03436518833041191,0.03399993106722832,True,0.33554428815841675
98,6,delete,0,0.004414571449160576,0.005143672227859497,True,0.8274688124656677
114,7,delete,0,0.07880062609910965,0.09324237704277039,True,0.5535930395126343
130,8,delete,0,0.0011548766633495688,0.0011270828545093536,True,0.9791818857192993
146,9,delete,0,0.013465650379657745,0.01356499083340168,True,0.14147867262363434
162,10,delete,0,0.009102004580199718,0.01022452861070633,True,0.4517326354980469
178,11,delete,0,0.1320214420557022,0.14884524047374725,True,0.213955357670784
194,12,delete,0,0.014307673089206219,0.01086038164794445,True,0.9246663451194763
210,13,delete,0,0.02126186341047287,0.018131397664546967,True,0.9079034924507141
226,14,delete,0,0.033095188438892365,0.031766414642333984,True,0.28302714228630066
242,15,delete,0,0.0019907604437321424,0.002023947425186634,True,0.622346818447113
3,0,contradict,1,0.02980787493288517,0.03557330369949341,True,0.7071429491043091
19,1,contradict,1,0.11651436984539032,0.10231520980596542,True,0.2764127254486084
35,2,contradict,1,0.04824415594339371,0.06071005016565323,True,0.6400576233863831
51,3,contradict,1,0.07178573310375214,0.08386695384979248,True,0.38544154167175293
67,4,contradict,1,0.0034016284625977278,0.004085644148290157,True,0.9407777786254883
83,5,contradict,1,0.030661020427942276,0.03212977573275566,True,0.30574020743370056
99,6,contradict,1,0.00494273891672492,0.0054565551690757275,True,0.8253687620162964
115,7,contradict,1,0.08110997825860977,0.09534680098295212,True,0.5291603803634644
131,8,contradict,1,0.0012632799334824085,0.0012167146196588874,True,0.9787895083427429
147,9,contradict,1,0.01063595712184906,0.010761694051325321,True,0.14151836931705475
163,10,contradict,1,0.008350629359483719,0.00916812289506197,True,0.4675125479698181
179,11,contradict,1,0.1848270446062088,0.19670666754245758,False,0.17672406136989594
195,12,contradict,1,0.022696824744343758,0.016390562057495117,True,0.9354230165481567
211,13,contradict,1,0.021296430379152298,0.01816433295607567,True,0.9079182147979736
227,14,contradict,1,0.036776378750801086,0.03579169139266014,True,0.2716701328754425
243,15,contradict,1,0.0021084630861878395,0.0021710004657506943,True,0.6247233152389526
4,0,delete,1,0.04510030150413513,0.057818345725536346,True,0.6690396070480347
20,1,delete,1,0.11365137994289398,0.10064427554607391,True,0.2777782380580902
36,2,delete,1,0.031879618763923645,0.03908204659819603,True,0.6561355590820312
52,3,delete,1,0.07796840369701385,0.09414905309677124,True,0.3816787302494049
68,4,delete,1,0.003296783659607172,0.004019982181489468,True,0.9389399886131287
84,5,delete,1,0.03516022861003876,0.03574037179350853,True,0.3248717784881592
100,6,delete,1,0.002668372355401516,0.002963496372103691,True,0.8372125029563904
116,7,delete,1,0.08081401884555817,0.09505017101764679,True,0.5292456746101379
132,8,delete,1,0.0014229759108275175,0.0013335180701687932,True,0.9795507192611694
148,9,delete,1,0.010046146810054779,0.010204574093222618,True,0.14073695242404938
164,10,delete,1,0.008540620096027851,0.00947572197765112,True,0.46683403849601746
180,11,delete,1,0.20180454850196838,0.2167680859565735,False,0.1728011816740036
196,12,delete,1,0.022981442511081696,0.016534950584173203,True,0.9355524778366089
212,13,delete,1,0.014100898057222366,0.01244298741221428,True,0.8977328538894653
228,14,delete,1,0.05267525836825371,0.052433282136917114,True,0.2468404620885849
244,15,delete,1,0.002123270882293582,0.0021923896856606007,True,0.6243721842765808
5,0,contradict,2,0.030340833589434624,0.03550086170434952,True,0.7119423747062683
21,1,contradict,2,0.08058151602745056,0.0740887001156807,True,0.2897496223449707
37,2,contradict,2,0.05907115340232849,0.07908990979194641,True,0.6042004227638245
53,3,contradict,2,0.08293808996677399,0.0942838042974472,True,0.3888082504272461
69,4,contradict,2,0.004190323408693075,0.003648768411949277,True,0.9520093202590942
85,5,contradict,2,0.030966486781835556,0.03213483840227127,True,0.31826773285865784
101,6,contradict,2,0.007519016042351723,0.008538088761270046,True,0.8222871422767639
117,7,contradict,2,0.1609363555908203,0.19234588742256165,True,0.45447415113449097
133,8,contradict,2,0.0011576199904084206,0.0010003282222896814,True,0.9810550212860107
149,9,contradict,2,3.5608303546905518,5.617862224578857,False,0.002381041180342436
165,10,contradict,2,0.022999921813607216,0.025580842047929764,True,0.43702399730682373
181,11,contradict,2,0.2511294186115265,0.24344027042388916,False,0.1444191336631775
197,12,contradict,2,2.824111223220825,6.592820644378662,False,0.04391584172844887
213,13,contradict,2,0.014113929122686386,0.012450788170099258,True,0.8977997303009033
229,14,contradict,2,1.4696006774902344,3.508268356323242,False,0.012772580608725548
245,15,contradict,2,0.014315767213702202,0.015609498135745525,True,0.5772401094436646
6,0,delete,2,0.031637419015169144,0.03717122599482536,True,0.7118884921073914
22,1,delete,2,0.08660361915826797,0.07904398441314697,True,0.29121482372283936
38,2,delete,2,0.05069334805011749,0.06729336082935333,True,0.6140775084495544
54,3,delete,2,0.07719986140727997,0.08953478932380676,True,0.3868769109249115
70,4,delete,2,0.008680426515638828,0.01162692904472351,True,0.9302632808685303
86,5,delete,2,0.03499248996376991,0.03634343296289444,True,0.30948948860168457
102,6,delete,2,0.002951066941022873,0.003331385552883148,True,0.8362625241279602
118,7,delete,2,0.157224640250206,0.19135180115699768,True,0.48652029037475586
134,8,delete,2,0.0010784532641991973,0.0009275212651118636,True,0.9809959530830383
150,9,delete,2,4.5969929695129395,6.620938777923584,False,0.00023833708837628365
166,10,delete,2,0.019538532942533493,0.028795193880796432,True,0.4327092468738556
182,11,delete,2,0.17124043405056,0.16578325629234314,False,0.17055298388004303
198,12,delete,2,0.017238697037100792,0.014125187881290913,True,0.9232364892959595
214,13,delete,2,0.01412636786699295,0.012462984770536423,True,0.8978359699249268
230,14,delete,2,0.03996611759066582,0.03830051049590111,True,0.27026718854904175
246,15,delete,2,0.0030016833916306496,0.0031530270352959633,True,0.6194111108779907
7,0,contradict,3,0.03220149874687195,0.03964921832084656,True,0.6918492913246155
23,1,contradict,3,0.0735606774687767,0.0682373121380806,True,0.26890459656715393
39,2,contradict,3,0.03254340961575508,0.03832237049937248,True,0.6553624868392944
55,3,contradict,3,0.05663606524467468,0.06335114687681198,True,0.4158620834350586
71,4,contradict,3,0.007026555947959423,0.00910885538905859,True,0.9345534443855286
87,5,contradict,3,0.030242253094911575,0.03080442175269127,True,0.3144470751285553
103,6,contradict,3,0.0026502057444304228,0.0029449542053043842,True,0.8372209072113037
119,7,contradict,3,0.0808117687702179,0.09594748914241791,True,0.5459094643592834
135,8,contradict,3,0.0010173659538850188,0.0009818613762035966,True,0.9791997075080872
151,9,contradict,3,0.007264645770192146,0.007270741742104292,True,0.13274870812892914
167,10,contradict,3,0.017048127949237823,0.01989997737109661,True,0.49192047119140625
183,11,contradict,3,0.17275656759738922,0.18325679004192352,False,0.1816394180059433
199,12,contradict,3,0.018046986311674118,0.013372832909226418,True,0.9283336997032166
215,13,contradict,3,0.014213252812623978,0.01253717765212059,True,0.8982489109039307
231,14,contradict,3,0.026550062000751495,0.02543763630092144,True,0.28126221895217896
247,15,contradict,3,0.0035456407349556684,0.003682486480101943,True,0.6103947162628174
8,0,delete,3,0.028297502547502518,0.03297504037618637,True,0.7159985303878784
24,1,delete,3,0.08055400103330612,0.07459590584039688,True,0.2671063542366028
40,2,delete,3,0.04395890608429909,0.05173767730593681,True,0.6390869617462158
56,3,delete,3,0.06430590152740479,0.07290572673082352,True,0.3866232931613922
72,4,delete,3,0.00371127319522202,0.004448416642844677,True,0.9376757740974426
88,5,delete,3,0.06934402883052826,0.06339304894208908,True,0.3375300168991089
104,6,delete,3,0.0026903748512268066,0.0029999781399965286,True,0.8369176387786865
120,7,delete,3,0.1175660490989685,0.14459256827831268,True,0.5061216354370117
136,8,delete,3,0.0010084995301440358,0.0009794153738766909,True,0.9792032241821289
152,9,delete,3,0.008738532662391663,0.008637789636850357,True,0.13996534049510956
168,10,delete,3,0.11933788657188416,0.13534897565841675,True,0.5085470080375671
184,11,delete,3,0.1820363849401474,0.1983993500471115,False,0.1797265112400055
200,12,delete,3,0.01964622363448143,0.014387814328074455,True,0.9305294752120972
216,13,delete,3,0.01412256434559822,0.01247834786772728,True,0.8972703218460083
232,14,delete,3,0.029044922441244125,0.027871955186128616,True,0.2810192108154297
248,15,delete,3,0.002873370423913002,0.0029729818925261497,True,0.6176162362098694
9,0,paraphrase,-1,0.03377293050289154,0.04155750200152397,True,0.6897862553596497
25,1,paraphrase,-1,0.07859000563621521,0.07288072258234024,True,0.2662011682987213
41,2,paraphrase,-1,0.03821835666894913,0.045839402824640274,True,0.6410781145095825
57,3,paraphrase,-1,0.07574902474880219,0.08865982294082642,True,0.38894718885421753
73,4,paraphrase,-1,0.006323802284896374,0.008266880176961422,True,0.9341574907302856
89,5,paraphrase,-1,0.027440829202532768,0.02840294875204563,True,0.3124151825904846
105,6,paraphrase,-1,0.0025514576118439436,0.002818719018250704,True,0.8375365138053894
121,7,paraphrase,-1,0.08007986843585968,0.09501776844263077,True,0.5425246953964233
137,8,paraphrase,-1,0.00102359673473984,0.0009617012110538781,True,0.9796636700630188
153,9,paraphrase,-1,0.012252166867256165,0.012375229969620705,True,0.14137674868106842
169,10,paraphrase,-1,0.00798360351473093,0.008726542815566063,True,0.4672650694847107
185,11,paraphrase,-1,0.17413389682769775,0.1872178316116333,False,0.18436911702156067
201,12,paraphrase,-1,0.022807005792856216,0.016504324972629547,True,0.9359548091888428
217,13,paraphrase,-1,0.014134269207715988,0.012471262365579605,True,0.8977490067481995
233,14,paraphrase,-1,0.032444704324007034,0.030064579099416733,True,0.2800236940383911
249,15,paraphrase,-1,0.002369987778365612,0.002462605480104685,True,0.6203264594078064
10,0,translate,-1,0.042456578463315964,0.04998557269573212,True,0.7125682234764099
26,1,translate,-1,0.07826488465070724,0.07142287492752075,True,0.2805022597312927
42,2,translate,-1,0.04469793662428856,0.05475487932562828,True,0.6445885896682739
58,3,translate,-1,0.06258904188871384,0.07146518677473068,True,0.4053097069263458
74,4,translate,-1,0.003598904935643077,0.004321149084717035,True,0.9397180080413818
90,5,translate,-1,0.02478114888072014,0.025976266711950302,True,0.29575997591018677
106,6,translate,-1,0.0050736782141029835,0.005622943863272667,True,0.8248040676116943
122,7,translate,-1,0.0993679016828537,0.11937417834997177,True,0.5276154279708862
138,8,translate,-1,0.006111980881541967,0.009440288878977299,True,0.9780003428459167
154,9,translate,-1,0.0260385200381279,0.027451351284980774,True,0.13596101105213165
170,10,translate,-1,0.007253754884004593,0.007731882389634848,True,0.4686150550842285
186,11,translate,-1,0.1525789052248001,0.1549886167049408,False,0.18462786078453064
202,12,translate,-1,0.022075582295656204,0.016002973541617393,True,0.9340580105781555
218,13,translate,-1,0.014122292399406433,0.012470625340938568,True,0.897948682308197
234,14,translate,-1,0.029085030779242516,0.02703559771180153,True,0.2767849564552307
250,15,translate,-1,0.001470662304200232,0.0014322525821626186,True,0.6423846483230591
11,0,polarity,-1,0.03645995259284973,0.04571529105305672,True,0.6798874139785767
27,1,polarity,-1,0.0862003043293953,0.07755430042743683,True,0.29301518201828003
43,2,polarity,-1,0.0352896973490715,0.04244044050574303,True,0.6527493596076965
59,3,polarity,-1,0.06528205424547195,0.07424914836883545,True,0.39544597268104553
75,4,polarity,-1,0.004809846170246601,0.006017215084284544,True,0.9364694952964783
91,5,polarity,-1,0.031167320907115936,0.031846433877944946,True,0.3171400725841522
107,6,polarity,-1,0.0026507836300879717,0.002937972778454423,True,0.8372147679328918
123,7,polarity,-1,0.08238865435123444,0.0975160002708435,True,0.543788492679596
139,8,polarity,-1,0.0013022345956414938,0.0013379359152168036,True,0.9779180884361267
155,9,polarity,-1,0.012577330693602562,0.012486792169511318,True,0.13911496102809906
171,10,polarity,-1,0.01431721169501543,0.015775451436638832,True,0.4355073571205139
187,11,polarity,-1,0.14767467975616455,0.16249799728393555,True,0.2020721435546875
203,12,polarity,-1,0.01809404045343399,0.013256375677883625,True,0.9275258779525757
219,13,polarity,-1,0.014148864895105362,0.012488733977079391,True,0.8976921439170837
235,14,polarity,-1,0.03397228941321373,0.03267867863178253,True,0.25730034708976746
251,15,polarity,-1,0.0023465638514608145,0.002431072760373354,True,0.6227151155471802
12,0,vocab,-1,0.028280207887291908,0.03304281458258629,True,0.7150536179542542
28,1,vocab,-1,0.07963619381189346,0.0731251910328865,True,0.26787620782852173
44,2,vocab,-1,0.03091087006032467,0.03726457804441452,True,0.6623468399047852
60,3,vocab,-1,0.06905143707990646,0.07988017797470093,True,0.39785048365592957
76,4,vocab,-1,0.004674849100410938,0.005878048483282328,True,0.9382400512695312
92,5,vocab,-1,0.024746427312493324,0.02557392790913582,True,0.31137385964393616
108,6,vocab,-1,0.005365757737308741,0.0059409793466329575,True,0.8242844939231873
124,7,vocab,-1,0.06333812326192856,0.07365302741527557,True,0.5582352876663208
140,8,vocab,-1,0.0012178526958450675,0.001256022835150361,True,0.9781063795089722
156,9,vocab,-1,0.010235808789730072,0.010236978530883789,True,0.14371316134929657
172,10,vocab,-1,0.008097399026155472,0.008891556411981583,True,0.4683626890182495
188,11,vocab,-1,0.17265450954437256,0.18307030200958252,False,0.18142563104629517
204,12,vocab,-1,0.020332062616944313,0.015132762491703033,True,0.9350876808166504
220,13,vocab,-1,0.014136765152215958,0.012473475188016891,True,0.8978164792060852
236,14,vocab,-1,0.03167523816227913,0.02983858808875084,True,0.28447091579437256
252,15,vocab,-1,0.0026889806613326073,0.00277535617351532,True,0.611702561378479
13,0,cat,-1,5.973324298858643,17.279687881469727,False,0.0007134507759474218
29,1,cat,-1,5.8438262939453125,11.55439567565918,False,0.007445080671459436
45,2,cat,4,4.447850227355957,7.411464214324951,False,0.002364063635468483
61,3,cat,3,9.190564155578613,16.443222045898438,False,8.607549534644932e-05
77,4,cat,2,5.724484920501709,11.158803939819336,False,0.002710299799218774
93,5,cat,5,1.9694342613220215,5.736370086669922,True,0.19349093735218048
109,6,cat,4,3.757796287536621,9.648686408996582,False,0.014167246408760548
125,7,cat,3,0.1769508719444275,0.21907003223896027,True,0.5601123571395874
141,8,cat,4,1.9681435823440552,5.298430442810059,False,0.130986288189888
157,9,cat,-1,3.375340461730957,6.123842239379883,False,0.011574018746614456
173,10,cat,2,0.06890958547592163,0.2294488251209259,True,0.48207709193229675
189,11,cat,5,5.242650985717773,7.960831165313721,False,0.0001457140751881525
205,12,cat,2,5.805708408355713,11.235939025878906,False,0.0019756220281124115
221,13,cat,4,0.5971980094909668,2.961106538772583,True,0.6842784285545349
237,14,cat,-1,5.556842803955078,15.086153030395508,False,0.000697670504450798
253,15,cat,3,1.648005485534668,5.367771625518799,False,0.15229296684265137
14,0,shuffle,-1,0.019226880744099617,0.022852450609207153,True,0.7070412039756775
30,1,shuffle,-1,0.08947940915822983,0.07801195979118347,True,0.2728785276412964
46,2,shuffle,-1,0.034560732543468475,0.04285570606589317,True,0.6455831527709961
62,3,shuffle,-1,0.05754031240940094,0.06518330425024033,True,0.4037851095199585
78,4,shuffle,-1,0.003735867328941822,0.004400049336254597,True,0.9402134418487549
94,5,shuffle,-1,0.02886851690709591,0.030116993933916092,True,0.3030730187892914
110,6,shuffle,-1,0.002683045109733939,0.003052561776712537,True,0.8348609209060669
126,7,shuffle,-1,0.07845132797956467,0.09274399280548096,True,0.550653338432312
142,8,shuffle,-1,0.0012066714698448777,0.0011674375273287296,True,0.9795212149620056
158,9,shuffle,-1,0.012048834934830666,0.011622142046689987,True,0.14702555537223816
174,10,shuffle,-1,0.008707568049430847,0.009726165793836117,True,0.4647218883037567
190,11,shuffle,-1,0.16726839542388916,0.18409638106822968,False,0.18770469725131989
206,12,shuffle,-1,0.01882605068385601,0.013985522091388702,True,0.9313051104545593
222,13,shuffle,-1,0.014140117913484573,0.012477010488510132,True,0.8978580832481384
238,14,shuffle,-1,0.03600794076919556,0.03548280522227287,True,0.2628895044326782
254,15,shuffle,-1,0.0028515998274087906,0.002992897294461727,True,0.6200282573699951
15,0,unrelated,32,9.510622024536133,8.737482070922852,False,3.186747198924422e-05
31,1,unrelated,90,9.759678840637207,6.971777439117432,False,1.9229444660595618e-05
47,2,unrelated,188,9.06311321258545,6.369453430175781,False,2.5570945581421256e-05
63,3,unrelated,254,6.052724838256836,7.690669536590576,False,0.003318025264889002
79,4,unrelated,81,13.006409645080566,8.25217056274414,False,1.6633675841148943e-06
95,5,unrelated,55,5.903712272644043,9.249421119689941,False,0.0006807142635807395
111,6,unrelated,17,7.208739757537842,3.750699996948242,False,0.0001797301520127803
127,7,unrelated,216,0.3567133843898773,0.43605825304985046,True,0.36631646752357483
143,8,unrelated,205,10.501493453979492,11.639638900756836,False,2.2940630515222438e-05
159,9,unrelated,68,5.5079240798950195,3.8723816871643066,False,0.0002749070117715746
175,10,unrelated,26,5.008732795715332,7.930325984954834,False,0.001914897933602333
191,11,unrelated,67,7.393679141998291,3.4640707969665527,False,3.0228079594962765e-07
207,12,unrelated,59,8.120262145996094,11.702248573303223,False,0.00016648277232889086
223,13,unrelated,206,4.982796669006348,9.060644149780273,False,0.006307440809905529
239,14,unrelated,168,7.690296649932861,6.2668585777282715,False,0.0005094836815260351
255,15,unrelated,186,7.161331653594971,7.192755699157715,False,0.00026486508431844413
4092,0,resample,1,0.009213309735059738,0.009545712731778622,True,0.7532227039337158
4093,1,resample,1,0.1281324326992035,0.11078567802906036,True,0.2646523118019104
4094,2,resample,1,0.03060595877468586,0.02237830124795437,True,0.715368926525116
4095,3,resample,1,0.042191363871097565,0.04722421616315842,True,0.40502142906188965
4096,4,resample,1,0.007857169955968857,0.006233021151274443,True,0.9681437015533447
4097,5,resample,1,0.06068805605173111,0.05629262700676918,True,0.3437041640281677
4098,6,resample,1,0.005622508469969034,0.006376910489052534,True,0.8183742165565491
4099,7,resample,1,0.003040874842554331,0.00311091635376215,True,0.6778026223182678
4100,8,resample,1,0.016022110357880592,0.010707083158195019,True,0.9867815375328064
4101,9,resample,1,0.011339470744132996,0.011759376153349876,True,0.133526012301445
4102,10,resample,1,0.0067687625996768475,0.006965598091483116,True,0.45726630091667175
4103,11,resample,1,0.11309240013360977,0.13323910534381866,True,0.25114405155181885
4104,12,resample,1,0.006987137719988823,0.005827330052852631,True,0.9153878688812256
4105,13,resample,1,0.008309494704008102,0.007578343152999878,True,0.8866718411445618
4106,14,resample,1,0.0724220797419548,0.06896080821752548,True,0.23751284182071686
4107,15,resample,1,0.003701398614794016,0.0038453859742730856,True,0.6081888675689697
4156,0,resample,2,0.025005247443914413,0.028890788555145264,True,0.6588281989097595
4157,1,resample,2,0.06342791765928268,0.05977713689208031,True,0.2585269510746002
4158,2,resample,2,0.02491190657019615,0.028079109266400337,True,0.6762876510620117
4159,3,resample,2,0.04828253015875816,0.053624533116817474,True,0.4230736494064331
4160,4,resample,2,0.00451534753665328,0.003695400897413492,True,0.9613994359970093
4161,5,resample,2,0.0710948258638382,0.06224140152335167,True,0.35647329688072205
4162,6,resample,2,0.0058253915049135685,0.006477223243564367,True,0.8227898478507996
4163,7,resample,2,0.10828925669193268,0.1277649998664856,True,0.49258655309677124
4164,8,resample,2,0.002089735586196184,0.0020662492606788874,True,0.9818245768547058
4165,9,resample,2,0.010686978697776794,0.010750378482043743,True,0.13178704679012299
4166,10,resample,2,0.00455430056899786,0.004902918357402086,True,0.5119163990020752
4167,11,resample,2,0.0833519995212555,0.09637215733528137,True,0.2913326621055603
4168,12,resample,2,0.01919734850525856,0.013999748975038528,True,0.9291049242019653
4169,13,resample,2,0.004005527123808861,0.0037729740142822266,True,0.8741577863693237
4170,14,resample,2,0.06117638200521469,0.06166205182671547,True,0.24828003346920013
4171,15,resample,2,0.008603612892329693,0.009030239656567574,True,0.5842641592025757
4220,0,resample,3,0.043576158583164215,0.0549691841006279,True,0.7057626247406006
4221,1,resample,3,0.08582331240177155,0.08095941692590714,True,0.25794535875320435
4222,2,resample,3,0.02159840054810047,0.023801030591130257,True,0.7146037817001343
4223,3,resample,3,0.05690450966358185,0.06864459812641144,True,0.38078558444976807
4224,4,resample,3,0.0028420707676559687,0.0028428048826754093,True,0.9504050016403198
4225,5,resample,3,0.053637780249118805,0.0501999594271183,True,0.3435641825199127
4226,6,resample,3,0.008962437510490417,0.009854272939264774,True,0.8047987222671509
4227,7,resample,3,0.024201633408665657,0.027613887563347816,True,0.6174021363258362
4228,8,resample,3,0.0014737768797203898,0.001584319630637765,True,0.9804743528366089
4229,9,resample,3,0.015395933762192726,0.016179008409380913,True,0.1482476145029068
4230,10,resample,3,0.009959755465388298,0.010093366727232933,True,0.44830211997032166
4231,11,resample,3,0.21365070343017578,0.24866162240505219,False,0.1902105063199997
4232,12,resample,3,0.015175887383520603,0.011586454696953297,True,0.9273293018341064
4233,13,resample,3,0.0011734673753380775,0.0011282935738563538,True,0.8603336811065674
4234,14,resample,3,0.045113157480955124,0.04274890944361687,True,0.2724705934524536
4235,15,resample,3,0.002833845093846321,0.002925517037510872,True,0.6130449771881104
4284,0,resample,4,0.03880394995212555,0.053085993975400925,True,0.6742770671844482
4285,1,resample,4,0.07444894313812256,0.06955594569444656,True,0.26696890592575073
4286,2,resample,4,0.019427277147769928,0.021565329283475876,True,0.6821688413619995
4287,3,resample,4,0.07715194672346115,0.09309433400630951,True,0.406507670879364
4288,4,resample,4,0.006383863277733326,0.004996147006750107,True,0.9615510702133179
4289,5,resample,4,0.031318821012973785,0.032894574105739594,True,0.3194710314273834
4290,6,resample,4,0.01059185341000557,0.011944524012506008,True,0.8021549582481384
4291,7,resample,4,0.04487503319978714,0.05129264295101166,True,0.5700501799583435
4292,8,resample,4,0.0017150845378637314,0.0014022315153852105,True,0.9852627515792847
4293,9,resample,4,0.013270076364278793,0.013590147718787193,True,0.13947217166423798
4294,10,resample,4,0.007182275410741568,0.007593736983835697,True,0.45405277609825134
4295,11,resample,4,0.09373998641967773,0.10481444001197815,True,0.24292315542697906
4296,12,resample,4,0.012852801010012627,0.009804815985262394,True,0.9200736880302429
4297,13,resample,4,0.003812050446867943,0.003597807139158249,True,0.8740325570106506
4298,14,resample,4,0.06487070024013519,0.06451867520809174,True,0.23966996371746063
4299,15,resample,4,0.0028223954141139984,0.0029955143108963966,True,0.6213010549545288
4348,0,resample,5,0.044199347496032715,0.05806684121489525,True,0.6748234033584595
4349,1,resample,5,0.11294867098331451,0.09412109106779099,True,0.2931297719478607
4350,2,resample,5,0.028241697698831558,0.026679204776883125,True,0.7203102707862854
4351,3,resample,5,0.050216540694236755,0.05878423899412155,True,0.4097754955291748
4352,4,resample,5,0.0045197284780442715,0.0037910027895122766,True,0.9582450985908508
4353,5,resample,5,0.037401795387268066,0.03741715848445892,True,0.3376501798629761
4354,6,resample,5,0.02524823136627674,0.029408691450953484,True,0.7672367095947266
4355,7,resample,5,0.04438401758670807,0.04858690872788429,True,0.6019242405891418
4356,8,resample,5,0.0055670165456831455,0.004284458700567484,True,0.9858830571174622
4357,9,resample,5,0.02349746786057949,0.02303534373641014,True,0.14795497059822083
4358,10,resample,5,0.010931788943707943,0.011482924222946167,True,0.44542741775512695
4359,11,resample,5,0.1257181018590927,0.1471753567457199,True,0.2303684502840042
4360,12,resample,5,0.018493201583623886,0.0137653648853302,True,0.9318022727966309
4361,13,resample,5,0.003984268754720688,0.0037231333553791046,True,0.8745104074478149
4362,14,resample,5,0.04064673185348511,0.03909725695848465,True,0.2759952247142792
4363,15,resample,5,0.02042439952492714,0.022961288690567017,True,0.5641442537307739
4412,0,resample,6,0.0347929485142231,0.04729191213846207,True,0.6692133545875549
4413,1,resample,6,0.10019469261169434,0.09541518241167068,True,0.24951998889446259
4414,2,resample,6,0.025407053530216217,0.025632154196500778,True,0.6831557154655457
4415,3,resample,6,0.06759423017501831,0.08397268503904343,True,0.3964555561542511
4416,4,resample,6,0.004091108683496714,0.003476096550002694,True,0.9569125175476074
4417,5,resample,6,0.03712014853954315,0.0357038788497448,True,0.3275085985660553
4418,6,resample,6,0.005839623976498842,0.006550500635057688,True,0.8230378031730652
4419,7,resample,6,0.03210857883095741,0.03329932689666748,True,0.6403946876525879
4420,8,resample,6,0.0033990656957030296,0.003865830833092332,True,0.9788206219673157
4421,9,resample,6,0.014875940978527069,0.015275729820132256,True,0.13432055711746216
4422,10,resample,6,0.005153359845280647,0.00527107622474432,True,0.47538599371910095
4423,11,resample,6,0.18421313166618347,0.19651558995246887,False,0.17910555005073547
4424,12,resample,6,0.023807715624570847,0.016711454838514328,True,0.932639479637146
4425,13,resample,6,0.003813778981566429,0.0036034639924764633,True,0.8735268115997314
4426,14,resample,6,0.042265526950359344,0.03966766595840454,True,0.28238368034362793
4427,15,resample,6,0.011117037385702133,0.011811441741883755,True,0.5773392915725708
4476,0,resample,7,0.007413838990032673,0.008524011820554733,True,0.7237069606781006
4477,1,resample,7,0.08641650527715683,0.08084162324666977,True,0.2775341868400574
4478,2,resample,7,0.018271949142217636,0.018411049619317055,True,0.7041148543357849
4479,3,resample,7,0.044992875307798386,0.053228139877319336,True,0.3870769739151001
4480,4,resample,7,0.015149888582527637,0.010744402185082436,True,0.9733567237854004
4481,5,resample,7,0.029189400374889374,0.029164057224988937,True,0.3277309238910675
4482,6,resample,7,0.0067252060398459435,0.007963597774505615,True,0.8166272044181824
4483,7,resample,7,0.04748506098985672,0.05248203128576279,True,0.5514501929283142
4484,8,resample,7,0.0013153711333870888,0.0013013045536354184,True,0.9811413884162903
4485,9,resample,7,0.014761686325073242,0.01475193165242672,True,0.15789532661437988
4486,10,resample,7,0.009674668312072754,0.0106938062235713,True,0.4545910656452179
4487,11,resample,7,0.03571465611457825,0.038450442254543304,True,0.3203309178352356
4488,12,resample,7,0.012026794254779816,0.010081813670694828,True,0.9194198846817017
4489,13,resample,7,0.01411525160074234,0.012446943670511246,True,0.8978092670440674
4490,14,resample,7,0.07320693135261536,0.07111219316720963,True,0.24239754676818848
4491,15,resample,7,0.004600983578711748,0.004892095923423767,True,0.6102107763290405
4540,0,resample,8,0.041073184460401535,0.05342552065849304,True,0.6949617266654968
4541,1,resample,8,0.07301206886768341,0.07296569645404816,True,0.2663310468196869
4542,2,resample,8,0.04243787005543709,0.04116296395659447,True,0.716480553150177
4543,3,resample,8,0.011353188194334507,0.011720671318471432,True,0.4162101149559021
4544,4,resample,8,0.0017273054691031575,0.0016013893764466047,True,0.9530572891235352
4545,5,resample,8,0.029908431693911552,0.03153608739376068,True,0.3111458122730255
4546,6,resample,8,0.009653463028371334,0.010850893333554268,True,0.8051274418830872
4547,7,resample,8,0.06316953152418137,0.07132938504219055,True,0.5307968854904175
4548,8,resample,8,0.0008988127810880542,0.000812909915111959,True,0.9807703495025635
4549,9,resample,8,0.012110596522688866,0.012601611204445362,True,0.1359119713306427
4550,10,resample,8,0.007727339863777161,0.007628649938851595,True,0.5050477981567383
4551,11,resample,8,0.07462266087532043,0.08361571282148361,True,0.2691563665866852
4552,12,resample,8,0.02545763924717903,0.017860665917396545,True,0.934965968132019
4553,13,resample,8,0.0037885867059230804,0.003571975976228714,True,0.8737345933914185
4554,14,resample,8,0.06013958528637886,0.05703344941139221,True,0.26640960574150085
4555,15,resample,8,0.0010519311763346195,0.0010191041510552168,True,0.6397036910057068
-1,0,ref_identity,-1,0.0,0.0,True,0.7438216805458069
-1,1,ref_identity,-1,0.0,0.0,True,0.23608613014221191
-1,2,ref_identity,-1,0.0,0.0,True,0.7113307118415833
-1,3,ref_identity,-1,0.0,0.0,True,0.4269084930419922
-1,4,ref_identity,-1,0.0,0.0,True,0.9475491642951965
-1,5,ref_identity,-1,0.0,0.0,True,0.33024853467941284
-1,6,ref_identity,-1,0.0,0.0,True,0.8534871935844421
-1,7,ref_identity,-1,0.0,0.0,True,0.6867179870605469
-1,8,ref_identity,-1,0.0,0.0,True,0.9802575707435608
-1,9,ref_identity,-1,0.0,0.0,True,0.13734127581119537
-1,10,ref_identity,-1,0.0,0.0,True,0.49880528450012207
-1,11,ref_identity,-1,0.0,0.0,True,0.3652309477329254
-1,12,ref_identity,-1,0.0,0.0,True,0.8931503891944885
-1,13,ref_identity,-1,0.0,0.0,True,0.8452936410903931
-1,14,ref_identity,-1,0.0,0.0,True,0.295197457075119
-1,15,ref_identity,-1,0.0,0.0,True,0.6414392590522766
-2,0,ref_mean,-1,8.394166946411133,8.60288143157959,False,3.3306081604678184e-05
-2,1,ref_mean,-1,3.559990882873535,6.642932891845703,False,0.08383519947528839
-2,2,ref_mean,-1,4.165836334228516,5.532321929931641,False,0.0048087895847857
-2,3,ref_mean,-1,0.6136708855628967,0.6532562971115112,True,0.5278466939926147
-2,4,ref_mean,-1,4.498783111572266,10.978631973266602,False,0.009528321214020252
-2,5,ref_mean,-1,1.0038481950759888,1.541518211364746,True,0.2765671908855438
-2,6,ref_mean,-1,1.1739634275436401,3.144153356552124,True,0.22632722556591034
-2,7,ref_mean,-1,0.21920503675937653,0.29481375217437744,True,0.4703909158706665
-2,8,ref_mean,-1,2.121138572692871,5.186120986938477,False,0.10999470204114914
-2,9,ref_mean,-1,1.5214520692825317,2.0792016983032227,True,0.20442670583724976
-2,10,ref_mean,-1,0.9991231560707092,3.7158803939819336,True,0.1917976438999176
-2,11,ref_mean,-1,5.949889183044434,3.915327548980713,False,1.2260009498277213e-05
-2,12,ref_mean,-1,8.469208717346191,7.623702526092529,False,0.00011547298345249146
-2,13,ref_mean,-1,0.020603151991963387,0.040232785046100616,True,0.8514103293418884
-2,14,ref_mean,-1,2.398970603942871,3.4519593715667725,False,0.041400570422410965
-2,15,ref_mean,-1,2.748669385910034,7.043384552001953,False,0.03232806921005249
256,16,orig,-1,0.0015271923039108515,0.0013077252078801394,True,0.9691444635391235
272,17,orig,-1,0.038768917322158813,0.03213227167725563,True,0.695509135723114
288,18,orig,-1,0.010540632531046867,0.009507094509899616,True,0.42740970849990845
304,19,orig,-1,0.003722268622368574,0.004222025163471699,True,0.8683109283447266
320,20,orig,-1,0.06320261210203171,0.06556260585784912,True,0.1723102331161499
336,21,orig,-1,0.03058483451604843,0.028873682022094727,True,0.4164009094238281
352,22,orig,-1,0.09203178435564041,0.056429579854011536,True,0.9651849865913391
368,23,orig,-1,0.14697059988975525,0.11921590566635132,True,0.15900473296642303
384,24,orig,-1,0.00039796793134883046,0.0003829734050668776,True,0.49433383345603943
400,25,orig,-1,0.006484875455498695,0.0069071403704583645,True,0.8617520332336426
416,26,orig,-1,0.009509054012596607,0.008444339036941528,True,0.6468970775604248
430,27,orig,-1,0.11310013383626938,0.13735948503017426,True,0.29104089736938477
446,28,orig,-1,0.009496040642261505,0.013213744387030602,True,0.9559195637702942
462,29,orig,-1,0.008644398301839828,0.008886476047337055,True,0.22055238485336304
478,30,orig,-1,0.28040996193885803,0.3063243627548218,False,0.26503047347068787
494,31,orig,-1,0.0027534996625036,0.002884700195863843,True,0.6959654688835144
257,16,contradict,0,0.0012771760812029243,0.0011137293186038733,True,0.9686882495880127
273,17,contradict,0,0.02718222327530384,0.02328640967607498,True,0.6831390857696533
289,18,contradict,0,0.00473011564463377,0.00451137637719512,True,0.41114962100982666
305,19,contradict,0,0.0063607096672058105,0.00741558475419879,True,0.8532690405845642
321,20,contradict,0,0.07870316505432129,0.07987411320209503,True,0.19661666452884674
337,21,contradict,0,0.04648734629154205,0.04442543908953667,True,0.4239692687988281
353,22,contradict,0,0.050404682755470276,0.034501370042562485,True,0.9470421671867371
369,23,contradict,0,0.10418158769607544,0.09451549500226974,True,0.15238629281520844
385,24,contradict,0,0.0023841795045882463,0.0023931802716106176,False,0.4630909860134125
401,25,contradict,0,0.006376759149134159,0.006479983683675528,True,0.8697253465652466
417,26,contradict,0,0.011056700721383095,0.009701384231448174,True,0.6556195616722107
431,27,contradict,0,0.11414829641580582,0.1385820508003235,True,0.2858757972717285
447,28,contradict,0,0.005754760466516018,0.007704588584601879,True,0.9631487131118774
463,29,contradict,0,0.009495047852396965,0.01084967702627182,True,0.2053856998682022
479,30,contradict,0,0.324834406375885,0.3514448404312134,False,0.2577652633190155
495,31,contradict,0,0.006133612245321274,0.0068735722452402115,True,0.6649411916732788
258,16,delete,0,0.0017123507568612695,0.0014731637202203274,True,0.9681610465049744
274,17,delete,0,0.04018494859337807,0.03310123085975647,True,0.6954201459884644
290,18,delete,0,0.007391341030597687,0.0068017784506082535,True,0.43969544768333435
306,19,delete,0,0.006132183596491814,0.007209840230643749,True,0.8536428213119507
322,20,delete,0,0.06108524277806282,0.06275822967290878,True,0.18983249366283417
338,21,delete,0,0.04207979142665863,0.03992604836821556,True,0.43121927976608276
354,22,delete,0,0.10570771247148514,0.06220259517431259,True,0.9697785973548889
370,23,delete,0,0.11325780302286148,0.09849237650632858,True,0.14500848948955536
386,24,delete,0,0.0024281705264002085,0.002454631496220827,False,0.4630482494831085
402,25,delete,0,0.006112998817116022,0.006122511345893145,True,0.8713027834892273
418,26,delete,0,0.009568125009536743,0.008487747050821781,True,0.6521457433700562
432,27,delete,0,0.11209958046674728,0.1388283669948578,True,0.29403823614120483
448,28,delete,0,0.0061744507402181625,0.008368161506950855,True,0.962407112121582
464,29,delete,0,0.011763264425098896,0.01255646999925375,True,0.22404929995536804
480,30,delete,0,0.3470625579357147,0.37262481451034546,False,0.26087185740470886
496,31,delete,0,0.0031431331299245358,0.003330889856442809,True,0.6920645833015442
259,16,contradict,1,0.0015024926979094744,0.0013227510498836637,True,0.9671329855918884
275,17,contradict,1,0.05443214625120163,0.045532990247011185,True,0.6637727618217468
291,18,contradict,1,0.010068572126328945,0.009097820147871971,True,0.4266703128814697
307,19,contradict,1,0.006248101592063904,0.007335971109569073,True,0.8543626070022583
323,20,contradict,1,0.07896372675895691,0.08179541677236557,True,0.1630847305059433
339,21,contradict,1,0.02801775559782982,0.02706574648618698,True,0.40452295541763306
355,22,contradict,1,0.09417235106229782,0.05760904401540756,True,0.9645956754684448
371,23,contradict,1,0.12420710921287537,0.10434648394584656,True,0.14544695615768433
387,24,contradict,1,0.002324486616998911,0.0023342047352343798,False,0.4631277024745941
403,25,contradict,1,0.0057037947699427605,0.005841262638568878,True,0.8655881881713867
419,26,contradict,1,0.00857117585837841,0.007668201811611652,True,0.6477906703948975
433,27,contradict,1,0.11397165805101395,0.1397213190793991,True,0.28874531388282776
449,28,contradict,1,0.009608771651983261,0.013427885249257088,True,0.9559027552604675
465,29,contradict,1,0.008758068084716797,0.008984668180346489,True,0.21916140615940094
481,30,contradict,1,0.2710159420967102,0.29651349782943726,False,0.26957938075065613
497,31,contradict,1,0.00521835358813405,0.005765765439718962,True,0.6759558916091919
260,16,delete,1,0.002386238658800721,0.00204853480681777,True,0.9676160216331482
276,17,delete,1,0.05242471024394035,0.04245739430189133,True,0.6855228543281555
292,18,delete,1,0.009041042998433113,0.008105514571070671,True,0.4365415871143341
308,19,delete,1,0.006491002161055803,0.007575897499918938,True,0.8560162782669067
324,20,delete,1,0.06526950746774673,0.0659390464425087,True,0.1722133308649063
340,21,delete,1,0.030796077102422714,0.02996709942817688,True,0.40972962975502014
356,22,delete,1,0.10226840525865555,0.06088844686746597,True,0.9677267670631409
372,23,delete,1,0.11284642666578293,0.09895692765712738,True,0.13780295848846436
388,24,delete,1,0.00042471446795389056,0.00040922145126387477,True,0.49447202682495117
404,25,delete,1,0.005667863413691521,0.005959333851933479,True,0.8677030205726624
420,26,delete,1,0.009623833931982517,0.008547905832529068,True,0.6605071425437927
434,27,delete,1,0.10764645785093307,0.1313142627477646,True,0.29078587889671326
450,28,delete,1,0.009369553998112679,0.01309163123369217,True,0.9566089510917664
466,29,delete,1,0.006793016102164984,0.007037074770778418,True,0.21610157191753387
482,30,delete,1,0.2803570032119751,0.3040064871311188,False,0.25228792428970337
498,31,delete,1,0.003940017893910408,0.004054239951074123,True,0.7026971578598022
261,16,contradict,2,0.0014817712362855673,0.0012850925559177995,True,0.9693203568458557
277,17,contradict,2,0.07145647704601288,0.057044144719839096,True,0.6750565767288208
293,18,contradict,2,0.010567090474069118,0.0095193050801754,True,0.4271577298641205
309,19,contradict,2,0.0022241396363824606,0.0021249805577099323,True,0.8781753778457642
325,20,contradict,2,0.2319594919681549,0.2295486032962799,True,0.18208101391792297
341,21,contradict,2,0.02362692356109619,0.022604964673519135,True,0.4056679606437683
357,22,contradict,2,16.46172332763672,10.450305938720703,False,2.5306546191927737e-08
373,23,contradict,2,0.1735498011112213,0.1410781890153885,True,0.16430707275867462
389,24,contradict,2,0.0004255565581843257,0.00040572957368567586,True,0.49434810876846313
405,25,contradict,2,0.011602000333368778,0.01234176754951477,True,0.8569872975349426
421,26,contradict,2,4.937696933746338,9.377418518066406,False,0.002645510481670499
435,27,contradict,2,0.15465940535068512,0.19072595238685608,True,0.26051023602485657
451,28,contradict,2,0.009498929604887962,0.013230985030531883,True,0.9561406373977661
467,29,contradict,2,0.011366024613380432,0.011693075299263,True,0.2283109873533249
483,30,contradict,2,3.513228416442871,1.3842839002609253,False,0.0015130186220631003
499,31,contradict,2,0.003264473285526037,0.0034566684626042843,True,0.6822338104248047
262,16,delete,2,0.0021554504055529833,0.0017970508197322488,True,0.9702944755554199
278,17,delete,2,0.07176674902439117,0.057301461696624756,True,0.6753081679344177
294,18,delete,2,0.009748078882694244,0.008865689858794212,True,0.42622894048690796
310,19,delete,2,0.002616886980831623,0.0028100365307182074,True,0.8714566826820374
326,20,delete,2,0.20257364213466644,0.22039785981178284,True,0.15546581149101257
342,21,delete,2,0.029790185391902924,0.028586797416210175,True,0.41786521673202515
358,22,delete,2,7.377585411071777,17.232078552246094,False,0.00035154036595486104
374,23,delete,2,0.24053002893924713,0.17761123180389404,True,0.15224502980709076
390,24,delete,2,0.000333203817717731,0.00031189757282845676,True,0.494437575340271
406,25,delete,2,0.011285346932709217,0.013311364687979221,True,0.8490063548088074
422,26,delete,2,0.013655868358910084,0.011946056969463825,True,0.6765114665031433
436,27,delete,2,0.15060797333717346,0.1856110841035843,True,0.259035587310791
452,28,delete,2,0.009262198582291603,0.012858555652201176,True,0.9564684629440308
468,29,delete,2,0.00876657385379076,0.008979537524282932,True,0.21926334500312805
484,30,delete,2,0.4010576605796814,0.4303407073020935,False,0.2280234545469284
500,31,delete,2,0.003046520287171006,0.0030703572556376457,True,0.7016234397888184
263,16,contradict,3,0.0010681492276489735,0.0009566062362864614,True,0.9671846628189087
279,17,contradict,3,0.03904203698039055,0.032311759889125824,True,0.6956290006637573
295,18,contradict,3,0.009560637176036835,0.008849754929542542,True,0.42931440472602844
311,19,contradict,3,0.002090606139972806,0.0021481530275195837,True,0.8692671656608582
327,20,contradict,3,0.11216080188751221,0.1080685406923294,True,0.22953279316425323
343,21,contradict,3,0.02648552879691124,0.024952294304966927,True,0.3873503506183624
359,22,contradict,3,0.06717269122600555,0.04518245905637741,True,0.957291305065155
375,23,contradict,3,0.2208692729473114,0.17152202129364014,True,0.16112932562828064
391,24,contradict,3,0.0011064851423725486,0.0013642041012644768,True,0.49282529950141907
407,25,contradict,3,0.006426308769732714,0.006851952522993088,True,0.8615322709083557
423,26,paraphrase,-1,0.009036559611558914,0.007901273667812347,True,0.6507800221443176
437,27,contradict,3,0.11377166956663132,0.1414141058921814,True,0.2962513267993927
453,28,contradict,3,0.0782996267080307,0.14980876445770264,True,0.8738451600074768
469,29,contradict,3,0.012034598737955093,0.012341808527708054,True,0.22392481565475464
485,30,contradict,3,0.23810076713562012,0.2624359726905823,True,0.28559455275535583
501,31,contradict,3,0.002873952267691493,0.0030341206584125757,True,0.6951062679290771
264,16,delete,3,0.0010850285179913044,0.0009617372415959835,True,0.9682776927947998
280,17,delete,3,0.03216736763715744,0.02735753171145916,True,0.6685316562652588
296,18,delete,3,0.008515289053320885,0.007850786671042442,True,0.41402849555015564
312,19,delete,3,0.004720837809145451,0.005328659433871508,True,0.855263888835907
328,20,delete,3,0.08849820494651794,0.09613218903541565,True,0.1974746286869049
344,21,delete,3,0.025870919227600098,0.02479850873351097,True,0.40786120295524597
360,22,delete,3,0.0910165011882782,0.056160151958465576,True,0.9648122191429138
376,23,delete,3,0.21325574815273285,0.16728650033473969,True,0.1497582644224167
392,24,delete,3,0.0008279344765469432,0.0009735900675877929,True,0.4920352101325989
408,25,delete,3,0.00770602747797966,0.008499871008098125,True,0.856461226940155
424,26,translate,-1,0.014788039028644562,0.012646396644413471,True,0.6677041053771973
438,27,delete,3,0.11498196423053741,0.14385928213596344,True,0.29632866382598877
454,28,delete,3,0.03433604538440704,0.05688706040382385,True,0.9213398098945618
470,29,delete,3,0.01980702392756939,0.020625419914722443,True,0.24600276350975037
486,30,delete,3,0.23674626648426056,0.2609606981277466,True,0.28618893027305603
502,31,delete,3,0.0029488769359886646,0.003097148612141609,True,0.6960863471031189
265,16,paraphrase,-1,0.001540240366011858,0.001322179101407528,True,0.9689698219299316
281,17,paraphrase,-1,0.04122009128332138,0.033707909286022186,True,0.6966357231140137
297,18,paraphrase,-1,0.01032557524740696,0.009346675127744675,True,0.42648956179618835
313,19,paraphrase,-1,0.0024360790848731995,0.002628281246870756,True,0.8721808791160583
329,20,paraphrase,-1,0.06936612725257874,0.07112821936607361,True,0.16783763468265533
345,21,paraphrase,-1,0.02998991310596466,0.028719183057546616,True,0.418231725692749
361,22,paraphrase,-1,0.09138935804367065,0.05623524636030197,True,0.9650775194168091
377,23,paraphrase,-1,0.143131285905838,0.11597010493278503,True,0.15846264362335205
393,24,paraphrase,-1,0.0003922770847566426,0.00037908798549324274,True,0.4943365156650543
409,25,paraphrase,-1,0.006469374056905508,0.0069051384925842285,True,0.8610668778419495
425,26,polarity,-1,0.009944349527359009,0.008773027919232845,True,0.6478970050811768
439,27,paraphrase,-1,0.12983618676662445,0.1559406816959381,True,0.265773206949234
455,28,paraphrase,-1,0.00954347848892212,0.013337715528905392,True,0.9560184478759766
471,29,paraphrase,-1,0.008615792728960514,0.008853964507579803,True,0.22056050598621368
487,30,paraphrase,-1,0.2723635733127594,0.29745182394981384,False,0.2683735489845276
503,31,paraphrase,-1,0.0028108987025916576,0.0029784447979182005,True,0.6939229369163513
266,16,translate,-1,0.001463641645386815,0.0012576247099786997,True,0.9690225124359131
282,17,translate,-1,0.03777923434972763,0.03136904537677765,True,0.6929965615272522
298,18,translate,-1,0.00868171826004982,0.007769955322146416,True,0.43619662523269653
314,19,translate,-1,0.004484529606997967,0.00505242682993412,True,0.8581571578979492
330,20,translate,-1,0.11777082085609436,0.14095810055732727,True,0.1510191112756729
346,21,translate,-1,0.02999604493379593,0.0279558002948761,True,0.4174191951751709
362,22,translate,-1,0.06761708855628967,0.04357383772730827,True,0.9565150141716003
378,23,translate,-1,0.15287739038467407,0.12107276916503906,True,0.15112854540348053
394,24,translate,-1,0.00036707648541778326,0.00039113161619752645,True,0.4933454990386963
410,25,translate,-1,0.0066279396414756775,0.007258770056068897,True,0.8606770634651184
426,26,vocab,-1,0.009274143725633621,0.008161960169672966,True,0.6526344418525696
440,27,translate,-1,0.1343093067407608,0.16591836512088776,True,0.27153244614601135
456,28,translate,-1,0.006969757378101349,0.00931093841791153,True,0.9596874713897705
472,29,translate,-1,0.027081109583377838,0.025715813040733337,True,0.21427014470100403
488,30,translate,-1,0.4323453903198242,0.4526022672653198,False,0.20580865442752838
504,31,translate,-1,0.007645444944500923,0.00846615619957447,True,0.6603814959526062
267,16,polarity,-1,0.0021530543453991413,0.001790067064575851,True,0.9697348475456238
283,17,polarity,-1,0.03611602261662483,0.03016274981200695,True,0.6930878162384033
299,18,polarity,-1,0.008888039737939835,0.008066514506936073,True,0.4442459046840668
315,19,polarity,-1,0.004169780761003494,0.004733223468065262,True,0.8602098226547241
331,20,polarity,-1,0.061923686414957047,0.06422846764326096,True,0.1774841696023941
347,21,polarity,-1,0.03410130739212036,0.0325390100479126,True,0.4216170907020569
363,22,polarity,-1,0.108238086104393,0.06319433450698853,True,0.9700863361358643
379,23,polarity,-1,0.11303318291902542,0.09723770618438721,True,0.14054441452026367
395,24,polarity,-1,0.00033874536165967584,0.0003685803385451436,True,0.49361830949783325
411,25,polarity,-1,0.0063381860964000225,0.0067808739840984344,True,0.8627799153327942
427,26,cat,-1,6.086341381072998,9.307535171508789,False,0.0006062972242943943
441,27,polarity,-1,0.13198548555374146,0.1646999567747116,True,0.2758220434188843
457,28,polarity,-1,0.009324588812887669,0.013086479157209396,True,0.9565843939781189
473,29,polarity,-1,0.008051122538745403,0.008220920339226723,True,0.2163424789905548
489,30,polarity,-1,0.281721293926239,0.30778348445892334,False,0.26447588205337524
505,31,polarity,-1,0.0032397182658314705,0.0034056100994348526,True,0.6882249116897583
268,16,vocab,-1,0.0021381103433668613,0.0017781454371288419,True,0.9698213934898376
284,17,vocab,-1,0.027248453348875046,0.023319441825151443,True,0.6845712661743164
300,18,vocab,-1,0.009261139668524265,0.008359914645552635,True,0.4224725067615509
316,19,vocab,-1,0.00625366298481822,0.007334202527999878,True,0.8531704545021057
332,20,vocab,-1,0.07567339390516281,0.08020912855863571,True,0.17690472304821014
348,21,vocab,-1,0.029329851269721985,0.02819501981139183,True,0.4011531174182892
364,22,vocab,-1,0.08492616564035416,0.05346210300922394,True,0.9635440707206726
380,23,vocab,-1,0.1455213874578476,0.11812052875757217,True,0.15915314853191376
396,24,vocab,-1,0.0004110958252567798,0.0004219133697915822,True,0.49398934841156006
412,25,vocab,-1,0.006682845298200846,0.0070451414212584496,True,0.8638207316398621
428,26,shuffle,-1,0.009670821949839592,0.008516345173120499,True,0.6515154838562012
442,27,vocab,-1,0.1011437177658081,0.1222824677824974,True,0.29368457198143005
458,28,vocab,-1,0.01461864821612835,0.02156229317188263,True,0.9481924176216125
474,29,vocab,-1,0.009701197035610676,0.009972622618079185,True,0.22270768880844116
490,30,vocab,-1,0.29918092489242554,0.3220921754837036,False,0.2685411274433136
506,31,vocab,-1,0.003976325038820505,0.004269135184586048,True,0.6838775873184204
269,16,cat,-1,0.02654455229640007,0.06918483227491379,True,0.9455358982086182
285,17,cat,3,4.150637626647949,9.601384162902832,False,0.06348400563001633
301,18,cat,-1,2.190298080444336,8.950410842895508,False,0.009062014520168304
317,19,cat,4,0.1666966676712036,1.0855501890182495,True,0.7539483904838562
333,20,cat,-1,3.2057783603668213,3.8721888065338135,False,0.010514196008443832
349,21,cat,-1,4.600783824920654,12.25284481048584,False,0.005047885235399008
365,22,cat,2,5.94892692565918,8.586536407470703,False,0.0011901346733793616
381,23,cat,-1,2.5074522495269775,4.463726997375488,False,0.005885573569685221
397,24,cat,-1,12.221673965454102,19.567819595336914,False,3.123727219644934e-05
413,25,cat,-1,4.677099227905273,8.863873481750488,False,0.007466290611773729
429,26,unrelated,36,5.071608543395996,7.896897315979004,False,0.004200307186692953
443,27,cat,4,2.6931183338165283,8.028543472290039,False,0.016050279140472412
459,28,cat,4,7.6410746574401855,7.75312614440918,False,0.000388839456718415
475,29,cat,4,3.344815254211426,8.43447208404541,False,0.0027642748318612576
491,30,cat,2,4.155587196350098,8.972444534301758,False,0.0008500022813677788
507,31,cat,-1,3.7304434776306152,6.505457878112793,False,0.007849411107599735
270,16,shuffle,-1,0.002070871414616704,0.0017418282805010676,True,0.9692476987838745
286,17,shuffle,-1,0.03948966786265373,0.03315792232751846,True,0.6754006147384644
302,18,shuffle,-1,0.00830639898777008,0.007640436291694641,True,0.4404071271419525
318,19,shuffle,-1,0.0037893657572567463,0.004288096446543932,True,0.8685019016265869
334,20,shuffle,-1,0.06338108330965042,0.06655586510896683,True,0.18025964498519897
350,21,shuffle,-1,0.027196668088436127,0.026492681354284286,True,0.41658657789230347
366,22,shuffle,-1,0.07225703448057175,0.04758772999048233,True,0.9596986770629883
382,23,shuffle,-1,0.1049744039773941,0.09549608081579208,True,0.13194698095321655
398,24,shuffle,-1,0.002341859508305788,0.002342615043744445,False,0.46315133571624756
414,25,shuffle,-1,0.004050492774695158,0.003928754013031721,True,0.8776244521141052
4118,26,resample,1,0.022236527875065804,0.0188861433416605,True,0.6783315539360046
444,27,shuffle,-1,0.12411348521709442,0.15396280586719513,True,0.28489550948143005
460,28,shuffle,-1,0.029147904366254807,0.047107260674238205,True,0.9280802011489868
476,29,shuffle,-1,0.013495562598109245,0.013828860595822334,True,0.21869325637817383
492,30,shuffle,-1,0.29199865460395813,0.3195841908454895,False,0.2603082060813904
508,31,shuffle,-1,0.004063487984240055,0.004121298436075449,True,0.7020909190177917
271,16,unrelated,247,12.464982986450195,9.360546112060547,False,2.474371967764455e-06
287,17,unrelated,105,7.296454906463623,6.0213165283203125,False,0.00040405747131444514
303,18,unrelated,215,7.416794300079346,8.64401626586914,False,9.711974416859448e-05
319,19,unrelated,240,0.3980846703052521,1.7806706428527832,True,0.5500200986862183
335,20,unrelated,58,2.2408370971679688,2.7309722900390625,False,0.02155233733355999
351,21,unrelated,251,0.9215664863586426,0.6199070811271667,True,0.3467474579811096
367,22,unrelated,130,17.544872283935547,9.134235382080078,False,8.455622868552837e-09
383,23,unrelated,112,3.81565523147583,1.6278510093688965,False,0.0004957277560606599
399,24,unrelated,84,14.913182258605957,18.259347915649414,False,4.149362951011426e-07
415,25,unrelated,147,7.498818397521973,8.678474426269531,False,0.0003138806205242872
4182,26,resample,2,0.018981412053108215,0.016492068767547607,True,0.6711896657943726
445,27,unrelated,18,2.1674575805664062,4.812479019165039,False,0.14473463594913483
461,28,unrelated,194,10.360642433166504,8.180513381958008,False,2.464808858348988e-05
477,29,unrelated,132,7.295243740081787,8.818928718566895,False,3.125852163066156e-05
493,30,unrelated,134,7.064028263092041,2.6627047061920166,False,4.989595709048444e-06
509,31,unrelated,97,1.987735390663147,5.418754577636719,False,0.08964839577674866
4108,16,resample,1,0.001507461303845048,0.0013208570890128613,True,0.9674698710441589
4109,17,resample,1,0.026611780747771263,0.023935839533805847,True,0.6546092629432678
4110,18,resample,1,0.004697659984230995,0.004494312684983015,True,0.42120784521102905
4111,19,resample,1,0.0043959286995232105,0.004851636476814747,True,0.8718098998069763
4112,20,resample,1,0.14274656772613525,0.1336062252521515,True,0.2352137416601181
4113,21,resample,1,0.031473707407712936,0.028292562812566757,True,0.4076239764690399
4114,22,resample,1,0.07551582157611847,0.04919780045747757,True,0.9623188972473145
4115,23,resample,1,0.11262955516576767,0.09811563789844513,True,0.14530861377716064
4116,24,resample,1,0.008954177610576153,0.009159316308796406,True,0.5525696873664856
4117,25,resample,1,0.006571829319000244,0.007263508625328541,True,0.859747052192688
4246,26,resample,3,0.008931150659918785,0.0085398955270648,True,0.6350400447845459
4119,27,resample,1,0.10248293727636337,0.1265680491924286,True,0.30252864956855774
4120,28,resample,1,0.0015068119391798973,0.0017637874698266387,True,0.9736104607582092
4121,29,resample,1,0.023167960345745087,0.022108573466539383,True,0.16887667775154114
4122,30,resample,1,0.4337916374206543,0.4465543329715729,False,0.21387554705142975
4123,31,resample,1,0.00842684879899025,0.009776036255061626,True,0.6645421385765076
4172,16,resample,2,0.0011816569603979588,0.0010687140747904778,True,0.9682982563972473
4173,17,resample,2,0.09767899662256241,0.07150176912546158,True,0.709456205368042
4174,18,resample,2,0.003904459998011589,0.003652353771030903,True,0.4265219271183014
4175,19,resample,2,0.0014476266223937273,0.0014655818231403828,True,0.8736767172813416
4176,20,resample,2,0.29597043991088867,0.43630269169807434,False,0.16422654688358307
4177,21,resample,2,0.03422243148088455,0.03376765921711922,True,0.36695387959480286
4178,22,resample,2,0.01744093745946884,0.012864917516708374,True,0.91117262840271
4179,23,resample,2,0.32014694809913635,0.2218654751777649,True,0.159068763256073
4180,24,resample,2,0.0035421685315668583,0.003992744721472263,True,0.5217500329017639
4181,25,resample,2,0.008398600853979588,0.009547235444188118,True,0.8394426107406616
4310,26,resample,4,0.01181594468653202,0.010760004632174969,True,0.6597915291786194
4183,27,resample,2,0.09403564035892487,0.11871825158596039,True,0.3150438368320465
4184,28,resample,2,0.002065487438812852,0.002451077103614807,True,0.9723705649375916
4185,29,resample,2,0.8120040893554688,0.9638472199440002,False,0.06784048676490784
4186,30,resample,2,0.24905754625797272,0.2705796957015991,True,0.29271847009658813
4187,31,resample,2,0.010807402431964874,0.01327509991824627,True,0.6724202632904053
4236,16,resample,3,0.0008291987469419837,0.0007465424132533371,True,0.9681997895240784
4237,17,resample,3,0.04078972339630127,0.03321251645684242,True,0.7090147733688354
4238,18,resample,3,0.008721742779016495,0.007814688608050346,True,0.4366401731967926
4239,19,resample,3,0.001580954878591001,0.001592582673765719,True,0.8785010576248169
4240,20,resample,3,0.29282745718955994,0.43583473563194275,False,0.14447054266929626
4241,21,resample,3,0.020065341144800186,0.01913641206920147,True,0.38727396726608276
4242,22,resample,3,0.0747569352388382,0.04839693009853363,True,0.9598165154457092
4243,23,resample,3,0.308835506439209,0.21938815712928772,True,0.16356168687343597
4244,24,resample,3,0.00029381189960986376,0.0003195767058059573,True,0.4938438832759857
4245,25,resample,3,0.009397784247994423,0.010703993029892445,True,0.8481235504150391
4374,26,resample,5,0.026470579206943512,0.022438572719693184,True,0.6863811612129211
4247,27,resample,3,0.11042402684688568,0.147558331489563,True,0.3082875907421112
4248,28,resample,3,0.0017539323307573795,0.002156252507120371,True,0.9729933738708496
4249,29,resample,3,0.020472537726163864,0.021085422486066818,True,0.2477414458990097
4250,30,resample,3,0.3085149824619293,0.3327362537384033,False,0.26450249552726746
4251,31,resample,3,0.005219584330916405,0.005943696945905685,True,0.6715770363807678
4300,16,resample,4,0.001673716469667852,0.0015702128876000643,True,0.9657910466194153
4301,17,resample,4,0.05842846632003784,0.04734230786561966,True,0.7386062145233154
4302,18,resample,4,0.007823549211025238,0.0071724783629179,True,0.4457331597805023
4303,19,resample,4,0.002404755912721157,0.0026063034310936928,True,0.8703104257583618
4304,20,resample,4,0.24718064069747925,0.31939899921417236,False,0.15027929842472076
4305,21,resample,4,0.017872437834739685,0.016738438978791237,True,0.3794398009777069
4306,22,resample,4,0.042104125022888184,0.03069237805902958,True,0.9470421671867371
4307,23,resample,4,0.2621590495109558,0.1901741921901703,True,0.14882802963256836
4308,24,resample,4,0.0025613734032958746,0.002589438110589981,False,0.4628984332084656
4309,25,resample,4,0.0062750945799052715,0.007152811624109745,True,0.8522112965583801
4438,26,resample,6,0.014550205320119858,0.012933317571878433,True,0.6777216196060181
4311,27,resample,4,0.14139404892921448,0.18737711012363434,True,0.2821968197822571
4312,28,resample,4,0.0015505305491387844,0.0016689000185579062,True,0.9814296364784241
4313,29,resample,4,0.0063124834559857845,0.006368372589349747,True,0.1735636591911316
4314,30,resample,4,0.2987596392631531,0.32164087891578674,False,0.2684166133403778
4315,31,resample,4,0.012981243431568146,0.015129192732274532,True,0.6430287957191467
4364,16,resample,5,0.0024296350311487913,0.002117125317454338,True,0.966079592704773
4365,17,resample,5,0.10831461101770401,0.07945309579372406,True,0.6892544627189636
4366,18,resample,5,0.003554483875632286,0.003467273898422718,True,0.4104681611061096
4367,19,resample,5,0.0031290813349187374,0.0032350807450711727,True,0.8757404088973999
4368,20,resample,5,0.2901134490966797,0.4196462631225586,False,0.15648944675922394
4369,21,resample,5,0.023495163768529892,0.020849153399467468,True,0.3809877634048462
4370,22,resample,5,0.0409533865749836,0.029176773503422737,True,0.943807065486908
4371,23,resample,5,0.1519867181777954,0.11803340911865234,True,0.15769606828689575
4372,24,resample,5,0.002428417792543769,0.0024702639784663916,False,0.46259012818336487
4373,25,resample,5,0.008815283887088299,0.00908929854631424,True,0.8667898178100586
4502,26,resample,7,0.016297176480293274,0.014456389471888542,True,0.6621981263160706
4375,27,resample,5,0.10471561551094055,0.13690204918384552,True,0.3183952867984772
4376,28,resample,5,0.005474643781781197,0.007092723622918129,True,0.9617977738380432
4377,29,resample,5,0.008972372859716415,0.00896382238715887,True,0.20924966037273407
4378,30,resample,5,0.2438405305147171,0.26502734422683716,False,0.280882328748703
4379,31,resample,5,0.014757998287677765,0.017811931669712067,True,0.64121013879776
4428,16,resample,6,0.0008089645998552442,0.0007205674191936851,True,0.968325674533844
4429,17,resample,6,0.07466069608926773,0.057416435331106186,True,0.6975182890892029
4430,18,resample,6,0.006087553221732378,0.005688994191586971,True,0.40114152431488037
4431,19,resample,6,0.004018498584628105,0.004412088543176651,True,0.8541737794876099
4432,20,resample,6,0.214095801115036,0.31911540031433105,False,0.15371645987033844
4433,21,resample,6,0.017924150452017784,0.01616763137280941,True,0.3789595067501068
4434,22,resample,6,0.03891797736287117,0.028301550075411797,True,0.943077027797699
4435,23,resample,6,0.12631109356880188,0.1109200194478035,True,0.14049938321113586
4436,24,resample,6,0.0030101060401648283,0.003214641008526087,True,0.5223926305770874
4437,25,resample,6,0.0030304710380733013,0.0033197952434420586,True,0.8704321384429932
4566,26,resample,8,0.023227393627166748,0.020148083567619324,True,0.6954050064086914
4439,27,resample,6,0.08447497338056564,0.10452192276716232,True,0.3105548918247223
4440,28,resample,6,0.003555749775841832,0.004545201081782579,True,0.967541515827179
4441,29,resample,6,0.009897290728986263,0.009633882902562618,True,0.21000564098358154
4442,30,resample,6,0.19581297039985657,0.21208429336547852,True,0.3395988643169403
4443,31,resample,6,0.005192519165575504,0.005878817290067673,True,0.6723278164863586
4492,16,resample,7,0.0007579310913570225,0.000730847823433578,True,0.9640440344810486
4493,17,resample,7,0.03020458295941353,0.025992849841713905,True,0.7107551693916321
4494,18,resample,7,0.013495439663529396,0.011705515906214714,True,0.44602036476135254
4495,19,resample,7,0.0013210520846769214,0.0013747455086559057,True,0.8707944750785828
4496,20,resample,7,0.17278628051280975,0.19990238547325134,True,0.16997091472148895
4497,21,resample,7,0.024852192029356956,0.02265075594186783,True,0.36570897698402405
4498,22,resample,7,0.026965828612446785,0.02078242599964142,True,0.9348270893096924
4499,23,resample,7,0.31718459725379944,0.23510289192199707,True,0.14962759613990784
4500,24,resample,7,0.0009303073165938258,0.0011909175664186478,True,0.4923177659511566
4501,25,resample,7,0.003388333134353161,0.00343953724950552,True,0.8697112202644348
-1,26,ref_identity,-1,0.0,0.0,True,0.6259565353393555
4503,27,resample,7,0.1492813378572464,0.19804330170154572,True,0.2961181700229645
4504,28,resample,7,0.023606644943356514,0.03672434017062187,True,0.9353001713752747
4505,29,resample,7,0.023711446672677994,0.022340869531035423,True,0.18612153828144073
4506,30,resample,7,0.37689632177352905,0.3954482674598694,False,0.2349262684583664
4507,31,resample,7,0.005164877511560917,0.005690366495400667,True,0.6924409866333008
4556,16,resample,8,0.0006849612109363079,0.0006237735506147146,True,0.9669960737228394
4557,17,resample,8,0.08153289556503296,0.06246340647339821,True,0.677510678768158
4558,18,resample,8,0.008157957345247269,0.007477583363652229,True,0.4395267069339752
4559,19,resample,8,0.0023413347080349922,0.0022697928361594677,True,0.8799723386764526
4560,20,resample,8,0.3309822976589203,0.4513528645038605,False,0.1506882756948471
4561,21,resample,8,0.018167749047279358,0.01647895574569702,True,0.38077211380004883
4562,22,resample,8,0.04192139580845833,0.029658416286110878,True,0.9427937269210815
4563,23,resample,8,0.5967467427253723,0.33021509647369385,True,0.16299836337566376
4564,24,resample,8,0.0024583819322288036,0.00253367074765265,True,0.5232951045036316
4565,25,resample,8,0.0035374904982745647,0.004245194606482983,True,0.8753981590270996
-2,26,ref_mean,-1,5.280560493469238,8.006819725036621,False,0.002085179788991809
4567,27,resample,8,0.09444750845432281,0.11981160193681717,True,0.32771050930023193
4568,28,resample,8,0.002267637988552451,0.0027217548340559006,True,0.9715375900268555
4569,29,resample,8,0.007718246430158615,0.007622427307069302,True,0.20541676878929138
4570,30,resample,8,0.3738660216331482,0.39250320196151733,False,0.2606530487537384
4571,31,resample,8,0.016090640798211098,0.019800644367933273,True,0.6404401659965515
-1,16,ref_identity,-1,0.0,0.0,True,0.9635398983955383
-1,17,ref_identity,-1,0.0,0.0,True,0.6226722598075867
-1,18,ref_identity,-1,0.0,0.0,True,0.41148191690444946
-1,19,ref_identity,-1,0.0,0.0,True,0.8809334635734558
-1,20,ref_identity,-1,0.0,0.0,True,0.171127051115036
-1,21,ref_identity,-1,0.0,0.0,True,0.3483342230319977
-1,22,ref_identity,-1,0.0,0.0,True,0.8772560954093933
-1,23,ref_identity,-1,0.0,0.0,True,0.13226361572742462
-1,24,ref_identity,-1,0.0,0.0,True,0.4941059648990631
-1,25,ref_identity,-1,0.0,0.0,True,0.8775880336761475
-1,27,ref_identity,-1,0.0,0.0,True,0.417778342962265
-1,28,ref_identity,-1,0.0,0.0,True,0.978828489780426
-1,29,ref_identity,-1,0.0,0.0,True,0.18041780591011047
-1,30,ref_identity,-1,0.0,0.0,True,0.477614164352417
-1,31,ref_identity,-1,0.0,0.0,True,0.6971442103385925
-2,16,ref_mean,-1,3.087167263031006,7.691028118133545,False,0.03908718749880791
-2,17,ref_mean,-1,3.3141915798187256,5.562053203582764,False,0.07493209838867188
-2,18,ref_mean,-1,4.039192199707031,8.979690551757812,False,0.002005347516387701
-2,19,ref_mean,-1,1.8225033283233643,6.092512607574463,False,0.13280217349529266
-2,20,ref_mean,-1,1.515125036239624,1.450789451599121,True,0.14311154186725616
-2,21,ref_mean,-1,1.3646910190582275,2.1507697105407715,True,0.2142138034105301
-2,22,ref_mean,-1,12.625030517578125,9.995355606079102,False,1.3133209222360165e-06
-2,23,ref_mean,-1,0.8026086688041687,0.48399147391319275,False,0.1042662262916565
-2,24,ref_mean,-1,8.123753547668457,9.476724624633789,False,0.00040416326373815536
-2,25,ref_mean,-1,1.9884761571884155,5.1270294189453125,False,0.10072850435972214
-2,27,ref_mean,-1,0.360279381275177,0.5309332609176636,True,0.17862796783447266
-2,28,ref_mean,-1,8.060050964355469,6.858514308929443,False,0.00025452885893173516
-2,29,ref_mean,-1,4.1608099937438965,4.880784034729004,False,0.0007145344861783087
-2,30,ref_mean,-1,6.09682559967041,2.864198684692383,False,4.8908328608376905e-05
-2,31,ref_mean,-1,4.323906898498535,5.875250816345215,False,0.005902568809688091
510,32,orig,-1,0.022160306572914124,0.018361471593379974,True,0.5166516304016113
526,33,orig,-1,0.003995758946985006,0.004574838560074568,True,0.48228004574775696
542,34,orig,-1,0.011188281700015068,0.011333039030432701,True,0.2687651813030243
558,35,orig,-1,0.016398627310991287,0.016619272530078888,True,0.19395659863948822
574,36,orig,-1,0.04015430808067322,0.03953603655099869,True,0.3347981870174408
590,37,orig,-1,0.012577630579471588,0.011729402467608452,True,0.2547455430030823
606,38,orig,-1,0.05504447594285011,0.05135812610387802,True,0.21440541744232178
622,39,orig,-1,0.04175544157624245,0.031911153346300125,True,0.6606698632240295
638,40,orig,-1,0.013581335544586182,0.013202989473938942,False,0.20473594963550568
654,41,orig,-1,0.02522595413029194,0.025322280824184418,True,0.24114175140857697
670,42,orig,-1,0.007203118409961462,0.007153796497732401,True,0.2989378571510315
686,43,orig,-1,0.016264384612441063,0.016325723379850388,True,0.2783949673175812
702,44,orig,-1,0.009657722897827625,0.01058102585375309,True,0.39352941513061523
718,45,orig,-1,0.0170622318983078,0.016995936632156372,True,0.17231912910938263
734,46,orig,-1,0.016220159828662872,0.013969983905553818,True,0.8498764634132385
750,47,orig,-1,0.017686840146780014,0.01726691797375679,True,0.25063303112983704
511,32,contradict,0,0.020459100604057312,0.01777246966958046,True,0.5122626423835754
527,33,contradict,0,0.0023264274932444096,0.002399391494691372,True,0.4927477240562439
543,34,contradict,0,0.009771057404577732,0.009821620769798756,True,0.28615856170654297
559,35,contradict,0,0.020985150709748268,0.021025432273745537,True,0.20220990478992462
575,36,contradict,0,0.045869335532188416,0.04504197835922241,True,0.3157075047492981
591,37,contradict,0,0.013751831836998463,0.013677015900611877,True,0.250715970993042
607,38,contradict,0,0.05193008482456207,0.04733959957957268,True,0.22776640951633453
623,39,contradict,0,0.036551669239997864,0.029161885380744934,True,0.6525091528892517
639,40,contradict,0,0.009037680923938751,0.008727474138140678,False,0.21684588491916656
655,41,contradict,0,0.02040359005331993,0.019794661551713943,True,0.24090686440467834
671,42,contradict,0,0.007491998374462128,0.0074807158671319485,True,0.29843688011169434
687,43,contradict,0,0.024690479040145874,0.0227365680038929,True,0.2556706368923187
703,44,contradict,0,0.008143654093146324,0.008802558295428753,True,0.40366673469543457
719,45,contradict,0,0.01975301094353199,0.019934166222810745,True,0.16553430259227753
735,46,contradict,0,0.01519116759300232,0.013168425299227238,True,0.8482038378715515
751,47,contradict,0,0.030857667326927185,0.03222738578915596,True,0.25934723019599915
512,32,delete,0,0.02120949514210224,0.017811259254813194,True,0.5122882723808289
528,33,delete,0,0.00458267517387867,0.005206006579101086,True,0.49282553791999817
544,34,delete,0,0.008233572356402874,0.008222348988056183,True,0.28190284967422485
560,35,delete,0,0.019622551277279854,0.01989322155714035,True,0.20060083270072937
576,36,delete,0,0.050332389771938324,0.04865574091672897,True,0.33260154724121094
592,37,delete,0,0.013135945424437523,0.012907592579722404,True,0.2568805515766144
608,38,delete,0,0.05203414708375931,0.04743955656886101,True,0.22151489555835724
624,39,delete,0,0.03324570879340172,0.026917051523923874,True,0.6500954627990723
640,40,delete,0,0.007823752239346504,0.007639929186552763,False,0.21607014536857605
656,41,delete,0,0.02195139043033123,0.021914198994636536,True,0.2410319447517395
672,42,delete,0,0.008486988954246044,0.008519732393324375,True,0.2970409691333771
688,43,delete,0,0.01977100409567356,0.0184938944876194,True,0.26294854283332825
704,44,delete,0,0.010946819558739662,0.011666953563690186,True,0.3855920135974884
720,45,delete,0,0.01896512880921364,0.019016459584236145,True,0.16184933483600616
736,46,delete,0,0.012445519678294659,0.011030285619199276,True,0.8416451215744019
752,47,delete,0,0.022397661581635475,0.023007608950138092,True,0.2399025410413742
513,32,contradict,1,0.021414995193481445,0.017056718468666077,True,0.537854015827179
529,33,contradict,1,0.002386912237852812,0.002626224886626005,True,0.4845961332321167
545,34,contradict,1,0.008171873167157173,0.008298607543110847,True,0.2769855558872223
561,35,contradict,1,0.019783014431595802,0.019524680450558662,True,0.20911036431789398
577,36,contradict,1,0.036722175776958466,0.035288821905851364,True,0.3230600953102112
593,37,contradict,1,0.019460076466202736,0.017680596560239792,True,0.24683378636837006
609,38,contradict,1,0.0504046194255352,0.04642364755272865,True,0.2283172458410263
625,39,contradict,1,0.047488193958997726,0.03525251895189285,True,0.6631790399551392
641,40,contradict,1,0.0201434213668108,0.01961401104927063,False,0.18750105798244476
657,41,contradict,1,0.023815007880330086,0.02382349595427513,True,0.23957382142543793
673,42,contradict,1,0.012847132980823517,0.012835177592933178,False,0.2859410047531128
689,43,contradict,1,0.009328965097665787,0.0091840960085392,True,0.25162920355796814
705,44,contradict,1,0.007740753702819347,0.008423568680882454,True,0.41415607929229736
721,45,contradict,1,0.01704500988125801,0.01715930551290512,True,0.17180517315864563
737,46,contradict,1,0.014998958446085453,0.013011375442147255,True,0.8481701612472534
753,47,contradict,1,0.016428016126155853,0.016447005793452263,False,0.21412059664726257
514,32,delete,1,0.025091400370001793,0.020622901618480682,True,0.5459313988685608
530,33,delete,1,0.0058294301852583885,0.006282265763729811,True,0.45960140228271484
546,34,delete,1,0.007669216021895409,0.0077651627361774445,True,0.27657943964004517
562,35,delete,1,0.025087283924221992,0.024767771363258362,False,0.19346322119235992
578,36,delete,1,0.0414913147687912,0.04162995517253876,True,0.2998349964618683
594,37,delete,1,0.018054572865366936,0.016781732439994812,True,0.2646191120147705
610,38,delete,1,0.04993211477994919,0.04598871245980263,True,0.2240334004163742
626,39,delete,1,0.04394718259572983,0.0331876240670681,True,0.6615849137306213
642,40,delete,1,0.013853783719241619,0.013277057558298111,False,0.20069339871406555
658,41,delete,1,0.024018360301852226,0.024361521005630493,True,0.2286558300256729
674,42,delete,1,0.007165675051510334,0.007143665105104446,True,0.298501193523407
690,43,delete,1,0.010248773731291294,0.010038277134299278,True,0.2465699017047882
706,44,delete,1,0.010852686129510403,0.01168746966868639,True,0.38848522305488586
722,45,delete,1,0.01690664142370224,0.016908684745430946,True,0.17182916402816772
738,46,delete,1,0.01924162730574608,0.016444340348243713,True,0.8549999594688416
754,47,delete,1,0.013441147282719612,0.012276366353034973,True,0.2379431128501892
515,32,contradict,2,0.028860319405794144,0.02331257052719593,True,0.5291630029678345
531,33,contradict,2,0.006356284022331238,0.010092552751302719,True,0.50188809633255
547,34,contradict,2,5.16105842590332,7.0276875495910645,False,0.001683627488091588
563,35,contradict,2,0.013241294771432877,0.013510382734239101,True,0.2057594507932663
579,36,contradict,2,0.1282973289489746,0.12549357116222382,True,0.21106958389282227
595,37,contradict,2,0.014973882585763931,0.01383291557431221,True,0.2480010837316513
611,38,contradict,2,0.054135363548994064,0.05058929696679115,True,0.21616457402706146
627,39,contradict,2,0.04761294275522232,0.03839010000228882,True,0.6463248133659363
643,40,contradict,2,2.060053825378418,2.475489616394043,True,0.24359706044197083
659,41,contradict,2,0.015336873941123486,0.014801179058849812,True,0.23948541283607483
675,42,contradict,2,0.003093911800533533,0.0030693989247083664,True,0.328580379486084
691,43,contradict,2,0.01641775108873844,0.01612967625260353,True,0.27095428109169006
707,44,contradict,2,0.007703931536525488,0.008214376866817474,True,0.4059654176235199
723,45,contradict,2,0.01545758917927742,0.015373697504401207,True,0.17809753119945526
739,46,contradict,2,0.015443883836269379,0.014140624552965164,True,0.8383646011352539
755,47,contradict,2,0.012353355996310711,0.01116822101175785,True,0.23370413482189178
516,32,delete,2,0.02373581752181053,0.019424671307206154,True,0.517358660697937
532,33,delete,2,0.00396678177639842,0.004544096998870373,True,0.4823702871799469
548,34,delete,2,0.009102370589971542,0.009265879169106483,True,0.2568240165710449
564,35,delete,2,0.01878347620368004,0.019250882789492607,True,0.19990479946136475
580,36,delete,2,0.060066819190979004,0.05891604721546173,True,0.35910025238990784
596,37,delete,2,0.013182506896555424,0.012068572454154491,True,0.25128528475761414
612,38,delete,2,0.056548263877630234,0.052514269948005676,True,0.21780863404273987
628,39,delete,2,0.04619189351797104,0.03483307361602783,True,0.6562758684158325
644,40,delete,2,0.01851651445031166,0.019371801987290382,True,0.25336000323295593
660,41,delete,2,0.022768396884202957,0.022960921749472618,True,0.232656791806221
676,42,delete,2,0.006691562943160534,0.006702779792249203,True,0.3015293478965759
692,43,delete,2,0.01471809484064579,0.014568030834197998,True,0.2697337567806244
708,44,delete,2,2.6801750659942627,0.5527645945549011,True,0.5041757822036743
724,45,delete,2,0.016844743862748146,0.016736866906285286,True,0.17222045361995697
740,46,delete,2,0.01946306973695755,0.016701452434062958,True,0.8518316745758057
756,47,delete,2,0.009313931688666344,0.008715975098311901,False,0.22331859171390533
517,32,contradict,3,0.02419266290962696,0.020305076614022255,True,0.5401933789253235
533,33,contradict,3,0.004025707021355629,0.004612318240106106,True,0.482168972492218
549,34,contradict,3,0.00912731047719717,0.009203552268445492,True,0.2793380916118622
565,35,contradict,3,0.018190063536167145,0.017849324271082878,True,0.21579746901988983
581,36,contradict,3,0.17277318239212036,0.131697416305542,True,0.3554794490337372
597,37,contradict,3,0.009382707066833973,0.009052670560777187,True,0.24178852140903473
613,38,contradict,3,0.0553816482424736,0.05129086598753929,True,0.22589656710624695
629,39,contradict,3,0.046960145235061646,0.03483111783862114,True,0.6616905331611633
645,40,contradict,3,0.008830755949020386,0.008458836004137993,False,0.218738853931427
661,41,contradict,3,0.02262994647026062,0.023121055215597153,True,0.23231728374958038
677,42,contradict,3,0.008197366259992123,0.008204398676753044,True,0.296653687953949
693,43,contradict,3,0.01840898208320141,0.018126392737030983,True,0.2740572690963745
709,44,contradict,3,0.018428493291139603,0.02074725739657879,True,0.37098580598831177
725,45,contradict,3,0.023292671889066696,0.023408526554703712,True,0.17778132855892181
741,46,contradict,3,0.01602579839527607,0.013676399365067482,True,0.8470430970191956
757,47,contradict,3,0.019431091845035553,0.01883024536073208,True,0.24632059037685394
518,32,delete,3,0.02172999083995819,0.018146324902772903,True,0.516601026058197
534,33,delete,3,0.004023049958050251,0.004607690032571554,True,0.48219040036201477
550,34,delete,3,0.0133047541603446,0.013310513459146023,True,0.2774154543876648
566,35,delete,3,0.01912606880068779,0.018953781574964523,True,0.20500048995018005
582,36,delete,3,0.16773170232772827,0.1386946737766266,True,0.3984456956386566
598,37,delete,3,0.01406202744692564,0.013873003423213959,True,0.2619656026363373
614,38,delete,3,0.05412190407514572,0.04929879307746887,True,0.23694805800914764
630,39,delete,3,0.033473849296569824,0.025514034554362297,True,0.6318405866622925
646,40,delete,3,0.01456105150282383,0.014143252745270729,False,0.207291379570961
662,41,delete,3,0.01917934976518154,0.01934819668531418,True,0.22535809874534607
678,42,delete,3,0.00711100222542882,0.007083977106958628,True,0.29878494143486023
694,43,delete,3,0.0175575390458107,0.01732070930302143,True,0.27312323451042175
710,44,delete,3,0.008181527256965637,0.008318808861076832,True,0.40861016511917114
726,45,delete,3,0.019974153488874435,0.020163770765066147,True,0.17194324731826782
742,46,delete,3,0.013425684534013271,0.011757275089621544,True,0.8423155546188354
758,47,delete,3,0.023383595049381256,0.024026211351156235,True,0.24683870375156403
519,32,paraphrase,-1,0.02443191222846508,0.020720908418297768,True,0.5238496661186218
535,33,paraphrase,-1,0.003993007820099592,0.004572870675474405,True,0.48225346207618713
551,34,paraphrase,-1,0.011441372334957123,0.011542584747076035,True,0.26935499906539917
567,35,paraphrase,-1,0.01969953626394272,0.019949933513998985,True,0.19854900240898132
583,36,paraphrase,-1,0.03886736184358597,0.03861882537603378,True,0.3351605236530304
599,37,paraphrase,-1,0.011145345866680145,0.010479186661541462,True,0.24695421755313873
615,38,paraphrase,-1,0.053021207451820374,0.04892108961939812,True,0.2250053882598877
631,39,paraphrase,-1,0.04145016521215439,0.03164396062493324,True,0.6601786017417908
647,40,paraphrase,-1,0.012229185551404953,0.01217399351298809,False,0.2133205235004425
663,41,paraphrase,-1,0.025167329236865044,0.02536982297897339,True,0.24033640325069427
679,42,paraphrase,-1,0.007193009834736586,0.007160451263189316,True,0.2986486554145813
695,43,paraphrase,-1,0.016283581033349037,0.01634518802165985,True,0.2784661650657654
711,44,paraphrase,-1,0.009660113602876663,0.010582282207906246,True,0.3934265971183777
727,45,paraphrase,-1,0.017732828855514526,0.01784607768058777,True,0.16312488913536072
743,46,paraphrase,-1,0.017446476966142654,0.014966093003749847,True,0.8518465161323547
759,47,paraphrase,-1,0.01748502627015114,0.017109360545873642,True,0.2505432069301605
520,32,translate,-1,0.025751080363988876,0.02204481139779091,True,0.5558866858482361
536,33,translate,-1,0.008753148838877678,0.008810706436634064,True,0.5444651246070862
552,34,translate,-1,0.007980909198522568,0.007859407924115658,True,0.3003835380077362
568,35,translate,-1,0.017567675560712814,0.01755812205374241,True,0.2040790617465973
584,36,translate,-1,0.03991221636533737,0.039331305772066116,True,0.31942471861839294
600,37,translate,-1,0.010166717693209648,0.00961543433368206,True,0.2420271784067154
616,38,translate,-1,0.047916390001773834,0.044002532958984375,True,0.22769245505332947
632,39,translate,-1,0.041856661438941956,0.032005466520786285,True,0.6614922881126404
648,40,translate,-1,0.034934982657432556,0.03363883122801781,False,0.18559503555297852
664,41,translate,-1,0.0245234165340662,0.02494780719280243,True,0.23664812743663788
680,42,translate,-1,0.006802483461797237,0.006819624453783035,True,0.30135577917099
696,43,translate,-1,0.009616159833967686,0.009432289749383926,True,0.2559479773044586
712,44,translate,-1,0.006877842824906111,0.0075191929936409,True,0.42160066962242126
728,45,translate,-1,0.022364718839526176,0.022229371592402458,True,0.16304391622543335
744,46,translate,-1,0.01617571711540222,0.013679258525371552,True,0.8471837639808655
760,47,translate,-1,0.019428342580795288,0.017684560269117355,True,0.23817065358161926
521,32,polarity,-1,0.02282336913049221,0.019014829769730568,True,0.5183483958244324
537,33,polarity,-1,0.004013644531369209,0.004596750717610121,True,0.4822491407394409
553,34,polarity,-1,0.01168861798942089,0.01189790852367878,True,0.2709265351295471
569,35,polarity,-1,0.016597479581832886,0.0167399849742651,True,0.19612598419189453
585,36,polarity,-1,0.03819986432790756,0.03748086839914322,True,0.33646827936172485
601,37,polarity,-1,0.010549288243055344,0.009968051686882973,True,0.24957510828971863
617,38,polarity,-1,0.04839003086090088,0.04396233335137367,True,0.24339254200458527
633,39,polarity,-1,0.035543449223041534,0.02675149403512478,True,0.6330162882804871
649,40,polarity,-1,0.020171958953142166,0.020079735666513443,False,0.1998283863067627
665,41,polarity,-1,0.021393967792391777,0.021326515823602676,True,0.24750062823295593
681,42,polarity,-1,0.007218949496746063,0.007179591339081526,True,0.2983936071395874
697,43,polarity,-1,0.015460961498320103,0.015539523214101791,True,0.2773284614086151
713,44,polarity,-1,0.012560723349452019,0.014157971367239952,True,0.3925926089286804
729,45,polarity,-1,0.017349552363157272,0.017355989664793015,True,0.17075106501579285
745,46,polarity,-1,0.015120450407266617,0.012958269566297531,True,0.8458842039108276
761,47,polarity,-1,0.01587797701358795,0.015244081616401672,True,0.2371671199798584
522,32,vocab,-1,0.022572821006178856,0.018819360062479973,True,0.5156838297843933
538,33,vocab,-1,0.004753000568598509,0.005187946371734142,True,0.46400904655456543
554,34,vocab,-1,0.007508418522775173,0.007562785875052214,True,0.27954432368278503
570,35,vocab,-1,0.026230810210108757,0.02709755301475525,True,0.19912871718406677
586,36,vocab,-1,0.03728518635034561,0.03610865771770477,True,0.33116286993026733
602,37,vocab,-1,0.012819339521229267,0.011974268592894077,True,0.24326850473880768
618,38,vocab,-1,0.0502203032374382,0.04608556628227234,True,0.2267458587884903
634,39,vocab,-1,0.03314299136400223,0.02679973468184471,True,0.6497234106063843
650,40,vocab,-1,0.008045023307204247,0.0077553861774504185,False,0.21741646528244019
666,41,vocab,-1,0.022732477635145187,0.022883154451847076,True,0.23111842572689056
682,42,vocab,-1,0.007185591384768486,0.007127644494175911,True,0.29844826459884644
698,43,vocab,-1,0.017808137461543083,0.017575260251760483,True,0.27228832244873047
714,44,vocab,-1,0.010039255954325199,0.011028284206986427,True,0.39289382100105286
730,45,vocab,-1,0.018742769956588745,0.018726207315921783,True,0.17213290929794312
746,46,vocab,-1,0.01615104079246521,0.013834455981850624,True,0.8454365134239197
762,47,vocab,-1,0.01316799595952034,0.01256359089165926,True,0.23044827580451965
523,32,cat,-1,7.727382183074951,18.9481143951416,False,2.730499363678973e-05
539,33,cat,-1,11.716287612915039,15.405590057373047,False,2.9919494863861473e-06
555,34,cat,2,2.272855281829834,9.206473350524902,False,0.016150619834661484
571,35,cat,3,0.800566554069519,4.019651889801025,True,0.17352892458438873
587,36,cat,-1,4.979617118835449,10.875277519226074,False,0.0057000997476279736
603,37,cat,3,7.329370975494385,11.864505767822266,False,2.4595453851361526e-06
619,38,cat,-1,4.257736682891846,10.385483741760254,False,0.0013609689194709063
635,39,cat,-1,6.974761962890625,15.17581844329834,False,0.000172897067386657
651,40,cat,2,6.579663276672363,15.928237915039062,False,0.0016535536851733923
667,41,cat,-1,5.936859607696533,12.267873764038086,False,0.00020734197460114956
683,42,cat,3,6.380502700805664,13.795089721679688,False,0.0003588819527067244
699,43,cat,3,0.1726354956626892,0.5087212920188904,True,0.2237054407596588
715,44,cat,-1,0.010165579617023468,0.011174652725458145,True,0.39535650610923767
731,45,cat,-1,3.9245429039001465,5.900846481323242,False,0.00038975238567218184
747,46,cat,2,0.1765834093093872,0.7720224857330322,True,0.8158659338951111
763,47,cat,-1,4.133005142211914,10.765935897827148,False,0.0019413495901972055
524,32,shuffle,-1,0.031455591320991516,0.025870880112051964,True,0.5579435229301453
540,33,shuffle,-1,0.003996670711785555,0.004576030652970076,True,0.48230546712875366
556,34,shuffle,-1,0.01079736091196537,0.010912902653217316,True,0.2713717818260193
572,35,shuffle,-1,0.026441551744937897,0.025574317201972008,True,0.2257615327835083
588,36,shuffle,-1,0.05898696929216385,0.05361536517739296,True,0.3394585847854614
604,37,shuffle,-1,0.008585535921156406,0.008047714829444885,True,0.23764294385910034
620,38,shuffle,-1,0.05413356050848961,0.0504712276160717,True,0.2432224005460739
636,39,shuffle,-1,0.048628710210323334,0.036327265202999115,True,0.657861590385437
652,40,shuffle,-1,0.023462016135454178,0.02350044995546341,False,0.2031019777059555
668,41,shuffle,-1,0.019573844969272614,0.020027490332722664,True,0.22824151813983917
684,42,shuffle,-1,0.00813004095107317,0.008141327649354935,True,0.2971639335155487
700,43,shuffle,-1,0.01641097664833069,0.01568887196481228,True,0.2483491152524948
716,44,shuffle,-1,0.019826512783765793,0.023372657597064972,True,0.3874166011810303
732,45,shuffle,-1,0.016191881150007248,0.016233734786510468,True,0.18460510671138763
748,46,shuffle,-1,0.024046655744314194,0.019927341490983963,True,0.8588462471961975
764,47,shuffle,-1,0.025082845240831375,0.02518986538052559,True,0.23680181801319122
525,32,unrelated,87,6.222176551818848,4.992687225341797,False,7.582869147881866e-05
541,33,unrelated,131,10.060276985168457,10.13885498046875,False,1.555101880512666e-05
557,34,unrelated,24,1.5524758100509644,2.7200968265533447,False,0.032486144453287125
573,35,unrelated,170,8.4425630569458,9.966449737548828,False,2.830030098266434e-05
589,36,unrelated,122,2.1375253200531006,2.860332727432251,False,0.07768543064594269
605,37,unrelated,113,10.724883079528809,12.490700721740723,False,3.174706080244505e-06
621,38,unrelated,226,2.292505979537964,1.2588021755218506,False,0.0003307304286863655
637,39,unrelated,41,0.6422763466835022,1.8842638731002808,False,0.203101247549057
653,40,unrelated,138,6.0232391357421875,7.63690185546875,False,9.479364234721288e-05
669,41,unrelated,171,9.424114227294922,8.931051254272461,False,3.819523954007309e-06
685,42,unrelated,108,6.713902473449707,8.893166542053223,False,1.4190049114404246e-05
701,43,unrelated,176,1.7394170761108398,4.6496100425720215,False,0.1442384421825409
717,44,unrelated,31,4.167316436767578,5.466957092285156,False,0.0019204630516469479
733,45,unrelated,164,6.085398197174072,5.4838948249816895,False,3.4703282381087774e-06
749,46,unrelated,56,5.278552532196045,13.181070327758789,False,0.0034811077639460564
765,47,unrelated,144,5.94851016998291,14.06765365600586,False,0.0003908603102900088
4124,32,resample,1,0.026471169665455818,0.025067025795578957,True,0.46515384316444397
4125,33,resample,1,0.005664682015776634,0.005799524486064911,True,0.5048568248748779
4126,34,resample,1,0.011640192940831184,0.011919546872377396,True,0.2721174657344818
4127,35,resample,1,0.015887144953012466,0.01687031425535679,True,0.19124621152877808
4128,36,resample,1,0.030789190903306007,0.031172774732112885,True,0.3326748013496399
4129,37,resample,1,0.037277646362781525,0.03315412625670433,False,0.225812166929245
4130,38,resample,1,0.03034374862909317,0.028602467849850655,True,0.23661686480045319
4131,39,resample,1,0.015841662883758545,0.01412893645465374,True,0.6011364459991455
4132,40,resample,1,0.041537120938301086,0.04008064046502113,False,0.16702555119991302
4133,41,resample,1,0.021236825734376907,0.02128184586763382,True,0.21824626624584198
4134,42,resample,1,0.006515469402074814,0.006519496440887451,True,0.3019637167453766
4135,43,resample,1,0.009042177349328995,0.008865537121891975,True,0.254116028547287
4136,44,resample,1,0.01758740097284317,0.021271657198667526,True,0.4036388397216797
4137,45,resample,1,0.015660762786865234,0.016031188890337944,True,0.16627177596092224
4138,46,resample,1,0.019582482054829597,0.016780853271484375,True,0.8528298735618591
4139,47,resample,1,0.028906621038913727,0.028066720813512802,True,0.27338147163391113
4188,32,resample,2,0.05199361965060234,0.04133466258645058,True,0.523659348487854
4189,33,resample,2,0.005944531410932541,0.005968449637293816,True,0.5303184390068054
4190,34,resample,2,0.0048034219071269035,0.005088702775537968,True,0.2829169034957886
4191,35,resample,2,0.01895175129175186,0.02006775513291359,True,0.19062663614749908
4192,36,resample,2,0.03253280371427536,0.03129435330629349,True,0.275077760219574
4193,37,resample,2,0.03785973787307739,0.036590248346328735,False,0.24240760505199432
4194,38,resample,2,0.07043943554162979,0.06764300912618637,True,0.19821739196777344
4195,39,resample,2,0.017490990459918976,0.015379254706203938,True,0.6001372933387756
4196,40,resample,2,0.024720177054405212,0.024059515446424484,False,0.18377135694026947
4197,41,resample,2,0.025501789525151253,0.026931099593639374,True,0.2202708125114441
4198,42,resample,2,0.002856805920600891,0.0028148505371063948,True,0.33271870017051697
4199,43,resample,2,0.024409644305706024,0.02347416803240776,True,0.2681981027126312
4200,44,resample,2,0.016493937000632286,0.01906328834593296,True,0.41946926712989807
4201,45,resample,2,0.026529816910624504,0.02786276862025261,True,0.16858315467834473
4202,46,resample,2,0.020509023219347,0.017387259751558304,True,0.8480040431022644
4203,47,resample,2,0.01337418146431446,0.011378013528883457,True,0.25176769495010376
4252,32,resample,3,0.01650901697576046,0.01469347532838583,True,0.5046899914741516
4253,33,resample,3,0.006797840818762779,0.007795938290655613,True,0.46543389558792114
4254,34,resample,3,0.0094926618039608,0.009352980181574821,True,0.2847177982330322
4255,35,resample,3,0.021870512515306473,0.0233805812895298,True,0.19271786510944366
4256,36,resample,3,0.05494067817926407,0.05448920652270317,True,0.25863680243492126
4257,37,resample,3,0.022447383031249046,0.021569686010479927,True,0.26461315155029297
4258,38,resample,3,0.04335013031959534,0.040707916021347046,True,0.2360602468252182
4259,39,resample,3,0.039786454290151596,0.029682163149118423,True,0.6360765695571899
4260,40,resample,3,0.021238071843981743,0.020478952676057816,False,0.18366718292236328
4261,41,resample,3,0.01615411788225174,0.016041109338402748,True,0.2275223284959793
4262,42,resample,3,0.007694026455283165,0.007613001391291618,True,0.2971230745315552
4263,43,resample,3,0.01940828748047352,0.019320394843816757,True,0.27952438592910767
4264,44,resample,3,0.020488789305090904,0.024051684886217117,True,0.421377569437027
4265,45,resample,3,0.016781292855739594,0.01695842295885086,True,0.1764470487833023
4266,46,resample,3,0.01306170504540205,0.011682355776429176,True,0.8350866436958313
4267,47,resample,3,0.02179749682545662,0.023433178663253784,True,0.2244841605424881
4316,32,resample,4,0.019397303462028503,0.01629028469324112,True,0.49475204944610596
4317,33,resample,4,0.010095320641994476,0.01168466079980135,True,0.44877561926841736
4318,34,resample,4,0.012695858255028725,0.012710554525256157,True,0.27113258838653564
4319,35,resample,4,0.02779904380440712,0.0265114177018404,True,0.21366405487060547
4320,36,resample,4,0.04575551301240921,0.04055771231651306,True,0.31161051988601685
4321,37,resample,4,0.05729926750063896,0.054118234664201736,False,0.1969633251428604
4322,38,resample,4,0.06870463490486145,0.06743741780519485,False,0.198056161403656
4323,39,resample,4,0.029081933200359344,0.02469337359070778,True,0.6473711133003235
4324,40,resample,4,0.03162882477045059,0.030361413955688477,False,0.17308580875396729
4325,41,resample,4,0.0187443345785141,0.018662769347429276,True,0.22928553819656372
4326,42,resample,4,0.0024994220584630966,0.002481963951140642,True,0.33139029145240784
4327,43,resample,4,0.016473881900310516,0.015566524118185043,True,0.2531670033931732
4328,44,resample,4,0.010373950004577637,0.011815163306891918,True,0.4075176417827606
4329,45,resample,4,0.026678645983338356,0.02760951966047287,True,0.15221872925758362
4330,46,resample,4,0.018286265432834625,0.015586014837026596,True,0.8534368276596069
4331,47,resample,4,0.03796966373920441,0.036020077764987946,True,0.2802790403366089
4380,32,resample,5,0.04343700408935547,0.03458043932914734,True,0.569214940071106
4381,33,resample,5,0.0038757342845201492,0.0038799531757831573,True,0.47390690445899963
4382,34,resample,5,0.00520771648734808,0.005364552140235901,True,0.2748599648475647
4383,35,resample,5,0.01753557287156582,0.017794277518987656,True,0.20149461925029755
4384,36,resample,5,0.018742099404335022,0.018801746889948845,True,0.31785038113594055
4385,37,resample,5,0.023502439260482788,0.02306651696562767,False,0.20332777500152588
4386,38,resample,5,0.04225519299507141,0.04196781665086746,True,0.20328779518604279
4387,39,resample,5,0.03927789628505707,0.0311017706990242,True,0.6529793739318848
4388,40,resample,5,0.023279841989278793,0.02241210639476776,False,0.19169467687606812
4389,41,resample,5,0.023026946932077408,0.023320505395531654,True,0.2351229190826416
4390,42,resample,5,0.0025574294850230217,0.0025339159183204174,True,0.3314487636089325
4391,43,resample,5,0.008283502422273159,0.008112151175737381,True,0.22891324758529663
4392,44,resample,5,0.007783875800669193,0.008156394585967064,True,0.44048911333084106
4393,45,resample,5,0.027844004333019257,0.028231974691152573,True,0.16653606295585632
4394,46,resample,5,0.01915265992283821,0.01607687585055828,True,0.8518385887145996
4395,47,resample,5,0.02638126350939274,0.026015281677246094,True,0.2701748013496399
4444,32,resample,6,0.028040798380970955,0.025119822472333908,True,0.4669339656829834
4445,33,resample,6,0.0022232122719287872,0.002288786694407463,True,0.5011621117591858
4446,34,resample,6,0.011841007508337498,0.01188245601952076,True,0.29141300916671753
4447,35,resample,6,0.026115693151950836,0.026118023321032524,False,0.18683606386184692
4448,36,resample,6,0.08920986950397491,0.07233637571334839,True,0.330169141292572
4449,37,resample,6,0.05518690496683121,0.05118654668331146,False,0.24794137477874756
4450,38,resample,6,0.07061327248811722,0.06753114610910416,False,0.19516922533512115
4451,39,resample,6,0.03540356457233429,0.02869988977909088,True,0.6515811085700989
4452,40,resample,6,0.03005981259047985,0.028533201664686203,False,0.16965675354003906
4453,41,resample,6,0.02246432937681675,0.02277567982673645,True,0.2553923726081848
4454,42,resample,6,0.006518593057990074,0.006490902975201607,True,0.30125918984413147
4455,43,resample,6,0.025907987728714943,0.02496260032057762,True,0.2766472399234772
4456,44,resample,6,0.020022587850689888,0.020781010389328003,True,0.363180935382843
4457,45,resample,6,0.01578102633357048,0.01615084335207939,True,0.16748417913913727
4458,46,resample,6,0.02280610054731369,0.019244298338890076,True,0.8548668026924133
4459,47,resample,6,0.030275605618953705,0.03265497088432312,True,0.2442655861377716
4508,32,resample,7,0.03707030788064003,0.03035733290016651,True,0.5401979088783264
4509,33,resample,7,0.01268531009554863,0.0130095724016428,True,0.549528956413269
4510,34,resample,7,0.01511191576719284,0.01548786647617817,True,0.27443721890449524
4511,35,resample,7,0.017530176788568497,0.018059711903333664,True,0.20027068257331848
4512,36,resample,7,0.044513870030641556,0.04099506512284279,True,0.29543009400367737
4513,37,resample,7,0.018651461228728294,0.017259396612644196,True,0.24852986633777618
4514,38,resample,7,0.04010521620512009,0.03615758195519447,True,0.30741217732429504
4515,39,resample,7,0.015615575015544891,0.013877147808670998,True,0.619259774684906
4516,40,resample,7,0.043948739767074585,0.041774969547986984,False,0.16717836260795593
4517,41,resample,7,0.015730667859315872,0.015551255084574223,True,0.23741298913955688
4518,42,resample,7,0.005810174159705639,0.005810118746012449,True,0.3049718737602234
4519,43,resample,7,0.015542836859822273,0.015526045113801956,True,0.2264825403690338
4520,44,resample,7,0.014072582125663757,0.015223486348986626,True,0.385306715965271
4521,45,resample,7,0.0187754575163126,0.019359977915883064,True,0.16125726699829102
4522,46,resample,7,0.01204609964042902,0.010574371553957462,True,0.829815149307251
4523,47,resample,7,0.03142619878053665,0.030439823865890503,True,0.27158790826797485
4572,32,resample,8,0.020207479596138,0.01757575385272503,True,0.4920685589313507
4573,33,resample,8,0.005027111619710922,0.004949573427438736,True,0.5323604941368103
4574,34,resample,8,0.0050939759239554405,0.005380013957619667,True,0.27561506628990173
4575,35,resample,8,0.020843666046857834,0.022625569254159927,True,0.198207825422287
4576,36,resample,8,0.06444595009088516,0.05668278783559799,True,0.34125909209251404
4577,37,resample,8,0.01989329606294632,0.01903233863413334,True,0.2541835904121399
4578,38,resample,8,0.03979632630944252,0.037596557289361954,True,0.24016031622886658
4579,39,resample,8,0.01901044324040413,0.01631569117307663,True,0.5933747291564941
4580,40,resample,8,0.030760765075683594,0.030054621398448944,False,0.1828877478837967
4581,41,resample,8,0.02067556604743004,0.020693402737379074,True,0.22268585860729218
4582,42,resample,8,0.002849982585757971,0.0028214401099830866,True,0.32673129439353943
4583,43,resample,8,0.02413639798760414,0.023015528917312622,True,0.26231902837753296
4584,44,resample,8,0.015168605372309685,0.01566515490412712,True,0.4596339166164398
4585,45,resample,8,0.019665155559778214,0.01964530348777771,True,0.18581651151180267
4586,46,resample,8,0.0072871786542236805,0.006756370887160301,True,0.8211410045623779
4587,47,resample,8,0.025717515498399734,0.026207994669675827,True,0.2501714527606964
-1,32,ref_identity,-1,0.0,0.0,True,0.500995934009552
-1,33,ref_identity,-1,0.0,0.0,True,0.49446314573287964
-1,34,ref_identity,-1,0.0,0.0,True,0.2881022095680237
-1,35,ref_identity,-1,0.0,0.0,True,0.21658332645893097
-1,36,ref_identity,-1,0.0,0.0,True,0.3023439943790436
-1,37,ref_identity,-1,0.0,0.0,True,0.2255595326423645
-1,38,ref_identity,-1,0.0,0.0,True,0.2563881576061249
-1,39,ref_identity,-1,0.0,0.0,True,0.5803152918815613
-1,40,ref_identity,-1,0.0,0.0,True,0.23850926756858826
-1,41,ref_identity,-1,0.0,0.0,True,0.24818356335163116
-1,42,ref_identity,-1,0.0,0.0,True,0.34329289197921753
-1,43,ref_identity,-1,0.0,0.0,True,0.21571403741836548
-1,44,ref_identity,-1,0.0,0.0,True,0.4335725009441376
-1,45,ref_identity,-1,0.0,0.0,True,0.19312427937984467
-1,46,ref_identity,-1,0.0,0.0,True,0.7939298748970032
-1,47,ref_identity,-1,0.0,0.0,True,0.23978391289710999
-2,32,ref_mean,-1,3.358322858810425,6.042049407958984,False,0.0023810071870684624
-2,33,ref_mean,-1,6.310319900512695,9.885156631469727,False,0.0012880769791081548
-2,34,ref_mean,-1,0.14224466681480408,0.370806485414505,True,0.3444913327693939
-2,35,ref_mean,-1,0.5581841468811035,0.876830518245697,True,0.19800996780395508
-2,36,ref_mean,-1,2.5756704807281494,4.498578071594238,True,0.05597260966897011
-2,37,ref_mean,-1,3.769253730773926,7.536008358001709,False,0.01480787806212902
-2,38,ref_mean,-1,0.8796216249465942,1.491994857788086,False,0.07444977760314941
-2,39,ref_mean,-1,4.88690710067749,10.398064613342285,False,0.0021514114923775196
-2,40,ref_mean,-1,1.9004387855529785,1.435342788696289,True,0.29893264174461365
-2,41,ref_mean,-1,4.123470306396484,7.588243007659912,False,0.005723132286220789
-2,42,ref_mean,-1,0.4710931181907654,1.896559238433838,True,0.18403741717338562
-2,43,ref_mean,-1,0.25184205174446106,0.9717467427253723,True,0.1409105658531189
-2,44,ref_mean,-1,0.08951172232627869,0.21010813117027283,True,0.44467052817344666
-2,45,ref_mean,-1,3.6151204109191895,3.2289373874664307,False,0.00017453418695367873
-2,46,ref_mean,-1,1.2461669445037842,3.10248064994812,True,0.18971845507621765
-2,47,ref_mean,-1,2.331113815307617,4.258996963500977,False,0.08169148117303848
766,48,orig,-1,0.012986816465854645,0.013344203121960163,True,0.06997373700141907
780,49,orig,-1,0.06259945034980774,0.0642671063542366,True,0.34334057569503784
796,50,orig,-1,0.0033415108919143677,0.0036879535764455795,True,0.8814145922660828
812,51,orig,-1,0.0009754395578056574,0.0010521949734538794,True,0.9676055312156677
828,52,orig,-1,0.04707539081573486,0.04970688372850418,False,0.15169793367385864
844,53,orig,-1,0.008658427745103836,0.008788194507360458,True,0.1504865288734436
860,54,orig,-1,0.04855068400502205,0.05564821511507034,True,0.29356780648231506
876,55,orig,-1,0.002299361163750291,0.002276722574606538,True,0.4826946258544922
892,56,orig,-1,0.16036801040172577,0.13227824866771698,True,0.2878287434577942
908,57,orig,-1,0.03549249470233917,0.02934712916612625,True,0.8591640591621399
924,58,orig,-1,0.023467427119612694,0.021602680906653404,True,0.23614059388637543
940,59,orig,-1,0.019684193655848503,0.016811855137348175,True,0.8484234809875488
956,60,orig,-1,0.028974350541830063,0.026083841919898987,True,0.610183835029602
972,61,orig,-1,0.04607198387384415,0.044141486287117004,False,0.05357252433896065
988,62,orig,-1,0.24623769521713257,0.24967393279075623,True,0.22503958642482758
1004,63,orig,-1,0.006983946543186903,0.006639576982706785,True,0.5912837386131287
767,48,contradict,0,0.016328852623701096,0.017056256532669067,True,0.07253465056419373
781,49,contradict,0,0.026432091370224953,0.02714267373085022,True,0.29513004422187805
797,50,contradict,0,0.0032399985939264297,0.003545111045241356,True,0.882485032081604
813,51,contradict,0,0.0018280197400599718,0.002087492262944579,True,0.9644302129745483
829,52,contradict,0,0.05437177047133446,0.05866982787847519,False,0.141066312789917
845,53,contradict,0,0.0065667228773236275,0.006708049681037664,True,0.14168082177639008
861,54,contradict,0,0.15866351127624512,0.18833518028259277,True,0.20906788110733032
877,55,contradict,0,0.008230953477323055,0.008242878131568432,False,0.4514106810092926
893,56,contradict,0,0.08291751146316528,0.0832662358880043,True,0.23418599367141724
909,57,contradict,0,0.02769073098897934,0.02273988351225853,True,0.8687434792518616
925,58,contradict,0,0.015871558338403702,0.015515998005867004,True,0.2381521463394165
941,59,contradict,0,0.02396005019545555,0.020298196002840996,True,0.8519712686538696
957,60,contradict,0,0.025937965139746666,0.023986540734767914,True,0.5854169130325317
973,61,contradict,0,0.04829411208629608,0.0497959703207016,False,0.07453806698322296
989,62,contradict,0,0.2638782858848572,0.2647990882396698,True,0.21830442547798157
1005,63,contradict,0,0.014317880384624004,0.012719832360744476,True,0.6206580996513367
768,48,delete,0,0.013803401961922646,0.01424188818782568,True,0.06724296510219574
782,49,delete,0,0.06459911167621613,0.06455332040786743,True,0.33226320147514343
798,50,delete,0,0.0025021154433488846,0.002702692523598671,True,0.8854387998580933
814,51,delete,0,0.001023812685161829,0.0010985257104039192,True,0.9675464034080505
830,52,delete,0,0.08826364576816559,0.09211500734090805,False,0.14213888347148895
846,53,delete,0,0.010308807715773582,0.010480280965566635,False,0.14039012789726257
862,54,delete,0,0.08527186512947083,0.09941743314266205,True,0.265910267829895
878,55,delete,0,0.003464848268777132,0.003509787144139409,True,0.477589875459671
894,56,delete,0,0.11606300622224808,0.09963279962539673,True,0.2613091766834259
910,57,delete,0,0.030482681468129158,0.023773200809955597,True,0.8708057999610901
926,58,delete,0,0.016001228243112564,0.015600701794028282,True,0.23857222497463226
942,59,delete,0,0.017317896708846092,0.014865070581436157,True,0.8408768773078918
958,60,delete,0,0.03204695135354996,0.028530867770314217,True,0.6172358393669128
974,61,delete,0,0.04458876699209213,0.04384815692901611,False,0.05980559065937996
990,62,delete,0,0.3413979113101959,0.3497181534767151,False,0.18066927790641785
1006,63,delete,0,0.033179186284542084,0.03033534064888954,True,0.6553266048431396
769,48,contradict,1,0.014544464647769928,0.015031657181680202,True,0.07161672413349152
783,49,contradict,1,0.044162385165691376,0.046040523797273636,True,0.2963908612728119
799,50,contradict,1,0.0012779384851455688,0.0013923337683081627,True,0.8936406970024109
815,51,contradict,1,0.0007410286925733089,0.0007814641576260328,True,0.9686082005500793
831,52,contradict,1,0.04608205705881119,0.049761027097702026,False,0.15630242228507996
847,53,contradict,1,0.01063445396721363,0.010698497295379639,False,0.1393779218196869
863,54,contradict,1,0.04679126292467117,0.053838301450014114,True,0.293708860874176
879,55,contradict,1,0.005553670693188906,0.005819933954626322,True,0.526377260684967
895,56,contradict,1,0.12175431102514267,0.10126876085996628,True,0.27635636925697327
911,57,contradict,1,0.03484175354242325,0.028711721301078796,True,0.8598243594169617
927,58,contradict,1,0.023561816662549973,0.021678201854228973,True,0.2358526885509491
943,59,contradict,1,0.01908782869577408,0.016400696709752083,True,0.8480290770530701
959,60,contradict,1,0.0251234732568264,0.023430628702044487,True,0.5807915925979614
975,61,contradict,1,0.0488564670085907,0.04691851884126663,False,0.05198219045996666
991,62,contradict,1,0.23460476100444794,0.24377480149269104,True,0.21266481280326843
1007,63,contradict,1,0.0057967668399214745,0.005497175268828869,True,0.5960827469825745
770,48,delete,1,0.013707759790122509,0.014098764397203922,True,0.07070789486169815
784,49,delete,1,0.05558129772543907,0.05844922736287117,True,0.31980302929878235
800,50,delete,1,0.0013087373226881027,0.0014266446232795715,True,0.8938106894493103
816,51,delete,1,0.0010678729740902781,0.0011599557474255562,True,0.9671397805213928
832,52,delete,1,0.04795274883508682,0.05051257088780403,False,0.15198330581188202
848,53,delete,1,0.011225782334804535,0.011436820030212402,False,0.14105069637298584
864,54,delete,1,0.049199070781469345,0.05652887374162674,True,0.2938483655452728
880,55,delete,1,0.0032453604508191347,0.003271364141255617,True,0.5330805778503418
896,56,delete,1,0.13965058326721191,0.11581122130155563,True,0.29272356629371643
912,57,delete,1,0.03523656725883484,0.02916596457362175,True,0.8590484261512756
928,58,delete,1,0.02216419018805027,0.020743513479828835,True,0.24104225635528564
944,59,delete,1,0.020865794271230698,0.017839722335338593,True,0.8505673408508301
960,60,delete,1,0.029432525858283043,0.02652079239487648,True,0.6110426783561707
976,61,delete,1,0.047121934592723846,0.04532961919903755,False,0.054313838481903076
992,62,delete,1,0.24024423956871033,0.2440134584903717,True,0.2268267720937729
1008,63,delete,1,0.00620438065379858,0.005812300369143486,True,0.5967649817466736
771,48,contradict,2,0.00925150141119957,0.009408308193087578,True,0.07163829356431961
785,49,contradict,2,0.0807458683848381,0.07901687175035477,True,0.3440244793891907
801,50,contradict,2,0.0038444027304649353,0.004251390695571899,True,0.8796619772911072
817,51,contradict,2,0.001349559286609292,0.001486946945078671,True,0.9663372039794922
833,52,contradict,2,0.04683975875377655,0.049249108880758286,False,0.15938325226306915
849,53,contradict,2,4.984278678894043,8.846843719482422,False,0.0009743489208631217
865,54,contradict,2,0.03619607910513878,0.03999032452702522,True,0.29406195878982544
881,55,contradict,2,0.0034113151486963034,0.0034378841519355774,True,0.4780009984970093
897,56,contradict,2,0.12613645195960999,0.10746419429779053,True,0.2712920308113098
913,57,contradict,2,3.5574398040771484,12.7255277633667,False,0.02670932188630104
929,58,contradict,2,9.520044326782227,8.894986152648926,False,8.671063937981671e-07
945,59,contradict,2,0.018277760595083237,0.015883471816778183,True,0.8361037373542786
961,60,contradict,2,0.032592903822660446,0.02918839640915394,True,0.614189624786377
977,61,contradict,2,9.442569732666016,7.510821342468262,False,1.724545654724352e-06
993,62,contradict,2,0.22706007957458496,0.20903147757053375,True,0.2890566289424896
1009,63,contradict,2,0.22167955338954926,0.23741847276687622,False,0.290444940328598
772,48,delete,2,0.011144779622554779,0.011401916854083538,True,0.06969393789768219
786,49,delete,2,0.087959423661232,0.08696945756673813,True,0.32838231325149536
802,50,delete,2,0.003237711265683174,0.003561299294233322,True,0.8815621733665466
818,51,delete,2,0.0020580394193530083,0.002363149542361498,True,0.963606595993042
834,52,delete,2,0.044807929545640945,0.047549936920404434,False,0.16030769050121307
850,53,delete,2,0.011627757921814919,0.011852150782942772,True,0.14031194150447845
866,54,delete,2,0.023002542555332184,0.02527514100074768,True,0.3276054263114929
882,55,delete,2,0.008080501109361649,0.00806533731520176,False,0.45151785016059875
898,56,delete,2,0.13741810619831085,0.11418334394693375,True,0.2886466383934021
914,57,delete,2,0.04164992272853851,0.03529215231537819,True,0.8581756949424744
930,58,delete,2,0.02579641528427601,0.025574764236807823,True,0.23724961280822754
946,59,delete,2,0.015107756480574608,0.013722655363380909,True,0.8145405054092407
962,60,delete,2,0.031639643013477325,0.028151707723736763,True,0.6136310696601868
978,61,delete,2,0.045499011874198914,0.0437793955206871,False,0.056049834936857224
994,62,delete,2,0.22928979992866516,0.21641753613948822,True,0.2849872410297394
1010,63,delete,2,0.007446687668561935,0.007065278943628073,True,0.5916458964347839
773,48,paraphrase,-1,0.013153682462871075,0.013473136350512505,True,0.06915086507797241
787,49,contradict,3,0.050277967005968094,0.05161523073911667,True,0.31942641735076904
803,50,contradict,3,0.005724061280488968,0.0063713546842336655,True,0.8725452423095703
819,51,contradict,3,0.0002609375515021384,0.00027676636818796396,True,0.9697872400283813
835,52,contradict,3,0.0500606931746006,0.053383082151412964,False,0.1483420729637146
851,53,contradict,3,0.011319991201162338,0.011592824012041092,False,0.1390577256679535
867,54,contradict,3,0.04472742974758148,0.052126042544841766,True,0.28055018186569214
883,55,contradict,3,0.008388395421206951,0.008412669412791729,False,0.45155343413352966
899,56,contradict,3,0.22755736112594604,0.18416659533977509,True,0.2966468632221222
915,57,contradict,3,0.0346410758793354,0.028600938618183136,True,0.8602001070976257
931,58,contradict,3,0.020675012841820717,0.01900629699230194,True,0.24278847873210907
947,59,contradict,3,0.01611735299229622,0.01391761377453804,True,0.8397341966629028
963,60,contradict,3,0.025075361132621765,0.026741143316030502,True,0.5296205282211304
979,61,contradict,3,0.04954148456454277,0.04769347235560417,False,0.053029101341962814
995,62,contradict,3,0.24804261326789856,0.22921743988990784,True,0.25650307536125183
1011,63,contradict,3,0.012296396307647228,0.011476493440568447,True,0.621518611907959
774,48,translate,-1,0.014827417209744453,0.015232563950121403,True,0.06620439141988754
788,49,delete,3,0.06444810330867767,0.06688020378351212,True,0.3411857485771179
804,50,delete,3,0.003391103819012642,0.003770986571907997,True,0.882565975189209
820,51,delete,3,0.0005240121390670538,0.0005420856759883463,True,0.9696065187454224
836,52,delete,3,0.04376630857586861,0.046869199723005295,False,0.1515568196773529
852,53,delete,3,0.01162794791162014,0.011910565197467804,False,0.1382022500038147
868,54,delete,3,0.05081865191459656,0.059587642550468445,True,0.2939710021018982
884,55,delete,3,0.002262806287035346,0.0022389732766896486,True,0.48281270265579224
900,56,delete,3,0.2785758376121521,0.21639664471149445,True,0.32145461440086365
916,57,delete,3,0.035318221896886826,0.029283568263053894,True,0.8591225147247314
932,58,delete,3,0.018628446385264397,0.016860738396644592,True,0.24694935977458954
948,59,delete,3,0.028552623465657234,0.023789038881659508,True,0.8615897297859192
964,60,delete,3,0.020511053502559662,0.01958725042641163,True,0.5768210291862488
980,61,delete,3,0.05252956598997116,0.05058510974049568,False,0.050047632306814194
996,62,delete,3,0.14947649836540222,0.15287050604820251,True,0.2244977056980133
1012,63,delete,3,0.004209419712424278,0.0039026057347655296,True,0.5673156380653381
775,48,polarity,-1,0.012064209207892418,0.01231843139976263,True,0.06613330543041229
789,49,paraphrase,-1,0.052931785583496094,0.056101977825164795,True,0.3280554711818695
805,50,paraphrase,-1,0.003177337348461151,0.0034782588481903076,True,0.8817566633224487
821,51,paraphrase,-1,0.0014883986441418529,0.001614104025065899,True,0.966984748840332
837,52,paraphrase,-1,0.04438936337828636,0.047301679849624634,False,0.15515398979187012
853,53,paraphrase,-1,0.009244607761502266,0.009410696104168892,True,0.1498408317565918
869,54,paraphrase,-1,0.045223839581012726,0.051705192774534225,True,0.2948961555957794
885,55,paraphrase,-1,0.002328009344637394,0.0023121985141187906,True,0.48257070779800415
901,56,paraphrase,-1,0.151089146733284,0.12619228661060333,True,0.28816255927085876
917,57,paraphrase,-1,0.03550849109888077,0.029375746846199036,True,0.8591417670249939
933,58,paraphrase,-1,0.023802263662219048,0.021848293021321297,True,0.2359623908996582
949,59,paraphrase,-1,0.01773335598409176,0.015115082263946533,True,0.8435017466545105
965,60,paraphrase,-1,0.027798769995570183,0.02491256222128868,True,0.6099664568901062
981,61,paraphrase,-1,0.044808097183704376,0.04311143234372139,False,0.053319621831178665
997,62,paraphrase,-1,0.25084903836250305,0.2523915469646454,True,0.23528699576854706
1013,63,paraphrase,-1,0.01204204186797142,0.011214539408683777,True,0.6212684512138367
776,48,vocab,-1,0.014294546097517014,0.014711541123688221,True,0.0667744055390358
790,49,translate,-1,0.07369063049554825,0.07965024560689926,True,0.3624664545059204
806,50,translate,-1,0.003228267654776573,0.003534547984600067,True,0.8827439546585083
822,51,translate,-1,0.0008060956606641412,0.0008423381368629634,True,0.9686736464500427
838,52,translate,-1,0.04603569954633713,0.051598526537418365,False,0.15751159191131592
854,53,translate,-1,0.01539185643196106,0.01583927497267723,False,0.14472633600234985
870,54,translate,-1,0.07881004363298416,0.0897223949432373,True,0.2922912836074829
886,55,translate,-1,0.003549848683178425,0.003625862766057253,True,0.4768408536911011
902,56,translate,-1,0.07404689490795135,0.06676289439201355,True,0.26194751262664795
918,57,translate,-1,0.02633768878877163,0.021163906902074814,True,0.8702411651611328
934,58,translate,-1,0.020366549491882324,0.020828256383538246,True,0.232638880610466
950,59,translate,-1,0.017463888972997665,0.014899536967277527,True,0.8397331833839417
966,60,translate,-1,0.027372533455491066,0.024708684533834457,True,0.6072035431861877
982,61,translate,-1,0.034272536635398865,0.03376663848757744,False,0.05628088116645813
998,62,translate,-1,0.3035120666027069,0.2798107862472534,True,0.3008541762828827
1014,63,translate,-1,0.005688896402716637,0.005313996225595474,True,0.595319926738739
777,48,cat,-1,3.9714932441711426,9.854686737060547,False,0.0047586094588041306
791,49,polarity,-1,0.06433654576539993,0.06526122987270355,True,0.3387148976325989
807,50,polarity,-1,0.003283219411969185,0.0036189090460538864,True,0.8813938498497009
823,51,polarity,-1,0.0008589922217652202,0.0009118692250922322,True,0.9681112170219421
839,52,polarity,-1,0.04643996059894562,0.049951739609241486,False,0.15914449095726013
855,53,polarity,-1,0.011554107069969177,0.011899486184120178,False,0.13963821530342102
871,54,polarity,-1,0.05216401070356369,0.05967565253376961,True,0.2978581488132477
887,55,polarity,-1,0.008106597699224949,0.008087731897830963,False,0.451617956161499
903,56,polarity,-1,0.14621423184871674,0.12097173184156418,True,0.28380075097084045
919,57,polarity,-1,0.03517445921897888,0.02913408726453781,True,0.8590322732925415
935,58,polarity,-1,0.022606706246733665,0.02045627124607563,True,0.23644740879535675
951,59,polarity,-1,0.01965334080159664,0.01676829904317856,True,0.8475961089134216
967,60,polarity,-1,0.030899086967110634,0.027627021074295044,True,0.6110236644744873
983,61,polarity,-1,0.04211767762899399,0.04112204164266586,False,0.05607740953564644
999,62,polarity,-1,0.2545888125896454,0.2515918016433716,True,0.24220803380012512
1015,63,polarity,-1,0.006062228232622147,0.0056503331288695335,True,0.5973424315452576
778,48,shuffle,-1,0.01146282535046339,0.01158573105931282,True,0.06967589259147644
792,49,vocab,-1,0.056927286088466644,0.060654833912849426,True,0.3150465190410614
808,50,vocab,-1,0.003373384475708008,0.0037336722016334534,True,0.8812851905822754
824,51,vocab,-1,0.0010149632580578327,0.001089193974621594,True,0.9677197337150574
840,52,vocab,-1,0.04739166796207428,0.051039159297943115,False,0.15419164299964905
856,53,vocab,-1,0.0074222758412361145,0.0073605868965387344,True,0.14899411797523499
872,54,vocab,-1,0.043565232306718826,0.04977430775761604,True,0.29542022943496704
888,55,vocab,-1,0.008175147697329521,0.008161257021129131,False,0.4517551064491272
904,56,vocab,-1,0.1902204155921936,0.15154945850372314,True,0.3019557297229767
920,57,vocab,-1,0.035238198935985565,0.029280180111527443,True,0.858982264995575
936,58,vocab,-1,0.01691470853984356,0.016286306083202362,True,0.23461639881134033
952,59,vocab,-1,0.016499167308211327,0.014149464666843414,True,0.8396041989326477
968,60,vocab,-1,0.025592848658561707,0.023888252675533295,True,0.5814033150672913
984,61,vocab,-1,0.04565378278493881,0.04491572082042694,False,0.05516469478607178
1000,62,vocab,-1,0.23536843061447144,0.23023603856563568,True,0.2352137416601181
1016,63,vocab,-1,0.008661429397761822,0.007958067581057549,True,0.5952163934707642
779,48,unrelated,76,3.086423397064209,2.871734142303467,False,0.003806362859904766
793,49,cat,-1,1.6238751411437988,8.614669799804688,False,0.0956406369805336
809,50,cat,-1,1.8849730491638184,11.141219139099121,False,0.13563717901706696
825,51,cat,-1,2.863590717315674,10.009084701538086,False,0.052128639072179794
841,52,cat,4,6.8836493492126465,13.47821044921875,False,2.176097041228786e-05
857,53,cat,2,5.254822731018066,9.991490364074707,False,0.0006279172375798225
873,54,cat,3,3.3343818187713623,10.597850799560547,False,0.004698653239756823
889,55,cat,3,8.865010261535645,14.011504173278809,False,3.663557072286494e-05
905,56,cat,5,6.360642910003662,14.05411434173584,False,0.02914421446621418
921,57,cat,-1,2.625561237335205,9.624153137207031,False,0.06251823902130127
937,58,cat,3,2.1507081985473633,7.638011455535889,False,0.01614060439169407
953,59,cat,-1,2.1261744499206543,10.300064086914062,False,0.0917031317949295
969,60,cat,-1,6.46069860458374,14.619124412536621,False,0.0005515981465578079
985,61,cat,3,4.984152793884277,6.347832679748535,False,0.000696093775331974
1001,62,cat,4,7.723896026611328,9.245505332946777,False,3.0083524507062975e-06
1017,63,cat,3,9.732489585876465,12.37075424194336,False,2.4713663151487708e-05
4140,48,resample,1,0.007960342802107334,0.008220594376325607,True,0.07227668166160583
794,49,shuffle,-1,0.0832131952047348,0.08109055459499359,True,0.3384157419204712
810,50,shuffle,-1,0.0027950406074523926,0.0030831657350063324,True,0.8856343626976013
826,51,shuffle,-1,0.0008381920051760972,0.0009260158403776586,True,0.9668428301811218
842,52,shuffle,-1,0.0731811448931694,0.07847347855567932,False,0.15103866159915924
858,53,shuffle,-1,0.011326979845762253,0.011624319478869438,False,0.1417732536792755
874,54,shuffle,-1,0.11589609086513519,0.13733650743961334,True,0.23829323053359985
890,55,shuffle,-1,0.002551466226577759,0.0027208561077713966,True,0.5022542476654053
906,56,shuffle,-1,0.13965103030204773,0.11731980741024017,True,0.28132864832878113
922,57,shuffle,-1,0.02129616029560566,0.015464372001588345,True,0.8937168717384338
938,58,shuffle,-1,0.017377842217683792,0.0166255421936512,True,0.23356463015079498
954,59,shuffle,-1,0.019158247858285904,0.016410447657108307,True,0.8439591526985168
970,60,shuffle,-1,0.0319809690117836,0.028751080855727196,True,0.6094896197319031
986,61,shuffle,-1,0.04516349360346794,0.04436589404940605,False,0.062293097376823425
1002,62,shuffle,-1,0.2669782042503357,0.2684701383113861,True,0.21210022270679474
1018,63,shuffle,-1,0.0053944974206388,0.005143071990460157,True,0.5965485572814941
4204,48,resample,2,0.009079859592020512,0.009342926554381847,True,0.07027449458837509
795,49,unrelated,196,6.9088969230651855,8.2361421585083,False,6.913643301231787e-05
811,50,unrelated,73,0.01589464396238327,0.020174551755189896,True,0.855281412601471
827,51,unrelated,44,8.398073196411133,11.110374450683594,False,0.00021635994198732078
843,52,unrelated,211,6.35715913772583,4.166874885559082,False,5.514158601727104e-06
859,53,unrelated,161,9.385011672973633,10.771744728088379,False,5.841645815962693e-06
875,54,unrelated,75,1.625603437423706,9.006155014038086,True,0.1706395149230957
891,55,unrelated,149,4.26113224029541,7.578010082244873,False,0.009164796210825443
907,56,unrelated,82,6.804671287536621,5.334306240081787,False,0.014612739905714989
923,57,unrelated,120,5.221071720123291,10.816067695617676,False,0.005528544541448355
939,58,unrelated,64,5.269783020019531,3.3226158618927,False,0.0011148705380037427
955,59,unrelated,213,10.4955472946167,16.902137756347656,False,1.110804714699043e-05
971,60,unrelated,127,7.688545227050781,7.649089336395264,False,0.00014485062274616212
987,61,unrelated,204,5.510117053985596,3.628012180328369,False,2.2183163309819065e-05
1003,62,unrelated,92,6.7995100021362305,9.38845443725586,False,8.991586946649477e-05
1019,63,unrelated,47,7.456696033477783,8.92027473449707,False,7.896976603660733e-05
4268,48,resample,3,0.013616064563393593,0.013820838183164597,True,0.0763295590877533
4141,49,resample,1,0.045077964663505554,0.04674384370446205,True,0.3001481890678406
4142,50,resample,1,0.003523940220475197,0.003907358273863792,True,0.882171094417572
4143,51,resample,1,0.0037106340751051903,0.004386501386761665,True,0.9612988233566284
4144,52,resample,1,0.05189070850610733,0.055989205837249756,True,0.1793254315853119
4145,53,resample,1,0.009323541074991226,0.009399278089404106,False,0.14246632158756256
4146,54,resample,1,0.011272644624114037,0.011748164892196655,True,0.30564555525779724
4147,55,resample,1,0.017706887796521187,0.01758529804646969,False,0.42188137769699097
4148,56,resample,1,0.10861007869243622,0.09473393112421036,True,0.2716664969921112
4149,57,resample,1,0.010029604658484459,0.008163414895534515,True,0.9048185348510742
4150,58,resample,1,0.009504237212240696,0.012336531654000282,True,0.22752606868743896
4151,59,resample,1,0.021195240318775177,0.018090229481458664,True,0.8454606533050537
4152,60,resample,1,0.017691774293780327,0.017035972326993942,True,0.5724011659622192
4153,61,resample,1,0.04695199057459831,0.046696413308382034,False,0.04947283864021301
4154,62,resample,1,0.342328816652298,0.30939769744873047,True,0.39695900678634644
4155,63,resample,1,0.021418824791908264,0.018822524696588516,True,0.6332423686981201
4332,48,resample,4,0.010559702292084694,0.01064982544630766,True,0.07807409018278122
4205,49,resample,2,0.028337080031633377,0.029352810233831406,True,0.29435381293296814
4206,50,resample,2,0.0058936383575201035,0.006603924557566643,True,0.874524712562561
4207,51,resample,2,0.0003741281107068062,0.00041734444675967097,True,0.9706206917762756
4208,52,resample,2,0.038355715572834015,0.04100627824664116,False,0.18517865240573883
4209,53,resample,2,0.015976930037140846,0.015773635357618332,False,0.14544910192489624
4210,54,resample,2,0.0258498452603817,0.024805795401334763,True,0.383095920085907
4211,55,resample,2,0.0021376856602728367,0.002131989225745201,True,0.4824522137641907
4212,56,resample,2,0.2592877149581909,0.20793500542640686,True,0.3360881209373474
4213,57,resample,2,0.011023439466953278,0.009181428700685501,True,0.9110805988311768
4214,58,resample,2,0.021686965599656105,0.029382431879639626,True,0.24336254596710205
4215,59,resample,2,0.023425186052918434,0.01994408667087555,True,0.8476116061210632
4216,60,resample,2,0.04150920733809471,0.04497096315026283,True,0.5216532945632935
4217,61,resample,2,0.0411890484392643,0.04201051965355873,False,0.05117914825677872
4218,62,resample,2,0.5867272615432739,0.48328763246536255,True,0.5744785070419312
4219,63,resample,2,0.008651389740407467,0.008605832234025002,True,0.526793897151947
4396,48,resample,5,0.009980760514736176,0.010331999510526657,True,0.06848517060279846
4269,49,resample,3,0.013511080294847488,0.013776382431387901,True,0.2821107804775238
4270,50,resample,3,0.004853235557675362,0.005359707400202751,True,0.8764926791191101
4271,51,resample,3,0.0005298744072206318,0.0005935743101872504,True,0.9694920778274536
4272,52,resample,3,0.04949482902884483,0.05539177730679512,False,0.17543233931064606
4273,53,resample,3,0.009738598018884659,0.009690750390291214,False,0.14372849464416504
4274,54,resample,3,0.03832464665174484,0.037666939198970795,True,0.3304235339164734
4275,55,resample,3,0.002068697242066264,0.0020424402318894863,True,0.5393048524856567
4276,56,resample,3,0.13803814351558685,0.11235294491052628,True,0.28113338351249695
4277,57,resample,3,0.015678271651268005,0.011789552867412567,True,0.907110333442688
4278,58,resample,3,0.008815147913992405,0.008227065205574036,False,0.22985027730464935
4279,59,resample,3,0.016213033348321915,0.013776985928416252,True,0.8394570350646973
4280,60,resample,3,0.042073119431734085,0.04160282760858536,True,0.5482207536697388
4281,61,resample,3,0.056324563920497894,0.05872795730829239,False,0.05657993629574776
4282,62,resample,3,0.5921868085861206,0.486319899559021,True,0.5015837550163269
4283,63,resample,3,0.01057691965252161,0.010308640077710152,True,0.5789434909820557
4460,48,resample,6,0.010827198624610901,0.011030463501811028,True,0.07418504357337952
4333,49,resample,4,0.015451721847057343,0.016898080706596375,False,0.23516787588596344
4334,50,resample,4,0.0016202982515096664,0.0017418013885617256,True,0.8917871117591858
4335,51,resample,4,0.0003361775306984782,0.0003443263121880591,True,0.9702786207199097
4336,52,resample,4,0.02194075658917427,0.0248231403529644,False,0.1658737063407898
4337,53,resample,4,0.005985146388411522,0.005938868969678879,True,0.14865441620349884
4338,54,resample,4,0.01926640048623085,0.018855035305023193,True,0.3463421165943146
4339,55,resample,4,0.00247129681520164,0.0023965253494679928,True,0.4833613932132721
4340,56,resample,4,0.2887689173221588,0.22795706987380981,True,0.33417999744415283
4341,57,resample,4,0.0267771128565073,0.01938740164041519,True,0.8836686015129089
4342,58,resample,4,0.029200688004493713,0.042902622371912,True,0.23377326130867004
4343,59,resample,4,0.012158608064055443,0.010679430328309536,True,0.8187472224235535
4344,60,resample,4,0.03482694923877716,0.031073562800884247,True,0.5926212668418884
4345,61,resample,4,0.07758593559265137,0.0814768597483635,False,0.05663660913705826
4346,62,resample,4,0.3922058343887329,0.35332149267196655,True,0.4113253951072693
4347,63,resample,4,0.017043832689523697,0.01600160449743271,True,0.6453146934509277
4524,48,resample,7,0.013084140606224537,0.01321505382657051,True,0.07115539908409119
4397,49,resample,5,0.012275055050849915,0.013474976643919945,True,0.27852264046669006
4398,50,resample,5,0.002053133212029934,0.0022755302488803864,True,0.8909369707107544
4399,51,resample,5,0.002406372455880046,0.002661843318492174,True,0.9648983478546143
4400,52,resample,5,0.038733094930648804,0.04195713996887207,False,0.16474492847919464
4401,53,resample,5,0.01588725857436657,0.016558293253183365,False,0.13619881868362427
4402,54,resample,5,0.05227240175008774,0.05760762095451355,True,0.27341464161872864
4403,55,resample,5,0.0008467065053991973,0.0008303623180836439,True,0.5088610053062439
4404,56,resample,5,0.11706823110580444,0.1051267609000206,True,0.31315869092941284
4405,57,resample,5,0.05083874240517616,0.04190386086702347,True,0.8484448194503784
4406,58,resample,5,0.009772004559636116,0.009234288707375526,False,0.21703167259693146
4407,59,resample,5,0.006551634985953569,0.006301051937043667,True,0.808120846748352
4408,60,resample,5,0.05182277038693428,0.04271000623703003,True,0.638094961643219
4409,61,resample,5,0.06834246218204498,0.06589891016483307,False,0.06843075156211853
4410,62,resample,5,0.336506724357605,0.2913564145565033,True,0.3461673855781555
4411,63,resample,5,0.004864756017923355,0.004532252438366413,True,0.5882337689399719
4588,48,resample,8,0.011801054701209068,0.012186718173325062,True,0.06953591108322144
4461,49,resample,6,0.016178661957383156,0.01777086779475212,True,0.270131379365921
4462,50,resample,6,0.0031773149967193604,0.0033972319215536118,True,0.8842747807502747
4463,51,resample,6,0.0013779997825622559,0.0015473406529054046,True,0.9660332798957825
4464,52,resample,6,0.04269316792488098,0.04579576849937439,False,0.1591685563325882
4465,53,resample,6,0.0054089948534965515,0.005438384599983692,True,0.1468692272901535
4466,54,resample,6,0.010224329307675362,0.010108698159456253,True,0.3307757079601288
4467,55,resample,6,0.003216290147975087,0.0032010632567107677,True,0.5340059995651245
4468,56,resample,6,0.240035742521286,0.19719311594963074,True,0.35175228118896484
4469,57,resample,6,0.009636104106903076,0.0077152131125330925,True,0.8966573476791382
4470,58,resample,6,0.0034459964372217655,0.0034995856694877148,False,0.21830108761787415
4471,59,resample,6,0.023276682943105698,0.020068172365427017,True,0.8520448207855225
4472,60,resample,6,0.0632951408624649,0.07098567485809326,True,0.48107242584228516
4473,61,resample,6,0.04839244857430458,0.049227025359869,False,0.0475606769323349
4474,62,resample,6,0.30804064869880676,0.27630364894866943,True,0.3202521502971649
4475,63,resample,6,0.016271524131298065,0.01504146121442318,True,0.6283344626426697
-1,48,ref_identity,-1,0.0,0.0,True,0.07588380575180054
4525,49,resample,7,0.018652742728590965,0.020751699805259705,True,0.284151166677475
4526,50,resample,7,0.0020734211429953575,0.002213129773736,True,0.8891589045524597
4527,51,resample,7,0.0003965530195273459,0.0004292014637030661,True,0.9709369540214539
4528,52,resample,7,0.027832496911287308,0.029892342165112495,False,0.1721383035182953
4529,53,resample,7,0.013543866574764252,0.013652890920639038,False,0.14744779467582703
4530,54,resample,7,0.008530326187610626,0.00844032783061266,True,0.34322214126586914
4531,55,resample,7,0.0007366675417870283,0.0007429106626659632,True,0.5083663463592529
4532,56,resample,7,0.21475450694561005,0.16877710819244385,True,0.3168008625507355
4533,57,resample,7,0.010996896773576736,0.009632114320993423,True,0.9150950908660889
4534,58,resample,7,0.02260279655456543,0.02764188125729561,True,0.24745751917362213
4535,59,resample,7,0.011400909163057804,0.011932914145290852,True,0.8025292754173279
4536,60,resample,7,0.05978982150554657,0.06593388319015503,True,0.4884897768497467
4537,61,resample,7,0.06391918659210205,0.06273379921913147,False,0.05448548123240471
4538,62,resample,7,0.5294562578201294,0.4485633671283722,True,0.5002030730247498
4539,63,resample,7,0.007244681008160114,0.0073253558948636055,True,0.5185185074806213
-2,48,ref_mean,-1,4.373437404632568,7.941804885864258,False,0.006764086429029703
4589,49,resample,8,0.02702454663813114,0.025979749858379364,False,0.27469366788864136
4590,50,resample,8,0.002774946391582489,0.0030200500041246414,True,0.8861809372901917
4591,51,resample,8,0.0015663037775084376,0.0016482874052599072,True,0.9683716893196106
4592,52,resample,8,0.058391645550727844,0.05983247607946396,True,0.19571621716022491
4593,53,resample,8,0.017249897122383118,0.01713714189827442,True,0.16529737412929535
4594,54,resample,8,0.012990988790988922,0.012652179226279259,True,0.3571600019931793
4595,55,resample,8,0.0027024198789149523,0.0026420042850077152,True,0.4830246567726135
4596,56,resample,8,0.19050449132919312,0.15613821148872375,True,0.29311415553092957
4597,57,resample,8,0.027303259819746017,0.02168135531246662,True,0.8718336224555969
4598,58,resample,8,0.006874526850879192,0.007283988408744335,False,0.21515583992004395
4599,59,resample,8,0.014317474327981472,0.012783167883753777,True,0.8268190622329712
4600,60,resample,8,0.05491399019956589,0.04455458000302315,True,0.6194966435432434
4601,61,resample,8,0.02274956926703453,0.02318284660577774,False,0.07047067582607269
4602,62,resample,8,0.2890731394290924,0.28887492418289185,True,0.22245770692825317
4603,63,resample,8,0.008760876022279263,0.00826955959200859,True,0.6092872619628906
-1,49,ref_identity,-1,0.0,0.0,True,0.27120065689086914
-1,50,ref_identity,-1,0.0,0.0,True,0.9047641754150391
-1,51,ref_identity,-1,0.0,0.0,True,0.9720455408096313
-1,52,ref_identity,-1,0.0,0.0,True,0.19529841840267181
-1,53,ref_identity,-1,0.0,0.0,True,0.14956991374492645
-1,54,ref_identity,-1,0.0,0.0,True,0.31095293164253235
-1,55,ref_identity,-1,0.0,0.0,True,0.5131933093070984
-1,56,ref_identity,-1,0.0,0.0,True,0.2007649689912796
-1,57,ref_identity,-1,0.0,0.0,True,0.8741796016693115
-1,58,ref_identity,-1,0.0,0.0,True,0.23890729248523712
-1,59,ref_identity,-1,0.0,0.0,True,0.7836734056472778
-1,60,ref_identity,-1,0.0,0.0,True,0.5518931150436401
-1,61,ref_identity,-1,0.0,0.0,True,0.0843958631157875
-1,62,ref_identity,-1,0.0,0.0,True,0.20356284081935883
-1,63,ref_identity,-1,0.0,0.0,True,0.5664767622947693
-2,49,ref_mean,-1,0.39536339044570923,0.6727930903434753,True,0.22806061804294586
-2,50,ref_mean,-1,0.5498800277709961,2.6589152812957764,True,0.46143215894699097
-2,51,ref_mean,-1,1.2771618366241455,4.6401047706604,True,0.2527819573879242
-2,52,ref_mean,-1,3.5110785961151123,3.3390774726867676,False,8.947576861828566e-05
-2,53,ref_mean,-1,5.255731582641602,7.946835994720459,False,0.0007294578826986253
-2,54,ref_mean,-1,0.5731294751167297,1.7600963115692139,True,0.22020508348941803
-2,55,ref_mean,-1,4.618683338165283,6.712985992431641,False,0.003803779138252139
-2,56,ref_mean,-1,5.939234256744385,4.150825500488281,False,0.03880703076720238
-2,57,ref_mean,-1,2.84462571144104,7.401290416717529,False,0.05329354479908943
-2,58,ref_mean,-1,2.6346678733825684,5.918646812438965,False,0.02814996987581253
-2,59,ref_mean,-1,0.8104435205459595,1.7639490365982056,True,0.45286643505096436
-2,60,ref_mean,-1,3.287853717803955,4.154354572296143,False,0.02142459526658058
-2,61,ref_mean,-1,3.225045680999756,2.8521535396575928,False,0.00237963255494833
-2,62,ref_mean,-1,7.5953497886657715,9.239561080932617,False,2.4897235562093556e-05
-2,63,ref_mean,-1,5.234382152557373,7.325013160705566,False,0.0014370838180184364
1020,64,orig,-1,0.012497208081185818,0.012555239722132683,True,0.13475441932678223
1036,65,orig,-1,0.0005835072952322662,0.0007628449238836765,True,0.9945380091667175
1052,66,orig,-1,0.0018872376531362534,0.002078412100672722,True,0.8286711573600769
1068,67,orig,-1,0.016873717308044434,0.016918562352657318,True,0.041403017938137054
1084,68,orig,-1,0.013394096866250038,0.015530407428741455,True,0.7054213285446167
1100,69,orig,-1,0.010719163343310356,0.01123904250562191,True,0.43820157647132874
1116,70,orig,-1,0.0786290168762207,0.1151123121380806,True,0.36167728900909424
1132,71,orig,-1,0.013193484395742416,0.011079782620072365,True,0.8053990602493286
1148,72,orig,-1,0.06998030096292496,0.05913526564836502,True,0.7547528147697449
1164,73,orig,-1,0.02471495233476162,0.018658600747585297,True,0.5069928169250488
1180,74,orig,-1,0.014767482876777649,0.015809200704097748,True,0.3871888816356659
1196,75,orig,-1,0.061421871185302734,0.06324200332164764,True,0.27586960792541504
1212,76,orig,-1,0.0019022597698494792,0.002181422198191285,True,0.9669291973114014
1228,77,orig,-1,0.008741578087210655,0.009732850827276707,True,0.6858556270599365
1244,78,orig,-1,0.07787405699491501,0.06447736918926239,True,0.8543171286582947
1260,79,orig,-1,0.0555984228849411,0.048688627779483795,False,0.1311531364917755
1021,64,contradict,0,0.011933757923543453,0.011907730251550674,True,0.1386120319366455
1037,65,contradict,0,0.0005491121555678546,0.0007074860041029751,True,0.9947535991668701
1053,66,contradict,0,0.002870822325348854,0.0035913363099098206,True,0.8265364170074463
1069,67,contradict,0,0.022538362070918083,0.022227559238672256,True,0.03828516975045204
1085,68,contradict,0,0.02823837846517563,0.03468365594744682,True,0.6651334166526794
1101,69,contradict,0,0.02265484817326069,0.021922146901488304,True,0.47097718715667725
1117,70,contradict,0,0.07996225357055664,0.11771000176668167,True,0.3679744601249695
1133,71,contradict,0,0.019134294241666794,0.015941016376018524,True,0.8192611336708069
1149,72,contradict,0,0.07581712305545807,0.06371839344501495,True,0.7579361796379089
1165,73,contradict,0,0.021511925384402275,0.017483346164226532,True,0.5081535577774048
1181,74,contradict,0,0.011357273906469345,0.011950261890888214,True,0.4055717885494232
1197,75,contradict,0,0.07593097537755966,0.07950221747159958,True,0.27254852652549744
1213,76,contradict,0,0.007680859416723251,0.009752714075148106,True,0.9540929198265076
1229,77,contradict,0,0.012826237827539444,0.013767014257609844,True,0.6925604343414307
1245,78,contradict,0,0.04257573187351227,0.03670215606689453,True,0.8068282604217529
1261,79,contradict,0,0.053576692938804626,0.050736285746097565,True,0.1293046921491623
1022,64,delete,0,0.016959870234131813,0.016867564991116524,True,0.13924755156040192
1038,65,delete,0,0.00047644757432863116,0.0005227248184382915,True,0.9954842329025269
1054,66,delete,0,0.0024520419538021088,0.002931196242570877,True,0.8275736570358276
1070,67,delete,0,0.018252573907375336,0.0181657075881958,True,0.04131466522812843
1086,68,delete,0,0.014602359384298325,0.0170423723757267,True,0.7027665376663208
1102,69,delete,0,0.03840978071093559,0.042729780077934265,True,0.40913257002830505
1118,70,delete,0,0.08495929837226868,0.13036276400089264,True,0.3697752058506012
1134,71,delete,0,0.013208545744419098,0.011091232299804688,True,0.8057866096496582
1150,72,delete,0,0.08417072147130966,0.06974717974662781,True,0.7710567116737366
1166,73,delete,0,0.022883519530296326,0.018060099333524704,True,0.5076732039451599
1182,74,delete,0,0.01919284462928772,0.02031274512410164,True,0.3687508702278137
1198,75,delete,0,0.06706741452217102,0.06804440915584564,True,0.26823851466178894
1214,76,delete,0,0.0019156582420691848,0.0021871651988476515,True,0.9670175909996033
1230,77,delete,0,0.00862479954957962,0.009440161287784576,True,0.6866136789321899
1246,78,delete,0,0.03932860121130943,0.03472093120217323,True,0.8126392960548401
1262,79,delete,0,0.04930141195654869,0.04513295739889145,False,0.13044044375419617
1023,64,contradict,1,0.013352002948522568,0.013445908203721046,True,0.13594332337379456
1039,65,contradict,1,0.0005156990955583751,0.0006594093283638358,True,0.9945775270462036
1055,66,contradict,1,0.001832481473684311,0.0020198896527290344,True,0.8286074995994568
1071,67,contradict,1,0.016213564202189445,0.016148068010807037,True,0.04171627759933472
1087,68,contradict,1,0.012186499312520027,0.014128163456916809,True,0.7102504968643188
1103,69,contradict,1,0.01324744988232851,0.013814078643918037,True,0.43421056866645813
1119,70,contradict,1,0.07108228653669357,0.10278654098510742,True,0.38270118832588196
1135,71,contradict,1,0.01320476084947586,0.011085230857133865,True,0.8058778047561646
1151,72,contradict,1,0.07129918783903122,0.06035957485437393,True,0.7602332234382629
1167,73,contradict,1,0.026585416868329048,0.01840086840093136,True,0.5305193066596985
1183,74,contradict,1,0.014498302713036537,0.01545296236872673,True,0.3937309980392456
1199,75,contradict,1,0.064476378262043,0.0671406015753746,True,0.27667486667633057
1215,76,contradict,1,0.005170717835426331,0.006333847530186176,True,0.9586353898048401
1231,77,contradict,1,0.008666221983730793,0.009595591574907303,True,0.6860120296478271
1247,78,contradict,1,0.04448825865983963,0.03884758800268173,True,0.8202608823776245
1263,79,contradict,1,0.05627322942018509,0.050727635622024536,False,0.1288364827632904
1024,64,delete,1,0.012945011258125305,0.01303083635866642,True,0.13551516830921173
1040,65,delete,1,0.0006050030933693051,0.0008023822447285056,True,0.9945057034492493
1056,66,delete,1,0.001876113936305046,0.0020659584552049637,True,0.8286253809928894
1072,67,delete,1,0.023776939138770103,0.023637887090444565,True,0.04071279242634773
1088,68,delete,1,0.013807391747832298,0.01624954864382744,True,0.704755425453186
1104,69,delete,1,0.013302136212587357,0.013821681030094624,True,0.43996068835258484
1120,70,delete,1,0.05892348662018776,0.08332628011703491,True,0.38920488953590393
1136,71,delete,1,0.013225378468632698,0.011069811880588531,True,0.8041647672653198
1152,72,delete,1,0.057099588215351105,0.04903760552406311,True,0.7366890907287598
1168,73,delete,1,0.023418763652443886,0.018200499936938286,True,0.5140202641487122
1184,74,delete,1,0.01828414388000965,0.019971247762441635,True,0.3992903530597687
1200,75,delete,1,0.06789262592792511,0.07080359011888504,True,0.2702513039112091
1216,76,delete,1,0.0033666114322841167,0.0039878846146166325,True,0.9629141092300415
1232,77,delete,1,0.013644592836499214,0.015233498066663742,True,0.6715129613876343
1248,78,delete,1,0.07786013931035995,0.06445770710706711,True,0.8537434339523315
1264,79,delete,1,0.053858451545238495,0.04719686508178711,True,0.14461085200309753
1025,64,contradict,2,0.01279296725988388,0.012901938520371914,True,0.13608166575431824
1041,65,contradict,2,0.0010154760675504804,0.0014381073415279388,True,0.993847668170929
1057,66,contradict,2,0.0022749886848032475,0.001510092057287693,True,0.8458192944526672
1073,67,contradict,2,0.021589962765574455,0.02151201106607914,True,0.03866288810968399
1089,68,contradict,2,0.019779883325099945,0.023348655551671982,True,0.6787707209587097
1105,69,contradict,2,0.013577248901128769,0.012698985636234283,True,0.4977670907974243
1121,70,contradict,2,8.614784240722656,10.172815322875977,False,1.7943926650332287e-05
1137,71,contradict,2,2.9080190658569336,5.497786998748779,False,0.026320001110434532
1153,72,contradict,2,0.05804281681776047,0.04999164864420891,True,0.7356469035148621
1169,73,contradict,2,0.06623241305351257,0.04884890094399452,True,0.46890950202941895
1185,74,contradict,2,4.321081161499023,8.192707061767578,False,0.015343227423727512
1201,75,contradict,2,0.07392795383930206,0.07445403188467026,True,0.27534785866737366
1217,76,contradict,2,0.005210977513343096,0.0063767507672309875,True,0.958425760269165
1233,77,contradict,2,0.01867835782468319,0.022104481235146523,True,0.6610696911811829
1249,78,contradict,2,0.21289759874343872,0.2550966441631317,True,0.395504891872406
1265,79,contradict,2,0.05286194011569023,0.04634946212172508,False,0.13133080303668976
1026,64,delete,2,0.012919454835355282,0.012942174449563026,True,0.1349790096282959
1042,65,delete,2,0.0005311400163918734,0.0007007427047938108,True,0.9945849776268005
1058,66,delete,2,0.0009358493844047189,0.0010367470094934106,True,0.8451533913612366
1074,67,delete,2,0.017568062990903854,0.0175726767629385,True,0.04124948009848595
1090,68,delete,2,0.012905856594443321,0.014949314296245575,True,0.7065737843513489
1106,69,delete,2,0.011597241275012493,0.011006240732967854,True,0.49458327889442444
1122,70,delete,2,0.03802265226840973,0.04666738957166672,True,0.4365634620189667
1138,71,delete,2,0.009982243180274963,0.008877379819750786,True,0.7837128043174744
1154,72,delete,2,0.06974148005247116,0.05887767672538757,True,0.751819908618927
1170,73,delete,2,0.03464476019144058,0.020955419167876244,True,0.5756419897079468
1186,74,delete,2,0.03179887682199478,0.035173166543245316,True,0.37463539838790894
1202,75,delete,2,0.08017569780349731,0.08077149093151093,True,0.29656410217285156
1218,76,delete,2,0.0033750736620277166,0.003998203668743372,True,0.9627969264984131
1234,77,delete,2,0.01842307485640049,0.02193816378712654,True,0.6612337231636047
1250,78,delete,2,0.01555776596069336,0.014595123007893562,True,0.769402801990509
1266,79,delete,2,0.04898704215884209,0.04302983731031418,True,0.14463786780834198
1027,64,contradict,3,0.011894969269633293,0.011763567104935646,True,0.1359250694513321
1043,65,contradict,3,0.0007552211172878742,0.001042969524860382,True,0.9940841794013977
1059,66,contradict,3,0.0018443763256072998,0.002017110586166382,True,0.8286398649215698
1075,67,contradict,3,0.01856054738163948,0.018331358209252357,True,0.04774585738778114
1091,68,contradict,3,0.02437363564968109,0.030048470944166183,True,0.672493577003479
1107,69,contradict,3,0.011458187364041805,0.011900223791599274,True,0.434355765581131
1123,70,contradict,3,0.009913447313010693,0.010620122775435448,True,0.42854082584381104
1139,71,contradict,3,0.020633801817893982,0.0159744955599308,True,0.8136249780654907
1155,72,contradict,3,0.07039657235145569,0.05945198982954025,True,0.7551641464233398
1171,73,contradict,3,0.021459870040416718,0.014990875497460365,True,0.5310235619544983
1187,74,contradict,3,0.0169572364538908,0.018057245761156082,True,0.39056554436683655
1203,75,contradict,3,0.08446890115737915,0.08813148736953735,True,0.2543524503707886
1219,76,contradict,3,0.0018310138257220387,0.0020834754686802626,True,0.9669421315193176
1235,77,contradict,3,0.009546170942485332,0.010786106809973717,True,0.6845774054527283
1251,78,contradict,3,0.061867184937000275,0.052620917558670044,True,0.8394138216972351
1267,79,contradict,3,0.05849533900618553,0.05188634619116783,True,0.14204038679599762
1028,64,delete,3,0.01230919361114502,0.012437218800187111,True,0.13575111329555511
1044,65,delete,3,0.0008156502153724432,0.0011459211818873882,True,0.993934690952301
1060,66,delete,3,0.0008877330110408366,0.0010594134218990803,True,0.8449223637580872
1076,67,delete,3,0.011210151016712189,0.011138418689370155,True,0.0438540056347847
1092,68,delete,3,0.02229902148246765,0.027119863778352737,True,0.673883855342865
1108,69,delete,3,0.011385046876966953,0.011794437654316425,True,0.43406933546066284
1124,70,delete,3,0.10106455534696579,0.13938385248184204,True,0.35301634669303894
1140,71,delete,3,0.013088297098875046,0.010979974642395973,True,0.8060308694839478
1156,72,delete,3,0.07314862310886383,0.06165306270122528,True,0.7566947937011719
1172,73,delete,3,0.02153705060482025,0.015542380511760712,True,0.5135700106620789
1188,74,delete,3,0.01531771570444107,0.016397658735513687,True,0.3859185576438904
1204,75,delete,3,0.09636279940605164,0.1023217961192131,True,0.24276281893253326
1220,76,delete,3,0.0019431222463026643,0.002232674276456237,True,0.9664907455444336
1236,77,delete,3,0.008701005950570107,0.009665452875196934,True,0.6865193247795105
1252,78,delete,3,0.0936693400144577,0.07597047090530396,True,0.8664928078651428
1268,79,delete,3,0.05870261415839195,0.051543448120355606,False,0.13564284145832062
1029,64,paraphrase,-1,0.012985632754862309,0.013052910566329956,True,0.13530834019184113
1045,65,paraphrase,-1,0.0006062573520466685,0.0008043284760788083,True,0.9943761825561523
1061,66,paraphrase,-1,0.0018645711243152618,0.0020605996251106262,True,0.8286587595939636
1077,67,paraphrase,-1,0.016129547730088234,0.016103297472000122,True,0.04086478427052498
1093,68,paraphrase,-1,0.013702580705285072,0.016000572592020035,True,0.7043426632881165
1109,69,paraphrase,-1,0.011345375329256058,0.011896868236362934,True,0.4390544593334198
1125,70,paraphrase,-1,0.07971562445163727,0.11744268983602524,True,0.3619135916233063
1141,71,paraphrase,-1,0.013230953365564346,0.01111270859837532,True,0.8057705760002136
1157,72,paraphrase,-1,0.07012563943862915,0.059167079627513885,True,0.7527497410774231
1173,73,paraphrase,-1,0.02541864477097988,0.018970994278788567,True,0.5057061314582825
1189,74,paraphrase,-1,0.015014231204986572,0.01600594073534012,True,0.3857213258743286
1205,75,paraphrase,-1,0.053176820278167725,0.05498567596077919,True,0.2538948059082031
1221,76,paraphrase,-1,0.0032886993139982224,0.0038651153445243835,True,0.9629947543144226
1237,77,paraphrase,-1,0.011785606853663921,0.01252354122698307,True,0.6958755850791931
1253,78,paraphrase,-1,0.07784055918455124,0.06444834172725677,True,0.8543338775634766
1269,79,paraphrase,-1,0.05493500083684921,0.04764625057578087,True,0.14534305036067963
1030,64,translate,-1,0.017165474593639374,0.01677064411342144,True,0.135583758354187
1046,65,translate,-1,0.0013795641716569662,0.0021371962502598763,True,0.9930705428123474
1062,66,translate,-1,0.0017795562744140625,0.001962924376130104,True,0.8285585045814514
1078,67,translate,-1,0.015512607991695404,0.015518112108111382,True,0.04358777031302452
1094,68,translate,-1,0.016152892261743546,0.019210711121559143,True,0.6999562978744507
1110,69,translate,-1,0.009585303254425526,0.010074774734675884,True,0.45864367485046387
1126,70,translate,-1,0.04913743585348129,0.06899075955152512,True,0.39504948258399963
1142,71,translate,-1,0.010015906766057014,0.008656980469822884,True,0.8017498850822449
1158,72,translate,-1,0.0798666924238205,0.06673821061849594,True,0.7691019177436829
1174,73,translate,-1,0.028811069205403328,0.02209322154521942,True,0.4917546808719635
1190,74,translate,-1,0.01775471866130829,0.01842394471168518,True,0.3716724216938019
1206,75,translate,-1,0.05305425822734833,0.05235607549548149,True,0.2995981276035309
1222,76,translate,-1,0.001964191673323512,0.0022308339830487967,True,0.9667345285415649
1238,77,translate,-1,0.005027910694479942,0.005562381353229284,True,0.6992198824882507
1254,78,translate,-1,0.06224510073661804,0.05290869250893593,True,0.8405781984329224
1270,79,translate,-1,0.052532799541950226,0.047282107174396515,False,0.13334979116916656
1031,64,polarity,-1,0.011270852759480476,0.01113362517207861,True,0.13623087108135223
1047,65,polarity,-1,0.0005872129113413393,0.0007720431894995272,True,0.9945276379585266
1063,66,polarity,-1,0.0018714666366577148,0.0020687244832515717,True,0.8286247849464417
1079,67,polarity,-1,0.0173255056142807,0.01744924858212471,True,0.04115581139922142
1095,68,polarity,-1,0.013028210029006004,0.01522468775510788,True,0.705152153968811
1111,69,polarity,-1,0.013141323812305927,0.013778860680758953,True,0.44098591804504395
1127,70,polarity,-1,0.04897284880280495,0.06831654906272888,True,0.39645451307296753
1143,71,polarity,-1,0.013289272785186768,0.011157363653182983,True,0.8059662580490112
1159,72,polarity,-1,0.07367482781410217,0.06192580610513687,True,0.7582128047943115
1175,73,polarity,-1,0.0253538079559803,0.018819622695446014,True,0.5055549740791321
1191,74,polarity,-1,0.013541478663682938,0.014521971344947815,True,0.388948529958725
1207,75,polarity,-1,0.05364824831485748,0.055311765521764755,True,0.2702389657497406
1223,76,polarity,-1,0.0019079125486314297,0.002187601290643215,True,0.9668890833854675
1239,77,polarity,-1,0.008230820298194885,0.008936581201851368,True,0.6874521374702454
1255,78,polarity,-1,0.04611872136592865,0.04029642790555954,True,0.8235232830047607
1271,79,polarity,-1,0.05654989182949066,0.050933968275785446,False,0.1293523609638214
1032,64,vocab,-1,0.011927435174584389,0.011729972437024117,True,0.13785231113433838
1048,65,vocab,-1,0.000438460148870945,0.0005255684372968972,True,0.9952163696289062
1064,66,vocab,-1,0.0020415447652339935,0.0023073721677064896,True,0.8284465074539185
1080,67,vocab,-1,0.013995451852679253,0.014009619131684303,True,0.041332803666591644
1096,68,vocab,-1,0.012435788288712502,0.014423254877328873,True,0.7099257707595825
1112,69,vocab,-1,0.014301847666501999,0.014839289709925652,True,0.4321715533733368
1128,70,vocab,-1,0.06052794307470322,0.08808296918869019,True,0.3950599431991577
1144,71,vocab,-1,0.01306782104074955,0.010939627885818481,True,0.8043904304504395
1160,72,vocab,-1,0.06968985497951508,0.05912795662879944,True,0.7506327629089355
1176,73,vocab,-1,0.022523442283272743,0.016386810690164566,True,0.5117697715759277
1192,74,vocab,-1,0.015028927475214005,0.01554693654179573,True,0.37940868735313416
1208,75,vocab,-1,0.09977065771818161,0.10172698646783829,True,0.2808209955692291
1224,76,vocab,-1,0.0032780729234218597,0.0038563073612749577,True,0.9630537033081055
1240,77,vocab,-1,0.008507014252245426,0.009364010766148567,True,0.6860119104385376
1256,78,vocab,-1,0.06482817977666855,0.05439561605453491,True,0.8416124582290649
1272,79,vocab,-1,0.055823009461164474,0.0499534010887146,True,0.14263251423835754
1033,64,cat,-1,8.644855499267578,18.24502182006836,False,5.456961298477836e-05
1049,65,cat,3,4.777003765106201,11.044975280761719,False,0.00819710548967123
1065,66,cat,-1,2.288221597671509,8.752691268920898,False,0.09067878127098083
1081,67,cat,-1,6.2971930503845215,11.806745529174805,False,4.2631026531125826e-07
1097,68,cat,3,5.888730525970459,16.286691665649414,False,0.0013773360988125205
1113,69,cat,6,1.9912117719650269,4.928223609924316,False,0.10307461023330688
1129,70,cat,-1,2.3201286792755127,6.1550679206848145,False,0.06954757124185562
1145,71,cat,2,1.008149266242981,5.646653652191162,False,0.2642817795276642
1161,72,cat,4,5.358994483947754,14.339970588684082,False,0.003552516456693411
1177,73,cat,-1,0.5982194542884827,2.4566030502319336,True,0.19750478863716125
1193,74,cat,3,7.559943199157715,13.739864349365234,False,0.00023884428082965314
1209,75,cat,5,6.77006196975708,14.481389045715332,False,7.13888366590254e-05
1225,76,cat,5,1.1899709701538086,6.626687049865723,True,0.331890732049942
1241,77,cat,3,1.1668310165405273,7.966114044189453,False,0.22750982642173767
1257,78,cat,3,7.79775333404541,15.136839866638184,False,0.00025825592456385493
1273,79,cat,-1,1.402125597000122,6.621501922607422,False,0.04708648845553398
1034,64,shuffle,-1,0.014751194044947624,0.0143269719555974,True,0.13925226032733917
1050,65,shuffle,-1,0.0005681308102793992,0.0007286991458386183,True,0.9947004318237305
1066,66,shuffle,-1,0.0021979920566082,0.002348046749830246,True,0.8287093043327332
1082,67,shuffle,-1,0.016132881864905357,0.01607518643140793,True,0.039158228784799576
1098,68,shuffle,-1,0.013033883646130562,0.01516825519502163,True,0.7051403522491455
1114,69,shuffle,-1,0.015685223042964935,0.016674933955073357,True,0.4306018054485321
1130,70,shuffle,-1,0.013033438473939896,0.014824019744992256,True,0.44099608063697815
1146,71,shuffle,-1,0.01908443123102188,0.014584345743060112,True,0.8079381585121155
1162,72,shuffle,-1,0.07457712292671204,0.06263840198516846,True,0.7628370523452759
1178,73,shuffle,-1,0.02768881805241108,0.021293550729751587,True,0.49203988909721375
1194,74,shuffle,-1,0.01613505929708481,0.017299871891736984,True,0.38383620977401733
1210,75,shuffle,-1,0.04654473811388016,0.049677774310112,True,0.24718903005123138
1226,76,shuffle,-1,0.0009494788246229291,0.001033263048157096,True,0.9700608253479004
1242,77,shuffle,-1,0.013982750475406647,0.01558450236916542,True,0.6714754104614258
1258,78,shuffle,-1,0.0303792804479599,0.027138330042362213,True,0.7993135452270508
1274,79,shuffle,-1,0.045399680733680725,0.039401620626449585,False,0.13437949120998383
1035,64,unrelated,78,3.316744089126587,6.652105331420898,False,0.013168571516871452
1051,65,unrelated,91,4.052315711975098,9.988786697387695,False,0.01694260537624359
1067,66,unrelated,27,0.1638323962688446,0.7870408296585083,True,0.7650601863861084
1083,67,unrelated,62,8.015815734863281,11.070117950439453,False,9.846812645264436e-07
1099,68,unrelated,241,8.327971458435059,9.720641136169434,False,8.696912118466571e-05
1115,69,unrelated,118,9.188801765441895,9.146957397460938,False,2.750912608462386e-05
1131,70,unrelated,110,8.647154808044434,10.57080078125,False,1.4870080121909268e-05
1147,71,unrelated,225,5.304921627044678,6.232794284820557,False,0.0031700911931693554
1163,72,unrelated,100,6.6115241050720215,6.627275466918945,False,0.0002849954762496054
1179,73,unrelated,1,7.2500739097595215,11.307966232299805,False,9.978897287510335e-05
1195,74,unrelated,246,7.500279903411865,8.707354545593262,False,0.0004401277401484549
1211,75,unrelated,7,2.9560790061950684,2.288654327392578,False,0.0005033600027672946
1227,76,unrelated,28,7.54867696762085,12.521909713745117,False,0.0005098999827168882
1243,77,unrelated,210,4.8814239501953125,12.93713092803955,False,0.0033090950455516577
1259,78,unrelated,128,11.03482437133789,10.893004417419434,False,8.587219781475142e-06
1275,79,unrelated,231,6.879289150238037,10.797873497009277,False,0.06004335731267929
-1,64,ref_identity,-1,0.0,0.0,True,0.11769331991672516
-1,65,ref_identity,-1,0.0,0.0,True,0.9959113597869873
-1,66,ref_identity,-1,0.0,0.0,True,0.8463948965072632
-1,67,ref_identity,-1,0.0,0.0,True,0.04415570944547653
-1,68,ref_identity,-1,0.0,0.0,True,0.7431848049163818
-1,69,ref_identity,-1,0.0,0.0,True,0.486479252576828
-1,70,ref_identity,-1,0.0,0.0,True,0.46212369203567505
-1,71,ref_identity,-1,0.0,0.0,True,0.7656439542770386
-1,72,ref_identity,-1,0.0,0.0,True,0.6164373755455017
-1,73,ref_identity,-1,0.0,0.0,True,0.5428793430328369
-1,74,ref_identity,-1,0.0,0.0,True,0.44014355540275574
-1,75,ref_identity,-1,0.0,0.0,True,0.2850346565246582
-1,76,ref_identity,-1,0.0,0.0,True,0.9764671921730042
-1,77,ref_identity,-1,0.0,0.0,True,0.7029718160629272
-1,78,ref_identity,-1,0.0,0.0,True,0.7045490741729736
-1,79,ref_identity,-1,0.0,0.0,True,0.1593157798051834
-2,64,ref_mean,-1,1.453742504119873,3.419238805770874,False,0.045620523393154144
-2,65,ref_mean,-1,2.460857629776001,7.126886367797852,False,0.08322601020336151
-2,66,ref_mean,-1,0.23446375131607056,1.240882396697998,True,0.7373336553573608
-2,67,ref_mean,-1,3.7237071990966797,3.948578357696533,False,0.00011538260878296569
-2,68,ref_mean,-1,4.822129726409912,8.28844928741455,False,0.0038587255403399467
-2,69,ref_mean,-1,4.168517112731934,6.694095611572266,False,0.007266490254551172
-2,70,ref_mean,-1,3.864898204803467,5.980926036834717,False,0.005064281634986401
-2,71,ref_mean,-1,0.8673366904258728,2.5124902725219727,True,0.30302587151527405
-2,72,ref_mean,-1,1.3622536659240723,1.7826755046844482,False,0.06665109097957611
-2,73,ref_mean,-1,0.3021506369113922,0.41110876202583313,True,0.41165125370025635
-2,74,ref_mean,-1,0.8059985637664795,1.8274009227752686,False,0.2153138965368271
-2,75,ref_mean,-1,2.7433409690856934,2.3980917930603027,False,0.0013678640825673938
-2,76,ref_mean,-1,2.202223777770996,8.391136169433594,False,0.1106577143073082
-2,77,ref_mean,-1,0.3774397373199463,0.8452069759368896,True,0.4114414155483246
-2,78,ref_mean,-1,2.5970277786254883,6.262992858886719,False,0.05497884005308151
-2,79,ref_mean,-1,1.3459850549697876,3.6085779666900635,True,0.24839012324810028
1276,80,orig,-1,0.16340699791908264,0.20272254943847656,True,0.4393501877784729
1292,81,orig,-1,0.02735556662082672,0.02459903247654438,False,0.3392918109893799
1308,82,orig,-1,0.011507563292980194,0.011019591242074966,True,0.3349768817424774
1324,83,orig,-1,0.010144762694835663,0.011116420850157738,True,0.6112617254257202
1340,84,orig,-1,0.005268285982310772,0.004151542671024799,True,0.982001006603241
1356,85,orig,-1,0.006078239995986223,0.006477781105786562,True,0.9027660489082336
1372,86,orig,-1,0.021351341158151627,0.02254209853708744,True,0.10789380967617035
1388,87,orig,-1,0.016390560194849968,0.016247281804680824,True,0.23794716596603394
1404,88,orig,-1,0.008023589849472046,0.00822500977665186,True,0.255811870098114
1420,89,orig,-1,0.06392152607440948,0.06425631791353226,True,0.1768616884946823
1436,90,orig,-1,0.0019763947930186987,0.001822297926992178,True,0.530659556388855
1452,91,orig,-1,0.05220148712396622,0.07263259589672089,True,0.54754239320755
1468,92,orig,-1,0.13019032776355743,0.14493617415428162,False,0.07119996845722198
1484,93,orig,-1,0.00029042307869531214,0.00027094566030427814,True,0.9967967867851257
1500,94,orig,-1,0.023451225832104683,0.02573755383491516,True,0.290252149105072
1516,95,orig,-1,0.02789648063480854,0.02657213993370533,True,0.20701931416988373
1277,80,contradict,0,0.21301892399787903,0.26105016469955444,True,0.3995550870895386
1293,81,contradict,0,0.03717677667737007,0.03248729556798935,False,0.3436000645160675
1309,82,contradict,0,0.019845612347126007,0.018023759126663208,True,0.35967588424682617
1325,83,contradict,0,0.011169372126460075,0.012702357023954391,True,0.5992640256881714
1341,84,contradict,0,0.005774468649178743,0.00449871551245451,True,0.9826245903968811
1357,85,contradict,0,0.0043863714672625065,0.005173648241907358,True,0.8918877243995667
1373,86,contradict,0,0.025035271421074867,0.026655659079551697,True,0.10353190451860428
1389,87,contradict,0,0.021918490529060364,0.022872064262628555,True,0.2290794849395752
1405,88,contradict,0,0.0389152467250824,0.04240792617201805,True,0.22243337333202362
1421,89,contradict,0,0.07513045519590378,0.07353775948286057,True,0.1632079929113388
1437,90,contradict,0,0.002287115901708603,0.002300156280398369,True,0.5265753269195557
1453,91,contradict,0,0.05019025504589081,0.06609392166137695,True,0.5675276517868042
1469,92,contradict,0,0.16814503073692322,0.19725914299488068,False,0.06788161396980286
1485,93,contradict,0,0.0006058050785213709,0.0005076748784631491,True,0.9973393082618713
1501,94,contradict,0,0.03924129158258438,0.04356735944747925,True,0.304350346326828
1517,95,contradict,0,0.03164065256714821,0.030379457399249077,True,0.21489959955215454
1278,80,delete,0,0.2003224939107895,0.24702003598213196,True,0.40637627243995667
1294,81,delete,0,0.02779243513941765,0.0251298900693655,False,0.3387305736541748
1310,82,delete,0,0.019828662276268005,0.018039844930171967,True,0.3620246946811676
1326,83,delete,0,0.010143670253455639,0.011103557422757149,True,0.6197432279586792
1342,84,delete,0,0.005315153859555721,0.004172703251242638,True,0.9817031025886536
1358,85,delete,0,0.006653331685811281,0.007425880525261164,True,0.9016216993331909
1374,86,delete,0,0.02165718376636505,0.022865382954478264,True,0.10980989784002304
1390,87,delete,0,0.016212085261940956,0.016695138067007065,True,0.2416723370552063
1406,88,delete,0,0.010035285726189613,0.010233093984425068,True,0.2525712251663208
1422,89,delete,0,0.05624980479478836,0.056642934679985046,True,0.18225425481796265
1438,90,delete,0,0.00340471975505352,0.003387336153537035,True,0.4996848702430725
1454,91,delete,0,0.05033162236213684,0.0657525360584259,True,0.5696321725845337
1470,92,delete,0,0.13791266083717346,0.15264995396137238,False,0.06751960515975952
1486,93,delete,0,0.0003014258691109717,0.00028087396640330553,True,0.9968022108078003
1502,94,delete,0,0.018715346232056618,0.020437268540263176,True,0.2871599495410919
1518,95,delete,0,0.026057608425617218,0.025243274867534637,True,0.20907069742679596
1279,80,contradict,1,0.1370103359222412,0.16682499647140503,True,0.456310898065567
1295,81,contradict,1,0.028392475098371506,0.026944972574710846,False,0.31036311388015747
1311,82,contradict,1,0.009406471624970436,0.00943959690630436,True,0.3210087716579437
1327,83,contradict,1,0.008100825361907482,0.008379102684557438,True,0.5979692339897156
1343,84,contradict,1,0.005815406329929829,0.004460839554667473,True,0.9818310141563416
1359,85,contradict,1,0.0044225952588021755,0.006439061835408211,True,0.8915122747421265
1375,86,contradict,1,0.021472010761499405,0.022389378398656845,True,0.10704465210437775
1391,87,contradict,1,0.021501615643501282,0.020398803055286407,True,0.25895604491233826
1407,88,contradict,1,0.010043174959719181,0.010503342375159264,True,0.23181869089603424
1423,89,contradict,1,0.06560152769088745,0.06565451622009277,True,0.17558829486370087
1439,90,contradict,1,0.0029855328612029552,0.002963426522910595,True,0.5545468926429749
1455,91,contradict,1,0.06002409756183624,0.08710040152072906,True,0.5507728457450867
1471,92,contradict,1,0.19732776284217834,0.2267528474330902,False,0.06670345366001129
1487,93,contradict,1,0.00029872951563447714,0.0002813973114825785,True,0.9967725872993469
1503,94,contradict,1,0.030271518975496292,0.03416832908987999,True,0.29135850071907043
1519,95,contradict,1,0.030704032629728317,0.029344771057367325,True,0.2102612406015396
1280,80,delete,1,0.16386869549751282,0.20248015224933624,True,0.43749549984931946
1296,81,delete,1,0.026955757290124893,0.024543138220906258,False,0.3364222049713135
1312,82,delete,1,0.008773066103458405,0.008757725358009338,True,0.32408660650253296
1328,83,delete,1,0.00974404439330101,0.010423543862998486,True,0.6090463995933533
1344,84,delete,1,0.009160332381725311,0.006386169232428074,True,0.9836385250091553
1360,85,delete,1,0.003729824209585786,0.0045539638958871365,True,0.8925906419754028
1376,86,delete,1,0.02163723297417164,0.02274126373231411,True,0.1078011617064476
1392,87,delete,1,0.01695384457707405,0.016503289341926575,True,0.23811693489551544
1408,88,delete,1,0.009105200879275799,0.009552760049700737,True,0.23639796674251556
1424,89,delete,1,0.060225389897823334,0.06022544205188751,True,0.1781860888004303
1440,90,delete,1,0.003604239784181118,0.003573133610188961,True,0.4996035695075989
1456,91,delete,1,0.07139147818088531,0.11229360848665237,True,0.5167942643165588
1472,92,delete,1,0.15997087955474854,0.18120761215686798,False,0.07020335644483566
1488,93,delete,1,0.0002928038011305034,0.0002743253717198968,True,0.9968210458755493
1504,94,delete,1,0.025889281183481216,0.02805539220571518,True,0.29594212770462036
1520,95,delete,1,0.026150232180953026,0.025633685290813446,True,0.2074577957391739
1281,80,contradict,2,8.094609260559082,9.502968788146973,False,0.00014522769197355956
1297,81,contradict,2,0.03657855838537216,0.03251907229423523,False,0.34745216369628906
1313,82,contradict,2,0.015911344438791275,0.018289746716618538,True,0.3375062048435211
1329,83,contradict,2,0.008027682080864906,0.008545057848095894,True,0.6086570024490356
1345,84,contradict,2,0.0057804174721241,0.005994770675897598,True,0.9631044268608093
1361,85,contradict,2,0.006135953590273857,0.006862175650894642,True,0.9019672870635986
1377,86,contradict,2,0.018597960472106934,0.018690034747123718,True,0.1172899454832077
1393,87,contradict,2,0.020440295338630676,0.01956416293978691,True,0.2639554738998413
1409,88,contradict,2,0.020696498453617096,0.02042563073337078,True,0.25047099590301514
1425,89,contradict,2,0.054740648716688156,0.055061712861061096,True,0.17641252279281616
1441,90,contradict,2,0.004371887072920799,0.0045379409566521645,True,0.496038019657135
1457,91,contradict,2,0.040144458413124084,0.04325743019580841,True,0.5192164778709412
1473,92,contradict,2,0.13834822177886963,0.15321952104568481,False,0.06780575215816498
1489,93,contradict,2,0.00026977231027558446,0.0002714991569519043,True,0.9964956641197205
1505,94,contradict,2,0.015740055590867996,0.016407422721385956,True,0.3059341013431549
1521,95,contradict,2,0.02953372709453106,0.02747008018195629,True,0.20355021953582764
1282,80,delete,2,0.14584381878376007,0.17734384536743164,True,0.45343920588493347
1298,81,delete,2,0.027239087969064713,0.02434586174786091,False,0.33858829736709595
1314,82,delete,2,0.022658858448266983,0.02050706371665001,True,0.34695109724998474
1330,83,delete,2,0.011077879928052425,0.011895537376403809,True,0.6163886189460754
1346,84,delete,2,0.006768485065549612,0.005198434926569462,True,0.9828420281410217
1362,85,delete,2,0.005088974721729755,0.005092555657029152,True,0.9045668840408325
1378,86,delete,2,0.0180971622467041,0.018132152035832405,True,0.11123186349868774
1394,87,delete,2,0.013946806080639362,0.013671712949872017,True,0.24487616121768951
1410,88,delete,2,0.016091715544462204,0.01674848049879074,True,0.22392216324806213
1426,89,delete,2,0.07354811578989029,0.07380694150924683,True,0.16260680556297302
1442,90,delete,2,0.0039343805983662605,0.0038819648325443268,True,0.5014020800590515
1458,91,delete,2,0.049250680953264236,0.059797704219818115,True,0.47599104046821594
1474,92,delete,2,0.14172324538230896,0.1596316695213318,False,0.07125937193632126
1490,93,delete,2,0.0006866592448204756,0.0005760655039921403,True,0.9974608421325684
1506,94,delete,2,0.014187909662723541,0.014977054670453072,True,0.2800195813179016
1522,95,delete,2,0.02767251990735531,0.02595473825931549,True,0.2034221589565277
1283,80,contradict,3,0.14090284705162048,0.17579597234725952,True,0.4662880003452301
1299,81,contradict,3,0.026822449639439583,0.024080080911517143,False,0.3393370807170868
1315,82,contradict,3,0.01606660708785057,0.014918223023414612,True,0.33897310495376587
1331,83,contradict,3,0.010798619128763676,0.011221525259315968,True,0.6135613918304443
1347,84,contradict,3,0.005710149183869362,0.004481574986129999,True,0.9823257327079773
1363,85,contradict,3,0.0058731804601848125,0.005892200395464897,True,0.9038600921630859
1379,86,contradict,3,0.021621784195303917,0.022800367325544357,True,0.10873585194349289
1395,87,contradict,3,0.022746052592992783,0.024021578952670097,True,0.22797803580760956
1411,88,contradict,3,0.026704080402851105,0.02779165655374527,True,0.24679870903491974
1427,89,contradict,3,0.04307263344526291,0.04391450807452202,True,0.19805824756622314
1443,90,contradict,3,0.0028530219569802284,0.002801329828798771,True,0.5588797330856323
1459,91,contradict,3,0.05736139416694641,0.06767337769269943,True,0.5763036608695984
1475,92,contradict,3,0.3937625586986542,0.48964110016822815,False,0.04794921353459358
1491,93,contradict,3,0.0005899997195228934,0.00048724174848757684,True,0.9975109100341797
1507,94,contradict,3,0.021375924348831177,0.021599333733320236,True,0.31318575143814087
1523,95,contradict,3,0.0337224006652832,0.032457754015922546,True,0.18758970499038696
1284,80,delete,3,0.16928160190582275,0.21066701412200928,True,0.4366867244243622
1300,81,delete,3,0.02690335549414158,0.02414771541953087,False,0.3394167721271515
1316,82,delete,3,0.013262297958135605,0.012257954105734825,True,0.3472237288951874
1332,83,delete,3,0.010428947396576405,0.011236852034926414,True,0.6147483587265015
1348,84,delete,3,0.006029446143656969,0.004680310375988483,True,0.9823787808418274
1364,85,delete,3,0.005347807426005602,0.005273344926536083,True,0.904586136341095
1380,86,delete,3,0.024225780740380287,0.026002047583460808,True,0.10263089090585709
1396,87,delete,3,0.01960642822086811,0.020233692601323128,True,0.24863477051258087
1412,88,delete,3,0.014900416135787964,0.015589633956551552,True,0.24116435647010803
1428,89,delete,3,0.053842321038246155,0.05434466898441315,True,0.17945538461208344
1444,90,delete,3,0.0012155920267105103,0.001156999496743083,True,0.5335003137588501
1460,91,delete,3,0.04901082068681717,0.06900712847709656,True,0.529568612575531
1476,92,delete,3,0.19131547212600708,0.22885888814926147,False,0.06907368451356888
1492,93,delete,3,0.0002833233156707138,0.0002623920445330441,True,0.9968054294586182
1508,94,delete,3,0.025270864367485046,0.027576666325330734,True,0.29044827818870544
1524,95,delete,3,0.029238779097795486,0.027129359543323517,True,0.2042134702205658
1285,80,paraphrase,-1,0.13702279329299927,0.17035794258117676,True,0.4692018926143646
1301,81,paraphrase,-1,0.027948161587119102,0.025191256776452065,False,0.3390984535217285
1317,82,paraphrase,-1,0.01162000373005867,0.011162051931023598,True,0.3347361385822296
1333,83,paraphrase,-1,0.010565380565822124,0.011318430304527283,True,0.6125254034996033
1349,84,paraphrase,-1,0.004750379361212254,0.0037691143807023764,True,0.9812467694282532
1365,85,paraphrase,-1,0.008935489691793919,0.008506436832249165,True,0.9132198095321655
1381,86,paraphrase,-1,0.019849851727485657,0.02082124538719654,True,0.10919451713562012
1397,87,paraphrase,-1,0.014651613309979439,0.01456461288034916,True,0.2442602664232254
1413,88,paraphrase,-1,0.008815860375761986,0.009081540629267693,True,0.25383445620536804
1429,89,paraphrase,-1,0.0634208470582962,0.06372273713350296,True,0.17692479491233826
1445,90,paraphrase,-1,0.0013724076561629772,0.0013027256354689598,True,0.5297088027000427
1461,91,paraphrase,-1,0.05669545382261276,0.07632597535848618,True,0.5527857542037964
1477,92,paraphrase,-1,0.15324506163597107,0.17410780489444733,False,0.06813288480043411
1493,93,paraphrase,-1,0.00029091781470924616,0.0002723496872931719,True,0.9967833757400513
1509,94,paraphrase,-1,0.02425428293645382,0.026541057974100113,True,0.2928643226623535
1525,95,paraphrase,-1,0.030240662395954132,0.02805868722498417,True,0.20444808900356293
1286,80,translate,-1,0.1397647261619568,0.17474135756492615,True,0.4670945703983307
1302,81,translate,-1,0.03623254597187042,0.03286540508270264,True,0.3801420032978058
1318,82,translate,-1,0.019559122622013092,0.017757538706064224,True,0.36443617939949036
1334,83,translate,-1,0.01142851635813713,0.01200728677213192,True,0.6118447184562683
1350,84,translate,-1,0.0065589528530836105,0.005136838182806969,True,0.982315182685852
1366,85,translate,-1,0.007368936203420162,0.010739196091890335,True,0.9017429351806641
1382,86,translate,-1,0.020408160984516144,0.02178826369345188,True,0.11642798036336899
1398,87,translate,-1,0.02061997726559639,0.01955205574631691,True,0.26033028960227966
1414,88,translate,-1,0.012073969468474388,0.012043687514960766,True,0.24940572679042816
1430,89,translate,-1,0.05562842637300491,0.05503220856189728,True,0.17920787632465363
1446,90,translate,-1,0.002960509853437543,0.002926097484305501,True,0.4992939829826355
1462,91,translate,-1,0.05660500377416611,0.07601775228977203,True,0.5368634462356567
1478,92,translate,-1,0.13925370573997498,0.15226414799690247,False,0.06710372865200043
1494,93,translate,-1,0.0004595833015628159,0.0004141927638556808,True,0.9969009160995483
1510,94,translate,-1,0.02740304358303547,0.03107604756951332,True,0.2922920882701874
1526,95,translate,-1,0.024958020076155663,0.023358188569545746,True,0.19896088540554047
1287,80,polarity,-1,0.11492344737052917,0.1419333517551422,True,0.48855119943618774
1303,81,polarity,-1,0.026913784444332123,0.024170849472284317,False,0.33939045667648315
1319,82,polarity,-1,0.012908343225717545,0.011847024783492088,True,0.3475256860256195
1335,83,polarity,-1,0.01006507407873869,0.0109550217166543,True,0.6120699644088745
1351,84,polarity,-1,0.005169279873371124,0.0040668766014277935,True,0.981635332107544
1367,85,polarity,-1,0.005539521109312773,0.005479673855006695,True,0.9042516946792603
1383,86,polarity,-1,0.02184353396296501,0.02285061776638031,True,0.10911905020475388
1399,87,polarity,-1,0.01804516464471817,0.01809992454946041,True,0.2380068004131317
1415,88,polarity,-1,0.00985031109303236,0.009872068651020527,True,0.2563237249851227
1431,89,polarity,-1,0.07701633125543594,0.07640120387077332,True,0.16019771993160248
1447,90,polarity,-1,0.0036038244143128395,0.0035797166638076305,True,0.49921759963035583
1463,91,polarity,-1,0.06781882792711258,0.10167840123176575,True,0.533582866191864
1479,92,polarity,-1,0.13739192485809326,0.15441232919692993,False,0.0729556754231453
1495,93,polarity,-1,0.0002920757979154587,0.0002721240743994713,True,0.9968005418777466
1511,94,polarity,-1,0.031599514186382294,0.035678211599588394,True,0.29250141978263855
1527,95,polarity,-1,0.027207059785723686,0.02566281147301197,True,0.2037866711616516
1288,80,vocab,-1,0.1682916283607483,0.20989225804805756,True,0.4377969205379486
1304,81,vocab,-1,0.035598330199718475,0.03161194548010826,False,0.34861528873443604
1320,82,vocab,-1,0.012897998094558716,0.011937690898776054,True,0.3518938720226288
1336,83,vocab,-1,0.009576668962836266,0.010456564836204052,True,0.6069826483726501
1352,84,vocab,-1,0.004414157941937447,0.003546682186424732,True,0.981036901473999
1368,85,vocab,-1,0.006297880783677101,0.006695258896797895,True,0.9028950333595276
1384,86,vocab,-1,0.02056628093123436,0.02151845581829548,True,0.11026275902986526
1400,87,vocab,-1,0.0157114677131176,0.015733180567622185,True,0.24367037415504456
1416,88,vocab,-1,0.012188572436571121,0.01264220755547285,True,0.23410116136074066
1432,89,vocab,-1,0.05623546242713928,0.05607694014906883,True,0.176486074924469
1448,90,vocab,-1,0.0035571474581956863,0.003521350212395191,True,0.4994673430919647
1464,91,vocab,-1,0.052674800157547,0.07801656424999237,True,0.527454137802124
1480,92,vocab,-1,0.12465643882751465,0.13665509223937988,False,0.0719379186630249
1496,93,vocab,-1,0.0002990184002555907,0.0002856485079973936,True,0.996745228767395
1512,94,vocab,-1,0.024871215224266052,0.027263104915618896,True,0.2925419509410858
1528,95,vocab,-1,0.02722708135843277,0.02506471984088421,True,0.1869111955165863
1289,80,cat,-1,4.259862422943115,14.261324882507324,False,0.013460531830787659
1305,81,cat,3,4.2145256996154785,10.897260665893555,False,0.0017309595132246614
1321,82,cat,3,0.8727467060089111,2.6262106895446777,True,0.13956765830516815
1337,83,cat,-1,8.642814636230469,16.33511734008789,False,0.00010860290785785764
1353,84,cat,3,10.905219078063965,12.777280807495117,False,1.2914753824588843e-05
1369,85,cat,-1,1.454915165901184,6.8504414558410645,True,0.27939799427986145
1385,86,cat,-1,2.7628424167633057,6.893433570861816,False,0.00914218183606863
1401,87,cat,-1,2.5802104473114014,6.2689361572265625,False,0.024234522134065628
1417,88,cat,3,4.90037727355957,8.135049819946289,False,0.0010938827181234956
1433,89,cat,4,5.362048149108887,12.830084800720215,False,0.0025131304282695055
1449,90,cat,3,1.7295628786087036,4.765929698944092,False,0.1900315284729004
1465,91,cat,-1,2.1360228061676025,11.01880931854248,False,0.08075954020023346
1481,92,cat,5,10.259256362915039,14.671521186828613,False,1.4509470247503486e-07
1497,93,cat,-1,1.8680435419082642,13.669649124145508,False,0.15084238350391388
1513,94,cat,-1,1.337857723236084,6.837723255157471,False,0.0419454500079155
1529,95,cat,3,4.663671493530273,10.693768501281738,False,0.00014667944924440235
1290,80,shuffle,-1,0.20149552822113037,0.2541605234146118,True,0.41859501600265503
1306,81,shuffle,-1,0.034499652683734894,0.030774276703596115,False,0.3480081260204315
1322,82,shuffle,-1,0.017710063606500626,0.016434401273727417,True,0.33044180274009705
1338,83,shuffle,-1,0.010648082941770554,0.01142640970647335,True,0.612078070640564
1354,84,shuffle,-1,0.008815796114504337,0.006439827848225832,True,0.9857434630393982
1370,85,shuffle,-1,0.00504032289609313,0.004884807858616114,True,0.9048590660095215
1386,86,shuffle,-1,0.02103630267083645,0.021343210712075233,True,0.11657827347517014
1402,87,shuffle,-1,0.01775755174458027,0.01796744391322136,True,0.232587069272995
1418,88,shuffle,-1,0.01315911952406168,0.013906117528676987,True,0.23095254600048065
1434,89,shuffle,-1,0.05302644893527031,0.05393010005354881,True,0.1853690892457962
1450,90,shuffle,-1,0.0019785903859883547,0.0018502548336982727,True,0.5298954844474792
1466,91,shuffle,-1,0.03826047480106354,0.04148723557591438,True,0.5547399520874023
1482,92,shuffle,-1,0.14349570870399475,0.1671716421842575,False,0.07404377311468124
1498,93,shuffle,-1,0.0002856734790839255,0.00026172184152528644,True,0.9968885779380798
1514,94,shuffle,-1,0.025225240737199783,0.028756283223628998,True,0.29027748107910156
1530,95,shuffle,-1,0.03207644820213318,0.029620537534356117,True,0.20331062376499176
1291,80,unrelated,222,5.525758743286133,6.0437517166137695,False,0.0010899911867454648
1307,81,unrelated,229,3.4130358695983887,6.488954544067383,False,0.006546830292791128
1323,82,unrelated,72,5.638189315795898,7.609610080718994,False,0.00020678254077211022
1339,83,unrelated,151,5.692195415496826,6.828697681427002,False,0.00026592938229441643
1355,84,unrelated,198,10.61198902130127,9.55004596710205,False,1.6996649719658308e-05
1371,85,unrelated,125,1.1828356981277466,4.451136112213135,True,0.36139413714408875
1387,86,unrelated,104,5.508301258087158,8.147344589233398,False,5.1834060286637396e-05
1403,87,unrelated,103,9.445209503173828,8.52985668182373,False,5.779240382253192e-06
1419,88,unrelated,157,5.890270709991455,3.5888872146606445,False,5.3120787924854085e-05
1435,89,unrelated,189,6.755145072937012,7.377388000488281,False,0.00016407544899266213
1451,90,unrelated,63,9.333319664001465,13.322623252868652,False,1.027525377139682e-05
1467,91,unrelated,89,1.7499268054962158,2.354851722717285,False,0.10907251387834549
1483,92,unrelated,146,6.398362636566162,8.856545448303223,False,0.00010698751430027187
1499,93,unrelated,98,10.38853931427002,11.028011322021484,False,2.9475826522684656e-05
1515,94,unrelated,15,1.1928685903549194,2.4306702613830566,True,0.25845882296562195
1531,95,unrelated,200,1.9461183547973633,3.279311418533325,False,0.06500335037708282
-1,80,ref_identity,-1,0.0,0.0,True,0.6669098734855652
-1,81,ref_identity,-1,0.0,0.0,True,0.32924240827560425
-1,82,ref_identity,-1,0.0,0.0,True,0.325212687253952
-1,83,ref_identity,-1,0.0,0.0,True,0.6271503567695618
-1,84,ref_identity,-1,0.0,0.0,True,0.9693170189857483
-1,85,ref_identity,-1,0.0,0.0,True,0.8857460618019104
-1,86,ref_identity,-1,0.0,0.0,True,0.11848717927932739
-1,87,ref_identity,-1,0.0,0.0,True,0.23127417266368866
-1,88,ref_identity,-1,0.0,0.0,True,0.25359100103378296
-1,89,ref_identity,-1,0.0,0.0,True,0.2617824673652649
-1,90,ref_identity,-1,0.0,0.0,True,0.527577817440033
-1,91,ref_identity,-1,0.0,0.0,True,0.5656561851501465
-1,92,ref_identity,-1,0.0,0.0,True,0.1074247807264328
-1,93,ref_identity,-1,0.0,0.0,True,0.995796799659729
-1,94,ref_identity,-1,0.0,0.0,True,0.274742990732193
-1,95,ref_identity,-1,0.0,0.0,True,0.1503315418958664
-2,80,ref_mean,-1,0.8961238861083984,2.8504111766815186,True,0.46972402930259705
-2,81,ref_mean,-1,4.186683177947998,5.772727966308594,False,0.003130125580355525
-2,82,ref_mean,-1,0.3092685341835022,0.42099204659461975,True,0.18678994476795197
-2,83,ref_mean,-1,1.9348067045211792,4.177280426025391,False,0.048946257680654526
-2,84,ref_mean,-1,8.80299186706543,9.3233642578125,False,0.00011015168274752796
-2,85,ref_mean,-1,1.6772359609603882,6.207674980163574,True,0.1661851406097412
-2,86,ref_mean,-1,0.8552830815315247,0.6572737097740173,False,0.05201541632413864
-2,87,ref_mean,-1,1.0909301042556763,2.103238582611084,True,0.16237381100654602
-2,88,ref_mean,-1,4.568151950836182,6.998854637145996,False,0.0016878234455361962
-2,89,ref_mean,-1,1.3353102207183838,2.473029613494873,True,0.10389086604118347
-2,90,ref_mean,-1,1.5323818922042847,4.225734233856201,False,0.08170174807310104
-2,91,ref_mean,-1,0.8614503145217896,0.6283184885978699,True,0.32620787620544434
-2,92,ref_mean,-1,9.280869483947754,8.175139427185059,False,3.44612408298417e-06
-2,93,ref_mean,-1,0.6157185435295105,2.833343029022217,True,0.5285143256187439
-2,94,ref_mean,-1,1.4298847913742065,2.8505330085754395,False,0.06122489273548126
-2,95,ref_mean,-1,3.230670690536499,5.721029281616211,False,0.0011334590381011367
1532,96,orig,-1,0.017075832933187485,0.014736037701368332,True,0.901572585105896
1548,97,orig,-1,0.0017420612275600433,0.0021093441173434258,True,0.9478973150253296
1564,98,orig,-1,0.014591610059142113,0.015820953994989395,True,0.3624264597892761
1580,99,orig,-1,0.0027971824165433645,0.0031251239124685526,True,0.8997951149940491
1596,100,orig,-1,0.04918593540787697,0.051014494150877,False,0.4620155990123749
1612,101,orig,-1,0.031475190073251724,0.02875436469912529,True,0.39947980642318726
1628,102,orig,-1,0.011638429947197437,0.0128674590960145,True,0.7443337440490723
1644,103,orig,-1,0.06717433780431747,0.06878471374511719,True,0.6393862962722778
1660,104,orig,-1,0.003037727903574705,0.0034572724252939224,True,0.9760844111442566
1676,105,orig,-1,0.031057149171829224,0.02884930931031704,True,0.4332590699195862
1692,106,orig,-1,0.0144814969971776,0.016742078587412834,True,0.6557121872901917
1708,107,orig,-1,0.09604109823703766,0.1057840883731842,True,0.40993109345436096
1724,108,orig,-1,0.04756312444806099,0.03939134627580643,True,0.5570324063301086
1740,109,orig,-1,0.014887687750160694,0.015192843973636627,True,0.35558757185935974
1756,110,orig,-1,8.135938696796075e-05,7.528209243901074e-05,True,0.9992295503616333
1772,111,orig,-1,0.0024010040797293186,0.001471835421398282,True,0.997337281703949
1533,96,contradict,0,0.008637815713882446,0.00764179602265358,True,0.8857349753379822
1549,97,contradict,0,0.0019422959303483367,0.0024939810391515493,True,0.9499272704124451
1565,98,contradict,0,0.023892275989055634,0.02569788321852684,True,0.3415462076663971
1581,99,contradict,0,0.0024960399605333805,0.002753256121650338,True,0.9035300612449646
1597,100,contradict,0,0.07105962932109833,0.07364677637815475,False,0.4308069050312042
1613,101,contradict,0,0.04797620698809624,0.04570779576897621,True,0.3719344437122345
1629,102,contradict,0,0.029344316571950912,0.0332600437104702,True,0.6934405565261841
1645,103,contradict,0,0.13494808971881866,0.1486864686012268,True,0.5576043725013733
1661,104,contradict,0,0.0023464099504053593,0.0027270072605460882,True,0.9753598570823669
1677,105,contradict,0,0.02744438126683235,0.027177080512046814,True,0.4077361822128296
1693,106,contradict,0,0.015169017016887665,0.017477475106716156,True,0.6577699780464172
1709,107,contradict,0,0.1021561399102211,0.11285875737667084,True,0.3944203555583954
1725,108,contradict,0,0.05665433406829834,0.048137761652469635,True,0.5884332060813904
1741,109,contradict,0,0.015901939943432808,0.01649499498307705,True,0.3571937680244446
1757,110,contradict,0,8.357724436791614e-05,9.46831569308415e-05,True,0.9991328120231628
1773,111,contradict,0,0.0007212801137939095,0.0005646282224915922,True,0.9967401623725891
1534,96,delete,0,0.011149510741233826,0.009884677827358246,True,0.8926562070846558
1550,97,delete,0,0.0014169802889227867,0.0017064131097868085,True,0.9500600099563599
1566,98,delete,0,0.017739102244377136,0.019270621240139008,True,0.35643044114112854
1582,99,delete,0,0.002149175852537155,0.002324831672012806,True,0.9063019752502441
1598,100,delete,0,0.07027370482683182,0.07225256413221359,False,0.43131452798843384
1614,101,delete,0,0.04505046084523201,0.04114876687526703,True,0.42130985856056213
1630,102,delete,0,0.010776827111840248,0.011901088990271091,True,0.7466936111450195
1646,103,delete,0,0.10791625082492828,0.11581572890281677,True,0.588395357131958
1662,104,delete,0,0.0023091151379048824,0.0025680321268737316,True,0.9768327474594116
1678,105,delete,0,0.02806970663368702,0.026910986751317978,True,0.4168853163719177
1694,106,delete,0,0.0134055744856596,0.015435774810612202,True,0.6652286648750305
1710,107,delete,0,0.10015155375003815,0.11111223697662354,True,0.4038250148296356
1726,108,delete,0,0.0456966757774353,0.038650717586278915,True,0.5601558089256287
1742,109,delete,0,0.01562991738319397,0.015779783949255943,True,0.34998345375061035
1758,110,delete,0,7.663709402550012e-05,6.775697693228722e-05,True,0.9992861151695251
1774,111,delete,0,0.0015687490813434124,0.0011139714624732733,True,0.9972484707832336
1535,96,contradict,1,0.008724033832550049,0.007824793457984924,True,0.8826109170913696
1551,97,contradict,1,0.0017428844003006816,0.0021068472415208817,True,0.9483937621116638
1567,98,contradict,1,0.01684802956879139,0.017917301505804062,True,0.355784147977829
1583,99,contradict,1,0.0032047287095338106,0.0036659894976764917,True,0.8968497514724731
1599,100,contradict,1,0.04986313357949257,0.052194830030202866,False,0.4613649845123291
1615,101,contradict,1,0.0321335606276989,0.03108333796262741,True,0.36920493841171265
1631,102,contradict,1,0.0058250101283192635,0.006227729842066765,True,0.7618731260299683
1647,103,contradict,1,0.05189097300171852,0.05018915235996246,True,0.6671658158302307
1663,104,contradict,1,0.0025763968005776405,0.002799651585519314,True,0.976811945438385
1679,105,contradict,1,0.03597511723637581,0.03410349786281586,True,0.4415152966976166
1695,106,contradict,1,0.008287486620247364,0.009818815626204014,True,0.6815540194511414
1711,107,contradict,1,0.16618898510932922,0.18655508756637573,False,0.3508509397506714
1727,108,contradict,1,0.04934666305780411,0.04129658639431,True,0.5575729012489319
1743,109,contradict,1,0.010663565248250961,0.01161697506904602,True,0.37478870153427124
1759,110,contradict,1,8.989370689960197e-05,9.671243606135249e-05,True,0.9991663694381714
1775,111,contradict,1,0.002156081609427929,0.001364967436529696,True,0.9972319006919861
1536,96,delete,1,0.0061398278921842575,0.00566265732049942,True,0.878301739692688
1552,97,delete,1,0.001150463242083788,0.0013465675292536616,True,0.9535349011421204
1568,98,delete,1,0.015840426087379456,0.01726910099387169,True,0.3516986668109894
1584,99,delete,1,0.00349242752417922,0.003998159896582365,True,0.8967680931091309
1600,100,delete,1,0.04903589189052582,0.05083104223012924,False,0.46223658323287964
1616,101,delete,1,0.03129720315337181,0.028709501028060913,True,0.3995342254638672
1632,102,delete,1,0.010269301012158394,0.011266293004155159,True,0.7465837597846985
1648,103,delete,1,0.05137466639280319,0.050023674964904785,True,0.66682368516922
1664,104,delete,1,0.0030989362858235836,0.0035832501016557217,True,0.975538432598114
1680,105,delete,1,0.03170393407344818,0.03146352246403694,True,0.4163406491279602
1696,106,delete,1,0.014222607016563416,0.016520744189620018,True,0.6568435430526733
1712,107,delete,1,0.16506946086883545,0.1855233907699585,False,0.35553908348083496
1728,108,delete,1,0.047288622707128525,0.040186960250139236,True,0.5567216873168945
1744,109,delete,1,0.010403462685644627,0.010886664502322674,True,0.3697238266468048
1760,110,delete,1,8.380057261092588e-05,8.321147470269352e-05,True,0.9992098808288574
1776,111,delete,1,0.0017349305562675,0.0011906521394848824,True,0.997083842754364
1537,96,contradict,2,0.008428327739238739,0.007721718400716782,True,0.8846608400344849
1553,97,contradict,2,0.0010322208981961012,0.0012063933536410332,True,0.9535959362983704
1569,98,contradict,2,0.026702482253313065,0.02945398911833763,True,0.3297465145587921
1585,99,contradict,2,0.0021963659673929214,0.0023586482275277376,True,0.9060523509979248
1601,100,contradict,2,0.0703977420926094,0.07257179915904999,False,0.4312593638896942
1617,101,contradict,2,0.039180938154459,0.03589335083961487,True,0.38070693612098694
1633,102,contradict,2,0.010563647374510765,0.0115729421377182,True,0.7493380904197693
1649,103,contradict,2,0.06766372919082642,0.06796491891145706,True,0.6425343155860901
1665,104,contradict,2,0.002631624462082982,0.0032316967844963074,True,0.9738333225250244
1681,105,contradict,2,0.03271850198507309,0.031105294823646545,True,0.4269191026687622
1697,106,contradict,2,0.013216674327850342,0.014987047761678696,True,0.6607549786567688
1713,107,contradict,2,0.09027167409658432,0.09902092814445496,True,0.4132045805454254
1729,108,contradict,2,0.04796420782804489,0.040060676634311676,True,0.5616816282272339
1745,109,contradict,2,0.009952003136277199,0.010330787859857082,True,0.36991938948631287
1761,110,contradict,2,8.483348210575059e-05,7.661570271011442e-05,True,0.9992454051971436
1777,111,contradict,2,0.002629897091537714,0.0015445583267137408,True,0.9975051283836365
1538,96,delete,2,0.006131062284111977,0.005655176937580109,True,0.8782702684402466
1554,97,delete,2,0.0009612689027562737,0.0011085690930485725,True,0.9528282284736633
1570,98,delete,2,0.021113157272338867,0.023878637701272964,True,0.3482567369937897
1586,99,delete,2,0.002176110167056322,0.0023077051155269146,True,0.9071001410484314
1602,100,delete,2,0.04900560528039932,0.05077844485640526,False,0.4621807634830475
1618,101,delete,2,0.03864048793911934,0.03565831854939461,True,0.3792969584465027
1634,102,delete,2,0.00844072736799717,0.009389028884470463,True,0.7563071846961975
1650,103,delete,2,0.06755498051643372,0.06872208416461945,True,0.6408908367156982
1666,104,delete,2,0.0022690454497933388,0.0024909174535423517,True,0.9770174026489258
1682,105,delete,2,0.033307433128356934,0.030870528891682625,True,0.43811729550361633
1698,106,delete,2,0.013029386289417744,0.014911008067429066,True,0.6652881503105164
1714,107,delete,2,0.09465067088603973,0.10364603996276855,True,0.4113382399082184
1730,108,delete,2,0.04742727428674698,0.039401501417160034,True,0.5577148795127869
1746,109,delete,2,0.0082091074436903,0.008800547569990158,True,0.38149338960647583
1762,110,delete,2,8.790705760475248e-05,8.757390605751425e-05,True,0.999184787273407
1778,111,delete,2,0.0026487011928111315,0.0015661802608519793,True,0.9974750876426697
1539,96,contradict,3,0.03599218279123306,0.04700760543346405,True,0.8694547414779663
1555,97,contradict,3,0.001797520206309855,0.002175776055082679,True,0.948147714138031
1571,98,contradict,3,0.016708701848983765,0.017977766692638397,True,0.3538718819618225
1587,99,contradict,3,0.003210451453924179,0.0032355005387216806,True,0.9101629853248596
1603,100,contradict,3,0.04932314530014992,0.05121491476893425,False,0.4618937075138092
1619,101,contradict,3,0.03940936177968979,0.03617946058511734,True,0.38025516271591187
1635,102,contradict,3,0.011271354742348194,0.012398443184792995,True,0.7450098395347595
1651,103,contradict,3,0.06869679689407349,0.07211481779813766,True,0.6349139213562012
1667,104,contradict,3,0.002582442481070757,0.0028154111932963133,True,0.9774751663208008
1683,105,contradict,3,0.03704563528299332,0.03363991528749466,True,0.448527067899704
1699,106,contradict,3,5.734739780426025,8.685523986816406,False,0.0018183315405622125
1715,107,contradict,3,0.6514155268669128,0.908394992351532,False,0.15942032635211945
1731,108,contradict,3,0.05746075510978699,0.04701998084783554,True,0.5729716420173645
1747,109,contradict,3,0.018976055085659027,0.019193265587091446,True,0.34070104360580444
1763,110,contradict,3,9.131860133493319e-05,7.288731285370886e-05,True,0.9993141889572144
1779,111,contradict,3,0.002545448951423168,0.0014652545796707273,True,0.9971694350242615
1540,96,delete,3,0.011459842324256897,0.010369338095188141,True,0.8878063559532166
1556,97,delete,3,0.0020223907195031643,0.00247191172093153,True,0.9476760029792786
1572,98,delete,3,0.017425350844860077,0.019333764910697937,True,0.3455027937889099
1588,99,delete,3,0.002243776572868228,0.0023969458416104317,True,0.9069705605506897
1604,100,delete,3,0.07053201645612717,0.0726703628897667,False,0.4311130940914154
1620,101,delete,3,0.02225467562675476,0.021038174629211426,True,0.3931485712528229
1636,102,delete,3,0.01155894435942173,0.012782723642885685,True,0.7434887290000916
1652,103,delete,3,0.06836843490600586,0.07210185378789902,True,0.6360620856285095
1668,104,delete,3,0.0028790486976504326,0.0033798699732869864,True,0.9753859639167786
1684,105,delete,3,0.049840833991765976,0.04421072080731392,True,0.47950220108032227
1700,106,delete,3,0.0205838680267334,0.023717129603028297,True,0.632175087928772
1716,107,delete,3,0.11758607625961304,0.12684054672718048,True,0.3764171004295349
1732,108,delete,3,0.03740689158439636,0.031047968193888664,True,0.5340303778648376
1748,109,delete,3,0.025440983474254608,0.0252538975328207,True,0.3259064853191376
1764,110,delete,3,9.072953253053129e-05,7.82411007094197e-05,True,0.9992770552635193
1780,111,delete,3,0.002786375815048814,0.0016127765411511064,True,0.9974607229232788
1541,96,paraphrase,-1,0.017069604247808456,0.01470378041267395,True,0.902348518371582
1557,97,paraphrase,-1,0.0017474278574809432,0.002111078007146716,True,0.9486364126205444
1573,98,paraphrase,-1,0.014713939279317856,0.015736732631921768,True,0.3658631145954132
1589,99,paraphrase,-1,0.002527874428778887,0.002616623882204294,True,0.9083362817764282
1605,100,paraphrase,-1,0.07041691243648529,0.07242335379123688,False,0.4311790466308594
1621,101,paraphrase,-1,0.0377068929374218,0.034666508436203,True,0.38058802485466003
1637,102,paraphrase,-1,0.011476541869342327,0.012677125632762909,True,0.7445028424263
1653,103,paraphrase,-1,0.06687603890895844,0.0683262050151825,True,0.6402984857559204
1669,104,paraphrase,-1,0.0029943916015326977,0.003437260165810585,True,0.9757452607154846
1685,105,paraphrase,-1,0.030283210799098015,0.0278155617415905,True,0.429719477891922
1701,106,paraphrase,-1,0.013143555261194706,0.015047242864966393,True,0.6596412658691406
1717,107,paraphrase,-1,0.09555774927139282,0.1058310866355896,True,0.4098318815231323
1733,108,paraphrase,-1,0.048573121428489685,0.0404323935508728,True,0.5616248846054077
1749,109,paraphrase,-1,0.009088166058063507,0.00962835829705,True,0.3760329484939575
1765,110,paraphrase,-1,9.275115007767454e-05,9.471323573961854e-05,True,0.999142050743103
1781,111,paraphrase,-1,0.002411322435364127,0.0014704728964716196,True,0.9973459839820862
1542,96,translate,-1,0.008327055722475052,0.0075836703181266785,True,0.8855291604995728
1558,97,translate,-1,0.0012023299932479858,0.0013889214023947716,True,0.9493474960327148
1574,98,translate,-1,0.014401355758309364,0.015424966812133789,True,0.36150744557380676
1590,99,translate,-1,0.0030690995045006275,0.0035077391657978296,True,0.8971384763717651
1606,100,translate,-1,0.04976259544491768,0.052085619419813156,False,0.46146252751350403
1622,101,translate,-1,0.019858192652463913,0.01851349137723446,True,0.39432939887046814
1638,102,translate,-1,0.011194557882845402,0.01260402798652649,True,0.7520961761474609
1654,103,translate,-1,0.052625857293605804,0.04968641698360443,True,0.6681532859802246
1670,104,translate,-1,0.0024505113251507282,0.0027402902487665415,True,0.9768379926681519
1686,105,translate,-1,0.02464839443564415,0.02271791361272335,True,0.4021439850330353
1702,106,translate,-1,0.009371636435389519,0.010910393670201302,True,0.678269624710083
1718,107,translate,-1,0.09196382015943527,0.10243837535381317,True,0.42328667640686035
1734,108,translate,-1,0.0677381083369255,0.055478453636169434,True,0.5916500687599182
1750,109,translate,-1,0.022387318313121796,0.022826997563242912,True,0.3333559036254883
1766,110,translate,-1,0.00010471475980011746,0.00010522919183131307,True,0.9991258978843689
1782,111,translate,-1,0.0018501363229006529,0.0011808574199676514,True,0.9973311424255371
1543,96,polarity,-1,0.010835941880941391,0.009645175188779831,True,0.8909711837768555
1559,97,polarity,-1,0.0018005853053182364,0.0022040163166821003,True,0.9482132196426392
1575,98,polarity,-1,0.01583094522356987,0.017146725207567215,True,0.3641358017921448
1591,99,polarity,-1,0.0030633038841187954,0.0034410676453262568,True,0.8992310166358948
1607,100,polarity,-1,0.0499599426984787,0.052570853382349014,False,0.4614385962486267
1623,101,polarity,-1,0.031493283808231354,0.03027665615081787,True,0.3695591390132904
1639,102,polarity,-1,0.00802829023450613,0.008835389278829098,True,0.7555152177810669
1655,103,polarity,-1,0.06714100390672684,0.06789460778236389,True,0.6413193345069885
1671,104,polarity,-1,0.0023811510764062405,0.0025824098847806454,True,0.9772219657897949
1687,105,polarity,-1,0.030803704634308815,0.028382057324051857,True,0.4282558262348175
1703,106,polarity,-1,0.008511187508702278,0.01023141946643591,True,0.6832998991012573
1719,107,polarity,-1,0.09165718406438828,0.10091042518615723,True,0.41163671016693115
1735,108,polarity,-1,0.05500142276287079,0.04466662555932999,True,0.5649213790893555
1751,109,polarity,-1,0.010025538504123688,0.010404727421700954,True,0.3692363500595093
1767,110,polarity,-1,8.539473492419347e-05,7.749222277197987e-05,True,0.9992324113845825
1783,111,polarity,-1,0.002515386091545224,0.0014922948321327567,True,0.9975612163543701
1544,96,vocab,-1,0.011079404503107071,0.009907688945531845,True,0.890053927898407
1560,97,vocab,-1,0.001676392974331975,0.0020117033272981644,True,0.9480372667312622
1576,98,vocab,-1,0.017683688551187515,0.019921917468309402,True,0.3509420156478882
1592,99,vocab,-1,0.0024151522666215897,0.002611228497698903,True,0.9052891135215759
1608,100,vocab,-1,0.049125466495752335,0.05079593509435654,False,0.4619295597076416
1624,101,vocab,-1,0.03810267522931099,0.03516893461346626,True,0.37975165247917175
1640,102,vocab,-1,0.011557124555110931,0.012706364504992962,True,0.7464061975479126
1656,103,vocab,-1,0.05175567418336868,0.049371205270290375,True,0.6695097088813782
1672,104,vocab,-1,0.002426532097160816,0.0026808823458850384,True,0.9766141772270203
1688,105,vocab,-1,0.02639896050095558,0.024620279669761658,True,0.41217851638793945
1704,106,vocab,-1,0.008480885997414589,0.01027139462530613,True,0.6823408007621765
1720,107,vocab,-1,0.09782424569129944,0.10756777226924896,True,0.4088806211948395
1736,108,vocab,-1,0.0636073648929596,0.053092651069164276,True,0.5912595391273499
1752,109,vocab,-1,0.010005813091993332,0.010403321124613285,True,0.36920166015625
1768,110,vocab,-1,8.67141061462462e-05,8.037511724978685e-05,True,0.9992088079452515
1784,111,vocab,-1,0.0021456286776810884,0.0013039651094004512,True,0.9971330165863037
1545,96,cat,2,8.537993431091309,17.694612503051758,False,9.856687393039465e-05
1561,97,cat,5,0.038429539650678635,0.08331489562988281,True,0.918301522731781
1577,98,cat,-1,3.644143581390381,8.839493751525879,False,0.009767143055796623
1593,99,cat,3,2.2617175579071045,13.819331169128418,False,0.09663286805152893
1609,100,cat,-1,4.857695579528809,11.747133255004883,False,0.002231941092759371
1625,101,cat,4,6.024895668029785,11.216680526733398,False,0.007314589805901051
1641,102,cat,4,10.746580123901367,13.68284797668457,False,4.674207957577892e-06
1657,103,cat,3,2.3278896808624268,5.472264766693115,False,0.049214962869882584
1673,104,cat,-1,9.591887474060059,14.56832218170166,False,6.0151789512019604e-05
1689,105,cat,-1,5.022058010101318,10.462648391723633,False,0.0038403950165957212
1705,106,cat,2,1.124086618423462,3.8259644508361816,True,0.21923106908798218
1721,107,cat,2,5.993864059448242,12.660627365112305,False,0.0001912427687784657
1737,108,cat,2,3.321058988571167,9.06513786315918,False,0.004449641332030296
1753,109,cat,-1,2.885219097137451,11.012140274047852,False,0.009659440256655216
1769,110,cat,4,0.6053052544593811,6.241291522979736,True,0.5437147617340088
1785,111,cat,-1,5.969049453735352,9.984710693359375,False,0.0024820638354867697
1546,96,shuffle,-1,0.02090906724333763,0.017591752111911774,True,0.9048159122467041
1562,97,shuffle,-1,0.0017975339433178306,0.0022813326213508844,True,0.9518621563911438
1578,98,shuffle,-1,0.023423923179507256,0.023682575672864914,True,0.3673851490020752
1594,99,shuffle,-1,0.0024523138999938965,0.0024558906443417072,True,0.9110304713249207
1610,100,shuffle,-1,0.12558215856552124,0.1279306709766388,False,0.3709512948989868
1626,101,shuffle,-1,0.03203272074460983,0.030049148947000504,True,0.3756215274333954
1642,102,shuffle,-1,0.0035142896231263876,0.003538908204063773,True,0.7854575514793396
1658,103,shuffle,-1,0.052195943892002106,0.049899883568286896,True,0.6682175993919373
1674,104,shuffle,-1,0.002314712153747678,0.0026001587975770235,True,0.9762303829193115
1690,105,shuffle,-1,0.0322406068444252,0.029713407158851624,True,0.433010071516037
1706,106,shuffle,-1,0.02353975921869278,0.02794974111020565,True,0.6300965547561646
1722,107,shuffle,-1,0.09598692506551743,0.10147996246814728,True,0.3935180902481079
1738,108,shuffle,-1,0.049239207059144974,0.040890660136938095,True,0.5642368793487549
1754,109,shuffle,-1,0.015618902631103992,0.016437526792287827,True,0.3619433045387268
1770,110,shuffle,-1,8.545270975446329e-05,6.333718192763627e-05,True,0.9993341565132141
1786,111,shuffle,-1,0.001120785716921091,0.0008359539206139743,True,0.997190535068512
1547,96,unrelated,43,4.801546096801758,8.772320747375488,False,0.008668418973684311
1563,97,unrelated,60,8.912287712097168,10.605193138122559,False,0.00011266721412539482
1579,98,unrelated,116,0.17159374058246613,0.2141071856021881,True,0.4201812148094177
1595,99,unrelated,255,3.9195456504821777,13.010115623474121,False,0.01732083410024643
1611,100,unrelated,203,4.299506187438965,11.275374412536621,False,0.02128961868584156
1627,101,unrelated,13,0.11517737805843353,0.16513356566429138,True,0.35212355852127075
1643,102,unrelated,141,5.718707084655762,5.768150806427002,False,0.0006146135274320841
1659,103,unrelated,192,1.7696220874786377,4.930235385894775,False,0.10404593497514725
1675,104,unrelated,221,8.298234939575195,9.291214942932129,False,0.000215488689718768
1691,105,unrelated,51,2.3613555431365967,2.184062957763672,False,0.040857963263988495
1707,106,unrelated,136,5.117960453033447,10.596012115478516,False,0.0026010689325630665
1723,107,unrelated,129,6.261636734008789,8.492700576782227,False,0.0003580251068342477
1739,108,unrelated,245,4.555842399597168,7.0497822761535645,False,0.004957988858222961
1755,109,unrelated,153,7.9578070640563965,9.079036712646484,False,0.00011415576591389254
1771,110,unrelated,109,1.736250400543213,8.594436645507812,True,0.1753014624118805
1787,111,unrelated,22,18.06928253173828,17.940444946289062,False,1.3592254433092421e-08
-1,96,ref_identity,-1,0.0,0.0,True,0.846897542476654
-1,97,ref_identity,-1,0.0,0.0,True,0.9565191864967346
-1,98,ref_identity,-1,0.0,0.0,True,0.40053591132164
-1,99,ref_identity,-1,0.0,0.0,True,0.9092896580696106
-1,100,ref_identity,-1,0.0,0.0,True,0.6165226101875305
-1,101,ref_identity,-1,0.0,0.0,True,0.38718366622924805
-1,102,ref_identity,-1,0.0,0.0,True,0.7945466637611389
-1,103,ref_identity,-1,0.0,0.0,True,0.7700201272964478
-1,104,ref_identity,-1,0.0,0.0,True,0.979862630367279
-1,105,ref_identity,-1,0.0,0.0,True,0.385173499584198
-1,106,ref_identity,-1,0.0,0.0,True,0.7188526391983032
-1,107,ref_identity,-1,0.0,0.0,True,0.5761728882789612
-1,108,ref_identity,-1,0.0,0.0,True,0.4706018567085266
-1,109,ref_identity,-1,0.0,0.0,True,0.4271373152732849
-1,110,ref_identity,-1,0.0,0.0,True,0.9992772936820984
-1,111,ref_identity,-1,0.0,0.0,True,0.9952394962310791
-2,96,ref_mean,-1,3.426006555557251,8.657686233520508,False,0.025882810354232788
-2,97,ref_mean,-1,1.012547254562378,4.227067470550537,True,0.3411073684692383
-2,98,ref_mean,-1,0.5785501599311829,1.94736647605896,True,0.1936948150396347
-2,99,ref_mean,-1,0.17020951211452484,0.5031854510307312,True,0.7482194900512695
-2,100,ref_mean,-1,2.84647274017334,10.380552291870117,False,0.050730444490909576
-2,101,ref_mean,-1,6.813876152038574,9.460756301879883,False,0.0013220250839367509
-2,102,ref_mean,-1,4.968533992767334,7.979189872741699,False,0.0027331567835062742
-2,103,ref_mean,-1,1.541248083114624,4.2430596351623535,False,0.18932361900806427
-2,104,ref_mean,-1,5.192291259765625,9.761919021606445,False,0.004974736366420984
-2,105,ref_mean,-1,2.423642873764038,3.0412566661834717,False,0.02882457710802555
-2,106,ref_mean,-1,0.3368327021598816,1.844875454902649,True,0.5193548202514648
-2,107,ref_mean,-1,1.9535760879516602,2.3942205905914307,False,0.021565398201346397
-2,108,ref_mean,-1,0.5899630188941956,1.2959024906158447,True,0.47317445278167725
-2,109,ref_mean,-1,1.4018210172653198,2.8508565425872803,False,0.0798882246017456
-2,110,ref_mean,-1,0.9197790622711182,6.579776287078857,True,0.3970992863178253
-2,111,ref_mean,-1,15.418402671813965,9.363638877868652,False,1.932448725483482e-07
1788,112,orig,-1,0.0032547912560403347,0.0027812973130494356,True,0.950434148311615
1804,113,orig,-1,0.0008115912787616253,0.0013203013222664595,True,0.9973844885826111
1820,114,orig,-1,0.04424934461712837,0.03912017121911049,True,0.34490373730659485
1836,115,orig,-1,0.011326463893055916,0.010416676290333271,True,0.6100504398345947
1852,116,orig,-1,0.08988451957702637,0.0928073525428772,False,0.4237256646156311
1868,117,orig,-1,0.006782873999327421,0.006634758785367012,True,0.8228236436843872
1884,118,orig,-1,0.16087600588798523,0.1665424406528473,True,0.14497578144073486
1900,119,orig,-1,0.018232721835374832,0.018881551921367645,True,0.7243273854255676
1916,120,orig,-1,0.004704078659415245,0.0057818349450826645,True,0.6399333477020264
1932,121,orig,-1,0.11138999462127686,0.10430984199047089,True,0.3188798129558563
1948,122,orig,-1,0.11519235372543335,0.1012912169098854,False,0.032883621752262115
1964,123,orig,-1,0.09312900900840759,0.10504648834466934,True,0.14720739424228668
1980,124,orig,-1,0.016084514558315277,0.014780537225306034,True,0.576664388179779
1996,125,orig,-1,0.0069018397480249405,0.007324274629354477,True,0.4900839626789093
2012,126,orig,-1,5.994098501105327e-06,6.187721737660468e-06,True,0.9997990727424622
2028,127,orig,-1,0.07440221309661865,0.07404744625091553,True,0.4765683114528656
1789,112,contradict,0,0.01615135185420513,0.012542873620986938,True,0.9464792609214783
1805,113,contradict,0,0.0014411585871130228,0.002488495782017708,True,0.9963911175727844
1821,114,contradict,0,0.04318636655807495,0.03725793957710266,True,0.3108457028865814
1837,115,contradict,0,0.014268103055655956,0.012326883152127266,True,0.607995331287384
1853,116,contradict,0,0.08752967417240143,0.09070850908756256,False,0.42879366874694824
1869,117,contradict,0,0.021206842735409737,0.02446315996348858,True,0.771029531955719
1885,118,contradict,0,0.1879398226737976,0.1914965659379959,True,0.12774410843849182
1901,119,contradict,0,0.0037093115970492363,0.0037748506292700768,True,0.7408421635627747
1917,120,contradict,0,0.0077599696815013885,0.00956911500543356,True,0.6283928155899048
1933,121,contradict,0,0.14775350689888,0.13608448207378387,True,0.325593501329422
1949,122,contradict,0,0.12035335600376129,0.11156508326530457,False,0.03597671166062355
1965,123,contradict,0,0.07208249717950821,0.07159613072872162,True,0.1278296262025833
1981,124,contradict,0,0.01669071614742279,0.01639600843191147,True,0.5390159487724304
1997,125,contradict,0,0.005318249575793743,0.005700388923287392,True,0.500858724117279
2013,126,contradict,0,1.6496833268320188e-05,2.2447951778303832e-05,True,0.999760091304779
2029,127,contradict,0,0.07187352329492569,0.069207563996315,True,0.4702416658401489
1790,112,delete,0,0.0027823569253087044,0.00250818720087409,True,0.9470810294151306
1806,113,delete,0,0.0009525984060019255,0.0015355641953647137,True,0.9970704317092896
1822,114,delete,0,0.0427551306784153,0.03825025260448456,True,0.34704676270484924
1838,115,delete,0,0.018786050379276276,0.016489051282405853,True,0.619692325592041
1854,116,delete,0,0.06602226197719574,0.0684746652841568,True,0.454301655292511
1870,117,delete,0,0.013753283768892288,0.015350935980677605,True,0.790614664554596
1886,118,delete,0,0.14120109379291534,0.15262961387634277,True,0.14967063069343567
1902,119,delete,0,0.010354194790124893,0.010034588165581226,True,0.7323009371757507
1918,120,delete,0,0.005141910165548325,0.0059584262780845165,True,0.6386352777481079
1934,121,delete,0,0.10005708783864975,0.09453655779361725,True,0.29373040795326233
1950,122,delete,0,0.11595279723405838,0.10295036435127258,False,0.0335235595703125
1966,123,delete,0,0.054137442260980606,0.05259677767753601,True,0.13144494593143463
1982,124,delete,0,0.01966218650341034,0.018027950078248978,True,0.5908610820770264
1998,125,delete,0,0.006869091652333736,0.007351776584982872,True,0.4949241876602173
2014,126,delete,0,1.5206234820652753e-05,1.5750036254758015e-05,True,0.9998127818107605
2030,127,delete,0,0.07504819333553314,0.07380137592554092,True,0.47761112451553345
1791,112,contradict,1,0.0027548030484467745,0.0024046555627137423,True,0.9488058686256409
1807,113,contradict,1,0.0006869903299957514,0.0011048282030969858,True,0.9976305961608887
1823,114,contradict,1,0.041627198457717896,0.03816477954387665,True,0.32158130407333374
1839,115,contradict,1,0.010244571603834629,0.00937449000775814,True,0.6104751229286194
1855,116,contradict,1,0.08990500867366791,0.09279930591583252,False,0.4233962893486023
1871,117,contradict,1,0.00668027950450778,0.006637397222220898,True,0.8221081495285034
1887,118,contradict,1,0.17984095215797424,0.1823195070028305,True,0.13443464040756226
1903,119,contradict,1,0.017548799514770508,0.01831439509987831,True,0.7239682674407959
1919,120,contradict,1,0.005358817055821419,0.006278224755078554,True,0.6320686936378479
1935,121,contradict,1,0.09576024115085602,0.08826146274805069,True,0.2838399410247803
1951,122,contradict,1,0.16698968410491943,0.1505117118358612,False,0.026880286633968353
1967,123,contradict,1,0.07076556980609894,0.07587404549121857,True,0.15103022754192352
1983,124,contradict,1,0.017771178856492043,0.017476750537753105,True,0.5538575649261475
1999,125,contradict,1,0.00556303933262825,0.00592939555644989,True,0.4959186017513275
2015,126,contradict,1,7.006638952589128e-06,6.760812084394274e-06,True,0.9998093247413635
2031,127,contradict,1,0.06567154824733734,0.059866297990083694,True,0.48554423451423645
1792,112,delete,1,0.0026981085538864136,0.002303891582414508,True,0.949909508228302
1808,113,delete,1,0.000632360577583313,0.0009926948696374893,True,0.9976859092712402
1824,114,delete,1,0.04360707476735115,0.03942402824759483,True,0.3186247646808624
1840,115,delete,1,0.00962259154766798,0.00866530742496252,True,0.5836742520332336
1856,116,delete,1,0.08966916799545288,0.09260495007038116,False,0.4236413538455963
1872,117,delete,1,0.00496921269223094,0.004707660060375929,True,0.833281397819519
1888,118,delete,1,0.1628040224313736,0.17119818925857544,True,0.14082422852516174
1904,119,delete,1,0.01293769758194685,0.012439154088497162,True,0.7099775671958923
1920,120,delete,1,0.0038247141055762768,0.004337272606790066,True,0.6360582709312439
1936,121,delete,1,0.08572512120008469,0.07970049232244492,True,0.28082209825515747
1952,122,delete,1,0.13912495970726013,0.12483116239309311,False,0.029572391882538795
1968,123,delete,1,0.08403605967760086,0.09566442668437958,True,0.1643649935722351
1984,124,delete,1,0.015056010335683823,0.013717337511479855,True,0.5705929398536682
2000,125,delete,1,0.00569344125688076,0.006110125221312046,True,0.4958208203315735
2016,126,delete,1,7.052276487229392e-06,6.86767089064233e-06,True,0.9998089671134949
2032,127,delete,1,0.06078871339559555,0.055605869740247726,True,0.4838789105415344
1793,112,contradict,2,0.004127564840018749,0.0033076731488108635,True,0.9522140026092529
1809,113,contradict,2,0.0007679390255361795,0.001273124129511416,True,0.9974789023399353
1825,114,contradict,2,0.04207523167133331,0.03848017379641533,True,0.3239676058292389
1841,115,contradict,2,0.012698645703494549,0.010994772426784039,True,0.6018674969673157
1857,116,contradict,2,0.06794582307338715,0.07033287733793259,True,0.45151931047439575
1873,117,contradict,2,0.009462971240282059,0.010337061248719692,True,0.7999199628829956
1889,118,contradict,2,0.12920206785202026,0.13455434143543243,True,0.1546131819486618
1905,119,contradict,2,0.018530000001192093,0.019109098240733147,True,0.7241441607475281
1921,120,contradict,2,0.006118541583418846,0.007282179780304432,True,0.6533097624778748
1937,121,contradict,2,0.14135748147964478,0.13023576140403748,True,0.32813596725463867
1953,122,contradict,2,5.410675048828125,8.02336311340332,False,9.869743371382356e-05
1969,123,contradict,2,0.6723272800445557,2.5836501121520996,False,0.0936984047293663
1985,124,contradict,2,0.01618075743317604,0.014980005100369453,True,0.5649439096450806
2001,125,contradict,2,7.283285617828369,8.011296272277832,False,0.0009162466740235686
2017,126,contradict,2,6.56608381177648e-06,6.2307512962433975e-06,True,0.9998088479042053
2033,127,contradict,2,4.472076892852783,9.047042846679688,False,0.017052769660949707
1794,112,delete,2,0.003208364127203822,0.0026965560391545296,True,0.9509984254837036
1810,113,delete,2,0.0007246368331834674,0.0011567594483494759,True,0.9975173473358154
1826,114,delete,2,0.042310915887355804,0.037940166890621185,True,0.34947261214256287
1842,115,delete,2,0.009911864995956421,0.008944937959313393,True,0.5843599438667297
1858,116,delete,2,0.08973097801208496,0.09262362122535706,False,0.42368608713150024
1874,117,delete,2,0.004158843774348497,0.004222316667437553,True,0.8258787393569946
1890,118,delete,2,0.1521572470664978,0.15741810202598572,True,0.14427927136421204
1906,119,delete,2,0.02338823676109314,0.025611702352762222,True,0.7170222401618958
1922,120,delete,2,0.006281648762524128,0.007483495865017176,True,0.6301559209823608
1938,121,delete,2,0.16143009066581726,0.14766159653663635,True,0.3271673023700714
1954,122,delete,2,0.09861896187067032,0.08861801773309708,False,0.037488218396902084
1970,123,delete,2,0.11234492808580399,0.1291019320487976,True,0.14508458971977234
1986,124,delete,2,0.016469165682792664,0.014903353527188301,True,0.5795705914497375
2002,125,delete,2,0.025890396907925606,0.02900523506104946,True,0.44350165128707886
2018,126,delete,2,6.342917913571e-06,6.311910055956105e-06,True,0.9998064637184143
2034,127,delete,2,0.04634539410471916,0.045412443578243256,True,0.4941692054271698
1795,112,contradict,3,0.004299522843211889,0.003522692248225212,True,0.9548451900482178
1811,113,contradict,3,0.000819376902654767,0.0013757033739238977,True,0.9973865151405334
1827,114,contradict,3,9.533215522766113,11.351656913757324,False,4.6254055632743984e-05
1843,115,contradict,3,0.07727032899856567,0.07078815996646881,True,0.6614883542060852
1859,116,contradict,3,0.06786251068115234,0.0702371671795845,True,0.45143622159957886
1875,117,contradict,3,0.2310335487127304,0.33606231212615967,True,0.7731562256813049
1891,118,contradict,3,0.1598532795906067,0.1681617945432663,True,0.14593467116355896
1907,119,contradict,3,0.003721782937645912,0.0037543773651123047,True,0.751251757144928
1923,120,contradict,3,0.010460535064339638,0.011787623167037964,True,0.6640557646751404
1939,121,contradict,3,0.029061563313007355,0.028628073632717133,True,0.23824340105056763
1955,122,contradict,3,0.18090824782848358,0.1648927927017212,False,0.03037436306476593
1971,123,contradict,3,0.04543080925941467,0.04579222947359085,True,0.17674945294857025
1987,124,contradict,3,0.014596249908208847,0.013153232634067535,True,0.5782831311225891
2003,125,contradict,3,0.007415975444018841,0.007907358929514885,True,0.4891396462917328
2019,126,contradict,3,1.3580593986262102e-05,1.1778334737755358e-05,True,0.9998327493667603
2035,127,contradict,3,0.06583629548549652,0.06362266838550568,True,0.478800892829895
1796,112,delete,3,0.004256539512425661,0.0034859045408666134,True,0.9550877213478088
1812,113,delete,3,0.0006633042357861996,0.001063652685843408,True,0.9975975155830383
1828,114,delete,3,9.783110618591309,11.355010032653809,False,3.783738793572411e-05
1844,115,delete,3,9.866089820861816,12.442131042480469,False,6.494946865132079e-05
1860,116,delete,3,0.06757400929927826,0.0698775127530098,True,0.4508202373981476
1876,117,delete,3,0.0051530636847019196,0.005184353794902563,True,0.8337857723236084
1892,118,delete,3,0.17712952196598053,0.18177461624145508,True,0.13775959610939026
1908,119,delete,3,0.012919447384774685,0.012298604473471642,True,0.7111735939979553
1924,120,delete,3,0.005530739203095436,0.00637448113411665,True,0.6515757441520691
1940,121,delete,3,0.05806433781981468,0.0555296391248703,True,0.2670559883117676
1956,122,delete,3,0.15309378504753113,0.1352025419473648,False,0.02729635126888752
1972,123,delete,3,0.12279755622148514,0.14275354146957397,True,0.1619572639465332
1988,124,delete,3,0.015975426882505417,0.01522756740450859,True,0.5500955581665039
2004,125,delete,3,0.0069798994809389114,0.007332649081945419,True,0.4802795648574829
2020,126,delete,3,4.2682413550210185e-06,5.130659701535478e-06,True,0.9997915625572205
2036,127,delete,3,0.07144702970981598,0.06777048110961914,True,0.4896487295627594
1797,112,paraphrase,-1,0.003161728847771883,0.002723224228248,True,0.950154185295105
1813,113,paraphrase,-1,0.0006547806551679969,0.0010290216887369752,True,0.9975984692573547
1829,114,paraphrase,-1,0.05252855643630028,0.04805072396993637,True,0.3460477590560913
1845,115,paraphrase,-1,0.013245362788438797,0.011671468615531921,True,0.5951852798461914
1861,116,paraphrase,-1,0.08981414139270782,0.0927073061466217,False,0.4235825538635254
1877,117,paraphrase,-1,0.006439552176743746,0.006369732320308685,True,0.8221033811569214
1893,118,paraphrase,-1,0.15979939699172974,0.16548283398151398,True,0.14449602365493774
1909,119,paraphrase,-1,0.02123306877911091,0.023069391027092934,True,0.7001489996910095
1925,120,paraphrase,-1,0.0061201779171824455,0.007370717823505402,True,0.6381533741950989
1941,121,paraphrase,-1,0.09728854894638062,0.09152021259069443,True,0.2951671779155731
1957,122,paraphrase,-1,0.12094706296920776,0.10531816631555557,False,0.031235430389642715
1973,123,paraphrase,-1,0.07835590094327927,0.08489871770143509,True,0.15601487457752228
1989,124,paraphrase,-1,0.014870869927108288,0.014618825167417526,True,0.5512183308601379
2005,125,paraphrase,-1,0.006800777278840542,0.007219642400741577,True,0.4907280504703522
2021,126,paraphrase,-1,7.69306188885821e-06,7.356157311733114e-06,True,0.9998087286949158
2037,127,paraphrase,-1,0.06701232492923737,0.06354367733001709,True,0.4742092192173004
1798,112,translate,-1,0.0033314558677375317,0.0028406670317053795,True,0.946844220161438
1814,113,translate,-1,0.0006519476301036775,0.0010202407138422132,True,0.9976945519447327
1830,114,translate,-1,0.03617314621806145,0.03342751786112785,True,0.32087570428848267
1846,115,translate,-1,0.01012661587446928,0.009245038032531738,True,0.5985068082809448
1862,116,translate,-1,0.06837740540504456,0.07081404328346252,True,0.4486369788646698
1878,117,translate,-1,0.013396562077105045,0.015161906369030476,True,0.7896286249160767
1894,118,translate,-1,0.16389009356498718,0.1688503623008728,True,0.1464402973651886
1910,119,translate,-1,0.01786758378148079,0.017859552055597305,True,0.7056459784507751
1926,120,translate,-1,0.007143393158912659,0.008452321402728558,True,0.6243133544921875
1942,121,translate,-1,0.26527997851371765,0.23225468397140503,True,0.3482658267021179
1958,122,translate,-1,0.11319301277399063,0.09980704635381699,False,0.03342926502227783
1974,123,translate,-1,0.1518353670835495,0.17902132868766785,False,0.14630070328712463
1990,124,translate,-1,0.017325187101960182,0.016627494245767593,True,0.5501673817634583
2006,125,translate,-1,0.0066474564373493195,0.006956143770366907,True,0.4814434349536896
2022,126,translate,-1,6.217284408194246e-06,8.053372766880784e-06,True,0.9997836947441101
2038,127,translate,-1,0.06100460886955261,0.0574004165828228,True,0.46673673391342163
1799,112,polarity,-1,0.003275077324360609,0.0027890175115317106,True,0.9511896371841431
1815,113,polarity,-1,0.0008436008356511593,0.0013876633020117879,True,0.9973580241203308
1831,114,polarity,-1,0.04018997400999069,0.03724987059831619,True,0.3252641558647156
1847,115,polarity,-1,0.015419361181557178,0.014075406827032566,True,0.6136553287506104
1863,116,polarity,-1,0.06648184359073639,0.06899429857730865,True,0.4542618989944458
1879,117,polarity,-1,0.004474836401641369,0.0043314495123922825,True,0.8307873010635376
1895,118,polarity,-1,0.15351322293281555,0.16147848963737488,True,0.14547565579414368
1911,119,polarity,-1,0.01047740038484335,0.010867362841963768,True,0.7095118761062622
1927,120,polarity,-1,0.005721369292587042,0.006970110349357128,True,0.6377969980239868
1943,121,polarity,-1,0.11821112036705017,0.11104904860258102,True,0.31581395864486694
1959,122,polarity,-1,0.1360379010438919,0.11795036494731903,False,0.028826240450143814
1975,123,polarity,-1,0.06857959926128387,0.07338370382785797,True,0.15706080198287964
1991,124,polarity,-1,0.016048962250351906,0.015826549381017685,True,0.5506384372711182
2007,125,polarity,-1,0.010780137032270432,0.01137666404247284,True,0.4657536745071411
2023,126,polarity,-1,5.187909664527979e-06,5.680057256540749e-06,True,0.9997937083244324
2039,127,polarity,-1,0.061036333441734314,0.05773322656750679,True,0.46722978353500366
1800,112,vocab,-1,0.004372799769043922,0.0035790763795375824,True,0.9544566869735718
1816,113,vocab,-1,0.0008498301613144577,0.0013614979106932878,True,0.9972646236419678
1832,114,vocab,-1,0.06074461713433266,0.05604652315378189,True,0.32097023725509644
1848,115,vocab,-1,0.009805519133806229,0.008755959570407867,True,0.5876624584197998
1864,116,vocab,-1,0.08988194167613983,0.09272268414497375,False,0.4233052730560303
1880,117,vocab,-1,0.004973148927092552,0.00471617141738534,True,0.8320680260658264
1896,118,vocab,-1,0.20259377360343933,0.2050088346004486,True,0.12386010587215424
1912,119,vocab,-1,0.015780940651893616,0.0162064041942358,True,0.7065668702125549
1928,120,vocab,-1,0.006473490037024021,0.007696814369410276,True,0.6282216310501099
1944,121,vocab,-1,0.09808993339538574,0.09210596978664398,True,0.29521965980529785
1960,122,vocab,-1,0.1355276256799698,0.12046759575605392,False,0.030237266793847084
1976,123,vocab,-1,0.04779278486967087,0.045003075152635574,False,0.1534774899482727
1992,124,vocab,-1,0.014334219507873058,0.014024194329977036,True,0.5501664876937866
2008,125,vocab,-1,0.004168632440268993,0.004463821649551392,True,0.500688910484314
2024,126,vocab,-1,7.230747542052995e-06,6.7676282924367115e-06,True,0.9998102784156799
2040,127,vocab,-1,0.06365752965211868,0.06295084953308105,True,0.47190260887145996
1801,112,cat,6,0.010291827842593193,0.010793846100568771,True,0.9355599880218506
1817,113,cat,3,4.528057098388672,9.97839069366455,False,0.010682276450097561
1833,114,cat,-1,0.037760116159915924,0.036413442343473434,True,0.2788369357585907
1849,115,cat,2,2.89210844039917,13.594034194946289,False,0.03297766298055649
1865,116,cat,-1,1.8226661682128906,2.1505367755889893,False,0.3349994122982025
1881,117,cat,2,6.8931169509887695,9.855865478515625,False,0.0004269059281796217
1897,118,cat,-1,5.2892303466796875,7.395451545715332,False,0.0161945391446352
1913,119,cat,-1,6.699728012084961,7.841919422149658,False,0.0006708689616061747
1929,120,cat,4,2.1046202182769775,10.0501708984375,False,0.07470749318599701
1945,121,cat,3,8.450395584106445,13.701286315917969,False,4.4947300921194255e-06
1961,122,cat,2,5.3488593101501465,10.192450523376465,False,6.027280505804811e-06
1977,123,cat,3,0.5856061577796936,1.5378767251968384,True,0.15635892748832703
1993,124,cat,-1,1.1949563026428223,3.867131471633911,True,0.14637954533100128
2009,125,cat,-1,1.345457911491394,3.6140708923339844,False,0.09096124768257141
2025,126,cat,-1,2.342210531234741,12.452834129333496,False,0.09596265107393265
2041,127,cat,-1,2.7913784980773926,7.4784135818481445,False,0.11508896946907043
1802,112,shuffle,-1,0.0021043657325208187,0.0018186081433668733,True,0.9473801851272583
1818,113,shuffle,-1,0.00032309687230736017,0.00045055412920191884,True,0.9981594681739807
1834,114,shuffle,-1,0.03804067522287369,0.034347254782915115,True,0.3451826572418213
1850,115,shuffle,-1,0.026935886591672897,0.021592192351818085,True,0.6136235594749451
1866,116,shuffle,-1,0.06774286925792694,0.07011708617210388,True,0.45137837529182434
1882,117,shuffle,-1,0.008412845432758331,0.0103186946362257,True,0.8146977424621582
1898,118,shuffle,-1,0.13615897297859192,0.14035919308662415,True,0.1551220417022705
1914,119,shuffle,-1,0.012503758072853088,0.0122086051851511,True,0.7109687924385071
1930,120,shuffle,-1,0.00534003134816885,0.0062003061175346375,True,0.6364707350730896
1946,121,shuffle,-1,0.038804102689027786,0.03607974201440811,True,0.2633225619792938
1962,122,shuffle,-1,0.12593349814414978,0.10997260361909866,False,0.030975598841905594
1978,123,shuffle,-1,0.07516472041606903,0.08167270570993423,True,0.15116049349308014
1994,124,shuffle,-1,0.013446833938360214,0.012344743125140667,True,0.5782000422477722
2010,125,shuffle,-1,0.013156691566109657,0.013849307782948017,True,0.4595910906791687
2026,126,shuffle,-1,1.1159742825839203e-05,1.0272869985783473e-05,True,0.9998232126235962
2042,127,shuffle,-1,0.04307713732123375,0.04162484407424927,True,0.4445667862892151
1803,112,unrelated,159,4.148825645446777,11.022939682006836,False,0.01268260832875967
1819,113,unrelated,6,5.20716667175293,9.828740119934082,False,0.0054201423190534115
1835,114,unrelated,180,3.265899419784546,8.66813850402832,False,0.03519816696643829
1851,115,unrelated,150,6.56850528717041,5.2355523109436035,False,0.00013640329416375607
1867,116,unrelated,242,4.381603240966797,13.11254596710205,False,0.10063831508159637
1883,117,unrelated,14,10.054974555969238,6.934471130371094,False,1.3816938917443622e-05
1899,118,unrelated,123,6.832454681396484,9.088093757629395,False,0.002729062456637621
1915,119,unrelated,219,1.022600769996643,4.593548774719238,False,0.27268415689468384
1931,120,unrelated,167,6.966829299926758,8.137558937072754,False,0.0005244943895377219
1947,121,unrelated,177,8.129280090332031,11.381901741027832,False,6.687940913252532e-05
1963,122,unrelated,174,7.538395404815674,7.672945022583008,False,7.158862899814267e-06
1979,123,unrelated,37,6.8914875984191895,5.2941508293151855,False,3.858073796436656e-06
1995,124,unrelated,139,6.93947696685791,9.304481506347656,False,0.00017309356189798564
2011,125,unrelated,19,0.32500264048576355,0.5082858204841614,False,0.266018807888031
2027,126,unrelated,236,2.466862440109253,12.27215576171875,True,0.08475137501955032
2043,127,unrelated,184,3.9843926429748535,7.177079677581787,False,0.001435934449546039
-1,112,ref_identity,-1,0.0,0.0,True,0.9422754645347595
-1,113,ref_identity,-1,0.0,0.0,True,0.9989442229270935
-1,114,ref_identity,-1,0.0,0.0,True,0.31000182032585144
-1,115,ref_identity,-1,0.0,0.0,True,0.5693065524101257
-1,116,ref_identity,-1,0.0,0.0,True,0.6285221576690674
-1,117,ref_identity,-1,0.0,0.0,True,0.8320314288139343
-1,118,ref_identity,-1,0.0,0.0,True,0.27696144580841064
-1,119,ref_identity,-1,0.0,0.0,True,0.7272831797599792
-1,120,ref_identity,-1,0.0,0.0,True,0.6542035937309265
-1,121,ref_identity,-1,0.0,0.0,True,0.20598773658275604
-1,122,ref_identity,-1,0.0,0.0,True,0.11530055850744247
-1,123,ref_identity,-1,0.0,0.0,True,0.20461300015449524
-1,124,ref_identity,-1,0.0,0.0,True,0.5643326044082642
-1,125,ref_identity,-1,0.0,0.0,True,0.5254596471786499
-1,126,ref_identity,-1,0.0,0.0,True,0.9997822642326355
-1,127,ref_identity,-1,0.0,0.0,True,0.41328322887420654
-2,112,ref_mean,-1,3.084904193878174,3.8239169120788574,False,0.0336521677672863
-2,113,ref_mean,-1,3.675050973892212,10.039678573608398,False,0.02510695531964302
-2,114,ref_mean,-1,6.374512195587158,9.007753372192383,False,0.0006659793434664607
-2,115,ref_mean,-1,0.3479492962360382,0.7767190933227539,True,0.4418178200721741
-2,116,ref_mean,-1,0.29385676980018616,1.8148003816604614,True,0.3966464698314667
-2,117,ref_mean,-1,5.058531284332275,4.970451831817627,False,0.0035702779423445463
-2,118,ref_mean,-1,2.5766658782958984,5.138779163360596,False,0.022029491141438484
-2,119,ref_mean,-1,0.20526565611362457,0.9970332980155945,True,0.5135201215744019
-2,120,ref_mean,-1,0.5629516243934631,1.9374629259109497,True,0.34777945280075073
-2,121,ref_mean,-1,1.8676905632019043,4.667795658111572,False,0.011057722382247448
-2,122,ref_mean,-1,1.7133727073669434,2.37347674369812,False,0.01122495997697115
-2,123,ref_mean,-1,1.0883829593658447,2.4454538822174072,False,0.07323447614908218
-2,124,ref_mean,-1,0.3895418345928192,0.6434224247932434,True,0.2971130311489105
-2,125,ref_mean,-1,0.20005403459072113,0.2296944558620453,True,0.26186832785606384
-2,126,ref_mean,-1,2.89117431640625,12.056747436523438,False,0.05542834475636482
-2,127,ref_mean,-1,1.26864492893219,6.876773357391357,False,0.09839791804552078
2044,128,orig,-1,0.013634705916047096,0.013399177230894566,True,0.1965380311012268
2060,129,orig,-1,0.04230122268199921,0.03888531029224396,True,0.772210955619812
2076,130,orig,-1,0.006169088184833527,0.0075702667236328125,True,0.5887275338172913
2092,131,orig,-1,0.0021590120159089565,0.0021987194195389748,True,0.43957948684692383
2108,132,orig,-1,2.8800537620554678e-05,2.5816621928242967e-05,True,0.9994237422943115
2124,133,orig,-1,0.006019389256834984,0.006413400638848543,True,0.7197060585021973
2140,134,orig,-1,0.023990768939256668,0.02309451252222061,False,0.16202981770038605
2156,135,orig,-1,0.15405872464179993,0.11464875191450119,True,0.8232274651527405
2172,136,orig,-1,0.027521690353751183,0.028627855703234673,True,0.43609026074409485
2188,137,orig,-1,0.002141634002327919,0.0021688714623451233,True,0.6823288798332214
2204,138,orig,-1,0.012426244094967842,0.012408499605953693,True,0.14472979307174683
2220,139,orig,-1,0.05832985043525696,0.05334719642996788,False,0.2487923800945282
2236,140,orig,-1,0.015121718868613243,0.01896682381629944,True,0.9024838209152222
2252,141,orig,-1,0.021289696916937828,0.01884414255619049,True,0.6203519105911255
2268,142,orig,-1,0.07818834483623505,0.07511657476425171,True,0.3010813593864441
2284,143,orig,-1,0.019956009462475777,0.020714644342660904,True,0.38032931089401245
2045,128,contradict,0,0.015905333682894707,0.01573902741074562,True,0.21515502035617828
2061,129,contradict,0,0.031709037721157074,0.030727140605449677,True,0.749910295009613
2077,130,contradict,0,0.013117002323269844,0.015644246712327003,True,0.613842785358429
2093,131,contradict,0,0.0008065681904554367,0.0008824868127703667,True,0.4604676365852356
2109,132,contradict,0,3.793652285821736e-05,3.0749601137358695e-05,True,0.9994341731071472
2125,133,contradict,0,0.03658561408519745,0.04143812507390976,True,0.6473398208618164
2141,134,contradict,0,0.012637332081794739,0.01159251481294632,True,0.17584560811519623
2157,135,contradict,0,0.16263994574546814,0.120877705514431,True,0.8429301381111145
2173,136,contradict,0,0.028833499178290367,0.03008541837334633,True,0.4338318705558777
2189,137,contradict,0,0.004266628995537758,0.004482060670852661,True,0.6703101396560669
2205,138,contradict,0,0.013371935114264488,0.013459467329084873,True,0.15817928314208984
2221,139,contradict,0,0.06554798781871796,0.06258919090032578,False,0.2347254455089569
2237,140,contradict,0,0.017292717471718788,0.02173425257205963,True,0.8949733972549438
2253,141,contradict,0,0.02535082772374153,0.02108563669025898,True,0.6471911072731018
2269,142,contradict,0,0.08007113635540009,0.0761609822511673,True,0.2932972013950348
2285,143,contradict,0,0.029315635561943054,0.03250005096197128,True,0.365924209356308
2046,128,delete,0,0.018755275756120682,0.01831798627972603,True,0.2238510698080063
2062,129,delete,0,0.041573796421289444,0.03753022849559784,True,0.7742272615432739
2078,130,delete,0,0.006143984384834766,0.006490760482847691,True,0.5975188612937927
2094,131,delete,0,0.003334011882543564,0.0034746378660202026,True,0.4296291470527649
2110,132,delete,0,3.2728639780543745e-05,2.7755671908380464e-05,True,0.9994211196899414
2126,133,delete,0,0.007771968841552734,0.008281271904706955,True,0.7157414555549622
2142,134,delete,0,0.018543777987360954,0.01701115444302559,True,0.17925913631916046
2158,135,delete,0,0.15224196016788483,0.11355877667665482,True,0.8228239417076111
2174,136,delete,0,0.02909182943403721,0.030416855588555336,True,0.4344448149204254
2190,137,delete,0,0.002268359065055847,0.0023199748247861862,True,0.6855388879776001
2206,138,delete,0,0.01423819549381733,0.014115852303802967,True,0.15847916901111603
2222,139,delete,0,0.05619502067565918,0.05250691995024681,False,0.25104865431785583
2238,140,delete,0,0.010194702073931694,0.012484801933169365,True,0.9106412529945374
2254,141,delete,0,0.024339517578482628,0.020315369591116905,True,0.6558173894882202
2270,142,delete,0,0.10398892313241959,0.11006082594394684,True,0.30341240763664246
2286,143,delete,0,0.022214360535144806,0.02269800193607807,True,0.37836575508117676
2047,128,contradict,1,0.011728283017873764,0.011775367893278599,True,0.1813363879919052
2063,129,contradict,1,0.0199180468916893,0.019238345324993134,True,0.7254385948181152
2079,130,contradict,1,0.01501704752445221,0.019335517659783363,True,0.5553835034370422
2095,131,contradict,1,0.0071624768897891045,0.007182898931205273,False,0.4091871380805969
2111,132,contradict,1,3.1832205422688276e-05,2.868411502277013e-05,True,0.9994288086891174
2127,133,contradict,1,0.0070007420144975185,0.007500979118049145,True,0.7164369225502014
2143,134,contradict,1,0.014830714091658592,0.013588358648121357,False,0.1681564897298813
2159,135,contradict,1,0.14888831973075867,0.11064909398555756,True,0.8253854513168335
2175,136,contradict,1,0.027670660987496376,0.028906861320137978,True,0.43583741784095764
2191,137,contradict,1,0.0020728204399347305,0.002090809866786003,True,0.6866966485977173
2207,138,contradict,1,0.012512210756540298,0.012507995590567589,True,0.1481202393770218
2223,139,contradict,1,0.048737142235040665,0.04383576661348343,False,0.2656293213367462
2239,140,contradict,1,0.017900845035910606,0.022328387945890427,True,0.8954304456710815
2255,141,contradict,1,0.03366261348128319,0.02840828150510788,True,0.6652730107307434
2271,142,contradict,1,0.08250648528337479,0.08194063603878021,True,0.2981242835521698
2287,143,contradict,1,0.02270272932946682,0.02399379014968872,True,0.39665529131889343
2048,128,delete,1,0.01306221541017294,0.01280191820114851,True,0.19658015668392181
2064,129,delete,1,0.040468163788318634,0.03715196251869202,True,0.7663583755493164
2080,130,delete,1,0.006524194963276386,0.008030688390135765,True,0.5882141590118408
2096,131,delete,1,0.000715428963303566,0.0007734303362667561,True,0.4606579840183258
2112,132,delete,1,4.948150672134943e-05,4.97687142342329e-05,True,0.9994223117828369
2128,133,delete,1,0.00401017302647233,0.004248758777976036,True,0.7314112782478333
2144,134,delete,1,0.021398182958364487,0.02066027745604515,False,0.15574738383293152
2160,135,delete,1,0.1949610710144043,0.13727618753910065,True,0.846390426158905
2176,136,delete,1,0.028123680502176285,0.029371758922934532,True,0.4357350766658783
2192,137,delete,1,0.002001604065299034,0.002019418403506279,True,0.6827543377876282
2208,138,delete,1,0.01218510139733553,0.012335359118878841,True,0.1464347243309021
2224,139,delete,1,0.062383756041526794,0.057363614439964294,False,0.2535998225212097
2240,140,delete,1,0.016202619299292564,0.020192403346300125,True,0.8996819853782654
2256,141,delete,1,0.038155995309352875,0.031066540628671646,True,0.6772950291633606
2272,142,delete,1,0.08917279541492462,0.09071703255176544,True,0.2972355782985687
2288,143,delete,1,0.024710947647690773,0.02669626660645008,True,0.38770976662635803
2049,128,contradict,2,0.013557950966060162,0.013426750898361206,True,0.20182634890079498
2065,129,contradict,2,0.060202524065971375,0.052840668708086014,True,0.7980720400810242
2081,130,contradict,2,0.06434360891580582,0.09997895359992981,True,0.5964188575744629
2097,131,contradict,2,0.0008602607995271683,0.0009458321146667004,True,0.46032753586769104
2113,132,contradict,2,7.867619514465332,13.111215591430664,False,0.00038079512887634337
2129,133,contradict,2,0.006109905894845724,0.006459293887019157,True,0.7282807230949402
2145,134,contradict,2,1.8173892498016357,5.491112232208252,False,0.018069295212626457
2161,135,contradict,2,0.08020025491714478,0.06650549173355103,True,0.8002433776855469
2177,136,contradict,2,0.027109168469905853,0.028397947549819946,True,0.4394928514957428
2193,137,contradict,2,0.06475140154361725,0.3748316466808319,True,0.6339358687400818
2209,138,contradict,2,0.011522174812853336,0.011569269001483917,True,0.14214804768562317
2225,139,contradict,2,0.05730993673205376,0.04962879419326782,False,0.28227680921554565
2241,140,contradict,2,0.010510705411434174,0.012726163491606712,True,0.9119875431060791
2257,141,contradict,2,0.020160293206572533,0.01748395711183548,True,0.645977258682251
2273,142,contradict,2,0.089788056910038,0.08621028810739517,True,0.2995679974555969
2289,143,contradict,2,10.879900932312012,12.806873321533203,False,5.8263785831513815e-06
2050,128,delete,2,0.01225864328444004,0.011954961344599724,True,0.20008598268032074
2066,129,delete,2,0.04299326241016388,0.03934704139828682,True,0.772575855255127
2082,130,delete,2,0.015605652704834938,0.02067364752292633,True,0.5815703868865967
2098,131,delete,2,0.006588596850633621,0.0068890247493982315,True,0.4194846749305725
2114,132,delete,2,3.239047873648815e-05,2.893004784709774e-05,True,0.9994120597839355
2130,133,delete,2,0.0029541119001805782,0.0032441895455121994,True,0.7440448999404907
2146,134,delete,2,0.026215795427560806,0.025038376450538635,False,0.1656131148338318
2162,135,delete,2,0.19603461027145386,0.137990802526474,True,0.8392341732978821
2178,136,delete,2,0.027157381176948547,0.028437376022338867,True,0.4391501247882843
2194,137,delete,2,0.019289329648017883,0.10053912550210953,True,0.7028310894966125
2210,138,delete,2,0.014561805874109268,0.014470638707280159,True,0.15893658995628357
2226,139,delete,2,0.058686114847660065,0.05229401960968971,False,0.26892510056495667
2242,140,delete,2,0.0196201354265213,0.025625087320804596,True,0.8956011533737183
2258,141,delete,2,0.029386306181550026,0.030577603727579117,True,0.5128382444381714
2274,142,delete,2,0.07839877903461456,0.07544698566198349,True,0.30071011185646057
2290,143,delete,2,0.02139672264456749,0.02155975066125393,True,0.40128853917121887
2051,128,contradict,3,0.007012988906353712,0.00702981511130929,True,0.18715804815292358
2067,129,contradict,3,0.03455006331205368,0.034018948674201965,True,0.7504187822341919
2083,130,contradict,3,0.006303625181317329,0.007327671628445387,True,0.5620860457420349
2099,131,contradict,3,0.007087438367307186,0.00708167627453804,False,0.4095398485660553
2115,132,contradict,3,2.7281927032163367e-05,2.420916462142486e-05,True,0.9994267821311951
2131,133,contradict,3,0.00466530304402113,0.005071367137134075,True,0.7286503314971924
2147,134,contradict,3,0.022727034986019135,0.021295342594385147,False,0.16272114217281342
2163,135,contradict,3,0.10361633449792862,0.08184123039245605,True,0.811699390411377
2179,136,contradict,3,0.027389848604798317,0.028602218255400658,True,0.4379410147666931
2195,137,contradict,3,0.002084687352180481,0.0021153148263692856,True,0.681755542755127
2211,138,contradict,3,0.01470186747610569,0.014067528769373894,True,0.15974590182304382
2227,139,contradict,3,0.05198279768228531,0.04552505537867546,False,0.2563285231590271
2243,140,contradict,3,0.010682199150323868,0.009781574830412865,True,0.9233571887016296
2259,141,contradict,3,0.027014214545488358,0.023687850683927536,True,0.6389277577400208
2275,142,contradict,3,0.09697003662586212,0.08102763444185257,True,0.3368552029132843
2291,143,contradict,3,0.02123694308102131,0.022661015391349792,True,0.40564998984336853
2052,128,delete,3,0.008365526795387268,0.008197437971830368,True,0.20005321502685547
2068,129,delete,3,0.042440660297870636,0.03905158117413521,True,0.7722834348678589
2084,130,delete,3,0.0036272036377340555,0.0042589884251356125,True,0.5926837921142578
2100,131,delete,3,0.0031403256580233574,0.0032187774777412415,True,0.4299066662788391
2116,132,delete,3,2.921080704254564e-05,2.658013727341313e-05,True,0.9994217157363892
2132,133,delete,3,0.004773877561092377,0.0051331231370568275,True,0.7267915606498718
2148,134,delete,3,0.019016260281205177,0.01848306506872177,True,0.17199774086475372
2164,135,delete,3,0.1732683777809143,0.1254986673593521,True,0.8391630053520203
2180,136,delete,3,0.02681097574532032,0.02771860361099243,True,0.4342314302921295
2196,137,delete,3,0.0021724961698055267,0.002206120640039444,True,0.6822330951690674
2212,138,delete,3,0.014924363233149052,0.01454593613743782,True,0.1557910144329071
2228,139,delete,3,0.04113420844078064,0.036429766565561295,False,0.2510117292404175
2244,140,delete,3,0.01609378680586815,0.02009880542755127,True,0.8995670676231384
2260,141,delete,3,0.02210118994116783,0.0190642811357975,True,0.6515265107154846
2276,142,delete,3,0.0875978097319603,0.07467668503522873,True,0.31397444009780884
2292,143,delete,3,0.020303990691900253,0.020431095734238625,True,0.4060327410697937
2053,128,paraphrase,-1,0.012856757268309593,0.012634627521038055,True,0.20055224001407623
2069,129,paraphrase,-1,0.04235956445336342,0.038843657821416855,True,0.7723698019981384
2085,130,paraphrase,-1,0.005516701843589544,0.00633135624229908,True,0.5940375328063965
2101,131,paraphrase,-1,0.002173077780753374,0.002220259513705969,True,0.43954336643218994
2117,132,paraphrase,-1,3.095446663792245e-05,2.7161455363966525e-05,True,0.9994164705276489
2133,133,paraphrase,-1,0.008268974721431732,0.0088960574939847,True,0.7124868035316467
2149,134,paraphrase,-1,0.026356656104326248,0.02567821368575096,False,0.16232730448246002
2165,135,paraphrase,-1,0.1741238534450531,0.12591753900051117,True,0.8386383652687073
2181,136,paraphrase,-1,0.02680991403758526,0.02787749469280243,True,0.43605726957321167
2197,137,paraphrase,-1,0.0021127332001924515,0.0021455734968185425,True,0.6814855933189392
2213,138,paraphrase,-1,0.01511264406144619,0.014993326738476753,True,0.1612429916858673
2229,139,paraphrase,-1,0.055097632110118866,0.050141822546720505,False,0.24649421870708466
2245,140,paraphrase,-1,0.02092904970049858,0.027095813304185867,True,0.8923119902610779
2261,141,paraphrase,-1,0.019096238538622856,0.016603954136371613,True,0.6273095011711121
2277,142,paraphrase,-1,0.07431960105895996,0.07006878405809402,True,0.3024474084377289
2293,143,paraphrase,-1,0.020141741260886192,0.020578401163220406,True,0.3849332928657532
2054,128,translate,-1,0.012235536240041256,0.012143125757575035,True,0.18232716619968414
2070,129,translate,-1,0.04334551468491554,0.03952881321310997,True,0.7732018828392029
2086,130,translate,-1,0.0026805533561855555,0.002680234145373106,True,0.6248044371604919
2102,131,translate,-1,0.0030847983434796333,0.0031296079978346825,True,0.4300273060798645
2118,132,translate,-1,2.9557180823758245e-05,2.6933652407024056e-05,True,0.9993941783905029
2134,133,translate,-1,0.012144234031438828,0.012951601296663284,True,0.6976751089096069
2150,134,translate,-1,0.026906397193670273,0.023922523483633995,True,0.1769416779279709
2166,135,translate,-1,0.17510771751403809,0.12650559842586517,True,0.8304471969604492
2182,136,translate,-1,0.020133033394813538,0.02096402272582054,True,0.44993412494659424
2198,137,translate,-1,0.0006392651121132076,0.0006235875189304352,True,0.7057722806930542
2214,138,translate,-1,0.01402053888887167,0.013891119509935379,True,0.1450905054807663
2230,139,translate,-1,0.06056398153305054,0.055835966020822525,False,0.2527192234992981
2246,140,translate,-1,0.0046575916931033134,0.00526060163974762,True,0.9224380254745483
2262,141,translate,-1,0.020593401044607162,0.019045772030949593,True,0.5933057069778442
2278,142,translate,-1,0.07832834869623184,0.07930953800678253,True,0.29369157552719116
2294,143,translate,-1,0.020327934995293617,0.020415352657437325,True,0.3798929452896118
2055,128,polarity,-1,0.014310400933027267,0.014003518968820572,True,0.19856393337249756
2071,129,polarity,-1,0.04216053709387779,0.038709234446287155,True,0.7723948955535889
2087,130,polarity,-1,0.006887005176395178,0.007909336127340794,True,0.5649219155311584
2103,131,polarity,-1,0.0032219775021076202,0.0033181607723236084,True,0.429777592420578
2119,132,polarity,-1,2.8930149710504338e-05,2.6043035177281126e-05,True,0.9994033575057983
2135,133,polarity,-1,0.00850859098136425,0.00914015807211399,True,0.7120661735534668
2151,134,polarity,-1,0.02250218205153942,0.020950324833393097,False,0.1620335429906845
2167,135,polarity,-1,0.156240314245224,0.11623497307300568,True,0.8247222304344177
2183,136,polarity,-1,0.02669665776193142,0.027939628809690475,True,0.4392749071121216
2199,137,polarity,-1,0.002023151144385338,0.002040524035692215,True,0.6870566606521606
2215,138,polarity,-1,0.012679686769843102,0.01274961419403553,True,0.1468120515346527
2231,139,polarity,-1,0.04730754718184471,0.04274313896894455,False,0.26337847113609314
2247,140,polarity,-1,0.020654646679759026,0.026776093989610672,True,0.8925653696060181
2263,141,polarity,-1,0.021162820979952812,0.018625598400831223,True,0.620673656463623
2279,142,polarity,-1,0.08171430975198746,0.07987271994352341,True,0.2994512915611267
2295,143,polarity,-1,0.020251210778951645,0.02073327824473381,True,0.38578593730926514
2056,128,vocab,-1,0.010674445889890194,0.010637803003191948,True,0.181965634226799
2072,129,vocab,-1,0.04360701143741608,0.0396249033510685,True,0.773315966129303
2088,130,vocab,-1,0.007867901585996151,0.009175973944365978,True,0.5634751915931702
2104,131,vocab,-1,0.0032209493219852448,0.003310219384729862,True,0.4356403052806854
2120,132,vocab,-1,2.9894856197643094e-05,2.7230191335547715e-05,True,0.999413013458252
2136,133,vocab,-1,0.007398739457130432,0.007892677560448647,True,0.7140960097312927
2152,134,vocab,-1,0.018183061853051186,0.017864340916275978,True,0.17231382429599762
2168,135,vocab,-1,0.19718334078788757,0.13882285356521606,True,0.8406959772109985
2184,136,vocab,-1,0.026823796331882477,0.02801620215177536,True,0.43699902296066284
2200,137,vocab,-1,0.0019650068134069443,0.001974552869796753,True,0.6876286864280701
2216,138,vocab,-1,0.01481802947819233,0.014767201617360115,True,0.16254429519176483
2232,139,vocab,-1,0.05784723162651062,0.05323861911892891,False,0.24977783858776093
2248,140,vocab,-1,0.014916738495230675,0.018732953816652298,True,0.9029443860054016
2264,141,vocab,-1,0.013062761165201664,0.012540829367935658,True,0.5932011008262634
2280,142,vocab,-1,0.0717189684510231,0.06954494118690491,True,0.2931419014930725
2296,143,vocab,-1,0.023309826850891113,0.02371387928724289,True,0.38876211643218994
2057,128,cat,-1,3.415229320526123,8.859147071838379,False,0.002978223841637373
2073,129,cat,3,3.412484645843506,12.15437126159668,False,0.0624542236328125
2089,130,cat,-1,0.6883639693260193,4.086393356323242,True,0.2582237720489502
2105,131,cat,4,1.8980865478515625,10.012777328491211,False,0.08908247947692871
2121,132,cat,-1,4.87614631652832,18.39099884033203,False,0.007588714826852083
2137,133,cat,4,2.593804359436035,7.88007926940918,False,0.05451679602265358
2153,134,cat,-1,1.4659851789474487,4.068463325500488,False,0.017336491495370865
2169,135,cat,3,6.879301071166992,14.083590507507324,False,0.00021390372421592474
2185,136,cat,-1,0.49363890290260315,1.330119252204895,True,0.24605640769004822
2201,137,cat,-1,0.003980536013841629,0.0043703122064471245,True,0.6987322568893433
2217,138,cat,-1,5.227960586547852,9.460906028747559,False,6.426298205042258e-05
2233,139,cat,4,3.232947826385498,11.896136283874512,False,0.007918749935925007
2249,140,cat,-1,5.203681945800781,8.362479209899902,False,0.004059144761413336
2265,141,cat,3,9.143296241760254,12.3638334274292,False,1.3990705156174954e-05
2281,142,cat,-1,8.119355201721191,14.44743537902832,False,1.9926641471101902e-05
2297,143,cat,-1,2.977180242538452,9.583722114562988,False,0.05177302658557892
2058,128,shuffle,-1,0.01524188369512558,0.014769247733056545,True,0.201620951294899
2074,129,shuffle,-1,0.042713992297649384,0.0389447920024395,True,0.7787843346595764
2090,130,shuffle,-1,0.017006773501634598,0.021470438688993454,True,0.556697428226471
2106,131,shuffle,-1,0.00937621109187603,0.009396100416779518,False,0.39961951971054077
2122,132,shuffle,-1,2.5558299967087805e-05,2.317849975952413e-05,True,0.99943608045578
2138,133,shuffle,-1,0.005713559687137604,0.006153363734483719,True,0.726669192314148
2154,134,shuffle,-1,0.02435246668756008,0.02267489954829216,False,0.1513117551803589
2170,135,shuffle,-1,0.09137837588787079,0.07397864758968353,True,0.7866531610488892
2186,136,shuffle,-1,0.02787279523909092,0.029033858329057693,True,0.4336252808570862
2202,137,shuffle,-1,0.0007664547301828861,0.0007551774615421891,True,0.7057071328163147
2218,138,shuffle,-1,0.012609082274138927,0.012422958388924599,True,0.15543103218078613
2234,139,shuffle,-1,0.0622795894742012,0.05756187066435814,False,0.2533690333366394
2250,140,shuffle,-1,0.01226089894771576,0.014748364686965942,True,0.9061245918273926
2266,141,shuffle,-1,0.0609591007232666,0.051629893481731415,True,0.6690481305122375
2282,142,shuffle,-1,0.060421161353588104,0.057741519063711166,True,0.3133951723575592
2298,143,shuffle,-1,0.02334030717611313,0.023674946278333664,True,0.40782400965690613
2059,128,unrelated,148,5.362996578216553,10.894241333007812,False,0.0006112597184255719
2075,129,unrelated,208,9.6721830368042,7.766325950622559,False,9.756329382071272e-05
2091,130,unrelated,199,12.655659675598145,9.593783378601074,False,1.4117799764790107e-06
2107,131,unrelated,23,0.650111973285675,2.81483793258667,True,0.29022493958473206
2123,132,unrelated,94,4.214588165283203,12.09348201751709,False,0.014707067981362343
2139,133,unrelated,86,4.238405227661133,12.03318977355957,False,0.011195068247616291
2155,134,unrelated,244,7.047691822052002,7.929521083831787,False,0.00010528092388994992
2171,135,unrelated,69,7.634587287902832,10.701650619506836,False,4.0020502638071775e-05
2187,136,unrelated,38,4.341644763946533,6.625385284423828,False,0.006536140572279692
2203,137,unrelated,35,0.19050458073616028,0.2675336003303528,True,0.4514564871788025
2219,138,unrelated,2,4.22447395324707,5.531477451324463,False,3.6854639802186284e-06
2235,139,unrelated,74,7.4509992599487305,8.112079620361328,False,2.756465391939855e-06
2251,140,unrelated,238,9.540643692016602,13.885051727294922,False,4.840228211833164e-05
2267,141,unrelated,53,14.414900779724121,14.382274627685547,False,4.5017095828825404e-08
2283,142,unrelated,45,1.334197759628296,3.90598464012146,False,0.026245281100273132
2299,143,unrelated,137,8.538095474243164,5.203814506530762,False,1.7182001101900823e-05
-1,128,ref_identity,-1,0.0,0.0,True,0.18324005603790283
-1,129,ref_identity,-1,0.0,0.0,True,0.677817165851593
-1,130,ref_identity,-1,0.0,0.0,True,0.5973491668701172
-1,131,ref_identity,-1,0.0,0.0,True,0.46481606364250183
-1,132,ref_identity,-1,0.0,0.0,True,0.999444305896759
-1,133,ref_identity,-1,0.0,0.0,True,0.762024462223053
-1,134,ref_identity,-1,0.0,0.0,True,0.1945529580116272
-1,135,ref_identity,-1,0.0,0.0,True,0.6486386656761169
-1,136,ref_identity,-1,0.0,0.0,True,0.5347890853881836
-1,137,ref_identity,-1,0.0,0.0,True,0.7054296135902405
-1,138,ref_identity,-1,0.0,0.0,True,0.13222640752792358
-1,139,ref_identity,-1,0.0,0.0,True,0.24436132609844208
-1,140,ref_identity,-1,0.0,0.0,True,0.9399406909942627
-1,141,ref_identity,-1,0.0,0.0,True,0.6056398153305054
-1,142,ref_identity,-1,0.0,0.0,True,0.25007501244544983
-1,143,ref_identity,-1,0.0,0.0,True,0.3973739445209503
-2,128,ref_mean,-1,5.234153747558594,8.981544494628906,False,8.983281441032887e-05
-2,129,ref_mean,-1,6.155019760131836,8.355687141418457,False,0.0019625613931566477
-2,130,ref_mean,-1,4.802467346191406,6.526057720184326,False,0.004180059302598238
-2,131,ref_mean,-1,1.3165473937988281,4.4861249923706055,False,0.11748375743627548
-2,132,ref_mean,-1,4.60407829284668,11.591360092163086,False,0.00996625330299139
-2,133,ref_mean,-1,1.1855947971343994,2.9338197708129883,True,0.21360856294631958
-2,134,ref_mean,-1,0.6317405700683594,0.9956558346748352,True,0.14945881068706512
-2,135,ref_mean,-1,4.546414375305176,4.098485469818115,False,0.002005636226385832
-2,136,ref_mean,-1,4.208617210388184,5.98379373550415,False,0.004012843128293753
-2,137,ref_mean,-1,0.8505171537399292,3.7828054428100586,True,0.2867753505706787
-2,138,ref_mean,-1,4.1983962059021,6.468255996704102,False,0.0001248152257176116
-2,139,ref_mean,-1,4.892900466918945,6.86160135269165,False,0.0008072819327935576
-2,140,ref_mean,-1,0.47197461128234863,2.3884456157684326,True,0.5701680779457092
-2,141,ref_mean,-1,2.399383068084717,7.64978551864624,False,0.06723953783512115
-2,142,ref_mean,-1,3.566159963607788,6.319477081298828,False,0.002006295369938016
-2,143,ref_mean,-1,0.9699562788009644,1.6802318096160889,True,0.26672202348709106
2300,144,orig,-1,0.00013933620357420295,0.00014895724598318338,True,0.9926238059997559
2316,145,orig,-1,0.010998137295246124,0.012057289481163025,True,0.6480201482772827
2332,146,orig,-1,0.006008818745613098,0.005807129666209221,True,0.1302618682384491
2348,147,orig,-1,0.05148697271943092,0.04024742543697357,True,0.1723473221063614
2364,148,orig,-1,2.3339161998592317e-05,2.4024036974878982e-05,True,0.9997368454933167
2380,149,orig,-1,0.0029378305189311504,0.002818372566252947,True,0.6137455105781555
2396,150,orig,-1,0.010218004696071148,0.011225304566323757,True,0.8636575937271118
2412,151,orig,-1,0.009944884106516838,0.010211768560111523,True,0.8801424503326416
2428,152,orig,-1,0.03279263153672218,0.029511604458093643,True,0.5178055167198181
2444,153,orig,-1,0.006844446063041687,0.006180363241583109,True,0.8045631051063538
2460,154,orig,-1,0.0040414645336568356,0.003955276682972908,True,0.9517540335655212
2476,155,orig,-1,0.010291676968336105,0.010215168818831444,True,0.4859515130519867
2492,156,orig,-1,0.00874020904302597,0.006726072169840336,True,0.9304477572441101
2508,157,orig,-1,0.025206508114933968,0.025556297972798347,False,0.10806477814912796
2524,158,orig,-1,0.060781143605709076,0.05609385669231415,False,0.32461217045783997
2540,159,orig,-1,0.05606890842318535,0.07303300499916077,True,0.47126543521881104
2301,144,contradict,0,0.0002257859887322411,0.00024621759075671434,True,0.9919244647026062
2317,145,contradict,0,0.008820604532957077,0.009445805102586746,True,0.6518898606300354
2333,146,contradict,0,0.00815050769597292,0.007762813940644264,False,0.11710826307535172
2349,147,contradict,0,0.04206591099500656,0.03927844390273094,True,0.17292946577072144
2365,148,contradict,0,3.4973094443557784e-05,3.569971886463463e-05,True,0.9997351765632629
2381,149,contradict,0,0.011934125795960426,0.011230715550482273,True,0.6591830253601074
2397,150,contradict,0,0.011398921720683575,0.011846872046589851,True,0.8701344728469849
2413,151,contradict,0,0.009128573350608349,0.008746093139052391,True,0.8834788799285889
2429,152,contradict,0,0.037927400320768356,0.03448700159788132,True,0.5451544523239136
2445,153,contradict,0,0.006312881596386433,0.005917391739785671,True,0.7843671441078186
2461,154,contradict,0,0.003972388803958893,0.004615246318280697,True,0.9482623934745789
2477,155,contradict,0,0.0165263619273901,0.016050707548856735,True,0.4650777280330658
2493,156,contradict,0,0.003830868983641267,0.003208633279427886,True,0.9205207228660583
2509,157,contradict,0,0.026255028322339058,0.026739317923784256,False,0.10838814079761505
2525,158,contradict,0,0.03502850979566574,0.033487677574157715,False,0.33422884345054626
2541,159,contradict,0,0.06648087501525879,0.08789721131324768,True,0.4496418833732605
2302,144,delete,0,0.00015342349070124328,0.000160383089678362,True,0.9924019575119019
2318,145,delete,0,0.010434146970510483,0.01136813685297966,True,0.6488165855407715
2334,146,delete,0,0.00701119052246213,0.006660790182650089,False,0.12938807904720306
2350,147,delete,0,0.05555523931980133,0.049674686044454575,True,0.1619812697172165
2366,148,delete,0,4.296426777727902e-05,4.1066392441280186e-05,True,0.9997569918632507
2382,149,delete,0,0.011274469085037708,0.010640066117048264,True,0.6587282419204712
2398,150,delete,0,0.011464139446616173,0.012983830645680428,True,0.860264241695404
2414,151,delete,0,0.005978352390229702,0.006701061502099037,True,0.8694311380386353
2430,152,delete,0,0.03190860524773598,0.028755903244018555,True,0.5191299319267273
2446,153,delete,0,0.004676356911659241,0.004632206633687019,True,0.7860994338989258
2462,154,delete,0,0.0032736710272729397,0.0030957753770053387,True,0.9535985589027405
2478,155,delete,0,0.011282390914857388,0.011328182183206081,True,0.46534499526023865
2494,156,delete,0,0.005562045611441135,0.004565829411149025,True,0.9250187873840332
2510,157,delete,0,0.037861909717321396,0.03809671103954315,False,0.09312499314546585
2526,158,delete,0,0.05289313942193985,0.04924740642309189,False,0.31751739978790283
2542,159,delete,0,0.05921488627791405,0.07936654984951019,True,0.470034122467041
2303,144,contradict,1,0.00020505602878984064,0.00022474546858575195,True,0.9919509887695312
2319,145,contradict,1,0.010529626160860062,0.011469315737485886,True,0.6487123370170593
2335,146,contradict,1,0.005546126514673233,0.005337736569344997,True,0.13030479848384857
2351,147,contradict,1,0.06069421023130417,0.04751183092594147,True,0.1560848504304886
2367,148,contradict,1,2.1177624148549512e-05,2.5032259145518765e-05,True,0.9997121691703796
2383,149,contradict,1,0.0026726750656962395,0.002559453248977661,True,0.6118234395980835
2399,150,contradict,1,0.009637074545025826,0.010700949467718601,True,0.8645933270454407
2415,151,contradict,1,0.00992767233401537,0.010192609392106533,True,0.8800331354141235
2431,152,contradict,1,0.031663790345191956,0.028455937281250954,True,0.5170283317565918
2447,153,contradict,1,0.007922636345028877,0.007479615975171328,True,0.7965298295021057
2463,154,contradict,1,0.006648682523518801,0.005748575087636709,True,0.9551821351051331
2479,155,contradict,1,0.010398564860224724,0.01032627560198307,True,0.483229398727417
2495,156,contradict,1,0.007754084654152393,0.005994381848722696,True,0.9291577339172363
2511,157,contradict,1,0.03225776553153992,0.032772693783044815,False,0.10566439479589462
2527,158,contradict,1,0.04840371012687683,0.043617650866508484,False,0.33954107761383057
2543,159,contradict,1,0.05396547168493271,0.07179326564073563,True,0.4747699797153473
2304,144,delete,1,0.00016806815983727574,0.00018069936777465045,True,0.9921936988830566
2320,145,delete,1,0.01107591763138771,0.012152310460805893,True,0.648742139339447
2336,146,delete,1,0.006367244757711887,0.006132875569164753,True,0.12977741658687592
2352,147,delete,1,0.04790852963924408,0.03973078727722168,True,0.16237647831439972
2368,148,delete,1,2.4009608750930056e-05,2.8901846235385165e-05,True,0.9997014403343201
2384,149,delete,1,0.0035079512745141983,0.0033967983908951283,True,0.6200811266899109
2400,150,delete,1,0.009846591390669346,0.010957635007798672,True,0.8624511361122131
2416,151,delete,1,0.01055600494146347,0.011187219060957432,True,0.8799939155578613
2432,152,delete,1,0.030244093388319016,0.027731232345104218,True,0.5258605480194092
2448,153,delete,1,0.010586942546069622,0.00923565961420536,True,0.8238137364387512
2464,154,delete,1,0.0057045272551476955,0.00508900498971343,True,0.9539585709571838
2480,155,delete,1,0.010325725190341473,0.010303685441613197,True,0.4856072664260864
2496,156,delete,1,0.008568511344492435,0.0065520694479346275,True,0.9304597973823547
2512,157,delete,1,0.0365145280957222,0.03635955974459648,False,0.09667609632015228
2528,158,delete,1,0.048215411603450775,0.04336243122816086,False,0.33954915404319763
2544,159,delete,1,0.05514504015445709,0.07703836262226105,True,0.4408765435218811
2305,144,contradict,2,0.0007897677132859826,0.000913427968043834,True,0.9925784468650818
2321,145,contradict,2,0.01042170450091362,0.011481810361146927,True,0.6489629149436951
2337,146,contradict,2,0.006205827929079533,0.005950754974037409,False,0.12911787629127502
2353,147,contradict,2,0.08432094007730484,0.07154704630374908,True,0.15652960538864136
2369,148,contradict,2,2.7691839932231233e-05,3.043843389605172e-05,True,0.9997237324714661
2385,149,contradict,2,0.0034925765357911587,0.0033864369615912437,True,0.6217591762542725
2401,150,contradict,2,0.014048980548977852,0.016347037628293037,True,0.8544483184814453
2417,151,contradict,2,0.0061385659500956535,0.006747456267476082,True,0.8712151050567627
2433,152,contradict,2,0.04108552634716034,0.036873187869787216,True,0.5595303177833557
2449,153,contradict,2,0.009389244951307774,0.008673877455294132,True,0.798847496509552
2465,154,contradict,2,9.231622695922852,11.19056224822998,False,7.691506471019238e-05
2481,155,contradict,2,3.2765886783599854,7.887583255767822,False,0.01042689848691225
2497,156,contradict,2,0.008655672892928123,0.006696718279272318,True,0.9285531640052795
2513,157,contradict,2,0.07227854430675507,0.06944701075553894,True,0.11132150888442993
2529,158,contradict,2,6.910090923309326,11.75084114074707,False,0.00013588368892669678
2545,159,contradict,2,7.2090349197387695,4.3013434410095215,False,0.00023428045096807182
2306,144,delete,2,0.00011938437819480896,0.00012551146210171282,True,0.9919893145561218
2322,145,delete,2,0.009189937263727188,0.009705062955617905,True,0.6465927958488464
2338,146,delete,2,0.005426246672868729,0.0052179680205881596,True,0.13164155185222626
2354,147,delete,2,0.051611386239528656,0.04121393337845802,True,0.16222652792930603
2370,148,delete,2,2.925000444520265e-05,3.2299991289619356e-05,True,0.9997212290763855
2386,149,delete,2,0.0036019166000187397,0.003487132489681244,True,0.6221545934677124
2402,150,delete,2,0.012782549485564232,0.013973242603242397,True,0.8643694519996643
2418,151,delete,2,0.009881105273962021,0.010140182450413704,True,0.8804841637611389
2434,152,delete,2,0.02932015247642994,0.02669108845293522,True,0.5150626301765442
2450,153,delete,2,0.01043839380145073,0.009230582043528557,True,0.8155009150505066
2466,154,delete,2,1.373353362083435,6.334686756134033,False,0.22975561022758484
2482,155,delete,2,0.12328606843948364,0.2173760086297989,True,0.3377010226249695
2498,156,delete,2,0.008983101695775986,0.0070212953723967075,True,0.9310954809188843
2514,157,delete,2,0.01540324930101633,0.016019528731703758,True,0.12741412222385406
2530,158,delete,2,0.05386731028556824,0.05044875293970108,False,0.3184572458267212
2546,159,delete,2,0.10024520009756088,0.12468422204256058,True,0.47618865966796875
2307,144,contradict,3,0.00036602685577236116,0.00042170126107521355,True,0.9909670948982239
2323,145,contradict,3,3.148895502090454,9.16455364227295,False,0.024385303258895874
2339,146,contradict,3,0.007050185929983854,0.006770310923457146,True,0.1305089145898819
2355,147,contradict,3,0.053406208753585815,0.04245036840438843,True,0.17321793735027313
2371,148,contradict,3,7.76522938394919e-06,8.499457180732861e-06,True,0.9996551275253296
2387,149,contradict,3,0.007532244548201561,0.006960808765143156,True,0.6426759362220764
2403,150,contradict,3,0.012065116316080093,0.014607418328523636,True,0.8495514988899231
2419,151,contradict,3,0.009968963451683521,0.010257478803396225,True,0.8802934885025024
2435,152,contradict,3,0.03244880214333534,0.029073504731059074,True,0.5097574591636658
2451,153,contradict,3,0.008404619991779327,0.007788543589413166,True,0.7852245569229126
2467,154,contradict,3,0.0038623043801635504,0.0037870961241424084,True,0.9525232911109924
2483,155,contradict,3,0.02022145502269268,0.019872205331921577,True,0.49254193902015686
2499,156,contradict,3,0.005608564242720604,0.00426277332007885,True,0.920295774936676
2515,157,contradict,3,0.02086416631937027,0.021184582263231277,True,0.11067523062229156
2531,158,contradict,3,0.04063446819782257,0.036013342440128326,True,0.3580801486968994
2547,159,contradict,3,0.11737062782049179,0.16400282084941864,True,0.3908698856830597
2308,144,delete,3,0.0002467603189870715,0.000241868692683056,True,0.9923480749130249
2324,145,delete,3,0.019936691969633102,0.021934308111667633,True,0.6245492696762085
2340,146,delete,3,0.006229167804121971,0.006035670638084412,True,0.1302444487810135
2356,147,delete,3,0.054023634642362595,0.04207833111286163,True,0.16941499710083008
2372,148,delete,3,7.072747393976897e-06,8.440418241661973e-06,True,0.9996672868728638
2388,149,delete,3,0.004071555566042662,0.003809151938185096,True,0.6163209676742554
2404,150,delete,3,0.009074730798602104,0.009938936680555344,True,0.8650674223899841
2420,151,delete,3,0.00976192019879818,0.009980035945773125,True,0.8802220225334167
2436,152,delete,3,0.029756851494312286,0.02683659829199314,True,0.51714026927948
2452,153,delete,3,0.005556317046284676,0.0050550587475299835,True,0.7988737225532532
2468,154,delete,3,0.0027492085937410593,0.00277266139164567,True,0.9520633220672607
2484,155,delete,3,0.010539541020989418,0.01045394316315651,True,0.4851795434951782
2500,156,delete,3,0.008607150055468082,0.006726098246872425,True,0.9308491945266724
2516,157,delete,3,0.031673330813646317,0.03244774043560028,False,0.10742874443531036
2532,158,delete,3,0.0409083366394043,0.0361429899930954,True,0.35834619402885437
2548,159,delete,3,0.07290304452180862,0.0968487411737442,True,0.43131130933761597
2309,144,paraphrase,-1,0.0002890861942432821,0.00033253844594582915,True,0.9912444949150085
2325,145,paraphrase,-1,0.010921712964773178,0.01196669414639473,True,0.648179292678833
2341,146,paraphrase,-1,0.005293902941048145,0.005096842534840107,True,0.13139541447162628
2357,147,paraphrase,-1,0.05218712240457535,0.043395087122917175,True,0.15898644924163818
2373,148,paraphrase,-1,3.004456448252313e-05,2.8870483220089227e-05,True,0.9997552037239075
2389,149,paraphrase,-1,0.002704787999391556,0.002593747805804014,True,0.6127371191978455
2405,150,paraphrase,-1,0.012218444608151913,0.014050024561583996,True,0.8550465106964111
2421,151,paraphrase,-1,0.010009030811488628,0.010269906371831894,True,0.8805774450302124
2437,152,paraphrase,-1,0.03498376905918121,0.031453292816877365,True,0.5203250050544739
2453,153,paraphrase,-1,0.006557032000273466,0.005962022580206394,True,0.8043290376663208
2469,154,paraphrase,-1,0.004258541855961084,0.004090259782969952,True,0.9526155591011047
2485,155,paraphrase,-1,0.01088342722505331,0.010930700227618217,True,0.48345234990119934
2501,156,paraphrase,-1,0.008480340242385864,0.006574126426130533,True,0.930349588394165
2517,157,paraphrase,-1,0.026113545522093773,0.0264767874032259,False,0.10773646831512451
2533,158,paraphrase,-1,0.06106484681367874,0.0562683567404747,False,0.32463887333869934
2549,159,paraphrase,-1,0.04557379335165024,0.06176231801509857,True,0.4622412323951721
2310,144,translate,-1,0.0001908035483211279,0.00021733707399107516,True,0.9918637275695801
2326,145,translate,-1,0.011490300297737122,0.012601252645254135,True,0.6465969085693359
2342,146,translate,-1,0.0054371971637010574,0.005318091716617346,True,0.13278010487556458
2358,147,translate,-1,0.06766431033611298,0.04746892675757408,True,0.17218613624572754
2374,148,translate,-1,2.7714893803931773e-05,3.034637848031707e-05,True,0.9997232556343079
2390,149,translate,-1,0.003144275862723589,0.003002800978720188,True,0.6138027906417847
2406,150,translate,-1,0.009547099471092224,0.010064229369163513,True,0.867047905921936
2422,151,translate,-1,0.0034749519545584917,0.004062826745212078,True,0.8590632081031799
2438,152,translate,-1,0.041670411825180054,0.036982905119657516,True,0.546034574508667
2454,153,translate,-1,0.01144352275878191,0.00986073724925518,True,0.8241279721260071
2470,154,translate,-1,0.0026967176236212254,0.002800364512950182,True,0.95240718126297
2486,155,translate,-1,0.01549011655151844,0.015649767592549324,True,0.4621022045612335
2502,156,translate,-1,0.0059051597490906715,0.004679827950894833,True,0.9218084216117859
2518,157,translate,-1,0.045248791575431824,0.046134840697050095,False,0.09007412195205688
2534,158,translate,-1,0.0302325040102005,0.029125221073627472,False,0.33085817098617554
2550,159,translate,-1,0.04175744950771332,0.05523562803864479,True,0.4818335175514221
2311,144,polarity,-1,0.00015006089233793318,0.0001612424966879189,True,0.9922516942024231
2327,145,polarity,-1,0.011675037443637848,0.012689471244812012,True,0.6441353559494019
2343,146,polarity,-1,0.0054239677265286446,0.005214473698288202,True,0.13125081360340118
2359,147,polarity,-1,0.0554015152156353,0.04604990407824516,True,0.16166919469833374
2375,148,polarity,-1,2.7761703677242622e-05,3.0476458050543442e-05,True,0.9997227787971497
2391,149,polarity,-1,0.002748257014900446,0.0026357704773545265,True,0.6251592636108398
2407,150,polarity,-1,0.01145703624933958,0.013130306266248226,True,0.8588045835494995
2423,151,polarity,-1,0.009728904813528061,0.009955213405191898,True,0.8808082342147827
2439,152,polarity,-1,0.031862035393714905,0.0287280585616827,True,0.5171734094619751
2455,153,polarity,-1,0.006401166785508394,0.00586274778470397,True,0.8073504567146301
2471,154,polarity,-1,0.002826547948643565,0.002792487619444728,True,0.9536135196685791
2487,155,polarity,-1,0.011105941608548164,0.01082722656428814,True,0.4903568923473358
2503,156,polarity,-1,0.008495394140481949,0.006573646329343319,True,0.9304139018058777
2519,157,polarity,-1,0.025944886729121208,0.02616499736905098,False,0.1091320812702179
2535,158,polarity,-1,0.06379233300685883,0.05764815956354141,False,0.3220226764678955
2551,159,polarity,-1,0.05507218465209007,0.07634712755680084,True,0.44092515110969543
2312,144,vocab,-1,0.00020152052456978709,0.00021645327797159553,True,0.9918999671936035
2328,145,vocab,-1,0.011638771742582321,0.012676570564508438,True,0.6424005031585693
2344,146,vocab,-1,0.005163850728422403,0.0049617961049079895,True,0.13136589527130127
2360,147,vocab,-1,0.06072555109858513,0.047316670417785645,True,0.16696399450302124
2376,148,vocab,-1,3.093940540566109e-05,3.0318249628180638e-05,True,0.9997532963752747
2392,149,vocab,-1,0.002876006532460451,0.002801477676257491,True,0.6176902055740356
2408,150,vocab,-1,0.009675245732069016,0.010489379987120628,True,0.8653898239135742
2424,151,vocab,-1,0.00938415341079235,0.009317721240222454,True,0.881138801574707
2440,152,vocab,-1,0.032262858003377914,0.029118802398443222,True,0.5213159322738647
2456,153,vocab,-1,0.0069868615828454494,0.006330330390483141,True,0.8009054064750671
2472,154,vocab,-1,0.003367983503267169,0.003198259510099888,True,0.953656017780304
2488,155,vocab,-1,0.014505382627248764,0.014875310473144054,True,0.457477867603302
2504,156,vocab,-1,0.007347951643168926,0.005658942274749279,True,0.9278578758239746
2520,157,vocab,-1,0.03576981648802757,0.03623069077730179,False,0.09621001780033112
2536,158,vocab,-1,0.042896345257759094,0.03749239444732666,True,0.3600325286388397
2552,159,vocab,-1,0.04683057218790054,0.06414758414030075,True,0.46221739053726196
2313,144,cat,-1,4.217477798461914,9.125594139099121,False,0.014066570438444614
2329,145,cat,-1,3.4197275638580322,10.529332160949707,False,0.01636642776429653
2345,146,cat,-1,6.454117298126221,14.57642650604248,False,2.84618977275386e-06
2361,147,cat,-1,1.3131963014602661,1.9305987358093262,True,0.09548010677099228
2377,148,cat,-1,4.024784088134766,14.541620254516602,False,0.017822906374931335
2393,149,cat,3,0.3595227301120758,1.345226526260376,True,0.4476090371608734
2409,150,cat,-1,5.6054253578186035,11.899852752685547,False,0.00241292268037796
2425,151,cat,-1,3.22237491607666,11.722437858581543,False,0.028937241062521935
2441,152,cat,-1,9.194992065429688,14.549209594726562,False,2.4514582037227228e-05
2457,153,cat,-1,2.400813102722168,8.76909065246582,False,0.07595416158437729
2473,154,cat,-1,0.4126776456832886,1.8593981266021729,True,0.5930235385894775
2489,155,cat,2,2.607210636138916,5.633589267730713,False,0.007884974591434002
2505,156,cat,-1,6.199127674102783,16.43709373474121,False,0.0015343644190579653
2521,157,cat,-1,6.852411270141602,13.365525245666504,False,1.0382478876636014e-06
2537,158,cat,-1,2.94976806640625,9.546207427978516,False,0.004151457455009222
2553,159,cat,-1,7.294437408447266,11.27988338470459,False,0.000283122732071206
2314,144,shuffle,-1,0.00027056221733801067,0.000294932076940313,True,0.9911605715751648
2330,145,shuffle,-1,0.033096782863140106,0.036691710352897644,True,0.5957016348838806
2346,146,shuffle,-1,0.009641874581575394,0.00933321937918663,False,0.11434590816497803
2362,147,shuffle,-1,0.051539890468120575,0.04425854608416557,True,0.16198357939720154
2378,148,shuffle,-1,2.5509078113827854e-05,2.3707965738140047e-05,True,0.9997597336769104
2394,149,shuffle,-1,0.012283099815249443,0.011613057926297188,True,0.6629469394683838
2410,150,shuffle,-1,0.010350149124860764,0.012501280754804611,True,0.8528618216514587
2426,151,shuffle,-1,0.007306576706469059,0.008452808484435081,True,0.8690587878227234
2442,152,shuffle,-1,0.03926552087068558,0.035199474543333054,True,0.5347205400466919
2458,153,shuffle,-1,0.0029875896871089935,0.002799463691189885,True,0.7915014028549194
2474,154,shuffle,-1,0.0030348547734320164,0.003124832408502698,True,0.9527193307876587
2490,155,shuffle,-1,0.023583490401506424,0.023969661444425583,True,0.4345413148403168
2506,156,shuffle,-1,0.0060036275535821915,0.004822867922484875,True,0.9262742400169373
2522,157,shuffle,-1,0.022283241152763367,0.0226611215621233,True,0.1083906963467598
2538,158,shuffle,-1,0.06637227535247803,0.06058299541473389,False,0.3265904486179352
2554,159,shuffle,-1,0.07249157130718231,0.08841940760612488,True,0.4539451599121094
2315,144,unrelated,95,17.68247413635254,13.086963653564453,False,1.9446773080744606e-08
2331,145,unrelated,111,4.098758697509766,11.00897216796875,False,0.009397516958415508
2347,146,unrelated,117,6.93972110748291,11.441575050354004,False,2.361702900088858e-05
2363,147,unrelated,207,9.63471508026123,6.8183159828186035,False,1.2309560588619206e-06
2379,148,unrelated,217,3.4912149906158447,14.344834327697754,False,0.030376289039850235
2395,149,unrelated,227,3.233450174331665,16.004384994506836,False,0.02310475893318653
2411,150,unrelated,93,7.6666951179504395,12.388806343078613,False,0.00034327758476138115
2427,151,unrelated,253,7.311992645263672,12.90880298614502,False,0.00027885669260285795
2443,152,unrelated,142,2.7645950317382812,5.621670246124268,False,0.012069919146597385
2459,153,unrelated,218,2.9550375938415527,7.590432167053223,False,0.0376892127096653
2475,154,unrelated,52,9.506964683532715,10.079071044921875,False,5.5740711104590446e-05
2491,155,unrelated,187,8.656257629394531,8.496177673339844,False,1.3675672562385444e-05
2507,156,unrelated,10,3.1252968311309814,3.468508243560791,False,0.024965297430753708
2523,157,unrelated,4,4.339226245880127,5.84088134765625,False,1.698195410426706e-05
2539,158,unrelated,175,5.836025238037109,9.114273071289062,False,0.00034954139846377075
2555,159,unrelated,39,9.475029945373535,7.796496868133545,False,7.11147949914448e-05
-1,144,ref_identity,-1,0.0,0.0,True,0.9928448796272278
-1,145,ref_identity,-1,0.0,0.0,True,0.7010613679885864
-1,146,ref_identity,-1,0.0,0.0,True,0.12980155646800995
-1,147,ref_identity,-1,0.0,0.0,True,0.19580872356891632
-1,148,ref_identity,-1,0.0,0.0,True,0.9997215867042542
-1,149,ref_identity,-1,0.0,0.0,True,0.5992040634155273
-1,150,ref_identity,-1,0.0,0.0,True,0.8753886818885803
-1,151,ref_identity,-1,0.0,0.0,True,0.850924015045166
-1,152,ref_identity,-1,0.0,0.0,True,0.462785542011261
-1,153,ref_identity,-1,0.0,0.0,True,0.7841579914093018
-1,154,ref_identity,-1,0.0,0.0,True,0.9538732171058655
-1,155,ref_identity,-1,0.0,0.0,True,0.5014157891273499
-1,156,ref_identity,-1,0.0,0.0,True,0.9065854549407959
-1,157,ref_identity,-1,0.0,0.0,True,0.13534964621067047
-1,158,ref_identity,-1,0.0,0.0,True,0.3235186040401459
-1,159,ref_identity,-1,0.0,0.0,True,0.4455828368663788
-2,144,ref_mean,-1,11.312922477722168,10.584257125854492,False,1.1452591024863068e-05
-2,145,ref_mean,-1,0.5527602434158325,1.9937313795089722,True,0.3607064187526703
-2,146,ref_mean,-1,3.033703565597534,6.609233856201172,False,0.0012655139435082674
-2,147,ref_mean,-1,0.7531982064247131,1.499485731124878,False,0.17062881588935852
-2,148,ref_mean,-1,0.33631065487861633,2.539778232574463,True,0.712990403175354
-2,149,ref_mean,-1,1.4191534519195557,3.7522785663604736,True,0.12516622245311737
-2,150,ref_mean,-1,0.9031717777252197,3.623356819152832,True,0.30348342657089233
-2,151,ref_mean,-1,0.08634936064481735,0.21076610684394836,True,0.8096827268600464
-2,152,ref_mean,-1,1.3527929782867432,3.122048854827881,False,0.06030089780688286
-2,153,ref_mean,-1,2.051896333694458,7.067819595336914,False,0.08097974210977554
-2,154,ref_mean,-1,4.062042713165283,7.616950988769531,False,0.013734233565628529
-2,155,ref_mean,-1,1.0224671363830566,2.822571277618408,False,0.10538741201162338
-2,156,ref_mean,-1,0.08898685872554779,0.12050314247608185,True,0.839642345905304
-2,157,ref_mean,-1,4.062260150909424,6.511277198791504,False,1.4447529792960268e-05
-2,158,ref_mean,-1,1.1597574949264526,1.2885079383850098,False,0.05962790548801422
-2,159,ref_mean,-1,7.484483242034912,7.107506275177002,False,0.00024379069509450346
2556,160,orig,-1,0.05784977972507477,0.06267543137073517,True,0.47527235746383667
2572,161,orig,-1,0.01602187752723694,0.016339082270860672,True,0.316297322511673
2588,162,orig,-1,0.1384800672531128,0.14653074741363525,True,0.47795113921165466
2604,163,orig,-1,0.0029757944867014885,0.003831766080111265,True,0.9763085246086121
2620,164,orig,-1,0.017161482945084572,0.014022944495081902,True,0.6093263626098633
2636,165,orig,-1,0.0027152656111866236,0.0028711287304759026,True,0.9785283207893372
2652,166,orig,-1,0.04676482081413269,0.045319654047489166,True,0.1579061597585678
2668,167,orig,-1,0.035673294216394424,0.03799618035554886,True,0.2812056243419647
2684,168,orig,-1,0.002377795521169901,0.004181872121989727,True,0.9630647301673889
2700,169,orig,-1,0.14470475912094116,0.14923490583896637,False,0.11196707934141159
2716,170,orig,-1,0.02911166101694107,0.029434992000460625,True,0.31888535618782043
2732,171,orig,-1,0.0020396877080202103,0.0024842151906341314,True,0.9808133244514465
2748,172,orig,-1,0.0023357332684099674,0.002238233108073473,True,0.79458087682724
2764,173,orig,-1,0.011698057875037193,0.01379011757671833,True,0.851947546005249
2780,174,orig,-1,0.014414748176932335,0.013646780513226986,True,0.3034529387950897
2796,175,orig,-1,0.07106027007102966,0.07729516178369522,True,0.39467719197273254
2557,160,contradict,0,0.06341515481472015,0.07153524458408356,True,0.4619731605052948
2573,161,contradict,0,0.02742008864879608,0.026837963610887527,True,0.3404576778411865
2589,162,contradict,0,0.14353835582733154,0.15033285319805145,True,0.4774034023284912
2605,163,contradict,0,0.02271158993244171,0.03791214898228645,True,0.9435194730758667
2621,164,contradict,0,0.017109619453549385,0.014092742465436459,True,0.5943775773048401
2637,165,contradict,0,0.005821090657263994,0.008485134690999985,True,0.9718816876411438
2653,166,contradict,0,0.04561258852481842,0.04582548886537552,True,0.1596647948026657
2669,167,contradict,0,0.048063717782497406,0.051266930997371674,True,0.2618435323238373
2685,168,contradict,0,0.002732042456045747,0.0046844445168972015,True,0.9622917771339417
2701,169,contradict,0,0.15481512248516083,0.1565733104944229,False,0.11438615620136261
2717,170,contradict,0,0.026233766227960587,0.02709582820534706,True,0.32833725214004517
2733,171,contradict,0,0.0019313287921249866,0.0023958745878189802,True,0.9798858761787415
2749,172,contradict,0,0.0023336797021329403,0.0022322088479995728,True,0.7948669791221619
2765,173,contradict,0,0.012368946336209774,0.014914650470018387,True,0.8514487147331238
2781,174,contradict,0,0.016361989080905914,0.015515629202127457,True,0.3432371914386749
2797,175,contradict,0,0.09012671560049057,0.0998603105545044,True,0.3757545053958893
2558,160,delete,0,0.08711990714073181,0.10169540345668793,True,0.42882901430130005
2574,161,delete,0,0.01805369183421135,0.018275830894708633,True,0.314627081155777
2590,162,delete,0,0.14147353172302246,0.14936141669750214,True,0.4676680266857147
2606,163,delete,0,0.007018173113465309,0.010300787165760994,True,0.968397855758667
2622,164,delete,0,0.019678641110658646,0.015834994614124298,True,0.6180668473243713
2638,165,delete,0,0.003684441791847348,0.004365994594991207,True,0.9768003225326538
2654,166,delete,0,0.04791802167892456,0.04678354784846306,True,0.16679254174232483
2670,167,delete,0,0.046375714242458344,0.04969871789216995,True,0.27898839116096497
2686,168,delete,0,0.0033825021237134933,0.0057083494029939175,True,0.9589877128601074
2702,169,delete,0,0.14970546960830688,0.15263433754444122,False,0.11885564029216766
2718,170,delete,0,0.027659613639116287,0.027951784431934357,True,0.3212786614894867
2734,171,delete,0,0.0019469853723421693,0.002417762763798237,True,0.979649007320404
2750,172,delete,0,0.0023892144672572613,0.0022838255390524864,True,0.7946754097938538
2766,173,delete,0,0.01169865857809782,0.013891588896512985,True,0.8530017137527466
2782,174,delete,0,0.018029596656560898,0.016855426132678986,True,0.3231733739376068
2798,175,delete,0,0.06171993166208267,0.06814319640398026,True,0.407827228307724
2559,160,contradict,1,0.020764192566275597,0.017404301092028618,True,0.5447717905044556
2575,161,contradict,1,0.015228107571601868,0.014833136461675167,True,0.34501519799232483
2591,162,contradict,1,0.11631221324205399,0.11923971772193909,True,0.5205448269844055
2607,163,contradict,1,0.0018544879276305437,0.002190429251641035,True,0.9799228310585022
2623,164,contradict,1,0.01723894476890564,0.014096523635089397,True,0.6095514297485352
2639,165,contradict,1,0.002091060858219862,0.0019510737620294094,True,0.9813871383666992
2655,166,contradict,1,0.04416467994451523,0.04287993907928467,True,0.15568001568317413
2671,167,contradict,1,0.04239935427904129,0.044669948518276215,True,0.2854693830013275
2687,168,contradict,1,0.0017813312588259578,0.0031720874831080437,True,0.9669731259346008
2703,169,contradict,1,0.18826207518577576,0.21424686908721924,False,0.10090649873018265
2719,170,contradict,1,0.026637399569153786,0.027788523584604263,True,0.32624149322509766
2735,171,contradict,1,0.0017747399397194386,0.002089394023641944,True,0.9816495776176453
2751,172,contradict,1,0.001835988718084991,0.0017827264964580536,True,0.7905336618423462
2767,173,contradict,1,0.011302650906145573,0.013331894762814045,True,0.852824330329895
2783,174,contradict,1,0.01380215398967266,0.01305451337248087,True,0.3028066158294678
2799,175,contradict,1,0.0846794992685318,0.09224538505077362,True,0.37696143984794617
2560,160,delete,1,0.027243250980973244,0.026198528707027435,True,0.5192463397979736
2576,161,delete,1,0.010625035502016544,0.01015716977417469,True,0.349751353263855
2592,162,delete,1,0.13594219088554382,0.14564833045005798,True,0.47482672333717346
2608,163,delete,1,0.0019121322548016906,0.0022490154951810837,True,0.979769229888916
2624,164,delete,1,0.017128489911556244,0.01403226237744093,True,0.6094960570335388
2640,165,delete,1,0.002893423894420266,0.0031800272408872843,True,0.9787904620170593
2656,166,delete,1,0.046404629945755005,0.04502052068710327,True,0.1527525633573532
2672,167,delete,1,0.03681251034140587,0.03840845078229904,True,0.2841636538505554
2688,168,delete,1,0.001810754998587072,0.003207538276910782,True,0.9668931365013123
2704,169,delete,1,0.13942070305347443,0.14876925945281982,False,0.11430715024471283
2720,170,delete,1,0.029843026772141457,0.03072137013077736,True,0.3200269043445587
2736,171,delete,1,0.0023137410171329975,0.002933697309345007,True,0.9794579744338989
2752,172,delete,1,0.0013745109317824244,0.001417107181623578,True,0.7725685834884644
2768,173,delete,1,0.00905927736312151,0.010688742622733116,True,0.858841061592102
2784,174,delete,1,0.012875738553702831,0.01205788180232048,True,0.30607742071151733
2800,175,delete,1,0.07327667623758316,0.0813605859875679,True,0.3954648971557617
2561,160,contradict,2,0.0879913717508316,0.08103548735380173,True,0.4597342908382416
2577,161,contradict,2,3.1712536811828613,3.817462921142578,False,0.0021621740888804197
2593,162,contradict,2,1.8130240440368652,1.4720076322555542,False,0.027507638558745384
2609,163,contradict,2,3.4073984622955322,5.4351277351379395,False,0.030192941427230835
2625,164,contradict,2,0.016926318407058716,0.013864433392882347,True,0.6113461256027222
2641,165,contradict,2,0.002752347383648157,0.0024033519439399242,True,0.9826997518539429
2657,166,contradict,2,6.695489883422852,7.596343040466309,False,0.00020047479483764619
2673,167,contradict,2,0.037187714129686356,0.0396464578807354,True,0.28436020016670227
2689,168,contradict,2,0.0020255297422409058,0.003505604574456811,True,0.9666282534599304
2705,169,contradict,2,0.11431308090686798,0.11320754140615463,False,0.12085901945829391
2721,170,contradict,2,8.90222454071045,7.6672515869140625,False,2.2057738533476368e-06
2737,171,contradict,2,7.627752780914307,11.712912559509277,False,0.000438785384176299
2753,172,contradict,2,0.00627231365069747,0.006228621583431959,True,0.757024347782135
2769,173,contradict,2,9.42099380493164,10.852526664733887,False,4.94312153023202e-05
2785,174,contradict,2,5.359742641448975,6.896413326263428,False,0.005431870464235544
2801,175,contradict,2,0.10923130810260773,0.1276804506778717,True,0.36250612139701843
2562,160,delete,2,0.06288434565067291,0.07185239344835281,True,0.47013017535209656
2578,161,delete,2,1.1828522682189941,1.0110806226730347,False,0.032180603593587875
2594,162,delete,2,0.1420474350452423,0.15018950402736664,True,0.49172061681747437
2610,163,delete,2,0.004252301529049873,0.005441667977720499,True,0.977711021900177
2626,164,delete,2,0.019889812916517258,0.01592937670648098,True,0.6135359406471252
2642,165,delete,2,0.002624930115416646,0.002580760046839714,True,0.9804710149765015
2658,166,delete,2,0.030246257781982422,0.030149957165122032,True,0.14380542933940887
2674,167,delete,2,0.036088213324546814,0.03885503485798836,True,0.2870043218135834
2690,168,delete,2,0.0021796117071062326,0.0039863670244812965,True,0.9663904309272766
2706,169,delete,2,0.15182103216648102,0.16388536989688873,False,0.11070983111858368
2722,170,delete,2,0.009099554270505905,0.009149119257926941,True,0.3937065601348877
2738,171,delete,2,0.0033750550355762243,0.004443681798875332,True,0.9764465093612671
2754,172,delete,2,0.013572213239967823,0.016538457944989204,True,0.7302883267402649
2770,173,delete,2,0.030241496860980988,0.03900323063135147,True,0.8177130222320557
2786,174,delete,2,0.01356832031160593,0.012947638519108295,True,0.2973778545856476
2802,175,delete,2,0.08980780094861984,0.09885109215974808,True,0.3755910396575928
2563,160,contradict,3,0.04715932905673981,0.04841982573270798,True,0.46909478306770325
2579,161,contradict,3,0.01623869687318802,0.01681365817785263,True,0.3200477361679077
2595,162,contradict,3,0.051877107471227646,0.047161463648080826,True,0.6181600689888
2611,163,contradict,3,0.004270773380994797,0.005663481540977955,True,0.9726501703262329
2627,164,contradict,3,0.04360652714967728,0.05016401782631874,True,0.5221619606018066
2643,165,contradict,3,0.002530377358198166,0.0028406428173184395,True,0.9781051278114319
2659,166,contradict,3,0.04821643978357315,0.046495042741298676,True,0.1631394624710083
2675,167,contradict,3,0.013132802210748196,0.013244319707155228,True,0.2871865928173065
2691,168,contradict,3,0.0036930276546627283,0.00642795767635107,True,0.9605962038040161
2707,169,contradict,3,0.06426487863063812,0.058653831481933594,False,0.15580126643180847
2723,170,contradict,3,0.026209255680441856,0.026508521288633347,True,0.3223370313644409
2739,171,contradict,3,0.001685961033217609,0.002028021262958646,True,0.9808456897735596
2755,172,contradict,3,0.002475201152265072,0.0024652935098856688,True,0.7888157367706299
2771,173,contradict,3,0.010172261856496334,0.011728348210453987,True,0.8617457747459412
2787,174,contradict,3,0.016115481033921242,0.014700200408697128,True,0.3084786832332611
2803,175,contradict,3,0.06299002468585968,0.07110273838043213,True,0.41159623861312866
2564,160,delete,3,0.09390407055616379,0.10568024963140488,True,0.4203150272369385
2580,161,delete,3,0.017257897183299065,0.018064461648464203,True,0.3172926604747772
2596,162,delete,3,0.17073296010494232,0.18507522344589233,True,0.44185760617256165
2612,163,delete,3,0.003887156257405877,0.005149691831320524,True,0.9731898903846741
2628,164,delete,3,0.013377911411225796,0.011273344978690147,True,0.589228630065918
2644,165,delete,3,0.00372892408631742,0.004757203161716461,True,0.9755913019180298
2660,166,delete,3,0.049899667501449585,0.04951956123113632,True,0.15422087907791138
2676,167,delete,3,0.0145998140797019,0.014776169322431087,True,0.30008217692375183
2692,168,delete,3,0.0036218930035829544,0.006314230617135763,True,0.960721492767334
2708,169,delete,3,0.10270541906356812,0.09769553691148758,False,0.12797917425632477
2724,170,delete,3,0.028387349098920822,0.028686420992016792,True,0.318876177072525
2740,171,delete,3,0.0013830391690135002,0.0016218706732615829,True,0.9815168380737305
2756,172,delete,3,0.001487893983721733,0.0015657769981771708,True,0.7758122682571411
2772,173,delete,3,0.011929434724152088,0.014064080081880093,True,0.8516731262207031
2788,174,delete,3,0.014181990176439285,0.013446182943880558,True,0.3041461706161499
2804,175,delete,3,0.07530190050601959,0.08237898349761963,True,0.38965079188346863
2565,160,paraphrase,-1,0.06124969944357872,0.06732966005802155,True,0.46575164794921875
2581,161,paraphrase,-1,0.01558566465973854,0.01598704420030117,True,0.3171434700489044
2597,162,paraphrase,-1,0.14219610393047333,0.14976462721824646,True,0.4787021577358246
2613,163,paraphrase,-1,0.0029014863539487123,0.003709539771080017,True,0.9768534898757935
2629,164,paraphrase,-1,0.017281273379921913,0.014125361107289791,True,0.6095697283744812
2645,165,paraphrase,-1,0.0028068367391824722,0.0028903677593916655,True,0.9792342185974121
2661,166,paraphrase,-1,0.050135500729084015,0.0484515018761158,True,0.16033339500427246
2677,167,paraphrase,-1,0.02777712233364582,0.02961300127208233,True,0.2862159311771393
2693,168,paraphrase,-1,0.0023831913713365793,0.004191925749182701,True,0.9630504846572876
2709,169,paraphrase,-1,0.150941863656044,0.1580408364534378,False,0.11856350302696228
2725,170,paraphrase,-1,0.027986716479063034,0.028422322124242783,True,0.32136088609695435
2741,171,paraphrase,-1,0.0017125047743320465,0.0020415440667420626,True,0.9812070727348328
2757,172,paraphrase,-1,0.0026086107827723026,0.0025545377284288406,True,0.7927970886230469
2773,173,paraphrase,-1,0.011740368790924549,0.013891207985579967,True,0.8510046601295471
2789,174,paraphrase,-1,0.01416416373103857,0.013413271866738796,True,0.3039143681526184
2805,175,paraphrase,-1,0.07425767928361893,0.08154739439487457,True,0.3925119936466217
2566,160,translate,-1,0.038523878902196884,0.0389280840754509,True,0.4977124035358429
2582,161,translate,-1,0.01779477670788765,0.018098000437021255,True,0.33854830265045166
2598,162,translate,-1,0.17659111320972443,0.19071796536445618,True,0.44060036540031433
2614,163,translate,-1,0.005124506074935198,0.0072621810249984264,True,0.974455714225769
2630,164,translate,-1,0.0203633401542902,0.016685782000422478,True,0.631584107875824
2646,165,translate,-1,0.003015359630808234,0.0036302166990935802,True,0.9770572185516357
2662,166,translate,-1,0.051376137882471085,0.04722623527050018,True,0.16958877444267273
2678,167,translate,-1,0.042917996644973755,0.04521116241812706,True,0.29467344284057617
2694,168,translate,-1,0.0038334813434630632,0.0063925376161932945,True,0.9580336809158325
2710,169,translate,-1,0.1200145035982132,0.11968549340963364,False,0.120698481798172
2726,170,translate,-1,0.02819271944463253,0.028211109340190887,True,0.3167589008808136
2742,171,translate,-1,0.002941728103905916,0.003712549339979887,True,0.9796562194824219
2758,172,translate,-1,0.0015233850572258234,0.0015648293774574995,True,0.772667407989502
2774,173,translate,-1,0.011291052214801311,0.013786137104034424,True,0.8492414951324463
2790,174,translate,-1,0.015011847019195557,0.013885722495615482,True,0.307802677154541
2806,175,translate,-1,0.03471875563263893,0.03799991309642792,True,0.4511863589286804
2567,160,polarity,-1,0.07862911373376846,0.08719522505998611,True,0.4449238181114197
2583,161,polarity,-1,0.016142547130584717,0.015962116420269012,True,0.3438768684864044
2599,162,polarity,-1,0.15537308156490326,0.1593034863471985,True,0.45971429347991943
2615,163,polarity,-1,0.0025506233796477318,0.002687740372493863,True,0.9821635484695435
2631,164,polarity,-1,0.017783569172024727,0.014577720314264297,True,0.6106832027435303
2647,165,polarity,-1,0.0032006052788347006,0.0034031346440315247,True,0.9791740775108337
2663,166,polarity,-1,0.0489993691444397,0.047270141541957855,True,0.16361954808235168
2679,167,polarity,-1,0.03956225514411926,0.042045146226882935,True,0.2860995829105377
2695,168,polarity,-1,0.0025320774875581264,0.0043950011022388935,True,0.9627729654312134
2711,169,polarity,-1,0.1517637073993683,0.16007721424102783,False,0.11243443936109543
2727,170,polarity,-1,0.02877209149301052,0.029721377417445183,True,0.3234212398529053
2743,171,polarity,-1,0.0023253445979207754,0.0029490571469068527,True,0.9792219996452332
2759,172,polarity,-1,0.002506461925804615,0.0024778470396995544,True,0.7892031669616699
2775,173,polarity,-1,0.011237038299441338,0.01321460958570242,True,0.8540734648704529
2791,174,polarity,-1,0.01794661022722721,0.016523990780115128,True,0.3054544925689697
2807,175,polarity,-1,0.06899770349264145,0.07606540620326996,True,0.397283136844635
2568,160,vocab,-1,0.07433313131332397,0.07997505366802216,True,0.4372814893722534
2584,161,vocab,-1,0.015679650008678436,0.015952039510011673,True,0.3176130950450897
2600,162,vocab,-1,0.14705850183963776,0.15487104654312134,True,0.46679529547691345
2616,163,vocab,-1,0.0027841373812407255,0.003561657853424549,True,0.9773273468017578
2632,164,vocab,-1,0.01703624241054058,0.013918139040470123,True,0.6092892289161682
2648,165,vocab,-1,0.001967494608834386,0.001881905714981258,True,0.9808219075202942
2664,166,vocab,-1,0.03971532732248306,0.03940754756331444,True,0.15786577761173248
2680,167,vocab,-1,0.048860806971788406,0.0534379743039608,True,0.25968173146247864
2696,168,vocab,-1,0.0025759157724678516,0.004797995090484619,True,0.9629340767860413
2712,169,vocab,-1,0.14164115488529205,0.14531119167804718,False,0.11711203306913376
2728,170,vocab,-1,0.03901192173361778,0.039235737174749374,True,0.3005222678184509
2744,171,vocab,-1,0.0023537278175354004,0.002974801929667592,True,0.9792987108230591
2760,172,vocab,-1,0.0015313305193558335,0.0015424781013280153,True,0.776703417301178
2776,173,vocab,-1,0.012068865820765495,0.014205945655703545,True,0.8509309887886047
2792,174,vocab,-1,0.0141630033031106,0.013436817564070225,True,0.3030179440975189
2808,175,vocab,-1,0.06655215471982956,0.07312726229429245,True,0.4000517427921295
2569,160,cat,4,3.638199806213379,8.909770011901855,False,0.004613744560629129
2585,161,cat,2,2.1551239490509033,8.924895286560059,False,0.041726451367139816
2601,162,cat,-1,5.317470073699951,8.961478233337402,False,0.001874348265118897
2617,163,cat,4,2.9097042083740234,5.659335136413574,False,0.050251707434654236
2633,164,cat,-1,0.8708234429359436,3.1598501205444336,True,0.24498289823532104
2649,165,cat,-1,8.229658126831055,11.916054725646973,False,0.00024247969849966466
2665,166,cat,-1,4.702114582061768,9.944356918334961,False,0.0006018326384946704
2681,167,cat,3,4.285824298858643,13.004190444946289,False,0.0018865769961848855
2697,168,cat,3,3.9219717979431152,12.263554573059082,False,0.016715876758098602
2713,169,cat,-1,5.594598770141602,3.733037233352661,False,0.00036392686888575554
2729,170,cat,-1,1.4501512050628662,6.581785202026367,False,0.08837538957595825
2745,171,cat,2,6.22307825088501,12.50994873046875,False,0.0017732861451804638
2761,172,cat,2,0.09073059260845184,0.28555193543434143,True,0.7123909592628479
2777,173,cat,-1,7.253737449645996,14.620097160339355,False,0.0003491719253361225
2793,174,cat,2,3.3102338314056396,8.786250114440918,False,0.008838933892548084
2809,175,cat,2,3.1468827724456787,2.90339994430542,False,0.003697615349665284
2570,160,shuffle,-1,0.07863982021808624,0.09179164469242096,True,0.4400005042552948
2586,161,shuffle,-1,0.016502613201737404,0.01682289130985737,True,0.3156175911426544
2602,162,shuffle,-1,0.06530012935400009,0.0680728331208229,True,0.5714484453201294
2618,163,shuffle,-1,0.0028359373100101948,0.003635452361777425,True,0.977453887462616
2634,164,shuffle,-1,0.016959819942712784,0.013940427452325821,True,0.5956434011459351
2650,165,shuffle,-1,0.0027533425018191338,0.00249427929520607,True,0.9819079041481018
2666,166,shuffle,-1,0.04515933245420456,0.04397984594106674,True,0.15619106590747833
2682,167,shuffle,-1,0.040154241025447845,0.042205069214105606,True,0.28305768966674805
2698,168,shuffle,-1,0.002336167963221669,0.00411950470879674,True,0.9632534384727478
2714,169,shuffle,-1,0.0804985761642456,0.08034052699804306,False,0.11346423625946045
2730,170,shuffle,-1,0.01634008251130581,0.016670722514390945,True,0.3440564274787903
2746,171,shuffle,-1,0.0017971167108044028,0.0021288814023137093,True,0.9804797172546387
2762,172,shuffle,-1,0.005143001675605774,0.004536312073469162,True,0.7960148453712463
2778,173,shuffle,-1,0.01800408959388733,0.02193438448011875,True,0.84019535779953
2794,174,shuffle,-1,0.016037005931138992,0.014517547562718391,True,0.3018414378166199
2810,175,shuffle,-1,0.06047692894935608,0.06676501035690308,True,0.4088841676712036
2571,160,unrelated,165,11.931994438171387,18.99639129638672,False,6.888002985760977e-07
2587,161,unrelated,88,2.130523920059204,5.799439907073975,False,0.01644415408372879
2603,162,unrelated,133,8.055426597595215,8.855744361877441,False,0.00012780108954757452
2619,163,unrelated,34,5.101132869720459,7.619891166687012,False,0.005569618195295334
2635,164,unrelated,65,3.3202500343322754,6.760838508605957,False,0.014952253550291061
2651,165,unrelated,29,11.4445161819458,10.324451446533203,False,9.18903333513299e-06
2667,166,unrelated,115,1.8086353540420532,1.5130867958068848,False,0.03827756643295288
2683,167,unrelated,70,5.312093257904053,4.276947975158691,False,6.14364689681679e-05
2699,168,unrelated,5,6.329048156738281,14.458186149597168,False,0.0014161268481984735
2715,169,unrelated,249,6.193232536315918,7.664888858795166,False,0.00011545613961061463
2731,170,unrelated,160,6.854670524597168,7.5951128005981445,False,0.00015078207070473582
2747,171,unrelated,101,8.04585075378418,9.600775718688965,False,0.0002826107374858111
2763,172,unrelated,121,3.5889594554901123,11.100762367248535,False,0.011556767858564854
2779,173,unrelated,182,1.3499088287353516,7.555721759796143,False,0.42551684379577637
2795,174,unrelated,46,2.927630662918091,2.7918589115142822,False,0.003422753419727087
2811,175,unrelated,71,8.630829811096191,11.319635391235352,False,2.6993624487658963e-05
-1,160,ref_identity,-1,0.0,0.0,True,0.5674648880958557
-1,161,ref_identity,-1,0.0,0.0,True,0.33359596133232117
-1,162,ref_identity,-1,0.0,0.0,True,0.6150919198989868
-1,163,ref_identity,-1,0.0,0.0,True,0.9836120009422302
-1,164,ref_identity,-1,0.0,0.0,True,0.5741046071052551
-1,165,ref_identity,-1,0.0,0.0,True,0.9802750945091248
-1,166,ref_identity,-1,0.0,0.0,True,0.1419876217842102
-1,167,ref_identity,-1,0.0,0.0,True,0.300013929605484
-1,168,ref_identity,-1,0.0,0.0,True,0.9702281355857849
-1,169,ref_identity,-1,0.0,0.0,True,0.131148561835289
-1,170,ref_identity,-1,0.0,0.0,True,0.4192182719707489
-1,171,ref_identity,-1,0.0,0.0,True,0.9846829771995544
-1,172,ref_identity,-1,0.0,0.0,True,0.7754011750221252
-1,173,ref_identity,-1,0.0,0.0,True,0.8931908011436462
-1,174,ref_identity,-1,0.0,0.0,True,0.2976084351539612
-1,175,ref_identity,-1,0.0,0.0,True,0.5596551895141602
-2,160,ref_mean,-1,0.331917405128479,0.5442088842391968,False,0.2982844412326813
-2,161,ref_mean,-1,2.902416706085205,8.721064567565918,False,0.02245955541729927
-2,162,ref_mean,-1,4.878696918487549,6.068275451660156,False,0.0013064086670055985
-2,163,ref_mean,-1,5.5963521003723145,6.395851135253906,False,0.0033188005909323692
-2,164,ref_mean,-1,0.23377536237239838,0.41016438603401184,True,0.3786548674106598
-2,165,ref_mean,-1,10.877196311950684,9.837555885314941,False,1.5959049051161855e-05
-2,166,ref_mean,-1,0.7992296814918518,1.3450909852981567,True,0.12880294024944305
-2,167,ref_mean,-1,2.124509334564209,5.057697772979736,False,0.03414388373494148
-2,168,ref_mean,-1,4.682208061218262,5.321628570556641,False,0.007147488184273243
-2,169,ref_mean,-1,3.2872209548950195,5.230279445648193,False,0.022476591169834137
-2,170,ref_mean,-1,1.7219088077545166,5.169964790344238,False,0.046148139983415604
-2,171,ref_mean,-1,1.5261235237121582,5.2425079345703125,True,0.2007988542318344
-2,172,ref_mean,-1,0.08076628297567368,0.4053422212600708,True,0.6951998472213745
-2,173,ref_mean,-1,4.17836332321167,5.028448104858398,False,0.007906694896519184
-2,174,ref_mean,-1,0.4264669418334961,1.243006944656372,True,0.15740878880023956
-2,175,ref_mean,-1,3.6014938354492188,7.148688316345215,False,0.007477941457182169
2812,176,orig,-1,0.018494844436645508,0.022571101784706116,True,0.6336385011672974
2828,177,orig,-1,0.011556586250662804,0.01472332701086998,True,0.9248831868171692
2844,178,orig,-1,0.10713931918144226,0.12522752583026886,True,0.25404202938079834
2860,179,orig,-1,0.012095202691853046,0.007108410820364952,True,0.7422541975975037
2876,180,orig,-1,0.05177101492881775,0.03473666310310364,True,0.7100702524185181
2892,181,orig,-1,0.304495632648468,0.2793392241001129,False,0.08234811574220657
2908,182,orig,-1,0.0016703576548025012,0.0015376112423837185,True,0.7956812977790833
2924,183,orig,-1,0.04374202340841293,0.05079437792301178,True,0.5064741969108582
2940,184,orig,-1,0.03932195156812668,0.040354907512664795,True,0.24584046006202698
2956,185,orig,-1,0.02818201668560505,0.028640318661928177,False,0.17120148241519928
2972,186,orig,-1,0.030057141557335854,0.029113467782735825,True,0.15876632928848267
2988,187,orig,-1,0.002244285074993968,0.0022098480258136988,True,0.6483213901519775
3004,188,orig,-1,0.0003282320685684681,0.00035700586158782244,True,0.9863929152488708
3020,189,orig,-1,0.030164605006575584,0.03494101017713547,True,0.21318034827709198
3036,190,orig,-1,0.155853271484375,0.14906257390975952,True,0.3117349445819855
3052,191,orig,-1,0.020700376480817795,0.02164648286998272,True,0.16438080370426178
2813,176,contradict,0,0.02597837895154953,0.031169503927230835,True,0.6278379559516907
2829,177,contradict,0,0.014732729643583298,0.019024942070245743,True,0.918739914894104
2845,178,contradict,0,0.07943756878376007,0.09523036330938339,True,0.3174164593219757
2861,179,contradict,0,0.006891205906867981,0.004651192110031843,True,0.7402276992797852
2877,180,contradict,0,0.04790624976158142,0.03205789625644684,True,0.7185993790626526
2893,181,contradict,0,0.29501745104789734,0.279193639755249,False,0.08524189889431
2909,182,contradict,0,0.0016270596534013748,0.0015190260019153357,True,0.7956694960594177
2925,183,contradict,0,0.03670737147331238,0.04187540337443352,True,0.5416454672813416
2941,184,contradict,0,0.042760103940963745,0.04592893272638321,True,0.24291841685771942
2957,185,contradict,0,0.03460676223039627,0.03442414849996567,False,0.16839276254177094
2973,186,contradict,0,0.02425968274474144,0.024678386747837067,True,0.13878943026065826
2989,187,contradict,0,0.0006341943517327309,0.000595142540987581,True,0.6726378798484802
3005,188,contradict,0,0.0002667820663191378,0.00028364238096401095,True,0.9869334697723389
3021,189,contradict,0,0.049713220447301865,0.05841884762048721,True,0.2075556367635727
3037,190,contradict,0,0.1752563714981079,0.18388701975345612,True,0.24210576713085175
3053,191,contradict,0,0.02146700955927372,0.02200261689722538,True,0.15570314228534698
2814,176,delete,0,0.025812966749072075,0.03098333068192005,True,0.6277170777320862
2830,177,delete,0,0.013785440474748611,0.017685484141111374,True,0.9205242991447449
2846,178,delete,0,0.10351192951202393,0.12021167576313019,True,0.30687880516052246
2862,179,delete,0,0.011425874195992947,0.0067469035275280476,True,0.7415347695350647
2878,180,delete,0,0.04926544427871704,0.033985551446676254,True,0.7046532034873962
2894,181,delete,0,0.26215094327926636,0.24493564665317535,False,0.08882780373096466
2910,182,delete,0,0.0003048395155929029,0.00022191251628100872,True,0.7749317288398743
2926,183,delete,0,0.038282930850982666,0.04254133626818657,True,0.5224485397338867
2942,184,delete,0,0.04176120087504387,0.042888522148132324,True,0.2390531450510025
2958,185,delete,0,0.035901810973882675,0.037188366055488586,False,0.16905716061592102
2974,186,delete,0,0.0214739590883255,0.0212489515542984,True,0.1534314900636673
2990,187,delete,0,0.0006356773665174842,0.0005720108165405691,True,0.6732796430587769
3006,188,delete,0,0.00031893630512058735,0.00034424138721078634,True,0.9863139390945435
3022,189,delete,0,0.036329787224531174,0.04162411019206047,True,0.21436041593551636
3038,190,delete,0,0.1550101488828659,0.15859022736549377,True,0.28174126148223877
3054,191,delete,0,0.024406446143984795,0.025125999003648758,True,0.14861346781253815
2815,176,contradict,1,0.017734242603182793,0.020929407328367233,True,0.6420698761940002
2831,177,contradict,1,0.019635172560811043,0.026206355541944504,True,0.9107345342636108
2847,178,contradict,1,0.10861710458993912,0.13055236637592316,True,0.25645318627357483
2863,179,contradict,1,0.014482165686786175,0.008951482363045216,True,0.7651386857032776
2879,180,contradict,1,0.05318956822156906,0.03512778878211975,True,0.7123286128044128
2895,181,contradict,1,0.35521435737609863,0.3240663409233093,False,0.07319198548793793
2911,182,contradict,1,0.0017587037291377783,0.0015961091266945004,True,0.7956506013870239
2927,183,contradict,1,0.0483570359647274,0.05887286737561226,True,0.5160127282142639
2943,184,contradict,1,0.0350346639752388,0.036398034542798996,True,0.2467183768749237
2959,185,contradict,1,0.03154468536376953,0.030780483037233353,False,0.16367767751216888
2975,186,contradict,1,0.02927256189286709,0.028757240623235703,True,0.14588050544261932
2991,187,contradict,1,0.0006225522374734282,0.0005885905120521784,True,0.6715595722198486
3007,188,contradict,1,0.0002866084687411785,0.0003030964289791882,True,0.98822021484375
3023,189,contradict,1,0.03154110908508301,0.035639889538288116,True,0.20612293481826782
3039,190,contradict,1,0.12952770292758942,0.1336745172739029,True,0.2606053948402405
3055,191,contradict,1,0.024949204176664352,0.025896864011883736,True,0.161729097366333
2816,176,delete,1,0.015666045248508453,0.01815022900700569,True,0.6588336229324341
2832,177,delete,1,0.015030872076749802,0.019560087472200394,True,0.9185265302658081
2848,178,delete,1,0.10188135504722595,0.11835154891014099,True,0.2769566774368286
2864,179,delete,1,0.014939735643565655,0.009061885997653008,True,0.7649385929107666
2880,180,delete,1,0.052657295018434525,0.034261319786310196,True,0.7119789123535156
2896,181,delete,1,0.3326602578163147,0.3041417896747589,False,0.07788713276386261
2912,182,delete,1,0.001696174032986164,0.0015547416405752301,True,0.7957339286804199
2928,183,delete,1,0.031319595873355865,0.03641475737094879,True,0.5399799346923828
2944,184,delete,1,0.03692593052983284,0.03860366716980934,True,0.24087858200073242
2960,185,delete,1,0.036601923406124115,0.036369986832141876,False,0.15788237750530243
2976,186,delete,1,0.0262980405241251,0.025804592296481133,True,0.14378005266189575
2992,187,delete,1,0.0007463687798008323,0.0006960398750379682,True,0.6719085574150085
3008,188,delete,1,0.00029709175578318536,0.0003130476106889546,True,0.9882705211639404
3024,189,delete,1,0.029176371172070503,0.03362560272216797,True,0.2115868628025055
3040,190,delete,1,0.18870291113853455,0.17688462138175964,True,0.3094128668308258
3056,191,delete,1,0.020305316895246506,0.02104194276034832,True,0.16582785546779633
2817,176,contradict,2,11.070178031921387,6.212754249572754,False,1.4255787164074718e-06
2833,177,contradict,2,0.02247590757906437,0.030252132564783096,True,0.9061754941940308
2849,178,contradict,2,0.12380508333444595,0.5137600302696228,False,0.27285364270210266
2865,179,contradict,2,0.04272065684199333,0.013902035541832447,True,0.7450879812240601
2881,180,contradict,2,0.08553293347358704,0.06218357011675835,True,0.6783909201622009
2897,181,contradict,2,0.30720800161361694,0.2877386808395386,False,0.07868006080389023
2913,182,contradict,2,0.012019270099699497,0.011046847328543663,True,0.8321568369865417
2929,183,contradict,2,0.08236536383628845,0.11927597969770432,True,0.565462052822113
2945,184,contradict,2,0.03541945293545723,0.0358809232711792,True,0.24341940879821777
2961,185,contradict,2,0.036171805113554,0.03588095307350159,False,0.1560497283935547
2977,186,contradict,2,9.526081085205078,9.92869758605957,False,1.5539721061941236e-05
2993,187,contradict,2,0.0020210924558341503,0.0019702597055584192,True,0.669011116027832
3009,188,contradict,2,0.00022951408755034208,0.0002450257306918502,True,0.9865226149559021
3025,189,contradict,2,2.2240796089172363,4.225099563598633,True,0.1624820977449417
3041,190,contradict,2,0.1664653718471527,0.1656228005886078,True,0.27976056933403015
3057,191,contradict,2,6.7257208824157715,9.25823974609375,False,0.0002929290640167892
2818,176,delete,2,0.011375674977898598,0.012921463698148727,True,0.6720617413520813
2834,177,delete,2,0.018724223598837852,0.024926915764808655,True,0.9123297333717346
2850,178,delete,2,0.09212278574705124,0.10802100598812103,True,0.24857386946678162
2866,179,delete,2,0.02181050181388855,0.010216645896434784,True,0.7437098622322083
2882,180,delete,2,0.0516040176153183,0.03925802558660507,True,0.6948044300079346
2898,181,delete,2,0.30587756633758545,0.28198063373565674,False,0.082302026450634
2914,182,delete,2,0.0017901674145832658,0.0016083723166957498,True,0.7956451773643494
2930,183,delete,2,0.05061925947666168,0.06156647950410843,True,0.5243914723396301
2946,184,delete,2,0.04000953584909439,0.040999636054039,True,0.24719886481761932
2962,185,delete,2,0.03693190962076187,0.036628276109695435,False,0.15420499444007874
2978,186,delete,2,0.021621819585561752,0.022031055763363838,True,0.1358170211315155
2994,187,delete,2,0.0014417576603591442,0.0015279131475836039,True,0.6676096320152283
3010,188,delete,2,0.0005391768645495176,0.00059486273676157,True,0.9851803779602051
3026,189,delete,2,0.15609711408615112,0.15045467019081116,True,0.2271205633878708
3042,190,delete,2,0.15375235676765442,0.15399983525276184,True,0.2828878164291382
3058,191,delete,2,0.02984667755663395,0.0307171531021595,True,0.14526204764842987
2819,176,contradict,3,0.02329298108816147,0.027196330949664116,True,0.6291748881340027
2835,177,contradict,3,0.004646888934075832,0.005567418411374092,True,0.9400790929794312
2851,178,contradict,3,0.09521486610174179,0.11138002574443817,True,0.28416213393211365
2867,179,contradict,3,0.010952661745250225,0.0067322165705263615,True,0.74213045835495
2883,180,contradict,3,0.05097830668091774,0.036027565598487854,True,0.704192578792572
2899,181,contradict,3,0.2817765772342682,0.27213338017463684,False,0.09288573265075684
2915,182,contradict,3,0.0016763483872637153,0.0015404734294861555,True,0.7956732511520386
2931,183,contradict,3,0.05137703940272331,0.06263098865747452,True,0.525806188583374
2947,184,contradict,3,0.032418251037597656,0.03161514922976494,True,0.25182053446769714
2963,185,contradict,3,0.03964036703109741,0.03526681289076805,True,0.23204095661640167
2979,186,contradict,3,0.029549412429332733,0.028751464560627937,True,0.15982550382614136
2995,187,contradict,3,0.0008076858939602971,0.0007917049224488437,True,0.6688674688339233
3011,188,contradict,3,0.0007751636439934373,0.0009499292355030775,True,0.9887250065803528
3027,189,contradict,3,0.02206156775355339,0.02499547228217125,False,0.1995943784713745
3043,190,contradict,3,0.1522594392299652,0.14925143122673035,True,0.31153514981269836
3059,191,contradict,3,0.031445153057575226,0.030173409730196,True,0.21005788445472717
2820,176,delete,3,0.027059538289904594,0.03267202526330948,True,0.6252455115318298
2836,177,delete,3,0.007093532010912895,0.009015345945954323,True,0.9353740811347961
2852,178,delete,3,0.1062687486410141,0.12723040580749512,True,0.25862133502960205
2868,179,delete,3,0.013648078776896,0.008505906909704208,True,0.7648705840110779
2884,180,delete,3,0.042682044208049774,0.0289970263838768,True,0.7186143398284912
2900,181,delete,3,0.3086652457714081,0.2847391366958618,False,0.0802045539021492
2916,182,delete,3,0.0017213181126862764,0.0015736010391265154,True,0.7955567836761475
2932,183,delete,3,0.04337616264820099,0.05336856096982956,True,0.5543564558029175
2948,184,delete,3,0.038835301995277405,0.03986528515815735,True,0.2533295154571533
2964,185,delete,3,0.026119794696569443,0.02511095069348812,False,0.19190600514411926
2980,186,delete,3,0.029731307178735733,0.029030155390501022,True,0.1512707620859146
2996,187,delete,3,0.0011949657928198576,0.0012134280987083912,True,0.6672378778457642
3012,188,delete,3,0.0005561299622058868,0.0006662141531705856,True,0.9865119457244873
3028,189,delete,3,0.028019115328788757,0.03183801844716072,False,0.2055119127035141
3044,190,delete,3,0.19840292632579803,0.17982590198516846,True,0.3361507058143616
3060,191,delete,3,0.02502254955470562,0.026173297315835953,True,0.15213100612163544
2821,176,paraphrase,-1,0.01676095649600029,0.019581450149416924,True,0.6529017686843872
2837,177,paraphrase,-1,0.011299652978777885,0.014350846409797668,True,0.925224781036377
2853,178,paraphrase,-1,0.10685321688652039,0.12618014216423035,True,0.2554990351200104
2869,179,paraphrase,-1,0.011397432535886765,0.006728444714099169,True,0.7419727444648743
2885,180,paraphrase,-1,0.049589913338422775,0.03452890366315842,True,0.7066091895103455
2901,181,paraphrase,-1,0.3469163477420807,0.3155398964881897,False,0.07461567968130112
2917,182,paraphrase,-1,0.0016853926936164498,0.0015434724045917392,True,0.7956873774528503
2933,183,paraphrase,-1,0.040149986743927,0.048115070909261703,True,0.5211467742919922
2949,184,paraphrase,-1,0.04074063152074814,0.04181484133005142,True,0.24519461393356323
2965,185,paraphrase,-1,0.03586737811565399,0.035498131066560745,False,0.155344620347023
2981,186,paraphrase,-1,0.029291022568941116,0.0290626622736454,True,0.14187836647033691
2997,187,paraphrase,-1,0.0006563219358213246,0.0006312623736448586,True,0.671133279800415
3013,188,paraphrase,-1,0.0003142530331388116,0.0003409788478165865,True,0.9864813089370728
3029,189,paraphrase,-1,0.033488720655441284,0.03834478184580803,True,0.2143038958311081
3045,190,paraphrase,-1,0.15321841835975647,0.14760929346084595,True,0.3117070496082306
3061,191,paraphrase,-1,0.018483437597751617,0.019108226522803307,True,0.16578654944896698
2822,176,translate,-1,0.027574697509407997,0.03261562064290047,True,0.6217637658119202
2838,177,translate,-1,0.01224743202328682,0.01574115827679634,True,0.9237009882926941
2854,178,translate,-1,0.11396792531013489,0.13277685642242432,True,0.2505809962749481
2870,179,translate,-1,0.008457626216113567,0.005541261751204729,True,0.7414916157722473
2886,180,translate,-1,0.04381764680147171,0.03147940710186958,True,0.7121365666389465
2902,181,translate,-1,0.33009693026542664,0.30697715282440186,False,0.07913355529308319
2918,182,translate,-1,0.00033434282522648573,0.00024273322196677327,True,0.7750840187072754
2934,183,translate,-1,0.02675539068877697,0.03139187768101692,True,0.5425829887390137
2950,184,translate,-1,0.03285864740610123,0.0338011234998703,True,0.2370702177286148
2966,185,translate,-1,0.025410855188965797,0.026200607419013977,True,0.18459509313106537
2982,186,translate,-1,0.023393947631120682,0.02365736849606037,True,0.1429177224636078
2998,187,translate,-1,0.0024540203157812357,0.0021321901585906744,True,0.6767528653144836
3014,188,translate,-1,0.00017085319268517196,0.00017834792379289865,True,0.9874788522720337
3030,189,translate,-1,0.03282181918621063,0.03735068440437317,False,0.18458010256290436
3046,190,translate,-1,0.19321131706237793,0.1755896359682083,True,0.32173049449920654
3062,191,translate,-1,0.029802247881889343,0.03081798553466797,True,0.13965396583080292
2823,176,polarity,-1,0.022954709827899933,0.026788879185914993,True,0.6299564838409424
2839,177,polarity,-1,0.008289637044072151,0.010422566905617714,True,0.931716799736023
2855,178,polarity,-1,0.10437852144241333,0.1238035261631012,True,0.2582445740699768
2871,179,polarity,-1,0.013511705212295055,0.00850521121174097,True,0.765044629573822
2887,180,polarity,-1,0.05006669461727142,0.03416471928358078,True,0.7103655934333801
2903,181,polarity,-1,0.30226969718933105,0.28031957149505615,False,0.0828862264752388
2919,182,polarity,-1,0.00164597830735147,0.0015232861042022705,True,0.7957081198692322
2935,183,polarity,-1,0.04383018612861633,0.05066428706049919,True,0.5056276917457581
2951,184,polarity,-1,0.03830956667661667,0.03867889195680618,True,0.2488829493522644
2967,185,polarity,-1,0.028778143227100372,0.029123499989509583,False,0.17154398560523987
2983,186,polarity,-1,0.028771216049790382,0.027810469269752502,True,0.1590021401643753
2999,187,polarity,-1,0.0013219713000580668,0.001345569733530283,True,0.6670495271682739
3015,188,polarity,-1,0.00020197051344439387,0.00021961188758723438,True,0.9874591827392578
3031,189,polarity,-1,0.0345337837934494,0.03943699225783348,True,0.21376213431358337
3047,190,polarity,-1,0.14406374096870422,0.1364464908838272,True,0.31549882888793945
3063,191,polarity,-1,0.024408522993326187,0.02572721801698208,True,0.16220426559448242
2824,176,vocab,-1,0.022114600986242294,0.02589511312544346,True,0.6337980628013611
2840,177,vocab,-1,0.011350583285093307,0.01442558690905571,True,0.9251214265823364
2856,178,vocab,-1,0.11979978531599045,0.13829520344734192,True,0.2622543275356293
2872,179,vocab,-1,0.014022937044501305,0.00867457315325737,True,0.7651993632316589
2888,180,vocab,-1,0.05587640777230263,0.03790432959794998,True,0.7044018507003784
2904,181,vocab,-1,0.3167838752269745,0.29091352224349976,False,0.08071991801261902
2920,182,vocab,-1,0.0017272932454943657,0.0015694149769842625,True,0.795705258846283
2936,183,vocab,-1,0.042515065521001816,0.04878668114542961,True,0.5081714987754822
2952,184,vocab,-1,0.037028320133686066,0.03794237971305847,True,0.25284504890441895
2968,185,vocab,-1,0.0388098768889904,0.03826981410384178,False,0.1519148349761963
2984,186,vocab,-1,0.026077639311552048,0.025509480386972427,True,0.1576913744211197
3000,187,vocab,-1,0.0006914116675034165,0.0006493604159913957,True,0.6717900037765503
3016,188,vocab,-1,0.0003146957606077194,0.0003416065592318773,True,0.9865009188652039
3032,189,vocab,-1,0.030753497034311295,0.035529837012290955,True,0.2126825898885727
3048,190,vocab,-1,0.1552078276872635,0.15480796992778778,True,0.2860170602798462
3064,191,vocab,-1,0.01720590889453888,0.017253095284104347,True,0.18642780184745789
2825,176,cat,3,1.7041159868240356,8.262127876281738,False,0.13545377552509308
2841,177,cat,3,3.3046603202819824,15.014262199401855,False,0.031928375363349915
2857,178,cat,-1,8.820196151733398,18.836997985839844,False,0.00013520117499865592
2873,179,cat,3,4.239598274230957,11.218297004699707,False,0.010167643427848816
2889,180,cat,3,2.248645067214966,7.58575439453125,False,0.0672718957066536
2905,181,cat,5,4.974955081939697,10.993448257446289,False,0.002339231316000223
2921,182,cat,-1,3.9572346210479736,9.783639907836914,False,0.02108856663107872
2937,183,cat,-1,3.1964216232299805,8.130653381347656,False,0.022746635600924492
2953,184,cat,3,4.353163242340088,6.237649917602539,False,0.0004996772622689605
2969,185,cat,-1,7.182627201080322,12.977965354919434,False,1.9839813830913045e-05
2985,186,cat,-1,5.346226215362549,11.370635986328125,False,0.0006843521841801703
3001,187,cat,-1,0.8389254808425903,3.2523417472839355,False,0.21389001607894897
3017,188,cat,-1,2.833820343017578,13.393359184265137,False,0.05622141435742378
3033,189,cat,3,6.3162455558776855,13.583763122558594,False,0.0030261685606092215
3049,190,cat,-1,6.6083173751831055,8.832539558410645,False,0.00016781699378043413
3065,191,cat,-1,7.401395320892334,9.52212142944336,False,0.00026664475444704294
2826,176,shuffle,-1,0.01662217080593109,0.01930038258433342,True,0.6453774571418762
2842,177,shuffle,-1,0.012860145419836044,0.01627768948674202,True,0.9222606420516968
2858,178,shuffle,-1,0.08176999539136887,0.09793968498706818,True,0.2792106568813324
2874,179,shuffle,-1,0.014423583634197712,0.008745035156607628,True,0.7640861868858337
2890,180,shuffle,-1,0.06972575932741165,0.04456812143325806,True,0.6963992118835449
2906,181,shuffle,-1,0.326476126909256,0.2957982122898102,False,0.07293341308832169
2922,182,shuffle,-1,0.0006484475452452898,0.00048154423711821437,True,0.7744019627571106
2938,183,shuffle,-1,0.04135779291391373,0.048401620239019394,True,0.5356268882751465
2954,184,shuffle,-1,0.04713870584964752,0.04805182293057442,True,0.2498096376657486
2970,185,shuffle,-1,0.03981871157884598,0.039516985416412354,False,0.152640700340271
2986,186,shuffle,-1,0.027783887460827827,0.02723083645105362,True,0.1460479497909546
3002,187,shuffle,-1,0.0008877862710505724,0.0007838584715500474,True,0.6759095788002014
3018,188,shuffle,-1,0.00029216319671832025,0.0003055246779695153,True,0.9872144460678101
3034,189,shuffle,-1,0.03539181873202324,0.04149224981665611,False,0.19862814247608185
3050,190,shuffle,-1,0.17009559273719788,0.17330369353294373,True,0.26588311791419983
3066,191,shuffle,-1,0.019804170355200768,0.02044741064310074,True,0.16548283398151398
2827,176,unrelated,77,2.388554811477661,2.5965018272399902,False,0.055193204432725906
2843,177,unrelated,50,0.20528173446655273,0.6381619572639465,True,0.7384619116783142
2859,178,unrelated,250,9.35384750366211,7.169181823730469,False,1.2333973245404195e-05
2875,179,unrelated,155,3.798264980316162,9.709468841552734,False,0.010318580083549023
2891,180,unrelated,30,5.757786750793457,11.120991706848145,False,0.002100767567753792
2907,181,unrelated,201,6.45971155166626,6.669252395629883,False,6.702070822939277e-05
2923,182,unrelated,25,13.877124786376953,8.31314754486084,False,2.0836637304455508e-06
2939,183,unrelated,156,4.831221580505371,8.869412422180176,False,0.003569900058209896
2955,184,unrelated,214,9.136030197143555,8.217340469360352,False,4.584119778883178e-06
2971,185,unrelated,235,9.265549659729004,8.50922966003418,False,3.622111535150907e-07
2987,186,unrelated,190,5.260385513305664,2.837141752243042,False,1.8106993593391962e-05
3003,187,unrelated,183,7.336122035980225,13.066902160644531,False,0.0005803268286399543
3019,188,unrelated,195,9.15846061706543,10.240571975708008,False,9.799074177863076e-05
3035,189,unrelated,54,2.962360382080078,5.039890289306641,False,0.05788913741707802
3051,190,unrelated,209,6.7620015144348145,9.908886909484863,False,0.0001448485563741997
3067,191,unrelated,80,5.803406238555908,6.912740707397461,False,0.0010731415823101997
-1,176,ref_identity,-1,0.0,0.0,True,0.6848070025444031
-1,177,ref_identity,-1,0.0,0.0,True,0.9602733254432678
-1,178,ref_identity,-1,0.0,0.0,True,0.339690625667572
-1,179,ref_identity,-1,0.0,0.0,True,0.7330231666564941
-1,180,ref_identity,-1,0.0,0.0,True,0.7374570965766907
-1,181,ref_identity,-1,0.0,0.0,True,0.23198620975017548
-1,182,ref_identity,-1,0.0,0.0,True,0.7744886875152588
-1,183,ref_identity,-1,0.0,0.0,True,0.6184296011924744
-1,184,ref_identity,-1,0.0,0.0,True,0.27022287249565125
-1,185,ref_identity,-1,0.0,0.0,True,0.22995875775814056
-1,186,ref_identity,-1,0.0,0.0,True,0.15470176935195923
-1,187,ref_identity,-1,0.0,0.0,True,0.6716182231903076
-1,188,ref_identity,-1,0.0,0.0,True,0.9880179166793823
-1,189,ref_identity,-1,0.0,0.0,True,0.22092477977275848
-1,190,ref_identity,-1,0.0,0.0,True,0.29732567071914673
-1,191,ref_identity,-1,0.0,0.0,True,0.1827886700630188
-2,176,ref_mean,-1,0.30203354358673096,0.6397783756256104,True,0.47390204668045044
-2,177,ref_mean,-1,0.8750383257865906,3.267857789993286,True,0.36757224798202515
-2,178,ref_mean,-1,3.227937698364258,4.613289833068848,False,0.0543903186917305
-2,179,ref_mean,-1,1.0412334203720093,4.880760192871094,True,0.2736259698867798
-2,180,ref_mean,-1,0.4053826928138733,0.37828749418258667,True,0.49733224511146545
-2,181,ref_mean,-1,4.823825836181641,6.869283199310303,False,0.0010325922630727291
-2,182,ref_mean,-1,8.705597877502441,9.655364990234375,False,0.00016932218568399549
-2,183,ref_mean,-1,0.22351087629795074,0.41823267936706543,True,0.39074698090553284
-2,184,ref_mean,-1,3.682279348373413,2.991485595703125,False,0.0012497376883402467
-2,185,ref_mean,-1,3.5737195014953613,4.006943702697754,False,0.0004113281611353159
-2,186,ref_mean,-1,2.7196767330169678,3.8007543087005615,False,0.012727372348308563
-2,187,ref_mean,-1,4.8799848556518555,5.066805839538574,False,0.005050424952059984
-2,188,ref_mean,-1,0.9535585045814514,5.5831379890441895,True,0.37727925181388855
-2,189,ref_mean,-1,1.1668446063995361,3.1924655437469482,True,0.12313413619995117
-2,190,ref_mean,-1,6.72708797454834,7.2541046142578125,False,0.0001195310105686076
-2,191,ref_mean,-1,6.173110485076904,9.084138870239258,False,0.00010385192581452429
3068,192,orig,-1,0.021521858870983124,0.019773337990045547,True,0.7222461700439453
3084,193,orig,-1,0.03469482436776161,0.03137838840484619,True,0.26862725615501404
3100,194,orig,-1,0.011544402688741684,0.011346004903316498,True,0.3191753029823303
3116,195,orig,-1,0.009047552943229675,0.010511820204555988,True,0.6323710083961487
3132,196,orig,-1,0.027918674051761627,0.030376385897397995,True,0.6101113557815552
3148,197,orig,-1,0.027239324524998665,0.02581021562218666,True,0.15555904805660248
3164,198,orig,-1,0.04759780317544937,0.05021713301539421,True,0.24647943675518036
3180,199,orig,-1,0.02392878383398056,0.02088083140552044,True,0.3976282775402069
3196,200,orig,-1,0.038062289357185364,0.039367206394672394,False,0.09478874504566193
3212,201,orig,-1,0.004728959873318672,0.004971202462911606,False,0.4264490306377411
3228,202,orig,-1,0.02142990753054619,0.022231556475162506,True,0.4259006083011627
3244,203,orig,-1,0.05742667615413666,0.06003410369157791,True,0.4396461248397827
3260,204,orig,-1,0.013021225109696388,0.013197769410908222,True,0.13704103231430054
3276,205,orig,-1,0.0015585022047162056,0.0014635469997301698,True,0.4766942858695984
3292,206,orig,-1,0.009445149451494217,0.009494274854660034,True,0.22357699275016785
3308,207,orig,-1,0.01791210100054741,0.02053971216082573,True,0.7754884958267212
3069,192,contradict,0,0.02257203310728073,0.020636748522520065,True,0.7241652011871338
3085,193,contradict,0,0.02880299836397171,0.02658727951347828,True,0.2633855640888214
3101,194,contradict,0,0.02841142565011978,0.02843109518289566,False,0.2772344946861267
3117,195,contradict,0,0.00709383562207222,0.007834594696760178,True,0.6449898481369019
3133,196,contradict,0,0.044811174273490906,0.04946272820234299,True,0.5785427689552307
3149,197,contradict,0,0.04430360719561577,0.04222547262907028,True,0.17215195298194885
3165,198,contradict,0,0.03745448961853981,0.03957301005721092,True,0.24969598650932312
3181,199,contradict,0,0.01782706379890442,0.01610422506928444,True,0.382971853017807
3197,200,contradict,0,0.053854625672101974,0.057731833308935165,False,0.08679547905921936
3213,201,contradict,0,0.004256477113813162,0.004311738535761833,False,0.4293118715286255
3229,202,contradict,0,0.017849085852503777,0.018611686304211617,True,0.4247364401817322
3245,203,contradict,0,0.04737573117017746,0.044396303594112396,True,0.4868015944957733
3261,204,contradict,0,0.012449306435883045,0.012491236440837383,True,0.13699275255203247
3277,205,contradict,0,0.001916001085191965,0.0018687131814658642,True,0.47601011395454407
3293,206,contradict,0,0.010215073823928833,0.010177496820688248,True,0.2011079490184784
3309,207,contradict,0,0.022508936002850533,0.026835348457098007,True,0.7651628851890564
3070,192,delete,0,0.02253282442688942,0.02069731056690216,True,0.7262155413627625
3086,193,delete,0,0.03276173397898674,0.029440196231007576,True,0.2662598490715027
3102,194,delete,0,0.016485799103975296,0.016374606639146805,True,0.2956330180168152
3118,195,delete,0,0.007694504223763943,0.008617259562015533,True,0.6365403532981873
3134,196,delete,0,0.02693413943052292,0.029183808714151382,True,0.6117390990257263
3150,197,delete,0,0.03777846693992615,0.036350250244140625,True,0.17692749202251434
3166,198,delete,0,0.044283442199230194,0.04696374759078026,True,0.24254846572875977
3182,199,delete,0,0.023477688431739807,0.020474355667829514,True,0.39786747097969055
3198,200,delete,0,0.04755008965730667,0.05111464858055115,False,0.08697398006916046
3214,201,delete,0,0.006809411104768515,0.007180613931268454,False,0.4222051501274109
3230,202,delete,0,0.01933835819363594,0.020110346376895905,True,0.42891302704811096
3246,203,delete,0,0.03299005702137947,0.029400750994682312,True,0.5874424576759338
3262,204,delete,0,0.017762914299964905,0.01810939982533455,True,0.13403068482875824
3278,205,delete,0,0.0016925595700740814,0.0015949105145409703,True,0.4761268198490143
3294,206,delete,0,0.009996414184570312,0.01003957912325859,True,0.22504176199436188
3310,207,delete,0,0.02028248831629753,0.023341264575719833,True,0.769862174987793
3071,192,contradict,1,0.014136448502540588,0.013394072651863098,True,0.709649384021759
3087,193,contradict,1,0.03524935245513916,0.03193207085132599,True,0.2657647430896759
3103,194,contradict,1,0.01799066737294197,0.01783495396375656,True,0.29238879680633545
3119,195,contradict,1,0.017139749601483345,0.01932154968380928,True,0.603228747844696
3135,196,contradict,1,0.034689370542764664,0.03847670927643776,True,0.5985267758369446
3151,197,contradict,1,0.027269873768091202,0.025664914399385452,True,0.15795844793319702
3167,198,contradict,1,0.06282851845026016,0.0672694742679596,True,0.24788697063922882
3183,199,contradict,1,0.02333229035139084,0.020384078845381737,True,0.39717963337898254
3199,200,contradict,1,0.041632261127233505,0.044819176197052,False,0.09177452325820923
3215,201,contradict,1,0.004152944311499596,0.004209528677165508,False,0.4300124943256378
3231,202,contradict,1,0.018659785389900208,0.018785152584314346,True,0.43603089451789856
3247,203,contradict,1,0.281900554895401,0.3165293335914612,False,0.2516132593154907
3263,204,contradict,1,0.01442355290055275,0.014597957022488117,True,0.13292279839515686
3279,205,contradict,1,0.00229608453810215,0.0022070775739848614,True,0.48543083667755127
3295,206,contradict,1,0.010788891464471817,0.010683298110961914,True,0.21809276938438416
3311,207,contradict,1,0.019784756004810333,0.02256656065583229,True,0.7707313895225525
3072,192,delete,1,0.021225251257419586,0.019298743456602097,True,0.7356533408164978
3088,193,delete,1,0.03207208961248398,0.02925490215420723,True,0.26682284474372864
3104,194,delete,1,0.01992899551987648,0.01982501521706581,True,0.2907726764678955
3120,195,delete,1,0.009711005724966526,0.011595160700380802,True,0.631431519985199
3136,196,delete,1,0.026886843144893646,0.029132522642612457,True,0.6117669343948364
3152,197,delete,1,0.028439778834581375,0.02673320472240448,True,0.1569218635559082
3168,198,delete,1,0.05908244848251343,0.06336130946874619,True,0.2425020933151245
3184,199,delete,1,0.02594044990837574,0.022477250546216965,True,0.3992592692375183
3200,200,delete,1,0.038355376571416855,0.03906581178307533,False,0.0944850891828537
3216,201,delete,1,0.004747279919683933,0.004977944307029247,False,0.426535964012146
3232,202,delete,1,0.01779971830546856,0.01798762008547783,True,0.4334900379180908
3248,203,delete,1,0.297712504863739,0.3341851234436035,False,0.25063174962997437
3264,204,delete,1,0.014384746551513672,0.014646622352302074,True,0.1314842849969864
3280,205,delete,1,0.0018939189612865448,0.001894096378237009,True,0.4582889974117279
3296,206,delete,1,0.010091233998537064,0.009939862415194511,True,0.2184658795595169
3312,207,delete,1,0.020036503672599792,0.02294572815299034,True,0.7704920172691345
3073,192,contradict,2,0.003898428753018379,0.0036875400692224503,True,0.6905034184455872
3089,193,contradict,2,0.03319728374481201,0.0339752659201622,True,0.2728530168533325
3105,194,contradict,2,0.011952158063650131,0.011665049940347672,True,0.31869882345199585
3121,195,contradict,2,8.264406204223633,10.96091365814209,False,0.00011715603613993153
3137,196,contradict,2,0.027137231081724167,0.0295097753405571,True,0.6110595464706421
3153,197,contradict,2,0.025668852031230927,0.02415555715560913,True,0.15514902770519257
3169,198,contradict,2,0.04556886479258537,0.04636285454034805,True,0.25878211855888367
3185,199,contradict,2,0.02732207253575325,0.023830370977520943,True,0.39983272552490234
3201,200,contradict,2,0.149726003408432,0.2327663153409958,False,0.08164490759372711
3217,201,contradict,2,0.004239632748067379,0.004291578661650419,False,0.429880827665329
3233,202,contradict,2,0.040678177028894424,0.04387032240629196,True,0.380984902381897
3249,203,contradict,2,0.04776111617684364,0.04693130776286125,True,0.46810054779052734
3265,204,contradict,2,0.011623060330748558,0.01179220899939537,True,0.1288098841905594
3281,205,contradict,2,0.004033347591757774,0.0038565329741686583,True,0.4872197210788727
3297,206,contradict,2,0.010074291378259659,0.01024637557566166,True,0.2380128651857376
3313,207,contradict,2,0.033732760697603226,0.05642299726605415,True,0.7789049744606018
3074,192,delete,2,0.008120803162455559,0.007943928241729736,True,0.6974238753318787
3090,193,delete,2,0.030887572094798088,0.029144514352083206,True,0.25762778520584106
3106,194,delete,2,0.014952082186937332,0.014660358428955078,True,0.3109045624732971
3122,195,delete,2,0.01722344011068344,0.01824602670967579,True,0.5970970392227173
3138,196,delete,2,0.028709981590509415,0.031333282589912415,True,0.6087424755096436
3154,197,delete,2,0.03002636320888996,0.027918260544538498,True,0.1490328162908554
3170,198,delete,2,0.058542873710393906,0.06043817847967148,True,0.2581147253513336
3186,199,delete,2,0.027549337595701218,0.0251692496240139,True,0.4217875897884369
3202,200,delete,2,0.07624097168445587,0.08532439172267914,False,0.08400554955005646
3218,201,delete,2,0.004855538252741098,0.005090954713523388,False,0.4286576807498932
3234,202,delete,2,0.044978756457567215,0.049324315041303635,True,0.3854966461658478
3250,203,delete,2,0.027957584708929062,0.02457784116268158,True,0.527686595916748
3266,204,delete,2,0.012444938533008099,0.012625835835933685,True,0.13495835661888123
3282,205,delete,2,0.0027189734391868114,0.0027448954060673714,True,0.4397088885307312
3298,206,delete,2,0.011095196008682251,0.011176303960382938,True,0.22987505793571472
3314,207,delete,2,0.008559117093682289,0.0093009565025568,True,0.7946308255195618
3075,192,contradict,3,0.021559931337833405,0.01981871947646141,True,0.721926212310791
3091,193,contradict,3,0.03202684968709946,0.029201189056038857,True,0.26382702589035034
3107,194,contradict,3,0.01266101747751236,0.012407060712575912,True,0.31834864616394043
3123,195,contradict,3,0.0084768608212471,0.009761100634932518,True,0.6336124539375305
3139,196,contradict,3,0.01161116361618042,0.012566061690449715,True,0.65958172082901
3155,197,contradict,3,0.029296688735485077,0.027656111866235733,True,0.1571206897497177
3171,198,contradict,3,0.04235340654850006,0.044768236577510834,True,0.2446041852235794
3187,199,contradict,3,0.024605896323919296,0.02203390561044216,True,0.4077377915382385
3203,200,contradict,3,0.04260827600955963,0.04685801640152931,False,0.09192362427711487
3219,201,contradict,3,0.004116616677492857,0.004229960031807423,False,0.42812684178352356
3235,202,contradict,3,0.018140384927392006,0.018440650776028633,True,0.43357396125793457
3251,203,contradict,3,0.06514420360326767,0.06631486117839813,True,0.45465609431266785
3267,204,contradict,3,0.014623800292611122,0.014848686754703522,True,0.13511817157268524
3283,205,contradict,3,0.002035008277744055,0.002020358107984066,True,0.468353807926178
3299,206,contradict,3,0.010008354671299458,0.010106386616826057,True,0.22518764436244965
3315,207,contradict,3,0.018099665641784668,0.020708639174699783,True,0.7755747437477112
3076,192,delete,3,0.014079295098781586,0.013335691764950752,True,0.7100781202316284
3092,193,delete,3,0.03325222432613373,0.02997756376862526,True,0.26648932695388794
3108,194,delete,3,0.012349173426628113,0.012017279863357544,True,0.3189457356929779
3124,195,delete,3,0.017986178398132324,0.020665479823946953,True,0.602177619934082
3140,196,delete,3,0.01732254959642887,0.01936710625886917,True,0.6393694281578064
3156,197,delete,3,0.03695781156420708,0.036306336522102356,True,0.14995522797107697
3172,198,delete,3,0.042800918221473694,0.044621795415878296,True,0.25274765491485596
3188,199,delete,3,0.03365107625722885,0.029944561421871185,True,0.42670971155166626
3204,200,delete,3,0.03825576603412628,0.04226863011717796,False,0.09307733923196793
3220,201,delete,3,0.00493377773091197,0.005230933427810669,False,0.42603692412376404
3236,202,delete,3,0.01938391476869583,0.0200459323823452,True,0.43087300658226013
3252,203,delete,3,0.06864757835865021,0.07303038239479065,True,0.4285374581813812
3268,204,delete,3,0.015337374061346054,0.015513010323047638,True,0.13878335058689117
3284,205,delete,3,0.001121659530326724,0.001112748752348125,True,0.4673023521900177
3300,206,delete,3,0.012136818841099739,0.012056205421686172,True,0.20736220479011536
3316,207,delete,3,0.013267012313008308,0.014796977862715721,True,0.7861130833625793
3077,192,paraphrase,-1,0.013699229806661606,0.012964487075805664,True,0.7081747055053711
3093,193,paraphrase,-1,0.03406204283237457,0.03077029064297676,True,0.2703719437122345
3109,194,paraphrase,-1,0.010632362216711044,0.010388895869255066,True,0.32036495208740234
3125,195,paraphrase,-1,0.008421463891863823,0.009701067581772804,True,0.6331850290298462
3141,196,paraphrase,-1,0.02701323851943016,0.029285624623298645,True,0.6112886667251587
3157,197,paraphrase,-1,0.02779974788427353,0.026225533336400986,True,0.1551562249660492
3173,198,paraphrase,-1,0.04581677168607712,0.04811029136180878,True,0.25077328085899353
3189,199,paraphrase,-1,0.015469654463231564,0.01349139679223299,True,0.3655477464199066
3205,200,paraphrase,-1,0.03637562319636345,0.0369039922952652,False,0.09439920634031296
3221,201,paraphrase,-1,0.008958563208580017,0.008996400982141495,False,0.4035258889198303
3237,202,paraphrase,-1,0.01779809407889843,0.018129806965589523,True,0.4348302185535431
3253,203,paraphrase,-1,0.0481562465429306,0.04822344705462456,True,0.4644322991371155
3269,204,paraphrase,-1,0.013194844126701355,0.013406744226813316,True,0.1349027305841446
3285,205,paraphrase,-1,0.0015128558734431863,0.0014294637367129326,True,0.4761717915534973
3301,206,paraphrase,-1,0.010198848322033882,0.01030449103564024,True,0.22526583075523376
3317,207,paraphrase,-1,0.018077265471220016,0.020731132477521896,True,0.7749279737472534
3078,192,translate,-1,0.014023944735527039,0.013335280120372772,True,0.7104750275611877
3094,193,translate,-1,0.03139998018741608,0.029094651341438293,True,0.26791220903396606
3110,194,translate,-1,0.01885562390089035,0.019009608775377274,True,0.29823750257492065
3126,195,translate,-1,0.026514677330851555,0.030720412731170654,True,0.590606153011322
3142,196,translate,-1,0.01814330741763115,0.01933598890900612,True,0.6400924324989319
3158,197,translate,-1,0.03492707014083862,0.033098991960287094,True,0.16288723051548004
3174,198,translate,-1,0.048250455409288406,0.049530234187841415,True,0.26323404908180237
3190,199,translate,-1,0.012692032381892204,0.011166625656187534,True,0.36377906799316406
3206,200,translate,-1,0.030683984979987144,0.030442263931035995,False,0.09535184502601624
3222,201,translate,-1,0.004146139603108168,0.004185124300420284,False,0.4301510155200958
3238,202,translate,-1,0.025168059393763542,0.02626867964863777,True,0.4257410764694214
3254,203,translate,-1,0.05677119642496109,0.05855622887611389,True,0.4531923830509186
3270,204,translate,-1,0.011134100146591663,0.011147411540150642,True,0.13723789155483246
3286,205,translate,-1,0.0021792545448988676,0.002178056398406625,True,0.45574042201042175
3302,206,translate,-1,0.010225595906376839,0.010291379876434803,True,0.22504617273807526
3318,207,translate,-1,0.020431049168109894,0.02349887043237686,True,0.7684778571128845
3079,192,polarity,-1,0.013857536017894745,0.01315506361424923,True,0.7102341055870056
3095,193,polarity,-1,0.03416083753108978,0.030820511281490326,True,0.26990094780921936
3111,194,polarity,-1,0.011481691151857376,0.011223476380109787,True,0.3193114101886749
3127,195,polarity,-1,0.008407913148403168,0.009677477180957794,True,0.6336996555328369
3143,196,polarity,-1,0.0193711519241333,0.021038666367530823,True,0.6291568875312805
3159,197,polarity,-1,0.02584783546626568,0.02444165013730526,True,0.15489225089550018
3175,198,polarity,-1,0.043654508888721466,0.04506240785121918,True,0.2607874870300293
3191,199,polarity,-1,0.02473711408674717,0.021545574069023132,True,0.39872023463249207
3207,200,polarity,-1,0.03927585482597351,0.041194066405296326,False,0.094076007604599
3223,201,polarity,-1,0.004230922088027,0.004338175058364868,False,0.42936351895332336
3239,202,polarity,-1,0.018514268100261688,0.018527986481785774,True,0.43603986501693726
3255,203,polarity,-1,0.08102596551179886,0.08586472272872925,True,0.4249379336833954
3271,204,polarity,-1,0.012851756066083908,0.013022108934819698,True,0.13479037582874298
3287,205,polarity,-1,0.0017112288624048233,0.0017103636637330055,True,0.4612672030925751
3303,206,polarity,-1,0.0096148531883955,0.009672554209828377,True,0.2234656661748886
3319,207,polarity,-1,0.02473435550928116,0.02907998114824295,True,0.763349175453186
3080,192,vocab,-1,0.014070142060518265,0.013355495408177376,True,0.7097744345664978
3096,193,vocab,-1,0.03347396478056908,0.030755547806620598,True,0.26729631423950195
3112,194,vocab,-1,0.021533887833356857,0.021472420543432236,True,0.28902164101600647
3128,195,vocab,-1,0.01728484407067299,0.01949113979935646,True,0.6026525497436523
3144,196,vocab,-1,0.022161204367876053,0.02428019419312477,True,0.6272275447845459
3160,197,vocab,-1,0.024622809141874313,0.023471521213650703,True,0.14271067082881927
3176,198,vocab,-1,0.03660685569047928,0.03809051960706711,True,0.25728166103363037
3192,199,vocab,-1,0.016803942620754242,0.014676724560558796,True,0.37031975388526917
3208,200,vocab,-1,0.03515300154685974,0.03600073605775833,False,0.09696413576602936
3224,201,vocab,-1,0.0036228480748832226,0.0036186587531119585,False,0.4303121268749237
3240,202,vocab,-1,0.018363339826464653,0.018590744584798813,True,0.4380896985530853
3256,203,vocab,-1,0.04326244443655014,0.04295124113559723,True,0.47282564640045166
3272,204,vocab,-1,0.015545018948614597,0.01573917269706726,True,0.12382662296295166
3288,205,vocab,-1,0.0016760998405516148,0.0016856982838362455,True,0.46228405833244324
3304,206,vocab,-1,0.009658318012952805,0.009736020117998123,True,0.19908832013607025
3320,207,vocab,-1,0.01951691135764122,0.022308412939310074,True,0.7713363170623779
3081,192,cat,-1,6.027354717254639,18.206701278686523,False,0.0008426997228525579
3097,193,cat,-1,5.879881858825684,10.17982292175293,False,0.00023052490723785013
3113,194,cat,3,8.4794921875,13.427186965942383,False,1.2796933333447669e-05
3129,195,cat,2,3.5954535007476807,12.600605964660645,False,0.009514437057077885
3145,196,cat,3,9.38138198852539,16.252582550048828,False,3.0068682463024743e-05
3161,197,cat,3,6.591981887817383,13.778953552246094,False,0.0016443016938865185
3177,198,cat,3,4.4419379234313965,8.964920997619629,False,0.0006833348306827247
3193,199,cat,-1,4.198692321777344,10.881831169128418,False,0.0003437547420617193
3209,200,cat,-1,4.2408905029296875,8.584681510925293,False,0.0007273791125044227
3225,201,cat,5,0.7166649103164673,4.882762432098389,True,0.1909836083650589
3241,202,cat,2,6.522068500518799,11.531231880187988,False,0.0001307633356191218
3257,203,cat,3,2.8287718296051025,9.066790580749512,False,0.03993693366646767
3273,204,cat,4,2.080702066421509,4.407900810241699,False,0.0016712225042283535
3289,205,cat,-1,3.6071670055389404,12.914924621582031,False,0.02579534985125065
3305,206,cat,3,2.7627992630004883,12.301422119140625,False,0.041240353137254715
3321,207,cat,2,4.479842185974121,10.506560325622559,False,0.006077141035348177
3082,192,shuffle,-1,0.003067709505558014,0.0029647517949342728,True,0.6848058700561523
3098,193,shuffle,-1,0.02528529241681099,0.024202439934015274,True,0.26779457926750183
3114,194,shuffle,-1,0.017139948904514313,0.016971923410892487,True,0.2932348847389221
3130,195,shuffle,-1,0.01373653020709753,0.015262056142091751,True,0.6165339946746826
3146,196,shuffle,-1,0.031729284673929214,0.03472224622964859,True,0.602593183517456
3162,197,shuffle,-1,0.03278842195868492,0.03093794733285904,True,0.16714373230934143
3178,198,shuffle,-1,0.080916628241539,0.08925652503967285,True,0.24768321216106415
3194,199,shuffle,-1,0.017464904114603996,0.015605220571160316,True,0.39042750000953674
3210,200,shuffle,-1,0.06308193504810333,0.07000414282083511,False,0.08872360736131668
3226,201,shuffle,-1,0.006970229092985392,0.007301290985196829,False,0.4225773513317108
3242,202,shuffle,-1,0.028328794986009598,0.029873356223106384,True,0.4009060561656952
3258,203,shuffle,-1,0.03430229797959328,0.029056435450911522,True,0.56627357006073
3274,204,shuffle,-1,0.024950172752141953,0.025096174329519272,True,0.10712902992963791
3290,205,shuffle,-1,0.0016205989522859454,0.0015916478587314487,True,0.4698159396648407
3306,206,shuffle,-1,0.008803602308034897,0.00884905643761158,True,0.20627981424331665
3322,207,shuffle,-1,0.018398351967334747,0.021008439362049103,True,0.7742471098899841
3083,192,unrelated,202,7.311317443847656,10.760721206665039,False,0.00011372307926649228
3099,193,unrelated,173,5.539457321166992,7.8785176277160645,False,0.0024097044952213764
3115,194,unrelated,230,8.014123916625977,8.480718612670898,False,1.8005483070737682e-05
3131,195,unrelated,3,8.790891647338867,9.311250686645508,False,3.491479219519533e-05
3147,196,unrelated,33,8.058351516723633,8.972323417663574,False,5.248043453320861e-05
3163,197,unrelated,185,4.6764984130859375,7.371118545532227,False,0.0022953443694859743
3179,198,unrelated,21,3.3705215454101562,5.063147068023682,False,0.01268682349473238
3195,199,unrelated,162,4.202791213989258,7.218780517578125,False,0.000296043319394812
3211,200,unrelated,140,1.0467333793640137,1.1010138988494873,False,0.024365602061152458
3227,201,unrelated,48,9.418027877807617,13.87016487121582,False,4.914401870337315e-05
3243,202,unrelated,232,9.454500198364258,8.176090240478516,False,1.3494849554263055e-05
3259,203,unrelated,12,9.908611297607422,12.803755760192871,False,3.876037681038724e-06
3275,204,unrelated,119,1.8429865837097168,1.4022619724273682,False,0.0016206110594794154
3291,205,unrelated,79,12.28921127319336,12.178997993469238,False,7.855566082071164e-07
3307,206,unrelated,83,5.895927906036377,7.257177352905273,False,0.0007730975048616529
3323,207,unrelated,126,8.22152042388916,11.519566535949707,False,0.00015556633297819644
-1,192,ref_identity,-1,0.0,0.0,True,0.6677237153053284
-1,193,ref_identity,-1,0.0,0.0,True,0.25110355019569397
-1,194,ref_identity,-1,0.0,0.0,True,0.35564497113227844
-1,195,ref_identity,-1,0.0,0.0,True,0.682959794998169
-1,196,ref_identity,-1,0.0,0.0,True,0.7071409821510315
-1,197,ref_identity,-1,0.0,0.0,True,0.13358654081821442
-1,198,ref_identity,-1,0.0,0.0,True,0.2484423965215683
-1,199,ref_identity,-1,0.0,0.0,True,0.33954447507858276
-1,200,ref_identity,-1,0.0,0.0,True,0.10572943836450577
-1,201,ref_identity,-1,0.0,0.0,True,0.4625786244869232
-1,202,ref_identity,-1,0.0,0.0,True,0.4728225767612457
-1,203,ref_identity,-1,0.0,0.0,True,0.5000759959220886
-1,204,ref_identity,-1,0.0,0.0,True,0.14110563695430756
-1,205,ref_identity,-1,0.0,0.0,True,0.46864408254623413
-1,206,ref_identity,-1,0.0,0.0,True,0.2020772248506546
-1,207,ref_identity,-1,0.0,0.0,True,0.8395847082138062
-2,192,ref_mean,-1,1.344298243522644,4.951528549194336,False,0.09038226306438446
-2,193,ref_mean,-1,0.20185339450836182,0.3250572979450226,True,0.2842629551887512
-2,194,ref_mean,-1,0.3698057532310486,0.6596919894218445,False,0.18453414738178253
-2,195,ref_mean,-1,0.8964441418647766,1.9529163837432861,True,0.18533562123775482
-2,196,ref_mean,-1,7.383503437042236,6.9516496658325195,False,8.767772669671103e-05
-2,197,ref_mean,-1,1.5184239149093628,3.36997389793396,False,0.07810771465301514
-2,198,ref_mean,-1,2.1943891048431396,4.396230697631836,False,0.024193862453103065
-2,199,ref_mean,-1,3.5332417488098145,5.4555463790893555,False,0.0003073628759011626
-2,200,ref_mean,-1,1.1988377571105957,2.1281473636627197,False,0.028873445466160774
-2,201,ref_mean,-1,0.11440863460302353,0.274460107088089,False,0.33660849928855896
-2,202,ref_mean,-1,2.936122179031372,5.485079765319824,False,0.02407803013920784
-2,203,ref_mean,-1,1.424595594406128,3.8206088542938232,True,0.3351667523384094
-2,204,ref_mean,-1,1.6300885677337646,1.5141085386276245,False,0.005377092864364386
-2,205,ref_mean,-1,3.9564974308013916,5.9606170654296875,False,0.006531368009746075
-2,206,ref_mean,-1,0.7394894361495972,1.5261858701705933,True,0.11253034323453903
-2,207,ref_mean,-1,1.8582309484481812,3.970350503921509,False,0.10263539105653763
3324,208,orig,-1,0.09097553789615631,0.10894515365362167,True,0.22159723937511444
3340,209,orig,-1,0.00524473050609231,0.005892046261578798,True,0.6867304444313049
3356,210,orig,-1,0.016404666006565094,0.016262207180261612,True,0.3175607919692993
3372,211,orig,-1,1.0083184242248535,2.923741579055786,True,0.26719892024993896
3388,212,orig,-1,0.0389862135052681,0.06340746581554413,True,0.9129456877708435
3404,213,orig,-1,0.0001057079789461568,8.940108818933368e-05,True,0.9979015588760376
3420,214,orig,-1,0.008405725471675396,0.008496256545186043,True,0.789230227470398
3436,215,orig,-1,0.03609829023480415,0.03926415741443634,True,0.38840481638908386
3452,216,orig,-1,0.0057366276159882545,0.005513720214366913,True,0.6858788132667542
3468,217,orig,-1,0.06412426382303238,0.06641647219657898,False,0.29626351594924927
3484,218,orig,-1,0.04865081608295441,0.04586373269557953,True,0.17649076879024506
3500,219,orig,-1,0.021242927759885788,0.018975744023919106,True,0.25608718395233154
3516,220,orig,-1,0.009024183265864849,0.008906404487788677,True,0.18555128574371338
3532,221,orig,-1,0.08388732373714447,0.09493662416934967,True,0.25199416279792786
3548,222,orig,-1,0.0182578694075346,0.018755946308374405,True,0.06498942524194717
3564,223,orig,-1,0.014774028211832047,0.014581255614757538,True,0.37978750467300415
3325,208,contradict,0,0.07303174585103989,0.08512257784605026,True,0.22576263546943665
3341,209,contradict,0,0.004274958278983831,0.005356385372579098,True,0.7087298035621643
3357,210,contradict,0,0.012446291744709015,0.013045031577348709,True,0.33885878324508667
3373,211,contradict,0,0.21420085430145264,0.4916192889213562,True,0.6332302689552307
3389,212,contradict,0,0.05638886243104935,0.0975816398859024,True,0.8946129679679871
3405,213,contradict,0,3.70922643924132e-05,2.9379723855527118e-05,True,0.9973835349082947
3421,214,contradict,0,0.018289854750037193,0.02054789662361145,True,0.7517893314361572
3437,215,contradict,0,0.05038292333483696,0.05710649490356445,True,0.3797036409378052
3453,216,contradict,0,0.00860605575144291,0.007854597643017769,True,0.7056795954704285
3469,217,contradict,0,0.051647305488586426,0.0501883439719677,True,0.320385217666626
3485,218,contradict,0,0.0793919712305069,0.075252003967762,True,0.19851025938987732
3501,219,contradict,0,0.01904365047812462,0.017823869362473488,True,0.2357444316148758
3517,220,contradict,0,0.0403006449341774,0.04234400391578674,False,0.1380278319120407
3533,221,contradict,0,0.07045218348503113,0.07503749430179596,True,0.26564574241638184
3549,222,contradict,0,0.022372594103217125,0.022900642827153206,True,0.06497154384851456
3565,223,contradict,0,0.015761084854602814,0.015554428100585938,True,0.3771534562110901
3326,208,delete,0,0.07481639087200165,0.08681511878967285,True,0.2218305766582489
3342,209,delete,0,0.004163582809269428,0.0047388141974806786,True,0.7109737396240234
3358,210,delete,0,0.016908317804336548,0.016791384667158127,True,0.31659382581710815
3374,211,delete,0,0.777245044708252,2.320524215698242,True,0.3420403003692627
3390,212,delete,0,0.03362330049276352,0.05325426161289215,True,0.9208846688270569
3406,213,delete,0,4.060284481965937e-05,2.9257445930852555e-05,True,0.997406542301178
3422,214,delete,0,0.014656461775302887,0.016552601009607315,True,0.763523280620575
3438,215,delete,0,0.030661914497613907,0.033461809158325195,True,0.419525146484375
3454,216,delete,0,0.005257232580333948,0.00498165050521493,True,0.6930621266365051
3470,217,delete,0,0.06594600528478622,0.0681033730506897,False,0.29645025730133057
3486,218,delete,0,0.08284667879343033,0.0758986622095108,True,0.20218965411186218
3502,219,delete,0,0.020864708349108696,0.01949918270111084,True,0.23717883229255676
3518,220,delete,0,0.025435972958803177,0.026405271142721176,True,0.1520712673664093
3534,221,delete,0,0.08523135632276535,0.08982612192630768,True,0.26904553174972534
3550,222,delete,0,0.01832330785691738,0.01891479827463627,True,0.061038099229335785
3566,223,delete,0,0.024008452892303467,0.024269886314868927,True,0.34638893604278564
3327,208,contradict,1,0.07849393784999847,0.09047935903072357,True,0.24112267792224884
3343,209,contradict,1,0.007241350598633289,0.00866367295384407,True,0.6812794208526611
3359,210,contradict,1,0.01674698293209076,0.016646109521389008,True,0.31711697578430176
3375,211,contradict,1,1.0642536878585815,2.970268726348877,True,0.2491675466299057
3391,212,contradict,1,0.03619425743818283,0.0585455521941185,True,0.9169581532478333
3407,213,contradict,1,6.040442531229928e-05,4.909403287456371e-05,True,0.9976466298103333
3423,214,contradict,1,0.017061427235603333,0.019173434004187584,True,0.7406806945800781
3439,215,contradict,1,0.03955916687846184,0.043051883578300476,True,0.3995973467826843
3455,216,contradict,1,0.005308730527758598,0.005095225293189287,True,0.6910244226455688
3471,217,contradict,1,0.08843621611595154,0.08388523757457733,False,0.28773924708366394
3487,218,contradict,1,0.04598312824964523,0.0437130406498909,True,0.17892740666866302
3503,219,contradict,1,0.020485224202275276,0.01850844733417034,True,0.2592145502567291
3519,220,contradict,1,0.009967483580112457,0.009847345761954784,True,0.19342780113220215
3535,221,contradict,1,0.08686129748821259,0.09477010369300842,True,0.24156872928142548
3551,222,contradict,1,0.0182119719684124,0.018533578142523766,True,0.06808125227689743
3567,223,contradict,1,0.01567487046122551,0.015109077095985413,True,0.3945865035057068
3328,208,delete,1,0.09360642731189728,0.1121881753206253,True,0.21989592909812927
3344,209,delete,1,0.005405920557677746,0.006108972709625959,True,0.6864801049232483
3360,210,delete,1,0.01693224161863327,0.01719159632921219,True,0.3257523775100708
3376,211,delete,1,0.7953608632087708,2.1713600158691406,True,0.32888248562812805
3392,212,delete,1,0.04659739136695862,0.07812834531068802,True,0.9042942523956299
3408,213,delete,1,7.404549251077697e-05,6.045095142326318e-05,True,0.9976580142974854
3424,214,delete,1,0.010921049863100052,0.011921945959329605,True,0.7651572227478027
3440,215,delete,1,0.034446097910404205,0.037444017827510834,True,0.3896242678165436
3456,216,delete,1,0.004736843518912792,0.004599181469529867,True,0.6753062009811401
3472,217,delete,1,0.07761235535144806,0.07645396888256073,False,0.28848904371261597
3488,218,delete,1,0.0491316094994545,0.046958282589912415,True,0.17929907143115997
3504,219,delete,1,0.0306079238653183,0.026752229779958725,True,0.25446170568466187
3520,220,delete,1,0.013074620626866817,0.013314059935510159,True,0.18197456002235413
3536,221,delete,1,0.10353686660528183,0.11343111097812653,True,0.22823229432106018
3552,222,delete,1,0.018631402403116226,0.019029051065444946,True,0.06764332950115204
3568,223,delete,1,0.01535014808177948,0.015150025486946106,True,0.37724465131759644
3329,208,contradict,2,0.09084805846214294,0.10767945647239685,True,0.22140808403491974
3345,209,contradict,2,0.008865006268024445,0.01070917584002018,True,0.6813048720359802
3361,210,contradict,2,0.016963519155979156,0.01726263388991356,True,0.32613590359687805
3377,211,contradict,2,0.688506543636322,1.90047025680542,True,0.3687003254890442
3393,212,contradict,2,0.057400159537792206,0.10032248497009277,True,0.8952521085739136
3409,213,contradict,2,5.91337084188126e-05,5.1988183258799836e-05,True,0.9970884919166565
3425,214,contradict,2,0.013556726276874542,0.014846723526716232,True,0.7607470750808716
3441,215,contradict,2,0.03598994016647339,0.039052799344062805,True,0.38483375310897827
3457,216,contradict,2,3.538560628890991,5.710248947143555,False,0.01737128756940365
3473,217,contradict,2,0.21221564710140228,0.2381283938884735,False,0.20155775547027588
3489,218,contradict,2,0.05100931599736214,0.04846206679940224,True,0.18109849095344543
3505,219,contradict,2,0.02027631737291813,0.018514707684516907,True,0.2638065814971924
3521,220,contradict,2,0.5146138072013855,1.292494297027588,False,0.09274203330278397
3537,221,contradict,2,0.06473367661237717,0.06730778515338898,True,0.26162827014923096
3553,222,contradict,2,2.673567295074463,7.231408596038818,False,0.0038709789514541626
3569,223,contradict,2,0.04509498551487923,0.05425955355167389,True,0.37496575713157654
3330,208,delete,2,0.09269257634878159,0.11048444360494614,True,0.22344480454921722
3346,209,delete,2,0.005553355440497398,0.006326081231236458,True,0.6876481175422668
3362,210,delete,2,0.01629272848367691,0.01614852249622345,True,0.3178032338619232
3378,211,delete,2,1.1034760475158691,3.1799707412719727,True,0.24265168607234955
3394,212,delete,2,0.045610882341861725,0.07651232182979584,True,0.9046953916549683
3410,213,delete,2,5.874594353372231e-05,5.447265357361175e-05,True,0.9970397353172302
3426,214,delete,2,0.013107407838106155,0.014633634127676487,True,0.7588173747062683
3442,215,delete,2,0.03539210557937622,0.038588788360357285,True,0.3892131745815277
3458,216,delete,2,11.137078285217285,2.9764561653137207,False,1.174812140902759e-07
3474,217,delete,2,0.0692528709769249,0.06589919328689575,False,0.28412070870399475
3490,218,delete,2,0.04824725538492203,0.04622360318899155,True,0.18056166172027588
3506,219,delete,2,0.01992185227572918,0.017945874482393265,True,0.258777379989624
3522,220,delete,2,0.02072521671652794,0.021574050188064575,False,0.16070342063903809
3538,221,delete,2,0.08362341672182083,0.09375128895044327,True,0.2495444118976593
3554,222,delete,2,0.026054635643959045,0.026735367253422737,True,0.06946980953216553
3570,223,delete,2,0.026971563696861267,0.02817581593990326,True,0.34359732270240784
3331,208,contradict,3,0.09827470779418945,0.1179872676730156,True,0.22040507197380066
3347,209,contradict,3,0.004512874409556389,0.0053487131372094154,True,0.7071169018745422
3363,210,contradict,3,0.016430437564849854,0.016290273517370224,True,0.317527711391449
3379,211,contradict,3,0.38648536801338196,0.9021720290184021,True,0.5090057253837585
3395,212,contradict,3,0.06946158409118652,0.12451042234897614,True,0.8800140619277954
3411,213,contradict,3,0.0036239835899323225,0.005568881053477526,True,0.9906993508338928
3427,214,contradict,3,0.012061161920428276,0.012900250032544136,True,0.7668296098709106
3443,215,contradict,3,0.0341971293091774,0.0370996929705143,True,0.38968539237976074
3459,216,contradict,3,0.005563677288591862,0.00542036397382617,True,0.685504674911499
3475,217,contradict,3,0.09922663867473602,0.11129765212535858,True,0.3103349208831787
3491,218,contradict,3,0.08059404045343399,0.0758129432797432,True,0.19357359409332275
3507,219,contradict,3,0.021763958036899567,0.019462978467345238,True,0.2599140703678131
3523,220,contradict,3,0.01483970321714878,0.015189116820693016,True,0.18102650344371796
3539,221,contradict,3,0.09692126512527466,0.11071384698152542,True,0.23416250944137573
3555,222,contradict,3,0.015001832507550716,0.015308007597923279,True,0.06898149102926254
3571,223,contradict,3,0.021822042763233185,0.021927043795585632,True,0.350161612033844
3332,208,delete,3,0.08832873404026031,0.10581028461456299,True,0.22108079493045807
3348,209,delete,3,0.0057813734747469425,0.006545152515172958,True,0.6849623918533325
3364,210,delete,3,0.016287319362163544,0.016142599284648895,True,0.3177611827850342
3380,211,delete,3,0.6002945899963379,1.6518200635910034,True,0.4068542420864105
3396,212,delete,3,0.03234989568591118,0.05119815841317177,True,0.9227595925331116
3412,213,delete,3,6.450399087043479e-05,4.7845049266470596e-05,True,0.9976931214332581
3428,214,delete,3,0.011709406971931458,0.012657498009502888,True,0.7697960138320923
3444,215,delete,3,0.035584136843681335,0.03866320103406906,True,0.38776060938835144
3460,216,delete,3,0.005584889091551304,0.0054185702465474606,True,0.6883100271224976
3476,217,delete,3,0.07293599843978882,0.07418141514062881,False,0.3025200664997101
3492,218,delete,3,0.08884117007255554,0.08528027683496475,True,0.22292408347129822
3508,219,delete,3,0.02290436252951622,0.020453883334994316,True,0.25991663336753845
3524,220,delete,3,0.010941602289676666,0.01101764664053917,True,0.18361246585845947
3540,221,delete,3,0.08461908996105194,0.09063348174095154,True,0.23406751453876495
3556,222,delete,3,0.016419893130660057,0.016790881752967834,True,0.06759846210479736
3572,223,delete,3,0.014244060963392258,0.014004338532686234,True,0.38032349944114685
3333,208,paraphrase,-1,0.09059306979179382,0.1085040271282196,True,0.22145451605319977
3349,209,paraphrase,-1,0.0053271823562681675,0.005984812043607235,True,0.6867122054100037
3365,210,paraphrase,-1,0.01666143536567688,0.016549386084079742,True,0.3172886371612549
3381,211,paraphrase,-1,0.9977568984031677,2.8858909606933594,True,0.2688693106174469
3397,212,paraphrase,-1,0.03083580546081066,0.048337481915950775,True,0.9238905310630798
3413,213,paraphrase,-1,5.969319317955524e-05,4.840956535190344e-05,True,0.9976443648338318
3429,214,paraphrase,-1,0.011501658707857132,0.012520253658294678,True,0.7700801491737366
3445,215,paraphrase,-1,0.035766612738370895,0.038991544395685196,True,0.3888113498687744
3461,216,paraphrase,-1,0.005708102136850357,0.00545473862439394,True,0.6867245435714722
3477,217,paraphrase,-1,0.06477301567792892,0.06724587827920914,False,0.2970620393753052
3493,218,paraphrase,-1,0.04105124995112419,0.03901820257306099,True,0.16097846627235413
3509,219,paraphrase,-1,0.018608862534165382,0.016830360516905785,True,0.25576186180114746
3525,220,paraphrase,-1,0.013047371059656143,0.012959428131580353,True,0.16567496955394745
3541,221,paraphrase,-1,0.07347947359085083,0.07896829396486282,True,0.2538871765136719
3557,222,paraphrase,-1,0.019097227603197098,0.019485583528876305,True,0.06898239254951477
3573,223,paraphrase,-1,0.014293953776359558,0.01407860592007637,True,0.38050663471221924
3334,208,translate,-1,0.08120239526033401,0.09572701156139374,True,0.22624796628952026
3350,209,translate,-1,0.006289798766374588,0.007039202842861414,True,0.6860286593437195
3366,210,translate,-1,0.017194852232933044,0.017933454364538193,True,0.3238932192325592
3382,211,translate,-1,0.9456127285957336,2.730442523956299,True,0.28425416350364685
3398,212,translate,-1,0.05171748995780945,0.08953694999217987,True,0.8987370729446411
3414,213,translate,-1,0.0002276131126563996,0.0002500198024790734,True,0.9963144659996033
3430,214,translate,-1,0.010462047532200813,0.010732779279351234,True,0.7829709053039551
3446,215,translate,-1,0.03935918211936951,0.04353618621826172,True,0.3979528844356537
3462,216,translate,-1,0.007357546128332615,0.00711003877222538,True,0.6911593675613403
3478,217,translate,-1,0.07966064661741257,0.08408944308757782,False,0.2954338490962982
3494,218,translate,-1,0.039356529712677,0.037639107555150986,True,0.16073067486286163
3510,219,translate,-1,0.017963014543056488,0.016494568437337875,True,0.25701332092285156
3526,220,translate,-1,0.014179439283907413,0.014175639487802982,True,0.17100872099399567
3542,221,translate,-1,0.10224705934524536,0.11027165502309799,True,0.22250433266162872
3558,222,translate,-1,0.018578186631202698,0.019001057371497154,True,0.06428121775388718
3574,223,translate,-1,0.0364474281668663,0.036517322063446045,True,0.33733052015304565
3335,208,polarity,-1,0.08897388726472855,0.10649813711643219,True,0.22186540067195892
3351,209,polarity,-1,0.005426296964287758,0.006074386648833752,True,0.6857401132583618
3367,210,polarity,-1,0.016676805913448334,0.016566704958677292,True,0.31726405024528503
3383,211,polarity,-1,1.1227467060089111,3.161137342453003,True,0.23538024723529816
3399,212,polarity,-1,0.04475286975502968,0.07474842667579651,True,0.9062268137931824
3415,213,polarity,-1,6.214663153514266e-05,5.010105815017596e-05,True,0.9976715445518494
3431,214,polarity,-1,0.011321252211928368,0.01272757537662983,True,0.7665271759033203
3447,215,polarity,-1,0.04658352583646774,0.05146929994225502,True,0.3657788634300232
3463,216,polarity,-1,0.006089308299124241,0.005888160318136215,True,0.6852644681930542
3479,217,polarity,-1,0.0713668018579483,0.07206682860851288,False,0.29915064573287964
3495,218,polarity,-1,0.048898838460445404,0.04684041813015938,True,0.18165414035320282
3511,219,polarity,-1,0.021234668791294098,0.018893396481871605,True,0.2569507658481598
3527,220,polarity,-1,0.00914758536964655,0.009005090221762657,True,0.18322443962097168
3543,221,polarity,-1,0.09871506690979004,0.10969802737236023,True,0.22921521961688995
3559,222,polarity,-1,0.01914653182029724,0.01970471255481243,True,0.06492011994123459
3575,223,polarity,-1,0.015568722039461136,0.015367988497018814,True,0.37752118706703186
3336,208,vocab,-1,0.09080851078033447,0.10906462371349335,True,0.22258822619915009
3352,209,vocab,-1,0.0047786603681743145,0.0053382436744868755,True,0.6886618137359619
3368,210,vocab,-1,0.01639939844608307,0.016376644372940063,True,0.3188515305519104
3384,211,vocab,-1,1.0735505819320679,3.017298936843872,True,0.24693025648593903
3400,212,vocab,-1,0.052292950451374054,0.08914417773485184,True,0.8967869281768799
3416,213,vocab,-1,4.258889384800568e-05,3.2616746466374025e-05,True,0.9973857998847961
3432,214,vocab,-1,0.01147378422319889,0.012515757232904434,True,0.7695132493972778
3448,215,vocab,-1,0.034041859209537506,0.03684547543525696,True,0.39082685112953186
3464,216,vocab,-1,0.00624936493113637,0.006199450232088566,True,0.685787558555603
3480,217,vocab,-1,0.06277956068515778,0.06583762168884277,False,0.2973390519618988
3496,218,vocab,-1,0.03424595668911934,0.03292582184076309,True,0.15375958383083344
3512,219,vocab,-1,0.028655216097831726,0.025474874302744865,True,0.2545320391654968
3528,220,vocab,-1,0.009607166983187199,0.009590540081262589,True,0.18995948135852814
3544,221,vocab,-1,0.08323799073696136,0.09127341955900192,True,0.23923945426940918
3560,222,vocab,-1,0.018560994416475296,0.01906716823577881,True,0.06523790210485458
3576,223,vocab,-1,0.019123606383800507,0.01830403134226799,True,0.38246166706085205
3337,208,cat,4,7.8463029861450195,16.1838321685791,False,6.556020525749773e-05
3353,209,cat,2,0.7276239991188049,4.526684284210205,True,0.38465723395347595
3369,210,cat,-1,2.7162623405456543,9.365808486938477,False,0.03925124183297157
3385,211,cat,4,4.372800350189209,9.86260986328125,False,0.007328386884182692
3401,212,cat,-1,7.146725177764893,11.2798490524292,False,0.000654923147521913
3417,213,cat,-1,5.87048864364624,13.657519340515137,False,0.0027601339388638735
3433,214,cat,2,1.3289393186569214,7.253666400909424,True,0.21642754971981049
3449,215,cat,-1,1.7608977556228638,2.5012617111206055,True,0.5080774426460266
3465,216,cat,2,2.162280559539795,7.378287315368652,True,0.06913112103939056
3481,217,cat,3,8.987571716308594,15.581131935119629,False,8.991861250251532e-05
3497,218,cat,-1,4.760398864746094,9.909741401672363,False,5.575633986154571e-05
3513,219,cat,-1,10.239557266235352,19.480846405029297,False,1.5117816474230494e-06
3529,220,cat,-1,5.660676002502441,7.5131049156188965,False,0.00017642286547925323
3545,221,cat,3,1.852243423461914,5.971651554107666,False,0.0710238441824913
3561,222,cat,-1,4.908149242401123,9.891161918640137,False,0.015423307195305824
3577,223,cat,4,6.094862461090088,6.404294490814209,False,6.259397196117789e-05
3338,208,shuffle,-1,0.0763765424489975,0.08916909992694855,True,0.23419693112373352
3354,209,shuffle,-1,0.005715625826269388,0.006405106745660305,True,0.6863636374473572
3370,210,shuffle,-1,0.012773841619491577,0.013262420892715454,True,0.3377331495285034
3386,211,shuffle,-1,0.8691110610961914,2.4456541538238525,True,0.30532222986221313
3402,212,shuffle,-1,0.05364712327718735,0.09246718883514404,True,0.8993185758590698
3418,213,shuffle,-1,0.00012232792505528778,0.00011852859461214393,True,0.9967530369758606
3434,214,shuffle,-1,0.018951673060655594,0.02092951536178589,True,0.7545804381370544
3450,215,shuffle,-1,0.02230830304324627,0.02370404079556465,True,0.41821467876434326
3466,216,shuffle,-1,0.006952083669602871,0.006567530799657106,True,0.6869164109230042
3482,217,shuffle,-1,0.04556748643517494,0.03826204687356949,True,0.3621009588241577
3498,218,shuffle,-1,0.06214086711406708,0.05944053828716278,True,0.1935092955827713
3514,219,shuffle,-1,0.020848527550697327,0.018799446523189545,True,0.25575336813926697
3530,220,shuffle,-1,0.013644302263855934,0.01377132348716259,True,0.1621965765953064
3546,221,shuffle,-1,0.10498102009296417,0.11720612645149231,True,0.23718151450157166
3562,222,shuffle,-1,0.021799322217702866,0.022514337673783302,True,0.06692683696746826
3578,223,shuffle,-1,0.01359570026397705,0.012955838814377785,True,0.43258336186408997
3339,208,unrelated,9,4.574761390686035,9.002058982849121,False,0.0012060271110385656
3355,209,unrelated,248,13.174951553344727,9.66797161102295,False,7.180746592894138e-07
3371,210,unrelated,193,5.458571434020996,10.607728004455566,False,0.004553856328129768
3387,211,unrelated,154,7.978703498840332,6.272212505340576,False,0.00016179641534108669
3403,212,unrelated,143,11.419729232788086,8.251373291015625,False,8.580989742767997e-06
3419,213,unrelated,124,10.762880325317383,15.330085754394531,False,2.0758978280355223e-05
3435,214,unrelated,135,7.28201150894165,10.827801704406738,False,0.0005701578338630497
3451,215,unrelated,220,2.1906728744506836,2.6114907264709473,False,0.024817166849970818
3467,216,unrelated,243,7.463222503662109,6.147658348083496,False,0.000300154642900452
3483,217,unrelated,228,9.271944999694824,5.420042991638184,False,1.2477803466026671e-05
3499,218,unrelated,66,9.808577537536621,9.166112899780273,False,1.4794359515235556e-07
3515,219,unrelated,16,4.058249473571777,8.14577579498291,False,0.009370244108140469
3531,220,unrelated,239,5.703919410705566,4.741186618804932,False,2.3273687475011684e-05
3547,221,unrelated,42,7.439633369445801,7.08803653717041,False,9.764139394974336e-05
3563,222,unrelated,11,7.202023983001709,13.623407363891602,False,0.00010159471275983378
3579,223,unrelated,237,7.332170009613037,6.469576835632324,False,1.713763595034834e-05
-1,208,ref_identity,-1,0.0,0.0,True,0.29848623275756836
-1,209,ref_identity,-1,0.0,0.0,True,0.7169374227523804
-1,210,ref_identity,-1,0.0,0.0,True,0.3970203995704651
-1,211,ref_identity,-1,0.0,0.0,True,0.8651003241539001
-1,212,ref_identity,-1,0.0,0.0,True,0.9755370616912842
-1,213,ref_identity,-1,0.0,0.0,True,0.9973692893981934
-1,214,ref_identity,-1,0.0,0.0,True,0.7992588877677917
-1,215,ref_identity,-1,0.0,0.0,True,0.4658275246620178
-1,216,ref_identity,-1,0.0,0.0,True,0.685372531414032
-1,217,ref_identity,-1,0.0,0.0,True,0.3322189450263977
-1,218,ref_identity,-1,0.0,0.0,True,0.12770935893058777
-1,219,ref_identity,-1,0.0,0.0,True,0.22790315747261047
-1,220,ref_identity,-1,0.0,0.0,True,0.2030123621225357
-1,221,ref_identity,-1,0.0,0.0,True,0.2902820408344269
-1,222,ref_identity,-1,0.0,0.0,True,0.0683969110250473
-1,223,ref_identity,-1,0.0,0.0,True,0.4197749197483063
-2,208,ref_mean,-1,1.8205381631851196,2.8316972255706787,False,0.02145298384130001
-2,209,ref_mean,-1,4.238265514373779,8.364579200744629,False,0.011961814016103745
-2,210,ref_mean,-1,1.9703623056411743,6.59959602355957,False,0.018531229346990585
-2,211,ref_mean,-1,6.616803169250488,4.516772747039795,False,0.0004995554918423295
-2,212,ref_mean,-1,6.553769588470459,7.259407043457031,False,0.0011635672999545932
-2,213,ref_mean,-1,5.642306804656982,13.942671775817871,False,0.003484440967440605
-2,214,ref_mean,-1,0.35487252473831177,0.8519867658615112,True,0.4612395465373993
-2,215,ref_mean,-1,3.358010768890381,7.500743865966797,False,0.029581516981124878
-2,216,ref_mean,-1,0.2742574214935303,0.7836471199989319,True,0.5552414655685425
-2,217,ref_mean,-1,1.2913835048675537,1.919106125831604,False,0.07776422053575516
-2,218,ref_mean,-1,2.9271106719970703,5.56269645690918,False,0.0018556490540504456
-2,219,ref_mean,-1,0.7327775955200195,1.5108059644699097,False,0.1457255780696869
-2,220,ref_mean,-1,5.229499816894531,4.571820259094238,False,8.562348375562578e-05
-2,221,ref_mean,-1,1.6197879314422607,1.369969367980957,True,0.25350478291511536
-2,222,ref_mean,-1,3.192999839782715,6.755092620849609,False,0.002220497466623783
-2,223,ref_mean,-1,4.925182342529297,5.141997337341309,False,9.540409519104287e-05
3580,224,orig,-1,0.00395859545096755,0.0037139609921723604,True,0.8711521625518799
3596,225,orig,-1,0.019915785640478134,0.02191169559955597,True,0.6081250905990601
3612,226,orig,-1,0.14814843237400055,0.22387829422950745,True,0.7424516677856445
3628,227,orig,-1,0.051692746579647064,0.03696348890662193,True,0.9162073731422424
3644,228,orig,-1,0.1469331681728363,0.12413420528173447,False,0.17716185748577118
3660,229,orig,-1,0.03983515873551369,0.04320015013217926,True,0.3373589515686035
3676,230,orig,-1,0.05775073543190956,0.036191295832395554,False,0.36545392870903015
3692,231,orig,-1,0.10782891511917114,0.09647886455059052,True,0.5178040862083435
3708,232,orig,-1,0.029699675738811493,0.03222823888063431,True,0.4047025442123413
3724,233,orig,-1,0.0013371423119679093,0.0015117519069463015,True,0.9781914353370667
3740,234,orig,-1,0.0004997993819415569,0.0006120298057794571,True,0.7916365265846252
3756,235,orig,-1,0.061356961727142334,0.06880737841129303,False,0.1328658014535904
3772,236,orig,-1,0.007831715978682041,0.008956314995884895,True,0.5864269733428955
3788,237,orig,-1,0.02340053953230381,0.0252824779599905,True,0.2557007670402527
3804,238,orig,-1,0.04091879725456238,0.03686591610312462,True,0.4038568437099457
3820,239,orig,-1,0.01306622102856636,0.012939464300870895,True,0.47671088576316833
3581,224,contradict,0,0.001515664509497583,0.0014413652243092656,True,0.8587268590927124
3597,225,contradict,0,0.02111504226922989,0.023870650678873062,True,0.6162551641464233
3613,226,contradict,0,0.06776008009910583,0.09587882459163666,True,0.7997872829437256
3629,227,contradict,0,0.05018771067261696,0.03612922877073288,True,0.9167155027389526
3645,228,contradict,0,0.1286182403564453,0.11202675849199295,False,0.1763056516647339
3661,229,contradict,0,0.06688521802425385,0.07673078775405884,True,0.31299421191215515
3677,230,contradict,0,0.05749880522489548,0.035432975739240646,False,0.3658117353916168
3693,231,contradict,0,0.11824499070644379,0.10539747774600983,True,0.5221643447875977
3709,232,contradict,0,0.03057568520307541,0.032952629029750824,True,0.40099549293518066
3725,233,contradict,0,0.0022177163045853376,0.0026468122377991676,True,0.9756780862808228
3741,234,contradict,0,0.0006177172181196511,0.0007518668426200747,True,0.7914384603500366
3757,235,contradict,0,0.04955153539776802,0.05178181827068329,False,0.13529936969280243
3773,236,contradict,0,0.009557020850479603,0.011359036900103092,True,0.554329514503479
3789,237,contradict,0,0.024816658347845078,0.027590887621045113,True,0.2412034273147583
3805,238,contradict,0,0.04887685924768448,0.04494897276163101,True,0.3912706673145294
3821,239,contradict,0,0.015912355855107307,0.015714814886450768,True,0.47661444544792175
3582,224,delete,0,0.004013070836663246,0.003764323890209198,True,0.8714184761047363
3598,225,delete,0,0.016153419390320778,0.017402566969394684,True,0.6280855536460876
3614,226,delete,0,0.12662187218666077,0.1857174038887024,True,0.7629538774490356
3630,227,delete,0,0.06730356812477112,0.04696742817759514,True,0.9278052449226379
3646,228,delete,0,0.1411089301109314,0.12073931097984314,False,0.18182148039340973
3662,229,delete,0,0.04098605737090111,0.0464162640273571,True,0.3443790078163147
3678,230,delete,0,0.05729879438877106,0.035867463797330856,False,0.3652428388595581
3694,231,delete,0,0.12590442597866058,0.11337380856275558,True,0.5394976139068604
3710,232,delete,0,0.028197575360536575,0.03056364133954048,True,0.4063400328159332
3726,233,delete,0,0.0014166991459205747,0.0016564232064411044,True,0.9775575399398804
3742,234,delete,0,0.00027325667906552553,0.00032275848207063973,True,0.7924797534942627
3758,235,delete,0,0.05998712033033371,0.06510370224714279,False,0.1338893324136734
3774,236,delete,0,0.008979951031506062,0.010677746497094631,True,0.5759119987487793
3790,237,delete,0,0.024339526891708374,0.026163876056671143,True,0.2540378272533417
3806,238,delete,0,0.05723189935088158,0.05398811772465706,True,0.3977571725845337
3822,239,delete,0,0.017025763168931007,0.01627403125166893,True,0.484973669052124
3583,224,contradict,1,0.0021919843275099993,0.002024243352934718,True,0.8607692718505859
3599,225,contradict,1,0.021725839003920555,0.02397480234503746,True,0.615164577960968
3615,226,contradict,1,0.14180554449558258,0.2181694209575653,True,0.7405634522438049
3631,227,contradict,1,0.0609004944562912,0.044257618486881256,True,0.927469789981842
3647,228,contradict,1,0.1612071543931961,0.13671691715717316,False,0.16698408126831055
3663,229,contradict,1,0.038657307624816895,0.04152625426650047,True,0.3323344886302948
3679,230,contradict,1,0.057913750410079956,0.03636445477604866,False,0.3653043210506439
3695,231,contradict,1,0.09035374224185944,0.07984551042318344,True,0.49392616748809814
3711,232,contradict,1,0.020636631175875664,0.02254077047109604,True,0.43648427724838257
3727,233,contradict,1,0.0007792318356223404,0.0008684027125127614,True,0.9802006483078003
3743,234,contradict,1,0.00048674712888896465,0.000589500239584595,True,0.791749894618988
3759,235,contradict,1,0.03378942608833313,0.036297380924224854,False,0.13384072482585907
3775,236,contradict,1,0.008767806924879551,0.010079621337354183,True,0.5663732886314392
3791,237,contradict,1,0.021243982017040253,0.023085234686732292,True,0.2604006826877594
3807,238,contradict,1,0.04062676429748535,0.03648816794157028,True,0.4041430652141571
3823,239,contradict,1,0.02124951407313347,0.023201461881399155,True,0.4179598093032837
3584,224,delete,1,0.00458495132625103,0.004261694848537445,True,0.8728669881820679
3600,225,delete,1,0.019764244556427002,0.021833229809999466,True,0.6216094493865967
3616,226,delete,1,0.1381535530090332,0.21550223231315613,True,0.7361975908279419
3632,227,delete,1,0.06291764974594116,0.0440712571144104,True,0.9254900217056274
3648,228,delete,1,0.15998099744319916,0.13696882128715515,False,0.1722526103258133
3664,229,delete,1,0.04877174273133278,0.05402155965566635,True,0.3213805556297302
3680,230,delete,1,0.05826031416654587,0.03662366420030594,False,0.36519867181777954
3696,231,delete,1,0.11556096374988556,0.10510663688182831,True,0.5282559394836426
3712,232,delete,1,0.025729089975357056,0.02889384515583515,True,0.4192349314689636
3728,233,delete,1,0.0013044881634414196,0.001471355208195746,True,0.9782122373580933
3744,234,delete,1,0.0021176559384912252,0.002354051684960723,True,0.7701996564865112
3760,235,delete,1,0.04854482412338257,0.05384502559900284,False,0.1375146061182022
3776,236,delete,1,0.0069751557894051075,0.008081968873739243,True,0.5821754336357117
3792,237,delete,1,0.023099422454833984,0.024655204266309738,True,0.25477123260498047
3808,238,delete,1,0.04261723533272743,0.03875606879591942,True,0.40127769112586975
3824,239,delete,1,0.013829648494720459,0.014728531241416931,True,0.4552977979183197
3585,224,contradict,2,0.00540119456127286,0.004935428965836763,True,0.8743520379066467
3601,225,contradict,2,0.013850269839167595,0.014336246997117996,True,0.6336894035339355
3617,226,contradict,2,0.19283904135227203,0.3137971758842468,True,0.6888885498046875
3633,227,contradict,2,0.061934348195791245,0.041371557861566544,True,0.91997891664505
3649,228,contradict,2,6.943399429321289,13.45433521270752,False,5.515718294191174e-05
3665,229,contradict,2,0.03569589927792549,0.03805844113230705,True,0.3339265286922455
3681,230,contradict,2,2.9673988819122314,10.508066177368164,False,0.006377851590514183
3697,231,contradict,2,2.9550678730010986,7.11857795715332,False,0.01600888930261135
3713,232,contradict,2,0.009334472008049488,0.009577826596796513,True,0.501919686794281
3729,233,contradict,2,12.415448188781738,7.727992057800293,False,3.6751871448359452e-06
3745,234,contradict,2,0.001471816678531468,0.0014825589023530483,True,0.8119179010391235
3761,235,contradict,2,8.736933708190918,7.5972747802734375,False,6.505897545139305e-06
3777,236,contradict,2,0.007285488769412041,0.008306889794766903,True,0.5827293395996094
3793,237,contradict,2,0.029882412403821945,0.03215861693024635,True,0.2525135278701782
3809,238,contradict,2,0.04628715291619301,0.04025823622941971,True,0.4194074273109436
3825,239,contradict,2,0.013869546353816986,0.013048669323325157,True,0.5057417154312134
3586,224,delete,2,0.004581720568239689,0.004266238771378994,True,0.8727177381515503
3602,225,delete,2,0.015132223255932331,0.01565724052488804,True,0.6429933309555054
3618,226,delete,2,0.14288847148418427,0.21963481605052948,True,0.7393839359283447
3634,227,delete,2,0.057083070278167725,0.04031353443861008,True,0.9209179878234863
3650,228,delete,2,0.24172593653202057,0.2091442346572876,False,0.144903302192688
3666,229,delete,2,0.037104442715644836,0.040187910199165344,True,0.33728983998298645
3682,230,delete,2,0.4706055223941803,2.890040874481201,False,0.1486334204673767
3698,231,delete,2,0.13277491927146912,0.11725655198097229,True,0.5289620757102966
3714,232,delete,2,0.034370116889476776,0.0368855781853199,True,0.40031707286834717
3730,233,delete,2,12.29430103302002,7.724755764007568,False,4.156398972554598e-06
3746,234,delete,2,0.00033895878004841506,0.0004105261468794197,True,0.7923192977905273
3762,235,delete,2,0.041428208351135254,0.044552311301231384,True,0.14302703738212585
3778,236,delete,2,0.007311695255339146,0.00845811702311039,True,0.585704505443573
3794,237,delete,2,0.016954660415649414,0.018671710044145584,True,0.2502555549144745
3810,238,delete,2,0.04598468542098999,0.04350907728075981,True,0.3913045823574066
3826,239,delete,2,0.009688638150691986,0.009723622351884842,True,0.46574294567108154
3587,224,contradict,3,0.004580326844006777,0.00426167156547308,True,0.8729828000068665
3603,225,contradict,3,0.015804359689354897,0.017256367951631546,True,0.6283763647079468
3619,226,contradict,3,0.1470249891281128,0.22230422496795654,True,0.7434080243110657
3635,227,contradict,3,0.043294526636600494,0.032202377915382385,True,0.9102632999420166
3651,228,contradict,3,0.16445927321910858,0.1341955065727234,False,0.17832306027412415
3667,229,contradict,3,0.034402891993522644,0.036798249930143356,True,0.34095314145088196
3683,230,contradict,3,0.05809956043958664,0.03663882613182068,False,0.36520668864250183
3699,231,contradict,3,0.09919948875904083,0.09078802168369293,True,0.5139756202697754
3715,232,contradict,3,0.032988473773002625,0.03670531138777733,True,0.4010021984577179
3731,233,contradict,3,0.0013473082799464464,0.001445876550860703,True,0.9779425263404846
3747,234,contradict,3,0.0017656279960647225,0.0019003150518983603,True,0.7709745168685913
3763,235,contradict,3,0.07579340785741806,0.0876961350440979,False,0.11683813482522964
3779,236,contradict,3,0.00806109793484211,0.009207074530422688,True,0.5853144526481628
3795,237,contradict,3,0.021059859544038773,0.02290538139641285,True,0.2604999542236328
3811,238,contradict,3,0.044175077229738235,0.04083801060914993,True,0.38720595836639404
3827,239,contradict,3,0.011882627382874489,0.011546903289854527,True,0.48321011662483215
3588,224,delete,3,0.0015308912843465805,0.0014547491446137428,True,0.8589311838150024
3604,225,delete,3,0.01799510419368744,0.019562184810638428,True,0.6229041218757629
3620,226,delete,3,0.19421620666980743,0.3126431703567505,True,0.6946650743484497
3636,227,delete,3,0.061324432492256165,0.044317714869976044,True,0.9262716770172119
3652,228,delete,3,0.16290079057216644,0.13743358850479126,False,0.16536107659339905
3668,229,delete,3,0.050201937556266785,0.056320417672395706,True,0.32269230484962463
3684,230,delete,3,0.05729375407099724,0.036051951348781586,False,0.36543071269989014
3700,231,delete,3,0.10515011847019196,0.09450100362300873,True,0.5150268077850342
3716,232,delete,3,0.019342754036188126,0.020865488797426224,True,0.42753365635871887
3732,233,delete,3,0.001392304664477706,0.0015801772242411971,True,0.9779004454612732
3748,234,delete,3,0.0005670939572155476,0.0007029782282188535,True,0.7914716601371765
3764,235,delete,3,0.0677046850323677,0.07651334255933762,False,0.12075391411781311
3780,236,delete,3,0.007943645119667053,0.008981989696621895,True,0.5785411596298218
3796,237,delete,3,0.024788230657577515,0.02670918218791485,True,0.2537769079208374
3812,238,delete,3,0.04009005054831505,0.037178657948970795,True,0.3938800096511841
3828,239,delete,3,0.011845104396343231,0.011531226336956024,True,0.4846857786178589
3589,224,paraphrase,-1,0.0011446590069681406,0.001102354726754129,True,0.8570277094841003
3605,225,paraphrase,-1,0.016289489343762398,0.017814908176660538,True,0.6271204352378845
3621,226,paraphrase,-1,0.1381596326828003,0.21543152630329132,True,0.7359316349029541
3637,227,paraphrase,-1,0.047724004834890366,0.034112367779016495,True,0.9131500124931335
3653,228,paraphrase,-1,0.1585564911365509,0.13111980259418488,False,0.18296881020069122
3669,229,paraphrase,-1,0.04086168482899666,0.044730037450790405,True,0.3394326865673065
3685,230,paraphrase,-1,0.05655989050865173,0.03553077578544617,False,0.36506199836730957
3701,231,paraphrase,-1,0.10918246954679489,0.09745551645755768,True,0.518822968006134
3717,232,paraphrase,-1,0.030240699648857117,0.032755400985479355,True,0.404021292924881
3733,233,paraphrase,-1,0.0013085342943668365,0.001464093686081469,True,0.9780626893043518
3749,234,paraphrase,-1,0.00029245606856420636,0.000350101210642606,True,0.7923811674118042
3765,235,paraphrase,-1,0.06467168778181076,0.0708468109369278,False,0.1300838440656662
3781,236,paraphrase,-1,0.01012765895575285,0.01112211961299181,True,0.5920129418373108
3797,237,paraphrase,-1,0.017496258020401,0.01923258602619171,True,0.24972325563430786
3813,238,paraphrase,-1,0.04515031725168228,0.041384436190128326,True,0.40076154470443726
3829,239,paraphrase,-1,0.01318482868373394,0.013119005598127842,True,0.4783243238925934
3590,224,translate,-1,0.0022688801400363445,0.0020879872608929873,True,0.8609935641288757
3606,225,translate,-1,0.013556341640651226,0.014867371879518032,True,0.6198610067367554
3622,226,translate,-1,0.041293125599622726,0.054432958364486694,True,0.8304576277732849
3638,227,translate,-1,0.03868172690272331,0.02750859595835209,True,0.9022637605667114
3654,228,translate,-1,0.13331404328346252,0.11770039796829224,False,0.1748422235250473
3670,229,translate,-1,0.0376165397465229,0.040931880474090576,True,0.3353011906147003
3686,230,translate,-1,0.05741948261857033,0.03571915626525879,False,0.3655097484588623
3702,231,translate,-1,0.0958499163389206,0.08860167115926743,True,0.5166876912117004
3718,232,translate,-1,0.019876521080732346,0.02315814234316349,True,0.4454321563243866
3734,233,translate,-1,0.001125905429944396,0.0013081483775749803,True,0.9803531169891357
3750,234,translate,-1,0.0002563612360972911,0.00029584334697574377,True,0.7923726439476013
3766,235,translate,-1,0.05792444944381714,0.06161763519048691,False,0.13104857504367828
3782,236,translate,-1,0.007684049196541309,0.008901447057723999,True,0.5797165632247925
3798,237,translate,-1,0.023657778277993202,0.024885747581720352,True,0.2608949840068817
3814,238,translate,-1,0.045041847974061966,0.04021338000893593,True,0.39092162251472473
3830,239,translate,-1,0.014094393700361252,0.014230247586965561,True,0.4521480202674866
3591,224,polarity,-1,0.0015204184455797076,0.0014468957670032978,True,0.8588106036186218
3607,225,polarity,-1,0.019826950505375862,0.021816527470946312,True,0.6079466342926025
3623,226,polarity,-1,0.12255728989839554,0.18320776522159576,True,0.7585033178329468
3639,227,polarity,-1,0.047034963965415955,0.03387509286403656,True,0.9129116535186768
3655,228,polarity,-1,0.14744997024536133,0.12567037343978882,False,0.17804326117038727
3671,229,polarity,-1,0.03366784006357193,0.03561336174607277,True,0.3366909623146057
3687,230,polarity,-1,0.05600415915250778,0.03542143106460571,False,0.36508482694625854
3703,231,polarity,-1,0.11074564605951309,0.09755595028400421,True,0.5128734707832336
3719,232,polarity,-1,0.029914360493421555,0.032138653099536896,True,0.39892470836639404
3735,233,polarity,-1,0.0013618308585137129,0.0015818655956536531,True,0.9775933027267456
3751,234,polarity,-1,0.0016908022807911038,0.0018028655322268605,True,0.7711370587348938
3767,235,polarity,-1,0.0790775939822197,0.08639885485172272,False,0.12249790877103806
3783,236,polarity,-1,0.008817021735012531,0.010570201091468334,True,0.558009147644043
3799,237,polarity,-1,0.01751071959733963,0.01946643926203251,True,0.2496611326932907
3815,238,polarity,-1,0.045790016651153564,0.042646538466215134,True,0.4145095944404602
3831,239,polarity,-1,0.013273761607706547,0.013133769854903221,True,0.47521331906318665
3592,224,vocab,-1,0.0015056543052196503,0.0014332099817693233,True,0.85877525806427
3608,225,vocab,-1,0.019278498366475105,0.021313069388270378,True,0.621983528137207
3624,226,vocab,-1,0.1822025030851364,0.30029788613319397,True,0.691397488117218
3640,227,vocab,-1,0.05412478744983673,0.03698248043656349,True,0.9154772758483887
3656,228,vocab,-1,0.14622262120246887,0.12401624023914337,False,0.17837192118167877
3672,229,vocab,-1,0.0401313379406929,0.04421330988407135,True,0.33968061208724976
3688,230,vocab,-1,0.057628024369478226,0.036060869693756104,False,0.3652869462966919
3704,231,vocab,-1,0.08727040886878967,0.0763007178902626,True,0.4863308370113373
3720,232,vocab,-1,0.029402293264865875,0.03163451328873634,True,0.40965715050697327
3736,233,vocab,-1,0.001417473191395402,0.00162466277834028,True,0.977734386920929
3752,234,vocab,-1,0.0017781980568543077,0.0019116969779133797,True,0.7709146738052368
3768,235,vocab,-1,0.04922956973314285,0.05337221175432205,False,0.1298016458749771
3784,236,vocab,-1,0.011391655541956425,0.01306749228388071,True,0.5911224484443665
3800,237,vocab,-1,0.021022384986281395,0.022915303707122803,True,0.2615526616573334
3816,238,vocab,-1,0.043511271476745605,0.039586082100868225,True,0.4022826552391052
3832,239,vocab,-1,0.013567564077675343,0.013500633649528027,True,0.47692152857780457
3593,224,cat,-1,3.0232486724853516,12.710063934326172,False,0.04910694435238838
3609,225,cat,-1,1.3724713325500488,5.263894557952881,False,0.1314399689435959
3625,226,cat,3,2.4576687812805176,16.394418716430664,False,0.07687348872423172
3641,227,cat,4,10.152881622314453,11.019142150878906,False,2.5300285415141843e-05
3657,228,cat,-1,4.088104248046875,14.70252513885498,False,0.002153427340090275
3673,229,cat,-1,3.4118075370788574,8.703824043273926,False,0.0036894152872264385
3689,230,cat,-1,6.0139055252075195,8.646055221557617,False,0.0006350905750878155
3705,231,cat,2,7.549554824829102,15.231565475463867,False,3.493950862321071e-05
3721,232,cat,-1,10.794610977172852,16.700634002685547,False,1.2200943274365272e-05
3737,233,cat,-1,3.465419292449951,9.598926544189453,False,0.029322801157832146
3753,234,cat,-1,2.8753836154937744,10.673056602478027,False,0.03430976718664169
3769,235,cat,2,2.6945106983184814,8.8214111328125,False,0.028988664969801903
3785,236,cat,-1,3.545579671859741,12.582568168640137,False,0.05940904840826988
3801,237,cat,3,4.935931205749512,14.382862091064453,False,0.0008989010821096599
3817,238,cat,4,5.587133884429932,9.020700454711914,False,6.490643136203289e-05
3833,239,cat,3,7.358008861541748,11.733195304870605,False,5.47631352674216e-05
3594,224,shuffle,-1,0.0011997006367892027,0.001143706263974309,True,0.857116162776947
3610,225,shuffle,-1,0.021506700664758682,0.02381332591176033,True,0.6115572452545166
3626,226,shuffle,-1,0.06596061587333679,0.09506937861442566,True,0.7933388352394104
3642,227,shuffle,-1,0.053871624171733856,0.038621269166469574,True,0.9199891090393066
3658,228,shuffle,-1,0.14797773957252502,0.12558932602405548,False,0.17678365111351013
3674,229,shuffle,-1,0.0352984182536602,0.03774277865886688,True,0.3327343165874481
3690,230,shuffle,-1,0.058078519999980927,0.03653908520936966,False,0.36542007327079773
3706,231,shuffle,-1,0.11132156103849411,0.10236571729183197,True,0.527523398399353
3722,232,shuffle,-1,0.026732809841632843,0.03112778626382351,True,0.4167066812515259
3738,233,shuffle,-1,0.0013962555676698685,0.0015813464997336268,True,0.977969765663147
3754,234,shuffle,-1,0.0028484235517680645,0.003392500104382634,True,0.8091926574707031
3770,235,shuffle,-1,0.0834733247756958,0.09517275542020798,False,0.11952360719442368
3786,236,shuffle,-1,0.009174467995762825,0.011049682274460793,True,0.5790467858314514
3802,237,shuffle,-1,0.018747705966234207,0.020474081858992577,True,0.2480425089597702
3818,238,shuffle,-1,0.06482218950986862,0.06641019880771637,True,0.38937804102897644
3834,239,shuffle,-1,0.0179721899330616,0.018000226467847824,True,0.4656238555908203
3595,224,unrelated,169,0.029705053195357323,0.020113401114940643,True,0.8928397297859192
3611,225,unrelated,197,1.218550443649292,3.3088531494140625,True,0.14456573128700256
3627,226,unrelated,107,3.490788221359253,17.317224502563477,False,0.03223139047622681
3643,227,unrelated,234,15.280000686645508,13.60779094696045,False,6.304468769258165e-08
3659,228,unrelated,179,2.4001240730285645,2.9951863288879395,False,0.002421826124191284
3675,229,unrelated,233,6.431861877441406,7.89959716796875,False,0.00014354394807014614
3691,230,unrelated,102,4.754674911499023,6.686363220214844,False,0.008046325296163559
3707,231,unrelated,8,9.248802185058594,10.760711669921875,False,6.1516821006080136e-06
3723,232,unrelated,252,5.422780513763428,7.316564559936523,False,6.850858335383236e-05
3739,233,unrelated,223,1.4895168542861938,6.884288787841797,True,0.21502943336963654
3755,234,unrelated,145,3.1234428882598877,7.815621852874756,False,0.03650127351284027
3771,235,unrelated,172,2.4588656425476074,1.5472586154937744,False,0.0032306339126080275
3787,236,unrelated,224,2.281949996948242,4.378721714019775,False,0.0328483022749424
3803,237,unrelated,181,3.8169045448303223,7.781782150268555,False,0.08113804459571838
3819,238,unrelated,96,7.649266719818115,12.237932205200195,False,9.060307093022857e-06
3835,239,unrelated,114,8.752204895019531,5.7552971839904785,False,2.8310867037362186e-06
-1,224,ref_identity,-1,0.0,0.0,True,0.8410743474960327
-1,225,ref_identity,-1,0.0,0.0,True,0.6574822068214417
-1,226,ref_identity,-1,0.0,0.0,True,0.8818951845169067
-1,227,ref_identity,-1,0.0,0.0,True,0.8317350149154663
-1,228,ref_identity,-1,0.0,0.0,True,0.2150835394859314
-1,229,ref_identity,-1,0.0,0.0,True,0.4183327257633209
-1,230,ref_identity,-1,0.0,0.0,True,0.3705858588218689
-1,231,ref_identity,-1,0.0,0.0,True,0.3376784920692444
-1,232,ref_identity,-1,0.0,0.0,True,0.49594947695732117
-1,233,ref_identity,-1,0.0,0.0,True,0.9835831522941589
-1,234,ref_identity,-1,0.0,0.0,True,0.7933951616287231
-1,235,ref_identity,-1,0.0,0.0,True,0.16919749975204468
-1,236,ref_identity,-1,0.0,0.0,True,0.5787826180458069
-1,237,ref_identity,-1,0.0,0.0,True,0.2599063217639923
-1,238,ref_identity,-1,0.0,0.0,True,0.415050208568573
-1,239,ref_identity,-1,0.0,0.0,True,0.47033756971359253
-2,224,ref_mean,-1,6.43113899230957,10.428474426269531,False,0.0012121545150876045
-2,225,ref_mean,-1,0.5383672118186951,1.823830485343933,True,0.3162585496902466
-2,226,ref_mean,-1,0.2258681356906891,0.2616265118122101,True,0.8293773531913757
-2,227,ref_mean,-1,12.378201484680176,7.284614086151123,False,2.3178386072686408e-06
-2,228,ref_mean,-1,0.84979248046875,2.215848445892334,False,0.030926290899515152
-2,229,ref_mean,-1,0.4947361648082733,0.9394251704216003,True,0.1611749231815338
-2,230,ref_mean,-1,1.626539707183838,5.734469413757324,False,0.07943575829267502
-2,231,ref_mean,-1,2.261437177658081,5.03810977935791,False,0.0075901770032942295
-2,232,ref_mean,-1,1.3827637434005737,3.3504390716552734,True,0.10365097969770432
-2,233,ref_mean,-1,0.022341566160321236,0.04593915864825249,True,0.9742297530174255
-2,234,ref_mean,-1,3.0287489891052246,9.544057846069336,False,0.035965852439403534
-2,235,ref_mean,-1,1.221109390258789,2.232877492904663,False,0.043874889612197876
-2,236,ref_mean,-1,2.023785352706909,6.716202735900879,False,0.06415864080190659
-2,237,ref_mean,-1,2.305241107940674,3.309356212615967,False,0.02942909672856331
-2,238,ref_mean,-1,3.181863307952881,2.050335645675659,False,0.00158195651602
-2,239,ref_mean,-1,4.833771705627441,7.9922637939453125,False,0.0016613503685221076
3836,240,orig,-1,0.029583442956209183,0.02959136664867401,False,0.19366881251335144
3852,241,orig,-1,0.007494976278394461,0.0070183780044317245,True,0.45947352051734924
3868,242,orig,-1,0.005739837884902954,0.005372148007154465,True,0.6179854869842529
3884,243,orig,-1,0.000767432211432606,0.0007817811565473676,True,0.9548521637916565
3900,244,orig,-1,0.057561974972486496,0.07124370336532593,False,0.2449721246957779
3916,245,orig,-1,0.04268401116132736,0.044711917638778687,True,0.22272340953350067
3932,246,orig,-1,0.03215542808175087,0.0284877996891737,True,0.43402376770973206
3948,247,orig,-1,0.00922846794128418,0.009352863766252995,False,0.1668192595243454
3964,248,orig,-1,0.017015477642416954,0.017352649942040443,True,0.402116984128952
3980,249,orig,-1,0.005979074165225029,0.006040956825017929,True,0.21672746539115906
3996,250,orig,-1,0.04466504603624344,0.041985902935266495,True,0.1102936789393425
4012,251,orig,-1,0.04847891628742218,0.048260029405355453,True,0.2990450859069824
4028,252,orig,-1,0.03238225728273392,0.030657418072223663,True,0.3324408233165741
4044,253,orig,-1,0.014774049632251263,0.014913497492671013,True,0.8775662183761597
4060,254,orig,-1,0.02229713834822178,0.019673911854624748,True,0.24412623047828674
4076,255,orig,-1,0.05776156857609749,0.07019492983818054,True,0.2840996980667114
3837,240,contradict,0,0.02617107704281807,0.026570208370685577,False,0.1924140900373459
3853,241,contradict,0,0.006552709266543388,0.005866970866918564,True,0.47942036390304565
3869,242,contradict,0,0.01105456706136465,0.010312266647815704,True,0.6436534523963928
3885,243,contradict,0,0.0033851282205432653,0.003850242355838418,True,0.9431747198104858
3901,244,contradict,0,0.06791804730892181,0.08494739234447479,False,0.2514875829219818
3917,245,contradict,0,0.06083321198821068,0.06785386800765991,True,0.22040031850337982
3933,246,contradict,0,0.025165176019072533,0.022703008726239204,True,0.4249958395957947
3949,247,contradict,0,0.03268411010503769,0.03290461003780365,False,0.13449522852897644
3965,248,contradict,0,0.029460255056619644,0.0312858521938324,True,0.38677069544792175
3981,249,contradict,0,0.010561825707554817,0.010497549548745155,True,0.22787639498710632
3997,250,contradict,0,0.03967716917395592,0.037232138216495514,True,0.10229862481355667
4013,251,contradict,0,0.08145206421613693,0.0808546245098114,True,0.2868216931819916
4029,252,contradict,0,0.058897290378808975,0.055126238614320755,True,0.35409078001976013
4045,253,contradict,0,0.0014062959235161543,0.0014472994953393936,True,0.8827913999557495
4061,254,contradict,0,0.018582066521048546,0.01639423333108425,True,0.27083298563957214
4077,255,contradict,0,0.15050731599330902,0.16831821203231812,False,0.19960713386535645
3838,240,delete,0,0.029791751876473427,0.029785409569740295,False,0.1940830498933792
3854,241,delete,0,0.005488044116646051,0.0050993068143725395,True,0.47783854603767395
3870,242,delete,0,0.011340020224452019,0.010565187782049179,True,0.6434505581855774
3886,243,delete,0,0.002046469133347273,0.0022764173336327076,True,0.9465528726577759
3902,244,delete,0,0.07200944423675537,0.09285008907318115,False,0.2511049211025238
3918,245,delete,0,0.06837279349565506,0.07354290783405304,True,0.20514357089996338
3934,246,delete,0,0.034006573259830475,0.030340077355504036,True,0.4385530352592468
3950,247,delete,0,0.025205524638295174,0.026498187333345413,False,0.15985894203186035
3966,248,delete,0,0.023019669577479362,0.024612920358777046,True,0.38383275270462036
3982,249,delete,0,0.004511426202952862,0.004473477602005005,True,0.2243289202451706
3998,250,delete,0,0.04447853937745094,0.041936516761779785,True,0.11291293054819107
4014,251,delete,0,0.0844573900103569,0.0881374329328537,True,0.29183560609817505
4030,252,delete,0,0.04598211497068405,0.042892590165138245,True,0.348276287317276
4046,253,delete,0,0.006325996480882168,0.0064151836559176445,True,0.882354736328125
4062,254,delete,0,0.020960452035069466,0.018408674746751785,True,0.2574925124645233
4078,255,delete,0,0.10068310797214508,0.11358033865690231,True,0.23522579669952393
3839,240,contradict,1,0.028630826622247696,0.028667878359556198,False,0.19315172731876373
3855,241,contradict,1,0.005700760520994663,0.00536404550075531,True,0.47787368297576904
3871,242,contradict,1,0.0056900810450315475,0.005338909570127726,True,0.6179584264755249
3887,243,contradict,1,0.0008155957330018282,0.0008536289678886533,True,0.9526748657226562
3903,244,contradict,1,0.06449802964925766,0.07853132486343384,True,0.27524206042289734
3919,245,contradict,1,0.055848680436611176,0.05677162483334541,False,0.20456503331661224
3935,246,contradict,1,0.03331394121050835,0.029555734246969223,True,0.43590912222862244
3951,247,contradict,1,0.015194328501820564,0.014914521016180515,False,0.14877673983573914
3967,248,contradict,1,0.01703120954334736,0.017032509669661522,True,0.41021329164505005
3983,249,contradict,1,0.004637415520846844,0.004535179119557142,True,0.22580623626708984
3999,250,contradict,1,0.045442529022693634,0.04287494346499443,True,0.11174003034830093
4015,251,contradict,1,0.05220840498805046,0.05250658839941025,True,0.28549131751060486
4031,252,contradict,1,0.04487917572259903,0.04214462637901306,True,0.3525274693965912
4047,253,contradict,1,0.020761650055646896,0.018597818911075592,True,0.8848065137863159
4063,254,contradict,1,0.025118952617049217,0.021139323711395264,True,0.24009430408477783
4079,255,contradict,1,0.05808067321777344,0.0719376802444458,True,0.28351593017578125
3840,240,delete,1,0.021964598447084427,0.021875109523534775,True,0.21257007122039795
3856,241,delete,1,0.005855943076312542,0.005549590568989515,True,0.4783426523208618
3872,242,delete,1,0.0055284639820456505,0.005202303174883127,True,0.6174259781837463
3888,243,delete,1,0.0009463405003771186,0.0009446409530937672,True,0.9550907611846924
3904,244,delete,1,0.05579393729567528,0.07000680267810822,True,0.2615165710449219
3920,245,delete,1,0.04054415225982666,0.04079483449459076,False,0.21949170529842377
3936,246,delete,1,0.03189504146575928,0.028293341398239136,True,0.43367961049079895
3952,247,delete,1,0.009131014347076416,0.009217871353030205,False,0.1657910943031311
3968,248,delete,1,0.014379053376615047,0.014571540988981724,True,0.3963102400302887
3984,249,delete,1,0.0046068960800766945,0.00450938893482089,True,0.22524192929267883
4000,250,delete,1,0.050384245812892914,0.04792950302362442,True,0.09981134533882141
4016,251,delete,1,0.05796702578663826,0.05794581025838852,True,0.2914077639579773
4032,252,delete,1,0.03359324857592583,0.03172842785716057,True,0.3333508372306824
4048,253,delete,1,0.029427925124764442,0.027124211192131042,True,0.8760214447975159
4064,254,delete,1,0.022116396576166153,0.019464941695332527,True,0.24481546878814697
4080,255,delete,1,0.0594547837972641,0.07175131142139435,True,0.2883506715297699
3841,240,contradict,2,5.519794464111328,7.644054412841797,False,0.0008167675114236772
3857,241,contradict,2,0.007668467238545418,0.007241045590490103,True,0.4580303430557251
3873,242,contradict,2,0.005830045789480209,0.005448928102850914,True,0.6177796125411987
3889,243,contradict,2,0.637932538986206,1.217390775680542,True,0.4532112777233124
3905,244,contradict,2,10.976224899291992,8.962352752685547,False,3.6852250104857376e-06
3921,245,contradict,2,4.136198997497559,12.64405345916748,False,0.005162173882126808
3937,246,contradict,2,1.876833200454712,7.182713508605957,False,0.07230449467897415
3953,247,contradict,2,8.882319450378418,10.076180458068848,False,7.387261575786397e-05
3969,248,contradict,2,0.022759653627872467,0.02436928264796734,True,0.3765578269958496
3985,249,contradict,2,8.802204132080078,8.175065040588379,False,2.5898657440848183e-07
4001,250,contradict,2,3.12119197845459,8.879768371582031,False,0.002228719647973776
4017,251,contradict,2,0.05248735845088959,0.05395762622356415,True,0.2713378965854645
4033,252,contradict,2,5.842887878417969,8.057530403137207,False,0.00013331163791008294
4049,253,contradict,2,0.012569106183946133,0.010785029269754887,True,0.8992211818695068
4065,254,contradict,2,0.03036523424088955,0.02530018799006939,True,0.2543410062789917
4081,255,contradict,2,7.6551923751831055,8.727811813354492,False,1.2202921425341628e-05
3842,240,delete,2,0.03432518616318703,0.03790248930454254,False,0.19019189476966858
3858,241,delete,2,0.007604640908539295,0.007123952731490135,True,0.4583347737789154
3874,242,delete,2,0.00577059481292963,0.005395619198679924,True,0.6180297136306763
3890,243,delete,2,0.7640230655670166,1.4417269229888916,True,0.39554503560066223
3906,244,delete,2,0.07924483716487885,0.10091788321733475,False,0.22831487655639648
3922,245,delete,2,0.05493000149726868,0.05688738450407982,False,0.20838244259357452
3938,246,delete,2,0.05811570957303047,0.055839795619249344,True,0.4449266195297241
3954,247,delete,2,0.016493044793605804,0.016973618417978287,False,0.16018910706043243
3970,248,delete,2,0.01811060681939125,0.018475931137800217,True,0.39464184641838074
3986,249,delete,2,0.019800890237092972,0.019409919157624245,True,0.268716424703598
4002,250,delete,2,0.039938587695360184,0.03715764358639717,True,0.11515424400568008
4018,251,delete,2,0.049046073108911514,0.05049824342131615,True,0.27780652046203613
4034,252,delete,2,0.03993646055459976,0.03730686381459236,True,0.3657984435558319
4050,253,delete,2,0.02066192589700222,0.02505665272474289,True,0.8483371734619141
4066,254,delete,2,0.013237252831459045,0.010724873282015324,True,0.2700698673725128
4082,255,delete,2,0.09475179016590118,0.10635614395141602,True,0.22602953016757965
3843,240,contradict,3,0.03069404512643814,0.030841059982776642,False,0.1934223771095276
3859,241,contradict,3,0.0067711942829191685,0.006126650609076023,True,0.47867533564567566
3875,242,contradict,3,0.005559363402426243,0.005305816885083914,True,0.6275791525840759
3891,243,contradict,3,0.001138844876550138,0.0011904912535101175,True,0.9538148641586304
3907,244,contradict,3,0.05642315372824669,0.06983684003353119,False,0.24488046765327454
3923,245,contradict,3,0.05580872669816017,0.056589942425489426,False,0.20253172516822815
3939,246,contradict,3,0.027685998007655144,0.024648558348417282,True,0.4558485448360443
3955,247,contradict,3,0.0079027209430933,0.007924435660243034,False,0.16579052805900574
3971,248,contradict,3,0.017081286758184433,0.017522623762488365,True,0.4040595293045044
3987,249,contradict,3,0.007364692632108927,0.007305210456252098,True,0.22110942006111145
4003,250,contradict,3,0.047878384590148926,0.0450335368514061,True,0.11224058270454407
4019,251,contradict,3,0.1130661889910698,0.12718552350997925,True,0.2670391798019409
4035,252,contradict,3,0.02995569258928299,0.029099315404891968,True,0.3297509253025055
4051,253,contradict,3,0.012053398415446281,0.01270536333322525,True,0.8751647472381592
4067,254,contradict,3,0.016342123970389366,0.01377647090703249,True,0.26919588446617126
4083,255,contradict,3,0.05686222389340401,0.0692082867026329,True,0.28481051325798035
3844,240,delete,3,0.029616044834256172,0.029634816572070122,False,0.1937776803970337
3860,241,delete,3,0.007957314141094685,0.008099476806819439,True,0.44696781039237976
3876,242,delete,3,0.005390368867665529,0.005086944438517094,True,0.617161214351654
3892,243,delete,3,0.0011976620880886912,0.0013088163686916232,True,0.9507139325141907
3908,244,delete,3,0.04711052402853966,0.055538155138492584,False,0.2340778410434723
3924,245,delete,3,0.03865157440304756,0.040626101195812225,True,0.22695286571979523
3940,246,delete,3,0.03324345499277115,0.029567603021860123,True,0.43582242727279663
3956,247,delete,3,0.004643235821276903,0.004879354033619165,True,0.19131575524806976
3972,248,delete,3,0.015321110375225544,0.015776019543409348,True,0.39969006180763245
3988,249,delete,3,0.00660663191229105,0.006603296846151352,True,0.22172799706459045
4004,250,delete,3,0.05037862807512283,0.04760873690247536,True,0.11163923889398575
4020,251,delete,3,6.825864791870117,8.445600509643555,False,0.0002663783961907029
4036,252,delete,3,0.03210252523422241,0.029395263642072678,True,0.3524775505065918
4052,253,delete,3,0.01734159141778946,0.016361882910132408,True,0.8823839426040649
4068,254,delete,3,0.016475224867463112,0.01372891291975975,True,0.2630004286766052
4084,255,delete,3,0.0595938116312027,0.07254969328641891,True,0.2852911055088043
3845,240,paraphrase,-1,0.027142450213432312,0.027494585141539574,False,0.19276335835456848
3861,241,paraphrase,-1,0.0075214016251266,0.007019989658147097,True,0.45989128947257996
3877,242,paraphrase,-1,0.005545646883547306,0.005213535390794277,True,0.6174659132957458
3893,243,paraphrase,-1,0.0009247272973880172,0.0009517436847090721,True,0.9541913270950317
3909,244,paraphrase,-1,0.05632081255316734,0.06882105767726898,False,0.24532605707645416
3925,245,paraphrase,-1,0.05755041912198067,0.05672646313905716,False,0.1972566694021225
3941,246,paraphrase,-1,0.032167866826057434,0.028488831594586372,True,0.4340142011642456
3957,247,paraphrase,-1,0.009093969129025936,0.009300420060753822,False,0.1680126190185547
3973,248,paraphrase,-1,0.01900414749979973,0.019379600882530212,True,0.38653281331062317
3989,249,paraphrase,-1,0.005883935373276472,0.005945545621216297,True,0.21696293354034424
4005,250,paraphrase,-1,0.045022375881671906,0.042475759983062744,True,0.11024291068315506
4021,251,paraphrase,-1,0.0493057444691658,0.04877733066678047,True,0.3022799491882324
4037,252,paraphrase,-1,0.032431624829769135,0.03068516217172146,True,0.333001971244812
4053,253,paraphrase,-1,0.014581088908016682,0.013134140521287918,True,0.8905590772628784
4069,254,paraphrase,-1,0.015743045136332512,0.013176173903048038,True,0.2673875093460083
4085,255,paraphrase,-1,0.05547130107879639,0.06701439619064331,True,0.28714674711227417
3846,240,translate,-1,0.029973220080137253,0.0296571534126997,False,0.18721193075180054
3862,241,translate,-1,0.007500406354665756,0.007107729557901621,True,0.45669904351234436
3878,242,translate,-1,0.006144494283944368,0.00569633673876524,True,0.6186584830284119
3894,243,translate,-1,0.005045206286013126,0.005967726465314627,True,0.9380130171775818
3910,244,translate,-1,0.04592731595039368,0.052061211317777634,True,0.2689301669597626
3926,245,translate,-1,0.04813855513930321,0.04890791326761246,False,0.2086048126220703
3942,246,translate,-1,0.021083805710077286,0.018910551443696022,True,0.447560578584671
3958,247,translate,-1,0.00907268188893795,0.009249947965145111,False,0.1719958484172821
3974,248,translate,-1,0.017144091427326202,0.017704710364341736,True,0.3968895971775055
3990,249,translate,-1,0.005827473010867834,0.00586310587823391,True,0.2184700220823288
4006,250,translate,-1,0.042947571724653244,0.040869444608688354,True,0.11122841387987137
4022,251,translate,-1,0.07181162387132645,0.07020658999681473,True,0.3044264018535614
4038,252,translate,-1,0.038688626140356064,0.03597933053970337,True,0.3344862461090088
4054,253,translate,-1,0.024097708985209465,0.026618648320436478,True,0.8572208285331726
4070,254,translate,-1,0.015582459978759289,0.013039885088801384,True,0.2689889371395111
4086,255,translate,-1,0.10480803996324539,0.10795978456735611,False,0.2132231593132019
3847,240,polarity,-1,0.032350409775972366,0.032707661390304565,False,0.1904362440109253
3863,241,polarity,-1,0.006287130061537027,0.005795562639832497,True,0.4785686135292053
3879,242,polarity,-1,0.005765513516962528,0.005392789375036955,True,0.6176207065582275
3895,243,polarity,-1,0.0007964493124745786,0.0008197642746381462,True,0.9546235203742981
3911,244,polarity,-1,0.05378418788313866,0.06397692859172821,False,0.2452014833688736
3927,245,polarity,-1,0.03749016672372818,0.03969215974211693,True,0.22831645607948303
3943,246,polarity,-1,0.039720989763736725,0.034627243876457214,True,0.46712544560432434
3959,247,polarity,-1,0.009348762221634388,0.009402918629348278,False,0.1646815687417984
3975,248,polarity,-1,0.01592797040939331,0.016252296045422554,True,0.40099960565567017
3991,249,polarity,-1,0.005681452341377735,0.005718837957829237,True,0.21849001944065094
4007,250,polarity,-1,0.04741186276078224,0.045468006283044815,True,0.10052579641342163
4023,251,polarity,-1,0.05640293285250664,0.05668461695313454,True,0.29097989201545715
4039,252,polarity,-1,0.04003949463367462,0.03730383515357971,True,0.3619824945926666
4055,253,polarity,-1,0.012379753403365612,0.013118849135935307,True,0.8743170499801636
4071,254,polarity,-1,0.022341443225741386,0.019875481724739075,True,0.2457660585641861
4087,255,polarity,-1,0.04737531766295433,0.058924149721860886,True,0.3105747103691101
3848,240,vocab,-1,0.031033160164952278,0.03164588287472725,False,0.19015859067440033
3864,241,vocab,-1,0.0055204154923558235,0.00515746558085084,True,0.47795334458351135
3880,242,vocab,-1,0.005647264886647463,0.0052934810519218445,True,0.6177924275398254
3896,243,vocab,-1,0.0006554670399054885,0.0006773211061954498,True,0.9541285037994385
3912,244,vocab,-1,0.05155624449253082,0.06004514545202255,False,0.24685890972614288
3928,245,vocab,-1,0.03843780606985092,0.04037100449204445,True,0.22413256764411926
3944,246,vocab,-1,0.02672366052865982,0.023484285920858383,True,0.4498043358325958
3960,247,vocab,-1,0.0090135857462883,0.00899449922144413,False,0.16420090198516846
3976,248,vocab,-1,0.017529234290122986,0.017241857945919037,True,0.412602037191391
3992,249,vocab,-1,0.005704644601792097,0.005781062413007021,True,0.21888087689876556
4008,250,vocab,-1,0.051997989416122437,0.04912494122982025,True,0.11023370921611786
4024,251,vocab,-1,0.04768766462802887,0.04812319576740265,True,0.27965250611305237
4040,252,vocab,-1,0.032402001321315765,0.03081752359867096,True,0.3286340832710266
4056,253,vocab,-1,0.016353566199541092,0.014336949214339256,True,0.8926019668579102
4072,254,vocab,-1,0.017233099788427353,0.014102568849921227,True,0.2638651132583618
4088,255,vocab,-1,0.047768354415893555,0.05803573504090309,True,0.3200260400772095
3849,240,cat,2,2.802403688430786,9.322068214416504,False,0.005672935396432877
3865,241,cat,3,0.004552377853542566,0.004673935007303953,True,0.47915977239608765
3881,242,cat,3,4.819430828094482,11.702259063720703,False,0.009186234325170517
3897,243,cat,-1,1.8956571817398071,8.691865921020508,False,0.1335889995098114
3913,244,cat,4,6.495974540710449,9.130064964294434,False,5.811428763990989e-06
3929,245,cat,2,7.219621658325195,16.899721145629883,False,6.443634629249573e-05
3945,246,cat,2,1.844421625137329,11.329381942749023,False,0.09261033684015274
3961,247,cat,2,0.4569680094718933,3.022599458694458,False,0.06677999347448349
3977,248,cat,2,14.964597702026367,20.310501098632812,False,8.232432691102076e-08
3993,249,cat,2,4.380862712860107,10.376752853393555,False,0.004598686005920172
4009,250,cat,-1,4.443312168121338,11.016955375671387,False,0.0012787175364792347
4025,251,cat,-1,5.693221092224121,11.517157554626465,False,0.007650196086615324
4041,252,cat,2,3.8051109313964844,7.94681978225708,False,0.0008163481834344566
4057,253,cat,-1,3.0780372619628906,10.18623161315918,False,0.030767912045121193
4073,254,cat,-1,3.5337679386138916,14.059727668762207,False,0.007699304260313511
4089,255,cat,4,5.817646503448486,4.334865093231201,False,2.1428040781756863e-06
3850,240,shuffle,-1,0.02166120521724224,0.02191152237355709,True,0.21304169297218323
3866,241,shuffle,-1,0.006854425184428692,0.006258184090256691,True,0.47892555594444275
3882,242,shuffle,-1,0.011791114695370197,0.010998168960213661,True,0.649203896522522
3898,243,shuffle,-1,0.0016032084822654724,0.0017159703420475125,True,0.9501124024391174
3914,244,shuffle,-1,0.06773167848587036,0.08340905606746674,False,0.22311773896217346
3930,245,shuffle,-1,0.03258083388209343,0.034028779715299606,True,0.2340484857559204
3946,246,shuffle,-1,0.04728838428854942,0.04106886684894562,True,0.47451967000961304
3962,247,shuffle,-1,0.017024271190166473,0.016541840508580208,False,0.14463020861148834
3978,248,shuffle,-1,0.017101440578699112,0.01719812862575054,True,0.40262842178344727
3994,249,shuffle,-1,0.007051375228911638,0.006866508163511753,True,0.24348966777324677
4010,250,shuffle,-1,0.047270070761442184,0.04454124718904495,True,0.11066170036792755
4026,251,shuffle,-1,0.06910012662410736,0.07009153068065643,True,0.2788509726524353
4042,252,shuffle,-1,0.04577837884426117,0.042749278247356415,True,0.3537139594554901
4058,253,shuffle,-1,0.028438124805688858,0.029355023056268692,True,0.8618293404579163
4074,254,shuffle,-1,0.016875553876161575,0.013564211316406727,True,0.2629384994506836
4090,255,shuffle,-1,0.08051957935094833,0.08972848951816559,True,0.28733110427856445
3851,240,unrelated,163,5.769761085510254,12.854187965393066,False,0.0006910631200298667
3867,241,unrelated,57,9.294538497924805,10.728011131286621,False,5.121993581269635e-06
3883,242,unrelated,61,5.358342170715332,10.85573959350586,False,0.002104656770825386
3899,243,unrelated,40,10.266453742980957,16.82550621032715,False,2.8852557079517283e-05
3915,244,unrelated,85,7.2388176918029785,10.532634735107422,False,7.7202552347444e-05
3931,245,unrelated,178,10.081767082214355,10.020708084106445,False,5.358829184842762e-07
3947,246,unrelated,49,0.6253015398979187,1.879812240600586,True,0.34979233145713806
3963,247,unrelated,152,6.045648574829102,9.798402786254883,False,0.00025860665482468903
3979,248,unrelated,0,0.18171945214271545,0.2558465003967285,True,0.27891814708709717
3995,249,unrelated,20,7.178516864776611,7.110004901885986,False,8.397073543164879e-05
4011,250,unrelated,166,4.61300802230835,5.691624641418457,False,0.00022261969570536166
4027,251,unrelated,212,4.106944561004639,8.778898239135742,False,0.053858112543821335
4043,252,unrelated,106,3.4184422492980957,4.242048263549805,False,0.000849585747346282
4059,253,unrelated,191,6.850765228271484,9.95877742767334,False,0.0009104342898353934
4075,254,unrelated,99,0.8291370272636414,0.5223262310028076,False,0.25082486867904663
4091,255,unrelated,158,4.975461959838867,8.172259330749512,False,0.0009412832441739738
-1,240,ref_identity,-1,0.0,0.0,True,0.24633920192718506
-1,241,ref_identity,-1,0.0,0.0,True,0.4753030240535736
-1,242,ref_identity,-1,0.0,0.0,True,0.5880014300346375
-1,243,ref_identity,-1,0.0,0.0,True,0.9566444158554077
-1,244,ref_identity,-1,0.0,0.0,True,0.3006209135055542
-1,245,ref_identity,-1,0.0,0.0,True,0.32257309556007385
-1,246,ref_identity,-1,0.0,0.0,True,0.4000839591026306
-1,247,ref_identity,-1,0.0,0.0,True,0.19986428320407867
-1,248,ref_identity,-1,0.0,0.0,True,0.4302833676338196
-1,249,ref_identity,-1,0.0,0.0,True,0.21095998585224152
-1,250,ref_identity,-1,0.0,0.0,True,0.09563285857439041
-1,251,ref_identity,-1,0.0,0.0,True,0.306770920753479
-1,252,ref_identity,-1,0.0,0.0,True,0.293298602104187
-1,253,ref_identity,-1,0.0,0.0,True,0.8853424191474915
-1,254,ref_identity,-1,0.0,0.0,True,0.3062804639339447
-1,255,ref_identity,-1,0.0,0.0,True,0.37325695157051086
-2,240,ref_mean,-1,1.3771511316299438,5.840217113494873,False,0.04123268648982048
-2,241,ref_mean,-1,0.090142160654068,0.2046932727098465,True,0.4770585000514984
-2,242,ref_mean,-1,2.1338512897491455,5.323781490325928,False,0.06416340917348862
-2,243,ref_mean,-1,6.856683731079102,11.949767112731934,False,0.0008333185687661171
-2,244,ref_mean,-1,5.700648784637451,7.485589027404785,False,0.00017077979282476008
-2,245,ref_mean,-1,0.5125916004180908,1.0938726663589478,True,0.26381775736808777
-2,246,ref_mean,-1,0.6865901350975037,1.2207398414611816,False,0.23094932734966278
-2,247,ref_mean,-1,0.19220484793186188,0.23784679174423218,False,0.058911025524139404
-2,248,ref_mean,-1,0.8497931957244873,3.52409029006958,True,0.1389855444431305
-2,249,ref_mean,-1,0.2949938476085663,1.3227810859680176,False,0.12144312262535095
-2,250,ref_mean,-1,1.175793170928955,1.311906099319458,False,0.006807821337133646
-2,251,ref_mean,-1,0.5239152908325195,0.5960352420806885,True,0.45739081501960754
-2,252,ref_mean,-1,0.9269961714744568,2.2077560424804688,False,0.11580464243888855
-2,253,ref_mean,-1,9.370352745056152,4.264155387878418,False,2.998100535478443e-05
-2,254,ref_mean,-1,0.7430179715156555,1.6956267356872559,True,0.20018158853054047
-2,255,ref_mean,-1,5.4722771644592285,4.786717891693115,False,1.7267204384552315e-05
