vid,idx,kind,claim_id,mse_nrm,L_h,cos,r_norm,dist_to_orig
0,0,orig,-1,0.0757437,0.17178667,0.9621283,72.08538,0.0
1,0,contradict,0,0.08416426,0.19088452,0.95791817,72.086975,0.015594589
2,0,delete,0,0.0811535,0.18405609,0.9594235,72.07204,0.012838447
3,0,contradict,1,0.077665046,0.17614429,0.96116775,72.08539,0.0014569177
4,0,delete,1,0.077680424,0.17617917,0.9611602,72.08822,0.0063608172
5,0,contradict,2,0.079266086,0.17977545,0.9603671,72.06001,0.0074619735
6,0,delete,2,0.07586881,0.17207043,0.96206594,72.07703,0.0013100636
7,0,contradict,3,0.081807025,0.18553829,0.9590966,72.07986,0.006831439
8,0,delete,3,0.07752715,0.17583154,0.96123683,72.07482,0.00522076
9,0,paraphrase,-1,0.07725146,0.17520627,0.96137446,72.075516,0.0010473201
10,0,translate,-1,0.080512315,0.1826019,0.95974404,72.07901,0.009160566
11,0,polarity,-1,0.078609884,0.17828718,0.9606953,72.08645,0.0021431525
12,0,vocab,-1,0.079708576,0.18077901,0.9601459,72.0737,0.0023391335
13,0,cat,-1,0.40770635,0.92467785,0.79614705,72.004974,0.723988
14,0,shuffle,-1,0.07320237,0.16602294,0.96339893,72.08567,0.0093518365
15,0,unrelated,32,0.90471774,2.0518994,0.5476414,71.94582,1.9128205
16,1,orig,-1,0.08911333,0.202109,0.95544374,71.91234,0.0
17,1,contradict,0,0.10238679,0.23221318,0.9488069,71.90836,0.014150015
18,1,delete,0,0.096653745,0.21921065,0.9516734,71.90982,0.0070118923
19,1,contradict,1,0.10861249,0.24633309,0.94569415,71.911385,0.029406475
20,1,delete,1,0.1062752,0.24103211,0.9468628,71.90452,0.026976991
21,1,contradict,2,0.095965445,0.2176496,0.95201784,71.90671,0.011388732
22,1,delete,2,0.092187345,0.20908086,0.9539066,71.906494,0.0060020257
23,1,contradict,3,0.08908554,0.20204596,0.95545757,71.89775,0.0028267428
24,1,delete,3,0.090272084,0.20473705,0.95486414,71.90815,0.0019080085
25,1,paraphrase,-1,0.08880478,0.2014092,0.955598,71.91189,0.00026634507
26,1,translate,-1,0.09268083,0.21020007,0.9536598,71.912445,0.006206472
27,1,polarity,-1,0.08935966,0.20266768,0.9553205,71.912796,0.00061042747
28,1,vocab,-1,0.08934678,0.20263846,0.95532674,71.91753,0.0007055641
29,1,cat,-1,0.5146885,1.1673132,0.7426563,71.97215,1.030448
30,1,shuffle,-1,0.11067629,0.2510138,0.9446622,71.86558,0.033023108
31,1,unrelated,90,0.81696147,1.8528682,0.5915197,72.073296,1.698838
32,2,orig,-1,0.09113379,0.20669138,0.9544335,72.0041,0.0
33,2,contradict,0,0.120369956,0.27299902,0.93981516,71.98646,0.088338986
34,2,delete,0,0.10307796,0.23378077,0.9484615,72.00546,0.046246573
35,2,contradict,1,0.09412016,0.21346448,0.9529402,72.01137,0.014819844
36,2,delete,1,0.088557884,0.20084924,0.9557211,72.030235,0.008399663
37,2,contradict,2,0.15242743,0.34570536,0.92378646,72.08423,0.1326033
38,2,delete,2,0.11014088,0.24979948,0.94492984,71.986244,0.038092203
39,2,contradict,3,0.09603774,0.21781355,0.9519814,72.01978,0.0068453224
40,2,delete,3,0.091688156,0.2079487,0.95415616,71.9977,0.0043211277
41,2,paraphrase,-1,0.090868145,0.20608892,0.9545661,72.00075,0.0004543447
42,2,translate,-1,0.09781072,0.22183467,0.951095,71.98523,0.010899959
43,2,polarity,-1,0.09054358,0.20535281,0.9547288,72.011086,0.0016613752
44,2,vocab,-1,0.09522092,0.21596101,0.95238996,72.01433,0.0036771267
45,2,cat,4,0.4036902,0.9155692,0.7981551,71.852135,0.7111754
46,2,shuffle,-1,0.090898596,0.20615797,0.95455086,72.02547,0.015996065
47,2,unrelated,188,0.962139,2.1821308,0.51893085,72.128876,2.1075773
48,3,orig,-1,0.124248385,0.2817953,0.93787634,72.01381,0.0
49,3,contradict,0,0.13425037,0.30447978,0.9328752,72.02082,0.0394805
50,3,delete,0,0.12810513,0.2905424,0.93594795,72.03007,0.007291389
51,3,contradict,1,0.12135645,0.27523637,0.93932235,72.005974,0.0056396853
52,3,delete,1,0.124170996,0.28161976,0.9379149,72.018074,0.0052720467
53,3,contradict,2,0.14664309,0.33258647,0.92667884,72.011314,0.026315885
54,3,delete,2,0.12973186,0.2942318,0.93513453,72.02278,0.008885136
55,3,contradict,3,0.111142054,0.25207013,0.94442946,71.987915,0.0112155685
56,3,delete,3,0.12040301,0.27307397,0.9397992,72.00267,0.0042937733
57,3,paraphrase,-1,0.12718494,0.2884554,0.93640774,72.01613,0.00062307605
58,3,translate,-1,0.11527421,0.26144186,0.94236344,72.05435,0.022587681
59,3,polarity,-1,0.11718769,0.26578164,0.9414065,72.019165,0.0035874106
60,3,vocab,-1,0.12275735,0.27841362,0.9386218,72.020096,0.0021505556
61,3,cat,3,0.4540941,1.0298853,0.77295315,71.95811,0.8851625
62,3,shuffle,-1,0.11418985,0.25898254,0.9429056,71.99539,0.016835475
63,3,unrelated,254,0.8421501,1.909996,0.5789253,71.91779,1.9179415
64,4,orig,-1,0.10136931,0.22990555,0.9493157,71.954796,0.0
65,4,contradict,0,0.10066138,0.22829998,0.9496696,71.973656,0.054754276
66,4,delete,0,0.095637575,0.21690598,0.95218146,71.954735,0.015300101
67,4,contradict,1,0.09810791,0.2225087,0.95094657,71.95399,0.005177509
68,4,delete,1,0.09402901,0.21325774,0.95298576,71.9576,0.013744338
69,4,contradict,2,0.12717387,0.28843027,0.93641347,71.925735,0.075182214
70,4,delete,2,0.115194574,0.26126125,0.94240314,71.92968,0.02358437
71,4,contradict,3,0.12224917,0.27726108,0.9388757,71.9489,0.04684068
72,4,delete,3,0.09624166,0.21827604,0.9518796,71.97449,0.006739737
73,4,paraphrase,-1,0.10010239,0.22703217,0.9499494,71.956726,0.00043300798
74,4,translate,-1,0.099894255,0.22656013,0.9500532,71.942566,0.009222538
75,4,polarity,-1,0.1004956,0.22792397,0.94975257,71.95076,0.0013129902
76,4,vocab,-1,0.09927496,0.22515558,0.9503628,71.95253,0.0021698638
77,4,cat,2,0.22312383,0.50604475,0.8884383,71.94781,0.33472627
78,4,shuffle,-1,0.10182397,0.23093672,0.9490885,71.915504,0.030267097
79,4,unrelated,81,0.9442803,2.1416273,0.52786005,71.91441,2.1600635
80,5,orig,-1,0.162973,0.3696227,0.9185137,71.88117,0.0
81,5,contradict,0,0.17635736,0.3999784,0.91182154,71.8722,0.038981132
82,5,delete,0,0.16076668,0.36461875,0.919617,71.88737,0.0065040947
83,5,contradict,1,0.16441181,0.3728859,0.9177942,71.87653,0.0025284432
84,5,delete,1,0.16632769,0.37723112,0.9168364,71.86351,0.004646777
85,5,contradict,2,0.16182211,0.36701247,0.91908914,71.853485,0.006164265
86,5,delete,2,0.1610449,0.36524975,0.9194776,71.87715,0.0027159953
87,5,contradict,3,0.16503352,0.37429595,0.91748345,71.87721,0.002111639
88,5,delete,3,0.18173318,0.41217077,0.9091336,71.931404,0.034993947
89,5,paraphrase,-1,0.16160099,0.366511,0.9191997,71.87725,0.0006069684
90,5,translate,-1,0.16425452,0.37252918,0.9178729,71.87313,0.015286616
91,5,polarity,-1,0.16299357,0.36966935,0.91850346,71.88262,0.0033143812
92,5,vocab,-1,0.16704617,0.37886065,0.9164771,71.873886,0.0041488567
93,5,cat,5,0.44136995,1.0010269,0.77931523,71.7313,0.79944575
94,5,shuffle,-1,0.16359231,0.3710273,0.9182039,71.88982,0.0027151927
95,5,unrelated,55,0.86478364,1.9613289,0.56760854,71.98773,1.8352954
96,6,orig,-1,0.038140606,0.08650288,0.98092985,71.92613,0.0
97,6,contradict,0,0.067421645,0.15291226,0.96628964,71.97565,0.05948033
98,6,delete,0,0.047891058,0.108616896,0.97605467,71.91539,0.018394355
99,6,contradict,1,0.047225587,0.10710761,0.97638756,71.97107,0.012015281
100,6,delete,1,0.04422587,0.10030425,0.9778874,71.95995,0.0063319793
101,6,contradict,2,0.0527542,0.119646505,0.9736233,71.8841,0.0302498
102,6,delete,2,0.040800225,0.09253489,0.97960013,71.87993,0.009762687
103,6,contradict,3,0.039641704,0.08990737,0.9801794,71.92513,0.001437681
104,6,delete,3,0.03841927,0.08713488,0.98079073,71.93761,0.0016000299
105,6,paraphrase,-1,0.037557393,0.08518015,0.98122156,71.92133,0.0003688035
106,6,translate,-1,0.039448567,0.08946933,0.980276,71.91384,0.004564848
107,6,polarity,-1,0.040168647,0.09110247,0.9799159,71.930626,0.0024651228
108,6,vocab,-1,0.041896,0.09502011,0.97905236,71.938614,0.0028453695
109,6,cat,4,0.41446432,0.9400049,0.792768,71.83863,0.9047911
110,6,shuffle,-1,0.038737733,0.087857164,0.9806314,71.902725,0.0018940966
111,6,unrelated,17,0.91863,2.0834525,0.5406853,71.976746,2.0900462
112,7,orig,-1,0.120154634,0.27251065,0.93992305,71.77696,0.0
113,7,contradict,0,0.124387816,0.2821115,0.93780655,71.806404,0.031035312
114,7,delete,0,0.12264757,0.27816463,0.9386766,71.803406,0.020246828
115,7,contradict,1,0.12592047,0.28558758,0.9370402,71.79369,0.0050230618
116,7,delete,1,0.12410422,0.2814683,0.9379481,71.786095,0.003655213
117,7,contradict,2,0.21524271,0.4881704,0.89237905,71.66191,0.1417063
118,7,delete,2,0.16791481,0.3808307,0.9160428,71.69789,0.04370609
119,7,contradict,3,0.13085103,0.29677007,0.93457484,71.76474,0.0052660024
120,7,delete,3,0.12926802,0.2931798,0.9353663,71.76953,0.01396391
121,7,paraphrase,-1,0.12907222,0.29273573,0.9354641,71.75626,0.0022671137
122,7,translate,-1,0.13796072,0.31289485,0.9310199,71.73214,0.01288602
123,7,polarity,-1,0.13032669,0.29558086,0.9348372,71.77019,0.005094665
124,7,vocab,-1,0.12116275,0.27479705,0.93941903,71.78094,0.0034162165
125,7,cat,3,0.27818516,0.6309238,0.860908,71.657585,0.34941787
126,7,shuffle,-1,0.15961942,0.36201677,0.9201904,71.74667,0.055845734
127,7,unrelated,216,0.7974326,1.8085768,0.60128385,71.79958,1.6224997
128,8,orig,-1,0.14338093,0.32518786,0.9283099,71.897255,0.0
129,8,contradict,0,0.14332828,0.32506847,0.92833644,71.88021,0.026817922
130,8,delete,0,0.14402208,0.326642,0.92798936,71.89305,0.010817176
131,8,contradict,1,0.14646181,0.33217534,0.9267697,71.887825,0.0039449097
132,8,delete,1,0.14331788,0.32504487,0.9283416,71.88048,0.025814634
133,8,contradict,2,0.14580666,0.33068943,0.92709696,71.918816,0.0074618254
134,8,delete,2,0.14545758,0.32989773,0.92727196,71.92376,0.0048843445
135,8,contradict,3,0.14320572,0.3247905,0.9283976,71.89757,0.0002527351
136,8,delete,3,0.14496109,0.32877168,0.9275199,71.890625,0.0034743927
137,8,paraphrase,-1,0.14327672,0.32495153,0.92836213,71.90286,0.0007834503
138,8,translate,-1,0.20332515,0.46114135,0.8983379,71.84236,0.08882634
139,8,polarity,-1,0.14807114,0.3358253,0.92596483,71.895966,0.006495297
140,8,vocab,-1,0.14660469,0.33249936,0.9266982,71.88002,0.006137294
141,8,cat,4,0.4453532,1.0100609,0.77732396,71.71897,0.6892325
142,8,shuffle,-1,0.14391586,0.3264011,0.92804265,71.92741,0.01946471
143,8,unrelated,205,0.8632657,1.9578862,0.5683677,72.06229,1.6482829
144,9,orig,-1,0.07577225,0.17185143,0.96211404,71.73064,0.0
145,9,contradict,0,0.10108589,0.22926274,0.94945705,71.719765,0.037940633
146,9,delete,0,0.08415865,0.19087179,0.95792085,71.704575,0.0065205917
147,9,contradict,1,0.069947556,0.15864103,0.9650265,71.71859,0.011337087
148,9,delete,1,0.06763042,0.15338576,0.96618503,71.74218,0.0060732425
149,9,contradict,2,0.20522745,0.46545577,0.8973863,71.48998,0.2517409
150,9,delete,2,0.23024502,0.52219564,0.8848776,71.564995,0.2911449
151,9,contradict,3,0.07859615,0.17825603,0.9607022,71.72748,0.026696071
152,9,delete,3,0.074707486,0.16943654,0.9626466,71.74447,0.013464853
153,9,paraphrase,-1,0.0755327,0.17130813,0.9622339,71.73007,0.00037308768
154,9,translate,-1,0.090077765,0.20429634,0.9549613,71.73475,0.024420995
155,9,polarity,-1,0.081857674,0.18565316,0.95907116,71.68915,0.011863306
156,9,vocab,-1,0.07765435,0.17612003,0.9611731,71.70257,0.016488077
157,9,cat,-1,0.22549549,0.51142365,0.8872523,71.610054,0.29489297
158,9,shuffle,-1,0.08225059,0.1865443,0.9588747,71.7214,0.025009783
159,9,unrelated,68,0.68489283,1.5533366,0.6575535,71.98121,1.5282401
160,10,orig,-1,0.21642399,0.4908495,0.8917883,71.75019,0.0
161,10,contradict,0,0.22208793,0.5036953,0.88895637,71.72236,0.032753557
162,10,delete,0,0.2194303,0.49766782,0.8902854,71.76464,0.008290599
163,10,contradict,1,0.22638288,0.51343626,0.8868089,71.74966,0.010870083
164,10,delete,1,0.21956646,0.49797663,0.89021724,71.72772,0.016782587
165,10,contradict,2,0.2426053,0.5502287,0.8786977,71.630455,0.15610512
166,10,delete,2,0.25929904,0.5880901,0.87035084,71.75322,0.07937038
167,10,contradict,3,0.35376722,0.8023439,0.8231167,71.72365,0.34846953
168,10,delete,3,0.42867112,0.9722259,0.7856647,71.65279,0.6011079
169,10,paraphrase,-1,0.21600528,0.48989987,0.89199775,71.74611,0.0027086276
170,10,translate,-1,0.23373134,0.5301026,0.8831347,71.78218,0.034136787
171,10,polarity,-1,0.22016625,0.49933696,0.8899174,71.73556,0.007465288
172,10,vocab,-1,0.21972995,0.49834743,0.89013547,71.73106,0.004164012
173,10,cat,2,0.3521701,0.7987217,0.82391524,71.620056,0.24471861
174,10,shuffle,-1,0.21981482,0.49853992,0.8900931,71.72924,0.0072390256
175,10,unrelated,26,0.81284094,1.8435229,0.5935803,71.79431,1.3831388
176,11,orig,-1,0.06914449,0.15681967,0.96542823,72.16564,0.0
177,11,contradict,0,0.0769199,0.1744543,0.9615405,72.141235,0.021410711
178,11,delete,0,0.071699485,0.1626144,0.9641508,72.15732,0.0046644253
179,11,contradict,1,0.06746958,0.15302098,0.9662656,72.17104,0.0029506467
180,11,delete,1,0.06976145,0.15821894,0.9651197,72.1967,0.0032643313
181,11,contradict,2,0.072606556,0.16467163,0.96369714,72.17632,0.005676984
182,11,delete,2,0.06847844,0.15530908,0.9657612,72.15933,0.007314294
183,11,contradict,3,0.07089556,0.1607911,0.96455264,72.17319,0.004743452
184,11,delete,3,0.06788356,0.15395989,0.96605873,72.173805,0.0013534286
185,11,paraphrase,-1,0.06864786,0.15569332,0.96567655,72.16927,0.00025588027
186,11,translate,-1,0.07112377,0.16130868,0.96443844,72.15282,0.00891513
187,11,polarity,-1,0.06904961,0.15660448,0.9654755,72.18488,0.0015207944
188,11,vocab,-1,0.067691565,0.15352444,0.9661547,72.17225,0.0015636901
189,11,cat,5,0.33470216,0.7591044,0.83264935,71.91409,0.6855814
190,11,shuffle,-1,0.0694761,0.15757176,0.96526223,72.16074,0.0016207476
191,11,unrelated,67,0.7421645,1.6832287,0.62891835,71.89286,1.6614261
192,12,orig,-1,0.072305664,0.16398922,0.96384746,72.107155,0.0
193,12,contradict,0,0.07719605,0.1750806,0.9614024,72.08976,0.041588943
194,12,delete,0,0.06677337,0.15144198,0.9666136,72.09763,0.01870065
195,12,contradict,1,0.07567401,0.17162862,0.9621633,72.11005,0.0014540452
196,12,delete,1,0.07532173,0.17082964,0.96233946,72.109924,0.0017584737
197,12,contradict,2,0.2747919,0.6232279,0.8626045,71.947365,0.5154574
198,12,delete,2,0.10033302,0.22755525,0.94983387,72.05327,0.05834175
199,12,contradict,3,0.07305371,0.16568579,0.9634736,72.104485,0.0016558743
200,12,delete,3,0.0700695,0.15891759,0.96496564,72.13679,0.005446621
201,12,paraphrase,-1,0.07282382,0.1651644,0.9635884,72.10824,0.00053243514
202,12,translate,-1,0.078977205,0.17912027,0.96051186,72.09663,0.00893123
203,12,polarity,-1,0.07315738,0.1659209,0.9634216,72.1152,0.001925141
204,12,vocab,-1,0.0687087,0.1558313,0.965646,72.09617,0.0024311366
205,12,cat,2,0.52822524,1.1980146,0.7358876,71.88675,1.0104184
206,12,shuffle,-1,0.083123066,0.18852307,0.95843893,72.10059,0.012998376
207,12,unrelated,59,0.83243096,1.887953,0.58378494,71.890396,1.7704196
208,13,orig,-1,0.100085035,0.22699282,0.94995785,71.87004,0.0
209,13,contradict,0,0.10761098,0.24406165,0.9461946,71.87974,0.040248387
210,13,delete,0,0.09882684,0.22413923,0.95058686,71.91402,0.019092912
211,13,contradict,1,0.09723951,0.22053917,0.9513803,71.88234,0.002228474
212,13,delete,1,0.0992707,0.2251459,0.95036477,71.871735,0.0012863175
213,13,contradict,2,0.103276946,0.23423207,0.94836164,71.84952,0.009757347
214,13,delete,2,0.10111083,0.22931932,0.94944483,71.85951,0.0025823645
215,13,contradict,3,0.114860274,0.26050305,0.9425699,71.764595,0.02006981
216,13,delete,3,0.09825169,0.2228348,0.95087427,71.84257,0.0049654073
217,13,paraphrase,-1,0.10084857,0.22872451,0.9495758,71.86365,0.0003410673
218,13,translate,-1,0.10829065,0.24560314,0.94585466,71.82371,0.0092077805
219,13,polarity,-1,0.102186084,0.231758,0.94890726,71.85318,0.001371551
220,13,vocab,-1,0.10294944,0.23348929,0.9485254,71.84944,0.0018606441
221,13,cat,4,0.3575887,0.811011,0.8212058,71.60266,0.5521494
222,13,shuffle,-1,0.09950801,0.22568412,0.95024604,71.85581,0.01911025
223,13,unrelated,206,0.7647203,1.7343854,0.6176401,71.896614,1.4854529
224,14,orig,-1,0.04762072,0.10800377,0.97619003,71.94488,0.0
225,14,contradict,0,0.05181121,0.1175078,0.9740948,71.9802,0.023327734
226,14,delete,0,0.048882212,0.11086483,0.97555935,71.98206,0.010860363
227,14,contradict,1,0.04994367,0.11327222,0.9750285,71.940895,0.008729402
228,14,delete,1,0.052215837,0.118425496,0.97389233,71.95228,0.009427517
229,14,contradict,2,0.18199277,0.4127595,0.9090041,71.85787,0.31588197
230,14,delete,2,0.05145199,0.11669309,0.9742744,71.953804,0.0066546313
231,14,contradict,3,0.047283933,0.10723994,0.9763583,71.95021,0.00046285015
232,14,delete,3,0.04705853,0.106728725,0.9764711,71.95329,0.00044188157
233,14,paraphrase,-1,0.047902405,0.10864263,0.97604907,71.952354,0.00051634345
234,14,translate,-1,0.04693625,0.1064514,0.97653216,71.946014,0.009784933
235,14,polarity,-1,0.047132127,0.10689564,0.97643435,71.94841,0.0009282902
236,14,vocab,-1,0.047483597,0.10769278,0.9762586,71.948685,0.003130395
237,14,cat,-1,0.38691983,0.877534,0.80654037,71.96489,0.84777325
238,14,shuffle,-1,0.049156122,0.11148606,0.97542244,71.98392,0.010927244
239,14,unrelated,168,0.8194578,1.85853,0.5902714,71.772156,1.8487265
240,15,orig,-1,0.063185856,0.1433055,0.9684071,71.99381,0.0
241,15,contradict,0,0.07809813,0.17712653,0.960951,72.0501,0.07591494
242,15,delete,0,0.05992343,0.13590631,0.97003835,72.0139,0.00902771
243,15,contradict,1,0.06273741,0.14228843,0.96863157,71.997154,0.0008278682
244,15,delete,1,0.062472276,0.1416871,0.9687639,72.0003,0.0005911079
245,15,contradict,2,0.12735367,0.28883806,0.93632334,71.85619,0.12488106
246,15,delete,2,0.06906425,0.1566377,0.96546793,71.95861,0.010193893
247,15,contradict,3,0.062396366,0.14151493,0.9688021,71.98567,0.0027226298
248,15,delete,3,0.061393596,0.13924065,0.9693034,72.005615,0.004946992
249,15,paraphrase,-1,0.06325053,0.14345217,0.96837497,71.98865,0.00042809788
250,15,translate,-1,0.08065607,0.18292792,0.9596721,71.96701,0.017747944
251,15,polarity,-1,0.066421546,0.15064403,0.9667893,71.99643,0.002922498
252,15,vocab,-1,0.063324995,0.14362106,0.96833754,71.98804,0.00366181
253,15,cat,3,0.5413528,1.227788,0.72932374,71.848076,1.0924587
254,15,shuffle,-1,0.06799431,0.15421107,0.96600294,71.96715,0.013636634
255,15,unrelated,186,0.8885361,2.0151994,0.5557322,72.017456,1.9347832
256,16,orig,-1,0.10789917,0.24471526,0.946051,72.08029,0.0
257,16,contradict,0,0.11435626,0.25935993,0.94282234,72.049934,0.020942729
258,16,delete,0,0.10410068,0.2361003,0.94795,72.107834,0.0058168783
259,16,contradict,1,0.11610347,0.26332262,0.9419484,72.05307,0.01098352
260,16,delete,1,0.1232275,0.27947992,0.9383866,72.05936,0.015499749
261,16,contradict,2,0.10009339,0.22701176,0.9499539,72.020164,0.018898219
262,16,delete,2,0.10768254,0.24422395,0.94615906,72.05775,0.00731054
263,16,contradict,3,0.10387609,0.23559093,0.94806236,72.06162,0.008983324
264,16,delete,3,0.101210736,0.2295459,0.949395,72.08528,0.0055928174
265,16,paraphrase,-1,0.1088019,0.24676266,0.9455993,72.08343,0.00032628435
266,16,translate,-1,0.11017181,0.24986961,0.94491434,72.06077,0.027664607
267,16,polarity,-1,0.116151355,0.26343122,0.94192475,72.079475,0.0053168284
268,16,vocab,-1,0.11011429,0.24973917,0.9449433,72.08123,0.0026504307
269,16,cat,-1,0.27569145,0.6252681,0.8621547,71.886215,0.46854958
270,16,shuffle,-1,0.12808113,0.29048795,0.9359599,72.0355,0.020182304
271,16,unrelated,247,0.82901037,1.8801951,0.5854952,71.77908,1.7741481
272,17,orig,-1,0.07058843,0.16009453,0.9647062,71.976746,0.0
273,17,contradict,0,0.07423258,0.16835946,0.962884,71.95172,0.012059174
274,17,delete,0,0.07904421,0.17927223,0.96047837,72.00211,0.011308797
275,17,contradict,1,0.081857845,0.18565355,0.95907134,71.99743,0.009866254
276,17,delete,1,0.07601005,0.17239076,0.9619953,71.990555,0.0033789538
277,17,contradict,2,0.07440594,0.16875264,0.96279746,71.98005,0.011522677
278,17,delete,2,0.075036,0.1701816,0.9624822,71.99396,0.010326551
279,17,contradict,3,0.07146888,0.16209139,0.964266,71.95778,0.002559754
280,17,delete,3,0.072251335,0.163866,0.9638748,71.9651,0.0022266284
281,17,paraphrase,-1,0.07075921,0.16048186,0.9646209,71.977234,0.0007684334
282,17,translate,-1,0.07422724,0.16834736,0.9628868,71.98445,0.009830383
283,17,polarity,-1,0.07027005,0.15937243,0.9648655,71.98139,0.0026505594
284,17,vocab,-1,0.07299264,0.16554727,0.96350425,71.97044,0.008589829
285,17,cat,3,0.6151167,1.3950844,0.6924421,71.90331,1.244225
286,17,shuffle,-1,0.07925122,0.17974174,0.96037495,71.948006,0.016594056
287,17,unrelated,105,0.8237688,1.8683072,0.58811617,71.827545,1.7777959
288,18,orig,-1,0.042752415,0.09696246,0.9786239,72.11403,0.0
289,18,contradict,0,0.05194081,0.11780173,0.97402966,72.12349,0.026270203
290,18,delete,0,0.049514815,0.11229958,0.9752429,72.130875,0.014751014
291,18,contradict,1,0.042421933,0.09621292,0.97878915,72.10741,0.00042335858
292,18,delete,1,0.044093158,0.100003265,0.9779536,72.1212,0.0017016191
293,18,contradict,2,0.04304497,0.09762597,0.97847795,72.10316,0.0032880642
294,18,delete,2,0.043204162,0.09798702,0.97839826,72.11807,0.0012514401
295,18,contradict,3,0.05002714,0.11346153,0.9749869,72.09291,0.016206918
296,18,delete,3,0.042049758,0.09536883,0.97897524,72.113815,0.0066939327
297,18,paraphrase,-1,0.043426957,0.09849232,0.9782867,72.109116,0.0006087205
298,18,translate,-1,0.048407212,0.10978754,0.9757965,72.082855,0.019945897
299,18,polarity,-1,0.04464558,0.10125616,0.9776774,72.107376,0.002385064
300,18,vocab,-1,0.044832952,0.10168111,0.97758365,72.11875,0.00263888
301,18,cat,-1,0.39785674,0.9023389,0.80107176,72.143105,0.86724836
302,18,shuffle,-1,0.051227164,0.116183184,0.9743866,72.1219,0.014005833
303,18,unrelated,215,0.7395156,1.6772211,0.63024247,71.944916,1.6437368
304,19,orig,-1,0.108336166,0.24570638,0.9458324,71.967384,0.0
305,19,contradict,0,0.14082435,0.31938955,0.92958814,71.951164,0.05730906
306,19,delete,0,0.13111758,0.2973746,0.9344415,72.03027,0.04095112
307,19,contradict,1,0.15141448,0.343408,0.92429304,71.90869,0.06259431
308,19,delete,1,0.1252127,0.28398234,0.93739384,71.97818,0.0143176
309,19,contradict,2,0.14424789,0.32715416,0.92787635,71.84422,0.06592976
310,19,delete,2,0.1162887,0.26374272,0.9418559,71.93552,0.00812571
311,19,contradict,3,0.21130748,0.47924528,0.8943468,71.84077,0.17331386
312,19,delete,3,0.12905133,0.29268834,0.9354746,71.95632,0.04763075
313,19,paraphrase,-1,0.11038319,0.25034901,0.9448088,71.96119,0.0009952149
314,19,translate,-1,0.14053045,0.318723,0.929735,71.94064,0.030791953
315,19,polarity,-1,0.1119809,0.25397262,0.9440099,71.957375,0.0050909794
316,19,vocab,-1,0.11535946,0.2616352,0.94232076,71.9584,0.006296391
317,19,cat,4,0.29940525,0.679051,0.8502978,71.67469,0.3824859
318,19,shuffle,-1,0.11994304,0.27203077,0.9400287,71.99823,0.013554475
319,19,unrelated,240,0.7762367,1.7605045,0.611882,71.9097,1.63957
320,20,orig,-1,0.17996868,0.4081689,0.9100161,72.194,0.0
321,20,contradict,0,0.18226224,0.41337067,0.9088691,72.173676,0.0067918845
322,20,delete,0,0.18132201,0.41123822,0.9093395,72.182,0.0029653546
323,20,contradict,1,0.1786479,0.40517336,0.9106763,72.21232,0.0031581125
324,20,delete,1,0.17928107,0.4066094,0.91035986,72.20199,0.0025986896
325,20,contradict,2,0.19096467,0.4331078,0.90451795,72.08143,0.036197536
326,20,delete,2,0.1882126,0.4268661,0.9058941,72.166435,0.025876734
327,20,contradict,3,0.20360252,0.46177045,0.89819896,71.993996,0.044602666
328,20,delete,3,0.1865702,0.42314112,0.90671533,72.13401,0.019244654
329,20,paraphrase,-1,0.18033738,0.4090051,0.9098315,72.193825,0.00073272415
330,20,translate,-1,0.17700455,0.40144622,0.9114982,72.17628,0.017955068
331,20,polarity,-1,0.18004104,0.408333,0.9099799,72.166916,0.0027923174
332,20,vocab,-1,0.18047607,0.40931964,0.9097623,72.17582,0.0021583592
333,20,cat,-1,0.7548751,1.7120564,0.6225628,71.67411,1.3882047
334,20,shuffle,-1,0.18071745,0.4098671,0.9096416,72.1693,0.0026493282
335,20,unrelated,58,1.2361273,2.8035362,0.3819368,71.920296,2.5884616
336,21,orig,-1,0.14821242,0.3361457,0.92589396,71.79754,0.0
337,21,contradict,0,0.1524276,0.34570572,0.92378616,71.8125,0.046356127
338,21,delete,0,0.15435502,0.35007712,0.9228227,71.81484,0.012606866
339,21,contradict,1,0.15934548,0.36139548,0.92032737,71.787964,0.0063031022
340,21,delete,1,0.15497066,0.3514734,0.92251486,71.81338,0.007898244
341,21,contradict,2,0.14026478,0.31812045,0.92986774,71.80046,0.0048848777
342,21,delete,2,0.14607608,0.3313005,0.92696226,71.79188,0.0008271758
343,21,contradict,3,0.15404436,0.34937254,0.9229782,71.78277,0.027563602
344,21,delete,3,0.1539034,0.34905282,0.9230485,71.79598,0.010287054
345,21,paraphrase,-1,0.14797322,0.3356032,0.9260135,71.796265,0.00029704455
346,21,translate,-1,0.15438904,0.35015428,0.9228058,71.77474,0.01275239
347,21,polarity,-1,0.15114392,0.34279436,0.9244282,71.80911,0.0017660374
348,21,vocab,-1,0.14667155,0.33265102,0.92666453,71.797455,0.0054594497
349,21,cat,-1,0.42055407,0.9538165,0.78972304,71.77378,0.79102135
350,21,shuffle,-1,0.15392616,0.34910446,0.923037,71.80006,0.022538183
351,21,unrelated,251,0.65978426,1.4963905,0.670108,71.89273,1.2713006
352,22,orig,-1,0.076655924,0.1738556,0.96167225,72.07329,0.0
353,22,contradict,0,0.10839145,0.24583176,0.94580436,71.98937,0.0733968
354,22,delete,0,0.08504094,0.19287282,0.95747966,72.06858,0.01610554
355,22,contradict,1,0.078562036,0.17817867,0.9607191,72.09171,0.002139831
356,22,delete,1,0.0768143,0.1742148,0.96159303,72.084404,0.0015220338
357,22,contradict,2,0.4609177,1.0453612,0.76954126,71.90399,0.9831251
358,22,delete,2,0.17290536,0.39214927,0.9135476,71.82292,0.29207066
359,22,contradict,3,0.07951701,0.18034454,0.9602417,72.051094,0.014230449
360,22,delete,3,0.08036821,0.18227507,0.9598159,72.07548,0.0019020912
361,22,paraphrase,-1,0.07678753,0.17415409,0.96160644,72.072975,0.00016586615
362,22,translate,-1,0.09534991,0.21625355,0.9523252,72.05698,0.028197737
363,22,polarity,-1,0.07809454,0.17711839,0.9609527,72.078,0.0035068288
364,22,vocab,-1,0.07495658,0.17000149,0.962522,72.05952,0.0021876313
365,22,cat,2,0.29590535,0.6711132,0.8520475,72.05916,0.4742808
366,22,shuffle,-1,0.0854014,0.19369034,0.95729953,72.039276,0.026362803
367,22,unrelated,130,0.830095,1.882655,0.5849526,71.99268,1.8021278
368,23,orig,-1,0.17621331,0.3996517,0.91189384,71.88428,0.0
369,23,contradict,0,0.1989949,0.45132035,0.9005029,71.86532,0.071008995
370,23,delete,0,0.18733048,0.42486545,0.9063352,71.874825,0.020895863
371,23,contradict,1,0.18996422,0.43083876,0.9050182,71.88383,0.02358915
372,23,delete,1,0.18874575,0.42807528,0.9056273,71.88892,0.023134144
373,23,contradict,2,0.23269038,0.5277417,0.8836553,71.840096,0.13530695
374,23,delete,2,0.20112559,0.45615277,0.8994376,71.88567,0.05670009
375,23,contradict,3,0.19105008,0.4333015,0.9044753,71.922356,0.039909527
376,23,delete,3,0.18407904,0.41749117,0.9079608,71.92379,0.028295612
377,23,paraphrase,-1,0.17704366,0.40153494,0.91147846,71.88501,0.00033361092
378,23,translate,-1,0.19749448,0.44791737,0.90125316,71.914314,0.06164575
379,23,polarity,-1,0.18286599,0.41474,0.9085672,71.90371,0.009416226
380,23,vocab,-1,0.18008177,0.40842536,0.90995944,71.895004,0.002507218
381,23,cat,-1,0.5011479,1.1366032,0.7494264,71.73565,0.90661395
382,23,shuffle,-1,0.2116977,0.48013029,0.89415133,71.867226,0.054618593
383,23,unrelated,112,0.8332492,1.8898089,0.58337563,71.86492,1.7046647
384,24,orig,-1,0.06636615,0.1505184,0.9668173,72.11938,0.0
385,24,contradict,0,0.072999835,0.1655636,0.96350056,72.10617,0.008483316
386,24,delete,0,0.068450145,0.1552449,0.9657753,72.1055,0.0042684255
387,24,contradict,1,0.06692867,0.1517942,0.96653587,72.11439,0.0007515251
388,24,delete,1,0.06849555,0.15534787,0.9657527,72.123886,0.004223475
389,24,contradict,2,0.0667933,0.15148717,0.96660376,72.11483,0.001009105
390,24,delete,2,0.06598969,0.14966458,0.9670058,72.1121,0.00056350534
391,24,contradict,3,0.110105954,0.24972026,0.94494724,72.07497,0.10291629
392,24,delete,3,0.06619172,0.15012279,0.96690464,72.08508,0.017227191
393,24,paraphrase,-1,0.066273496,0.15030825,0.9668638,72.11923,0.00022672238
394,24,translate,-1,0.07206216,0.16343693,0.9639693,72.10324,0.010900065
395,24,polarity,-1,0.067621335,0.15336516,0.96618986,72.120255,0.0028355
396,24,vocab,-1,0.06797235,0.15416126,0.96601427,72.11989,0.004074962
397,24,cat,-1,0.5494606,1.2461764,0.7252702,72.06179,1.1002079
398,24,shuffle,-1,0.06898022,0.1564471,0.9655103,72.11561,0.0032921273
399,24,unrelated,84,0.8153755,1.8492713,0.5923127,72.13656,1.7166239
400,25,orig,-1,0.123545155,0.28020036,0.9382277,72.055214,0.0
401,25,contradict,0,0.13279018,0.30116805,0.9336052,72.05118,0.009638736
402,25,delete,0,0.126604,0.28713784,0.9366981,72.05608,0.0038715934
403,25,contradict,1,0.12046969,0.2732252,0.9397652,72.04429,0.0026042955
404,25,delete,1,0.12562075,0.28490782,0.9371898,72.01982,0.008645632
405,25,contradict,2,0.20612004,0.46748018,0.8969401,71.919334,0.15239975
406,25,delete,2,0.18623038,0.4223704,0.906885,71.96438,0.11014897
407,25,contradict,3,0.1235198,0.28014284,0.93824023,72.05018,0.00017720011
408,25,delete,3,0.12748882,0.2891446,0.93625575,72.03617,0.0039318427
409,25,paraphrase,-1,0.12346885,0.2800273,0.9382658,72.05724,0.00021656303
410,25,translate,-1,0.1326867,0.3009334,0.9336568,72.00132,0.021384094
411,25,polarity,-1,0.123254165,0.2795404,0.93837315,72.053375,0.0019674029
412,25,vocab,-1,0.12351646,0.28013527,0.93824184,72.031525,0.0018206843
413,25,cat,-1,0.39056057,0.8857912,0.8047198,71.83415,0.6111068
414,25,shuffle,-1,0.13947737,0.3163346,0.9302615,71.99124,0.04150717
415,25,unrelated,147,0.8305625,1.8837153,0.58471906,72.01205,1.7003186
416,26,orig,-1,0.07533764,0.17086573,0.96233165,71.79431,0.0
417,26,contradict,0,0.081302345,0.18439369,0.95934916,71.796,0.009838975
418,26,delete,0,0.075136185,0.17040883,0.962432,71.789276,0.0013841479
419,26,contradict,1,0.07684322,0.17428038,0.96157867,71.79299,0.0073311175
420,26,delete,1,0.07566509,0.17160839,0.96216786,71.80292,0.0059187375
421,26,contradict,2,0.16586944,0.37619182,0.91706544,71.638435,0.23359168
422,26,delete,2,0.08448241,0.19160606,0.95775914,71.795204,0.018558983
423,26,paraphrase,-1,0.07526331,0.17069715,0.9623686,71.7993,0.0002672496
424,26,translate,-1,0.079039454,0.17926145,0.9604804,71.77399,0.007443997
425,26,polarity,-1,0.07577819,0.1718649,0.9621113,71.79345,0.0012493059
426,26,vocab,-1,0.07572545,0.17174529,0.9621377,71.791084,0.00079269474
427,26,cat,-1,0.36653635,0.83130425,0.8167321,71.826324,0.6820563
428,26,shuffle,-1,0.07611431,0.17262723,0.9619428,71.78645,0.0022147503
429,26,unrelated,36,0.64982873,1.4738113,0.67508584,72.071815,1.3794096
430,27,orig,-1,0.1443216,0.32732135,0.9278394,72.02855,0.0
431,27,contradict,0,0.1508912,0.34222117,0.9245548,71.989746,0.019278025
432,27,delete,0,0.14566529,0.33036882,0.92716765,72.00928,0.0066317343
433,27,contradict,1,0.14034212,0.31829587,0.9298293,72.01178,0.001671183
434,27,delete,1,0.13531221,0.30688804,0.9323443,72.021576,0.0055963728
435,27,contradict,2,0.15332417,0.34773916,0.92333823,71.95479,0.04565314
436,27,delete,2,0.14274329,0.3237417,0.92862844,71.99844,0.01791098
437,27,contradict,3,0.15471724,0.35089862,0.92264175,72.02828,0.007828422
438,27,delete,3,0.15332872,0.34774947,0.9233359,72.037994,0.00599251
439,27,paraphrase,-1,0.14443675,0.32758248,0.9277818,72.026306,0.00040948426
440,27,translate,-1,0.15612453,0.35409036,0.9219381,71.99608,0.012417625
441,27,polarity,-1,0.1507663,0.3419379,0.9246173,72.02416,0.009207676
442,27,vocab,-1,0.13648614,0.30955052,0.9317572,72.019615,0.011306164
443,27,cat,4,0.5194017,1.1780028,0.74029964,72.00163,1.0342515
444,27,shuffle,-1,0.15438315,0.35014093,0.92280877,71.9946,0.018155891
445,27,unrelated,18,1.02239,2.3187802,0.48880544,72.11403,2.355082
446,28,orig,-1,0.07052422,0.1599489,0.96473813,71.86037,0.0
447,28,contradict,0,0.07122718,0.1615432,0.96438676,71.827,0.009587249
448,28,delete,0,0.06980758,0.15832357,0.96509624,71.85137,0.0068279537
449,28,contradict,1,0.06921172,0.15697215,0.9653941,71.85635,0.0007971877
450,28,delete,1,0.07011123,0.15901224,0.9649446,71.85979,0.0006566902
451,28,contradict,2,0.06960456,0.15786311,0.96519804,71.86282,0.0009736076
452,28,delete,2,0.0690171,0.15653075,0.9654916,71.86368,0.0012447091
453,28,contradict,3,0.08260523,0.18734862,0.9586976,71.77565,0.017547611
454,28,delete,3,0.08266997,0.18749547,0.9586652,71.808655,0.013176576
455,28,paraphrase,-1,0.07041881,0.15970984,0.9647907,71.85555,0.00022664551
456,28,translate,-1,0.07267668,0.16483068,0.9636617,71.836365,0.01942292
457,28,polarity,-1,0.07147574,0.16210695,0.96426225,71.85332,0.0012997112
458,28,vocab,-1,0.07078502,0.1605404,0.9646078,71.84674,0.00074307696
459,28,cat,4,0.409439,0.92860746,0.79528064,71.58809,0.8414765
460,28,shuffle,-1,0.09032007,0.20484589,0.9548402,71.77071,0.041016106
461,28,unrelated,194,0.7932667,1.7991285,0.6033669,71.95903,1.8240536
462,29,orig,-1,0.06404226,0.14524782,0.9679793,71.80476,0.0
463,29,contradict,0,0.091988765,0.20863047,0.95400614,71.81148,0.04287424
464,29,delete,0,0.07676995,0.17411421,0.9616155,71.79057,0.022187075
465,29,contradict,1,0.06495489,0.14731766,0.96752286,71.804695,0.00046113765
466,29,delete,1,0.06318958,0.14331394,0.9684054,71.81384,0.0014009173
467,29,contradict,2,0.06388422,0.14488938,0.9680584,71.80826,0.0020112526
468,29,delete,2,0.063907765,0.14494278,0.96804655,71.807076,0.0017862766
469,29,contradict,3,0.06575034,0.14912173,0.9671252,71.801216,0.0009959867
470,29,delete,3,0.06829053,0.1548829,0.96585494,71.805405,0.0049077533
471,29,paraphrase,-1,0.06455855,0.14641877,0.967721,71.80375,0.00022464433
472,29,translate,-1,0.0774202,0.17558898,0.96129036,71.76986,0.015263769
473,29,polarity,-1,0.06543235,0.14840053,0.967284,71.80998,0.0012596879
474,29,vocab,-1,0.06465775,0.14664374,0.96767163,71.80934,0.0014788228
475,29,cat,4,0.30729294,0.69694024,0.8463538,71.741356,0.5486912
476,29,shuffle,-1,0.08226348,0.18657354,0.9588687,71.750725,0.03563117
477,29,unrelated,132,0.7659075,1.737078,0.6170466,71.76625,1.6050782
478,30,orig,-1,0.09839673,0.22316375,0.95080215,71.994965,0.0
479,30,contradict,0,0.117446706,0.26636907,0.94127715,71.988556,0.0435191
480,30,delete,0,0.12599073,0.28574693,0.9370051,72.00364,0.039223216
481,30,contradict,1,0.09501001,0.21548267,0.95249546,71.98842,0.0049402835
482,30,delete,1,0.096765414,0.21946391,0.95161766,72.002266,0.003053162
483,30,contradict,2,0.2704326,0.613341,0.864784,71.74642,0.29858857
484,30,delete,2,0.16177784,0.36691207,0.91911125,71.77772,0.106408104
485,30,contradict,3,0.09946816,0.22559373,0.9502665,71.99155,0.00060927053
486,30,delete,3,0.09621555,0.21821684,0.9518927,72.01114,0.012324166
487,30,paraphrase,-1,0.0998586,0.22647925,0.95007116,71.988075,0.0010657378
488,30,translate,-1,0.11006449,0.24962622,0.9449683,71.9244,0.023447718
489,30,polarity,-1,0.10126879,0.22967757,0.9493661,71.98158,0.0011402444
490,30,vocab,-1,0.10357265,0.23490272,0.9482142,71.988144,0.006270247
491,30,cat,2,0.46267337,1.049343,0.76866376,71.540245,0.74191386
492,30,shuffle,-1,0.10457796,0.23718277,0.9477116,71.98361,0.0047213132
493,30,unrelated,134,0.82402295,1.8688837,0.58798885,71.88705,1.706684
494,31,orig,-1,0.23137479,0.5247579,0.8843126,71.7656,0.0
495,31,contradict,0,0.23949346,0.54317105,0.88025373,71.6872,0.04292527
496,31,delete,0,0.23462692,0.53213376,0.88268673,71.6821,0.028850725
497,31,contradict,1,0.2306395,0.5230903,0.8846804,71.7255,0.015013
498,31,delete,1,0.23299262,0.5284272,0.88350374,71.72945,0.012047923
499,31,contradict,2,0.23791154,0.53958327,0.8810444,71.7373,0.06449984
500,31,delete,2,0.1988844,0.4510697,0.90055794,71.68282,0.06687645
501,31,contradict,3,0.23088045,0.52363676,0.88455975,71.76174,0.0019963956
502,31,delete,3,0.26122966,0.59246874,0.86938524,71.82027,0.020359842
503,31,paraphrase,-1,0.23044029,0.5226385,0.88478,71.7736,0.00048074848
504,31,translate,-1,0.24963494,0.56617194,0.8751826,71.80229,0.02193587
505,31,polarity,-1,0.2239893,0.50800765,0.88800526,71.7494,0.0027713634
506,31,vocab,-1,0.22044858,0.4999773,0.889776,71.7529,0.0102788955
507,31,cat,-1,0.54043424,1.2257047,0.72978294,71.6552,0.7805235
508,31,shuffle,-1,0.20924976,0.47457838,0.89537495,71.80394,0.23881721
509,31,unrelated,97,0.81654227,1.8519175,0.5917289,71.959984,1.5635803
510,32,orig,-1,0.060578786,0.13739266,0.9697112,71.94582,0.0
511,32,contradict,0,0.066642605,0.1511454,0.9666794,71.94553,0.009656209
512,32,delete,0,0.07299055,0.16554254,0.96350545,71.96592,0.013057291
513,32,contradict,1,0.0629337,0.1427336,0.96853375,71.90756,0.014102317
514,32,delete,1,0.058325537,0.13228229,0.9708379,71.93852,0.0026482362
515,32,contradict,2,0.064425565,0.14611715,0.9677879,71.94748,0.007318478
516,32,delete,2,0.062436365,0.14160565,0.96878254,71.94479,0.0026422848
517,32,contradict,3,0.062497117,0.14174344,0.96875197,71.94843,0.002258093
518,32,delete,3,0.05853479,0.13275687,0.9707333,71.93005,0.0023474738
519,32,paraphrase,-1,0.060269028,0.13669012,0.96986616,71.945076,0.0003497069
520,32,translate,-1,0.062828854,0.14249581,0.9685862,71.885826,0.018060185
521,32,polarity,-1,0.06340845,0.14381033,0.96829635,71.94664,0.0016360144
522,32,vocab,-1,0.06128853,0.13900235,0.96935624,71.950676,0.0012529077
523,32,cat,-1,0.40683404,0.9226994,0.79658365,71.837616,0.84873205
524,32,shuffle,-1,0.08003833,0.1815269,0.9599816,71.94687,0.024110682
525,32,unrelated,87,0.90379107,2.0497978,0.548105,72.025185,2.0601256
526,33,orig,-1,0.0741358,0.16813996,0.96293247,72.34647,0.0
527,33,contradict,0,0.078902856,0.17895164,0.9605491,72.33513,0.018776372
528,33,delete,0,0.07421442,0.16831827,0.9628931,72.34595,0.002877276
529,33,contradict,1,0.074810095,0.16966926,0.9625953,72.33147,0.003758847
530,33,delete,1,0.07553288,0.17130855,0.9622338,72.354774,0.0021868295
531,33,contradict,2,0.1317698,0.29885387,0.93411535,72.189995,0.16525345
532,33,delete,2,0.075269334,0.17071082,0.96236575,72.276596,0.033714965
533,33,contradict,3,0.07412076,0.16810586,0.9629399,72.348404,0.0044141137
534,33,delete,3,0.07471159,0.16944586,0.9626445,72.342094,0.0040241135
535,33,paraphrase,-1,0.074048094,0.16794105,0.96297634,72.34675,0.0007018944
536,33,translate,-1,0.07850279,0.17804429,0.9607487,72.32271,0.011575608
537,33,polarity,-1,0.076490656,0.17348078,0.96175486,72.348206,0.0009646757
538,33,vocab,-1,0.07410161,0.16806242,0.9629497,72.35502,0.0013869995
539,33,cat,-1,0.6215667,1.409713,0.6892172,72.02848,1.2673805
540,33,shuffle,-1,0.07467883,0.16937156,0.9626609,72.33938,0.0020271703
541,33,unrelated,131,0.9767087,2.215175,0.51164603,72.123344,2.1290143
542,34,orig,-1,0.24346355,0.5521752,0.8782685,71.61743,0.0
543,34,contradict,0,0.25075814,0.5687193,0.87462157,71.584236,0.045431964
544,34,delete,0,0.23965657,0.543541,0.8801719,71.60445,0.010903746
545,34,contradict,1,0.24399371,0.5533776,0.8780033,71.61454,0.0004657615
546,34,delete,1,0.24416527,0.5537667,0.8779177,71.620834,0.0009608926
547,34,contradict,2,0.26550093,0.602156,0.8672497,71.51181,0.26093695
548,34,delete,2,0.24272092,0.5504909,0.87864,71.47626,0.16491242
549,34,contradict,3,0.25134754,0.57005614,0.8743265,71.61257,0.034041192
550,34,delete,3,0.27779987,0.63005,0.86110055,71.66587,0.027993336
551,34,paraphrase,-1,0.24262509,0.5502736,0.87868774,71.61054,0.0008486917
552,34,translate,-1,0.25666255,0.5821105,0.871669,71.583626,0.013920596
553,34,polarity,-1,0.24282067,0.5507172,0.87859005,71.604614,0.0033455256
554,34,vocab,-1,0.24530911,0.55636096,0.87734586,71.61011,0.004232172
555,34,cat,2,0.3725719,0.8449929,0.8137143,71.571434,0.46006578
556,34,shuffle,-1,0.23902926,0.54211825,0.88048595,71.608696,0.0030461312
557,34,unrelated,24,0.8408901,1.9071383,0.5795552,72.11938,1.4827688
558,35,orig,-1,0.04505344,0.10218118,0.97747356,71.91608,0.0
559,35,contradict,0,0.05019613,0.1138448,0.97490245,71.91712,0.008206894
560,35,delete,0,0.046815537,0.10617762,0.97659266,71.91975,0.0024251903
561,35,contradict,1,0.046090886,0.10453411,0.97695494,71.91378,0.00053376716
562,35,delete,1,0.048630092,0.11029303,0.9756853,71.91955,0.00498448
563,35,contradict,2,0.044314384,0.100505,0.9778433,71.92837,0.004724248
564,35,delete,2,0.0469082,0.10638778,0.9765461,71.909805,0.002667304
565,35,contradict,3,0.04754149,0.10782408,0.97622967,71.931015,0.0043922486
566,35,delete,3,0.04535746,0.102870695,0.9773216,71.9166,0.0016084492
567,35,paraphrase,-1,0.046194285,0.10476862,0.97690344,71.912445,0.00056861906
568,35,translate,-1,0.047249828,0.10716259,0.9763754,71.901344,0.010275267
569,35,polarity,-1,0.04459747,0.10114704,0.97770184,71.91831,0.0013091941
570,35,vocab,-1,0.05014631,0.11373181,0.9749273,71.90473,0.006302119
571,35,cat,3,0.27989525,0.6348023,0.86005265,71.93457,0.5808212
572,35,shuffle,-1,0.057842422,0.13118659,0.9710793,71.96504,0.02941508
573,35,unrelated,170,0.78766906,1.7864331,0.6061659,72.024605,1.8243304
574,36,orig,-1,0.07794616,0.17678186,0.96102715,72.071815,0.0
575,36,contradict,0,0.08312563,0.1885289,0.9584377,72.07187,0.010393614
576,36,delete,0,0.08274544,0.18766662,0.9586274,72.08453,0.0036105393
577,36,contradict,1,0.07772072,0.17627054,0.9611399,72.07277,0.0042884257
578,36,delete,1,0.07855339,0.17815906,0.9607237,72.07673,0.0029145135
579,36,contradict,2,0.11811098,0.26787564,0.9409448,72.05761,0.08995204
580,36,delete,2,0.10281332,0.23318057,0.9485936,72.01794,0.046168674
581,36,contradict,3,0.124389865,0.28211614,0.93780535,72.00982,0.09928365
582,36,delete,3,0.11233795,0.2547824,0.9438313,72.064224,0.06872423
583,36,paraphrase,-1,0.07870088,0.17849356,0.9606501,72.0647,0.00040538938
584,36,translate,-1,0.080561124,0.1827126,0.9597198,72.05651,0.010800836
585,36,polarity,-1,0.07765367,0.1761185,0.9611735,72.06865,0.001228928
586,36,vocab,-1,0.07723241,0.17516308,0.96138424,72.064575,0.0013766583
587,36,cat,-1,0.38420475,0.8713762,0.80789787,72.03134,0.7526625
588,36,shuffle,-1,0.096055456,0.21785372,0.9519727,72.080414,0.056201916
589,36,unrelated,122,0.7506462,1.7024652,0.6246772,71.92981,1.5752519
590,37,orig,-1,0.04890524,0.11091706,0.9755476,72.046425,0.0
591,37,contradict,0,0.052120198,0.11820859,0.9739402,72.059326,0.0118377125
592,37,delete,0,0.048498064,0.10999359,0.9757512,72.03629,0.0042530643
593,37,contradict,1,0.05080263,0.11522034,0.974599,72.04351,0.0026533648
594,37,delete,1,0.049295742,0.11180272,0.9753526,72.051216,0.00095840316
595,37,contradict,2,0.048339095,0.10963304,0.97583103,72.05478,0.0043928497
596,37,delete,2,0.050860636,0.1153519,0.97457004,72.04863,0.002525215
597,37,contradict,3,0.05036459,0.11422687,0.9748179,72.04099,0.004583283
598,37,delete,3,0.0514704,0.11673484,0.9742651,72.062065,0.0039684544
599,37,paraphrase,-1,0.04873248,0.110525236,0.9756341,72.04281,0.00044066925
600,37,translate,-1,0.05123649,0.116204344,0.9743823,72.04605,0.009088671
601,37,polarity,-1,0.048472866,0.10993644,0.97576416,72.05903,0.0010704536
602,37,vocab,-1,0.050706666,0.1150027,0.97464705,72.050865,0.0022623641
603,37,cat,3,0.43193045,0.9796181,0.78403515,71.941895,0.8838244
604,37,shuffle,-1,0.050848275,0.115323864,0.9745761,72.03338,0.012839471
605,37,unrelated,113,0.89733267,2.03515,0.5513342,71.679375,1.9676698
606,38,orig,-1,0.14359024,0.3256626,0.92820525,71.87713,0.0
607,38,contradict,0,0.14681877,0.33298492,0.92659104,71.847916,0.012805506
608,38,delete,0,0.14521988,0.3293586,0.9273904,71.872696,0.0057494547
609,38,contradict,1,0.14426576,0.32719466,0.9278676,71.868385,0.0015930283
610,38,delete,1,0.14196146,0.32196853,0.9290196,71.87309,0.0017743633
611,38,contradict,2,0.1496768,0.33946693,0.92516196,71.86367,0.004911316
612,38,delete,2,0.14605519,0.3312531,0.92697275,71.88738,0.001873308
613,38,contradict,3,0.15065926,0.34169513,0.92467064,71.87201,0.0039996756
614,38,delete,3,0.14943455,0.3389175,0.9252832,71.85682,0.0029239384
615,38,paraphrase,-1,0.14360164,0.32568845,0.92819965,71.87327,0.00095467456
616,38,translate,-1,0.14142498,0.3207518,0.9292877,71.87242,0.009649752
617,38,polarity,-1,0.14428386,0.32723573,0.92785853,71.89035,0.002525297
618,38,vocab,-1,0.14563063,0.3302902,0.92718494,71.88619,0.008540449
619,38,cat,-1,0.32874542,0.7455945,0.8356275,71.86888,0.51288384
620,38,shuffle,-1,0.14626792,0.33173558,0.9268664,71.887634,0.018868344
621,38,unrelated,226,1.2405983,2.8136764,0.37970102,72.441086,2.6902144
622,39,orig,-1,0.04688775,0.1063414,0.97655654,72.185234,0.0
623,39,contradict,0,0.054567646,0.1237594,0.97271675,72.19939,0.01692673
624,39,delete,0,0.047484398,0.107694596,0.97625816,72.18783,0.0026385302
625,39,contradict,1,0.04983983,0.11303671,0.9750805,72.18938,0.0022793312
626,39,delete,1,0.04820192,0.10932193,0.9758993,72.191055,0.0011683188
627,39,contradict,2,0.09715192,0.2203405,0.9514246,72.12599,0.10087298
628,39,delete,2,0.0514085,0.116594456,0.97429615,72.19717,0.009246568
629,39,contradict,3,0.047286313,0.10724533,0.9763572,72.18982,0.0011594612
630,39,delete,3,0.04612586,0.10461343,0.97693753,72.1781,0.00058773044
631,39,paraphrase,-1,0.047066085,0.10674586,0.97646725,72.18502,0.00020860374
632,39,translate,-1,0.046349727,0.10512116,0.9768255,72.18131,0.004478187
633,39,polarity,-1,0.047345214,0.10737892,0.9763276,72.18234,0.0008637386
634,39,vocab,-1,0.046848774,0.106253,0.97657603,72.176476,0.004145582
635,39,cat,-1,0.3536572,0.80209434,0.82317185,72.05049,0.76552397
636,39,shuffle,-1,0.063722715,0.14452308,0.9681389,72.1696,0.026951997
637,39,unrelated,41,0.5222179,1.1843901,0.7388915,71.86902,1.1736251
638,40,orig,-1,0.05426786,0.123079486,0.9728663,71.73032,0.0
639,40,contradict,0,0.06856523,0.15550591,0.96571773,71.7267,0.022013001
640,40,delete,0,0.061941423,0.14048313,0.9690293,71.75488,0.016065216
641,40,contradict,1,0.05777502,0.13103372,0.97111285,71.72306,0.0039189802
642,40,delete,1,0.057023324,0.12932888,0.9714888,71.736115,0.002553319
643,40,contradict,2,0.17837067,0.4045446,0.91081506,71.672844,0.28563792
644,40,delete,2,0.103302315,0.2342896,0.9483492,71.68456,0.11560406
645,40,contradict,3,0.05544222,0.12574293,0.9722793,71.72098,0.004099643
646,40,delete,3,0.05432629,0.123211995,0.97283727,71.73405,0.0028536827
647,40,paraphrase,-1,0.05346458,0.12125765,0.9732681,71.72524,0.000740297
648,40,translate,-1,0.0746655,0.16934133,0.9626675,71.76759,0.044252012
649,40,polarity,-1,0.05618143,0.12741946,0.9719097,71.74409,0.004076855
650,40,vocab,-1,0.05802996,0.13161193,0.97098523,71.71502,0.007350235
651,40,cat,2,0.4201681,0.95294106,0.7899163,71.859436,0.8206074
652,40,shuffle,-1,0.068754844,0.15593596,0.96562296,71.72915,0.0330672
653,40,unrelated,138,0.72519934,1.6447518,0.6374008,72.10787,1.5376731
654,41,orig,-1,0.095269546,0.2160713,0.95236534,71.86902,0.0
655,41,contradict,0,0.10368402,0.23515531,0.94815814,71.852295,0.014143625
656,41,delete,0,0.09854682,0.22350414,0.9507267,71.87376,0.0035675538
657,41,contradict,1,0.09521179,0.2159403,0.95239425,71.868774,0.00071295095
658,41,delete,1,0.095822975,0.21732646,0.95208836,71.87092,0.0012282314
659,41,contradict,2,0.1309266,0.29694146,0.93453676,71.7271,0.0758997
660,41,delete,2,0.091512695,0.20755075,0.9542435,71.862564,0.007495916
661,41,contradict,3,0.10007688,0.22697431,0.9499617,71.86544,0.0075703696
662,41,delete,3,0.09071966,0.20575215,0.9546402,71.86148,0.013881409
663,41,paraphrase,-1,0.094321765,0.21392173,0.95283914,71.87031,0.00030517785
664,41,translate,-1,0.100060046,0.22693615,0.94997007,71.84294,0.012994376
665,41,polarity,-1,0.09250631,0.20980428,0.9537468,71.86785,0.0025271927
666,41,vocab,-1,0.09735988,0.22081217,0.9513201,71.86796,0.004970384
667,41,cat,-1,0.37520486,0.8509645,0.8123978,71.94782,0.62570417
668,41,shuffle,-1,0.09268497,0.21020947,0.95365757,71.84973,0.016625324
669,41,unrelated,171,0.73110044,1.6581354,0.6344497,72.06961,1.4899735
670,42,orig,-1,0.06284316,0.14252825,0.96857864,72.01184,0.0
671,42,contradict,0,0.07005604,0.15888707,0.964972,72.017105,0.009051793
672,42,delete,0,0.067207776,0.15242721,0.96639633,72.03015,0.003330885
673,42,contradict,1,0.084806025,0.19234003,0.95759726,71.988594,0.026414724
674,42,delete,1,0.06843127,0.15520209,0.96578443,72.01789,0.0036072414
675,42,contradict,2,0.063033536,0.14296003,0.96848345,71.99657,0.016023364
676,42,delete,2,0.061008632,0.13836755,0.9694959,72.01244,0.004277504
677,42,contradict,3,0.06720567,0.15242243,0.9663975,72.0066,0.0060609533
678,42,delete,3,0.06334089,0.1436571,0.96832967,72.01141,0.0010122892
679,42,paraphrase,-1,0.06333695,0.14364818,0.96833163,72.0137,0.00012584125
680,42,translate,-1,0.06752996,0.15315792,0.9662351,71.96927,0.013627091
681,42,polarity,-1,0.06481816,0.14700755,0.9675911,72.00387,0.0008723268
682,42,vocab,-1,0.06997911,0.15871258,0.96501064,72.00485,0.0041862214
683,42,cat,3,0.38089916,0.86387914,0.8095507,71.96507,0.8108663
684,42,shuffle,-1,0.05939368,0.13470484,0.9703033,71.9965,0.0058794366
685,42,unrelated,108,0.6562417,1.4883559,0.67187923,71.862724,1.4346137
686,43,orig,-1,0.092601046,0.21001913,0.9537,72.040535,0.0
687,43,contradict,0,0.1337232,0.30328417,0.93313855,71.98465,0.101568475
688,43,delete,0,0.114185825,0.2589734,0.9429074,72.01427,0.066280715
689,43,contradict,1,0.093165874,0.21130016,0.9534175,72.04103,0.006349757
690,43,delete,1,0.10127856,0.22969973,0.9493612,72.07613,0.013892765
691,43,contradict,2,0.093296066,0.21159543,0.9533523,72.02853,0.0067146076
692,43,delete,2,0.09472406,0.21483412,0.9526382,72.03394,0.0036063239
693,43,contradict,3,0.102304384,0.2320263,0.9488481,72.022125,0.011433042
694,43,delete,3,0.094818525,0.21504837,0.9525911,72.03274,0.0037831329
695,43,paraphrase,-1,0.092786714,0.21044023,0.95360696,72.04278,0.001017009
696,43,translate,-1,0.09162558,0.20780677,0.9541876,72.0297,0.012567595
697,43,polarity,-1,0.09083708,0.20601845,0.95458186,72.04099,0.0023451478
698,43,vocab,-1,0.09057744,0.20542958,0.95471174,72.048096,0.0024256697
699,43,cat,3,0.29967457,0.6796618,0.8501631,71.927826,0.48115814
700,43,shuffle,-1,0.103371166,0.23444575,0.94831467,72.01394,0.062883645
701,43,unrelated,176,0.75648135,1.7156993,0.62175965,72.175896,1.6439575
702,44,orig,-1,0.12071584,0.27378348,0.93964237,71.99737,0.0
703,44,contradict,0,0.1373811,0.3115803,0.93130994,72.04512,0.029008767
704,44,delete,0,0.12609941,0.2859934,0.93695074,71.99714,0.006731516
705,44,contradict,1,0.12678821,0.2875556,0.93660617,72.01474,0.018254051
706,44,delete,1,0.12200682,0.2767114,0.9389971,72.00089,0.0121630635
707,44,contradict,2,0.15568963,0.353104,0.9221555,71.981804,0.08187593
708,44,delete,2,0.21468373,0.4869026,0.8926584,71.6228,0.26218757
709,44,contradict,3,0.13212202,0.2996527,0.93393934,71.93687,0.012284688
710,44,delete,3,0.13451788,0.3050865,0.9327412,71.996704,0.022032062
711,44,paraphrase,-1,0.12046136,0.27320632,0.93976986,71.99401,0.00046974694
712,44,translate,-1,0.12383239,0.2808518,0.9380841,72.019554,0.01844018
713,44,polarity,-1,0.12446239,0.28228065,0.9377693,72.00675,0.006722326
714,44,vocab,-1,0.1230817,0.27914923,0.9384594,71.98,0.0019894973
715,44,cat,-1,0.14402343,0.32664508,0.92798847,71.99698,0.06622672
716,44,shuffle,-1,0.15764494,0.35753867,0.9211778,71.81844,0.07143063
717,44,unrelated,31,0.7490374,1.6988164,0.62548155,71.7656,1.4729732
718,45,orig,-1,0.058130287,0.13183947,0.9709351,71.924835,0.0
719,45,contradict,0,0.06785749,0.15390076,0.9660716,71.91532,0.014837475
720,45,delete,0,0.057544637,0.13051121,0.97122777,71.9339,0.007490704
721,45,contradict,1,0.061023496,0.13840126,0.96948844,71.92206,0.002672102
722,45,delete,1,0.05874324,0.13322964,0.97062874,71.93036,0.0015778138
723,45,contradict,2,0.05765457,0.13076054,0.97117287,71.90575,0.00831503
724,45,delete,2,0.058333945,0.13230136,0.9708335,71.91123,0.0024181816
725,45,contradict,3,0.08374177,0.1899263,0.95812935,71.857376,0.04534223
726,45,delete,3,0.07242407,0.16425775,0.9637883,71.90628,0.016197471
727,45,paraphrase,-1,0.058130186,0.13183923,0.97093534,71.9224,0.00040514008
728,45,translate,-1,0.06325712,0.14346713,0.96837187,71.90583,0.0096677635
729,45,polarity,-1,0.057818957,0.13113336,0.97109073,71.925,0.0021744338
730,45,vocab,-1,0.059948016,0.13596207,0.9700263,71.892,0.003240365
731,45,cat,-1,0.21960983,0.49807498,0.89019537,71.74278,0.40501374
732,45,shuffle,-1,0.06206746,0.14076898,0.9689664,71.925896,0.009251951
733,45,unrelated,164,0.63353395,1.4368547,0.6832333,71.81554,1.3427566
734,46,orig,-1,0.14970525,0.33953142,0.9251478,71.91636,0.0
735,46,contradict,0,0.14389399,0.3263515,0.9280531,71.9001,0.035409387
736,46,delete,0,0.15332119,0.3477324,0.92333966,71.92123,0.023837004
737,46,contradict,1,0.14781015,0.33523336,0.92609507,71.91876,0.004836051
738,46,delete,1,0.15539141,0.35242766,0.9223046,71.93398,0.0049776942
739,46,contradict,2,0.17189178,0.38985047,0.9140542,71.83292,0.091715805
740,46,delete,2,0.15020633,0.34066787,0.92489713,71.88936,0.06576019
741,46,contradict,3,0.15762924,0.35750303,0.92118555,71.904724,0.0072105946
742,46,delete,3,0.15746103,0.35712156,0.9212697,71.913124,0.007052895
743,46,paraphrase,-1,0.14909483,0.338147,0.92545253,71.91621,0.0005933019
744,46,translate,-1,0.16336922,0.37052134,0.91831565,71.8901,0.014044366
745,46,polarity,-1,0.14789252,0.33542016,0.926054,71.91073,0.0033507906
746,46,vocab,-1,0.16460451,0.37332296,0.91769797,71.871704,0.013633882
747,46,cat,2,0.26820704,0.6082935,0.86589676,71.83461,0.35705373
748,46,shuffle,-1,0.1548618,0.35122648,0.9225692,71.915886,0.07271841
749,46,unrelated,56,0.837818,1.9001709,0.58109117,72.015915,1.8504258
750,47,orig,-1,0.0771066,0.17487773,0.9614467,71.7533,0.0
751,47,contradict,0,0.08777366,0.19907062,0.9561134,71.7355,0.021891188
752,47,delete,0,0.07691851,0.17445116,0.9615407,71.7701,0.0035253428
753,47,contradict,1,0.08183008,0.18559058,0.95908517,71.712074,0.02895033
754,47,delete,1,0.09173168,0.20804742,0.9541345,71.734375,0.026679453
755,47,contradict,2,0.07747426,0.17571159,0.9612631,71.79069,0.016739313
756,47,delete,2,0.07413427,0.16813649,0.96293324,71.817,0.013031483
757,47,contradict,3,0.07843339,0.17788689,0.9607836,71.75176,0.002020082
758,47,delete,3,0.07868756,0.17846335,0.96065646,71.73432,0.0015401785
759,47,paraphrase,-1,0.07681635,0.17421944,0.961592,71.75955,0.00035827784
760,47,translate,-1,0.08347227,0.18931507,0.9582642,71.74228,0.020375289
761,47,polarity,-1,0.08197305,0.18591484,0.95901376,71.74954,0.003296456
762,47,vocab,-1,0.07711008,0.17488563,0.96144515,71.74833,0.0046148873
763,47,cat,-1,0.42153302,0.9560367,0.7892337,71.87627,0.83182496
764,47,shuffle,-1,0.10340881,0.23453115,0.94829595,71.754105,0.068161145
765,47,unrelated,144,0.98611766,2.2365143,0.5069415,71.871445,2.1263876
766,48,orig,-1,0.10361131,0.23499042,0.94819444,71.96069,0.0
767,48,contradict,0,0.13006303,0.29498288,0.9349686,71.9311,0.036896188
768,48,delete,0,0.11031546,0.2501954,0.94484234,71.95326,0.0033624757
769,48,contradict,1,0.12148114,0.2755192,0.93925965,71.96398,0.013946435
770,48,delete,1,0.1106326,0.2509147,0.944684,71.96529,0.0065578856
771,48,contradict,2,0.106788516,0.2421963,0.9466058,71.92932,0.064946905
772,48,delete,2,0.09996677,0.2267246,0.9500168,71.95952,0.028745096
773,48,paraphrase,-1,0.104060315,0.23600875,0.94797,71.96041,0.00045249454
774,48,translate,-1,0.10677381,0.24216296,0.9466133,71.94951,0.005548302
775,48,polarity,-1,0.10078482,0.22857994,0.94960797,71.95716,0.0036602092
776,48,vocab,-1,0.108376205,0.24579719,0.9458121,71.95654,0.0019636583
777,48,cat,-1,0.4973445,1.1279771,0.75132805,71.89448,0.9420634
778,48,shuffle,-1,0.12835154,0.29110125,0.9358243,71.93744,0.1276382
779,48,unrelated,76,0.7657483,1.7367169,0.6171261,71.97724,1.5044485
780,49,orig,-1,0.09388755,0.21293692,0.95305645,71.80059,0.0
781,49,contradict,0,0.10427914,0.23650503,0.94786054,71.73152,0.0851857
782,49,delete,0,0.09848,0.2233526,0.9507603,71.80164,0.002841384
783,49,contradict,1,0.09691891,0.21981205,0.9515408,71.80672,0.009184535
784,49,delete,1,0.103145026,0.23393287,0.94842786,71.80717,0.0075641936
785,49,contradict,2,0.10382061,0.2354651,0.9480899,71.82123,0.03042457
786,49,delete,2,0.10009496,0.22701532,0.94995284,71.80566,0.011983481
787,49,contradict,3,0.095358305,0.21627259,0.9523212,71.79826,0.004577852
788,49,delete,3,0.096267104,0.21833375,0.9518668,71.80035,0.00257322
789,49,paraphrase,-1,0.0894225,0.2028102,0.95528924,71.803856,0.0015259653
790,49,translate,-1,0.09480907,0.21502693,0.95259565,71.78053,0.013802007
791,49,polarity,-1,0.09714347,0.22032134,0.9514284,71.8185,0.0034368408
792,49,vocab,-1,0.10038964,0.22768365,0.9498054,71.80854,0.0029935127
793,49,cat,-1,0.32004493,0.7258618,0.83997774,71.699905,0.6351103
794,49,shuffle,-1,0.11456816,0.25984055,0.9427163,71.84246,0.034987938
795,49,unrelated,196,0.74259746,1.6842107,0.6287015,72.169205,1.6504111
796,50,orig,-1,0.08601763,0.19508795,0.95699155,71.98409,0.0
797,50,contradict,0,0.09549533,0.21658336,0.95225275,71.96139,0.055610348
798,50,delete,0,0.08625018,0.19561537,0.9568751,71.952354,0.025003068
799,50,contradict,1,0.0829097,0.18803917,0.9585457,71.97924,0.0030422923
800,50,delete,1,0.084533535,0.19172202,0.9577336,71.99304,0.0024706528
801,50,contradict,2,0.08499682,0.19277275,0.9575021,71.98559,0.004543102
802,50,delete,2,0.08868642,0.20114076,0.9556571,71.976395,0.001141829
803,50,contradict,3,0.10973738,0.24888434,0.94513214,71.94651,0.025463434
804,50,delete,3,0.0956154,0.21685569,0.95219284,71.98309,0.0070958426
805,50,paraphrase,-1,0.086716965,0.19667403,0.95664203,71.9749,0.0009043004
806,50,translate,-1,0.09514837,0.21579646,0.9524263,71.975,0.011096258
807,50,polarity,-1,0.08791894,0.19940011,0.95604104,71.97836,0.0023699692
808,50,vocab,-1,0.08567986,0.19432189,0.9571606,71.98533,0.007435866
809,50,cat,-1,0.36906704,0.8370439,0.81546694,71.95194,0.6241199
810,50,shuffle,-1,0.09181592,0.20823847,0.9540925,71.986984,0.013761118
811,50,unrelated,73,0.7261531,1.6469148,0.6369239,71.77199,1.422518
812,51,orig,-1,0.19453272,0.44120014,0.9027341,71.95504,0.0
813,51,contradict,0,0.20928398,0.47465596,0.89535815,71.954926,0.016400497
814,51,delete,0,0.2005411,0.4548271,0.8997299,71.93683,0.0036198427
815,51,contradict,1,0.19591343,0.4443316,0.9020438,71.95349,0.0007627104
816,51,delete,1,0.19819556,0.44950745,0.9009027,71.96808,0.0014135775
817,51,contradict,2,0.19168782,0.4347479,0.90415627,71.946236,0.002880538
818,51,delete,2,0.19000423,0.4309295,0.9049982,71.94857,0.0025130878
819,51,contradict,3,0.16499987,0.37421963,0.91750044,71.957375,0.029420985
820,51,delete,3,0.17564869,0.39837116,0.912176,71.94183,0.008699704
821,51,paraphrase,-1,0.1960129,0.44455716,0.90199405,71.94267,0.0010118432
822,51,translate,-1,0.19607493,0.44469786,0.9019628,71.92746,0.01554754
823,51,polarity,-1,0.19052656,0.43211415,0.9047371,71.946014,0.00139573
824,51,vocab,-1,0.20135203,0.45666632,0.8993244,71.94355,0.004973231
825,51,cat,-1,0.34140363,0.7743033,0.8292985,71.87128,0.54846907
826,51,shuffle,-1,0.17328557,0.3930116,0.9133578,71.9466,0.03361123
827,51,unrelated,44,0.72349703,1.640891,0.6382518,71.99737,1.4588816
828,52,orig,-1,0.08317647,0.1886442,0.95841223,72.04345,0.0
829,52,contradict,0,0.102525756,0.23252837,0.9487376,72.04383,0.02455193
830,52,delete,0,0.095844865,0.21737611,0.952078,72.07265,0.019805113
831,52,contradict,1,0.08312141,0.18851933,0.95843965,72.04654,0.0003644244
832,52,delete,1,0.08380305,0.19006528,0.9580989,72.04173,0.00030373252
833,52,contradict,2,0.081638046,0.18515505,0.9591814,72.04733,0.0027890329
834,52,delete,2,0.08085926,0.18338877,0.95957077,72.043816,0.0015859528
835,52,contradict,3,0.088967904,0.20177917,0.9555164,72.03275,0.0031210664
836,52,delete,3,0.08509592,0.19299752,0.9574525,72.04007,0.0018017722
837,52,paraphrase,-1,0.08341563,0.1891866,0.9582926,72.03847,0.0006539095
838,52,translate,-1,0.086271025,0.19566265,0.95686483,72.047806,0.010077053
839,52,polarity,-1,0.0848117,0.1923529,0.9575946,72.04209,0.0024600779
840,52,vocab,-1,0.086445354,0.19605802,0.95677805,72.03677,0.0030907174
841,52,cat,4,0.3867305,0.8771046,0.8066351,72.07864,0.68135726
842,52,shuffle,-1,0.088076204,0.19975679,0.9559622,72.040955,0.0139783
843,52,unrelated,211,0.80475026,1.8251733,0.59762526,72.155655,1.6363032
844,53,orig,-1,0.120938584,0.27428865,0.9395311,72.058624,0.0
845,53,contradict,0,0.12438227,0.28209895,0.937809,72.075005,0.03524088
846,53,delete,0,0.121343136,0.27520618,0.9393287,72.05903,0.0113651715
847,53,contradict,1,0.12790805,0.2900954,0.93604624,72.065315,0.028668493
848,53,delete,1,0.12389888,0.2810026,0.93805087,72.04509,0.015103772
849,53,contradict,2,0.28586733,0.64834696,0.8570667,71.92345,0.44088855
850,53,delete,2,0.13051638,0.2960111,0.93474185,72.06189,0.05436193
851,53,contradict,3,0.11904065,0.26998416,0.94048005,72.06743,0.002516262
852,53,delete,3,0.12059195,0.2735025,0.93970424,72.05821,0.00048787717
853,53,paraphrase,-1,0.12317549,0.27936196,0.93841267,72.06078,0.004138859
854,53,translate,-1,0.12716815,0.2884173,0.9364163,72.06704,0.026384115
855,53,polarity,-1,0.12226155,0.27728912,0.9388695,72.06424,0.003254353
856,53,vocab,-1,0.11627664,0.26371536,0.94186205,72.08407,0.007185877
857,53,cat,2,0.36733514,0.83311594,0.8163327,72.0193,0.6054942
858,53,shuffle,-1,0.12184284,0.2763395,0.9390788,72.060616,0.008421112
859,53,unrelated,161,0.9216825,2.0903754,0.5391588,72.09437,1.8605837
860,54,orig,-1,0.05239793,0.11883848,0.9738009,71.73359,0.0
861,54,contradict,0,0.099605784,0.22590588,0.95019734,71.77694,0.08926948
862,54,delete,0,0.057914782,0.1313507,0.97104293,71.75208,0.008160439
863,54,contradict,1,0.05264311,0.11939455,0.97367865,71.74208,0.0027702686
864,54,delete,1,0.0519483,0.11781873,0.9740259,71.74122,0.000992199
865,54,contradict,2,0.055655755,0.12622723,0.97217244,71.73327,0.00624996
866,54,delete,2,0.050772168,0.11515126,0.974614,71.74282,0.003393111
867,54,contradict,3,0.055322688,0.12547183,0.9723389,71.72097,0.010534682
868,54,delete,3,0.052457053,0.11897257,0.9737717,71.73109,0.0017058338
869,54,paraphrase,-1,0.052039586,0.11802576,0.9739806,71.73349,0.0007155502
870,54,translate,-1,0.061395485,0.13924493,0.9693026,71.7321,0.010620335
871,54,polarity,-1,0.05135504,0.11647321,0.9743228,71.74021,0.0021162457
872,54,vocab,-1,0.05292476,0.12003333,0.9735378,71.73294,0.0018759595
873,54,cat,3,0.48096785,1.0908349,0.7595164,71.85101,0.9271951
874,54,shuffle,-1,0.070299745,0.15943979,0.96485025,71.75988,0.038754914
875,54,unrelated,75,0.87645876,1.9878081,0.5617707,71.992516,1.8599027
876,55,orig,-1,0.068941966,0.15636034,0.9655294,71.98773,0.0
877,55,contradict,0,0.07600827,0.17238672,0.9619964,71.9924,0.019601252
878,55,delete,0,0.07230319,0.1639836,0.96384853,72.02148,0.0062348843
879,55,contradict,1,0.07391585,0.1676411,0.96304244,71.938034,0.050422106
880,55,delete,1,0.06925894,0.15707925,0.96537095,71.94784,0.044328563
881,55,contradict,2,0.06866046,0.15572189,0.96567017,71.996185,0.0052392962
882,55,delete,2,0.06725418,0.15253244,0.9663734,71.99166,0.0060171937
883,55,contradict,3,0.078076705,0.17707793,0.96096206,71.94171,0.029964576
884,55,delete,3,0.06379485,0.1446867,0.96810293,72.02013,0.019072162
885,55,paraphrase,-1,0.06901942,0.15653601,0.96549076,71.98443,0.00042376804
886,55,translate,-1,0.06483903,0.14705488,0.96758074,71.996704,0.015693733
887,55,polarity,-1,0.068619505,0.15562901,0.9656907,72.008995,0.0026661817
888,55,vocab,-1,0.0706888,0.16032216,0.9646559,72.00385,0.00438298
889,55,cat,3,0.30615145,0.6943514,0.8469249,71.94485,0.55544096
890,55,shuffle,-1,0.068091586,0.15443169,0.96595466,72.032936,0.025832929
891,55,unrelated,149,0.71276146,1.6165427,0.64361954,72.085724,1.5107205
892,56,orig,-1,0.08675713,0.19676514,0.9566215,72.015915,0.0
893,56,contradict,0,0.09795729,0.22216709,0.9510214,72.018654,0.04635777
894,56,delete,0,0.09889541,0.22429474,0.9505523,72.01628,0.01497524
895,56,contradict,1,0.085175835,0.19317876,0.9574121,72.0075,0.0039420524
896,56,delete,1,0.086508885,0.19620211,0.9567456,72.01851,0.001119487
897,56,contradict,2,0.1013602,0.2298849,0.9493199,71.92418,0.03160775
898,56,delete,2,0.09930058,0.22521366,0.95034975,71.93527,0.030548582
899,56,contradict,3,0.08652593,0.19624077,0.9567371,72.01126,0.011149017
900,56,delete,3,0.08807769,0.19976015,0.9559611,72.01404,0.005254679
901,56,paraphrase,-1,0.087419845,0.19826818,0.9562902,72.02136,0.00033725266
902,56,translate,-1,0.086940005,0.1971799,0.9565302,71.99477,0.0161404
903,56,polarity,-1,0.08690815,0.19710764,0.95654637,72.02023,0.0011559295
904,56,vocab,-1,0.08521758,0.19327344,0.95739126,72.02024,0.0058637206
905,56,cat,5,0.33285457,0.754914,0.83357286,71.877464,0.6453133
906,56,shuffle,-1,0.08840728,0.20050767,0.9557965,72.012856,0.002021381
907,56,unrelated,82,0.7344578,1.6657499,0.6327712,71.847885,1.6426495
908,57,orig,-1,0.11229016,0.25467402,0.9438555,72.23508,0.0
909,57,contradict,0,0.13128528,0.29775494,0.93435794,72.23759,0.034950294
910,57,delete,0,0.117817536,0.26721013,0.94109166,72.249855,0.013465961
911,57,contradict,1,0.112723365,0.25565654,0.9436389,72.25855,0.006801405
912,57,delete,1,0.11273722,0.25568798,0.94363207,72.26374,0.0025716622
913,57,contradict,2,0.47870725,1.0857078,0.7606471,71.81093,0.86351335
914,57,delete,2,0.15760283,0.35744315,0.9211992,72.19838,0.058899213
915,57,contradict,3,0.11704509,0.2654582,0.941478,72.21095,0.013250785
916,57,delete,3,0.11766698,0.26686865,0.94116706,72.2268,0.0033588726
917,57,paraphrase,-1,0.11374776,0.25797987,0.94312656,72.23585,0.0002917691
918,57,translate,-1,0.109639406,0.24866213,0.94518083,72.24465,0.005366401
919,57,polarity,-1,0.111369275,0.25258547,0.9443156,72.24632,0.0007611099
920,57,vocab,-1,0.11285468,0.25595436,0.9435731,72.23916,0.0030445454
921,57,cat,-1,0.4556312,1.0333713,0.7721848,71.97212,0.99254006
922,57,shuffle,-1,0.15345058,0.34802586,0.92327523,72.208435,0.10830465
923,57,unrelated,120,0.8496057,1.9269053,0.5751977,71.93809,1.8056662
924,58,orig,-1,0.060425866,0.13704585,0.96978736,71.920296,0.0
925,58,contradict,0,0.0625928,0.14196044,0.9687038,71.88475,0.025794938
926,58,delete,0,0.05859385,0.13289082,0.9707035,71.897385,0.013907264
927,58,contradict,1,0.060655534,0.13756673,0.9696727,71.92126,0.00028651278
928,58,delete,1,0.06121428,0.13883395,0.96939325,71.91339,0.0012392227
929,58,contradict,2,0.39155367,0.8880435,0.8042233,71.88393,0.7103942
930,58,delete,2,0.058752917,0.13325159,0.9706239,71.92547,0.015632004
931,58,contradict,3,0.059284203,0.13445655,0.97035813,71.92115,0.0012623674
932,58,delete,3,0.063220784,0.14338471,0.96838987,71.93305,0.0019651137
933,58,paraphrase,-1,0.060236413,0.13661616,0.969882,71.92162,0.0003135025
934,58,translate,-1,0.064844154,0.14706652,0.9675783,71.91092,0.014216
935,58,polarity,-1,0.060085267,0.13627335,0.96995753,71.9222,0.0017729653
936,58,vocab,-1,0.058763117,0.13327472,0.9706188,71.91235,0.0023321158
937,58,cat,3,0.56226134,1.2752085,0.7188697,72.005325,1.160257
938,58,shuffle,-1,0.05821703,0.1320362,0.97089183,71.91286,0.002303764
939,58,unrelated,64,0.7709631,1.7485439,0.61451864,72.14356,1.7031548
940,59,orig,-1,0.08047177,0.18250993,0.9597646,71.890396,0.0
941,59,contradict,0,0.091431454,0.2073665,0.95428467,71.88197,0.040513955
942,59,delete,0,0.085249215,0.19334519,0.9573758,71.89458,0.01366907
943,59,contradict,1,0.083435886,0.18923256,0.95828265,71.849525,0.019145994
944,59,delete,1,0.08693062,0.1971586,0.95653504,71.87738,0.008938467
945,59,contradict,2,0.10984995,0.24913964,0.9450755,71.82121,0.15570726
946,59,delete,2,0.08931998,0.20257768,0.9553405,71.854416,0.05722188
947,59,contradict,3,0.0748425,0.16974275,0.9625793,71.88078,0.0060025766
948,59,delete,3,0.081467584,0.18476844,0.9592667,71.888664,0.0028118303
949,59,paraphrase,-1,0.07830312,0.17759144,0.96084887,71.87965,0.002113338
950,59,translate,-1,0.08345522,0.1892764,0.95827293,71.91175,0.012079847
951,59,polarity,-1,0.080814555,0.18328738,0.9595933,71.885704,0.0020362393
952,59,vocab,-1,0.079849854,0.18109943,0.9600757,71.89095,0.004156038
953,59,cat,-1,0.31932825,0.7242363,0.8403363,71.82644,0.5880787
954,59,shuffle,-1,0.098480344,0.22335337,0.95076054,71.87494,0.033872787
955,59,unrelated,213,1.0449734,2.3699992,0.47751376,72.26324,2.3438537
956,60,orig,-1,0.07426754,0.16843873,0.96286666,71.88484,0.0
957,60,contradict,0,0.078082345,0.17709072,0.96095914,71.90582,0.0027767618
958,60,delete,0,0.074892566,0.16985631,0.96255404,71.89474,0.0020975894
959,60,contradict,1,0.07676667,0.17410678,0.9616173,71.91525,0.005063412
960,60,delete,1,0.07608257,0.17255524,0.96195906,71.9034,0.003264248
961,60,contradict,2,0.0871216,0.19759175,0.9564396,71.864296,0.0075394046
962,60,delete,2,0.077969864,0.17683561,0.9610154,71.87543,0.0024912884
963,60,contradict,3,0.14309582,0.32454127,0.92845255,71.76005,0.14900576
964,60,delete,3,0.08290167,0.18802096,0.95854974,71.8389,0.03593299
965,60,paraphrase,-1,0.074288234,0.16848569,0.9628563,71.883766,0.00023173478
966,60,translate,-1,0.07995403,0.1813357,0.96002346,71.88967,0.009781077
967,60,polarity,-1,0.07493267,0.16994727,0.962534,71.89031,0.0005874703
968,60,vocab,-1,0.079187736,0.17959775,0.9604066,71.91506,0.0029508937
969,60,cat,-1,0.44166106,1.001687,0.7791698,71.784676,0.82817686
970,60,shuffle,-1,0.096458256,0.21876729,0.9517711,71.86706,0.028089575
971,60,unrelated,127,0.7068565,1.6031502,0.6465724,71.959,1.4341973
972,61,orig,-1,0.081743404,0.185394,0.95912826,72.29781,0.0
973,61,contradict,0,0.10038656,0.22767667,0.9498068,72.29903,0.048903927
974,61,delete,0,0.08387263,0.19022308,0.9580638,72.2915,0.013831107
975,61,contradict,1,0.08408912,0.19071409,0.95795554,72.29758,0.0024609652
976,61,delete,1,0.08263839,0.18742383,0.9586809,72.30775,0.0010628068
977,61,contradict,2,0.34112158,0.7736636,0.8294392,71.8943,0.6092861
978,61,delete,2,0.08632365,0.19578199,0.9568383,72.28864,0.00792353
979,61,contradict,3,0.08618343,0.19546399,0.95690835,72.28711,0.0058405553
980,61,delete,3,0.082292125,0.1866385,0.9588541,72.304535,0.0026366476
981,61,paraphrase,-1,0.08122234,0.18421224,0.959389,72.29097,0.00085266825
982,61,translate,-1,0.08029368,0.18210602,0.9598533,72.292305,0.017936608
983,61,polarity,-1,0.082330436,0.1867254,0.958835,72.27868,0.007539667
984,61,vocab,-1,0.08807543,0.19975503,0.9559623,72.303406,0.008372995
985,61,cat,3,0.42734337,0.96921456,0.78632873,71.76641,0.8104246
986,61,shuffle,-1,0.09193227,0.20850234,0.95403403,72.302025,0.024077669
987,61,unrelated,204,0.7643357,1.733513,0.6178322,71.884445,1.6571258
988,62,orig,-1,0.08653249,0.19625564,0.9567341,72.13035,0.0
989,62,contradict,0,0.09408586,0.21338668,0.9529575,72.132324,0.010896031
990,62,delete,0,0.096297346,0.21840234,0.9518518,72.13285,0.008928883
991,62,contradict,1,0.08851952,0.20076223,0.9557407,72.12617,0.004288948
992,62,delete,1,0.08681221,0.19689006,0.95659447,72.12577,0.002539715
993,62,contradict,2,0.08117713,0.1841097,0.95941174,72.09759,0.008165165
994,62,delete,2,0.08257842,0.18728782,0.9587113,72.10636,0.004558958
995,62,contradict,3,0.09890588,0.22431849,0.95054734,72.13426,0.03398213
996,62,delete,3,0.082669064,0.1874934,0.9586659,72.10644,0.010060493
997,62,paraphrase,-1,0.087047115,0.19742282,0.9564768,72.13073,0.00041570197
998,62,translate,-1,0.0900677,0.2042735,0.9549664,72.117584,0.0065935235
999,62,polarity,-1,0.087893516,0.19934246,0.95605385,72.12759,0.0012414119
1000,62,vocab,-1,0.09215357,0.20900425,0.95392364,72.13077,0.0039824448
1001,62,cat,4,0.6393428,1.4500291,0.68032926,71.98957,1.336856
1002,62,shuffle,-1,0.0894395,0.20284873,0.9552807,72.14245,0.002280333
1003,62,unrelated,92,0.84665763,1.9202192,0.5766714,72.2181,1.846814
1004,63,orig,-1,0.053445023,0.12121329,0.97327816,72.07596,0.0
1005,63,contradict,0,0.08466194,0.19201323,0.9576697,72.033775,0.071975745
1006,63,delete,0,0.06416188,0.14551912,0.9679194,72.09604,0.03899761
1007,63,contradict,1,0.055078037,0.12491696,0.97246134,72.053505,0.0024120975
1008,63,delete,1,0.053645544,0.12166807,0.9731777,72.071465,0.000520231
1009,63,contradict,2,0.1311883,0.297535,0.93440616,71.95449,0.15085582
1010,63,delete,2,0.054566137,0.12375598,0.97271734,72.08315,0.001576735
1011,63,contradict,3,0.054532528,0.12367975,0.97273403,72.07496,0.0002886675
1012,63,delete,3,0.05592508,0.12683806,0.972038,72.066315,0.0028563058
1013,63,paraphrase,-1,0.052915283,0.12001184,0.973543,72.07785,0.00037504645
1014,63,translate,-1,0.06176088,0.14007364,0.96911997,72.034195,0.017022802
1015,63,polarity,-1,0.05522286,0.12524542,0.9723889,72.07502,0.0012716253
1016,63,vocab,-1,0.0556625,0.12624253,0.9721691,72.06769,0.0026812954
1017,63,cat,3,0.55547535,1.2598178,0.7222626,72.12845,1.1466204
1018,63,shuffle,-1,0.050344013,0.1141802,0.9748283,72.088715,0.0065406426
1019,63,unrelated,47,0.9136736,2.0722113,0.54316336,71.7533,1.954752
1020,64,orig,-1,0.15838738,0.3592225,0.92080647,72.14356,0.0
1021,64,contradict,0,0.14199194,0.32203767,0.92900443,72.14408,0.050649244
1022,64,delete,0,0.15721561,0.35656494,0.9213924,72.1321,0.013187751
1023,64,contradict,1,0.15776001,0.35779962,0.9211201,72.143036,0.0005351354
1024,64,delete,1,0.16011944,0.36315084,0.9199405,72.13887,0.00092865736
1025,64,contradict,2,0.16346188,0.37073147,0.91826916,72.137825,0.0094043035
1026,64,delete,2,0.16893324,0.3831405,0.9155334,72.143814,0.0044975523
1027,64,contradict,3,0.15009515,0.34041575,0.9249525,72.136505,0.00833654
1028,64,delete,3,0.15614496,0.3541367,0.921928,72.14522,0.0023931589
1029,64,paraphrase,-1,0.15849738,0.35947198,0.92075163,72.15403,0.0012174589
1030,64,translate,-1,0.16611834,0.3767563,0.916941,72.144356,0.009348507
1031,64,polarity,-1,0.15479602,0.3510773,0.9226021,72.14382,0.0025288695
1032,64,vocab,-1,0.1474881,0.33450297,0.9262562,72.141205,0.026106186
1033,64,cat,-1,0.41015592,0.9302335,0.7949222,72.099846,0.6527065
1034,64,shuffle,-1,0.14695415,0.33329195,0.92652327,72.156746,0.031418473
1035,64,unrelated,78,0.8813508,1.9989033,0.559325,72.0484,1.8709329
1036,65,orig,-1,0.07204421,0.16339624,0.96397835,72.11601,0.0
1037,65,contradict,0,0.07634718,0.17315537,0.96182674,72.10379,0.017598445
1038,65,delete,0,0.070585825,0.16008861,0.96470743,72.10221,0.0074674245
1039,65,contradict,1,0.072688185,0.16485678,0.9636562,72.11941,0.008311425
1040,65,delete,1,0.07843748,0.17789616,0.96078146,72.0993,0.011261661
1041,65,contradict,2,0.11110975,0.25199687,0.94444555,71.95218,0.13653022
1042,65,delete,2,0.071600735,0.16239044,0.9641999,72.09223,0.01385977
1043,65,contradict,3,0.07953776,0.1803916,0.9602313,72.08356,0.010474081
1044,65,delete,3,0.07987466,0.18115568,0.960063,72.093575,0.0075169564
1045,65,paraphrase,-1,0.0710833,0.1612169,0.9644587,72.10444,0.0006933264
1046,65,translate,-1,0.093472734,0.21199612,0.9532639,72.06203,0.027866635
1047,65,polarity,-1,0.07358489,0.1668905,0.9632081,72.10104,0.0024060283
1048,65,vocab,-1,0.069207154,0.1569618,0.9653968,72.10203,0.0026582214
1049,65,cat,3,0.63539195,1.4410686,0.6823043,71.88937,1.3304409
1050,65,shuffle,-1,0.07363164,0.16699652,0.9631845,72.092636,0.013943797
1051,65,unrelated,91,1.0116398,2.2943988,0.49418026,71.70348,2.2170894
1052,66,orig,-1,0.06392005,0.14497064,0.9680402,72.165825,0.0
1053,66,contradict,0,0.08119679,0.18415429,0.95940185,72.11537,0.030613173
1054,66,delete,0,0.069133684,0.15679516,0.96543336,72.16316,0.0034301241
1055,66,contradict,1,0.06311935,0.14315467,0.9684408,72.16849,0.001759051
1056,66,delete,1,0.063457996,0.1439227,0.9682713,72.17626,0.00046047062
1057,66,contradict,2,0.12001486,0.27219364,0.9399929,72.12911,0.11009041
1058,66,delete,2,0.07150769,0.16217941,0.96424645,72.16137,0.020231212
1059,66,contradict,3,0.061469294,0.13941233,0.9692655,72.17674,0.0037437885
1060,66,delete,3,0.063412964,0.14382057,0.968294,72.16433,0.0018428315
1061,66,paraphrase,-1,0.064031065,0.14522243,0.96798486,72.169106,0.00025092482
1062,66,translate,-1,0.0679041,0.15400647,0.96604836,72.15643,0.01117241
1063,66,polarity,-1,0.06332168,0.14361355,0.96833956,72.17759,0.0011463305
1064,66,vocab,-1,0.064320125,0.14587802,0.9678402,72.17288,0.0015034144
1065,66,cat,-1,0.39623937,0.89867073,0.80188066,71.88734,0.7095508
1066,66,shuffle,-1,0.07352762,0.16676061,0.96323663,72.18108,0.020494843
1067,66,unrelated,27,1.0808016,2.4512575,0.4595994,72.02855,2.3432307
1068,67,orig,-1,0.05374251,0.12188799,0.9731291,71.89286,0.0
1069,67,contradict,0,0.06808089,0.15440743,0.9659598,71.922386,0.022729464
1070,67,delete,0,0.059517793,0.13498633,0.9702412,71.91007,0.009841201
1071,67,contradict,1,0.054035176,0.122551754,0.9729827,71.881645,0.0016863653
1072,67,delete,1,0.05722902,0.12979539,0.97138584,71.901665,0.0040119374
1073,67,contradict,2,0.055928063,0.12684482,0.9720362,71.90052,0.003188491
1074,67,delete,2,0.052693576,0.119509004,0.97365355,71.8964,0.0014912485
1075,67,contradict,3,0.06363825,0.14433151,0.9681811,71.85176,0.030634316
1076,67,delete,3,0.053895384,0.12223471,0.97305256,71.87606,0.010096057
1077,67,paraphrase,-1,0.05380693,0.122034095,0.9730966,71.89676,0.0005408731
1078,67,translate,-1,0.05356328,0.12148149,0.9732185,71.88522,0.00999732
1079,67,polarity,-1,0.053623427,0.121617906,0.9731885,71.8825,0.00093347
1080,67,vocab,-1,0.054671597,0.123995155,0.9726646,71.86948,0.004100424
1081,67,cat,-1,0.3534835,0.8017004,0.8232582,72.05113,0.72061783
1082,67,shuffle,-1,0.058636595,0.13298777,0.9706818,71.90639,0.011236447
1083,67,unrelated,62,0.8484252,1.924228,0.57578766,72.13035,1.8636018
1084,68,orig,-1,0.14115411,0.32013747,0.9294231,71.98121,0.0
1085,68,contradict,0,0.14613238,0.33142817,0.9269341,71.98591,0.011390134
1086,68,delete,0,0.14140078,0.32069692,0.92930007,71.9831,0.0019295537
1087,68,contradict,1,0.13608484,0.30864036,0.931958,71.99303,0.0037474455
1088,68,delete,1,0.1412946,0.3204561,0.9293532,71.98312,0.001874772
1089,68,contradict,2,0.14213733,0.3223674,0.9289315,71.98552,0.0045687654
1090,68,delete,2,0.14058717,0.31885162,0.9297066,72.0014,0.0016408017
1091,68,contradict,3,0.15045416,0.34122998,0.92477334,71.99014,0.02633727
1092,68,delete,3,0.15046307,0.34125018,0.9247686,71.97251,0.014569268
1093,68,paraphrase,-1,0.14071757,0.31914738,0.9296416,71.98238,0.0002910987
1094,68,translate,-1,0.14677025,0.33287486,0.926615,71.97481,0.007063332
1095,68,polarity,-1,0.14103134,0.31985903,0.92948467,71.9882,0.0026448537
1096,68,vocab,-1,0.13987401,0.3172342,0.9300635,71.985886,0.0010617264
1097,68,cat,3,0.51181924,1.1608058,0.74409086,71.80615,0.84235245
1098,68,shuffle,-1,0.14216164,0.32242253,0.92891943,71.98194,0.0035371282
1099,68,unrelated,241,0.87339514,1.9808598,0.56330276,72.12821,1.7383006
1100,69,orig,-1,0.09636392,0.21855332,0.95181817,71.98267,0.0
1101,69,contradict,0,0.10987256,0.24919091,0.94506395,71.89819,0.062815696
1102,69,delete,0,0.13029563,0.29551044,0.9348525,71.99269,0.03189818
1103,69,contradict,1,0.1001796,0.22720729,0.94991046,71.96165,0.0054098424
1104,69,delete,1,0.096353695,0.21853013,0.95182335,71.965805,0.005307061
1105,69,contradict,2,0.102405,0.23225449,0.94879794,71.9714,0.012357827
1106,69,delete,2,0.10142034,0.2300213,0.94929004,71.98695,0.010982473
1107,69,contradict,3,0.09932021,0.22525819,0.9503401,71.981926,0.0015680415
1108,69,delete,3,0.09659465,0.21907662,0.9517031,71.983665,0.0017847082
1109,69,paraphrase,-1,0.09941757,0.22547899,0.95029145,71.97394,0.0019837178
1110,69,translate,-1,0.106080174,0.24058978,0.94696015,71.97669,0.0151441125
1111,69,polarity,-1,0.104074456,0.23604082,0.947963,71.97524,0.0036337802
1112,69,vocab,-1,0.102063656,0.23148033,0.94896847,71.956825,0.008045709
1113,69,cat,6,0.2965774,0.6726374,0.85171163,71.991585,0.54888093
1114,69,shuffle,-1,0.11299205,0.2562659,0.943504,72.004684,0.010272842
1115,69,unrelated,118,0.78484315,1.7800239,0.6075786,72.06656,1.7109349
1116,70,orig,-1,0.22678658,0.51435184,0.88660705,71.6272,0.0
1117,70,contradict,0,0.22681203,0.5144096,0.8865944,71.655136,0.022971652
1118,70,delete,0,0.23779075,0.5393093,0.88110495,71.612236,0.010986096
1119,70,contradict,1,0.21361962,0.4844892,0.8931905,71.64635,0.0068130326
1120,70,delete,1,0.20716675,0.4698541,0.89641684,71.655975,0.0116572
1121,70,contradict,2,0.3703641,0.8399856,0.8148184,71.46946,0.21535344
1122,70,delete,2,0.3411153,0.77364933,0.82944256,71.52809,0.15271947
1123,70,contradict,3,0.21588509,0.48962727,0.8920577,71.76312,0.11630108
1124,70,delete,3,0.16783391,0.38064724,0.9160835,71.69939,0.05401974
1125,70,paraphrase,-1,0.2301754,0.52203774,0.88491255,71.62553,0.0008533311
1126,70,translate,-1,0.22570698,0.51190335,0.88714683,71.62003,0.012283036
1127,70,polarity,-1,0.24164036,0.5480402,0.8791802,71.613,0.005799382
1128,70,vocab,-1,0.22262064,0.5049035,0.88869,71.61985,0.0027379019
1129,70,cat,-1,0.41162485,0.93356496,0.7941881,71.6068,0.30389148
1130,70,shuffle,-1,0.26315206,0.59682876,0.86842424,71.66099,0.07087685
1131,70,unrelated,110,1.1460656,2.5992763,0.42696735,72.05148,2.5002253
1132,71,orig,-1,0.057364397,0.13010243,0.97131824,72.0927,0.0
1133,71,contradict,0,0.06150339,0.13948967,0.96924865,72.13096,0.018267496
1134,71,delete,0,0.05534634,0.12552547,0.97232723,72.092735,0.0030128371
1135,71,contradict,1,0.057399012,0.13018094,0.9713007,72.10614,0.0008655196
1136,71,delete,1,0.056759525,0.12873058,0.9716207,72.109825,0.001241815
1137,71,contradict,2,0.179926,0.40807208,0.9100373,71.88003,0.29484513
1138,71,delete,2,0.05708458,0.1294678,0.97145784,72.07241,0.011895917
1139,71,contradict,3,0.06638436,0.1505597,0.96680814,72.09106,0.01134908
1140,71,delete,3,0.05969096,0.13537908,0.97015464,72.10067,0.0017307565
1141,71,paraphrase,-1,0.05687008,0.12898132,0.9715653,72.092766,0.0002543465
1142,71,translate,-1,0.058395993,0.13244209,0.9708023,72.09106,0.0047393334
1143,71,polarity,-1,0.056722343,0.12864625,0.9716393,72.09532,0.0008182703
1144,71,vocab,-1,0.05874733,0.13323891,0.9706267,72.1021,0.0017371005
1145,71,cat,2,0.21080875,0.47811416,0.8945961,72.08712,0.38291502
1146,71,shuffle,-1,0.058271,0.13215859,0.97086483,72.10449,0.017651029
1147,71,unrelated,225,0.9010302,2.043536,0.54948515,72.04606,1.919979
1148,72,orig,-1,0.0692611,0.15708414,0.96537,71.98497,0.0
1149,72,contradict,0,0.09236638,0.20948692,0.9538172,72.00233,0.026918173
1150,72,delete,0,0.08368612,0.18980008,0.9581575,71.94576,0.009395935
1151,72,contradict,1,0.06976397,0.15822466,0.9651182,71.97576,0.0006975145
1152,72,delete,1,0.06856885,0.15551412,0.965716,71.992455,0.00067962444
1153,72,contradict,2,0.06826766,0.15483102,0.9658665,71.9974,0.0017487342
1154,72,delete,2,0.06893589,0.15634657,0.96553254,71.996284,0.00082192087
1155,72,contradict,3,0.06901812,0.15653306,0.96549135,71.98962,0.00053743593
1156,72,delete,3,0.06921099,0.1569705,0.96539485,71.990326,0.0009975602
1157,72,paraphrase,-1,0.07092633,0.16086088,0.96453726,71.99358,0.0009914926
1158,72,translate,-1,0.07658895,0.1737037,0.961706,71.9458,0.008914555
1159,72,polarity,-1,0.070564285,0.16003977,0.96471834,71.99168,0.0010498291
1160,72,vocab,-1,0.072794914,0.16509883,0.96360284,71.99101,0.007328336
1161,72,cat,4,0.40002435,0.90725505,0.7999884,71.998604,0.8138054
1162,72,shuffle,-1,0.0726348,0.16473569,0.9636831,72.00571,0.0103882095
1163,72,unrelated,100,0.69579977,1.5780736,0.6521006,71.96929,1.4995629
1164,73,orig,-1,0.085569486,0.19407156,0.9572159,71.77199,0.0
1165,73,contradict,0,0.10626515,0.24100931,0.94686806,71.78833,0.044017248
1166,73,delete,0,0.09425815,0.21377745,0.95287156,71.76845,0.01823003
1167,73,contradict,1,0.08684981,0.19697532,0.9565756,71.781715,0.0077065974
1168,73,delete,1,0.08403042,0.19058095,0.95798546,71.78334,0.0047376133
1169,73,contradict,2,0.27977312,0.6345253,0.86011386,71.682175,0.37472725
1170,73,delete,2,0.10175242,0.23077445,0.94912434,71.75909,0.1048173
1171,73,contradict,3,0.08194748,0.18585685,0.9590268,71.78194,0.0115845455
1172,73,delete,3,0.07304023,0.16565521,0.9634805,71.766914,0.011887014
1173,73,paraphrase,-1,0.08299647,0.18823597,0.95850223,71.771484,0.00057491526
1174,73,translate,-1,0.09399625,0.21318345,0.95300245,71.74525,0.0128776
1175,73,polarity,-1,0.08989376,0.203879,0.95505375,71.77994,0.002750569
1176,73,vocab,-1,0.081735335,0.1853757,0.95913297,71.77449,0.0021333664
1177,73,cat,-1,0.311623,0.7067608,0.84418917,71.634796,0.46440595
1178,73,shuffle,-1,0.08791807,0.19939815,0.9560415,71.77459,0.002940076
1179,73,unrelated,1,0.72795033,1.6509911,0.63602567,71.91234,1.6102551
1180,74,orig,-1,0.03833642,0.08694698,0.9808321,72.1213,0.0
1181,74,contradict,0,0.04751299,0.10775944,0.97624385,72.12368,0.020775126
1182,74,delete,0,0.04367678,0.09905891,0.97816175,72.11025,0.011971767
1183,74,contradict,1,0.04170242,0.09458107,0.9791491,72.112755,0.0032451216
1184,74,delete,1,0.03891661,0.088262856,0.98054194,72.147354,0.0049844743
1185,74,contradict,2,0.16921625,0.38378236,0.9153923,71.9341,0.29048315
1186,74,delete,2,0.043082982,0.09771218,0.97845876,72.08424,0.016548244
1187,74,contradict,3,0.040826403,0.092594266,0.9795872,72.11499,0.0064480854
1188,74,delete,3,0.03599359,0.08163345,0.98200357,72.123344,0.0032998316
1189,74,paraphrase,-1,0.038552236,0.08743645,0.9807243,72.12408,0.00038106545
1190,74,translate,-1,0.046921603,0.10641818,0.9765395,72.073425,0.011871398
1191,74,polarity,-1,0.03809445,0.08639819,0.98095316,72.14519,0.0026129948
1192,74,vocab,-1,0.04360995,0.09890735,0.97819555,72.12627,0.0047516515
1193,74,cat,3,0.37142462,0.84239084,0.81428796,72.09187,0.80842817
1194,74,shuffle,-1,0.039342098,0.08922786,0.9803293,72.111206,0.0033059027
1195,74,unrelated,246,0.66504663,1.5083255,0.66747695,72.02757,1.441713
1196,75,orig,-1,0.10469774,0.23745443,0.94765115,71.992516,0.0
1197,75,contradict,0,0.13325788,0.3022288,0.93337125,72.035736,0.044622127
1198,75,delete,0,0.11572685,0.26246846,0.9421368,72.03117,0.010976107
1199,75,contradict,1,0.10787158,0.24465269,0.94606435,71.994385,0.0031655235
1200,75,delete,1,0.10740714,0.24359934,0.9462964,71.994934,0.002464685
1201,75,contradict,2,0.10694585,0.24255314,0.94652724,71.97116,0.006427665
1202,75,delete,2,0.10263165,0.23276854,0.94868433,71.986404,0.004536774
1203,75,contradict,3,0.12220998,0.27717218,0.9388951,72.01251,0.008022902
1204,75,delete,3,0.12045393,0.27318946,0.9397731,72.03614,0.008799029
1205,75,paraphrase,-1,0.108320996,0.24567197,0.94583946,71.98384,0.0019482245
1206,75,translate,-1,0.1023378,0.23210208,0.94883144,71.97413,0.008475226
1207,75,polarity,-1,0.104916595,0.23795079,0.9475418,72.00755,0.0010111893
1208,75,vocab,-1,0.10695909,0.24258317,0.9465207,72.00611,0.0054907682
1209,75,cat,5,0.44246688,1.0035146,0.77876675,71.89601,0.8443481
1210,75,shuffle,-1,0.10360422,0.23497432,0.9481981,71.96801,0.009283842
1211,75,unrelated,7,0.6771284,1.5357269,0.661436,71.77696,1.3877854
1212,76,orig,-1,0.22933754,0.5201374,0.88533145,71.97724,0.0
1213,76,contradict,0,0.22499308,0.5102842,0.88750386,71.92929,0.06971188
1214,76,delete,0,0.22335994,0.50658023,0.8883204,71.96722,0.0103676785
1215,76,contradict,1,0.2276022,0.5162017,0.8861991,71.979744,0.0128709655
1216,76,delete,1,0.22545162,0.51132417,0.88727444,71.99891,0.0036705604
1217,76,contradict,2,0.23032515,0.5223773,0.8848376,71.9688,0.012022733
1218,76,delete,2,0.22555271,0.51155347,0.887224,71.97475,0.004731425
1219,76,contradict,3,0.25447646,0.5771525,0.872762,71.92608,0.022910878
1220,76,delete,3,0.2498556,0.5666724,0.8750726,71.980705,0.0086441655
1221,76,paraphrase,-1,0.22405255,0.50815105,0.88797396,71.98097,0.0008071387
1222,76,translate,-1,0.20745933,0.47051767,0.89627063,71.931046,0.029722815
1223,76,polarity,-1,0.23281546,0.5280253,0.8835927,71.97858,0.0020192915
1224,76,vocab,-1,0.22579029,0.5120923,0.8871053,71.99093,0.0063979207
1225,76,cat,5,0.4143533,0.9397531,0.7928236,71.89046,0.76065516
1226,76,shuffle,-1,0.23835202,0.54058224,0.8808244,71.96311,0.029643053
1227,76,unrelated,28,0.8823783,2.0012336,0.5588111,71.86037,1.8756183
1228,77,orig,-1,0.072424665,0.1642591,0.9637879,71.82009,0.0
1229,77,contradict,0,0.06980492,0.15831754,0.9650978,71.78502,0.037933856
1230,77,delete,0,0.07153698,0.16224584,0.9642317,71.81495,0.007590443
1231,77,contradict,1,0.069629595,0.15791988,0.9651855,71.82461,0.0013292715
1232,77,delete,1,0.0700859,0.15895478,0.96495706,71.82558,0.001339331
1233,77,contradict,2,0.09481124,0.21503185,0.9525945,71.83045,0.03838553
1234,77,delete,2,0.09092055,0.20620777,0.9545397,71.78268,0.04196734
1235,77,contradict,3,0.07187381,0.16300976,0.9640633,71.80261,0.0025200855
1236,77,delete,3,0.071976855,0.16324347,0.9640116,71.81438,0.0006755766
1237,77,paraphrase,-1,0.07144185,0.16203009,0.96427923,71.81114,0.0011212442
1238,77,translate,-1,0.06846483,0.1552782,0.96576774,71.806786,0.018779052
1239,77,polarity,-1,0.07434962,0.16862491,0.9628253,71.82787,0.0017693788
1240,77,vocab,-1,0.07033865,0.15952803,0.96483064,71.82242,0.0018141554
1241,77,cat,3,0.33351803,0.75641876,0.8332411,71.83984,0.60733056
1242,77,shuffle,-1,0.07855579,0.1781645,0.96072227,71.81813,0.009927733
1243,77,unrelated,210,0.78368855,1.7774053,0.60815585,71.863846,1.8458748
1244,78,orig,-1,0.062404532,0.14153345,0.968798,72.0484,0.0
1245,78,contradict,0,0.074902415,0.16987865,0.9625493,72.01754,0.068267174
1246,78,delete,0,0.06476773,0.14689319,0.9676164,72.044975,0.016565436
1247,78,contradict,1,0.059345268,0.13459504,0.97032785,72.04565,0.0036735309
1248,78,delete,1,0.063229874,0.14340532,0.9683851,72.05346,0.0016627586
1249,78,contradict,2,0.1474134,0.33433354,0.92629355,71.919304,0.22620091
1250,78,delete,2,0.067195736,0.1523999,0.9664025,72.045494,0.014393742
1251,78,contradict,3,0.06745643,0.15299116,0.96627194,72.01034,0.0130861895
1252,78,delete,3,0.06468769,0.14671166,0.96765625,72.05431,0.0038307908
1253,78,paraphrase,-1,0.062767774,0.14235729,0.9686164,72.050835,0.0005315479
1254,78,translate,-1,0.063522905,0.14406992,0.96823865,72.02844,0.0104359845
1255,78,polarity,-1,0.06308268,0.14307149,0.96845883,72.052864,0.0031831746
1256,78,vocab,-1,0.063897535,0.14491957,0.9680514,72.04848,0.002409582
1257,78,cat,3,0.5009386,1.1361285,0.7495309,71.87162,1.062017
1258,78,shuffle,-1,0.06419821,0.14560151,0.96790135,72.05168,0.013549334
1259,78,unrelated,128,0.77544147,1.7587008,0.6122793,71.88198,1.7469828
1260,79,orig,-1,0.056185704,0.12742916,0.9719075,72.34178,0.0
1261,79,contradict,0,0.064798854,0.14696378,0.9676008,72.37164,0.021741409
1262,79,delete,0,0.06003511,0.1361596,0.9699827,72.371086,0.005241844
1263,79,contradict,1,0.056310397,0.12771195,0.97184503,72.338905,0.00073530915
1264,79,delete,1,0.05602237,0.1270587,0.97198915,72.347115,0.00050624186
1265,79,contradict,2,0.05758656,0.1306063,0.97120714,72.32911,0.0034943612
1266,79,delete,2,0.055196535,0.12518571,0.97240216,72.3414,0.0013304601
1267,79,contradict,3,0.05840975,0.13247329,0.9707952,72.33537,0.00927771
1268,79,delete,3,0.056430817,0.12798506,0.97178483,72.346634,0.0021105807
1269,79,paraphrase,-1,0.056547172,0.12824896,0.9717269,72.3317,0.00040282647
1270,79,translate,-1,0.055921458,0.12682985,0.9720398,72.33366,0.0062587564
1271,79,polarity,-1,0.05718698,0.12970005,0.9714068,72.35044,0.000943996
1272,79,vocab,-1,0.05993619,0.13593525,0.9700322,72.33256,0.003803112
1273,79,cat,-1,0.28847602,0.6542635,0.8557623,71.91473,0.5325307
1274,79,shuffle,-1,0.056621008,0.12841642,0.97168964,72.344215,0.014556423
1275,79,unrelated,231,0.85042274,1.9287584,0.574789,71.807495,1.8729849
1276,80,orig,-1,0.11413536,0.25885895,0.9429323,72.02093,0.0
1277,80,contradict,0,0.13425286,0.30448544,0.9328734,72.02056,0.036670696
1278,80,delete,0,0.12037468,0.27300972,0.9398127,72.01195,0.009991782
1279,80,contradict,1,0.11538391,0.26169065,0.9423082,72.023605,0.0050841947
1280,80,delete,1,0.11191716,0.25382808,0.9440416,72.00487,0.0023124996
1281,80,contradict,2,0.3653055,0.8285127,0.81734717,72.09812,0.586697
1282,80,delete,2,0.16624048,0.37703335,0.91687965,71.98878,0.14403893
1283,80,contradict,3,0.11752832,0.26655418,0.9412361,72.03341,0.0038242107
1284,80,delete,3,0.11458647,0.25988206,0.9427068,72.02918,0.0029972217
1285,80,paraphrase,-1,0.114544846,0.25978765,0.94272774,72.01137,0.00057566626
1286,80,translate,-1,0.12119125,0.2748617,0.9394044,72.035,0.009790807
1287,80,polarity,-1,0.11649573,0.26421225,0.94175225,72.01905,0.004127706
1288,80,vocab,-1,0.11211352,0.2542734,0.9439433,72.01724,0.0028999352
1289,80,cat,-1,0.54709923,1.2408208,0.7264504,71.96485,1.0509673
1290,80,shuffle,-1,0.11483212,0.2604392,0.9425843,72.00027,0.019036662
1291,80,unrelated,222,0.7518152,1.7051165,0.62409234,72.019035,1.5912174
1292,81,orig,-1,0.089914106,0.20392515,0.9550431,71.91441,0.0
1293,81,contradict,0,0.10474241,0.23755573,0.94762933,71.912506,0.030678326
1294,81,delete,0,0.09212072,0.20892976,0.9539401,71.912476,0.002132966
1295,81,contradict,1,0.10462974,0.2373002,0.94768536,71.90517,0.025464727
1296,81,delete,1,0.09855366,0.22351965,0.95072347,71.91694,0.016248468
1297,81,contradict,2,0.09881304,0.22410794,0.95059365,71.83371,0.027583586
1298,81,delete,2,0.08988198,0.20385228,0.9550594,71.86833,0.009487668
1299,81,contradict,3,0.088845596,0.20150177,0.9555778,71.93123,0.00270305
1300,81,delete,3,0.08924152,0.20239973,0.95537937,71.93613,0.0015883677
1301,81,paraphrase,-1,0.08896959,0.20178299,0.9555156,71.91717,0.0006888605
1302,81,translate,-1,0.11048411,0.2505779,0.9447582,71.90779,0.057565797
1303,81,polarity,-1,0.08969655,0.20343174,0.95515215,71.91879,0.0036913108
1304,81,vocab,-1,0.090361096,0.20493892,0.9548196,71.92168,0.0053519355
1305,81,cat,3,0.3158092,0.7162551,0.8420958,71.81273,0.59594846
1306,81,shuffle,-1,0.090309724,0.20482242,0.9548456,71.90457,0.013592693
1307,81,unrelated,229,0.7598518,1.7233436,0.62007457,71.91431,1.58643
1308,82,orig,-1,0.06877617,0.15598431,0.965612,71.847885,0.0
1309,82,contradict,0,0.072052434,0.1634149,0.963974,71.85769,0.009888353
1310,82,delete,0,0.073038176,0.16565055,0.9634811,71.85454,0.00718358
1311,82,contradict,1,0.07260275,0.164663,0.96369874,71.82265,0.017134013
1312,82,delete,1,0.067896724,0.15398973,0.9660519,71.846146,0.018785473
1313,82,contradict,2,0.098684624,0.22381668,0.9506579,71.789246,0.058419738
1314,82,delete,2,0.06799373,0.15420975,0.9660034,71.85937,0.015282061
1315,82,contradict,3,0.07070027,0.16034819,0.9646503,71.8259,0.00286721
1316,82,delete,3,0.07048535,0.15986075,0.96475756,71.823906,0.0021310202
1317,82,paraphrase,-1,0.069063164,0.15663522,0.96546894,71.84636,0.0005819189
1318,82,translate,-1,0.06875936,0.1559462,0.96562064,71.87632,0.008159564
1319,82,polarity,-1,0.06606643,0.14983863,0.96696705,71.85574,0.0062382375
1320,82,vocab,-1,0.070472345,0.15983124,0.96476406,71.83358,0.0019024704
1321,82,cat,3,0.38134283,0.8648854,0.80932903,71.7949,0.69693696
1322,82,shuffle,-1,0.06547464,0.14849645,0.96726304,71.87946,0.034812815
1323,82,unrelated,72,0.80577195,1.8274904,0.59711415,71.98497,1.6661334
1324,83,orig,-1,0.0940775,0.21336773,0.9529619,72.01134,0.0
1325,83,contradict,0,0.121472254,0.27549902,0.9392641,71.98805,0.04559112
1326,83,delete,0,0.106360935,0.24122655,0.94681984,71.99848,0.019765725
1327,83,contradict,1,0.10486487,0.23783349,0.94756794,71.98494,0.024846185
1328,83,delete,1,0.09913044,0.22482778,0.9504351,72.01457,0.003900216
1329,83,contradict,2,0.088842824,0.20149548,0.9555788,72.000374,0.005419585
1330,83,delete,2,0.09260546,0.21002914,0.9536977,72.00376,0.002050321
1331,83,contradict,3,0.10995285,0.24937302,0.94502395,72.0253,0.023892911
1332,83,delete,3,0.10534773,0.2389286,0.94732666,72.03393,0.017477348
1333,83,paraphrase,-1,0.09357216,0.21222162,0.9532145,72.01281,0.00091277447
1334,83,translate,-1,0.095426515,0.2164273,0.9522871,72.00567,0.00833121
1335,83,polarity,-1,0.09439115,0.2140791,0.95280486,72.0004,0.0013115411
1336,83,vocab,-1,0.094532184,0.21439895,0.95273405,72.00971,0.0033386236
1337,83,cat,-1,0.29279605,0.6640613,0.8536026,72.0148,0.5103991
1338,83,shuffle,-1,0.09444385,0.2141986,0.9527785,71.97234,0.015218317
1339,83,unrelated,151,0.8534771,1.9356858,0.57326186,71.82415,1.911448
1340,84,orig,-1,0.07332511,0.16630132,0.9633378,72.13656,0.0
1341,84,contradict,0,0.0744104,0.16876276,0.96279514,72.14236,0.005495139
1342,84,delete,0,0.07254751,0.16453773,0.96372646,72.12408,0.004468965
1343,84,contradict,1,0.077697985,0.176219,0.96115124,72.12898,0.0039885277
1344,84,delete,1,0.08960765,0.20323011,0.9551965,72.11379,0.015150804
1345,84,contradict,2,0.082561485,0.1872494,0.9587196,72.16095,0.062366184
1346,84,delete,2,0.08408979,0.19071561,0.9579553,72.09829,0.015136241
1347,84,contradict,3,0.07954137,0.18039979,0.96022946,72.100815,0.0055323937
1348,84,delete,3,0.07836827,0.1777392,0.960816,72.12186,0.0025044663
1349,84,paraphrase,-1,0.0732884,0.16621807,0.963356,72.13608,0.00045180912
1350,84,translate,-1,0.0753417,0.17087494,0.96232945,72.10838,0.019599391
1351,84,polarity,-1,0.076103,0.17260158,0.9619487,72.12934,0.0014806736
1352,84,vocab,-1,0.07483197,0.16971888,0.9625843,72.135475,0.0016455338
1353,84,cat,3,0.53010213,1.2022715,0.7349492,72.17556,1.2727509
1354,84,shuffle,-1,0.09506254,0.2156018,0.9524691,72.07962,0.035128783
1355,84,unrelated,198,0.8351452,1.8941089,0.5824278,71.98286,1.8600985
1356,85,orig,-1,0.104946174,0.23801787,0.9475274,72.03051,0.0
1357,85,contradict,0,0.119609356,0.27127397,0.9401957,72.02678,0.012387864
1358,85,delete,0,0.1032909,0.23426372,0.948355,72.02279,0.005006255
1359,85,contradict,1,0.12790859,0.2900966,0.936046,72.0119,0.016285434
1360,85,delete,1,0.11286213,0.25597125,0.9435694,72.029564,0.0055354703
1361,85,contradict,2,0.11909584,0.27010933,0.9404526,71.879974,0.04741394
1362,85,delete,2,0.1067547,0.24211961,0.94662327,72.00699,0.010661942
1363,85,contradict,3,0.10523713,0.23867775,0.947382,72.00458,0.008199401
1364,85,delete,3,0.10706087,0.242814,0.9464699,72.016464,0.007172135
1365,85,paraphrase,-1,0.10390886,0.23566525,0.9480458,72.022514,0.0008283944
1366,85,translate,-1,0.16335651,0.3704925,0.9183223,72.027016,0.06258848
1367,85,polarity,-1,0.102260016,0.23192567,0.94887036,72.005585,0.003077326
1368,85,vocab,-1,0.11598792,0.26306054,0.94200635,71.99954,0.0053584557
1369,85,cat,-1,0.4862753,1.1028721,0.75686246,71.74833,0.8359764
1370,85,shuffle,-1,0.10639491,0.24130361,0.946803,71.99327,0.010031546
1371,85,unrelated,125,0.87387973,1.9819589,0.5630606,71.9246,1.800348
1372,86,orig,-1,0.122478984,0.2777823,0.9387609,72.08664,0.0
1373,86,contradict,0,0.1308281,0.29671806,0.93458617,72.068146,0.018863732
1374,86,delete,0,0.12428836,0.28188595,0.9378561,72.07197,0.004432577
1375,86,contradict,1,0.12557107,0.28479514,0.93721473,72.09201,0.0074928445
1376,86,delete,1,0.12534167,0.28427485,0.9373295,72.08767,0.0065946756
1377,86,contradict,2,0.14497824,0.32881057,0.9275111,71.91463,0.08409809
1378,86,delete,2,0.13755982,0.3119856,0.93122053,71.931885,0.08083921
1379,86,contradict,3,0.12643477,0.286754,0.93678296,72.08197,0.0065356204
1380,86,delete,3,0.12706879,0.28819194,0.936466,72.08062,0.0033822313
1381,86,paraphrase,-1,0.122345924,0.2774805,0.9388275,72.08368,0.0012043952
1382,86,translate,-1,0.122146055,0.2770272,0.9389273,72.08397,0.013666724
1383,86,polarity,-1,0.123454355,0.27999443,0.93827313,72.08251,0.0025960542
1384,86,vocab,-1,0.12283573,0.2785914,0.93858254,72.08792,0.0026115675
1385,86,cat,-1,0.29240707,0.6631791,0.8537969,71.97838,0.4107847
1386,86,shuffle,-1,0.14608458,0.33131975,0.9269582,72.1017,0.09117875
1387,86,unrelated,104,0.88083345,1.9977299,0.5595836,72.04783,1.8339119
1388,87,orig,-1,0.09046372,0.20517167,0.9547682,72.025185,0.0
1389,87,contradict,0,0.10808186,0.24512962,0.94595927,72.05845,0.039619647
1390,87,delete,0,0.10118465,0.22948675,0.9494081,72.03114,0.023203645
1391,87,contradict,1,0.09277401,0.21041141,0.95361316,72.02022,0.004597027
1392,87,delete,1,0.09276851,0.21039894,0.9536164,72.03793,0.0031189646
1393,87,contradict,2,0.09142744,0.20735739,0.95428646,71.99099,0.0072019026
1394,87,delete,2,0.08956688,0.20313764,0.9552167,72.04053,0.0040125884
1395,87,contradict,3,0.10169892,0.2306531,0.9491507,72.00251,0.014019876
1396,87,delete,3,0.09394477,0.2130667,0.95302784,72.02063,0.0038770805
1397,87,paraphrase,-1,0.092014395,0.2086886,0.95399314,72.01949,0.00223056
1398,87,translate,-1,0.09879933,0.22407684,0.9506004,72.01159,0.008386914
1399,87,polarity,-1,0.092681244,0.21020103,0.95365965,72.00678,0.0033238614
1400,87,vocab,-1,0.09584173,0.21736899,0.9520793,72.026596,0.003849932
1401,87,cat,-1,0.45260525,1.0265085,0.7736978,71.88214,0.80714315
1402,87,shuffle,-1,0.10055363,0.2280556,0.9497233,71.99134,0.018272504
1403,87,unrelated,103,0.81710374,1.8531909,0.5914481,72.151245,1.6926165
1404,88,orig,-1,0.058329344,0.13229093,0.9708357,71.84713,0.0
1405,88,contradict,0,0.07905559,0.17929804,0.9604722,71.86776,0.04044617
1406,88,delete,0,0.062007762,0.14063358,0.96899635,71.82859,0.00611188
1407,88,contradict,1,0.057106752,0.12951809,0.971447,71.85455,0.003123203
1408,88,delete,1,0.058443747,0.13255039,0.97077847,71.84665,0.0022900575
1409,88,contradict,2,0.094872214,0.21517015,0.9525643,71.775475,0.11287524
1410,88,delete,2,0.06310692,0.14312646,0.9684469,71.84143,0.015182429
1411,88,contradict,3,0.06472466,0.1467955,0.967638,71.841225,0.014336243
1412,88,delete,3,0.060470335,0.1371467,0.9697651,71.84323,0.0049114344
1413,88,paraphrase,-1,0.05818523,0.13196407,0.9709078,71.84652,0.0006013671
1414,88,translate,-1,0.061263103,0.13894469,0.96936876,71.81842,0.012173437
1415,88,polarity,-1,0.060074985,0.13625003,0.96996266,71.85351,0.0060008056
1416,88,vocab,-1,0.06322795,0.14340097,0.9683863,71.85277,0.003907128
1417,88,cat,3,0.32566816,0.7386152,0.8371665,71.47319,0.6291563
1418,88,shuffle,-1,0.058490954,0.13265745,0.97075486,71.842674,0.014123748
1419,88,unrelated,157,0.8513932,1.9309595,0.5743038,72.04887,1.8047707
1420,89,orig,-1,0.04669066,0.1058944,0.97665495,71.93195,0.0
1421,89,contradict,0,0.04984563,0.113049865,0.97507745,71.94775,0.0051213657
1422,89,delete,0,0.049157176,0.111488454,0.97542167,71.93635,0.0047748224
1423,89,contradict,1,0.046396565,0.10522739,0.976802,71.92541,0.0009379812
1424,89,delete,1,0.047138844,0.10691088,0.9764308,71.92661,0.0023653675
1425,89,contradict,2,0.045783814,0.10383767,0.9771085,71.92086,0.0034144106
1426,89,delete,2,0.04687106,0.10630354,0.97656465,71.922646,0.0038324392
1427,89,contradict,3,0.045545653,0.10329752,0.9772272,71.929535,0.003601676
1428,89,delete,3,0.044980835,0.102016516,0.97751004,71.926125,0.0014095015
1429,89,paraphrase,-1,0.046769068,0.106072225,0.97661567,71.92971,0.00028248495
1430,89,translate,-1,0.04736819,0.10743104,0.97631603,71.92063,0.0071643326
1431,89,polarity,-1,0.048704125,0.11046094,0.97564816,71.926346,0.0017160417
1432,89,vocab,-1,0.045171227,0.10244832,0.9774145,71.92133,0.0023817902
1433,89,cat,4,0.31325537,0.71046305,0.8433726,71.947174,0.6426659
1434,89,shuffle,-1,0.054497074,0.12359934,0.9727516,71.942604,0.029558415
1435,89,unrelated,189,0.8185264,1.8564175,0.59073687,71.874214,1.8256171
1436,90,orig,-1,0.045220606,0.10256031,0.97739035,72.073296,0.0
1437,90,contradict,0,0.0565179,0.12818258,0.97174156,72.10487,0.030818472
1438,90,delete,0,0.048129275,0.109157175,0.9759359,72.09897,0.010232309
1439,90,contradict,1,0.043799818,0.099337965,0.97810066,72.06315,0.0015350903
1440,90,delete,1,0.046614878,0.105722524,0.97669315,72.08373,0.0012394373
1441,90,contradict,2,0.07508717,0.17029767,0.96245694,72.06111,0.06320987
1442,90,delete,2,0.05916061,0.13417624,0.9704201,72.06652,0.017853642
1443,90,contradict,3,0.04528316,0.10270219,0.97735906,72.048775,0.006982621
1444,90,delete,3,0.04536695,0.10289222,0.97731704,72.06323,0.002011209
1445,90,paraphrase,-1,0.044354778,0.100596614,0.9778231,72.07182,0.0016933673
1446,90,translate,-1,0.05099376,0.11565382,0.97450364,72.07644,0.013702816
1447,90,polarity,-1,0.044927653,0.1018959,0.9775365,72.07731,0.0012109054
1448,90,vocab,-1,0.045135118,0.102366425,0.9774331,72.07252,0.0011999053
1449,90,cat,3,0.40957522,0.92891645,0.7952129,72.12532,0.82346296
1450,90,shuffle,-1,0.0541991,0.12292353,0.97290087,72.110916,0.018204195
1451,90,unrelated,63,0.8456194,1.9178643,0.57719105,72.07596,1.8410625
1452,91,orig,-1,0.090167046,0.20449881,0.9549167,71.70348,0.0
1453,91,contradict,0,0.0859575,0.19495156,0.9570217,71.73138,0.009168969
1454,91,delete,0,0.09002424,0.20417494,0.9549884,71.69528,0.004683181
1455,91,contradict,1,0.10093077,0.22891095,0.94953483,71.72004,0.0073986812
1456,91,delete,1,0.1063142,0.24112055,0.94684315,71.70194,0.010155211
1457,91,contradict,2,0.12438731,0.28211036,0.93780655,71.71393,0.08859599
1458,91,delete,2,0.10668453,0.24196047,0.9466581,71.67612,0.04354994
1459,91,contradict,3,0.0872968,0.1979891,0.95635176,71.7173,0.013308123
1460,91,delete,3,0.090233855,0.20465034,0.9548836,71.70638,0.007001816
1461,91,paraphrase,-1,0.092738114,0.21033001,0.9536312,71.69828,0.00201516
1462,91,translate,-1,0.092363805,0.20948106,0.9538185,71.697754,0.014620407
1463,91,polarity,-1,0.09380794,0.21275638,0.95309633,71.71088,0.0045410767
1464,91,vocab,-1,0.0918026,0.20820825,0.954099,71.69257,0.004707842
1465,91,cat,-1,0.36773306,0.8340184,0.8161338,71.78235,0.7160603
1466,91,shuffle,-1,0.098191164,0.22269751,0.9509046,71.702995,0.0180874
1467,91,unrelated,89,0.8737413,1.981645,0.56312966,71.93195,1.894676
1468,92,orig,-1,0.29550081,0.6701957,0.85224956,72.2181,0.0
1469,92,contradict,0,0.3179282,0.721061,0.841036,72.22953,0.012217281
1470,92,delete,0,0.2999447,0.6802744,0.8500279,72.21305,0.002041503
1471,92,contradict,1,0.3004651,0.6814547,0.8497678,72.20557,0.009078579
1472,92,delete,1,0.2991282,0.67842263,0.850436,72.20372,0.004398871
1473,92,contradict,2,0.29825583,0.6764441,0.8508725,72.189316,0.0037677693
1474,92,delete,2,0.2964846,0.67242694,0.851758,72.22639,0.0017867001
1475,92,contradict,3,0.31373927,0.71156055,0.8431306,72.21714,0.042276345
1476,92,delete,3,0.3128415,0.7095244,0.8435795,72.22655,0.013495206
1477,92,paraphrase,-1,0.2958377,0.6709598,0.8520815,72.22114,0.00067944254
1478,92,translate,-1,0.3011306,0.682964,0.8494349,72.19603,0.007512069
1479,92,polarity,-1,0.29552558,0.6702519,0.85223746,72.22053,0.0005572406
1480,92,vocab,-1,0.29774714,0.67529035,0.85112655,72.21401,0.0010364521
1481,92,cat,5,0.7904558,1.7927535,0.6047723,71.882225,1.0429753
1482,92,shuffle,-1,0.30150113,0.6838044,0.8492499,72.195816,0.01392432
1483,92,unrelated,146,1.1981945,2.7175045,0.40090314,71.7637,1.8919362
1484,93,orig,-1,0.09393035,0.21303399,0.9530352,72.04839,0.0
1485,93,contradict,0,0.12593344,0.285617,0.9370336,72.09938,0.050210312
1486,93,delete,0,0.10272026,0.23296951,0.9486403,72.0286,0.006025544
1487,93,contradict,1,0.09747593,0.22107537,0.9512625,72.039246,0.0016699994
1488,93,delete,1,0.09494734,0.21534052,0.9525268,72.04886,0.0012321911
1489,93,contradict,2,0.124697424,0.2828137,0.9376516,72.00657,0.068665765
1490,93,delete,2,0.12188096,0.27642596,0.93906003,72.00743,0.06887392
1491,93,contradict,3,0.08690833,0.19710806,0.95654625,72.05453,0.027538886
1492,93,delete,3,0.090778686,0.20588602,0.9546109,72.03951,0.005667662
1493,93,paraphrase,-1,0.094315544,0.21390761,0.95284253,72.05277,0.00034426473
1494,93,translate,-1,0.10541178,0.23907387,0.9472944,72.04654,0.016910188
1495,93,polarity,-1,0.09128119,0.2070257,0.9543598,72.05341,0.0021531035
1496,93,vocab,-1,0.09724684,0.2205558,0.95137733,72.05061,0.0017232642
1497,93,cat,-1,0.4168396,0.945392,0.7915806,72.18393,0.77607995
1498,93,shuffle,-1,0.09004956,0.20423235,0.9549757,72.04885,0.010619894
1499,93,unrelated,98,0.99650747,2.2600784,0.50174683,72.36989,2.048626
1500,94,orig,-1,0.11846898,0.26868758,0.94076574,71.75209,0.0
1501,94,contradict,0,0.14368269,0.32587227,0.928159,71.74575,0.030673083
1502,94,delete,0,0.124439836,0.28222948,0.9377805,71.7586,0.008426682
1503,94,contradict,1,0.12777784,0.2898001,0.93611133,71.739944,0.008558839
1504,94,delete,1,0.13120413,0.2975709,0.93439835,71.75748,0.00831396
1505,94,contradict,2,0.13600656,0.30846283,0.9319971,71.68824,0.09182979
1506,94,delete,2,0.12531707,0.28421906,0.93734175,71.714035,0.03703291
1507,94,contradict,3,0.1082776,0.24557354,0.94586134,71.75943,0.0066220188
1508,94,delete,3,0.11306585,0.2564333,0.94346744,71.752205,0.0029769493
1509,94,paraphrase,-1,0.11759063,0.2666955,0.941205,71.74819,0.00088632846
1510,94,translate,-1,0.13022873,0.2953587,0.93488604,71.76931,0.025753498
1511,94,polarity,-1,0.12881334,0.2921486,0.9355937,71.755455,0.0048952084
1512,94,vocab,-1,0.120807305,0.2739909,0.9395966,71.742294,0.0022741419
1513,94,cat,-1,0.27902892,0.6328375,0.86048603,71.67359,0.5226878
1514,94,shuffle,-1,0.11602728,0.26314983,0.94198674,71.73171,0.0034626513
1515,94,unrelated,15,0.7666958,1.7388657,0.6166523,71.99381,1.7291555
1516,95,orig,-1,0.24489732,0.555427,0.8775518,71.8533,0.0
1517,95,contradict,0,0.28707635,0.6510891,0.85646236,71.854324,0.063773036
1518,95,delete,0,0.26595405,0.6031837,0.86702347,71.83995,0.034121614
1519,95,contradict,1,0.2513982,0.570171,0.87430143,71.88876,0.037314393
1520,95,delete,1,0.25977197,0.5891627,0.87011445,71.86412,0.015730787
1521,95,contradict,2,0.24963117,0.56616336,0.8751848,71.83068,0.003464524
1522,95,delete,2,0.2466813,0.5594731,0.87665975,71.84007,0.0029291029
1523,95,contradict,3,0.2737626,0.6208935,0.8631191,71.866165,0.0444298
1524,95,delete,3,0.24823225,0.5629906,0.8758845,71.83869,0.005158194
1525,95,paraphrase,-1,0.24999766,0.5669946,0.87500167,71.853004,0.0011759123
1526,95,translate,-1,0.25221652,0.57202697,0.87389207,71.85652,0.01533482
1527,95,polarity,-1,0.24146485,0.5476422,0.87926775,71.85286,0.002127067
1528,95,vocab,-1,0.25372997,0.5754595,0.87313515,71.86414,0.015791068
1529,95,cat,3,0.5696547,1.2919766,0.7151731,72.006744,0.7730778
1530,95,shuffle,-1,0.2691519,0.6104364,0.86542445,71.84811,0.026404962
1531,95,unrelated,200,0.95166063,2.158366,0.5241701,71.848656,1.6159106
1532,96,orig,-1,0.04673863,0.10600319,0.976631,72.1081,0.0
1533,96,contradict,0,0.047320895,0.107323766,0.9763402,72.13805,0.0089001665
1534,96,delete,0,0.045578483,0.10337198,0.97721106,72.13666,0.0076822
1535,96,contradict,1,0.05036962,0.11423828,0.9748156,72.11728,0.0048293592
1536,96,delete,1,0.047973365,0.10880357,0.9760138,72.12639,0.0037825848
1537,96,contradict,2,0.04908632,0.11132775,0.9754574,72.10163,0.0025560623
1538,96,delete,2,0.046845213,0.10624492,0.9765778,72.10807,0.0018324165
1539,96,contradict,3,0.17088567,0.38756862,0.91455746,71.81851,0.24259026
1540,96,delete,3,0.053148698,0.12054122,0.97342634,72.061066,0.014665702
1541,96,paraphrase,-1,0.047227237,0.10711135,0.9763869,72.10244,0.00060026103
1542,96,translate,-1,0.054134894,0.12277792,0.972933,72.075096,0.013780107
1543,96,polarity,-1,0.048610188,0.11024789,0.97569543,72.12067,0.0029882102
1544,96,vocab,-1,0.04670968,0.10593753,0.9766456,72.09182,0.003648858
1545,96,cat,2,0.3350659,0.7599293,0.8324676,71.85316,0.6192582
1546,96,shuffle,-1,0.05716577,0.12965195,0.9714177,72.104614,0.012037026
1547,96,unrelated,43,0.9009684,2.0433958,0.54951626,72.040535,1.924054
1548,97,orig,-1,0.15460244,0.35063827,0.9226992,71.959984,0.0
1549,97,contradict,0,0.21024057,0.47682554,0.89488035,71.93808,0.06667626
1550,97,delete,0,0.17297685,0.39231142,0.9135122,71.97801,0.029907215
1551,97,contradict,1,0.15552397,0.3527283,0.92223835,71.96344,0.0008291794
1552,97,delete,1,0.15869987,0.35993123,0.9206506,71.978226,0.005036997
1553,97,contradict,2,0.1578655,0.35803887,0.9210679,71.94476,0.019490737
1554,97,delete,2,0.1536549,0.34848925,0.923173,71.97005,0.008362414
1555,97,contradict,3,0.15649828,0.35493803,0.9217514,71.96152,0.00058968255
1556,97,delete,3,0.15778895,0.35786527,0.9211061,71.96609,0.002199457
1557,97,paraphrase,-1,0.15232739,0.34547845,0.9238369,71.958374,0.0007501268
1558,97,translate,-1,0.15115389,0.34281695,0.92442346,71.98509,0.03226278
1559,97,polarity,-1,0.15622571,0.35431984,0.9218876,71.96294,0.0026474737
1560,97,vocab,-1,0.16622126,0.37698975,0.9168898,71.93758,0.0062938314
1561,97,cat,5,0.3226997,0.73188275,0.8386507,71.84776,0.43211234
1562,97,shuffle,-1,0.17051181,0.38672072,0.9147445,71.96547,0.04257447
1563,97,unrelated,60,0.7602295,1.7242002,0.61988574,71.88484,1.340788
1564,98,orig,-1,0.10016624,0.22717698,0.94991726,72.36989,0.0
1565,98,contradict,0,0.11507907,0.26099926,0.94246083,72.36847,0.012214376
1566,98,delete,0,0.100376226,0.22765324,0.94981223,72.373505,0.0049460083
1567,98,contradict,1,0.10107776,0.2292443,0.9494615,72.37478,0.00059049355
1568,98,delete,1,0.09841691,0.2232095,0.9507919,72.377815,0.0025028393
1569,98,contradict,2,0.13287544,0.30136144,0.93356276,72.2628,0.032095637
1570,98,delete,2,0.13148059,0.29819793,0.93426013,72.29712,0.025037663
1571,98,contradict,3,0.10097481,0.22901084,0.94951326,72.37151,0.001289184
1572,98,delete,3,0.09710458,0.22023314,0.951448,72.38905,0.0014772614
1573,98,paraphrase,-1,0.09999313,0.22678438,0.950004,72.3778,0.00094911584
1574,98,translate,-1,0.10014471,0.22712815,0.9499281,72.35834,0.008445987
1575,98,polarity,-1,0.10345209,0.23462929,0.9482744,72.386024,0.0032325604
1576,98,vocab,-1,0.10464394,0.23733242,0.94767857,72.33175,0.005757094
1577,98,cat,-1,0.34139678,0.77428776,0.82930195,71.9837,0.53766954
1578,98,shuffle,-1,0.19761138,0.44818252,0.9011947,72.25807,0.15910308
1579,98,unrelated,116,0.8091396,1.8351283,0.59543055,71.97685,1.551729
1580,99,orig,-1,0.1280062,0.290318,0.93599695,72.03642,0.0
1581,99,contradict,0,0.13913737,0.3155635,0.9304316,72.05749,0.018367758
1582,99,delete,0,0.13220531,0.29984158,0.93389755,72.03908,0.003546353
1583,99,contradict,1,0.13226166,0.2999694,0.9338694,72.029335,0.0033862744
1584,99,delete,1,0.1321356,0.29968348,0.9339323,72.02667,0.0024616348
1585,99,contradict,2,0.12989704,0.29460645,0.93505156,72.040245,0.0017147103
1586,99,delete,2,0.13046291,0.29588982,0.9347688,72.04013,0.0012477976
1587,99,contradict,3,0.12351394,0.28012955,0.93824315,72.06872,0.014314741
1588,99,delete,3,0.12666121,0.28726757,0.93666935,72.050514,0.0077813
1589,99,paraphrase,-1,0.12799826,0.2903,0.9360009,72.026024,0.000354626
1590,99,translate,-1,0.13251904,0.3005531,0.93374056,71.99339,0.018942202
1591,99,polarity,-1,0.124721244,0.28286773,0.93763953,72.03029,0.0018232194
1592,99,vocab,-1,0.1318558,0.2990489,0.9340723,72.03963,0.0031482729
1593,99,cat,3,0.47753754,1.0830549,0.76123136,71.918564,0.90446407
1594,99,shuffle,-1,0.119543314,0.27112418,0.94022864,72.00872,0.02038683
1595,99,unrelated,255,0.8481778,1.9236668,0.57591146,71.782036,1.8996689
1596,100,orig,-1,0.099104986,0.22477007,0.95044804,71.96929,0.0
1597,100,contradict,0,0.113052055,0.25640202,0.94347435,71.952995,0.028370198
1598,100,delete,0,0.10155223,0.23032042,0.9492242,71.985306,0.011775128
1599,100,contradict,1,0.10180986,0.23090471,0.94909567,71.96712,0.0032140366
1600,100,delete,1,0.10094104,0.22893423,0.9495298,71.97345,0.004292596
1601,100,contradict,2,0.100710295,0.2284109,0.9496453,71.96712,0.0016103745
1602,100,delete,2,0.099793,0.22633049,0.95010394,71.9754,0.0038006867
1603,100,contradict,3,0.10837859,0.2458026,0.945811,71.9372,0.009669388
1604,100,delete,3,0.10304234,0.23369999,0.9484792,71.9555,0.0033460506
1605,100,paraphrase,-1,0.100541495,0.22802806,0.9497297,71.96067,0.0008540639
1606,100,translate,-1,0.1090434,0.24731037,0.94547874,71.94712,0.017453032
1607,100,polarity,-1,0.1084684,0.24600628,0.94576627,71.9526,0.009065357
1608,100,vocab,-1,0.09958003,0.22584745,0.95021045,71.950066,0.0050765066
1609,100,cat,-1,0.41546163,0.94226676,0.7922696,71.76117,0.7523712
1610,100,shuffle,-1,0.14019884,0.3179709,0.9299008,71.9352,0.07959997
1611,100,unrelated,203,0.75466335,1.7115761,0.62266886,71.92332,1.5288535
1612,101,orig,-1,0.064891145,0.14717309,0.96755445,72.003174,0.0
1613,101,contradict,0,0.06734451,0.15273732,0.96632755,71.960396,0.043682765
1614,101,delete,0,0.065602556,0.14878657,0.9671986,71.98955,0.027697286
1615,101,contradict,1,0.06449964,0.14628515,0.9677501,71.998,0.0012449522
1616,101,delete,1,0.06513501,0.14772618,0.9674326,72.0023,0.00037458522
1617,101,contradict,2,0.060780454,0.13785005,0.9696097,72.00716,0.0021311159
1618,101,delete,2,0.06168613,0.13990411,0.96915686,72.0085,0.0033998336
1619,101,contradict,3,0.064262055,0.1457463,0.9678691,72.00945,0.0045189
1620,101,delete,3,0.06465706,0.1466422,0.9676713,72.01803,0.0010317208
1621,101,paraphrase,-1,0.06440349,0.14606708,0.96779835,72.00268,0.00034033402
1622,101,translate,-1,0.06584511,0.14933668,0.96707743,71.994255,0.0049549513
1623,101,polarity,-1,0.06518762,0.14784549,0.9674061,72.00333,0.0008043863
1624,101,vocab,-1,0.06304006,0.14297484,0.9684803,71.99236,0.0020957217
1625,101,cat,4,0.3386769,0.76811904,0.83066154,71.83268,0.69867015
1626,101,shuffle,-1,0.06417722,0.14555392,0.96791124,71.99914,0.0034964571
1627,101,unrelated,13,0.5879568,1.3334857,0.7060217,71.87004,1.2301356
1628,102,orig,-1,0.04578637,0.103843465,0.97710717,72.1262,0.0
1629,102,contradict,0,0.06519099,0.14785315,0.9674048,72.110664,0.026041625
1630,102,delete,0,0.048628233,0.11028881,0.97568625,72.128334,0.003230339
1631,102,contradict,1,0.048871018,0.11083945,0.9755649,72.11373,0.0048345225
1632,102,delete,1,0.047004398,0.106605954,0.97649807,72.126114,0.001603607
1633,102,contradict,2,0.044382352,0.100659154,0.9778092,72.12659,0.0037180874
1634,102,delete,2,0.0439226,0.09961644,0.97803915,72.13349,0.0013286847
1635,102,contradict,3,0.04574877,0.10375819,0.9771262,72.11849,0.00025074193
1636,102,delete,3,0.04630088,0.105010375,0.9768499,72.12371,0.00026384785
1637,102,paraphrase,-1,0.04550175,0.10319795,0.97724915,72.115,0.0003742443
1638,102,translate,-1,0.049628306,0.11255698,0.97518617,72.0998,0.013265662
1639,102,polarity,-1,0.04684917,0.10625389,0.97657573,72.114456,0.0016155601
1640,102,vocab,-1,0.04579074,0.103853375,0.97710514,72.11485,0.0024263605
1641,102,cat,4,0.5173804,1.1734185,0.7413101,71.94374,1.0877953
1642,102,shuffle,-1,0.051833224,0.11755773,0.9740838,72.106064,0.018919835
1643,102,unrelated,141,0.8560274,1.9414698,0.57198673,72.04988,1.8402641
1644,103,orig,-1,0.1340662,0.30406207,0.93296707,72.151245,0.0
1645,103,contradict,0,0.16225785,0.36800075,0.9188714,72.10708,0.060132667
1646,103,delete,0,0.14539436,0.32975432,0.9273032,72.137566,0.015050108
1647,103,contradict,1,0.13348731,0.30274916,0.93325675,72.143906,0.00066335953
1648,103,delete,1,0.13162237,0.2985195,0.934189,72.15522,0.00060007133
1649,103,contradict,2,0.13471416,0.30553165,0.93264306,72.140205,0.0015116702
1650,103,delete,2,0.1340537,0.30403376,0.9329735,72.14551,0.0011157802
1651,103,contradict,3,0.15272246,0.34637448,0.923639,72.103004,0.029155502
1652,103,delete,3,0.14831969,0.336389,0.92584026,72.15679,0.010700709
1653,103,paraphrase,-1,0.1342228,0.30441725,0.93288887,72.14824,0.0004566773
1654,103,translate,-1,0.13922366,0.3157592,0.9303883,72.140884,0.008010006
1655,103,polarity,-1,0.13116066,0.29747233,0.93441993,72.14898,0.0013160298
1656,103,vocab,-1,0.14085934,0.31946892,0.92957044,72.13212,0.00306513
1657,103,cat,3,0.47266683,1.0720081,0.7636669,71.82944,0.88621575
1658,103,shuffle,-1,0.1348427,0.30582318,0.93257886,72.1475,0.0029388233
1659,103,unrelated,192,0.8055409,1.8269664,0.5972298,71.92459,1.6050998
1660,104,orig,-1,0.06132391,0.1390826,0.9693383,72.04783,0.0
1661,104,contradict,0,0.07122586,0.16154021,0.9643872,72.07095,0.027048338
1662,104,delete,0,0.05998685,0.13605015,0.9700068,72.03288,0.0051211216
1663,104,contradict,1,0.06302022,0.14292984,0.96849,72.043076,0.0011547784
1664,104,delete,1,0.062249623,0.14118212,0.9688754,72.043755,0.00084963517
1665,104,contradict,2,0.057719775,0.13090843,0.97114027,72.01552,0.0084322095
1666,104,delete,2,0.05989457,0.13584086,0.97005284,72.036156,0.002107148
1667,104,contradict,3,0.05877424,0.13329995,0.97061306,72.030396,0.0054872944
1668,104,delete,3,0.06072127,0.13771582,0.9696394,72.036385,0.0023751464
1669,104,paraphrase,-1,0.060964197,0.13826677,0.96951824,72.04568,0.00022793833
1670,104,translate,-1,0.06307242,0.14304823,0.9684639,72.072334,0.007904301
1671,104,polarity,-1,0.06049795,0.13720933,0.9697513,72.042564,0.0016547914
1672,104,vocab,-1,0.059941046,0.13594626,0.9700297,72.04741,0.0011637119
1673,104,cat,-1,0.5169072,1.1723453,0.74154675,71.86418,1.097866
1674,104,shuffle,-1,0.07983877,0.18107429,0.9600809,72.05092,0.046738487
1675,104,unrelated,221,0.79812735,1.8101525,0.60093653,71.94153,1.798499
1676,105,orig,-1,0.11864568,0.26908836,0.94067746,71.827545,0.0
1677,105,contradict,0,0.12135092,0.27522385,0.9393247,71.761475,0.026923746
1678,105,delete,0,0.116546735,0.26432794,0.9417269,71.80287,0.011877785
1679,105,contradict,1,0.12458899,0.28256777,0.93770576,71.84098,0.009913911
1680,105,delete,1,0.12208633,0.27689174,0.93895733,71.82077,0.006269151
1681,105,contradict,2,0.12176216,0.2761565,0.9391193,71.81113,0.002682835
1682,105,delete,2,0.120024875,0.27221635,0.9399878,71.81642,0.0013092288
1683,105,contradict,3,0.12932587,0.293311,0.9353372,71.80583,0.00933343
1684,105,delete,3,0.13210091,0.2996048,0.9339497,71.81115,0.0140867345
1685,105,paraphrase,-1,0.11784563,0.26727384,0.94107735,71.82572,0.00033810938
1686,105,translate,-1,0.11141734,0.2526945,0.94429195,71.814545,0.011116181
1687,105,polarity,-1,0.120528266,0.27335805,0.9397361,71.82438,0.0014376909
1688,105,vocab,-1,0.11753569,0.2665709,0.94123256,71.82729,0.0015571583
1689,105,cat,-1,0.40253568,0.91295075,0.79873246,71.553,0.7444167
1690,105,shuffle,-1,0.11799462,0.26761174,0.9410031,71.80068,0.0031567735
1691,105,unrelated,51,0.7546143,1.7114649,0.6226932,71.95504,1.5429385
1692,106,orig,-1,0.1046993,0.23745796,0.94765073,71.89376,0.0
1693,106,contradict,0,0.11718891,0.26578438,0.9414061,71.92515,0.025637547
1694,106,delete,0,0.10512741,0.23842892,0.9474367,71.904274,0.0035416512
1695,106,contradict,1,0.10431862,0.23659459,0.94784117,71.90483,0.007867853
1696,106,delete,1,0.1033206,0.23433107,0.94834024,71.893814,0.0030193576
1697,106,contradict,2,0.103572294,0.23490192,0.94821423,71.90097,0.0030153156
1698,106,delete,2,0.10191524,0.23114371,0.94904286,71.899605,0.0019184796
1699,106,contradict,3,0.39179018,0.88857996,0.8041053,71.801956,0.6373459
1700,106,delete,3,0.14009137,0.31772718,0.9299547,71.82639,0.06155044
1701,106,paraphrase,-1,0.10355075,0.23485304,0.94822496,71.88757,0.0006188537
1702,106,translate,-1,0.12289866,0.27873412,0.9385511,71.88994,0.02518016
1703,106,polarity,-1,0.10466963,0.23739068,0.9476655,71.89937,0.0016448547
1704,106,vocab,-1,0.10829655,0.24561653,0.94585234,71.89479,0.002719648
1705,106,cat,2,0.41314015,0.93700165,0.7934303,72.00205,0.7907399
1706,106,shuffle,-1,0.13485256,0.30584553,0.93257415,71.916405,0.041042842
1707,106,unrelated,136,0.80619174,1.8284425,0.5969047,71.852554,1.7064488
1708,107,orig,-1,0.059285145,0.13445868,0.9703579,71.872116,0.0
1709,107,contradict,0,0.072266966,0.16390145,0.963867,71.883125,0.021838779
1710,107,delete,0,0.065357484,0.14823075,0.9673217,71.88647,0.01111251
1711,107,contradict,1,0.06951032,0.15764937,0.9652455,71.88651,0.014509731
1712,107,delete,1,0.06993854,0.15862058,0.9650314,71.89041,0.016288463
1713,107,contradict,2,0.059868027,0.13578066,0.9700664,71.86813,0.0024257666
1714,107,delete,2,0.06013432,0.13638462,0.96993333,71.87435,0.001195837
1715,107,contradict,3,0.21793926,0.49428615,0.89103085,71.94316,0.41320202
1716,107,delete,3,0.071202055,0.16148622,0.9643995,71.87469,0.04285036
1717,107,paraphrase,-1,0.05989048,0.13583158,0.97005534,71.878494,0.00095265
1718,107,translate,-1,0.056924336,0.12910436,0.97153836,71.90604,0.010053231
1719,107,polarity,-1,0.058623753,0.13295865,0.9706887,71.87447,0.002433223
1720,107,vocab,-1,0.06058445,0.1374055,0.9697084,71.87136,0.0016647732
1721,107,cat,2,0.4069127,0.92287785,0.796544,71.87507,0.82227564
1722,107,shuffle,-1,0.069035195,0.15657179,0.96548265,71.83166,0.031246878
1723,107,unrelated,129,0.9426075,2.1378334,0.5286969,72.19771,2.0629742
1724,108,orig,-1,0.11014495,0.2498087,0.94492775,71.862724,0.0
1725,108,contradict,0,0.1183053,0.2683164,0.94084746,71.83556,0.028389761
1726,108,delete,0,0.11159255,0.25309187,0.94420403,71.88473,0.009397092
1727,108,contradict,1,0.11172743,0.25339776,0.9441367,71.865685,0.0026988673
1728,108,delete,1,0.11189435,0.25377634,0.9440532,71.87545,0.0037580694
1729,108,contradict,2,0.10777949,0.24444383,0.94611067,71.842476,0.0022709097
1730,108,delete,2,0.110013686,0.24951099,0.94499373,71.84586,0.0029557825
1731,108,contradict,3,0.11551976,0.26199877,0.9422404,71.848404,0.021810116
1732,108,delete,3,0.107491754,0.24379125,0.94625443,71.85919,0.021381157
1733,108,paraphrase,-1,0.109025165,0.24726902,0.9454877,71.86537,0.00054565753
1734,108,translate,-1,0.11204829,0.25412548,0.94397616,71.85368,0.010671622
1735,108,polarity,-1,0.106923185,0.24250174,0.9465386,71.89061,0.0074807107
1736,108,vocab,-1,0.110592626,0.25082403,0.944704,71.86295,0.0019659754
1737,108,cat,2,0.42641526,0.9671096,0.7867927,71.75974,0.7204901
1738,108,shuffle,-1,0.10830058,0.24562567,0.94585,71.877655,0.01370307
1739,108,unrelated,245,0.78648496,1.7837476,0.606758,71.97736,1.5615722
1740,109,orig,-1,0.05398468,0.12243723,0.9730079,71.884544,0.0
1741,109,contradict,0,0.05903287,0.13388652,0.9704841,71.91919,0.02593377
1742,109,delete,0,0.05380129,0.1220213,0.9730999,71.90892,0.012239365
1743,109,contradict,1,0.05940941,0.13474052,0.9702957,71.89024,0.0041043824
1744,109,delete,1,0.06152598,0.1395409,0.9692375,71.88697,0.0048215734
1745,109,contradict,2,0.052371323,0.11877814,0.9738148,71.873505,0.003465729
1746,109,delete,2,0.057364278,0.13010216,0.9713183,71.9166,0.009781554
1747,109,contradict,3,0.06177958,0.14011607,0.9691106,71.889496,0.019232903
1748,109,delete,3,0.055971235,0.12694274,0.9720148,71.91765,0.007175543
1749,109,paraphrase,-1,0.05367889,0.121743694,0.973161,71.88113,0.0009705456
1750,109,translate,-1,0.06291356,0.14268793,0.9685436,71.844635,0.028388698
1751,109,polarity,-1,0.053069066,0.12036062,0.973466,71.88904,0.0038096628
1752,109,vocab,-1,0.053615283,0.121599436,0.9731926,71.88379,0.0036779044
1753,109,cat,-1,0.37056667,0.84044504,0.8147172,71.73648,0.7383765
1754,109,shuffle,-1,0.07998341,0.18140234,0.9600088,71.95207,0.058907654
1755,109,unrelated,153,0.91368544,2.0722382,0.5431577,72.01515,2.0280104
1756,110,orig,-1,0.2066808,0.46875197,0.89666,72.05148,0.0
1757,110,contradict,0,0.21371725,0.48471063,0.89314175,72.06804,0.008209123
1758,110,delete,0,0.20667258,0.4687333,0.89666414,72.04573,0.0034947318
1759,110,contradict,1,0.21684384,0.49180174,0.8915785,72.07123,0.003833327
1760,110,delete,1,0.21410802,0.4855969,0.89294636,72.06345,0.002791143
1761,110,contradict,2,0.20936438,0.47483832,0.89531815,72.0438,0.000955957
1762,110,delete,2,0.20683825,0.46910906,0.8965813,72.0495,0.00070509297
1763,110,contradict,3,0.21389155,0.48510593,0.89305466,72.04171,0.003326187
1764,110,delete,3,0.2117426,0.48023212,0.89412904,72.054344,0.0022298095
1765,110,paraphrase,-1,0.20702362,0.46952948,0.8964886,72.0537,0.0003644499
1766,110,translate,-1,0.20145516,0.4569002,0.8992728,72.067406,0.011779978
1767,110,polarity,-1,0.21127371,0.47916868,0.8943636,72.05014,0.0010635363
1768,110,vocab,-1,0.20740406,0.47039232,0.89629847,72.05524,0.0008842509
1769,110,cat,4,0.68811,1.5606332,0.6559456,71.841774,1.4266897
1770,110,shuffle,-1,0.20166239,0.45737022,0.8991692,72.07409,0.01588936
1771,110,unrelated,109,1.1416476,2.5892563,0.42917654,71.884544,2.5641341
1772,111,orig,-1,0.20989004,0.4760305,0.89505494,72.125175,0.0
1773,111,contradict,0,0.17906432,0.4061178,0.91046786,72.05452,0.061218828
1774,111,delete,0,0.1975148,0.44796348,0.90124273,72.104385,0.022123456
1775,111,contradict,1,0.20100161,0.45587158,0.8994993,72.084526,0.005104632
1776,111,delete,1,0.19009277,0.43113032,0.90495366,72.074585,0.0066245156
1777,111,contradict,2,0.20425601,0.46325254,0.8978721,72.1271,0.0026006827
1778,111,delete,2,0.21026197,0.47687405,0.89486897,72.14396,0.002677313
1779,111,contradict,3,0.1823448,0.41355792,0.9088277,72.079865,0.011451783
1780,111,delete,3,0.2124993,0.48194832,0.8937505,72.135185,0.002976355
1781,111,paraphrase,-1,0.20551415,0.466106,0.89724296,72.12033,0.00053362554
1782,111,translate,-1,0.19869016,0.4506292,0.9006549,72.062805,0.026627753
1783,111,polarity,-1,0.19940343,0.4522469,0.90029854,72.09777,0.0049688574
1784,111,vocab,-1,0.19954899,0.45257702,0.9002256,72.085266,0.0060292524
1785,111,cat,-1,0.3286307,0.74533427,0.8356848,71.94751,0.4413101
1786,111,shuffle,-1,0.15710875,0.3563226,0.92144555,72.030945,0.11432456
1787,111,unrelated,22,0.7763007,1.7606497,0.6118497,72.07329,1.5490701
1788,112,orig,-1,0.18302134,0.41509232,0.9084897,71.86492,0.0
1789,112,contradict,0,0.22666863,0.51408434,0.8866662,71.78874,0.11373828
1790,112,delete,0,0.18075149,0.4099443,0.90962464,71.825874,0.02746907
1791,112,contradict,1,0.18350987,0.4162003,0.90824544,71.86114,0.010456302
1792,112,delete,1,0.1760256,0.39922598,0.9119876,71.87329,0.0083475085
1793,112,contradict,2,0.22283916,0.5053991,0.8885808,71.80313,0.060958926
1794,112,delete,2,0.20451644,0.4638432,0.8977423,71.81635,0.04971736
1795,112,contradict,3,0.18314947,0.41538292,0.90842557,71.876625,0.0006863643
1796,112,delete,3,0.18398423,0.41727617,0.90800834,71.87214,0.001083079
1797,112,paraphrase,-1,0.18028966,0.40889686,0.9098556,71.87193,0.0014686154
1798,112,translate,-1,0.23598012,0.5352028,0.8820103,71.88861,0.08722461
1799,112,polarity,-1,0.18106821,0.41066262,0.90946615,71.88333,0.002751809
1800,112,vocab,-1,0.18811873,0.42665318,0.905941,71.87701,0.0039441255
1801,112,cat,6,0.3887519,0.88168913,0.80562437,71.68114,0.35562524
1802,112,shuffle,-1,0.18588093,0.42157787,0.90705997,71.86167,0.022272872
1803,112,unrelated,159,1.1993253,2.7200694,0.40033776,72.02422,2.4602225
1804,113,orig,-1,0.0893508,0.20264757,0.9553249,71.679375,0.0
1805,113,contradict,0,0.12584496,0.2854163,0.9370774,71.76099,0.14611365
1806,113,delete,0,0.11655839,0.26435438,0.94172096,71.727165,0.12294526
1807,113,contradict,1,0.09067939,0.20566082,0.9546603,71.68321,0.0035879936
1808,113,delete,1,0.090292275,0.20478284,0.9548538,71.68807,0.0024684118
1809,113,contradict,2,0.08267204,0.18750015,0.9586642,71.65109,0.010947318
1810,113,delete,2,0.08353202,0.18945059,0.9582343,71.65748,0.007661324
1811,113,contradict,3,0.09626877,0.21833754,0.95186585,71.7073,0.010759184
1812,113,delete,3,0.09889238,0.22428788,0.9505539,71.70002,0.007117774
1813,113,paraphrase,-1,0.08755882,0.19858336,0.9562207,71.67989,0.0013531144
1814,113,translate,-1,0.0953943,0.21635422,0.9523029,71.72241,0.024063569
1815,113,polarity,-1,0.091689624,0.20795202,0.9541552,71.67427,0.004744677
1816,113,vocab,-1,0.08819567,0.20002773,0.95590234,71.66128,0.0056461347
1817,113,cat,3,0.56622237,1.2841921,0.71688896,71.827095,1.1565336
1818,113,shuffle,-1,0.11225275,0.2545892,0.943874,71.70379,0.0933383
1819,113,unrelated,6,0.9479216,2.1498857,0.5260392,71.92613,2.1011906
1820,114,orig,-1,0.087524876,0.19850639,0.9562377,72.05462,0.0
1821,114,contradict,0,0.10862441,0.24636012,0.945688,72.040596,0.038617857
1822,114,delete,0,0.09027897,0.20475265,0.95486104,72.030304,0.0073254965
1823,114,contradict,1,0.087246634,0.19787532,0.956377,72.06129,0.0005956966
1824,114,delete,1,0.088271655,0.20020008,0.9558643,72.05473,0.0026016806
1825,114,contradict,2,0.08810364,0.19981901,0.9559483,72.058105,0.00074105576
1826,114,delete,2,0.0871121,0.1975702,0.9564443,72.05584,0.0005080289
1827,114,contradict,3,0.3553555,0.8059461,0.8223226,71.92562,0.6270807
1828,114,delete,3,0.4661271,1.057176,0.7669369,71.95879,0.9042352
1829,114,paraphrase,-1,0.08704692,0.19742239,0.95647675,72.058426,0.0008980883
1830,114,translate,-1,0.09263055,0.21008605,0.95368505,72.017845,0.0073802355
1831,114,polarity,-1,0.08892072,0.20167215,0.95553994,72.060486,0.0011916218
1832,114,vocab,-1,0.089605376,0.20322496,0.9551978,72.0532,0.00235266
1833,114,cat,-1,0.12406592,0.28138146,0.93796754,71.97665,0.069648825
1834,114,shuffle,-1,0.09478007,0.21496116,0.95261014,72.06115,0.012197864
1835,114,unrelated,180,0.7216656,1.6367373,0.63916755,71.8958,1.5097744
1836,115,orig,-1,0.086665474,0.19655725,0.9566674,71.825645,0.0
1837,115,contradict,0,0.10564955,0.23961315,0.94717574,71.83165,0.048227817
1838,115,delete,0,0.09645739,0.21876532,0.9517714,71.86557,0.016502397
1839,115,contradict,1,0.08566972,0.19429888,0.95716524,71.81813,0.0043813316
1840,115,delete,1,0.08387326,0.19022451,0.9580636,71.85235,0.005884343
1841,115,contradict,2,0.08775905,0.19903748,0.9561207,71.820244,0.006982215
1842,115,delete,2,0.08985087,0.20378174,0.9550747,71.84696,0.0064015538
1843,115,contradict,3,0.20943436,0.47499704,0.89528286,71.86446,0.27754468
1844,115,delete,3,0.28708714,0.6511135,0.8564566,71.86713,0.4832275
1845,115,paraphrase,-1,0.08767525,0.19884743,0.9561627,71.82775,0.00080123445
1846,115,translate,-1,0.09193034,0.20849797,0.95403504,71.81923,0.009589099
1847,115,polarity,-1,0.08834277,0.20036137,0.9558288,71.8388,0.0038766603
1848,115,vocab,-1,0.08737829,0.19817393,0.95631087,71.81516,0.0028490284
1849,115,cat,2,0.3834354,0.8696313,0.8082824,71.802635,0.65781534
1850,115,shuffle,-1,0.10028504,0.22744642,0.9498578,71.87264,0.055820387
1851,115,unrelated,150,0.66833586,1.5157855,0.6658324,71.88533,1.3280905
1852,116,orig,-1,0.19952859,0.45253074,0.90023583,71.97685,0.0
1853,116,contradict,0,0.20341864,0.4613534,0.8982909,71.95046,0.013666543
1854,116,delete,0,0.20092373,0.4556949,0.89953816,71.96369,0.0021923948
1855,116,contradict,1,0.20198818,0.45810908,0.89900595,71.96932,0.0010325752
1856,116,delete,1,0.20460764,0.46405002,0.89769626,71.97582,0.0030728222
1857,116,contradict,2,0.19413367,0.44029507,0.90293336,71.96498,0.0117640365
1858,116,delete,2,0.20160508,0.45724022,0.8991974,71.97693,0.005528649
1859,116,contradict,3,0.1863096,0.4225501,0.90684557,71.96842,0.012853835
1860,116,delete,3,0.20021038,0.45407704,0.8998949,71.979576,0.007267493
1861,116,paraphrase,-1,0.20089205,0.45562306,0.89955413,71.974815,0.0004246764
1862,116,translate,-1,0.20576301,0.46667042,0.8971187,71.96657,0.014968684
1863,116,polarity,-1,0.19529311,0.4429247,0.9023537,71.9884,0.0031166903
1864,116,vocab,-1,0.19418654,0.440415,0.9029068,71.96253,0.004584971
1865,116,cat,-1,0.3764835,0.85386443,0.8117584,71.92114,0.5663061
1866,116,shuffle,-1,0.18724883,0.42468026,0.90637577,71.97619,0.0107415365
1867,116,unrelated,242,0.87280333,1.9795176,0.5635985,72.18812,1.8078537
1868,117,orig,-1,0.07259996,0.16465668,0.9637003,72.05935,0.0
1869,117,contradict,0,0.081657074,0.1851982,0.95917165,72.08387,0.013121879
1870,117,delete,0,0.078137,0.17721468,0.9609314,72.09975,0.0067465235
1871,117,contradict,1,0.07239176,0.16418448,0.96380436,72.06266,0.00067142234
1872,117,delete,1,0.07327801,0.1661945,0.96336126,72.07427,0.0007724409
1873,117,contradict,2,0.07222051,0.16379608,0.9638901,72.06143,0.0059255594
1874,117,delete,2,0.073055565,0.16568999,0.96347255,72.06416,0.0027361603
1875,117,contradict,3,0.17554358,0.39813274,0.91222835,71.73782,0.30767512
1876,117,delete,3,0.07485713,0.16977593,0.9625718,72.017296,0.01732005
1877,117,paraphrase,-1,0.07259132,0.16463707,0.9637046,72.06591,0.0004222565
1878,117,translate,-1,0.076486364,0.17347103,0.961757,72.047165,0.010358037
1879,117,polarity,-1,0.07262877,0.16472201,0.96368563,72.06822,0.001630067
1880,117,vocab,-1,0.073418856,0.16651393,0.96329063,72.06313,0.0022872838
1881,117,cat,2,0.47363538,1.0742048,0.76318246,71.94711,1.0142525
1882,117,shuffle,-1,0.09605779,0.21785901,0.95197105,72.06386,0.061352435
1883,117,unrelated,14,0.78289664,1.7756093,0.6085518,71.94488,1.6715919
1884,118,orig,-1,0.10443918,0.23686801,0.9477809,72.06656,0.0
1885,118,contradict,0,0.11176994,0.25349417,0.9441156,72.0929,0.009844823
1886,118,delete,0,0.10919261,0.24764879,0.9454042,72.086586,0.008813282
1887,118,contradict,1,0.11155288,0.25300187,0.9442243,72.03578,0.01565932
1888,118,delete,1,0.111229435,0.2522683,0.9443857,72.067764,0.012965928
1889,118,contradict,2,0.10122802,0.22958511,0.94938636,72.037865,0.0020217171
1890,118,delete,2,0.10158211,0.23038818,0.9492096,72.06354,0.0011368933
1891,118,contradict,3,0.10595167,0.24029833,0.9470247,72.051796,0.0028207018
1892,118,delete,3,0.10525324,0.23871431,0.94737387,72.065254,0.00067964994
1893,118,paraphrase,-1,0.10354869,0.23484838,0.9482262,72.064064,0.00013791036
1894,118,translate,-1,0.10889037,0.2469633,0.94555545,72.07013,0.00510168
1895,118,polarity,-1,0.104812935,0.23771569,0.9475941,72.063515,0.0007619158
1896,118,vocab,-1,0.11145256,0.25277436,0.9442742,72.09528,0.0073713865
1897,118,cat,-1,0.37035492,0.8399648,0.8148233,72.09008,0.6435205
1898,118,shuffle,-1,0.10438788,0.23675166,0.9478066,72.082565,0.008712092
1899,118,unrelated,123,0.8372,1.8987691,0.58140063,72.1453,1.7182688
1900,119,orig,-1,0.16924925,0.38385722,0.91537565,72.35489,0.0
1901,119,contradict,0,0.2527597,0.5732589,0.87362057,72.26275,0.12170837
1902,119,delete,0,0.22222838,0.50401384,0.88888603,72.28044,0.07821684
1903,119,contradict,1,0.18790981,0.42617938,0.90604526,72.253174,0.03058445
1904,119,delete,1,0.1686285,0.38244936,0.91568595,72.339645,0.0046818065
1905,119,contradict,2,0.16481881,0.37380898,0.91759086,72.33656,0.0045653
1906,119,delete,2,0.18417017,0.41769788,0.90791535,72.301956,0.011631369
1907,119,contradict,3,0.1874291,0.42508912,0.90628576,72.12048,0.09885638
1908,119,delete,3,0.18120351,0.4109695,0.9093987,72.25127,0.015069827
1909,119,paraphrase,-1,0.16703391,0.37883285,0.91648334,72.377884,0.0014266699
1910,119,translate,-1,0.22355554,0.5070239,0.88822275,72.2553,0.086308904
1911,119,polarity,-1,0.1678722,0.3807341,0.9160643,72.39648,0.012046039
1912,119,vocab,-1,0.17881241,0.4055465,0.910594,72.40686,0.011794256
1913,119,cat,-1,0.25828177,0.58578295,0.8708592,72.22352,0.24548113
1914,119,shuffle,-1,0.16892293,0.38311714,0.9155388,72.3071,0.06946689
1915,119,unrelated,219,0.87796575,1.991226,0.56101733,71.81257,1.6101606
1916,120,orig,-1,0.076792076,0.1741644,0.96160436,71.93809,0.0
1917,120,contradict,0,0.085221045,0.1932813,0.95738995,71.93785,0.021004552
1918,120,delete,0,0.08422874,0.19103074,0.957886,71.92086,0.018982328
1919,120,contradict,1,0.08190815,0.18576765,0.9590465,71.99284,0.012270166
1920,120,delete,1,0.07931335,0.17988265,0.96034354,71.98265,0.007007929
1921,120,contradict,2,0.07686789,0.17433634,0.96156657,71.95371,0.0023406688
1922,120,delete,2,0.076381125,0.17323236,0.96180975,71.9671,0.0022548344
1923,120,contradict,3,0.084949516,0.19266546,0.9575257,71.94261,0.0100396
1924,120,delete,3,0.076777756,0.17413191,0.96161157,71.95275,0.0021147605
1925,120,paraphrase,-1,0.07643259,0.17334908,0.96178424,71.9375,0.00077506946
1926,120,translate,-1,0.08268689,0.18753384,0.95865685,71.90837,0.008327023
1927,120,polarity,-1,0.078752205,0.17860997,0.9606245,71.95157,0.0048175943
1928,120,vocab,-1,0.076707244,0.173972,0.9616468,71.96378,0.004491105
1929,120,cat,4,0.43081012,0.9770772,0.7845956,71.852135,0.80186296
1930,120,shuffle,-1,0.07861455,0.17829776,0.9606931,71.93313,0.004295666
1931,120,unrelated,167,0.75897515,1.7213553,0.62051284,72.00161,1.5538794
1932,121,orig,-1,0.049738042,0.11280586,0.9751309,71.879944,0.0
1933,121,contradict,0,0.057093732,0.12948856,0.97145325,71.87032,0.015082479
1934,121,delete,0,0.04927443,0.11175439,0.975363,71.85948,0.0031450794
1935,121,contradict,1,0.053031795,0.120276086,0.9734843,71.89256,0.006828621
1936,121,delete,1,0.0534721,0.1212747,0.97326404,71.883316,0.0065387837
1937,121,contradict,2,0.0494897,0.11224262,0.9752552,71.92119,0.009199618
1938,121,delete,2,0.052016653,0.117973745,0.9739918,71.89871,0.009990871
1939,121,contradict,3,0.05526843,0.12534878,0.972366,71.83504,0.04398335
1940,121,delete,3,0.04897144,0.111067206,0.9755143,71.87942,0.006995965
1941,121,paraphrase,-1,0.04945485,0.11216357,0.9752727,71.88444,0.00031826182
1942,121,translate,-1,0.056525744,0.12820037,0.9717374,71.88256,0.016097443
1943,121,polarity,-1,0.053798694,0.12201542,0.97310096,71.871544,0.0028526462
1944,121,vocab,-1,0.048218586,0.109359734,0.9758911,71.87071,0.0024845006
1945,121,cat,3,0.5388254,1.2220558,0.73058754,71.92434,1.219853
1946,121,shuffle,-1,0.108141445,0.24526475,0.9459296,71.842224,0.12589006
1947,121,unrelated,177,0.99414843,2.2547283,0.5029259,72.11746,2.2729783
1948,122,orig,-1,0.11030777,0.25017798,0.94484645,71.92981,0.0
1949,122,contradict,0,0.119854175,0.27182922,0.9400732,71.96691,0.022458436
1950,122,delete,0,0.118725374,0.2692691,0.9406375,71.92545,0.011797317
1951,122,contradict,1,0.12866111,0.29180333,0.93566966,71.929985,0.015702408
1952,122,delete,1,0.11444737,0.25956658,0.94277674,71.93021,0.005338664
1953,122,contradict,2,0.25490582,0.5781263,0.87254745,71.79348,0.370959
1954,122,delete,2,0.1161047,0.2633254,0.9419481,71.835556,0.06432323
1955,122,contradict,3,0.15723869,0.35661727,0.92138124,71.923996,0.06456281
1956,122,delete,3,0.12866357,0.29180893,0.9356686,71.94221,0.014444947
1957,122,paraphrase,-1,0.10991975,0.24929795,0.9450404,71.931404,0.0005995093
1958,122,translate,-1,0.11171744,0.2533751,0.9441416,71.918945,0.006673854
1959,122,polarity,-1,0.114117905,0.25881937,0.9429414,71.933624,0.002102058
1960,122,vocab,-1,0.112988636,0.2562582,0.94350606,71.938866,0.0037763885
1961,122,cat,2,0.37835523,0.85810953,0.81082284,71.846634,0.64963967
1962,122,shuffle,-1,0.11775084,0.26705885,0.9411249,71.915276,0.0056512356
1963,122,unrelated,174,0.8369538,1.8982109,0.58152354,71.95314,1.6998881
1964,123,orig,-1,0.10575229,0.23984614,0.94712436,72.1453,0.0
1965,123,contradict,0,0.1168951,0.26511803,0.9415529,72.1257,0.06794892
1966,123,delete,0,0.10033444,0.22755848,0.94983333,72.13141,0.029759761
1967,123,contradict,1,0.10373374,0.23526807,0.9481336,72.14756,0.004260609
1968,123,delete,1,0.10816319,0.24531408,0.9459189,72.159035,0.0018120361
1969,123,contradict,2,0.14370535,0.32592368,0.9281478,72.02259,0.12595388
1970,123,delete,2,0.10943116,0.24818982,0.945285,72.09557,0.0141902445
1971,123,contradict,3,0.10733628,0.24343865,0.94633234,72.14155,0.047816753
1972,123,delete,3,0.10806817,0.24509856,0.9459666,72.160904,0.009128056
1973,123,paraphrase,-1,0.10531316,0.2388502,0.94734395,72.13485,0.001025691
1974,123,translate,-1,0.11070962,0.25108936,0.9446454,72.15243,0.013034106
1975,123,polarity,-1,0.10144738,0.23008262,0.94927704,72.131935,0.0025713267
1976,123,vocab,-1,0.114411,0.25948408,0.9427949,72.107414,0.017451182
1977,123,cat,3,0.28014413,0.63536674,0.8599285,72.063034,0.44102952
1978,123,shuffle,-1,0.101875566,0.23105374,0.9490628,72.14159,0.02443111
1979,123,unrelated,37,0.8295457,1.8814092,0.5852275,72.046425,1.7880473
1980,124,orig,-1,0.124863066,0.2831894,0.9375689,72.06993,0.0
1981,124,contradict,0,0.16271813,0.36904466,0.91864127,72.06251,0.10789253
1982,124,delete,0,0.14021453,0.3180065,0.9298932,72.02606,0.028303536
1983,124,contradict,1,0.13124004,0.29765236,0.9343803,72.063736,0.01835984
1984,124,delete,1,0.11994781,0.2720416,0.9400261,72.100464,0.0146095
1985,124,contradict,2,0.12593582,0.2856224,0.93703234,72.084946,0.004689057
1986,124,delete,2,0.12612303,0.28604698,0.9369386,72.08333,0.002598565
1987,124,contradict,3,0.13293143,0.30148843,0.9335347,72.05335,0.013151759
1988,124,delete,3,0.12562983,0.28492838,0.9371856,72.0706,0.00399726
1989,124,paraphrase,-1,0.12524743,0.28406113,0.9373766,72.07234,0.00071325473
1990,124,translate,-1,0.13181946,0.29896647,0.9340905,72.04249,0.013397863
1991,124,polarity,-1,0.11898521,0.26985842,0.94050765,72.090225,0.004546206
1992,124,vocab,-1,0.12056539,0.27344227,0.9397176,72.09322,0.0031238985
1993,124,cat,-1,0.35000065,0.7938013,0.8249998,71.98125,0.51933044
1994,124,shuffle,-1,0.1319656,0.29929793,0.9340174,72.08831,0.045096695
1995,124,unrelated,139,0.7783564,1.765312,0.61082196,72.02086,1.6230538
1996,125,orig,-1,0.18098392,0.41047144,0.9095082,71.9246,0.0
1997,125,contradict,0,0.19898905,0.4513071,0.9005058,71.912186,0.023928633
1998,125,delete,0,0.18819392,0.42682374,0.9059034,71.9066,0.0047951303
1999,125,contradict,1,0.19967736,0.45286816,0.9001615,71.87743,0.01653564
2000,125,delete,1,0.18986781,0.4306201,0.9050663,71.91379,0.0052367426
2001,125,contradict,2,0.42878047,0.9724739,0.78561014,71.73268,0.7467442
2002,125,delete,2,0.2222193,0.5039933,0.8888907,71.80113,0.2273631
2003,125,contradict,3,0.17781201,0.40327755,0.9110944,71.93547,0.003956306
2004,125,delete,3,0.18115439,0.41085806,0.9094233,71.91876,0.002754619
2005,125,paraphrase,-1,0.1784311,0.40468165,0.9107848,71.9165,0.00087705755
2006,125,translate,-1,0.18556999,0.42087266,0.90721536,71.91294,0.010604085
2007,125,polarity,-1,0.1789057,0.40575805,0.9105474,71.91309,0.005142526
2008,125,vocab,-1,0.19030532,0.43161237,0.90484774,71.899925,0.0051582456
2009,125,cat,-1,0.38252127,0.86755806,0.8087397,71.73006,0.636701
2010,125,shuffle,-1,0.17872816,0.4053554,0.9106361,71.92447,0.018814275
2011,125,unrelated,19,0.6699189,1.5193758,0.66504073,71.967384,1.2949637
2012,126,orig,-1,0.14400077,0.32659367,0.92799985,72.19012,0.0
2013,126,contradict,0,0.25393724,0.5759296,0.8730317,72.1246,0.16619742
2014,126,delete,0,0.20257385,0.4594374,0.8987131,72.089836,0.071360245
2015,126,contradict,1,0.14416714,0.32697102,0.9279167,72.18762,0.0025634211
2016,126,delete,1,0.14745781,0.33443424,0.92627156,72.20552,0.0020684784
2017,126,contradict,2,0.14802906,0.33572984,0.92598593,72.12098,0.007233256
2018,126,delete,2,0.15576866,0.35328326,0.9221159,72.14634,0.0050600027
2019,126,contradict,3,0.15714762,0.3564107,0.9214265,72.10845,0.031097444
2020,126,delete,3,0.15591645,0.35361844,0.9220422,72.16788,0.014719339
2021,126,paraphrase,-1,0.14248517,0.3231563,0.9287578,72.19066,0.00033538768
2022,126,translate,-1,0.16749933,0.37988842,0.9162507,72.144035,0.01933469
2023,126,polarity,-1,0.15244873,0.34575364,0.923776,72.14861,0.003968694
2024,126,vocab,-1,0.14147042,0.32085484,0.92926514,72.18102,0.0014255549
2025,126,cat,-1,0.5178927,1.1745805,0.74105406,71.200134,0.85405844
2026,126,shuffle,-1,0.15267256,0.3462613,0.9236641,72.16164,0.009674518
2027,126,unrelated,236,0.93125975,2.1120968,0.53437066,72.22399,1.7599245
2028,127,orig,-1,0.16709621,0.37897414,0.91645235,71.959,0.0
2029,127,contradict,0,0.17707515,0.40160635,0.9114627,71.96185,0.010359036
2030,127,delete,0,0.16984558,0.3852097,0.9150777,71.97127,0.0049832747
2031,127,contradict,1,0.1800271,0.40830138,0.9099869,71.96325,0.010807037
2032,127,delete,1,0.17480654,0.39646116,0.9125971,71.97345,0.008564159
2033,127,contradict,2,0.2247059,0.5096329,0.8876473,71.79607,0.17464207
2034,127,delete,2,0.15383974,0.34890845,0.9230805,71.78501,0.054796282
2035,127,contradict,3,0.17330988,0.39306673,0.9133454,71.974915,0.005661875
2036,127,delete,3,0.17499511,0.39688882,0.91250277,71.9628,0.0048289294
2037,127,paraphrase,-1,0.1637727,0.37143642,0.91811395,71.97252,0.0018191199
2038,127,translate,-1,0.16472799,0.373603,0.9176365,71.973656,0.006439445
2039,127,polarity,-1,0.16835928,0.38183877,0.9158207,71.95977,0.0025321927
2040,127,vocab,-1,0.16751951,0.37993416,0.9162407,71.96412,0.003276918
2041,127,cat,-1,0.42602223,0.96621823,0.7869892,71.777275,0.68127394
2042,127,shuffle,-1,0.15552637,0.35273373,0.9222371,71.89526,0.042515557
2043,127,unrelated,184,0.7123591,1.61563,0.6438208,71.98168,1.4226297
2044,128,orig,-1,0.046047024,0.10443463,0.97697645,71.88198,0.0
2045,128,contradict,0,0.059947867,0.13596174,0.9700261,71.854774,0.029660108
2046,128,delete,0,0.066472575,0.15075977,0.9667638,71.87839,0.015854064
2047,128,contradict,1,0.043900758,0.0995669,0.9780497,71.89156,0.0016804504
2048,128,delete,1,0.045417994,0.10300799,0.97729087,71.89202,0.001612713
2049,128,contradict,2,0.044149794,0.10013171,0.9779253,71.88519,0.0012305193
2050,128,delete,2,0.04656644,0.105612665,0.9767168,71.89448,0.0013160014
2051,128,contradict,3,0.044493526,0.1009113,0.9777533,71.886314,0.022913573
2052,128,delete,3,0.043259956,0.09811356,0.9783703,71.89814,0.014154357
2053,128,paraphrase,-1,0.044321857,0.10052195,0.97783923,71.87801,0.00062346464
2054,128,translate,-1,0.04246097,0.09630146,0.97876954,71.89222,0.00653088
2055,128,polarity,-1,0.046820424,0.1061887,0.9765899,71.8944,0.0012484224
2056,128,vocab,-1,0.046430107,0.10530346,0.976785,71.88349,0.0007913394
2057,128,cat,-1,0.3623926,0.82190627,0.8188039,71.91975,0.7801676
2058,128,shuffle,-1,0.057550527,0.13052458,0.9712249,71.90917,0.021179728
2059,128,unrelated,148,0.6216777,1.4099647,0.68916124,71.899765,1.3847463
2060,129,orig,-1,0.09539597,0.216358,0.95230234,72.19771,0.0
2061,129,contradict,0,0.09363155,0.21235631,0.95318455,72.24594,0.023897707
2062,129,delete,0,0.09869863,0.22384845,0.9506509,72.22755,0.025615755
2063,129,contradict,1,0.08900013,0.20185225,0.9555001,72.22273,0.016265992
2064,129,delete,1,0.09506607,0.2156098,0.95246726,72.24692,0.011566586
2065,129,contradict,2,0.11680166,0.2649061,0.94159937,72.16212,0.014286814
2066,129,delete,2,0.10270093,0.23292565,0.94864994,72.19877,0.004847286
2067,129,contradict,3,0.08607649,0.19522144,0.9569621,72.19669,0.029678425
2068,129,delete,3,0.09385177,0.21285577,0.9530744,72.194496,0.0044795433
2069,129,paraphrase,-1,0.093648635,0.21239506,0.95317596,72.202126,0.00038544505
2070,129,translate,-1,0.088311896,0.20029134,0.95584434,72.1883,0.009099852
2071,129,polarity,-1,0.093781546,0.21269651,0.9531097,72.20988,0.0016681297
2072,129,vocab,-1,0.091762066,0.20811632,0.95411915,72.19777,0.0019327179
2073,129,cat,3,0.44748172,1.0148883,0.77625936,71.94758,0.99971014
2074,129,shuffle,-1,0.11244702,0.2550298,0.9437767,72.204506,0.029675057
2075,129,unrelated,208,0.8888462,2.0159028,0.55557704,71.94081,2.0763783
2076,130,orig,-1,0.079369344,0.18000963,0.96031576,71.99268,0.0
2077,130,contradict,0,0.113410965,0.257216,0.94329506,71.95238,0.059742127
2078,130,delete,0,0.0912285,0.2069062,0.9543864,71.97062,0.02071372
2079,130,contradict,1,0.08721385,0.19780098,0.9563936,71.999176,0.0129977595
2080,130,delete,1,0.08037197,0.1822836,0.95981455,71.99166,0.005822201
2081,130,contradict,2,0.15006424,0.34034565,0.92496836,71.89325,0.16655317
2082,130,delete,2,0.090369955,0.20495902,0.9548154,71.99455,0.015908998
2083,130,contradict,3,0.078247644,0.17746562,0.96087646,71.99449,0.0024235246
2084,130,delete,3,0.07848585,0.17800586,0.96075743,71.99226,0.001270341
2085,130,paraphrase,-1,0.078723826,0.1785456,0.96063846,71.996,0.00047938369
2086,130,translate,-1,0.08246012,0.18701951,0.9587703,71.970856,0.015805569
2087,130,polarity,-1,0.07978895,0.18096131,0.960106,71.99973,0.0017366585
2088,130,vocab,-1,0.08003472,0.1815187,0.9599832,71.99065,0.0019123795
2089,130,cat,-1,0.24737796,0.5610531,0.8763114,71.9047,0.3577789
2090,130,shuffle,-1,0.08901484,0.20188563,0.95549303,71.99751,0.007461824
2091,130,unrelated,199,0.88870525,2.015583,0.55564797,71.84932,1.8052579
2092,131,orig,-1,0.14055838,0.31878632,0.92972124,72.123344,0.0
2093,131,contradict,0,0.15418468,0.3496908,0.922908,72.10767,0.038048953
2094,131,delete,0,0.14655878,0.33239523,0.926721,72.12392,0.016417276
2095,131,contradict,1,0.1434945,0.32544547,0.9282531,72.11689,0.0085665565
2096,131,delete,1,0.14597921,0.3310808,0.9270109,72.11346,0.0077387798
2097,131,contradict,2,0.1521981,0.34518525,0.9239013,72.10869,0.012077476
2098,131,delete,2,0.16138485,0.36602077,0.919308,72.13542,0.014011603
2099,131,contradict,3,0.13590463,0.30823162,0.93204814,72.013084,0.06933033
2100,131,delete,3,0.14298066,0.32428008,0.92851,72.114265,0.007011666
2101,131,paraphrase,-1,0.14120318,0.32024875,0.92939883,72.1266,0.00034400594
2102,131,translate,-1,0.1603019,0.3635646,0.91984946,72.11696,0.024424098
2103,131,polarity,-1,0.14252976,0.32325742,0.9287355,72.126396,0.004792961
2104,131,vocab,-1,0.13884804,0.31490728,0.9305764,72.10857,0.001124986
2105,131,cat,4,0.32680035,0.74118304,0.8366004,71.79857,0.5804779
2106,131,shuffle,-1,0.14143488,0.32077423,0.9292829,72.08949,0.019765273
2107,131,unrelated,23,0.88884676,2.015904,0.5555772,71.88428,1.832392
2108,132,orig,-1,0.13894083,0.31511775,0.9305297,71.76625,0.0
2109,132,contradict,0,0.13825135,0.313554,0.9308744,71.83191,0.026980327
2110,132,delete,0,0.13358694,0.30297512,0.93320674,71.77538,0.005169697
2111,132,contradict,1,0.14664553,0.332592,0.92667747,71.757355,0.0019685007
2112,132,delete,1,0.24300511,0.5511355,0.8784976,71.76171,0.08573021
2113,132,contradict,2,0.25349346,0.57492304,0.87325346,71.551216,0.450998
2114,132,delete,2,0.14111349,0.32004532,0.92944354,71.74651,0.013715062
2115,132,contradict,3,0.11558249,0.26214102,0.942209,71.710396,0.024593364
2116,132,delete,3,0.13427003,0.30452436,0.9328651,71.74168,0.0057808775
2117,132,paraphrase,-1,0.13568567,0.30773503,0.9321574,71.764496,0.000717105
2118,132,translate,-1,0.11855564,0.26888415,0.9407221,71.766464,0.014709595
2119,132,polarity,-1,0.12079246,0.27395725,0.9396039,71.75661,0.00594735
2120,132,vocab,-1,0.124574736,0.28253543,0.93771297,71.764984,0.00575038
2121,132,cat,-1,0.4546987,1.0312564,0.77265084,71.5277,0.8986889
2122,132,shuffle,-1,0.14162502,0.32120547,0.9291876,71.69816,0.029336974
2123,132,unrelated,94,0.8271445,1.8759633,0.58642787,71.75209,1.8024999
2124,133,orig,-1,0.043260593,0.098115005,0.97837,71.947235,0.0
2125,133,contradict,0,0.0906864,0.20567672,0.954657,72.02557,0.06972682
2126,133,delete,0,0.05158914,0.11700414,0.97420543,71.98678,0.010227925
2127,133,contradict,1,0.045182966,0.10247494,0.9774088,71.949165,0.0023339344
2128,133,delete,1,0.04557721,0.103369094,0.97721165,71.95427,0.0034850705
2129,133,contradict,2,0.05511815,0.12500794,0.97244114,71.94917,0.03684655
2130,133,delete,2,0.04415264,0.100138165,0.97792387,71.97681,0.016051246
2131,133,contradict,3,0.046420615,0.105281934,0.9767899,71.93497,0.0044178814
2132,133,delete,3,0.04341716,0.0984701,0.9782918,71.9514,0.0010052675
2133,133,paraphrase,-1,0.045528192,0.10325792,0.97723615,71.96093,0.0020232936
2134,133,translate,-1,0.052066863,0.11808762,0.9739669,71.9476,0.008616553
2135,133,polarity,-1,0.048261248,0.10945649,0.97586966,71.96482,0.003733833
2136,133,vocab,-1,0.04595216,0.10421948,0.9770241,71.965416,0.0031409357
2137,133,cat,4,0.44776982,1.0155418,0.7761156,71.87643,0.88117516
2138,133,shuffle,-1,0.050223082,0.11390593,0.97488874,71.95302,0.008971846
2139,133,unrelated,86,0.88838893,2.0148656,0.55580586,72.08664,1.8976579
2140,134,orig,-1,0.0489579,0.111036494,0.97552115,71.88705,0.0
2141,134,contradict,0,0.06254084,0.14184259,0.96873015,71.87646,0.03508226
2142,134,delete,0,0.050175495,0.113798,0.97491264,71.89092,0.0030172318
2143,134,contradict,1,0.046278607,0.10495986,0.9768608,71.887085,0.011819784
2144,134,delete,1,0.046924293,0.10642428,0.9765384,71.89268,0.007854679
2145,134,contradict,2,0.20277865,0.4599019,0.89861107,71.742004,0.27590752
2146,134,delete,2,0.06539415,0.1483139,0.96730334,71.888435,0.01838956
2147,134,contradict,3,0.04709516,0.10681181,0.9764527,71.88842,0.002063027
2148,134,delete,3,0.047014277,0.10662836,0.9764932,71.88569,0.0023479245
2149,134,paraphrase,-1,0.049114306,0.111391224,0.9754432,71.88282,0.0005252692
2150,134,translate,-1,0.059847154,0.13573332,0.97007686,71.87962,0.012708101
2151,134,polarity,-1,0.051144272,0.11599518,0.9744281,71.89367,0.0012969592
2152,134,vocab,-1,0.05001806,0.11344094,0.9749912,71.89087,0.005306174
2153,134,cat,-1,0.26348534,0.59758466,0.8682574,71.72146,0.42492646
2154,134,shuffle,-1,0.063348025,0.14367329,0.96832633,71.86331,0.020558575
2155,134,unrelated,244,0.79657733,1.806637,0.60171175,71.94676,1.7142388
2156,135,orig,-1,0.08998813,0.20409304,0.95500606,72.13319,0.0
2157,135,contradict,0,0.09324969,0.21149026,0.9533752,72.15248,0.012278372
2158,135,delete,0,0.08970302,0.20344642,0.95514876,72.126595,0.00132832
2159,135,contradict,1,0.08766875,0.19883268,0.9561662,72.13461,0.0012664519
2160,135,delete,1,0.09113387,0.20669158,0.9544332,72.13996,0.001465805
2161,135,contradict,2,0.11239345,0.2549083,0.9438035,71.95599,0.08681621
2162,135,delete,2,0.09317373,0.21131797,0.95341337,72.093346,0.009553687
2163,135,contradict,3,0.09163062,0.20781821,0.9541849,72.10034,0.033119693
2164,135,delete,3,0.088374816,0.20043404,0.95581293,72.12962,0.005595188
2165,135,paraphrase,-1,0.089523226,0.20303863,0.9552387,72.13098,0.00045820602
2166,135,translate,-1,0.10272805,0.23298717,0.9486362,72.11121,0.010495858
2167,135,polarity,-1,0.08822834,0.20010184,0.9558861,72.14898,0.0037183817
2168,135,vocab,-1,0.093404174,0.21184063,0.95329803,72.1323,0.0043975455
2169,135,cat,3,0.51845586,1.1758577,0.74077237,71.95147,1.019528
2170,135,shuffle,-1,0.08681035,0.19688584,0.9565951,72.08092,0.02556165
2171,135,unrelated,69,0.82362425,1.8679794,0.5881881,71.98267,1.7713077
2172,136,orig,-1,0.097539485,0.22121951,0.9512307,71.852554,0.0
2173,136,contradict,0,0.112578675,0.2553284,0.94371104,71.88423,0.026613217
2174,136,delete,0,0.10561727,0.23953992,0.9471918,71.86881,0.011441465
2175,136,contradict,1,0.096092835,0.21793851,0.9519538,71.852104,0.008843115
2176,136,delete,1,0.0953029,0.21614695,0.95234895,71.854294,0.008746429
2177,136,contradict,2,0.10795846,0.24484974,0.94602096,71.86982,0.009867116
2178,136,delete,2,0.10574075,0.23981997,0.9471299,71.86453,0.00932665
2179,136,contradict,3,0.09905672,0.2246606,0.95047176,71.85503,0.00073784066
2180,136,delete,3,0.09725156,0.22056648,0.9513744,71.8556,0.0028824825
2181,136,paraphrase,-1,0.098184735,0.22268294,0.9509079,71.85229,0.0007099627
2182,136,translate,-1,0.09544863,0.21647744,0.95227593,71.84449,0.0074612005
2183,136,polarity,-1,0.09892336,0.22435814,0.95053864,71.84904,0.0027765248
2184,136,vocab,-1,0.099241,0.22507855,0.9503797,71.847466,0.0012891222
2185,136,cat,-1,0.24450855,0.5545453,0.877746,71.8209,0.39043227
2186,136,shuffle,-1,0.10028317,0.22744218,0.9498586,71.85085,0.003299679
2187,136,unrelated,38,0.6268796,1.4217626,0.6865605,71.87713,1.2132467
2188,137,orig,-1,0.10625986,0.24099731,0.9468707,71.7728,0.0
2189,137,contradict,0,0.137422,0.31167302,0.9312896,71.734665,0.06250045
2190,137,delete,0,0.11622763,0.2636042,0.9418868,71.75823,0.013018797
2191,137,contradict,1,0.13499677,0.3061726,0.93250227,71.724464,0.059441995
2192,137,delete,1,0.1104937,0.25059965,0.9447536,71.74762,0.015614255
2193,137,contradict,2,0.15286651,0.34670117,0.9235672,71.63556,0.09976194
2194,137,delete,2,0.16925636,0.38387334,0.91537243,71.69459,0.16455036
2195,137,contradict,3,0.117151275,0.26569903,0.9414248,71.75673,0.014691886
2196,137,delete,3,0.110710405,0.25109115,0.9446453,71.777054,0.0033723123
2197,137,paraphrase,-1,0.104331926,0.23662476,0.94783443,71.774,0.0021511712
2198,137,translate,-1,0.121676646,0.2759626,0.9391624,71.81059,0.024955787
2199,137,polarity,-1,0.10867821,0.24648212,0.9456614,71.76011,0.0038490074
2200,137,vocab,-1,0.110390306,0.25036517,0.94480515,71.76544,0.008617202
2201,137,cat,-1,0.13529438,0.3068476,0.93235326,71.65642,0.06873501
2202,137,shuffle,-1,0.117634416,0.2667948,0.9411833,71.76526,0.030956939
2203,137,unrelated,35,0.9752463,2.2118583,0.5123774,71.91608,2.0134664
2204,138,orig,-1,0.16155617,0.36640933,0.9192223,72.10787,0.0
2205,138,contradict,0,0.15839499,0.3592398,0.92080295,72.115364,0.010140706
2206,138,delete,0,0.16418871,0.37237993,0.91790575,72.11763,0.015375912
2207,138,contradict,1,0.166379,0.3773475,0.91681063,72.09021,0.008709452
2208,138,delete,1,0.16593198,0.37633365,0.91703445,72.087456,0.008576522
2209,138,contradict,2,0.18881352,0.42822897,0.90559345,72.01347,0.053052727
2210,138,delete,2,0.15810499,0.35858205,0.9209477,72.08082,0.024405561
2211,138,contradict,3,0.14372565,0.3259697,0.92813754,72.167496,0.11576202
2212,138,delete,3,0.15340218,0.34791607,0.92329895,72.11915,0.031631246
2213,138,paraphrase,-1,0.16355273,0.37093753,0.91822386,72.11218,0.00104741
2214,138,translate,-1,0.16549765,0.3753486,0.9172514,72.117485,0.015839119
2215,138,polarity,-1,0.16438508,0.3728253,0.91780776,72.09851,0.0026757268
2216,138,vocab,-1,0.15692264,0.35590047,0.92153883,72.10555,0.0023471608
2217,138,cat,-1,0.46163315,1.0469837,0.76918375,72.05565,0.7799913
2218,138,shuffle,-1,0.14666931,0.33264592,0.9266657,72.07512,0.050926484
2219,138,unrelated,2,0.7450963,1.6898781,0.62745214,72.0041,1.5657524
2220,139,orig,-1,0.05131734,0.11638771,0.97434163,72.02086,0.0
2221,139,contradict,0,0.057575453,0.1305811,0.9712123,72.06035,0.014951277
2222,139,delete,0,0.05437808,0.12332946,0.9728111,72.05002,0.0061905184
2223,139,contradict,1,0.055338614,0.12550795,0.9723308,72.03261,0.0075809825
2224,139,delete,1,0.054713715,0.12409068,0.9726434,72.03816,0.004995656
2225,139,contradict,2,0.06940447,0.1574093,0.9652977,71.98274,0.03468177
2226,139,delete,2,0.05269094,0.119503036,0.97365475,72.02635,0.008907251
2227,139,contradict,3,0.053471,0.1212722,0.9732644,71.981,0.01318104
2228,139,delete,3,0.049733344,0.112795204,0.9751336,72.01146,0.004393717
2229,139,paraphrase,-1,0.047978602,0.10881545,0.97601086,72.018845,0.0012826173
2230,139,translate,-1,0.0570062,0.12929003,0.9714969,72.00046,0.009396485
2231,139,polarity,-1,0.052020837,0.11798324,0.9739898,72.03291,0.0028148484
2232,139,vocab,-1,0.05422805,0.12298919,0.972886,72.02848,0.0040062587
2233,139,cat,4,0.39823326,0.9031929,0.80088365,71.87609,0.8091067
2234,139,shuffle,-1,0.057063837,0.12942076,0.9714682,72.03984,0.010954987
2235,139,unrelated,74,0.7709122,1.7484285,0.614544,72.1213,1.6657112
2236,140,orig,-1,0.1454456,0.32987055,0.92727745,72.06171,0.0
2237,140,contradict,0,0.15817973,0.35875157,0.9209106,72.04141,0.02958579
2238,140,delete,0,0.15076165,0.34192735,0.9246195,72.04204,0.011534185
2239,140,contradict,1,0.1497064,0.33953404,0.9251474,72.08148,0.009599669
2240,140,delete,1,0.14779747,0.33520457,0.9261017,72.08446,0.009508108
2241,140,contradict,2,0.13603716,0.3085322,0.9319818,72.009056,0.014986528
2242,140,delete,2,0.14559068,0.3301996,0.927205,72.04539,0.0034170803
2243,140,contradict,3,0.29837334,0.6767106,0.8508137,72.04973,0.41281852
2244,140,delete,3,0.15974227,0.3622954,0.9201292,72.04777,0.06453678
2245,140,paraphrase,-1,0.14285655,0.3239986,0.9285718,72.060776,0.0006215617
2246,140,translate,-1,0.11896628,0.26981547,0.94051707,72.0437,0.06229432
2247,140,polarity,-1,0.14100608,0.31980172,0.92949736,72.053566,0.0038549
2248,140,vocab,-1,0.1422421,0.322605,0.9288793,72.049805,0.0028760745
2249,140,cat,-1,0.3452962,0.78313166,0.8273522,71.76912,0.60701966
2250,140,shuffle,-1,0.14766173,0.33489674,0.9261693,72.07345,0.038535316
2251,140,unrelated,238,0.8602656,1.951082,0.56986755,71.96705,1.7954158
2252,141,orig,-1,0.0931005,0.2111519,0.9534503,72.04988,0.0
2253,141,contradict,0,0.12630029,0.28644902,0.9368505,72.035576,0.059863485
2254,141,delete,0,0.10017153,0.22718899,0.949915,72.06332,0.01646146
2255,141,contradict,1,0.11455854,0.25981873,0.9427215,72.02118,0.027011082
2256,141,delete,1,0.10620753,0.24087863,0.9468969,72.026436,0.01703718
2257,141,contradict,2,0.10157498,0.23037201,0.9492132,72.00458,0.019410042
2258,141,delete,2,0.09925268,0.22510503,0.95037425,72.06342,0.013521582
2259,141,contradict,3,0.097582564,0.22131722,0.9512093,72.05546,0.006223851
2260,141,delete,3,0.09672774,0.21937846,0.9516368,72.04472,0.0020220927
2261,141,paraphrase,-1,0.09506834,0.21561496,0.9524663,72.049255,0.0004990312
2262,141,translate,-1,0.097984664,0.22222917,0.9510082,72.06114,0.015261725
2263,141,polarity,-1,0.093753,0.21263176,0.953124,72.05786,0.0020367503
2264,141,vocab,-1,0.10531449,0.23885323,0.94734335,72.04304,0.012189766
2265,141,cat,3,0.40703458,0.92315423,0.7964832,71.78552,0.79398596
2266,141,shuffle,-1,0.13838604,0.3138595,0.9308073,71.99024,0.10510555
2267,141,unrelated,53,0.8684268,1.9695916,0.5657874,72.058624,1.8016053
2268,142,orig,-1,0.095687434,0.21701905,0.95215636,71.86973,0.0
2269,142,contradict,0,0.10716883,0.24305886,0.94641566,71.8833,0.014864388
2270,142,delete,0,0.10135646,0.22987641,0.94932187,71.83801,0.0108960625
2271,142,contradict,1,0.10166179,0.23056889,0.94916934,71.84165,0.012150732
2272,142,delete,1,0.10534133,0.23891409,0.9473297,71.86649,0.010665333
2273,142,contradict,2,0.1025125,0.2324983,0.948744,71.85351,0.005098941
2274,142,delete,2,0.0989874,0.22450338,0.95050645,71.86895,0.0017941786
2275,142,contradict,3,0.10341023,0.23453435,0.94829506,71.92723,0.039913204
2276,142,delete,3,0.09687373,0.21970958,0.9515633,71.93999,0.038325008
2277,142,paraphrase,-1,0.096254125,0.2183043,0.9518733,71.86788,0.0007865268
2278,142,translate,-1,0.10445366,0.23690085,0.94777346,71.8184,0.018430348
2279,142,polarity,-1,0.09750287,0.22113647,0.95124847,71.86542,0.0025904346
2280,142,vocab,-1,0.10043569,0.2277881,0.94978225,71.85845,0.0030947914
2281,142,cat,-1,0.39504945,0.89597195,0.8024756,71.87468,0.67459214
2282,142,shuffle,-1,0.11179485,0.25355068,0.94410276,71.85619,0.045877337
2283,142,unrelated,45,0.6331878,1.4360696,0.6834063,71.924835,1.3322246
2284,143,orig,-1,0.08680005,0.19686249,0.9566004,72.01991,0.0
2285,143,contradict,0,0.16874631,0.38271654,0.9156271,71.98907,0.14970039
2286,143,delete,0,0.098258555,0.22285035,0.950871,72.04106,0.017133323
2287,143,contradict,1,0.08993641,0.20397574,0.9550321,71.99634,0.010690328
2288,143,delete,1,0.09119866,0.20683852,0.9544009,72.03251,0.010948139
2289,143,contradict,2,0.3283086,0.7446038,0.83584595,71.95965,0.6247954
2290,143,delete,2,0.085067704,0.19293351,0.9574664,72.05676,0.013583707
2291,143,contradict,3,0.08992493,0.2039497,0.9550377,72.0102,0.00963264
2292,143,delete,3,0.094329275,0.21393876,0.95283556,72.030754,0.006491651
2293,143,paraphrase,-1,0.086456284,0.19608282,0.95677227,72.023575,0.0004941799
2294,143,translate,-1,0.092321515,0.20938516,0.9538396,72.01426,0.017046764
2295,143,polarity,-1,0.085530035,0.19398208,0.95723516,72.017296,0.0021495104
2296,143,vocab,-1,0.089780375,0.20362185,0.9551101,72.00888,0.002675449
2297,143,cat,-1,0.34216046,0.77601975,0.8289202,71.81295,0.61376256
2298,143,shuffle,-1,0.10031519,0.2275148,0.94984275,72.04896,0.020743858
2299,143,unrelated,137,0.91052693,2.0650747,0.5447368,71.7728,1.942274
2300,144,orig,-1,0.15931082,0.36131686,0.9203451,71.871445,0.0
2301,144,contradict,0,0.17179343,0.38962743,0.91410375,71.86643,0.044547994
2302,144,delete,0,0.16570032,0.37580824,0.9171502,71.875435,0.012339058
2303,144,contradict,1,0.15866038,0.35984167,0.92067045,71.84819,0.013264231
2304,144,delete,1,0.14804848,0.3357739,0.92597616,71.88929,0.007100226
2305,144,contradict,2,0.15666594,0.35531828,0.92166734,71.792015,0.14847355
2306,144,delete,2,0.1278235,0.28990364,0.9360886,71.91507,0.02656451
2307,144,contradict,3,0.20169267,0.4574389,0.89915425,71.8171,0.07021103
2308,144,delete,3,0.24712697,0.5604839,0.876437,71.83873,0.06995588
2309,144,paraphrase,-1,0.14864624,0.3371296,0.92567724,71.88711,0.0019710087
2310,144,translate,-1,0.15880929,0.3601794,0.92059577,71.86522,0.016363116
2311,144,polarity,-1,0.14942704,0.33890048,0.925287,71.87038,0.0075662546
2312,144,vocab,-1,0.1652446,0.37477466,0.91737807,71.87462,0.00990505
2313,144,cat,-1,0.20955665,0.47527438,0.8952222,71.80966,0.29936716
2314,144,shuffle,-1,0.14775214,0.33510178,0.9261242,71.86229,0.038643513
2315,144,unrelated,95,0.9971322,2.2614954,0.5014342,71.8533,1.9443759
2316,145,orig,-1,0.0670684,0.1521111,0.96646607,71.86038,0.0
2317,145,contradict,0,0.06656797,0.15097614,0.96671605,71.865204,0.009031099
2318,145,delete,0,0.06632076,0.15041547,0.96683973,71.85753,0.0013064182
2319,145,contradict,1,0.06839363,0.15511672,0.9658035,71.86271,0.0007813625
2320,145,delete,1,0.06820106,0.15467997,0.96589977,71.863,0.0019793673
2321,145,contradict,2,0.0684279,0.15519445,0.9657862,71.83901,0.004492653
2322,145,delete,2,0.077379,0.17549555,0.9613105,71.818085,0.012598142
2323,145,contradict,3,0.26166418,0.59345424,0.869168,71.84652,0.41396183
2324,145,delete,3,0.08599348,0.19503318,0.9570034,71.8665,0.02842678
2325,145,paraphrase,-1,0.06699996,0.15195587,0.96650016,71.86057,0.00027435742
2326,145,translate,-1,0.07142256,0.16198634,0.96428895,71.82783,0.011804736
2327,145,polarity,-1,0.0695222,0.15767632,0.96523887,71.855576,0.0027546112
2328,145,vocab,-1,0.06906056,0.15662931,0.9654698,71.855255,0.0010972547
2329,145,cat,-1,0.48020023,1.0890939,0.75990015,71.818596,0.89492625
2330,145,shuffle,-1,0.097471796,0.22106598,0.95126426,71.82471,0.053831793
2331,145,unrelated,111,0.78831935,1.787908,0.6058404,72.125175,1.6540973
2332,146,orig,-1,0.09853774,0.22348356,0.95073146,71.7637,0.0
2333,146,contradict,0,0.11134503,0.2525305,0.9443276,71.771484,0.0440638
2334,146,delete,0,0.0999337,0.22664958,0.95003325,71.760895,0.0253585
2335,146,contradict,1,0.097851105,0.22192626,0.9510745,71.77413,0.0018969707
2336,146,delete,1,0.107832626,0.24456434,0.9460839,71.75668,0.004129774
2337,146,contradict,2,0.10005802,0.22693154,0.9499714,71.76166,0.0035771024
2338,146,delete,2,0.098588094,0.22359775,0.9507061,71.76064,0.002323045
2339,146,contradict,3,0.11322989,0.25680536,0.94338524,71.65683,0.017731613
2340,146,delete,3,0.1003295,0.22754727,0.94983536,71.75038,0.0019086243
2341,146,paraphrase,-1,0.0998067,0.22636156,0.95009685,71.76048,0.00064753235
2342,146,translate,-1,0.11382109,0.25814617,0.94308984,71.75993,0.021500874
2343,146,polarity,-1,0.101890706,0.23108807,0.9490549,71.732704,0.007728451
2344,146,vocab,-1,0.09711727,0.22026192,0.95144165,71.7714,0.0012218229
2345,146,cat,-1,0.2365103,0.53640527,0.88174504,71.75516,0.29402098
2346,146,shuffle,-1,0.09645025,0.21874912,0.9517752,71.73511,0.021648386
2347,146,unrelated,117,0.8000534,1.8145208,0.5999735,72.05935,1.6865816
2348,147,orig,-1,0.1289467,0.29245108,0.93552697,72.01205,0.0
2349,147,contradict,0,0.15437603,0.35012478,0.9228123,72.013596,0.062360723
2350,147,delete,0,0.1427194,0.32368755,0.9286407,71.984985,0.024707267
2351,147,contradict,1,0.1334317,0.30262303,0.93328434,71.99588,0.0021310837
2352,147,delete,1,0.1294149,0.29351294,0.93529266,72.00837,0.0032358116
2353,147,contradict,2,0.17431095,0.39533716,0.91284484,71.951965,0.10489112
2354,147,delete,2,0.13240416,0.30029258,0.9337983,71.984955,0.021335969
2355,147,contradict,3,0.13905475,0.3153761,0.9304728,72.006096,0.0094418675
2356,147,delete,3,0.13759796,0.31207213,0.9312011,72.01211,0.0048749493
2357,147,paraphrase,-1,0.12781265,0.28987905,0.93609387,72.00597,0.00076757453
2358,147,translate,-1,0.13849132,0.31409824,0.9307546,71.99936,0.020098723
2359,147,polarity,-1,0.13493256,0.306027,0.93253386,72.00496,0.003500575
2360,147,vocab,-1,0.13365065,0.3031196,0.93317497,71.99173,0.004728384
2361,147,cat,-1,0.3548709,0.804847,0.8225649,71.93931,0.54059005
2362,147,shuffle,-1,0.12641492,0.28670898,0.93679285,72.00122,0.003715147
2363,147,unrelated,207,0.78374135,1.7775251,0.6081293,72.08829,1.6866952
2364,148,orig,-1,0.059483964,0.1349096,0.97025836,71.899765,0.0
2365,148,contradict,0,0.061477125,0.13943009,0.9692616,71.90324,0.02032419
2366,148,delete,0,0.055128437,0.12503126,0.97243625,71.92082,0.018163305
2367,148,contradict,1,0.07181376,0.16287358,0.9640935,71.90346,0.013259559
2368,148,delete,1,0.06461372,0.14654389,0.96769357,71.916664,0.007872114
2369,148,contradict,2,0.059732735,0.13547382,0.9701341,71.90455,0.0017870433
2370,148,delete,2,0.060502745,0.1372202,0.9697489,71.89639,0.00210707
2371,148,contradict,3,0.059235383,0.13434581,0.97038275,71.82867,0.06524922
2372,148,delete,3,0.05313771,0.1205163,0.97343135,71.87229,0.0203592
2373,148,paraphrase,-1,0.059059106,0.13394603,0.97047085,71.89165,0.00035093862
2374,148,translate,-1,0.06431613,0.14586896,0.96784234,71.89683,0.0042834906
2375,148,polarity,-1,0.061228417,0.13886602,0.9693861,71.91416,0.0022655523
2376,148,vocab,-1,0.06349897,0.14401563,0.968251,71.90754,0.005841686
2377,148,cat,-1,0.40238643,0.91261226,0.7988071,71.87599,0.78406334
2378,148,shuffle,-1,0.062025476,0.14067376,0.96898735,71.94331,0.03181308
2379,148,unrelated,217,0.8382791,1.9012167,0.58086073,71.981346,1.8543719
2380,149,orig,-1,0.035154037,0.07972934,0.9824233,72.085724,0.0
2381,149,contradict,0,0.06884404,0.15613826,0.96557814,72.0507,0.07508761
2382,149,delete,0,0.064077504,0.14532775,0.9679616,72.06128,0.06861642
2383,149,contradict,1,0.036527928,0.08284532,0.9817361,72.07839,0.0011740809
2384,149,delete,1,0.03646903,0.08271175,0.981766,72.076614,0.0023040944
2385,149,contradict,2,0.03578841,0.0811681,0.98210585,72.07942,0.00235578
2386,149,delete,2,0.036915712,0.08372482,0.98154235,72.07459,0.00265941
2387,149,contradict,3,0.03578676,0.08116435,0.98210716,72.092094,0.0038505085
2388,149,delete,3,0.03613424,0.08195244,0.981933,72.08396,0.0031029445
2389,149,paraphrase,-1,0.03477563,0.078871116,0.9826124,72.084045,0.00017134432
2390,149,translate,-1,0.037166856,0.084294416,0.9814169,72.07004,0.0053727874
2391,149,polarity,-1,0.03441007,0.07804202,0.9827954,72.081024,0.001282007
2392,149,vocab,-1,0.03745669,0.08495176,0.98127186,72.078415,0.001997581
2393,149,cat,3,0.364884,0.8275567,0.81755835,71.746994,0.7814928
2394,149,shuffle,-1,0.053287257,0.12085547,0.9733567,72.09212,0.044863783
2395,149,unrelated,227,0.83052623,1.8836331,0.58473724,71.97875,1.8428055
2396,150,orig,-1,0.130919,0.29692423,0.93454087,71.88533,0.0
2397,150,contradict,0,0.14670408,0.33272478,0.92664826,71.90163,0.015414223
2398,150,delete,0,0.13590516,0.30823284,0.93204784,71.90253,0.0022798653
2399,150,contradict,1,0.13060912,0.29622144,0.9346959,71.882515,0.0022513599
2400,150,delete,1,0.12912054,0.29284534,0.9354399,71.88848,0.0021429958
2401,150,contradict,2,0.14070661,0.31912252,0.92964697,71.87931,0.0055312146
2402,150,delete,2,0.1374977,0.3118447,0.93125135,71.88046,0.0053809076
2403,150,contradict,3,0.13336487,0.30247146,0.93331796,71.86076,0.007654241
2404,150,delete,3,0.12816375,0.29067534,0.9359185,71.88294,0.003341038
2405,150,paraphrase,-1,0.13066225,0.29634193,0.93466914,71.885735,0.00033751724
2406,150,translate,-1,0.13341112,0.30257636,0.93329453,71.85262,0.011753624
2407,150,polarity,-1,0.13047175,0.29590988,0.9347644,71.89064,0.0018182383
2408,150,vocab,-1,0.12796772,0.29023072,0.9360163,71.897316,0.0018008944
2409,150,cat,-1,0.39480424,0.89541584,0.8025983,71.76831,0.6147678
2410,150,shuffle,-1,0.121144295,0.2747552,0.939428,71.88364,0.021640684
2411,150,unrelated,93,0.8615402,1.9539728,0.5692301,72.04839,1.6731294
2412,151,orig,-1,0.10653795,0.24162804,0.9467314,71.82415,0.0
2413,151,contradict,0,0.12579253,0.28529742,0.9371041,71.81353,0.036995478
2414,151,delete,0,0.08754756,0.19855784,0.9562266,71.81122,0.009967033
2415,151,contradict,1,0.10388575,0.23561282,0.94805765,71.82465,0.0008367283
2416,151,delete,1,0.10351069,0.2347622,0.9482449,71.8302,0.0025854427
2417,151,contradict,2,0.106219426,0.24090561,0.9468907,71.80947,0.005138213
2418,151,delete,2,0.11197756,0.25396505,0.94401157,71.82006,0.004060864
2419,151,contradict,3,0.10264961,0.23280926,0.94867545,71.822525,0.0009784333
2420,151,delete,3,0.107489154,0.24378535,0.94625586,71.82197,0.0016237547
2421,151,paraphrase,-1,0.10499672,0.2381325,0.94750184,71.82573,0.0006328417
2422,151,translate,-1,0.09829298,0.22292843,0.9508538,71.78827,0.027534759
2423,151,polarity,-1,0.10702405,0.2427305,0.9464881,71.824066,0.0016617398
2424,151,vocab,-1,0.10254027,0.23256129,0.9487301,71.825615,0.0042771557
2425,151,cat,-1,0.48938495,1.1099248,0.7553078,71.90084,1.0779395
2426,151,shuffle,-1,0.08979382,0.20365235,0.9551034,71.818054,0.009486185
2427,151,unrelated,253,0.87077487,1.974917,0.56461275,71.9577,2.1995733
2428,152,orig,-1,0.09339682,0.21182394,0.9533022,72.04984,0.0
2429,152,contradict,0,0.11276855,0.25575903,0.9436163,72.03411,0.04597078
2430,152,delete,0,0.10067208,0.22832423,0.9496645,72.03652,0.004612896
2431,152,contradict,1,0.09508744,0.21565826,0.9524568,72.032326,0.0009411669
2432,152,delete,1,0.09280298,0.21047711,0.953599,72.044525,0.0048655313
2433,152,contradict,2,0.096615806,0.2191246,0.9516925,72.063835,0.012773883
2434,152,delete,2,0.09382577,0.2127968,0.9530875,72.05223,0.0029341092
2435,152,contradict,3,0.09257309,0.20995574,0.9537139,72.03308,0.0054768813
2436,152,delete,3,0.09526631,0.21606396,0.95236725,72.02243,0.004638117
2437,152,paraphrase,-1,0.094522655,0.21437734,0.95273924,72.044525,0.00077065773
2438,152,translate,-1,0.09980796,0.22636442,0.9500964,72.01885,0.013425421
2439,152,polarity,-1,0.0965998,0.21908832,0.9517006,72.039215,0.0020897721
2440,152,vocab,-1,0.09850623,0.22341208,0.95074725,72.0318,0.003373118
2441,152,cat,-1,0.40497455,0.9184821,0.7975134,72.03517,0.66160804
2442,152,shuffle,-1,0.109034464,0.24729012,0.9454832,72.01131,0.02172239
2443,152,unrelated,142,0.84115636,1.9077423,0.57942224,71.86973,1.681748
2444,153,orig,-1,0.04772113,0.1082315,0.9761398,72.01515,0.0
2445,153,contradict,0,0.103079714,0.23378475,0.9484606,72.04954,0.0914397
2446,153,delete,0,0.05312593,0.12048958,0.97343755,72.02774,0.020989792
2447,153,contradict,1,0.04715724,0.1069526,0.9764218,72.01105,0.0009906949
2448,153,delete,1,0.050203912,0.11386245,0.9748984,72.02913,0.0032916581
2449,153,contradict,2,0.048005305,0.10887601,0.9759977,72.011284,0.0034125755
2450,153,delete,2,0.04695638,0.10649705,0.97652227,72.011894,0.0013960209
2451,153,contradict,3,0.10344563,0.23461464,0.94827765,72.05692,0.13164185
2452,153,delete,3,0.05741288,0.1302124,0.9712938,72.03277,0.025481116
2453,153,paraphrase,-1,0.04766642,0.10810742,0.9761671,72.01532,0.00073129305
2454,153,translate,-1,0.055161882,0.12510712,0.97241944,72.019424,0.016362872
2455,153,polarity,-1,0.04515696,0.102415964,0.97742194,72.01799,0.0033895837
2456,153,vocab,-1,0.047758497,0.10831625,0.97612107,72.00822,0.0040494436
2457,153,cat,-1,0.42243615,0.958085,0.78878224,72.02789,0.875348
2458,153,shuffle,-1,0.051915634,0.11774464,0.9740428,72.02178,0.031736095
2459,153,unrelated,218,0.7386621,1.6752853,0.6306694,72.024925,1.702178
2460,154,orig,-1,0.15235375,0.34553823,0.9238233,71.60874,0.0
2461,154,contradict,0,0.17949148,0.40708658,0.91025436,71.58595,0.056992047
2462,154,delete,0,0.14563927,0.3303098,0.9271806,71.60268,0.00839277
2463,154,contradict,1,0.16694775,0.37863743,0.9165264,71.60002,0.008116869
2464,154,delete,1,0.16016287,0.3632493,0.91991884,71.62074,0.005513146
2465,154,contradict,2,0.18417366,0.41770577,0.9079134,71.59436,0.07837474
2466,154,delete,2,0.17060708,0.38693678,0.91469675,71.58343,0.08556162
2467,154,contradict,3,0.1546674,0.3507856,0.9226666,71.60032,0.004131503
2468,154,delete,3,0.15381916,0.34886178,0.92309064,71.59482,0.006918958
2469,154,paraphrase,-1,0.14985451,0.33986998,0.9250729,71.60699,0.0010084657
2470,154,translate,-1,0.16128927,0.36580402,0.91935575,71.53799,0.04372781
2471,154,polarity,-1,0.16194299,0.36728662,0.9190288,71.55698,0.016712517
2472,154,vocab,-1,0.14956436,0.33921188,0.9252182,71.5914,0.0029411144
2473,154,cat,-1,0.18314849,0.4153807,0.9084259,71.63131,0.06466242
2474,154,shuffle,-1,0.1993859,0.45220712,0.9003073,71.573586,0.0989022
2475,154,unrelated,52,0.990448,2.2463355,0.5047763,72.04345,2.023131
2476,155,orig,-1,0.058425657,0.13250937,0.97078776,71.82524,0.0
2477,155,contradict,0,0.06253898,0.14183839,0.9687309,71.84173,0.018549426
2478,155,delete,0,0.05882724,0.13342015,0.97058654,71.84119,0.003064365
2479,155,contradict,1,0.057636123,0.13071871,0.9711824,71.82474,0.0008180557
2480,155,delete,1,0.057969123,0.13147394,0.97101575,71.82169,0.00042646934
2481,155,contradict,2,0.19642702,0.44549638,0.90178704,71.47955,0.41402736
2482,155,delete,2,0.16656922,0.37777892,0.9167157,71.48395,0.3521844
2483,155,contradict,3,0.07382643,0.16743831,0.9630871,71.824776,0.022288833
2484,155,delete,3,0.07095752,0.16093162,0.9645216,71.8367,0.01046089
2485,155,paraphrase,-1,0.05898385,0.13377535,0.97050864,71.821976,0.00053227996
2486,155,translate,-1,0.06825121,0.15479371,0.9658749,71.826485,0.012736635
2487,155,polarity,-1,0.057684798,0.1308291,0.97115785,71.8357,0.0015331955
2488,155,vocab,-1,0.058871765,0.13352114,0.9705644,71.8254,0.0014305875
2489,155,cat,2,0.32790557,0.74368966,0.8360476,71.85676,0.68913686
2490,155,shuffle,-1,0.06420002,0.14560562,0.96790045,71.827866,0.033678584
2491,155,unrelated,187,0.7099905,1.6102581,0.64500517,72.06928,1.5396662
2492,156,orig,-1,0.085985914,0.19501601,0.9570075,71.992065,0.0
2493,156,contradict,0,0.08863594,0.20102626,0.9556826,71.988625,0.018500248
2494,156,delete,0,0.08438463,0.1913843,0.95780814,71.991295,0.008963372
2495,156,contradict,1,0.091852166,0.20832068,0.95407414,71.99576,0.011666199
2496,156,delete,1,0.08826363,0.20018187,0.9558685,72.00093,0.003536832
2497,156,contradict,2,0.09762992,0.22142461,0.95118546,71.96035,0.015976548
2498,156,delete,2,0.08790411,0.19936648,0.9560485,71.98513,0.0061223516
2499,156,contradict,3,0.08049113,0.18255386,0.95975477,71.99466,0.015023847
2500,156,delete,3,0.08429849,0.19118895,0.9578512,71.99378,0.002827003
2501,156,paraphrase,-1,0.08703432,0.1973938,0.9564833,71.99203,0.00029579527
2502,156,translate,-1,0.089640394,0.20330438,0.95518047,71.98387,0.008305419
2503,156,polarity,-1,0.0863314,0.19579957,0.95683455,71.99486,0.0009722977
2504,156,vocab,-1,0.08738072,0.19817944,0.95630985,71.988335,0.002404102
2505,156,cat,-1,0.45184427,1.0247827,0.7740783,71.90815,0.78857684
2506,156,shuffle,-1,0.0906604,0.20561776,0.95467025,71.97415,0.012407054
2507,156,unrelated,10,0.7595003,1.7225465,0.62025046,71.75019,1.5763836
2508,157,orig,-1,0.091582246,0.2077085,0.9542092,72.04887,0.0
2509,157,contradict,0,0.09492807,0.21529682,0.9525362,72.045876,0.007085987
2510,157,delete,0,0.091285504,0.20703548,0.9543575,72.04513,0.0040064096
2511,157,contradict,1,0.095167056,0.21583883,0.9524166,72.05463,0.005723177
2512,157,delete,1,0.10311264,0.23385942,0.948444,72.0657,0.01515288
2513,157,contradict,2,0.13431807,0.30463332,0.9328414,71.912254,0.17028758
2514,157,delete,2,0.0875618,0.19859013,0.95621955,72.01728,0.026613044
2515,157,contradict,3,0.08704248,0.19741231,0.9564791,72.05311,0.008374874
2516,157,delete,3,0.089982584,0.20408046,0.9550089,72.05459,0.003389144
2517,157,paraphrase,-1,0.09052064,0.20530078,0.9547399,72.05258,0.00029601055
2518,157,translate,-1,0.09142145,0.2073438,0.9542896,72.03582,0.014455749
2519,157,polarity,-1,0.089646086,0.20331728,0.955177,72.060616,0.0023989773
2520,157,vocab,-1,0.10701282,0.24270503,0.94649374,72.04824,0.02161421
2521,157,cat,-1,0.39044777,0.88553536,0.8047765,72.01066,0.72822875
2522,157,shuffle,-1,0.08750589,0.19846332,0.9562473,72.04263,0.009664663
2523,157,unrelated,4,0.9211234,2.0891075,0.5394385,71.954796,1.9640845
2524,158,orig,-1,0.088835075,0.20147792,0.9555828,71.961205,0.0
2525,158,contradict,0,0.11879791,0.26943362,0.94060135,71.978836,0.061037537
2526,158,delete,0,0.10667296,0.24193422,0.9466641,71.97768,0.023662329
2527,158,contradict,1,0.092734754,0.21032238,0.95363283,71.954636,0.005017033
2528,158,delete,1,0.09202835,0.20872025,0.9539861,71.973404,0.0015797331
2529,158,contradict,2,0.21688521,0.49189556,0.8915578,71.82856,0.3702059
2530,158,delete,2,0.09223547,0.20919,0.9538825,71.92715,0.013260391
2531,158,contradict,3,0.0823515,0.18677317,0.9588247,71.94913,0.005601125
2532,158,delete,3,0.083754696,0.1899556,0.9581229,71.95731,0.0023680646
2533,158,paraphrase,-1,0.089638725,0.2033006,0.9551809,71.95431,0.00035988764
2534,158,translate,-1,0.08903242,0.20192549,0.9554843,71.911545,0.014822836
2535,158,polarity,-1,0.09096681,0.20631269,0.954517,71.96255,0.0009601301
2536,158,vocab,-1,0.08798446,0.1995487,0.95600814,71.95885,0.003818741
2537,158,cat,-1,0.34417403,0.78058654,0.8279133,71.9332,0.6122891
2538,158,shuffle,-1,0.092221,0.20915718,0.9538899,71.96755,0.0018038002
2539,158,unrelated,175,0.865234,1.9623504,0.5673833,72.25049,1.8782156
2540,159,orig,-1,0.13503289,0.30625454,0.93248403,72.02422,0.0
2541,159,contradict,0,0.14425565,0.32717174,0.92787254,71.99654,0.013837657
2542,159,delete,0,0.14194119,0.32192254,0.92902964,72.0187,0.0059486222
2543,159,contradict,1,0.13577417,0.30793574,0.9321133,72.019485,0.0007550675
2544,159,delete,1,0.13561776,0.30758104,0.9321916,72.026146,0.0015335499
2545,159,contradict,2,0.5944034,1.3481066,0.70279884,71.677155,1.0422537
2546,159,delete,2,0.20468995,0.4642367,0.8976555,71.9491,0.12557639
2547,159,contradict,3,0.17144334,0.38883343,0.9142788,71.96848,0.03442701
2548,159,delete,3,0.17456867,0.39592165,0.9127161,71.97702,0.04309181
2549,159,paraphrase,-1,0.13281585,0.3012263,0.93359244,72.028534,0.00064538466
2550,159,translate,-1,0.1458319,0.33074668,0.9270843,72.0414,0.025099972
2551,159,polarity,-1,0.13813044,0.31327978,0.9309355,72.01413,0.0021092086
2552,159,vocab,-1,0.13584185,0.30808926,0.9320795,72.02153,0.0017347194
2553,159,cat,-1,0.71296847,1.6170121,0.64351636,71.7009,1.2307525
2554,159,shuffle,-1,0.24716051,0.5605599,0.87642,71.955124,0.1723306
2555,159,unrelated,39,1.1483276,2.6044064,0.42583665,72.185234,2.264509
2556,160,orig,-1,0.097457685,0.22103399,0.9512715,72.05643,0.0
2557,160,contradict,0,0.11143675,0.2527385,0.94428176,72.05744,0.03151708
2558,160,delete,0,0.10380559,0.23543103,0.9480975,72.06595,0.007737245
2559,160,contradict,1,0.09705989,0.22013178,0.9514704,72.00197,0.029120192
2560,160,delete,1,0.094864525,0.2151527,0.95256805,72.04414,0.01460445
2561,160,contradict,2,0.19206998,0.43561462,0.9039651,71.9969,0.14197373
2562,160,delete,2,0.10538016,0.23900217,0.9473102,72.0674,0.01931849
2563,160,contradict,3,0.12351134,0.28012365,0.93824434,72.031,0.07344122
2564,160,delete,3,0.119783856,0.27166975,0.94010824,72.06903,0.05932086
2565,160,paraphrase,-1,0.098655224,0.22375001,0.95067257,72.04835,0.0009143466
2566,160,translate,-1,0.094276115,0.21381819,0.952862,72.0061,0.016398223
2567,160,polarity,-1,0.1048399,0.23777685,0.9475802,72.06695,0.006252932
2568,160,vocab,-1,0.09873235,0.22392493,0.950634,72.05476,0.00872288
2569,160,cat,4,0.45104915,1.0229793,0.7744756,72.02633,0.82302964
2570,160,shuffle,-1,0.107893035,0.24470136,0.9460538,72.02971,0.042672545
2571,160,unrelated,165,0.81795377,1.8551188,0.59102345,72.06827,1.7348604
2572,161,orig,-1,0.06618485,0.1501072,0.96690786,72.09437,0.0
2573,161,contradict,0,0.0907518,0.20582503,0.95462453,72.04869,0.029475875
2574,161,delete,0,0.07317,0.16594952,0.9634154,72.056046,0.0086863525
2575,161,contradict,1,0.0702345,0.15929182,0.96488315,72.08271,0.0043332926
2576,161,delete,1,0.069269545,0.1571033,0.9653656,72.083534,0.004134337
2577,161,contradict,2,0.24919274,0.56516904,0.87540406,71.92921,0.44652277
2578,161,delete,2,0.142326,0.3227953,0.9288376,72.01038,0.19262347
2579,161,contradict,3,0.07301547,0.16559905,0.9634928,72.06424,0.009840494
2580,161,delete,3,0.07105235,0.1611467,0.9644742,72.085175,0.0043967315
2581,161,paraphrase,-1,0.06652186,0.15087155,0.96673936,72.097206,0.0008207997
2582,161,translate,-1,0.08051521,0.18260847,0.95974284,72.09993,0.02154079
2583,161,polarity,-1,0.06749657,0.15308219,0.96625215,72.09516,0.0010135891
2584,161,vocab,-1,0.06918256,0.15690601,0.96540916,72.08104,0.0011609286
2585,161,cat,2,0.33171242,0.7523236,0.83414435,72.066475,0.62808025
2586,161,shuffle,-1,0.07028105,0.1593974,0.96486,72.0734,0.0027662965
2587,161,unrelated,88,0.8470565,1.9211237,0.5764722,71.84713,1.770874
2588,162,orig,-1,0.2884369,0.65417475,0.8557819,71.8103,0.0
2589,162,contradict,0,0.2964477,0.67234325,0.85177654,71.74686,0.013975313
2590,162,delete,0,0.2928306,0.6641396,0.85358506,71.79918,0.00538943
2591,162,contradict,1,0.27703303,0.6283108,0.8614838,71.81191,0.018853322
2592,162,delete,1,0.2849722,0.6463168,0.8575142,71.82962,0.008520739
2593,162,contradict,2,0.3327428,0.75466055,0.83362913,71.62745,0.20754364
2594,162,delete,2,0.29509735,0.66928065,0.8524518,71.755165,0.0118498085
2595,162,contradict,3,0.25171033,0.5708789,0.8741451,71.71511,0.22174992
2596,162,delete,3,0.28069976,0.63662696,0.8596504,71.80193,0.042572714
2597,162,paraphrase,-1,0.28842688,0.65415204,0.8557868,71.81743,0.00029365008
2598,162,translate,-1,0.28740796,0.65184116,0.85629636,71.77102,0.012928632
2599,162,polarity,-1,0.28959948,0.6568115,0.8552006,71.80148,0.006984086
2600,162,vocab,-1,0.29237676,0.6631104,0.853812,71.80265,0.0018582033
2601,162,cat,-1,0.5496195,1.2465367,0.7251907,71.74554,0.9152907
2602,162,shuffle,-1,0.2753024,0.6243857,0.8623491,71.723694,0.09975269
2603,162,unrelated,133,1.0098522,2.2903442,0.49507433,71.947235,2.029758
2604,163,orig,-1,0.16320954,0.37015918,0.91839594,71.873604,0.0
2605,163,contradict,0,0.2918777,0.6619785,0.8540614,71.7318,0.30763298
2606,163,delete,0,0.26857644,0.6091313,0.8657122,71.88009,0.1816211
2607,163,contradict,1,0.15302806,0.34706756,0.9234864,71.92194,0.0078395875
2608,163,delete,1,0.15564182,0.35299557,0.9221795,71.92559,0.010030736
2609,163,contradict,2,0.323106,0.73280424,0.8384474,71.80111,0.37885502
2610,163,delete,2,0.21344776,0.48409945,0.89327645,71.79627,0.07128416
2611,163,contradict,3,0.16467485,0.3734825,0.91766304,71.84282,0.013324388
2612,163,delete,3,0.15397105,0.34920627,0.92301494,71.90411,0.010034211
2613,163,paraphrase,-1,0.16916956,0.3836765,0.91541535,71.87613,0.0023546135
2614,163,translate,-1,0.23333792,0.5292103,0.88333136,71.76251,0.12160305
2615,163,polarity,-1,0.23023236,0.5221669,0.8848843,71.897995,0.07355876
2616,163,vocab,-1,0.18034744,0.40902793,0.9098267,71.907364,0.017329844
2617,163,cat,4,0.36583123,0.82970506,0.8170848,71.42823,0.46074462
2618,163,shuffle,-1,0.19362214,0.43913493,0.90318966,71.84575,0.030055096
2619,163,unrelated,34,0.8421229,1.9099344,0.5789389,71.61743,1.8586653
2620,164,orig,-1,0.14729552,0.33406618,0.92635256,71.81554,0.0
2621,164,contradict,0,0.1290963,0.29279035,0.9354522,71.79492,0.025107635
2622,164,delete,0,0.15146938,0.34353247,0.92426586,71.8246,0.017018171
2623,164,contradict,1,0.14817557,0.33606213,0.9259128,71.81356,0.00032350892
2624,164,delete,1,0.14480522,0.3284182,0.92759764,71.79401,0.0021160175
2625,164,contradict,2,0.14417055,0.32697874,0.92791516,71.79594,0.0076239617
2626,164,delete,2,0.14291294,0.32412648,0.928544,71.82279,0.0033579613
2627,164,contradict,3,0.30373746,0.68887645,0.84813184,71.76515,0.4389752
2628,164,delete,3,0.1519391,0.3445978,0.9240308,71.80648,0.0063597295
2629,164,paraphrase,-1,0.14877765,0.33742765,0.9256117,71.807045,0.00048680283
2630,164,translate,-1,0.1625777,0.36872616,0.91871154,71.812965,0.007536741
2631,164,polarity,-1,0.14587335,0.3308407,0.9270638,71.81541,0.0011773254
2632,164,vocab,-1,0.14551021,0.3300171,0.9272454,71.81324,0.00094853406
2633,164,cat,-1,0.30329233,0.68786687,0.8483542,71.65188,0.37689644
2634,164,shuffle,-1,0.16487893,0.37394536,0.91756094,71.8019,0.0774728
2635,164,unrelated,65,0.87358963,1.981301,0.5632057,72.11601,1.6936522
2636,165,orig,-1,0.059708916,0.1354198,0.9701459,72.06827,0.0
2637,165,contradict,0,0.06604808,0.149797,0.96697646,72.08182,0.032897823
2638,165,delete,0,0.062024456,0.14067143,0.968988,72.043785,0.0068827495
2639,165,contradict,1,0.0567028,0.12860192,0.97164893,72.06446,0.0028222944
2640,165,delete,1,0.060819805,0.13793929,0.9695906,72.0688,0.0023976567
2641,165,contradict,2,0.060556293,0.13734165,0.96972215,72.03064,0.005934519
2642,165,delete,2,0.059229027,0.1343314,0.9703861,72.05401,0.002534582
2643,165,contradict,3,0.064398825,0.1460565,0.96780086,72.043205,0.0074748117
2644,165,delete,3,0.06253539,0.14183024,0.9687325,72.046104,0.006018477
2645,165,paraphrase,-1,0.059829466,0.1356932,0.9700855,72.06797,0.0002555275
2646,165,translate,-1,0.060369145,0.13691719,0.9698158,72.08602,0.01081845
2647,165,polarity,-1,0.061863236,0.14030579,0.9690688,72.05572,0.0025528623
2648,165,vocab,-1,0.057238907,0.12981781,0.97138095,72.061455,0.0026170188
2649,165,cat,-1,0.36272496,0.82266,0.81863815,71.80879,0.70468396
2650,165,shuffle,-1,0.06176737,0.14008836,0.96911675,72.04314,0.008854455
2651,165,unrelated,29,0.79641074,1.8062592,0.60179514,71.80476,1.8049109
2652,166,orig,-1,0.13867022,0.314504,0.93066555,71.996994,0.0
2653,166,contradict,0,0.1496779,0.3394694,0.92516154,72.00255,0.01575562
2654,166,delete,0,0.14255896,0.32332367,0.92872095,72.00319,0.0063298773
2655,166,contradict,1,0.13758081,0.3120332,0.93120986,71.99508,0.0013738915
2656,166,delete,1,0.14173046,0.3214446,0.9291353,71.997925,0.0017910922
2657,166,contradict,2,0.20321698,0.46089604,0.89839184,71.884,0.2018279
2658,166,delete,2,0.13943277,0.31623346,0.93028396,71.94822,0.021821802
2659,166,contradict,3,0.14269075,0.32362255,0.92865527,71.98244,0.005774092
2660,166,delete,3,0.15325022,0.34757143,0.92337555,72.00352,0.010214917
2661,166,paraphrase,-1,0.14027235,0.31813762,0.9298643,72.000534,0.00080647774
2662,166,translate,-1,0.13656381,0.30972666,0.93171877,71.97909,0.017618405
2663,166,polarity,-1,0.14100713,0.3198041,0.92949694,71.99887,0.0015327
2664,166,vocab,-1,0.13807113,0.31314528,0.93096495,71.98374,0.0033379078
2665,166,cat,-1,0.30942127,0.7017673,0.8452899,71.83647,0.4636715
2666,166,shuffle,-1,0.14596975,0.33105934,0.92701566,71.97848,0.02233197
2667,166,unrelated,115,0.711441,1.6135478,0.64428,71.825645,1.3294485
2668,167,orig,-1,0.06932536,0.15722989,0.9653376,72.00161,0.0
2669,167,contradict,0,0.09689285,0.21975294,0.95155364,72.009476,0.027087089
2670,167,delete,0,0.081239745,0.18425171,0.9593801,72.01673,0.006065729
2671,167,contradict,1,0.076418884,0.173318,0.96179086,72.012505,0.0037048534
2672,167,delete,1,0.069501914,0.15763031,0.9652493,72.00742,0.006274213
2673,167,contradict,2,0.07210944,0.16354418,0.9639453,71.99521,0.005092003
2674,167,delete,2,0.066787265,0.15147349,0.9666067,72.000114,0.0021125562
2675,167,contradict,3,0.071489856,0.16213895,0.96425533,71.99368,0.044025194
2676,167,delete,3,0.060877483,0.1380701,0.96956116,71.98419,0.020664033
2677,167,paraphrase,-1,0.06762639,0.15337661,0.96618694,72.00113,0.00066427427
2678,167,translate,-1,0.07354814,0.16680714,0.96322614,72.00394,0.018289316
2679,167,polarity,-1,0.06974164,0.158174,0.9651294,72.01947,0.0019189098
2680,167,vocab,-1,0.07809311,0.17711514,0.9609537,72.010216,0.004151566
2681,167,cat,3,0.45645148,1.0352317,0.77177453,71.78739,0.8165884
2682,167,shuffle,-1,0.08034224,0.18221617,0.95982903,71.99719,0.023472345
2683,167,unrelated,70,0.688089,1.5605856,0.6559557,71.6272,1.3463948
2684,168,orig,-1,0.075040914,0.17019276,0.96248007,71.772156,0.0
2685,168,contradict,0,0.08624957,0.19561398,0.9568756,71.75325,0.02146614
2686,168,delete,0,0.07192649,0.16312924,0.9640373,71.76781,0.007126699
2687,168,contradict,1,0.07000806,0.15877825,0.9649964,71.76248,0.008202599
2688,168,delete,1,0.07388379,0.1675684,0.96305835,71.77658,0.0034670013
2689,168,contradict,2,0.07583604,0.1719961,0.9620824,71.78238,0.0068080765
2690,168,delete,2,0.07663228,0.17380199,0.9616842,71.77274,0.0018912563
2691,168,contradict,3,0.09613733,0.21803942,0.9519316,71.71813,0.017489143
2692,168,delete,3,0.090212464,0.20460182,0.9548941,71.73491,0.010466971
2693,168,paraphrase,-1,0.07527037,0.17071317,0.96236527,71.76607,0.00041214438
2694,168,translate,-1,0.077515826,0.17580585,0.9612427,71.75862,0.0144383935
2695,168,polarity,-1,0.07540642,0.17102171,0.962297,71.767784,0.0018301653
2696,168,vocab,-1,0.07920915,0.17964631,0.96039593,71.757355,0.0022653358
2697,168,cat,3,0.47309327,1.0729753,0.763454,71.872765,0.90359294
2698,168,shuffle,-1,0.07369937,0.16715014,0.9631509,71.7591,0.0058451965
2699,168,unrelated,5,0.9364416,2.1238492,0.53177977,71.88117,1.9765995
2700,169,orig,-1,0.14710757,0.33363992,0.9264464,71.84538,0.0
2701,169,contradict,0,0.16692781,0.37859222,0.91653615,71.90308,0.037966907
2702,169,delete,0,0.18242711,0.4137446,0.9087866,71.92025,0.04365659
2703,169,contradict,1,0.15005971,0.34033537,0.92497045,71.839775,0.013934355
2704,169,delete,1,0.1498335,0.33982232,0.9250836,71.83401,0.010353586
2705,169,contradict,2,0.1779596,0.40361232,0.91102046,71.808716,0.043984737
2706,169,delete,2,0.14498942,0.32883593,0.92750555,71.83451,0.010957299
2707,169,contradict,3,0.28761,0.65229934,0.85619515,71.88962,0.27429706
2708,169,delete,3,0.19531956,0.44298467,0.9023405,71.84909,0.07097101
2709,169,paraphrase,-1,0.15310837,0.34724972,0.92344606,71.846565,0.0035705855
2710,169,translate,-1,0.15788136,0.35807487,0.92105937,71.856834,0.015340071
2711,169,polarity,-1,0.14953165,0.3391377,0.9252342,71.85142,0.002571464
2712,169,vocab,-1,0.15647927,0.3548949,0.92176044,71.8517,0.0072946097
2713,169,cat,-1,0.41157037,0.9334414,0.794215,71.906204,0.7112163
2714,169,shuffle,-1,0.1600954,0.36309627,0.9199526,71.86917,0.08554438
2715,169,unrelated,249,0.7460951,1.6921434,0.62695265,71.916664,1.4771909
2716,170,orig,-1,0.08074162,0.18312196,0.9596296,72.024605,0.0
2717,170,contradict,0,0.09234662,0.2094421,0.9538271,71.97462,0.02068019
2718,170,delete,0,0.07958555,0.1805,0.9602077,72.004425,0.0066609443
2719,170,contradict,1,0.078131035,0.17720115,0.9609349,72.05553,0.005904037
2720,170,delete,1,0.07492348,0.16992642,0.96253854,72.06631,0.0054803644
2721,170,contradict,2,0.21771502,0.49377757,0.891143,71.950096,0.42186892
2722,170,delete,2,0.09891423,0.22433743,0.9505434,71.92948,0.11228689
2723,170,contradict,3,0.07874192,0.17858665,0.9606296,72.02363,0.002135403
2724,170,delete,3,0.07958464,0.18049793,0.960208,72.03365,0.0010437046
2725,170,paraphrase,-1,0.080604635,0.18281128,0.959698,72.02699,0.00034879617
2726,170,translate,-1,0.07603009,0.17243621,0.96198535,72.00678,0.008234064
2727,170,polarity,-1,0.078338355,0.17767136,0.9608313,72.04,0.0013338577
2728,170,vocab,-1,0.08317834,0.18864845,0.9584114,72.026764,0.0013122611
2729,170,cat,-1,0.42707872,0.96861434,0.7864612,71.85898,0.8003257
2730,170,shuffle,-1,0.08039023,0.182325,0.9598053,72.03793,0.021070078
2731,170,unrelated,160,0.66302913,1.5037497,0.66848606,72.05643,1.41773
2732,171,orig,-1,0.069539465,0.15771547,0.9652305,72.06961,0.0
2733,171,contradict,0,0.066436484,0.15067792,0.9667819,72.026375,0.010963725
2734,171,delete,0,0.06773231,0.15361686,0.9661342,72.066635,0.014299001
2735,171,contradict,1,0.076463304,0.17341875,0.9617685,72.06165,0.011165692
2736,171,delete,1,0.072858445,0.16524293,0.96357083,72.07431,0.0032593992
2737,171,contradict,2,0.28942338,0.65641207,0.8552885,72.025764,0.4764899
2738,171,delete,2,0.09583576,0.21735546,0.95208246,72.0501,0.051813744
2739,171,contradict,3,0.06798641,0.15419313,0.9660072,72.04717,0.006903977
2740,171,delete,3,0.066563524,0.15096605,0.96671844,72.06329,0.004180712
2741,171,paraphrase,-1,0.07019713,0.15920706,0.9649016,72.07108,0.00030362283
2742,171,translate,-1,0.07229643,0.16396828,0.96385187,72.04076,0.013250306
2743,171,polarity,-1,0.07068671,0.16031744,0.96465707,72.077545,0.00096643006
2744,171,vocab,-1,0.07600145,0.17237125,0.9619996,72.06192,0.0043858537
2745,171,cat,2,0.47955665,1.0876343,0.76022184,72.01514,0.93432516
2746,171,shuffle,-1,0.091983214,0.2086179,0.9540085,72.02787,0.039219357
2747,171,unrelated,101,0.7078287,1.6053551,0.64608604,72.003174,1.5903362
2748,172,orig,-1,0.09203244,0.20872954,0.9539843,71.94425,0.0
2749,172,contradict,0,0.09444036,0.2141907,0.9527803,71.95262,0.00720011
2750,172,delete,0,0.09157903,0.20770119,0.95421076,71.94461,0.0045634885
2751,172,contradict,1,0.09645398,0.21875758,0.95177346,71.94386,0.005725982
2752,172,delete,1,0.09445095,0.21421471,0.952775,71.9638,0.0054006437
2753,172,contradict,2,0.16006699,0.36303186,0.9199671,71.81569,0.104324825
2754,172,delete,2,0.17259048,0.39143512,0.9137052,71.846985,0.130953
2755,172,contradict,3,0.10638025,0.24127035,0.9468103,71.94938,0.0334891
2756,172,delete,3,0.095078,0.21563686,0.9524616,71.97172,0.018681949
2757,172,paraphrase,-1,0.09192837,0.2084935,0.95403606,71.94551,0.0015173939
2758,172,translate,-1,0.098379694,0.2231251,0.95081043,71.93948,0.016066851
2759,172,polarity,-1,0.094572924,0.21449135,0.952714,71.95489,0.005742166
2760,172,vocab,-1,0.09673847,0.21940282,0.9516314,71.93012,0.0073926495
2761,172,cat,2,0.24322161,0.5516265,0.8783896,71.78615,0.29502738
2762,172,shuffle,-1,0.114958644,0.26072615,0.9425211,71.9246,0.060097605
2763,172,unrelated,121,0.9011091,2.043715,0.54944587,71.879944,1.825141
2764,173,orig,-1,0.0655616,0.14869368,0.96721935,71.93265,0.0
2765,173,contradict,0,0.068733655,0.1558879,0.96563345,71.92027,0.005110042
2766,173,delete,0,0.064593315,0.1464976,0.9677035,71.922195,0.0011143333
2767,173,contradict,1,0.05952807,0.13500965,0.9702361,71.930695,0.008383958
2768,173,delete,1,0.060201842,0.13653775,0.9698992,71.94059,0.0038271942
2769,173,contradict,2,0.2820535,0.6396972,0.8589737,71.7937,0.5231492
2770,173,delete,2,0.06955435,0.15774924,0.965223,71.91917,0.016090386
2771,173,contradict,3,0.06680845,0.15152153,0.96659595,71.918976,0.007172639
2772,173,delete,3,0.06514337,0.14774513,0.96742857,71.93784,0.0029089032
2773,173,paraphrase,-1,0.06504233,0.14751598,0.9674789,71.926636,0.0005580787
2774,173,translate,-1,0.08003497,0.18151928,0.9599827,71.9144,0.026807742
2775,173,polarity,-1,0.06280964,0.14245224,0.9685954,71.93144,0.0021248506
2776,173,vocab,-1,0.065513566,0.14858474,0.96724355,71.92546,0.0015195924
2777,173,cat,-1,0.44227776,1.0030857,0.77886134,71.98461,0.89601
2778,173,shuffle,-1,0.062916614,0.14269485,0.9685421,71.91353,0.009402353
2779,173,unrelated,182,0.7944463,1.8018038,0.60277694,72.15076,1.7128177
2780,174,orig,-1,0.039729122,0.09010563,0.98013574,71.95314,0.0
2781,174,contradict,0,0.04785738,0.10854052,0.9760716,71.950676,0.022030758
2782,174,delete,0,0.05333493,0.120963596,0.9733328,71.96894,0.022612894
2783,174,contradict,1,0.039198235,0.08890158,0.98040116,71.951355,0.0011404061
2784,174,delete,1,0.039667405,0.08996566,0.98016673,71.96,0.00073391816
2785,174,contradict,2,0.27155975,0.61589736,0.8642203,71.85525,0.5553871
2786,174,delete,2,0.046983015,0.10655746,0.9765088,71.906746,0.021774532
2787,174,contradict,3,0.04005789,0.09085128,0.97997135,71.95032,0.0021192005
2788,174,delete,3,0.04035561,0.09152651,0.9798226,71.95151,0.0010107361
2789,174,paraphrase,-1,0.040635597,0.092161514,0.97968256,71.94509,0.00061978545
2790,174,translate,-1,0.043820728,0.09938539,0.97809005,71.95915,0.017594462
2791,174,polarity,-1,0.040309023,0.091420844,0.97984576,71.95131,0.00094928924
2792,174,vocab,-1,0.039570104,0.08974498,0.9802152,71.93897,0.0017536922
2793,174,cat,2,0.28606933,0.64880514,0.8569658,71.7735,0.57538164
2794,174,shuffle,-1,0.05095159,0.115558185,0.97452444,71.92861,0.025755111
2795,174,unrelated,46,0.7517199,1.7049004,0.62414044,71.91636,1.7012014
2796,175,orig,-1,0.08470014,0.19209987,0.9576502,72.25049,0.0
2797,175,contradict,0,0.102100566,0.23156404,0.94895023,72.271935,0.015210993
2798,175,delete,0,0.08744612,0.19832776,0.95627743,72.26332,0.002449667
2799,175,contradict,1,0.09047299,0.2051927,0.9547639,72.22532,0.0037187508
2800,175,delete,1,0.086656354,0.19653657,0.9566721,72.24448,0.0015587653
2801,175,contradict,2,0.10520868,0.23861323,0.94739604,72.165016,0.08577854
2802,175,delete,2,0.086371794,0.19589119,0.95681435,72.20254,0.02160353
2803,175,contradict,3,0.09168474,0.20794094,0.95415807,72.27856,0.012654711
2804,175,delete,3,0.0853074,0.19347714,0.9573468,72.26116,0.0017699106
2805,175,paraphrase,-1,0.08685771,0.19699325,0.95657146,72.252426,0.00043676942
2806,175,translate,-1,0.07726211,0.17523043,0.96136904,72.26282,0.010729554
2807,175,polarity,-1,0.08374469,0.18993291,0.95812815,72.25111,0.0015117754
2808,175,vocab,-1,0.080101185,0.18166944,0.95994955,72.24982,0.0040812953
2809,175,cat,2,0.39778468,0.9021755,0.8011078,71.95201,0.78443575
2810,175,shuffle,-1,0.08295381,0.1881392,0.95852363,72.25942,0.016279351
2811,175,unrelated,71,0.89681274,2.0339708,0.551594,72.0927,1.9509804
2812,176,orig,-1,0.07777566,0.17639516,0.9611124,72.175896,0.0
2813,176,contradict,0,0.07813452,0.17720906,0.960933,72.19242,0.011534801
2814,176,delete,0,0.07654213,0.17359751,0.96172917,72.18747,0.0064657535
2815,176,contradict,1,0.077975586,0.17684859,0.9610125,72.17256,0.0017498898
2816,176,delete,1,0.07774773,0.17633182,0.9611263,72.1701,0.0006361566
2817,176,contradict,2,0.19287808,0.4374474,0.9035615,72.0723,0.35802677
2818,176,delete,2,0.07819946,0.17735635,0.96090037,72.1859,0.007483428
2819,176,contradict,3,0.07853467,0.17811659,0.960733,72.17468,0.0014890664
2820,176,delete,3,0.084379494,0.19137266,0.95781064,72.182816,0.0037407705
2821,176,paraphrase,-1,0.07739045,0.1755215,0.9613052,72.17224,0.00028298862
2822,176,translate,-1,0.08178698,0.18549284,0.95910686,72.16852,0.0057803816
2823,176,polarity,-1,0.077706754,0.17623888,0.9611469,72.187195,0.0011114579
2824,176,vocab,-1,0.077975474,0.17684834,0.96101254,72.17606,0.00093985983
2825,176,cat,3,0.42131358,0.95553905,0.7893435,71.78817,0.887023
2826,176,shuffle,-1,0.077485695,0.17573753,0.96125746,72.18759,0.0116270315
2827,176,unrelated,77,0.81016093,1.8374447,0.59491986,71.82009,1.8179271
2828,177,orig,-1,0.20814455,0.47207174,0.895928,72.11746,0.0
2829,177,contradict,0,0.2105824,0.4776008,0.8947091,72.1314,0.03517664
2830,177,delete,0,0.19128622,0.43383706,0.90435743,72.12136,0.015480753
2831,177,contradict,1,0.22689316,0.5145936,0.8865538,72.14015,0.03381605
2832,177,delete,1,0.20942786,0.4749823,0.89528674,72.11597,0.005761985
2833,177,contradict,2,0.21425,0.4859189,0.89287555,72.09899,0.028014844
2834,177,delete,2,0.23541668,0.53392494,0.88229203,72.078995,0.015328893
2835,177,contradict,3,0.23777072,0.5392639,0.8811151,72.097595,0.065803744
2836,177,delete,3,0.22234106,0.5042694,0.88883,72.152794,0.03548573
2837,177,paraphrase,-1,0.20492692,0.46477416,0.89753705,72.120735,0.00063306995
2838,177,translate,-1,0.23890634,0.5418395,0.880547,72.13463,0.0300898
2839,177,polarity,-1,0.21299486,0.48307225,0.8935032,72.119415,0.0035181018
2840,177,vocab,-1,0.20479259,0.4644695,0.897604,72.128746,0.0011649376
2841,177,cat,3,0.7455828,1.6909815,0.62720907,72.04204,1.1860808
2842,177,shuffle,-1,0.25948673,0.5885158,0.870257,72.11353,0.077808626
2843,177,unrelated,50,1.0548856,2.3924801,0.47255766,71.98409,1.781086
2844,178,orig,-1,0.108232394,0.24547102,0.9458844,71.903534,0.0
2845,178,contradict,0,0.12112023,0.2747006,0.93944037,71.93453,0.042058915
2846,178,delete,0,0.10693288,0.24252371,0.9465342,71.91419,0.022372814
2847,178,contradict,1,0.121037565,0.27451316,0.9394816,71.928154,0.010741173
2848,178,delete,1,0.11417159,0.2589411,0.9429147,71.91668,0.0038412851
2849,178,contradict,2,0.15856247,0.35961962,0.92071915,71.71448,0.1422254
2850,178,delete,2,0.12384339,0.28087676,0.9380787,71.90158,0.027379453
2851,178,contradict,3,0.11058416,0.25080484,0.9447084,71.908424,0.006359093
2852,178,delete,3,0.10931168,0.24791883,0.9453447,71.89352,0.0037102785
2853,178,paraphrase,-1,0.10712612,0.24296199,0.9464375,71.897606,0.0012566937
2854,178,translate,-1,0.11600314,0.26309508,0.94199884,71.86669,0.013283203
2855,178,polarity,-1,0.11157714,0.2530569,0.9442119,71.90299,0.0016527168
2856,178,vocab,-1,0.11796455,0.26754355,0.9410183,71.9029,0.0070363055
2857,178,cat,-1,0.3980129,0.9026931,0.80099404,71.96803,0.7399333
2858,178,shuffle,-1,0.12338255,0.2798316,0.93830913,71.94816,0.032220352
2859,178,unrelated,250,0.7505826,1.7023209,0.6247093,71.95708,1.5085231
2860,179,orig,-1,0.08207917,0.18615553,0.95896095,72.03771,0.0
2861,179,contradict,0,0.10962784,0.2486359,0.9451865,72.0046,0.07777238
2862,179,delete,0,0.082908936,0.18803743,0.9585461,72.05791,0.021869231
2863,179,contradict,1,0.08721912,0.19781293,0.956391,72.03815,0.006926029
2864,179,delete,1,0.084178634,0.1909171,0.9579109,72.0583,0.004552128
2865,179,contradict,2,0.10311564,0.23386623,0.9484427,71.979706,0.03576065
2866,179,delete,2,0.085477754,0.19386351,0.9572616,72.022285,0.004803836
2867,179,contradict,3,0.09054546,0.20535706,0.95472765,72.01001,0.020161232
2868,179,delete,3,0.08911474,0.2021122,0.95544314,72.00272,0.014002321
2869,179,paraphrase,-1,0.08116848,0.18409008,0.9594162,72.041115,0.0007670605
2870,179,translate,-1,0.088506356,0.20073238,0.95574725,72.02788,0.013141404
2871,179,polarity,-1,0.0814081,0.18463354,0.9592964,72.06441,0.004191595
2872,179,vocab,-1,0.08163107,0.18513924,0.959185,72.0414,0.0016969898
2873,179,cat,3,0.302938,0.6870633,0.84853137,71.71177,0.50056285
2874,179,shuffle,-1,0.10827706,0.24557233,0.9458618,72.05683,0.063309945
2875,179,unrelated,155,0.7563898,1.7154918,0.6218057,71.82524,1.6515911
2876,180,orig,-1,0.088027254,0.19964577,0.95598674,71.8958,0.0
2877,180,contradict,0,0.1075181,0.243851,0.9462412,71.84642,0.038961127
2878,180,delete,0,0.092625335,0.21007422,0.95368767,71.871994,0.009663194
2879,180,contradict,1,0.08907717,0.20202698,0.95546174,71.89419,0.0011466541
2880,180,delete,1,0.08766659,0.19882779,0.95616686,71.89248,0.002062528
2881,180,contradict,2,0.13569403,0.30775398,0.9321532,71.85036,0.059142966
2882,180,delete,2,0.098254524,0.22284122,0.9508731,71.88158,0.01547245
2883,180,contradict,3,0.09300014,0.21092427,0.9535001,71.89211,0.0044618803
2884,180,delete,3,0.0835319,0.18945031,0.9582344,71.88687,0.008798995
2885,180,paraphrase,-1,0.088053375,0.19970502,0.95597374,71.90692,0.0028322684
2886,180,translate,-1,0.098288104,0.22291738,0.9508563,71.87527,0.021861287
2887,180,polarity,-1,0.09163878,0.20783672,0.95418096,71.89289,0.0021331122
2888,180,vocab,-1,0.0914839,0.20748544,0.9542584,71.895905,0.0037388336
2889,180,cat,3,0.44819826,1.0165135,0.7759012,72.023285,0.79643434
2890,180,shuffle,-1,0.10906937,0.24736929,0.94546556,71.86586,0.017261848
2891,180,unrelated,30,0.92751086,2.1035943,0.53624505,71.994965,1.9047228
2892,181,orig,-1,0.086519144,0.19622537,0.9567406,71.92827,0.0
2893,181,contradict,0,0.09860846,0.22364393,0.950696,71.89842,0.021184208
2894,181,delete,0,0.085083,0.1929682,0.9574589,71.9138,0.0056895646
2895,181,contradict,1,0.08825344,0.20015876,0.95587367,71.94106,0.002655183
2896,181,delete,1,0.08757325,0.1986161,0.9562136,71.928604,0.0025946256
2897,181,contradict,2,0.08707245,0.19748028,0.9564641,71.925514,0.0071094227
2898,181,delete,2,0.08657665,0.1963558,0.95671207,71.93882,0.0008853692
2899,181,contradict,3,0.089873336,0.20383269,0.9550636,71.91201,0.013034653
2900,181,delete,3,0.08760483,0.19868772,0.95619786,71.92183,0.0024719904
2901,181,paraphrase,-1,0.08844809,0.20060024,0.9557762,71.93299,0.000540613
2902,181,translate,-1,0.09386141,0.21287763,0.95306975,71.89084,0.008655376
2903,181,polarity,-1,0.08724081,0.19786212,0.9563799,71.930885,0.0008004504
2904,181,vocab,-1,0.0874872,0.19842093,0.9562565,71.92383,0.0010366446
2905,181,cat,5,0.39767882,0.9019354,0.8011611,71.85953,0.7973851
2906,181,shuffle,-1,0.08789304,0.19934137,0.9560539,71.93237,0.003127384
2907,181,unrelated,201,0.9229943,2.0933506,0.538503,71.99135,2.0461407
2908,182,orig,-1,0.06650448,0.15083213,0.96674836,72.15076,0.0
2909,182,contradict,0,0.07927284,0.17979077,0.9603641,72.15689,0.02381468
2910,182,delete,0,0.067443445,0.1529617,0.9662788,72.15026,0.009016919
2911,182,contradict,1,0.07347329,0.16663739,0.96326405,72.14347,0.006078132
2912,182,delete,1,0.070516326,0.15993099,0.96474266,72.16944,0.0038791036
2913,182,contradict,2,0.08706365,0.19746031,0.95646876,72.0919,0.03301226
2914,182,delete,2,0.07013598,0.15906838,0.96493244,72.121895,0.005902581
2915,182,contradict,3,0.067436606,0.15294619,0.96628237,72.15719,0.0012364818
2916,182,delete,3,0.0682752,0.15484811,0.9658629,72.15562,0.0012596943
2917,182,paraphrase,-1,0.06615486,0.1500392,0.966923,72.151215,0.0004228924
2918,182,translate,-1,0.06894164,0.1563596,0.9655299,72.15074,0.011857088
2919,182,polarity,-1,0.06782041,0.15381666,0.9660904,72.15502,0.0009909361
2920,182,vocab,-1,0.06788952,0.1539734,0.96605563,72.154854,0.0017591023
2921,182,cat,-1,0.42138296,0.9556964,0.7893093,71.844955,0.8788958
2922,182,shuffle,-1,0.07211631,0.16355975,0.96394235,72.13753,0.014762544
2923,182,unrelated,25,0.71520126,1.6220762,0.6424,72.055214,1.4862272
2924,183,orig,-1,0.16874485,0.38271323,0.91562796,72.023674,0.0
2925,183,contradict,0,0.19506109,0.44239846,0.90247,71.960594,0.08589654
2926,183,delete,0,0.1832499,0.4156107,0.9083752,71.99475,0.047529805
2927,183,contradict,1,0.18155701,0.41177124,0.90922195,72.00652,0.013671241
2928,183,delete,1,0.17068249,0.38710782,0.91465914,72.03119,0.005287275
2929,183,contradict,2,0.29346043,0.6655681,0.8532702,71.92551,0.22618718
2930,183,delete,2,0.22411004,0.50828147,0.88794553,71.9412,0.0862443
2931,183,contradict,3,0.19876902,0.45080805,0.9006158,71.967804,0.059008222
2932,183,delete,3,0.1862667,0.4224528,0.906867,71.993744,0.030413223
2933,183,paraphrase,-1,0.16898835,0.3832655,0.9155063,72.02427,0.0019867024
2934,183,translate,-1,0.17426267,0.39522767,0.912869,72.02157,0.018983983
2935,183,polarity,-1,0.17701568,0.40147147,0.9114926,71.99154,0.0051128054
2936,183,vocab,-1,0.17464457,0.39609382,0.9126781,72.019684,0.009082278
2937,183,cat,-1,0.3193847,0.72436434,0.8403082,71.861046,0.34860379
2938,183,shuffle,-1,0.20717497,0.46987274,0.8964129,71.998344,0.05338767
2939,183,unrelated,156,1.0794371,2.448163,0.4602819,71.992065,2.3539853
2940,184,orig,-1,0.075158164,0.17045869,0.9624213,71.98168,0.0
2941,184,contradict,0,0.07818534,0.17732432,0.960908,71.98065,0.0150249675
2942,184,delete,0,0.075868264,0.17206919,0.96206653,71.982864,0.0036659574
2943,184,contradict,1,0.07744771,0.17565137,0.9612765,71.956024,0.0024803428
2944,184,delete,1,0.077039935,0.17472653,0.9614807,71.955894,0.0049063545
2945,184,contradict,2,0.07676575,0.17410469,0.9616176,71.987785,0.0038754926
2946,184,delete,2,0.07686851,0.17433774,0.9615666,71.996185,0.0017821613
2947,184,contradict,3,0.09796961,0.22219503,0.95101553,71.9732,0.039229497
2948,184,delete,3,0.07781619,0.17648707,0.9610924,71.9787,0.0026010862
2949,184,paraphrase,-1,0.07527824,0.17073101,0.96236145,71.98149,0.0003292694
2950,184,translate,-1,0.08428371,0.19115542,0.95785874,71.98259,0.01632609
2951,184,polarity,-1,0.07573034,0.17175637,0.96213514,71.98579,0.0011707187
2952,184,vocab,-1,0.07832062,0.17763114,0.96084034,71.951904,0.004084567
2953,184,cat,3,0.33261168,0.7543631,0.83369476,72.03324,0.5397098
2954,184,shuffle,-1,0.09196332,0.20857278,0.95401907,72.02707,0.043487016
2955,184,unrelated,214,0.8037685,1.8229467,0.59811634,71.9337,1.7374274
2956,185,orig,-1,0.05513802,0.125053,0.9724312,72.02541,0.0
2957,185,contradict,0,0.07178456,0.16280736,0.9641081,72.04274,0.037575588
2958,185,delete,0,0.06960289,0.15785933,0.96519876,71.99966,0.019739138
2959,185,contradict,1,0.057976227,0.13149005,0.97101206,72.029366,0.008184957
2960,185,delete,1,0.054403216,0.12338647,0.97279865,72.04639,0.004027217
2961,185,contradict,2,0.057530373,0.13047886,0.97123486,72.03631,0.002719209
2962,185,delete,2,0.05556841,0.12602912,0.9722159,72.04465,0.0025139903
2963,185,contradict,3,0.09200288,0.2086625,0.9539987,72.01481,0.09643367
2964,185,delete,3,0.06397148,0.14508729,0.9680145,72.07073,0.023436047
2965,185,paraphrase,-1,0.0550446,0.124841124,0.97247785,72.03021,0.000380912
2966,185,translate,-1,0.06560643,0.14879535,0.967197,71.99414,0.016001377
2967,185,polarity,-1,0.056495737,0.12813231,0.9717523,72.04544,0.0029654002
2968,185,vocab,-1,0.056006767,0.12702332,0.9719969,72.00606,0.0023579125
2969,185,cat,-1,0.390354,0.8853227,0.8048232,71.967415,0.8018088
2970,185,shuffle,-1,0.06033315,0.13683556,0.9698336,72.02374,0.0114733605
2971,185,unrelated,235,0.6763275,1.5339105,0.66183627,72.039505,1.408479
2972,186,orig,-1,0.056667708,0.12852234,0.97166634,72.017456,0.0
2973,186,contradict,0,0.0634301,0.14385945,0.96828496,72.083405,0.026521198
2974,186,delete,0,0.058881186,0.13354251,0.9705595,72.06458,0.014871888
2975,186,contradict,1,0.052494586,0.1190577,0.97375274,72.02197,0.004051998
2976,186,delete,1,0.05750091,0.13041204,0.9712496,72.017105,0.0027247574
2977,186,contradict,2,0.20483041,0.46455526,0.897585,71.868675,0.37012333
2978,186,delete,2,0.06348746,0.14398953,0.96825635,71.98903,0.033277508
2979,186,contradict,3,0.059845608,0.1357298,0.9700775,72.02826,0.004246754
2980,186,delete,3,0.05900075,0.13381368,0.9704999,72.01588,0.0042723273
2981,186,paraphrase,-1,0.055395138,0.12563615,0.9723023,72.01675,0.00028787833
2982,186,translate,-1,0.05627997,0.12764294,0.9718603,72.03043,0.007379895
2983,186,polarity,-1,0.056483924,0.12810552,0.9717583,72.02809,0.001580093
2984,186,vocab,-1,0.056880087,0.12900402,0.9715602,72.020096,0.0006262534
2985,186,cat,-1,0.33148724,0.75181293,0.8342567,72.00772,0.67077595
2986,186,shuffle,-1,0.06248939,0.14172591,0.9687554,72.01874,0.011821654
2987,186,unrelated,190,0.6350576,1.4403105,0.6824714,71.803604,1.4062157
2988,187,orig,-1,0.04815484,0.109215155,0.9759229,72.06928,0.0
2989,187,contradict,0,0.04968759,0.11269143,0.9751563,72.07675,0.011038942
2990,187,delete,0,0.048911683,0.11093168,0.9755444,72.09903,0.0053167655
2991,187,contradict,1,0.0481233,0.10914362,0.9759387,72.07817,0.0024964144
2992,187,delete,1,0.04935829,0.11194458,0.9753211,72.05651,0.001904782
2993,187,contradict,2,0.052627433,0.119358994,0.9736866,72.03745,0.01377587
2994,187,delete,2,0.047911074,0.10866229,0.97604483,72.077965,0.0026832642
2995,187,contradict,3,0.052413832,0.11887455,0.9737934,72.02581,0.007063782
2996,187,delete,3,0.048554864,0.11012241,0.97572273,72.06853,0.0047525605
2997,187,paraphrase,-1,0.04796633,0.10878762,0.9760172,72.07924,0.0011026928
2998,187,translate,-1,0.064695016,0.14672826,0.9676527,72.03449,0.026468944
2999,187,polarity,-1,0.05430884,0.123172425,0.97284585,72.063225,0.004120498
3000,187,vocab,-1,0.048826985,0.11073958,0.9755867,72.05766,0.0040261718
3001,187,cat,-1,0.22390339,0.5078128,0.88804847,71.70229,0.39954266
3002,187,shuffle,-1,0.05157142,0.11696396,0.97421455,72.06742,0.0076967943
3003,187,unrelated,183,1.1234752,2.5480413,0.4382626,72.023674,2.485375
3004,188,orig,-1,0.068965346,0.15641338,0.96551776,72.128876,0.0
3005,188,contradict,0,0.07334425,0.16634473,0.96332824,72.140076,0.021857178
3006,188,delete,0,0.07075409,0.16047025,0.9646235,72.12844,0.004197839
3007,188,contradict,1,0.069315106,0.15720662,0.9653429,72.13728,0.013567425
3008,188,delete,1,0.06980619,0.1583204,0.96509755,72.13247,0.00908906
3009,188,contradict,2,0.073089585,0.16576715,0.9634556,72.09398,0.021458128
3010,188,delete,2,0.07543875,0.17109506,0.9622812,72.09972,0.031231614
3011,188,contradict,3,0.09684523,0.21964495,0.95157784,72.12323,0.03589973
3012,188,delete,3,0.07819067,0.17733641,0.9609051,72.10832,0.008183487
3013,188,paraphrase,-1,0.06977935,0.15825954,0.9651109,72.12234,0.0009814048
3014,188,translate,-1,0.07438715,0.16871002,0.96280694,72.10321,0.015328505
3015,188,polarity,-1,0.06880332,0.1560459,0.96559876,72.12599,0.0039854557
3016,188,vocab,-1,0.06842999,0.15519919,0.96578544,72.132996,0.0017738983
3017,188,cat,-1,0.5647761,1.280912,0.7176124,72.01217,1.1668738
3018,188,shuffle,-1,0.07015168,0.15910397,0.96492475,72.13319,0.0033433556
3019,188,unrelated,195,0.99570906,2.2582676,0.5021462,72.12124,2.1559653
3020,189,orig,-1,0.0913687,0.20722416,0.95431596,71.874214,0.0
3021,189,contradict,0,0.1301345,0.29514498,0.93493307,71.903885,0.036625225
3022,189,delete,0,0.11203631,0.2540983,0.9439821,71.85797,0.012002808
3023,189,contradict,1,0.10070195,0.22839198,0.9496495,71.874504,0.01309653
3024,189,delete,1,0.086204335,0.1955114,0.9568984,71.90962,0.010140749
3025,189,contradict,2,0.33447224,0.7585829,0.8327643,71.76221,0.55466294
3026,189,delete,2,0.20566058,0.4664381,0.89717,71.76862,0.26586604
3027,189,contradict,3,0.096696705,0.21930808,0.95165193,71.90342,0.02290117
3028,189,delete,3,0.0903401,0.20489131,0.9548303,71.90213,0.0065525314
3029,189,paraphrase,-1,0.09304681,0.21103011,0.953477,71.86864,0.00073382637
3030,189,translate,-1,0.092645004,0.21011883,0.9536778,71.88296,0.010250269
3031,189,polarity,-1,0.094980136,0.21541491,0.9525103,71.88011,0.0018746575
3032,189,vocab,-1,0.09474166,0.21487404,0.95262957,71.897285,0.0031048378
3033,189,cat,3,0.4940648,1.1205387,0.75296783,71.95307,0.88002837
3034,189,shuffle,-1,0.09256999,0.2099487,0.9537155,71.89128,0.0076427013
3035,189,unrelated,54,0.9535818,2.162723,0.52320915,71.73359,1.9549295
3036,190,orig,-1,0.09726673,0.2206009,0.95136666,71.803604,0.0
3037,190,contradict,0,0.111729905,0.25340337,0.9441353,71.7775,0.043910142
3038,190,delete,0,0.111678824,0.25328752,0.9441606,71.789505,0.029706333
3039,190,contradict,1,0.09093122,0.20623197,0.9545346,71.7571,0.01848471
3040,190,delete,1,0.11324726,0.25684473,0.9433763,71.82077,0.01958606
3041,190,contradict,2,0.09461589,0.2145888,0.95269245,71.80557,0.0043598693
3042,190,delete,2,0.09599696,0.21772106,0.95200175,71.814896,0.0020600222
3043,190,contradict,3,0.17108183,0.3880135,0.91445905,71.77429,0.16107431
3044,190,delete,3,0.1135356,0.25749868,0.9432324,71.782265,0.034604494
3045,190,paraphrase,-1,0.09683707,0.21962644,0.9515816,71.801674,0.00046297113
3046,190,translate,-1,0.11319256,0.25672066,0.9434038,71.80218,0.014143654
3047,190,polarity,-1,0.09836898,0.2231008,0.9508156,71.81106,0.0014577014
3048,190,vocab,-1,0.09835513,0.22306938,0.9508225,71.800865,0.0014944819
3049,190,cat,-1,0.38599938,0.87544644,0.8070006,71.97843,0.70625526
3050,190,shuffle,-1,0.14435601,0.32739937,0.927822,71.84861,0.069092885
3051,190,unrelated,209,0.75534475,1.7131215,0.62232757,72.10391,1.6098486
3052,191,orig,-1,0.09291885,0.21073991,0.95354074,71.81527,0.0
3053,191,contradict,0,0.111237094,0.2522857,0.94438183,71.85636,0.028065067
3054,191,delete,0,0.0994526,0.22555846,0.9502739,71.83488,0.012203908
3055,191,contradict,1,0.09450683,0.21434145,0.9527469,71.8166,0.0010562113
3056,191,delete,1,0.093822144,0.21278858,0.9530892,71.820854,0.0011223407
3057,191,contradict,2,0.22007135,0.49912173,0.88996464,71.61781,0.29182598
3058,191,delete,2,0.108096406,0.2451626,0.9459521,71.814316,0.034952957
3059,191,contradict,3,0.10684427,0.24232276,0.9465782,71.78504,0.032740187
3060,191,delete,3,0.101664044,0.23057401,0.94916815,71.814026,0.009722013
3061,191,paraphrase,-1,0.09242417,0.20961797,0.9537881,71.8175,0.0007393578
3062,191,translate,-1,0.1027035,0.23293148,0.94864875,71.83531,0.020393528
3063,191,polarity,-1,0.09501348,0.21549052,0.95249355,71.81536,0.0030494842
3064,191,vocab,-1,0.09224337,0.20920794,0.95387876,71.80219,0.007441162
3065,191,cat,-1,0.41881958,0.9498826,0.7905902,71.91261,0.7785411
3066,191,shuffle,-1,0.09579799,0.21726981,0.9521013,71.82233,0.0031318364
3067,191,unrelated,80,0.8083752,1.8333945,0.59581256,72.02093,1.6489416
3068,192,orig,-1,0.09566557,0.21696946,0.9521675,71.92459,0.0
3069,192,contradict,0,0.103579976,0.23491934,0.9482104,71.916016,0.010444394
3070,192,delete,0,0.09821871,0.22275999,0.95089084,71.91615,0.004285847
3071,192,contradict,1,0.09533445,0.21621849,0.9523329,71.92221,0.00037763402
3072,192,delete,1,0.09456215,0.21446691,0.95271915,71.9248,0.001422572
3073,192,contradict,2,0.09010901,0.2043672,0.9549457,71.9286,0.008748154
3074,192,delete,2,0.0940052,0.21320374,0.95299774,71.93559,0.003154239
3075,192,contradict,3,0.0973213,0.22072467,0.9513396,71.92756,0.0011479867
3076,192,delete,3,0.09546444,0.2165133,0.9522682,71.92829,0.00028498645
3077,192,paraphrase,-1,0.09733092,0.22074649,0.951335,71.92013,0.00025811172
3078,192,translate,-1,0.09905602,0.22465901,0.95047206,71.94512,0.0072467276
3079,192,polarity,-1,0.09505162,0.21557702,0.95247436,71.93241,0.002019791
3080,192,vocab,-1,0.09816186,0.22263105,0.9509194,71.92294,0.0019371681
3081,192,cat,-1,0.6092647,1.381812,0.6953678,71.83342,1.1985158
3082,192,shuffle,-1,0.09655608,0.21898915,0.9517224,71.943474,0.026329055
3083,192,unrelated,202,0.8650606,1.9619571,0.5674699,71.84064,1.761999
3084,193,orig,-1,0.15160586,0.34384203,0.9241971,71.87204,0.0
3085,193,contradict,0,0.15751395,0.35724157,0.92124337,71.85114,0.01668066
3086,193,delete,0,0.15488318,0.35127497,0.9225585,71.84836,0.0051774695
3087,193,contradict,1,0.1549155,0.35134828,0.92254245,71.86686,0.0026539103
3088,193,delete,1,0.15060599,0.3415743,0.9246972,71.86526,0.0024937766
3089,193,contradict,2,0.20512974,0.46523416,0.89743537,71.66865,0.16165525
3090,193,delete,2,0.1616888,0.36671013,0.9191558,71.86185,0.02548404
3091,193,contradict,3,0.15162611,0.34388795,0.924187,71.85018,0.0033673625
3092,193,delete,3,0.1507762,0.34196037,0.92461205,71.86162,0.0023706493
3093,193,paraphrase,-1,0.15061308,0.3415904,0.9246935,71.869675,0.00030976348
3094,193,translate,-1,0.16216835,0.36779776,0.918916,71.85906,0.013925236
3095,193,polarity,-1,0.15117395,0.34286246,0.9244131,71.86942,0.0010494546
3096,193,vocab,-1,0.1523923,0.34562567,0.923804,71.87995,0.0028741716
3097,193,cat,-1,0.4936934,1.1196964,0.7531533,71.87737,0.8239718
3098,193,shuffle,-1,0.19452895,0.44119158,0.90273577,71.773254,0.083616644
3099,193,unrelated,173,0.76372075,1.7321184,0.6181398,71.93265,1.5572762
3100,194,orig,-1,0.058519714,0.13272269,0.97074026,71.95903,0.0
3101,194,contradict,0,0.06503833,0.14750691,0.9674808,72.000854,0.02262461
3102,194,delete,0,0.059486646,0.1349157,0.97025687,71.99364,0.0103493435
3103,194,contradict,1,0.05876366,0.13327596,0.9706184,71.96103,0.0020149979
3104,194,delete,1,0.062162768,0.14098513,0.9689188,71.97073,0.013255559
3105,194,contradict,2,0.066952884,0.1518491,0.9665237,71.9485,0.013525668
3106,194,delete,2,0.06340374,0.14379966,0.96829844,71.94715,0.0034459615
3107,194,contradict,3,0.06099928,0.13834634,0.96950054,71.97111,0.0025017313
3108,194,delete,3,0.058974065,0.13375315,0.970513,71.95207,0.0033677188
3109,194,paraphrase,-1,0.058064442,0.13169013,0.9709679,71.96025,0.00041701598
3110,194,translate,-1,0.05914251,0.13413519,0.97042894,71.95543,0.014470343
3111,194,polarity,-1,0.059008636,0.13383156,0.9704957,71.97116,0.0028593936
3112,194,vocab,-1,0.064056754,0.14528069,0.9679718,71.95553,0.0043610414
3113,194,cat,3,0.34643787,0.78572094,0.82678133,71.886086,0.6655853
3114,194,shuffle,-1,0.05980747,0.13564332,0.97009635,71.973076,0.0032630954
3115,194,unrelated,230,0.7594765,1.7224923,0.6202618,71.58809,1.6252513
3116,195,orig,-1,0.05723091,0.12979968,0.97138506,72.12124,0.0
3117,195,contradict,0,0.061363615,0.13917266,0.9693184,72.17772,0.032898452
3118,195,delete,0,0.05280561,0.1197631,0.9735976,72.131424,0.015239778
3119,195,contradict,1,0.05809213,0.13175292,0.9709541,72.13833,0.0006757462
3120,195,delete,1,0.057736028,0.13094528,0.9711322,72.12437,0.00069422903
3121,195,contradict,2,0.35105598,0.7961948,0.8244723,71.98481,0.6898638
3122,195,delete,2,0.075970046,0.17230003,0.96201557,72.06279,0.043282803
3123,195,contradict,3,0.057673234,0.13080287,0.9711636,72.13205,0.0027273626
3124,195,delete,3,0.058964156,0.13373068,0.97051823,72.133514,0.0014642905
3125,195,paraphrase,-1,0.05617832,0.12741241,0.9719112,72.120224,0.00054316845
3126,195,translate,-1,0.0688531,0.1561588,0.9655738,72.13215,0.010072869
3127,195,polarity,-1,0.054543734,0.12370516,0.97272843,72.13737,0.0015553521
3128,195,vocab,-1,0.058857948,0.1334898,0.9705714,72.139534,0.0011723596
3129,195,cat,2,0.56121266,1.27283,0.7193938,71.91057,1.12667
3130,195,shuffle,-1,0.05230701,0.11863227,0.9738467,72.13529,0.0120477155
3131,195,unrelated,3,0.8509873,1.9300388,0.57450664,72.01381,1.7930275
3132,196,orig,-1,0.05490935,0.124534376,0.97254544,72.169205,0.0
3133,196,contradict,0,0.06433005,0.14590052,0.9678354,72.2215,0.026057424
3134,196,delete,0,0.057201277,0.12973247,0.97139966,72.17626,0.004183682
3135,196,contradict,1,0.05868156,0.13308975,0.97065955,72.156525,0.00532403
3136,196,delete,1,0.05422575,0.12298398,0.9728875,72.17873,0.00830803
3137,196,contradict,2,0.052718967,0.1195666,0.9736409,72.16611,0.0022565534
3138,196,delete,2,0.0519656,0.11785796,0.9740176,72.182236,0.0022663998
3139,196,contradict,3,0.056517415,0.12818147,0.97174186,72.15898,0.0029781556
3140,196,delete,3,0.056788154,0.1287955,0.9716063,72.153435,0.0039038379
3141,196,paraphrase,-1,0.054060806,0.12260988,0.97296983,72.16412,0.0004299758
3142,196,translate,-1,0.057060886,0.12941407,0.9714698,72.14955,0.014225671
3143,196,polarity,-1,0.053707145,0.121807784,0.9731466,72.175186,0.001626022
3144,196,vocab,-1,0.055997968,0.12700337,0.97200143,72.16632,0.0019760132
3145,196,cat,3,0.4161624,0.9438561,0.7919191,72.010506,0.83234835
3146,196,shuffle,-1,0.057227902,0.12979285,0.9713865,72.16249,0.0030248004
3147,196,unrelated,33,0.8004429,1.815404,0.59977883,72.34647,1.7508833
3148,197,orig,-1,0.08916103,0.20221718,0.9554197,72.01452,0.0
3149,197,contradict,0,0.1105483,0.2507235,0.944726,72.023735,0.0529355
3150,197,delete,0,0.10658474,0.24173415,0.9467078,72.091965,0.052465215
3151,197,contradict,1,0.08953269,0.20306009,0.95523375,72.0148,0.0009204737
3152,197,delete,1,0.08983732,0.203751,0.9550814,72.02346,0.0016953101
3153,197,contradict,2,0.08843551,0.2005717,0.95578223,71.98484,0.0033090897
3154,197,delete,2,0.08626141,0.19564083,0.9568695,72.0065,0.0021026467
3155,197,contradict,3,0.09203886,0.2087441,0.9539805,72.00655,0.003000994
3156,197,delete,3,0.09190853,0.2084485,0.9540459,72.01526,0.009100722
3157,197,paraphrase,-1,0.08689173,0.1970704,0.9565543,72.022385,0.00070507167
3158,197,translate,-1,0.0955657,0.21674296,0.9522172,72.03642,0.010364092
3159,197,polarity,-1,0.08495614,0.1926805,0.9575219,72.03225,0.0023321882
3160,197,vocab,-1,0.089062944,0.20199472,0.95546865,71.993835,0.0025829559
3161,197,cat,3,0.46316546,1.050459,0.76841724,71.976326,0.8577108
3162,197,shuffle,-1,0.092866346,0.21062084,0.9535669,72.065025,0.021403177
3163,197,unrelated,185,0.63519233,1.4406159,0.68240416,72.02541,1.3583001
3164,198,orig,-1,0.069079466,0.1566722,0.9654608,71.98286,0.0
3165,198,contradict,0,0.06766796,0.1534709,0.96616614,71.962776,0.018529758
3166,198,delete,0,0.06257848,0.14192796,0.9687112,72.001274,0.012674781
3167,198,contradict,1,0.07955746,0.1804363,0.96022135,71.965805,0.0056043225
3168,198,delete,1,0.07693656,0.17449208,0.9615318,71.98155,0.0036387404
3169,198,contradict,2,0.057151426,0.1296194,0.9714244,71.97554,0.014777709
3170,198,delete,2,0.06469637,0.14673135,0.96765196,71.970665,0.010023856
3171,198,contradict,3,0.07185266,0.16296181,0.9640739,71.97985,0.0028628726
3172,198,delete,3,0.067164116,0.15232818,0.9664182,71.98476,0.0012369417
3173,198,paraphrase,-1,0.06841102,0.15515617,0.96579456,71.98907,0.00041242744
3174,198,translate,-1,0.06974326,0.15817769,0.9651288,71.9986,0.00845166
3175,198,polarity,-1,0.06637908,0.15054771,0.9668108,71.997116,0.0023738658
3176,198,vocab,-1,0.06266548,0.14212528,0.96866775,71.99732,0.0033563601
3177,198,cat,3,0.5500039,1.2474086,0.7249983,71.81922,1.1273587
3178,198,shuffle,-1,0.09485207,0.21512444,0.95257425,71.90617,0.055081878
3179,198,unrelated,21,0.70809394,1.6059568,0.6459533,71.79754,1.5796623
3180,199,orig,-1,0.15249743,0.3458641,0.92375153,71.84932,0.0
3181,199,contradict,0,0.16679244,0.37828517,0.91660374,71.77818,0.107804
3182,199,delete,0,0.14256494,0.32333723,0.9287176,71.8223,0.025336893
3183,199,contradict,1,0.14971977,0.33956438,0.9251401,71.83697,0.0009780632
3184,199,delete,1,0.15620881,0.3542815,0.9218958,71.8457,0.0020705312
3185,199,contradict,2,0.18320164,0.41550124,0.90839934,71.855194,0.022853343
3186,199,delete,2,0.19465867,0.44148576,0.9026709,71.848625,0.029832682
3187,199,contradict,3,0.19104451,0.43328887,0.9044776,71.86623,0.033207525
3188,199,delete,3,0.1835052,0.41618973,0.9082474,71.86461,0.02166027
3189,199,paraphrase,-1,0.14205879,0.32218927,0.9289707,71.837036,0.002556093
3190,199,translate,-1,0.13046762,0.29590052,0.93476623,71.798256,0.05524808
3191,199,polarity,-1,0.14660369,0.3324971,0.9266984,71.8389,0.0029627613
3192,199,vocab,-1,0.13757671,0.31202394,0.93121195,71.839516,0.00839305
3193,199,cat,-1,0.3541845,0.8032903,0.8229079,71.95026,0.582731
3194,199,shuffle,-1,0.17622164,0.3996706,0.9118893,71.808495,0.024322852
3195,199,unrelated,162,0.79250294,1.7973963,0.6037487,71.8103,1.7926167
3196,200,orig,-1,0.13609967,0.30867398,0.93195033,71.848656,0.0
3197,200,contradict,0,0.14001861,0.31756216,0.92999107,71.88921,0.02608265
3198,200,delete,0,0.13847959,0.31407166,0.9307604,71.865974,0.010889433
3199,200,contradict,1,0.13527898,0.30681267,0.93236077,71.86493,0.0033666077
3200,200,delete,1,0.13761237,0.3121048,0.9311941,71.87589,0.0062731486
3201,200,contradict,2,0.26562813,0.60244447,0.8671861,71.66893,0.26258862
3202,200,delete,2,0.17192253,0.38992023,0.9140389,71.81282,0.0756194
3203,200,contradict,3,0.13506927,0.30633703,0.93246543,71.85562,0.002953595
3204,200,delete,3,0.12957875,0.29388455,0.9352108,71.86882,0.0072817416
3205,200,paraphrase,-1,0.13480633,0.3057407,0.93259704,71.846306,0.0003054045
3206,200,translate,-1,0.13519809,0.3066292,0.9324012,71.84283,0.008867203
3207,200,polarity,-1,0.13652441,0.3096373,0.93173796,71.85108,0.00069959724
3208,200,vocab,-1,0.13419327,0.3043503,0.9329035,71.83718,0.0025658594
3209,200,cat,-1,0.40314937,0.9143426,0.7984257,71.607376,0.6178886
3210,200,shuffle,-1,0.14520589,0.3293269,0.92739743,71.847534,0.032745212
3211,200,unrelated,140,0.7609875,1.7259194,0.6195064,72.06171,1.5790257
3212,201,orig,-1,0.10632412,0.24114306,0.94683796,71.99135,0.0
3213,201,contradict,0,0.10423134,0.23639664,0.9478845,71.95882,0.029363615
3214,201,delete,0,0.113412455,0.2572194,0.943294,71.967674,0.009407506
3215,201,contradict,1,0.09797823,0.22221458,0.9510108,71.98023,0.006870238
3216,201,delete,1,0.10697069,0.24260947,0.94651484,71.99536,0.0013190601
3217,201,contradict,2,0.10066857,0.22831628,0.9496657,71.97193,0.0071171536
3218,201,delete,2,0.103729166,0.2352577,0.94813544,71.98882,0.004174838
3219,201,contradict,3,0.10463045,0.23730181,0.9476849,71.99385,0.0006971734
3220,201,delete,3,0.106529295,0.2416084,0.94673544,72.00918,0.0067227944
3221,201,paraphrase,-1,0.107995614,0.24493401,0.94600236,71.989655,0.00090909813
3222,201,translate,-1,0.104131915,0.23617114,0.94793415,71.956375,0.020714648
3223,201,polarity,-1,0.10513483,0.23844574,0.94743264,71.9941,0.0014225758
3224,201,vocab,-1,0.10454048,0.23709777,0.9477299,71.96731,0.007328125
3225,201,cat,5,0.33409283,0.7577224,0.83295345,71.58014,0.7401012
3226,201,shuffle,-1,0.10065986,0.22829652,0.94967014,71.98048,0.019787809
3227,201,unrelated,48,0.77247965,1.7519835,0.61376023,71.96069,1.6788452
3228,202,orig,-1,0.06955968,0.15776132,0.9652204,71.84064,0.0
3229,202,contradict,0,0.071059324,0.16116251,0.96447074,71.84208,0.008916879
3230,202,delete,0,0.07118606,0.16144995,0.9644075,71.84968,0.004218203
3231,202,contradict,1,0.07695961,0.17454436,0.96152055,71.845215,0.003847768
3232,202,delete,1,0.0720361,0.16337785,0.9639825,71.85603,0.0024244455
3233,202,contradict,2,0.08965809,0.20334451,0.9551715,71.7935,0.047480717
3234,202,delete,2,0.07735219,0.17543472,0.9613243,71.77902,0.028125914
3235,202,contradict,3,0.07004396,0.15885967,0.96497846,71.84408,0.001963825
3236,202,delete,3,0.07041408,0.15969911,0.96479326,71.84776,0.005641931
3237,202,paraphrase,-1,0.07071994,0.16039279,0.9646402,71.83609,0.00051922305
3238,202,translate,-1,0.071672246,0.16255262,0.96416426,71.81225,0.020386333
3239,202,polarity,-1,0.07540531,0.1710192,0.9622978,71.865326,0.003464192
3240,202,vocab,-1,0.072624564,0.16471247,0.9636883,71.83112,0.0020969987
3241,202,cat,2,0.49618134,1.125339,0.75190985,71.823204,0.99022615
3242,202,shuffle,-1,0.0806513,0.1829171,0.9596748,71.8725,0.017369416
3243,202,unrelated,232,0.65784055,1.4919821,0.6710803,72.03039,1.4128413
3244,203,orig,-1,0.08921256,0.20233405,0.95539415,71.92332,0.0
3245,203,contradict,0,0.10662438,0.24182405,0.9466883,71.91715,0.03766192
3246,203,delete,0,0.10147469,0.23014455,0.9492629,71.951126,0.033602104
3247,203,contradict,1,0.10440011,0.2367794,0.94780034,71.88464,0.031158231
3248,203,delete,1,0.09543042,0.21643615,0.9522853,71.88737,0.033358768
3249,203,contradict,2,0.09437926,0.21405213,0.95281094,71.9376,0.002624331
3250,203,delete,2,0.0936516,0.21240179,0.95317465,71.928825,0.0069690384
3251,203,contradict,3,0.08950707,0.203002,0.9552467,71.93735,0.0011459708
3252,203,delete,3,0.09197901,0.20860836,0.95401067,71.94323,0.002540123
3253,203,paraphrase,-1,0.089182265,0.20226534,0.9554091,71.93034,0.000638749
3254,203,translate,-1,0.08788417,0.19932127,0.9560585,71.935074,0.013950171
3255,203,polarity,-1,0.09364921,0.21239637,0.9531758,71.94553,0.0022639732
3256,203,vocab,-1,0.087842986,0.19922785,0.9560791,71.9119,0.003209434
3257,203,cat,3,0.25777057,0.5846235,0.8711151,71.83244,0.36899576
3258,203,shuffle,-1,0.10773609,0.2443454,0.9461323,71.944756,0.02993441
3259,203,unrelated,12,0.7562451,1.7151635,0.6218778,72.107155,1.6077834
3260,204,orig,-1,0.102953956,0.23349953,0.9485233,71.884445,0.0
3261,204,contradict,0,0.11060061,0.25084215,0.9447,71.84031,0.028078722
3262,204,delete,0,0.10671315,0.24202539,0.9466437,71.87494,0.009119108
3263,204,contradict,1,0.11877177,0.2693743,0.94061446,71.90061,0.018653357
3264,204,delete,1,0.1048948,0.23790136,0.94755316,71.92934,0.00942754
3265,204,contradict,2,0.10015074,0.22714184,0.9499251,71.85978,0.004865861
3266,204,delete,2,0.09955066,0.22578084,0.9502251,71.8756,0.0023282436
3267,204,contradict,3,0.102536775,0.23255336,0.9487321,71.872284,0.0010690717
3268,204,delete,3,0.10356017,0.23487443,0.94822043,71.86962,0.0022077495
3269,204,paraphrase,-1,0.10349313,0.23472238,0.9482539,71.875046,0.00022869006
3270,204,translate,-1,0.11278226,0.2557901,0.94360906,71.85719,0.0130280815
3271,204,polarity,-1,0.10206302,0.23147888,0.94896907,71.883,0.0015378769
3272,204,vocab,-1,0.122016765,0.27673396,0.9389921,71.8661,0.013681676
3273,204,cat,4,0.4936563,1.1196123,0.75317234,71.82865,0.9499749
3274,204,shuffle,-1,0.15690061,0.35585052,0.92155033,71.627556,0.12911296
3275,204,unrelated,119,0.7960454,1.8054307,0.6019777,72.35489,1.6498313
3276,205,orig,-1,0.044269253,0.100402646,0.9778657,72.06229,0.0
3277,205,contradict,0,0.06169958,0.13993461,0.9691504,72.062,0.019949347
3278,205,delete,0,0.04903388,0.11120882,0.97548336,72.06395,0.0047791963
3279,205,contradict,1,0.046191044,0.104761265,0.9769049,72.06793,0.0029080485
3280,205,delete,1,0.04366439,0.099030815,0.9781681,72.07301,0.0019850477
3281,205,contradict,2,0.075355515,0.17090628,0.9623223,71.97522,0.07452753
3282,205,delete,2,0.04938773,0.11201135,0.9753063,72.00014,0.030434042
3283,205,contradict,3,0.04872035,0.11049773,0.9756401,72.076515,0.008201554
3284,205,delete,3,0.051455516,0.11670109,0.9742725,72.0772,0.010522012
3285,205,paraphrase,-1,0.045187943,0.10248623,0.97740614,72.05105,0.0004954985
3286,205,translate,-1,0.04768916,0.10815899,0.9761555,72.0645,0.013343923
3287,205,polarity,-1,0.04430854,0.10049175,0.97784597,72.07077,0.0025512031
3288,205,vocab,-1,0.047214456,0.10708237,0.97639316,72.05059,0.0032296414
3289,205,cat,-1,0.33433765,0.75827765,0.83283144,72.10631,0.6581542
3290,205,shuffle,-1,0.046877142,0.106317334,0.9765617,72.03137,0.012518715
3291,205,unrelated,79,0.74541837,1.6906085,0.6272909,72.34178,1.617463
3292,206,orig,-1,0.061976273,0.14056216,0.9690122,71.896614,0.0
3293,206,contradict,0,0.068759486,0.15594648,0.96562046,71.931526,0.021701684
3294,206,delete,0,0.06328632,0.14353335,0.9683568,71.915535,0.0057835453
3295,206,contradict,1,0.06214425,0.14094312,0.96892786,71.902626,0.0019997526
3296,206,delete,1,0.062414654,0.14155641,0.96879303,71.89429,0.0006767313
3297,206,contradict,2,0.062072,0.14077927,0.96896404,71.87443,0.0099406885
3298,206,delete,2,0.060873616,0.13806133,0.96956325,71.89217,0.0037613197
3299,206,contradict,3,0.059444506,0.13482012,0.97027797,71.94251,0.0070765917
3300,206,delete,3,0.061136186,0.13865684,0.969432,71.95231,0.009019121
3301,206,paraphrase,-1,0.061487246,0.13945305,0.9692567,71.90188,0.00024057242
3302,206,translate,-1,0.06151251,0.13951035,0.9692441,71.90182,0.004448674
3303,206,polarity,-1,0.061519187,0.13952549,0.96924067,71.90657,0.0008257982
3304,206,vocab,-1,0.06185934,0.14029695,0.9690706,71.87209,0.0019906396
3305,206,cat,3,0.47707334,1.0820022,0.7614635,71.71247,0.96379286
3306,206,shuffle,-1,0.06652542,0.15087962,0.96673757,71.92465,0.020202415
3307,206,unrelated,83,0.676247,1.5337279,0.661877,72.01134,1.4822184
3308,207,orig,-1,0.060539644,0.13730389,0.9697302,72.08829,0.0
3309,207,contradict,0,0.110885285,0.2514878,0.94455755,72.092514,0.08442159
3310,207,delete,0,0.070731185,0.1604183,0.9646345,72.08206,0.01479125
3311,207,contradict,1,0.061674982,0.13987884,0.96916264,72.08671,0.0005564238
3312,207,delete,1,0.06553002,0.14862205,0.96723527,72.08357,0.0070477054
3313,207,contradict,2,0.11660051,0.26444992,0.9417,71.91466,0.14444287
3314,207,delete,2,0.058722526,0.13318266,0.97063893,72.08154,0.01317511
3315,207,contradict,3,0.06354516,0.1441204,0.9682278,72.0722,0.0021675662
3316,207,delete,3,0.060966693,0.13827243,0.969517,72.08181,0.0011907008
3317,207,paraphrase,-1,0.062662125,0.14211766,0.96866906,72.08927,0.00034430198
3318,207,translate,-1,0.06810981,0.15447302,0.9659449,72.08443,0.009156787
3319,207,polarity,-1,0.06738631,0.15283212,0.9663071,72.07938,0.003564636
3320,207,vocab,-1,0.061498344,0.13947822,0.96925104,72.08815,0.0018392933
3321,207,cat,2,0.550576,1.2487061,0.7247123,71.905235,1.1371496
3322,207,shuffle,-1,0.06253455,0.14182833,0.96873295,72.083916,0.0013432064
3323,207,unrelated,126,0.8182502,1.8557911,0.5908751,72.19012,1.8078564
3324,208,orig,-1,0.05744456,0.13028423,0.97127783,71.94081,0.0
3325,208,contradict,0,0.06186353,0.14030646,0.9690684,71.910446,0.015707757
3326,208,delete,0,0.062924765,0.14271334,0.96853775,71.91005,0.015026983
3327,208,contradict,1,0.07403865,0.16791962,0.962981,71.92412,0.016547378
3328,208,delete,1,0.06742501,0.1529199,0.96628785,71.93415,0.016256578
3329,208,contradict,2,0.060215868,0.13656956,0.9698921,71.92929,0.0028038302
3330,208,delete,2,0.059384853,0.13468482,0.9703078,71.947174,0.0033991933
3331,208,contradict,3,0.061417688,0.1392953,0.96929157,71.94117,0.0023734423
3332,208,delete,3,0.058615584,0.13294011,0.9706924,71.940506,0.0009001701
3333,208,paraphrase,-1,0.057141922,0.12959786,0.9714296,71.9453,0.00028663268
3334,208,translate,-1,0.062246628,0.14117533,0.9688769,71.9148,0.0069767334
3335,208,polarity,-1,0.05537327,0.12558655,0.9723138,71.94076,0.001779603
3336,208,vocab,-1,0.059753813,0.13552162,0.9701234,71.93927,0.0013012955
3337,208,cat,4,0.46052456,1.0444695,0.7697378,71.68579,0.87598896
3338,208,shuffle,-1,0.06869314,0.155796,0.96565354,71.89027,0.033623785
3339,208,unrelated,9,0.78132653,1.7720482,0.609337,71.73064,1.5992185
3340,209,orig,-1,0.061258823,0.13893498,0.9693709,72.10391,0.0
3341,209,contradict,0,0.0755876,0.17143264,0.9622065,72.086395,0.029405996
3342,209,delete,0,0.06693594,0.15181069,0.9665324,72.10178,0.013174255
3343,209,contradict,1,0.065548316,0.14866355,0.9672262,72.10562,0.003840985
3344,209,delete,1,0.062090598,0.14082144,0.968955,72.10917,0.001969268
3345,209,contradict,2,0.08153108,0.18491244,0.9592349,72.07778,0.04775282
3346,209,delete,2,0.07314955,0.16590314,0.9634255,72.125984,0.019157963
3347,209,contradict,3,0.06469418,0.14672637,0.96765333,72.12105,0.0053002997
3348,209,delete,3,0.06029711,0.13675381,0.9698518,72.11298,0.0021791183
3349,209,paraphrase,-1,0.061037976,0.1384341,0.9694814,72.110634,0.00025518786
3350,209,translate,-1,0.07422499,0.16834225,0.962888,72.07477,0.014457221
3351,209,polarity,-1,0.061580636,0.13966486,0.96921,72.10431,0.0006306309
3352,209,vocab,-1,0.06390568,0.14493805,0.9680478,72.11507,0.003210482
3353,209,cat,2,0.35239938,0.79924166,0.82380074,71.961044,0.71335894
3354,209,shuffle,-1,0.063956484,0.14505328,0.9680221,72.11029,0.0036287212
3355,209,unrelated,248,0.72411793,1.6422992,0.63794154,71.99217,1.4833306
3356,210,orig,-1,0.03646358,0.08269939,0.9817684,71.863846,0.0
3357,210,contradict,0,0.042003542,0.09526402,0.97899854,71.86709,0.008122671
3358,210,delete,0,0.037952684,0.08607667,0.9810239,71.8742,0.001984645
3359,210,contradict,1,0.037757598,0.08563422,0.9811214,71.86043,0.0022439794
3360,210,delete,1,0.03740891,0.08484339,0.9812959,71.855255,0.0015299392
3361,210,contradict,2,0.03774,0.085594304,0.9811301,71.85988,0.0015198473
3362,210,delete,2,0.03603174,0.08171997,0.9819846,71.86788,0.0005229928
3363,210,contradict,3,0.03625931,0.082236096,0.9818706,71.85864,0.00067239505
3364,210,delete,3,0.036847197,0.08356942,0.9815765,71.87122,0.00053462526
3365,210,paraphrase,-1,0.036950346,0.08380337,0.98152506,71.87147,0.00048733663
3366,210,translate,-1,0.041051332,0.0931044,0.97947454,71.86106,0.014261182
3367,210,polarity,-1,0.037085414,0.0841097,0.98145735,71.863556,0.0022996375
3368,210,vocab,-1,0.038159616,0.086546,0.98092043,71.8543,0.0031116386
3369,210,cat,-1,0.34891883,0.79134774,0.8255408,71.89651,0.7399887
3370,210,shuffle,-1,0.046048976,0.10443906,0.9769757,71.85215,0.019740045
3371,210,unrelated,193,0.7276007,1.6501981,0.6361999,71.87204,1.6108539
3372,211,orig,-1,0.23190415,0.5259585,0.8840481,72.155655,0.0
3373,211,contradict,0,0.2444103,0.5543225,0.87779486,72.08952,0.0844895
3374,211,delete,0,0.23096928,0.5238382,0.88451546,72.148994,0.013769688
3375,211,contradict,1,0.23373035,0.53010035,0.88313496,72.14482,0.0037968357
3376,211,delete,1,0.23829332,0.54044914,0.8808533,72.14764,0.019580394
3377,211,contradict,2,0.22654,0.51379263,0.88672996,72.138756,0.008395501
3378,211,delete,2,0.23618111,0.53565866,0.8819096,72.16095,0.0062322305
3379,211,contradict,3,0.2214543,0.50225824,0.8892729,72.13975,0.033101752
3380,211,delete,3,0.22065887,0.5004542,0.8896706,72.15676,0.014379077
3381,211,paraphrase,-1,0.23159747,0.52526295,0.8842016,72.152504,0.000450115
3382,211,translate,-1,0.24128392,0.54723185,0.8793582,72.12503,0.018511692
3383,211,polarity,-1,0.24223173,0.54938143,0.878884,72.155525,0.0045219734
3384,211,vocab,-1,0.23659304,0.5365929,0.88170385,72.154686,0.0025082454
3385,211,cat,4,0.54791886,1.2426797,0.7260406,71.87217,0.92466533
3386,211,shuffle,-1,0.22788243,0.51683724,0.8860591,72.14225,0.005595702
3387,211,unrelated,154,1.016825,2.3061585,0.49158767,71.60874,2.0466123
3388,212,orig,-1,0.10589971,0.24018049,0.9470506,72.37022,0.0
3389,212,contradict,0,0.11706519,0.2655038,0.9414677,72.35059,0.01596944
3390,212,delete,0,0.1048092,0.23770723,0.9475958,72.36784,0.0052759848
3391,212,contradict,1,0.10885239,0.24687716,0.9455741,72.35997,0.002221318
3392,212,delete,1,0.1124296,0.25499028,0.9437854,72.3651,0.003179122
3393,212,contradict,2,0.11914353,0.27021748,0.94042826,72.389206,0.024692545
3394,212,delete,2,0.10865235,0.24642348,0.94567424,72.33259,0.013195536
3395,212,contradict,3,0.12469743,0.28281373,0.9376516,72.339584,0.016342541
3396,212,delete,3,0.11041347,0.2504177,0.94479364,72.36802,0.006865844
3397,212,paraphrase,-1,0.10636063,0.24122585,0.9468198,72.364586,0.00046043837
3398,212,translate,-1,0.11063437,0.25091872,0.9446831,72.32725,0.014416962
3399,212,polarity,-1,0.10769759,0.24425809,0.9461516,72.381905,0.0029782073
3400,212,vocab,-1,0.11503422,0.26089758,0.9424831,72.34019,0.011105492
3401,212,cat,-1,0.63558805,1.4415134,0.6822063,72.056046,1.3308547
3402,212,shuffle,-1,0.11810917,0.26787153,0.9409456,72.293724,0.04161335
3403,212,unrelated,143,1.0101974,2.2911272,0.49490178,72.01991,2.118717
3404,213,orig,-1,0.12679894,0.28757995,0.93660104,72.26324,0.0
3405,213,contradict,0,0.14076309,0.3192506,0.92961884,72.26167,0.018018031
3406,213,delete,0,0.13064156,0.29629502,0.9346796,72.26896,0.0015373669
3407,213,contradict,1,0.12532005,0.28422582,0.9373405,72.27158,0.0017050196
3408,213,delete,1,0.13221206,0.2998569,0.9338945,72.27113,0.024719497
3409,213,contradict,2,0.12092384,0.27425522,0.93953836,72.28478,0.014542232
3410,213,delete,2,0.124105096,0.2814703,0.93794817,72.27534,0.007905282
3411,213,contradict,3,0.33647957,0.76313555,0.8317607,71.938644,0.5244949
3412,213,delete,3,0.17916933,0.40635595,0.91041595,72.18022,0.047640525
3413,213,paraphrase,-1,0.12512542,0.2837844,0.93743783,72.27076,0.0006265843
3414,213,translate,-1,0.11988928,0.27190885,0.9400556,72.20806,0.022942979
3415,213,polarity,-1,0.12600341,0.2857757,0.93699884,72.2723,0.0012093908
3416,213,vocab,-1,0.13378054,0.3034142,0.9331101,72.25412,0.010213715
3417,213,cat,-1,0.4902215,1.1118221,0.7548897,71.875374,0.98233426
3418,213,shuffle,-1,0.13510948,0.30642825,0.93244547,72.17532,0.04044829
3419,213,unrelated,124,1.091963,2.4765718,0.45401904,72.06993,2.472034
3420,214,orig,-1,0.06733977,0.15272658,0.96633047,71.9337,0.0
3421,214,contradict,0,0.08053357,0.1826501,0.9597335,71.91899,0.022405988
3422,214,delete,0,0.07120606,0.16149531,0.964397,71.9085,0.004135608
3423,214,contradict,1,0.08150886,0.18486206,0.9592456,71.89416,0.018651083
3424,214,delete,1,0.07126453,0.16162792,0.96436787,71.91011,0.006700805
3425,214,contradict,2,0.08067421,0.18296906,0.95966315,71.847084,0.027776182
3426,214,delete,2,0.07573046,0.17175664,0.9621352,71.918564,0.009691342
3427,214,contradict,3,0.070108995,0.15900716,0.96494573,71.90287,0.008492178
3428,214,delete,3,0.07022528,0.15927091,0.9648878,71.92748,0.0038162582
3429,214,paraphrase,-1,0.06789595,0.15398799,0.9660523,71.93383,0.0004178393
3430,214,translate,-1,0.074026056,0.16789106,0.96298724,71.89751,0.010122165
3431,214,polarity,-1,0.067003734,0.15196444,0.9664984,71.92302,0.0023644578
3432,214,vocab,-1,0.072009586,0.16331771,0.96399546,71.92417,0.0042139604
3433,214,cat,2,0.41571307,0.94283706,0.7921438,71.80257,0.79738885
3434,214,shuffle,-1,0.07404418,0.16793217,0.96297824,71.93403,0.010078236
3435,214,unrelated,135,0.876657,1.9882578,0.5616717,72.13319,1.8831762
3436,215,orig,-1,0.14597456,0.33107024,0.9270129,71.944916,0.0
3437,215,contradict,0,0.1806843,0.40979192,0.9096581,71.91437,0.042135544
3438,215,delete,0,0.16739058,0.37964177,0.916305,71.92348,0.020173702
3439,215,contradict,1,0.14800861,0.33568347,0.9259958,71.93929,0.002029221
3440,215,delete,1,0.14303955,0.32441366,0.9284805,71.97167,0.013122896
3441,215,contradict,2,0.14517286,0.329252,0.92741394,71.90817,0.0063596885
3442,215,delete,2,0.1418235,0.32165563,0.92908835,71.929146,0.0046547838
3443,215,contradict,3,0.14195816,0.32196105,0.9290211,71.938614,0.0034089424
3444,215,delete,3,0.14245613,0.32309043,0.92877215,71.94565,0.0015270622
3445,215,paraphrase,-1,0.14573772,0.3305331,0.92713135,71.94408,0.0010728693
3446,215,translate,-1,0.15259169,0.3460779,0.92370427,71.92552,0.020781152
3447,215,polarity,-1,0.14511947,0.3291309,0.92744035,71.94773,0.0010438022
3448,215,vocab,-1,0.145087,0.32905725,0.9274568,71.93243,0.0018146804
3449,215,cat,-1,0.47109264,1.0684379,0.76445407,72.04823,0.81486213
3450,215,shuffle,-1,0.16638814,0.3773682,0.9168061,71.96783,0.05637439
3451,215,unrelated,220,0.6649586,1.5081258,0.66752094,71.87914,1.2383661
3452,216,orig,-1,0.07035865,0.15957339,0.964821,71.79958,0.0
3453,216,contradict,0,0.07781424,0.17648265,0.96109354,71.79567,0.017378828
3454,216,delete,0,0.06920914,0.15696631,0.9653956,71.76825,0.0068672583
3455,216,contradict,1,0.07063097,0.160191,0.96468484,71.79923,0.0023046355
3456,216,delete,1,0.07107424,0.16119635,0.9644632,71.81127,0.0014022182
3457,216,contradict,2,0.27164507,0.6160909,0.86417776,71.689644,0.36071265
3458,216,delete,2,0.47229797,1.0711715,0.7638511,71.91961,0.84886867
3459,216,contradict,3,0.06993415,0.15861063,0.9650333,71.79789,0.000980672
3460,216,delete,3,0.06870259,0.15581745,0.9656491,71.793396,0.00200615
3461,216,paraphrase,-1,0.06939522,0.15738833,0.96530294,71.79866,0.00062101753
3462,216,translate,-1,0.09388062,0.21292122,0.95306015,71.76062,0.024036815
3463,216,polarity,-1,0.07848857,0.17801204,0.96075594,71.79488,0.0040008896
3464,216,vocab,-1,0.07509459,0.17031449,0.9624529,71.795616,0.0031340255
3465,216,cat,2,0.49359888,1.119482,0.75320077,71.83344,0.98485905
3466,216,shuffle,-1,0.09128676,0.20703834,0.954357,71.76568,0.024770984
3467,216,unrelated,243,0.8832146,2.0031302,0.55839294,72.10323,1.9673631
3468,217,orig,-1,0.058522582,0.13272919,0.97073895,71.981346,0.0
3469,217,contradict,0,0.05964591,0.1352769,0.9701773,72.004395,0.006795575
3470,217,delete,0,0.05929451,0.13447993,0.9703527,71.965675,0.002187841
3471,217,contradict,1,0.06198101,0.1405729,0.96900946,71.993614,0.0041968245
3472,217,delete,1,0.058850907,0.13347383,0.9705746,71.999695,0.0039994465
3473,217,contradict,2,0.10419984,0.23632519,0.9479003,71.92915,0.094077595
3474,217,delete,2,0.064233474,0.14568149,0.9678835,71.98116,0.006296032
3475,217,contradict,3,0.06829102,0.15488401,0.9658548,71.95107,0.011681055
3476,217,delete,3,0.06053894,0.1373023,0.9697307,71.96209,0.0034674178
3477,217,paraphrase,-1,0.05874172,0.13322619,0.9706293,71.98209,0.00022222886
3478,217,translate,-1,0.06776192,0.153684,0.96611917,71.955666,0.009834576
3479,217,polarity,-1,0.061524738,0.13953808,0.96923774,72.00391,0.0029614833
3480,217,vocab,-1,0.058765076,0.13327916,0.9706176,71.97827,0.0019182856
3481,217,cat,3,0.35242587,0.79930174,0.82378715,71.84764,0.6540983
3482,217,shuffle,-1,0.06045582,0.13711378,0.96977234,72.00387,0.02198684
3483,217,unrelated,228,0.8253023,1.8717853,0.58734906,71.83927,1.72589
3484,218,orig,-1,0.1029534,0.23349826,0.9485237,72.024925,0.0
3485,218,contradict,0,0.13359566,0.3029949,0.93320245,71.99455,0.072319366
3486,218,delete,0,0.13000481,0.29485086,0.93499815,71.949036,0.077994704
3487,218,contradict,1,0.104566015,0.23715568,0.9477173,72.02265,0.0016512042
3488,218,delete,1,0.10507436,0.23830861,0.9474632,72.02973,0.0038712206
3489,218,contradict,2,0.11115159,0.25209177,0.94442445,72.01179,0.0062311385
3490,218,delete,2,0.10317035,0.23399031,0.9484152,72.02374,0.0020253973
3491,218,contradict,3,0.1206064,0.27353525,0.93969697,72.07269,0.04543419
3492,218,delete,3,0.105291665,0.23880145,0.94735444,72.037254,0.019051777
3493,218,paraphrase,-1,0.10210335,0.23157036,0.94894886,72.01995,0.0006851123
3494,218,translate,-1,0.10541014,0.23907015,0.9472954,71.970276,0.012374694
3495,218,polarity,-1,0.1025391,0.23255864,0.94873095,72.02673,0.0020282231
3496,218,vocab,-1,0.098431446,0.22324248,0.9507843,72.011566,0.010179077
3497,218,cat,-1,0.36330009,0.8239644,0.8183505,72.07751,0.6651293
3498,218,shuffle,-1,0.12637505,0.28661856,0.9368127,71.931206,0.036470983
3499,218,unrelated,66,0.89268446,2.024608,0.553658,72.165825,1.9109538
3500,219,orig,-1,0.12348477,0.2800634,0.9382578,71.81257,0.0
3501,219,contradict,0,0.12577853,0.28526565,0.9371108,71.82371,0.011009898
3502,219,delete,0,0.124374405,0.2820811,0.93781286,71.847275,0.016267896
3503,219,contradict,1,0.124374375,0.28208104,0.9378129,71.801155,0.0072554857
3504,219,delete,1,0.1313258,0.29784685,0.9343372,71.81513,0.0068615335
3505,219,contradict,2,0.11818661,0.26804718,0.9409069,71.79906,0.005393973
3506,219,delete,2,0.120677546,0.27369663,0.9396613,71.81585,0.0052115833
3507,219,contradict,3,0.12437381,0.28207976,0.937813,71.81984,0.0015466367
3508,219,delete,3,0.12712172,0.288312,0.93643945,71.81523,0.0019074266
3509,219,paraphrase,-1,0.121252954,0.27500165,0.93937355,71.82062,0.00062225
3510,219,translate,-1,0.12521605,0.28398994,0.9373919,71.82985,0.012315708
3511,219,polarity,-1,0.123410426,0.2798948,0.93829465,71.84331,0.004985536
3512,219,vocab,-1,0.12162112,0.27583665,0.9391894,71.82621,0.004509484
3513,219,cat,-1,0.39695624,0.90029657,0.8015219,71.85048,0.7163427
3514,219,shuffle,-1,0.124115445,0.28149378,0.93794227,71.81577,0.0032735115
3515,219,unrelated,16,0.79086083,1.793672,0.6045699,72.08029,1.6615561
3516,220,orig,-1,0.05890278,0.13359149,0.9705488,71.87914,0.0
3517,220,contradict,0,0.08976118,0.20357832,0.9551197,71.86995,0.06838117
3518,220,delete,0,0.07797495,0.17684716,0.9610127,71.879364,0.042567
3519,220,contradict,1,0.060675956,0.13761304,0.96966237,71.87683,0.008380627
3520,220,delete,1,0.058107473,0.13178772,0.9709464,71.88816,0.0049293544
3521,220,contradict,2,0.1425567,0.3233185,0.9287217,71.847,0.16895992
3522,220,delete,2,0.07155584,0.1622886,0.9642223,71.857544,0.017673545
3523,220,contradict,3,0.061678767,0.13988742,0.96916085,71.85979,0.01041257
3524,220,delete,3,0.0605837,0.1374038,0.96970844,71.86663,0.010361812
3525,220,paraphrase,-1,0.060448874,0.13709801,0.96977574,71.88037,0.0010288506
3526,220,translate,-1,0.060408123,0.1370056,0.9697961,71.866035,0.007598272
3527,220,polarity,-1,0.05784139,0.13118425,0.97107947,71.889946,0.0012043626
3528,220,vocab,-1,0.057635494,0.13071728,0.97118247,71.86769,0.0043010064
3529,220,cat,-1,0.42621058,0.9666454,0.78689486,71.78023,0.8549383
3530,220,shuffle,-1,0.071127415,0.16131695,0.96443653,71.87889,0.023349687
3531,220,unrelated,239,0.72993624,1.655495,0.63503194,72.25031,1.6129193
3532,221,orig,-1,0.11685357,0.26502386,0.94157314,71.94153,0.0
3533,221,contradict,0,0.13430718,0.3046086,0.93284655,71.965485,0.04353606
3534,221,delete,0,0.12725244,0.2886085,0.9363739,71.97309,0.031274635
3535,221,contradict,1,0.122836515,0.27859315,0.9385817,71.940254,0.00579087
3536,221,delete,1,0.12325309,0.27953795,0.93837357,71.93545,0.004795906
3537,221,contradict,2,0.12469377,0.2828054,0.9376532,71.91528,0.013922007
3538,221,delete,2,0.121605776,0.27580184,0.9391971,71.9586,0.0028628432
3539,221,contradict,3,0.11666586,0.26459813,0.94166714,71.94681,0.0018435408
3540,221,delete,3,0.117465414,0.2664115,0.9412675,71.959114,0.0015984705
3541,221,paraphrase,-1,0.11679099,0.2648819,0.9416047,71.93766,0.00037225423
3542,221,translate,-1,0.123475075,0.28004143,0.9382625,71.94117,0.0072378325
3543,221,polarity,-1,0.12135817,0.27524027,0.9393212,71.93988,0.0027435336
3544,221,vocab,-1,0.11675914,0.26480967,0.9416205,71.94682,0.0013987758
3545,221,cat,3,0.43449602,0.9854368,0.7827519,71.79457,0.7281808
3546,221,shuffle,-1,0.13857347,0.31428456,0.93071353,71.95062,0.038568664
3547,221,unrelated,42,0.77216995,1.7512811,0.6139152,72.01184,1.5530814
3548,222,orig,-1,0.084118344,0.19078037,0.9579408,72.019035,0.0
3549,222,contradict,0,0.08936727,0.20268492,0.95531636,72.00212,0.011711338
3550,222,delete,0,0.086955965,0.1972161,0.9565221,72.02378,0.006500877
3551,222,contradict,1,0.08399042,0.19049023,0.9580048,72.011444,0.0008591469
3552,222,delete,1,0.08386638,0.19020891,0.95806676,72.02635,0.00080546585
3553,222,contradict,2,0.17721495,0.40192342,0.91139257,71.85924,0.18032138
3554,222,delete,2,0.10102743,0.22913016,0.9494862,71.950806,0.03341023
3555,222,contradict,3,0.08074291,0.18312488,0.95962846,72.0118,0.0071380236
3556,222,delete,3,0.08173126,0.18536647,0.95913464,72.0251,0.0026322943
3557,222,paraphrase,-1,0.08439876,0.19141635,0.95780075,72.021805,0.0005597148
3558,222,translate,-1,0.08602437,0.19510323,0.9569878,71.99154,0.0112423375
3559,222,polarity,-1,0.084839076,0.19241498,0.95758045,72.02686,0.0011580095
3560,222,vocab,-1,0.084354185,0.19131525,0.957823,72.010605,0.0017101035
3561,222,cat,-1,0.37795737,0.8572072,0.81102145,71.99776,0.66901207
3562,222,shuffle,-1,0.09028371,0.20476341,0.9548582,71.993034,0.0164023
3563,222,unrelated,11,0.77009976,1.746586,0.61495036,72.16564,1.6903187
3564,223,orig,-1,0.06996171,0.15867314,0.96501946,71.96954,0.0
3565,223,contradict,0,0.07278316,0.16507217,0.9636083,72.00495,0.0065369722
3566,223,delete,0,0.07175715,0.1627452,0.96412134,71.99962,0.006150312
3567,223,contradict,1,0.07034139,0.15953425,0.9648294,71.970604,0.0005280961
3568,223,delete,1,0.071150474,0.16136925,0.9644249,71.98306,0.0020908436
3569,223,contradict,2,0.12532647,0.28424037,0.9373369,71.87586,0.08684468
3570,223,delete,2,0.07640138,0.1732783,0.9617994,71.957405,0.028911779
3571,223,contradict,3,0.070037544,0.15884511,0.9649813,71.97795,0.0020197865
3572,223,delete,3,0.06813845,0.15453798,0.965931,71.98005,0.0019335346
3573,223,paraphrase,-1,0.06919058,0.1569242,0.96540487,71.95778,0.0013032615
3574,223,translate,-1,0.073303446,0.16625218,0.9633484,72.01168,0.011227294
3575,223,polarity,-1,0.071109384,0.16127606,0.96444553,71.98553,0.0033497792
3576,223,vocab,-1,0.07158899,0.1623638,0.96420556,71.96083,0.001451276
3577,223,cat,4,0.2871262,0.65120214,0.85643715,71.852806,0.47640553
3578,223,shuffle,-1,0.07174441,0.1627163,0.964128,71.95614,0.01343459
3579,223,unrelated,237,0.80634403,1.8287879,0.5968284,72.016785,1.7363434
3580,224,orig,-1,0.12543991,0.28449768,0.9372804,72.12833,0.0
3581,224,contradict,0,0.1286437,0.29176387,0.93567836,72.13158,0.002427879
3582,224,delete,0,0.1262656,0.28637034,0.9368675,72.12278,0.0010432545
3583,224,contradict,1,0.12551257,0.28466246,0.9372441,72.12221,0.0017496502
3584,224,delete,1,0.13025849,0.2954262,0.93487114,72.11979,0.003523047
3585,224,contradict,2,0.14321116,0.32480285,0.92839473,72.12613,0.016170487
3586,224,delete,2,0.13003778,0.29492563,0.93498147,72.13177,0.005212964
3587,224,contradict,3,0.13506618,0.30633003,0.93246716,72.08957,0.01180367
3588,224,delete,3,0.13307048,0.3018038,0.9334649,72.11233,0.0055318964
3589,224,paraphrase,-1,0.12495077,0.2833883,0.937525,72.12574,0.0006639729
3590,224,translate,-1,0.12086127,0.2741133,0.9395698,72.11109,0.015126605
3591,224,polarity,-1,0.120872594,0.274139,0.93956393,72.11644,0.0062823286
3592,224,vocab,-1,0.124902725,0.28327933,0.93754894,72.10129,0.006847633
3593,224,cat,-1,0.49203482,1.1159347,0.7539828,72.06551,0.80922014
3594,224,shuffle,-1,0.122230515,0.27721876,0.9388851,72.037926,0.102597155
3595,224,unrelated,169,0.7396456,1.6775159,0.63017756,71.84538,1.4951442
3596,225,orig,-1,0.110261485,0.250073,0.94486946,72.04606,0.0
3597,225,contradict,0,0.12868038,0.29184705,0.9356601,72.05901,0.018886426
3598,225,delete,0,0.12578434,0.28527883,0.9371079,72.03863,0.014325558
3599,225,contradict,1,0.11188589,0.25375715,0.9440574,72.033356,0.0016417301
3600,225,delete,1,0.1126221,0.25542685,0.943689,72.048965,0.0016049383
3601,225,contradict,2,0.11284752,0.25593814,0.9435765,72.02241,0.019463295
3602,225,delete,2,0.11315479,0.256635,0.9434227,72.04568,0.0074021234
3603,225,contradict,3,0.110213995,0.2499653,0.9448933,72.05432,0.001181361
3604,225,delete,3,0.10815579,0.24529728,0.9459224,72.04528,0.00045386943
3605,225,paraphrase,-1,0.10939799,0.2481146,0.9453012,72.0613,0.00048548673
3606,225,translate,-1,0.11839046,0.2685095,0.9408051,72.033554,0.013095284
3607,225,polarity,-1,0.110341296,0.250254,0.9448297,72.05175,0.00040764114
3608,225,vocab,-1,0.11010623,0.24972089,0.9449473,72.05557,0.0006848971
3609,225,cat,-1,0.46570468,1.056218,0.7671477,72.070946,0.86386096
3610,225,shuffle,-1,0.112834595,0.25590882,0.94358313,72.044815,0.0019208636
3611,225,unrelated,197,0.7949732,1.8029989,0.60251373,72.01452,1.6517813
3612,226,orig,-1,0.12946044,0.2936162,0.93527,72.441086,0.0
3613,226,contradict,0,0.16696632,0.37867954,0.9165172,72.34549,0.038474735
3614,226,delete,0,0.13554487,0.3074157,0.932228,72.41833,0.0053119073
3615,226,contradict,1,0.12883344,0.2921942,0.93558383,72.44372,0.00039389209
3616,226,delete,1,0.13179415,0.2989091,0.93410337,72.45443,0.0079748025
3617,226,contradict,2,0.12655577,0.28702843,0.9367227,72.42717,0.009728328
3618,226,delete,2,0.12613773,0.28608033,0.93693155,72.420296,0.003028211
3619,226,contradict,3,0.12860665,0.29167983,0.9356971,72.43673,0.0012523268
3620,226,delete,3,0.12791723,0.29011622,0.93604183,72.441444,0.0018745074
3621,226,paraphrase,-1,0.12939152,0.29345992,0.9353047,72.43663,0.00063516677
3622,226,translate,-1,0.13906929,0.3154091,0.93046576,72.41205,0.01960183
3623,226,polarity,-1,0.1329716,0.30157954,0.9335147,72.423645,0.0025619923
3624,226,vocab,-1,0.13952547,0.3164437,0.9302377,72.44632,0.011921405
3625,226,cat,3,0.8000823,1.8145864,0.59995925,71.73212,1.5001035
3626,226,shuffle,-1,0.15492906,0.35137904,0.92253584,72.45459,0.029041791
3627,226,unrelated,107,1.3378454,3.0342329,0.3310777,71.872116,2.7660046
3628,227,orig,-1,0.123626396,0.2803846,0.9381872,71.97875,0.0
3629,227,contradict,0,0.12273137,0.2783547,0.93863475,71.981636,0.015872754
3630,227,delete,0,0.119946264,0.27203807,0.9400271,71.97272,0.009001732
3631,227,contradict,1,0.12304828,0.27907345,0.93847615,71.985664,0.0023319335
3632,227,delete,1,0.122906305,0.27875143,0.93854696,71.9839,0.0009620259
3633,227,contradict,2,0.13015446,0.29519024,0.93492305,71.95215,0.009573896
3634,227,delete,2,0.12890445,0.29235524,0.935548,71.94753,0.007072624
3635,227,contradict,3,0.11957888,0.27120486,0.9402109,71.98678,0.0063016955
3636,227,delete,3,0.12568818,0.28506073,0.93715626,71.981186,0.004642261
3637,227,paraphrase,-1,0.12350557,0.28011057,0.9382476,71.97117,0.0012159308
3638,227,translate,-1,0.13937062,0.3160925,0.930315,71.973175,0.027997302
3639,227,polarity,-1,0.12220041,0.27715048,0.93890005,71.967,0.0036860756
3640,227,vocab,-1,0.12851992,0.29148313,0.93574023,71.98998,0.0057938294
3641,227,cat,4,0.39509648,0.89607865,0.8024521,71.950165,0.68458223
3642,227,shuffle,-1,0.1547681,0.35101396,0.9226161,71.90684,0.0628066
3643,227,unrelated,234,0.77380145,1.7549813,0.6130996,72.05628,1.5884149
3644,228,orig,-1,0.071839765,0.16293256,0.9640802,71.83927,0.0
3645,228,contradict,0,0.074186414,0.16825475,0.96290696,71.86742,0.011368418
3646,228,delete,0,0.071977675,0.16324534,0.9640112,71.857086,0.0032098754
3647,228,contradict,1,0.0765957,0.17371902,0.96170247,71.84661,0.007072272
3648,228,delete,1,0.07747755,0.17571905,0.9612615,71.86345,0.0058249384
3649,228,contradict,2,0.3203063,0.72645456,0.8398472,71.71101,0.49120396
3650,228,delete,2,0.0969229,0.21982108,0.95153886,71.84745,0.033764925
3651,228,contradict,3,0.07339956,0.16647017,0.96330035,71.83211,0.0016165973
3652,228,delete,3,0.07341462,0.16650432,0.96329296,71.838356,0.0014002717
3653,228,paraphrase,-1,0.07270034,0.16488433,0.96365005,71.83354,0.0008037118
3654,228,translate,-1,0.073478736,0.16664974,0.9632608,71.837906,0.010217559
3655,228,polarity,-1,0.07243419,0.1642807,0.9637833,71.8477,0.0031709743
3656,228,vocab,-1,0.0719261,0.16312836,0.964037,71.83224,0.0041283434
3657,228,cat,-1,0.3383775,0.76744,0.8308114,71.7237,0.5524266
3658,228,shuffle,-1,0.07344819,0.16658045,0.96327627,71.84868,0.0025527976
3659,228,unrelated,179,0.7249616,1.6442125,0.6375196,72.03771,1.4515194
3660,229,orig,-1,0.0952876,0.21611223,0.9523566,71.91431,0.0
3661,229,contradict,0,0.11380812,0.25811675,0.94309604,71.91907,0.021684734
3662,229,delete,0,0.09885214,0.22419661,0.9505742,71.907616,0.0041927416
3663,229,contradict,1,0.09751873,0.22117244,0.95124096,71.91223,0.0016996324
3664,229,delete,1,0.098402746,0.22317739,0.9507989,71.91932,0.0018398562
3665,229,contradict,2,0.096233286,0.21825705,0.95188355,71.90898,0.005296381
3666,229,delete,2,0.09253832,0.20987687,0.9537311,71.91654,0.00199465
3667,229,contradict,3,0.092771724,0.21040623,0.9536145,71.91556,0.0013311122
3668,229,delete,3,0.09748938,0.22110587,0.95125556,71.919395,0.0020106493
3669,229,paraphrase,-1,0.09654331,0.2189602,0.95172864,71.90796,0.00051621546
3670,229,translate,-1,0.09959952,0.22589166,0.9502005,71.90308,0.010508295
3671,229,polarity,-1,0.09682365,0.21959598,0.95158845,71.91489,0.0023225502
3672,229,vocab,-1,0.0954242,0.21642204,0.95228815,71.91653,0.001174895
3673,229,cat,-1,0.4870832,1.1047045,0.7564586,71.73881,0.83395207
3674,229,shuffle,-1,0.09365107,0.21240059,0.9531746,71.90572,0.0022516914
3675,229,unrelated,233,0.80951613,1.8359822,0.5952421,71.64245,1.7218434
3676,230,orig,-1,0.10757744,0.2439856,0.94621164,71.58809,0.0
3677,230,contradict,0,0.1378127,0.31255916,0.9310942,71.52314,0.050164998
3678,230,delete,0,0.122863986,0.27865547,0.9385683,71.5593,0.023481615
3679,230,contradict,1,0.115279935,0.26145485,0.94236046,71.55529,0.00478047
3680,230,delete,1,0.11165544,0.25323448,0.9441729,71.56791,0.002372239
3681,230,contradict,2,0.1167712,0.26483703,0.9416149,71.5708,0.045460194
3682,230,delete,2,0.115125895,0.26110548,0.94243777,71.566315,0.037653003
3683,230,contradict,3,0.11196037,0.25392607,0.9440201,71.60373,0.0056946888
3684,230,delete,3,0.10904827,0.24732143,0.94547635,71.59832,0.0016666829
3685,230,paraphrase,-1,0.108025864,0.24500261,0.9459874,71.57724,0.0006235755
3686,230,translate,-1,0.121712446,0.27604377,0.9391442,71.59364,0.022132127
3687,230,polarity,-1,0.11110763,0.25199205,0.9444468,71.56646,0.0047850567
3688,230,vocab,-1,0.11241685,0.25496137,0.94379216,71.56442,0.0057302173
3689,230,cat,-1,0.15074952,0.34189984,0.9246257,71.61216,0.13107406
3690,230,shuffle,-1,0.11046084,0.25052515,0.9447702,71.57494,0.004186602
3691,230,unrelated,102,0.8897727,2.0180042,0.55511415,72.1262,1.8002738
3692,231,orig,-1,0.06323725,0.14342205,0.9683815,71.807495,0.0
3693,231,contradict,0,0.066590056,0.15102622,0.966705,71.80114,0.008230199
3694,231,delete,0,0.064665586,0.14666152,0.96766734,71.80157,0.0032676277
3695,231,contradict,1,0.06290994,0.1426797,0.96854526,71.79492,0.0022636806
3696,231,delete,1,0.07449268,0.16894937,0.9627539,71.78272,0.010819356
3697,231,contradict,2,0.1795179,0.4071465,0.91024107,71.88724,0.2513635
3698,231,delete,2,0.0802151,0.1819278,0.9598925,71.80387,0.022438142
3699,231,contradict,3,0.061880507,0.14034496,0.9690599,71.80506,0.0031095233
3700,231,delete,3,0.063885026,0.1448912,0.9680576,71.81907,0.0011649509
3701,231,paraphrase,-1,0.06308101,0.1430677,0.96845967,71.80458,0.0005632004
3702,231,translate,-1,0.06590297,0.14946792,0.9670487,71.79701,0.010021069
3703,231,polarity,-1,0.06694943,0.15184127,0.9665257,71.7979,0.002454405
3704,231,vocab,-1,0.06308152,0.14306885,0.9684595,71.78966,0.0036952898
3705,231,cat,2,0.51121944,1.1594455,0.7443903,71.89432,1.0713171
3706,231,shuffle,-1,0.067507714,0.15310746,0.9662463,71.80555,0.011403447
3707,231,unrelated,8,0.8294554,1.8812044,0.5852724,71.897255,1.8635899
3708,232,orig,-1,0.064633176,0.14658801,0.96768373,72.03039,0.0
3709,232,contradict,0,0.064001635,0.14515568,0.96799964,72.02675,0.0019700672
3710,232,delete,0,0.07406801,0.16798621,0.96296644,72.07174,0.014977087
3711,232,contradict,1,0.06615086,0.15003012,0.966925,72.044334,0.013246656
3712,232,delete,1,0.061633833,0.1397855,0.9691833,72.04464,0.0039810836
3713,232,contradict,2,0.09452306,0.21437825,0.9527388,72.000244,0.08124803
3714,232,delete,2,0.06945602,0.15752622,0.9652724,71.995056,0.015968246
3715,232,contradict,3,0.06735543,0.15276209,0.9663227,72.016846,0.0050452445
3716,232,delete,3,0.06687578,0.15167424,0.9665626,72.03636,0.010700388
3717,232,paraphrase,-1,0.065827616,0.149297,0.96708655,72.03832,0.00090013177
3718,232,translate,-1,0.07341801,0.16651201,0.9632913,72.053764,0.012350026
3719,232,polarity,-1,0.066240735,0.15023395,0.9668801,72.0451,0.0010120048
3720,232,vocab,-1,0.06513864,0.1477344,0.96743107,72.02217,0.005040246
3721,232,cat,-1,0.3976659,0.9019061,0.80116755,71.96557,0.75576484
3722,232,shuffle,-1,0.0813686,0.18454395,0.95931596,72.05555,0.030004723
3723,232,unrelated,252,0.8678018,1.9681741,0.5660994,71.94472,1.8571823
3724,233,orig,-1,0.13465978,0.30540833,0.93267024,71.64245,0.0
3725,233,contradict,0,0.14125606,0.32036868,0.9293723,71.65282,0.008517093
3726,233,delete,0,0.13307907,0.30182326,0.9334607,71.64236,0.0029639718
3727,233,contradict,1,0.12807296,0.2904694,0.9359638,71.672195,0.010291178
3728,233,delete,1,0.13543312,0.30716226,0.93228364,71.64613,0.006639643
3729,233,contradict,2,0.28764635,0.6523818,0.8561772,71.79666,0.33385032
3730,233,delete,2,0.22083843,0.50086147,0.88958097,71.69808,0.2134878
3731,233,contradict,3,0.13991325,0.31732318,0.9300438,71.636444,0.01710467
3732,233,delete,3,0.13135529,0.29791373,0.93432254,71.64766,0.0051879836
3733,233,paraphrase,-1,0.13666092,0.3099469,0.9316697,71.64116,0.00049388676
3734,233,translate,-1,0.14525154,0.32943043,0.9273745,71.62831,0.026965044
3735,233,polarity,-1,0.12808749,0.29050237,0.9359563,71.64795,0.0042784372
3736,233,vocab,-1,0.13266155,0.30087635,0.9336693,71.646324,0.0026547443
3737,233,cat,-1,0.1761091,0.39941537,0.9119457,71.68575,0.1688707
3738,233,shuffle,-1,0.14499933,0.3288584,0.92750055,71.62395,0.0068363277
3739,233,unrelated,223,0.7436412,1.6865779,0.6281797,71.96954,1.6409357
3740,234,orig,-1,0.1535176,0.34817785,0.9232416,72.05628,0.0
3741,234,contradict,0,0.16886309,0.38298142,0.9155689,72.031746,0.032330975
3742,234,delete,0,0.15579161,0.3533353,0.92210454,72.063194,0.0078241145
3743,234,contradict,1,0.16124788,0.3657101,0.9193762,72.07162,0.008416295
3744,234,delete,1,0.16394594,0.37182933,0.91802746,72.077835,0.0074289623
3745,234,contradict,2,0.15270898,0.3463439,0.9236458,72.04968,0.007428224
3746,234,delete,2,0.15239815,0.34563896,0.9238012,72.05337,0.0032607887
3747,234,contradict,3,0.15249223,0.3458523,0.92375416,72.05839,0.006139938
3748,234,delete,3,0.14901176,0.3379586,0.92549443,72.05065,0.0065332307
3749,234,paraphrase,-1,0.15307868,0.34718236,0.923461,72.05514,0.0006537519
3750,234,translate,-1,0.14866449,0.337171,0.92566824,72.00017,0.03012439
3751,234,polarity,-1,0.14979194,0.33972806,0.9251044,72.05032,0.005283664
3752,234,vocab,-1,0.15197237,0.34467328,0.92401433,72.05112,0.00389756
3753,234,cat,-1,0.4429218,1.0045464,0.77853954,71.99662,0.7992461
3754,234,shuffle,-1,0.16202524,0.36747319,0.9189876,72.06717,0.027550852
3755,234,unrelated,145,0.8748493,1.9841579,0.5625758,71.86038,1.7473735
3756,235,orig,-1,0.06458339,0.1464751,0.9677087,72.039505,0.0
3757,235,contradict,0,0.06334917,0.1436759,0.9683258,72.000015,0.016207604
3758,235,delete,0,0.06660654,0.15106359,0.966697,72.03995,0.004126799
3759,235,contradict,1,0.058188338,0.13197112,0.9709061,72.01842,0.005388756
3760,235,delete,1,0.061187368,0.13877292,0.96940684,72.03428,0.0037480982
3761,235,contradict,2,0.3985498,0.90391076,0.8007259,71.85864,0.7450897
3762,235,delete,2,0.11564432,0.26228127,0.9421782,71.87002,0.12731412
3763,235,contradict,3,0.06748141,0.15304781,0.9662598,72.065506,0.012294322
3764,235,delete,3,0.0659997,0.14968729,0.9670006,72.05305,0.0029090724
3765,235,paraphrase,-1,0.066806234,0.15151651,0.9665973,72.03637,0.00073597877
3766,235,translate,-1,0.06999851,0.15875658,0.9650012,72.04063,0.007934509
3767,235,polarity,-1,0.06961549,0.1578879,0.9651927,72.042465,0.0025469859
3768,235,vocab,-1,0.06379859,0.14469518,0.9681011,72.04749,0.0020162282
3769,235,cat,2,0.48800522,1.1067957,0.7559978,71.90698,1.0022418
3770,235,shuffle,-1,0.07449436,0.16895318,0.9627534,72.02394,0.020213343
3771,235,unrelated,172,0.67109925,1.5220528,0.66445076,71.94425,1.3689449
3772,236,orig,-1,0.07352765,0.16676067,0.96323663,72.22399,0.0
3773,236,contradict,0,0.07923303,0.17970048,0.960384,72.19578,0.022537772
3774,236,delete,0,0.072248325,0.16385917,0.9638761,72.21423,0.0037552323
3775,236,contradict,1,0.072697304,0.16487746,0.96365166,72.22633,0.0016399269
3776,236,delete,1,0.073667906,0.16707878,0.96316636,72.2364,0.0026031865
3777,236,contradict,2,0.07130923,0.1617293,0.964346,72.22595,0.0050632227
3778,236,delete,2,0.07124739,0.16158906,0.9643767,72.23029,0.0022747696
3779,236,contradict,3,0.07574123,0.17178108,0.96212983,72.23571,0.0018531765
3780,236,delete,3,0.07404619,0.16793671,0.9629771,72.240005,0.0011893781
3781,236,paraphrase,-1,0.0750712,0.17026144,0.9624647,72.230576,0.0009193027
3782,236,translate,-1,0.0792055,0.17963803,0.9603979,72.21767,0.0057284543
3783,236,polarity,-1,0.07308839,0.16576444,0.96345615,72.22854,0.0015299928
3784,236,vocab,-1,0.07726506,0.17523712,0.96136796,72.22756,0.0030188477
3785,236,cat,-1,0.5055083,1.1464926,0.74724615,72.05147,1.1081007
3786,236,shuffle,-1,0.08587828,0.1947719,0.95706123,72.23812,0.012496575
3787,236,unrelated,224,0.7489017,1.6985087,0.6255496,72.12833,1.5313321
3788,237,orig,-1,0.0781405,0.17722261,0.9609302,72.016785,0.0
3789,237,contradict,0,0.08392427,0.1903402,0.9580381,72.009834,0.0045502186
3790,237,delete,0,0.08020477,0.18190438,0.959898,72.01116,0.0019207232
3791,237,contradict,1,0.07170231,0.1626208,0.96414894,72.01709,0.007085105
3792,237,delete,1,0.071544275,0.16226238,0.9642279,72.02066,0.00558264
3793,237,contradict,2,0.07901721,0.17921099,0.96049166,71.96113,0.025795635
3794,237,delete,2,0.08292581,0.1880757,0.95853716,72.02461,0.0027949805
3795,237,contradict,3,0.07690833,0.17442805,0.96154606,72.00774,0.002971189
3796,237,delete,3,0.082068406,0.1861311,0.9589661,72.00744,0.00096176146
3797,237,paraphrase,-1,0.08118774,0.18413375,0.9594063,72.03024,0.0014318109
3798,237,translate,-1,0.081988886,0.18595076,0.9590057,71.966484,0.009979796
3799,237,polarity,-1,0.07723236,0.17516296,0.9613841,72.02171,0.0009191196
3800,237,vocab,-1,0.07441829,0.16878065,0.962791,71.986755,0.0085223345
3801,237,cat,3,0.50727934,1.1505094,0.7463606,71.77607,1.1878335
3802,237,shuffle,-1,0.09649627,0.21885349,0.95175207,72.01182,0.01580271
3803,237,unrelated,181,0.85744363,1.9446818,0.5712785,71.92827,1.9734881
3804,238,orig,-1,0.06461818,0.146554,0.96769124,71.96705,0.0
3805,238,contradict,0,0.07093008,0.16086939,0.9645354,71.97409,0.0070953607
3806,238,delete,0,0.071488865,0.16213672,0.96425563,71.99052,0.007691061
3807,238,contradict,1,0.06519009,0.1478511,0.96740496,71.97252,0.0006854743
3808,238,delete,1,0.06410156,0.14538231,0.9679493,71.979485,0.0009827412
3809,238,contradict,2,0.066459864,0.15073094,0.9667704,71.97283,0.008312303
3810,238,delete,2,0.068510994,0.1553829,0.96574503,71.96143,0.0061328076
3811,238,contradict,3,0.07117064,0.16141498,0.96441495,71.964455,0.01859496
3812,238,delete,3,0.062248737,0.14118011,0.968876,71.97478,0.004054019
3813,238,paraphrase,-1,0.06366284,0.14438729,0.968169,71.9717,0.00023140355
3814,238,translate,-1,0.06810071,0.15445238,0.96595013,71.954185,0.010203825
3815,238,polarity,-1,0.06523747,0.14795855,0.9673817,71.9768,0.002169782
3816,238,vocab,-1,0.06492557,0.14725116,0.9675374,71.966896,0.002719554
3817,238,cat,4,0.52473605,1.1901011,0.7376322,71.70944,1.0430586
3818,238,shuffle,-1,0.08881315,0.20142817,0.9555936,71.96302,0.050360437
3819,238,unrelated,96,0.94656676,2.146813,0.52671677,72.1081,2.0540993
3820,239,orig,-1,0.047686998,0.10815409,0.9761567,72.25031,0.0
3821,239,contradict,0,0.057970595,0.13147728,0.97101474,72.269226,0.022550292
3822,239,delete,0,0.051502746,0.116808206,0.974249,72.26708,0.014419674
3823,239,contradict,1,0.06589289,0.14944504,0.967054,72.22837,0.013961695
3824,239,delete,1,0.054753166,0.12418015,0.97262394,72.25225,0.006869691
3825,239,contradict,2,0.04617656,0.104728416,0.9769121,72.246,0.022870304
3826,239,delete,2,0.04507402,0.10222786,0.97746336,72.25246,0.011412998
3827,239,contradict,3,0.04692676,0.10642987,0.9765372,72.25483,0.00043205134
3828,239,delete,3,0.04793597,0.10871876,0.9760324,72.24525,0.0018546568
3829,239,paraphrase,-1,0.04782779,0.10847341,0.9760862,72.25418,0.0005593026
3830,239,translate,-1,0.052996885,0.12019691,0.9735019,72.247696,0.0067325714
3831,239,polarity,-1,0.048124515,0.10914638,0.9759381,72.2551,0.0009832857
3832,239,vocab,-1,0.04884172,0.110773,0.9755793,72.254524,0.002003878
3833,239,cat,3,0.4578573,1.0384202,0.7710716,72.06604,0.9156068
3834,239,shuffle,-1,0.047725152,0.10824063,0.9761377,72.2492,0.011540966
3835,239,unrelated,114,0.695039,1.5763481,0.65248066,72.05462,1.5374547
3836,240,orig,-1,0.07867614,0.17843746,0.9606624,71.9097,0.0
3837,240,contradict,0,0.079513885,0.18033746,0.96024334,71.9037,0.008111446
3838,240,delete,0,0.07900096,0.17917414,0.96049994,71.91234,0.0019633598
3839,240,contradict,1,0.07879497,0.17870696,0.96060276,71.8958,0.0064807017
3840,240,delete,1,0.07651548,0.17353708,0.9617427,71.90139,0.0030954094
3841,240,contradict,2,0.19158503,0.43451476,0.90420777,71.85709,0.3150588
3842,240,delete,2,0.09848843,0.22337171,0.95075625,71.87799,0.07853331
3843,240,contradict,3,0.08193757,0.18583436,0.95903176,71.907906,0.0023671521
3844,240,delete,3,0.07840134,0.17781422,0.9607996,71.902916,0.00077349524
3845,240,paraphrase,-1,0.07869748,0.17848586,0.9606519,71.908356,0.00023313175
3846,240,translate,-1,0.0826803,0.18751888,0.9586601,71.88547,0.011774377
3847,240,polarity,-1,0.08027934,0.18207352,0.95986056,71.91618,0.0015962604
3848,240,vocab,-1,0.081298485,0.18438493,0.95935106,71.90814,0.001339472
3849,240,cat,2,0.26062098,0.5910883,0.86969006,71.62973,0.5242489
3850,240,shuffle,-1,0.07993857,0.18130064,0.9600313,71.90957,0.0020641575
3851,240,unrelated,163,0.8834125,2.0035791,0.55829436,71.873604,1.9962974
3852,241,orig,-1,0.14934847,0.33872226,0.9253261,72.12821,0.0
3853,241,contradict,0,0.14621325,0.33161157,0.9268939,72.11122,0.014258417
3854,241,delete,0,0.14775643,0.3351115,0.92612207,72.124825,0.0029175594
3855,241,contradict,1,0.17146266,0.3888772,0.914269,72.12211,0.019566458
3856,241,delete,1,0.16069204,0.36444947,0.9196542,72.13566,0.010419716
3857,241,contradict,2,0.15108599,0.34266296,0.92445743,72.15088,0.012834992
3858,241,delete,2,0.15225872,0.34532273,0.9238709,72.14743,0.008024339
3859,241,contradict,3,0.15122187,0.34297115,0.9243895,72.131874,0.0021128578
3860,241,delete,3,0.15305637,0.3471318,0.923472,72.172676,0.013675161
3861,241,paraphrase,-1,0.15079412,0.342001,0.92460304,72.12908,0.00059820985
3862,241,translate,-1,0.15136819,0.34330297,0.92431617,72.11962,0.021457832
3863,241,polarity,-1,0.15318704,0.34742814,0.92340684,72.1213,0.004003089
3864,241,vocab,-1,0.17208922,0.39029828,0.91395557,72.120316,0.018474048
3865,241,cat,3,0.22691302,0.5146386,0.88654375,72.037575,0.1659053
3866,241,shuffle,-1,0.15119337,0.34290648,0.9244036,72.14059,0.0045783534
3867,241,unrelated,57,1.0182321,2.30935,0.4908844,72.23508,2.0605526
3868,242,orig,-1,0.042801928,0.097074755,0.9785991,72.18812,0.0
3869,242,contradict,0,0.055388354,0.12562077,0.97230595,72.168335,0.016511258
3870,242,delete,0,0.0538009,0.122020416,0.9730998,72.18531,0.013711185
3871,242,contradict,1,0.044649072,0.101264074,0.9776757,72.199135,0.005175671
3872,242,delete,1,0.042753197,0.09696423,0.9786237,72.20839,0.0035347368
3873,242,contradict,2,0.04267327,0.09678296,0.9786636,72.18777,0.0030601674
3874,242,delete,2,0.043985784,0.099759735,0.97800726,72.2018,0.0015055619
3875,242,contradict,3,0.046446893,0.10534153,0.9767767,72.17193,0.0052102488
3876,242,delete,3,0.04287342,0.097236894,0.97856385,72.17909,0.0013216933
3877,242,paraphrase,-1,0.042108323,0.09550166,0.9789463,72.190956,0.00037418827
3878,242,translate,-1,0.051903,0.11771598,0.9740487,72.19134,0.007406653
3879,242,polarity,-1,0.043109383,0.09777206,0.9784454,72.1996,0.00083085574
3880,242,vocab,-1,0.04316369,0.097895235,0.97841835,72.18866,0.00058574195
3881,242,cat,3,0.4738117,1.0746047,0.7630944,71.91315,1.0358204
3882,242,shuffle,-1,0.051266335,0.116272025,0.97436696,72.17518,0.026070451
3883,242,unrelated,61,0.8676673,1.967869,0.5661663,72.29781,1.9496641
3884,243,orig,-1,0.05986616,0.13577643,0.97006714,72.10323,0.0
3885,243,contradict,0,0.09933076,0.22528212,0.9503351,72.03746,0.05910879
3886,243,delete,0,0.0706615,0.16026025,0.96466976,72.05735,0.013785129
3887,243,contradict,1,0.064960375,0.1473301,0.9675204,72.091125,0.010082738
3888,243,delete,1,0.06226504,0.14121708,0.9688678,72.11303,0.0051756534
3889,243,contradict,2,0.16556883,0.37551004,0.91721606,71.9568,0.21964966
3890,243,delete,2,0.104889974,0.2378904,0.9475554,72.03963,0.09155267
3891,243,contradict,3,0.0643184,0.14587411,0.9678414,72.0941,0.005087384
3892,243,delete,3,0.06098916,0.13832338,0.9695057,72.1032,0.0018075495
3893,243,paraphrase,-1,0.059911508,0.13587928,0.9700446,72.10447,0.0006143226
3894,243,translate,-1,0.078266166,0.17750762,0.9608674,72.093254,0.028097799
3895,243,polarity,-1,0.061342824,0.1391255,0.969329,72.10173,0.0015477651
3896,243,vocab,-1,0.061539404,0.13957134,0.9692307,72.096344,0.002546527
3897,243,cat,-1,0.41051635,0.9310509,0.79474205,72.028114,0.7850028
3898,243,shuffle,-1,0.073209666,0.1660395,0.9633954,72.07522,0.019968612
3899,243,unrelated,40,0.85513765,1.9394518,0.57243145,71.73032,1.7875084
3900,244,orig,-1,0.16514252,0.37454316,0.91742915,71.94676,0.0
3901,244,contradict,0,0.17249106,0.39120963,0.9137547,71.94727,0.016135683
3902,244,delete,0,0.17736137,0.4022555,0.91131973,71.938,0.009715574
3903,244,contradict,1,0.17667857,0.40070692,0.91166127,71.908714,0.01985256
3904,244,delete,1,0.18223634,0.41331196,0.9088823,71.91855,0.019754311
3905,244,contradict,2,0.29786187,0.6755506,0.8510692,71.71602,0.26430464
3906,244,delete,2,0.20721957,0.4699739,0.8963908,71.82748,0.074223995
3907,244,contradict,3,0.16619278,0.37692517,0.9169039,71.94592,0.00077006966
3908,244,delete,3,0.16815937,0.38138536,0.9159206,71.953285,0.008022514
3909,244,paraphrase,-1,0.1654112,0.37515253,0.9172948,71.94246,0.00070594123
3910,244,translate,-1,0.1755854,0.39822763,0.9122074,71.97143,0.021805756
3911,244,polarity,-1,0.16704628,0.3788609,0.9164772,71.935715,0.0057461583
3912,244,vocab,-1,0.16726677,0.37936097,0.9163667,71.922295,0.009203911
3913,244,cat,4,0.31722134,0.71945786,0.8413898,71.68423,0.41861695
3914,244,shuffle,-1,0.17695625,0.4013367,0.9115223,71.92641,0.016893059
3915,244,unrelated,85,0.91988164,2.086291,0.5400597,72.03051,1.8945909
3916,245,orig,-1,0.07213062,0.16359222,0.9639351,71.97736,0.0
3917,245,contradict,0,0.10505645,0.23826799,0.94747233,72.074585,0.062016997
3918,245,delete,0,0.08818108,0.19999465,0.95590997,72.045105,0.028752368
3919,245,contradict,1,0.07145384,0.16205728,0.9642735,71.98421,0.0035320185
3920,245,delete,1,0.071425416,0.16199282,0.9642877,71.98733,0.005356406
3921,245,contradict,2,0.2313536,0.5247099,0.88432366,71.895096,0.42102668
3922,245,delete,2,0.08672149,0.1966843,0.9566396,71.97751,0.028971855
3923,245,contradict,3,0.07376651,0.1673024,0.96311736,71.97944,0.0004687161
3924,245,delete,3,0.07657884,0.17368078,0.96171093,71.980446,0.002960886
3925,245,paraphrase,-1,0.07214747,0.16363044,0.9639266,71.97717,0.00064723013
3926,245,translate,-1,0.07813692,0.1772145,0.96093196,71.978645,0.008570355
3927,245,polarity,-1,0.07328202,0.16620359,0.9633595,71.98858,0.0014736421
3928,245,vocab,-1,0.073785596,0.1673457,0.9631075,71.98838,0.0029075514
3929,245,cat,2,0.32146224,0.7290762,0.8392692,72.02353,0.6452596
3930,245,shuffle,-1,0.0879966,0.19957626,0.9560021,72.0852,0.047345158
3931,245,unrelated,178,0.82277125,1.8660449,0.58861506,71.903534,1.7851734
3932,246,orig,-1,0.07652121,0.17355007,0.96173966,72.02757,0.0
3933,246,contradict,0,0.08884923,0.20151001,0.95557594,72.04816,0.0332265
3934,246,delete,0,0.07920144,0.17962882,0.96040004,72.04587,0.009248391
3935,246,contradict,1,0.07580913,0.17193507,0.9620958,72.02016,0.0010203302
3936,246,delete,1,0.07640403,0.1732843,0.9617985,72.025314,0.000631228
3937,246,contradict,2,0.2745041,0.62257516,0.86274844,71.884514,0.38944113
3938,246,delete,2,0.17900874,0.40599173,0.9104961,71.85511,0.18151358
3939,246,contradict,3,0.07758363,0.17595965,0.9612087,72.02389,0.00076479936
3940,246,delete,3,0.07695486,0.17453358,0.96152294,72.02586,0.00021979911
3941,246,paraphrase,-1,0.07646197,0.17341572,0.9617693,72.025185,0.0002774526
3942,246,translate,-1,0.07836879,0.17774038,0.96081614,72.03706,0.008190645
3943,246,polarity,-1,0.07710533,0.17487486,0.9614478,72.03714,0.00049126334
3944,246,vocab,-1,0.07762923,0.17606306,0.9611858,72.03932,0.0025243112
3945,246,cat,2,0.46481496,1.0542002,0.767593,71.73648,0.8742606
3946,246,shuffle,-1,0.09082995,0.2060023,0.9545855,72.01457,0.019612202
3947,246,unrelated,49,0.72556007,1.6455699,0.6372205,71.80059,1.4676087
3948,247,orig,-1,0.07338718,0.1664421,0.9633068,71.77908,0.0
3949,247,contradict,0,0.09129643,0.20706026,0.9543521,71.78832,0.05196498
3950,247,delete,0,0.100788176,0.22858754,0.9496065,71.77039,0.050448146
3951,247,contradict,1,0.07742195,0.17559294,0.96128964,71.768974,0.006798044
3952,247,delete,1,0.07843717,0.17789547,0.9607818,71.772964,0.007940452
3953,247,contradict,2,0.29420078,0.66724724,0.8529001,71.78769,0.5326488
3954,247,delete,2,0.17626107,0.39976,0.91186976,71.63338,0.2387915
3955,247,contradict,3,0.07561754,0.17150053,0.96219146,71.7712,0.0027543332
3956,247,delete,3,0.07603088,0.172438,0.96198505,71.77208,0.0024998542
3957,247,paraphrase,-1,0.07362009,0.16697033,0.96319056,71.78031,0.0008703297
3958,247,translate,-1,0.078000456,0.176905,0.96100026,71.79137,0.011194046
3959,247,polarity,-1,0.07785881,0.17658375,0.9610712,71.78143,0.002411613
3960,247,vocab,-1,0.07396892,0.16776147,0.963016,71.789055,0.0029212453
3961,247,cat,2,0.46473423,1.0540171,0.7676333,71.769,0.8943433
3962,247,shuffle,-1,0.08060162,0.18280444,0.95969975,71.76615,0.013435043
3963,247,unrelated,152,0.8301484,1.8827761,0.58492637,72.04984,1.7276846
3964,248,orig,-1,0.08116379,0.18407944,0.9594188,71.99217,0.0
3965,248,contradict,0,0.12656586,0.28705132,0.9367175,71.95195,0.07547742
3966,248,delete,0,0.09949958,0.22566502,0.9502505,71.97887,0.022333445
3967,248,contradict,1,0.08716037,0.19767968,0.9564205,71.98843,0.0066476697
3968,248,delete,1,0.08174429,0.18539602,0.9591284,71.99336,0.004631403
3969,248,contradict,2,0.10508728,0.2383379,0.9474569,71.92717,0.051504675
3970,248,delete,2,0.084848836,0.19243713,0.95757616,71.994934,0.010047001
3971,248,contradict,3,0.08209765,0.18619743,0.95895153,72.00252,0.0010770257
3972,248,delete,3,0.078508936,0.17805824,0.96074593,71.987785,0.0030188304
3973,248,paraphrase,-1,0.0815301,0.18491024,0.9592354,71.99087,0.00072477775
3974,248,translate,-1,0.084025376,0.19056952,0.95798767,71.98381,0.027202245
3975,248,polarity,-1,0.08137288,0.18455365,0.959314,71.99564,0.0043225745
3976,248,vocab,-1,0.08864429,0.2010452,0.95567834,71.990265,0.0045389994
3977,248,cat,2,0.24667409,0.5594567,0.8766635,71.997185,0.3683288
3978,248,shuffle,-1,0.08507831,0.19295757,0.9574614,71.98196,0.01792261
3979,248,unrelated,0,0.67416906,1.5290152,0.66291577,72.08538,1.3716673
3980,249,orig,-1,0.08164992,0.18518199,0.9591754,71.916664,0.0
3981,249,contradict,0,0.09790573,0.22205016,0.95104766,71.92913,0.030941296
3982,249,delete,0,0.082732625,0.18763755,0.958634,71.901375,0.0053892653
3983,249,contradict,1,0.086156145,0.1954021,0.9569224,71.93758,0.0036916528
3984,249,delete,1,0.08309478,0.18845893,0.95845294,71.93255,0.0027956201
3985,249,contradict,2,0.37166387,0.8429335,0.8141684,71.807495,0.66651875
3986,249,delete,2,0.14552103,0.33004162,0.92723995,71.89956,0.13406613
3987,249,contradict,3,0.09820579,0.22273068,0.95089746,71.906395,0.021809002
3988,249,delete,3,0.08627041,0.19566125,0.9568653,71.89585,0.0061167437
3989,249,paraphrase,-1,0.083671436,0.18976678,0.95816463,71.91396,0.0004719561
3990,249,translate,-1,0.090315476,0.20483546,0.95484275,71.91114,0.011692062
3991,249,polarity,-1,0.08206082,0.18611391,0.95897,71.92029,0.0010034682
3992,249,vocab,-1,0.07992933,0.18127969,0.96003586,71.90753,0.0015380539
3993,249,cat,2,0.47020736,1.0664301,0.7648967,71.79081,0.8879559
3994,249,shuffle,-1,0.08232292,0.18670835,0.9588388,71.919266,0.02245054
3995,249,unrelated,20,1.2307532,2.7913477,0.38462391,72.194,2.6404433
3996,250,orig,-1,0.09123345,0.20691742,0.95438355,71.95708,0.0
3997,250,contradict,0,0.09454776,0.21443428,0.95272636,71.957985,0.013883399
3998,250,delete,0,0.092392765,0.20954674,0.953804,71.95755,0.0042019477
3999,250,contradict,1,0.09338071,0.21178742,0.95331,71.96089,0.0023690357
4000,250,delete,1,0.10006014,0.22693636,0.94997036,71.95625,0.005204066
4001,250,contradict,2,0.23666286,0.5367513,0.88166887,71.87097,0.32093117
4002,250,delete,2,0.09175072,0.20809059,0.9541251,71.950264,0.027641522
4003,250,contradict,3,0.097337745,0.22076197,0.9513314,71.96573,0.013934092
4004,250,delete,3,0.09526856,0.21606906,0.9523659,71.9663,0.0088031115
4005,250,paraphrase,-1,0.091847934,0.20831107,0.9540761,71.96066,0.000541566
4006,250,translate,-1,0.097457334,0.22103319,0.9512716,71.94497,0.010498992
4007,250,polarity,-1,0.09450711,0.21434209,0.9527466,71.9689,0.0026257718
4008,250,vocab,-1,0.10013412,0.22710414,0.9499331,71.94297,0.026295492
4009,250,cat,-1,0.40471348,0.91789,0.79764354,71.92629,0.7787833
4010,250,shuffle,-1,0.09472587,0.21483824,0.9526373,71.94524,0.005637977
4011,250,unrelated,166,0.62692887,1.4218744,0.68653595,71.996994,1.3494734
4012,251,orig,-1,0.124102995,0.28146553,0.93794876,71.89273,0.0
4013,251,contradict,0,0.15718184,0.35648835,0.92140925,71.91076,0.056491423
4014,251,delete,0,0.13782746,0.3125926,0.9310868,71.93145,0.033645764
4015,251,contradict,1,0.1266772,0.28730384,0.9366618,71.88448,0.003749108
4016,251,delete,1,0.13171916,0.298739,0.9341406,71.87284,0.005193957
4017,251,contradict,2,0.12724581,0.28859344,0.9363773,71.90292,0.0018144338
4018,251,delete,2,0.12362279,0.28037643,0.93818897,71.895805,0.0009841166
4019,251,contradict,3,0.17653026,0.40037054,0.9117351,71.84138,0.10666763
4020,251,delete,3,0.30319613,0.6876487,0.84840214,71.74161,0.53113896
4021,251,paraphrase,-1,0.1247787,0.28299806,0.9376109,71.890755,0.00045281794
4022,251,translate,-1,0.12567702,0.28503543,0.93716174,71.855606,0.012020783
4023,251,polarity,-1,0.12304528,0.27906665,0.93847775,71.9078,0.0020172119
4024,251,vocab,-1,0.12608431,0.28595915,0.93695796,71.8868,0.003350805
4025,251,cat,-1,0.33466727,0.7590252,0.83266664,71.78762,0.54443276
4026,251,shuffle,-1,0.13667968,0.30998945,0.9316605,71.86926,0.021171333
4027,251,unrelated,212,0.95380306,2.163225,0.5230988,72.37022,1.9984537
4028,252,orig,-1,0.07502971,0.17016734,0.96248555,71.94472,0.0
4029,252,contradict,0,0.08392364,0.19033878,0.9580385,71.95169,0.017258393
4030,252,delete,0,0.07509478,0.17031494,0.96245325,71.93992,0.0017216875
4031,252,contradict,1,0.0763404,0.17313999,0.96183014,71.93482,0.0034537597
4032,252,delete,1,0.07324808,0.16612661,0.9633767,71.95412,0.0018992695
4033,252,contradict,2,0.16187589,0.36713445,0.9190626,71.81487,0.17405361
4034,252,delete,2,0.08380971,0.19008039,0.9580956,71.90807,0.012936083
4035,252,contradict,3,0.08267257,0.18750136,0.95866424,71.947426,0.014339853
4036,252,delete,3,0.076011606,0.17239429,0.9619947,71.96026,0.0077546453
4037,252,paraphrase,-1,0.074153595,0.16818032,0.9629238,71.94597,0.00041982013
4038,252,translate,-1,0.07656868,0.17365773,0.96171635,71.93828,0.009685977
4039,252,polarity,-1,0.07392155,0.16765404,0.96303964,71.95109,0.002072465
4040,252,vocab,-1,0.078494355,0.17802516,0.96075326,71.93801,0.0023437997
4041,252,cat,2,0.23570435,0.53457737,0.8821482,71.830795,0.34501165
4042,252,shuffle,-1,0.07486619,0.16979648,0.9625673,71.94398,0.0012786681
4043,252,unrelated,106,1.0632983,2.41156,0.46835148,71.89376,2.1662927
4044,253,orig,-1,0.0994032,0.22544642,0.95029867,71.9577,0.0
4045,253,contradict,0,0.10340104,0.23451352,0.94829977,71.94589,0.07819706
4046,253,delete,0,0.0912537,0.20696335,0.9543734,71.968666,0.02791552
4047,253,contradict,1,0.10924955,0.24777792,0.9453754,71.97236,0.026146682
4048,253,delete,1,0.113659084,0.25777876,0.94317055,71.97062,0.034538362
4049,253,contradict,2,0.10127525,0.22969222,0.9493627,71.96153,0.0044582533
4050,253,delete,2,0.11000309,0.24948697,0.94499874,71.94042,0.009366393
4051,253,contradict,3,0.09995436,0.22669645,0.9500232,71.96977,0.0022002922
4052,253,delete,3,0.09547961,0.21654771,0.95226043,71.95978,0.0036982668
4053,253,paraphrase,-1,0.09868856,0.2238256,0.95065606,71.95904,0.00036083258
4054,253,translate,-1,0.10106337,0.22921167,0.94946885,71.93925,0.013983122
4055,253,polarity,-1,0.10248922,0.23244551,0.9487556,71.95578,0.0060803243
4056,253,vocab,-1,0.10023079,0.22732338,0.9498849,71.97185,0.001910355
4057,253,cat,-1,0.2778494,0.63016236,0.8610756,71.89228,0.4127296
4058,253,shuffle,-1,0.13866183,0.31448498,0.93066937,71.86072,0.117179446
4059,253,unrelated,191,0.8048978,1.8255078,0.5975512,71.81527,1.6911408
4060,254,orig,-1,0.062110387,0.14086632,0.9689454,71.91779,0.0
4061,254,contradict,0,0.09083317,0.2060096,0.95458394,71.959366,0.06893995
4062,254,delete,0,0.06903235,0.15656534,0.96548414,71.94675,0.015715111
4063,254,contradict,1,0.06492891,0.14725874,0.9675359,71.91385,0.0055987067
4064,254,delete,1,0.061053623,0.13846959,0.9694737,71.93673,0.0051646116
4065,254,contradict,2,0.14944439,0.33893982,0.92527807,71.90866,0.20622624
4066,254,delete,2,0.058070075,0.1317029,0.97096556,71.94917,0.03525942
4067,254,contradict,3,0.061883092,0.14035082,0.9690589,71.92427,0.0055125505
4068,254,delete,3,0.06096074,0.13825893,0.96952015,71.91889,0.001536616
4069,254,paraphrase,-1,0.062641844,0.14207168,0.96867955,71.91992,0.00039384476
4070,254,translate,-1,0.06820047,0.15467863,0.96590024,71.90005,0.010884056
4071,254,polarity,-1,0.06130427,0.13903806,0.96934825,71.920906,0.0006396354
4072,254,vocab,-1,0.06383662,0.14478143,0.96808213,71.91637,0.0032115493
4073,254,cat,-1,0.45258155,1.0264548,0.77370936,71.84043,0.94025904
4074,254,shuffle,-1,0.060252,0.1366515,0.96987456,71.94636,0.010818473
4075,254,unrelated,99,0.8168869,1.8526992,0.59155685,72.03642,1.7530843
4076,255,orig,-1,0.08698114,0.19727318,0.9565098,71.782036,0.0
4077,255,contradict,0,0.10843102,0.24592151,0.9457848,71.779495,0.028941637
4078,255,delete,0,0.0915877,0.20772086,0.9542064,71.78758,0.00942849
4079,255,contradict,1,0.089410625,0.20278326,0.95529497,71.76894,0.0021314078
4080,255,delete,1,0.08869569,0.20116179,0.9556525,71.77952,0.0023045999
4081,255,contradict,2,0.36340225,0.82419616,0.8182992,71.79784,0.6147235
4082,255,delete,2,0.10038483,0.22767276,0.94980776,71.782684,0.024423394
4083,255,contradict,3,0.08842467,0.20054711,0.9557879,71.77965,0.0006043866
4084,255,delete,3,0.08908862,0.20205295,0.95545584,71.786095,0.0013961223
4085,255,paraphrase,-1,0.08621788,0.19554211,0.9568911,71.7707,0.00044903808
4086,255,translate,-1,0.10010431,0.22703654,0.949948,71.73844,0.026965791
4087,255,polarity,-1,0.0879451,0.19945946,0.95602757,71.78477,0.0016201289
4088,255,vocab,-1,0.08498968,0.19275656,0.95750535,71.78445,0.002653415
4089,255,cat,4,0.43339682,0.9829438,0.7833019,71.889404,0.8375828
4090,255,shuffle,-1,0.121571325,0.2757237,0.9392145,71.79961,0.06016751
4091,255,unrelated,158,0.7963054,1.8060204,0.60184765,71.961205,1.7010773
4092,0,resample,1,0.067283854,0.15259975,0.9663585,72.03695,0.063341826
4093,1,resample,1,0.10995557,0.24937919,0.94502264,71.8987,0.061717026
4094,2,resample,1,0.07274113,0.16497685,0.9636297,71.99069,0.08021965
4095,3,resample,1,0.09387605,0.21291083,0.9530622,72.02737,0.06252682
4096,4,resample,1,0.0988819,0.2242641,0.9505595,71.893456,0.09035448
4097,5,resample,1,0.1712381,0.38836792,0.91438127,71.90996,0.0617946
4098,6,resample,1,0.044227555,0.100308076,0.9778863,71.90622,0.030137846
4099,7,resample,1,0.0901096,0.20436853,0.95494556,71.906525,0.18150367
4100,8,resample,1,0.14170289,0.3213821,0.92914903,71.88875,0.091987155
4101,9,resample,1,0.082100704,0.18620436,0.9589498,71.76018,0.084543794
4102,10,resample,1,0.17905335,0.4060929,0.9104736,71.77613,0.175631
4103,11,resample,1,0.07446291,0.16888185,0.962769,72.14709,0.04454848
4104,12,resample,1,0.067573376,0.15325639,0.9662134,72.097176,0.03792866
4105,13,resample,1,0.10989003,0.24923053,0.9450551,71.813286,0.07436252
4106,14,resample,1,0.05711655,0.12954031,0.97144204,72.01043,0.03758222
4107,15,resample,1,0.06351476,0.14405145,0.9682427,72.00333,0.03735767
4108,16,resample,1,0.102512956,0.23249933,0.948744,72.07724,0.05204201
4109,17,resample,1,0.09246763,0.20971654,0.95376664,71.98968,0.09956883
4110,18,resample,1,0.037976164,0.086129926,0.98101217,72.102486,0.034381703
4111,19,resample,1,0.124411404,0.28216502,0.9377947,71.948685,0.08320274
4112,20,resample,1,0.25501114,0.57836515,0.8724948,71.86139,0.2226548
4113,21,resample,1,0.13172206,0.29874557,0.93413925,71.759346,0.04972114
4114,22,resample,1,0.05781153,0.13111652,0.97109425,72.02447,0.03819609
4115,23,resample,1,0.15702516,0.35613298,0.9214877,71.8667,0.1923682
4116,24,resample,1,0.06768694,0.15351394,0.96615696,72.12533,0.053495217
4117,25,resample,1,0.14334482,0.325106,0.9283279,71.97368,0.099032424
4118,26,resample,1,0.09218927,0.20908521,0.9539056,71.80475,0.04787144
4119,27,resample,1,0.16796964,0.38095507,0.91601574,72.03979,0.054926816
4120,28,resample,1,0.0612392,0.13889048,0.9693805,71.91106,0.03505219
4121,29,resample,1,0.06160056,0.13971004,0.9692004,71.858955,0.025246682
4122,30,resample,1,0.104506336,0.23702033,0.94774735,72.089966,0.0518596
4123,31,resample,1,0.27212772,0.61718553,0.8639362,71.76787,0.09582257
4124,32,resample,1,0.059280854,0.13444895,0.9703602,71.986725,0.06572334
4125,33,resample,1,0.09675946,0.21945041,0.9516206,72.34321,0.052365452
4126,34,resample,1,0.2413561,0.5473955,0.8793224,71.608055,0.06186476
4127,35,resample,1,0.043909796,0.099587396,0.9780456,71.959526,0.036499333
4128,36,resample,1,0.07952077,0.18035308,0.96023995,72.068756,0.032208197
4129,37,resample,1,0.048510425,0.11002162,0.9757452,72.03989,0.023859052
4130,38,resample,1,0.12932758,0.2933149,0.93533653,71.920654,0.051892925
4131,39,resample,1,0.04395353,0.099686585,0.97802365,72.15769,0.042183824
4132,40,resample,1,0.05827251,0.13216203,0.970864,71.72789,0.031430606
4133,41,resample,1,0.0959201,0.21754675,0.95203984,71.79673,0.048159957
4134,42,resample,1,0.05599141,0.1269885,0.9720045,71.97836,0.02998048
4135,43,resample,1,0.074708715,0.16943933,0.9626462,71.99743,0.058501903
4136,44,resample,1,0.13698986,0.31069294,0.9315054,71.95029,0.13366212
4137,45,resample,1,0.05971538,0.13543445,0.9701426,71.92735,0.03932211
4138,46,resample,1,0.13876799,0.31472573,0.93061596,71.93393,0.10139794
4139,47,resample,1,0.07016073,0.15912451,0.9649199,71.86579,0.04502754
4140,48,resample,1,0.09896942,0.2244626,0.95051557,71.98962,0.052507907
4141,49,resample,1,0.09694418,0.21986936,0.9515281,71.84901,0.044817116
4142,50,resample,1,0.08445004,0.19153264,0.95777553,71.949776,0.038325254
4143,51,resample,1,0.1849735,0.4195198,0.90751344,71.897644,0.07075336
4144,52,resample,1,0.091354825,0.2071927,0.95432323,72.029495,0.07356151
4145,53,resample,1,0.13088618,0.29684982,0.9345572,71.96078,0.08541019
4146,54,resample,1,0.050358187,0.11421235,0.97482127,71.73835,0.024035232
4147,55,resample,1,0.074979305,0.17005304,0.9625107,71.95614,0.055269595
4148,56,resample,1,0.07682129,0.17423065,0.96158946,72.0564,0.039599035
4149,57,resample,1,0.07687401,0.17435022,0.9615636,72.351006,0.11333349
4150,58,resample,1,0.054022003,0.12252188,0.9729893,71.865395,0.05921894
4151,59,resample,1,0.102727875,0.23298678,0.94863665,71.86416,0.055639096
4152,60,resample,1,0.06754214,0.15318555,0.9662292,71.8628,0.049772445
4153,61,resample,1,0.07493161,0.16994485,0.9625344,72.27968,0.05341786
4154,62,resample,1,0.08263794,0.18742281,0.9586814,72.129845,0.04367562
4155,63,resample,1,0.049724925,0.11277611,0.97513807,72.0359,0.04282866
4156,0,resample,2,0.0795892,0.18050827,0.96020573,72.03483,0.06548389
4157,1,resample,2,0.08323367,0.18877393,0.9583838,71.95368,0.06346915
4158,2,resample,2,0.08265766,0.18746753,0.95867145,71.94568,0.04830531
4159,3,resample,2,0.0941575,0.21354917,0.9529217,71.992744,0.08531112
4160,4,resample,2,0.09586736,0.21742712,0.9520666,71.915695,0.061389964
4161,5,resample,2,0.16419736,0.37239954,0.9179015,71.897224,0.080432825
4162,6,resample,2,0.04233012,0.096004695,0.9788353,71.91574,0.020870322
4163,7,resample,2,0.11861535,0.26901957,0.9406926,71.78846,0.07846274
4164,8,resample,2,0.15951313,0.3617757,0.9202441,71.838425,0.07378413
4165,9,resample,2,0.074550204,0.16907983,0.96272504,71.786064,0.10173997
4166,10,resample,2,0.20908034,0.4741941,0.89546025,71.75348,0.116597444
4167,11,resample,2,0.069008805,0.15651193,0.9654962,72.1287,0.046466578
4168,12,resample,2,0.056773365,0.12876196,0.97161365,72.15082,0.030651215
4169,13,resample,2,0.11131313,0.25245813,0.9443436,71.775604,0.067886874
4170,14,resample,2,0.05003948,0.11348952,0.9749807,71.949844,0.028603187
4171,15,resample,2,0.06414668,0.14548464,0.9679266,71.97743,0.040820837
4172,16,resample,2,0.11184609,0.25366688,0.94407743,72.04038,0.06460707
4173,17,resample,2,0.08708587,0.19751072,0.95645744,72.080505,0.050660968
4174,18,resample,2,0.042552106,0.09650816,0.97872424,72.10314,0.030129824
4175,19,resample,2,0.13858925,0.31432036,0.9307056,71.96667,0.08768493
4176,20,resample,2,0.2152216,0.4881225,0.89238966,72.10166,0.17322333
4177,21,resample,2,0.1630741,0.369852,0.9184632,71.79967,0.053384844
4178,22,resample,2,0.079502426,0.18031147,0.9602489,72.00488,0.04359455
4179,23,resample,2,0.15626146,0.35440093,0.92186964,71.96749,0.1425201
4180,24,resample,2,0.06866641,0.15573539,0.9656673,72.05845,0.054005347
4181,25,resample,2,0.12172494,0.2760721,0.93913764,71.988464,0.04966731
4182,26,resample,2,0.086576365,0.19635516,0.9567122,71.79864,0.048062433
4183,27,resample,2,0.14475116,0.32829556,0.92762476,71.99546,0.05907184
4184,28,resample,2,0.0668517,0.15161963,0.96657467,71.89652,0.035363104
4185,29,resample,2,0.09584578,0.21737818,0.95207745,71.76107,0.07772433
4186,30,resample,2,0.1023396,0.23210618,0.94883066,72.06396,0.054510813
4187,31,resample,2,0.2516506,0.57074344,0.8741748,71.7287,0.09237397
4188,32,resample,2,0.060246013,0.13663793,0.9698778,71.945595,0.039644808
4189,33,resample,2,0.08004832,0.18154956,0.9599764,72.22718,0.054642152
4190,34,resample,2,0.22893849,0.5192324,0.8855311,71.49355,0.14874619
4191,35,resample,2,0.04684328,0.10624053,0.9765785,71.922806,0.049696498
4192,36,resample,2,0.06463847,0.14660002,0.96768105,72.06001,0.055564806
4193,37,resample,2,0.054442324,0.123475164,0.97277945,72.08045,0.039594363
4194,38,resample,2,0.16414419,0.37227896,0.91792816,71.88248,0.065956116
4195,39,resample,2,0.050027512,0.11346237,0.97498655,72.16356,0.052581258
4196,40,resample,2,0.055044405,0.124840684,0.9724781,71.720276,0.02801312
4197,41,resample,2,0.09450435,0.21433581,0.9527478,71.87232,0.055880867
4198,42,resample,2,0.0540766,0.122645706,0.9729617,71.95707,0.070646614
4199,43,resample,2,0.08871882,0.20121424,0.955641,72.02494,0.07541865
4200,44,resample,2,0.11981046,0.27173007,0.9400951,72.055786,0.07277314
4201,45,resample,2,0.061820645,0.1402092,0.9690901,71.943924,0.07421072
4202,46,resample,2,0.18287136,0.41475216,0.90856445,72.00222,0.26339155
4203,47,resample,2,0.068696715,0.15580411,0.96565175,71.77515,0.04581834
4204,48,resample,2,0.101337,0.22983228,0.94933176,72.00197,0.04337848
4205,49,resample,2,0.07657604,0.17367442,0.9617121,71.8202,0.048565846
4206,50,resample,2,0.08319684,0.1886904,0.9584021,71.9627,0.05787122
4207,51,resample,2,0.21036115,0.477099,0.89481974,71.990036,0.061708577
4208,52,resample,2,0.08787142,0.19929233,0.9560647,72.08595,0.04884953
4209,53,resample,2,0.1558977,0.35357592,0.9220513,71.95873,0.07313274
4210,54,resample,2,0.0810218,0.18375741,0.9594892,71.752266,0.091312855
4211,55,resample,2,0.048542786,0.11009502,0.9757289,72.02838,0.06214086
4212,56,resample,2,0.09747858,0.22108139,0.9512607,72.016396,0.044299036
4213,57,resample,2,0.07447226,0.16890307,0.9627643,72.321915,0.1064734
4214,58,resample,2,0.051804125,0.11749173,0.9740985,71.87855,0.039810784
4215,59,resample,2,0.09944132,0.22553287,0.95028,71.90035,0.061848257
4216,60,resample,2,0.09617552,0.21812604,0.95191246,71.94148,0.07050523
4217,61,resample,2,0.07389505,0.16759394,0.9630526,72.28193,0.056620717
4218,62,resample,2,0.10859909,0.24630268,0.94570076,72.14263,0.09780762
4219,63,resample,2,0.04872951,0.11051851,0.9756357,72.04231,0.03074706
4220,0,resample,3,0.091781065,0.20815942,0.95410985,72.004135,0.057013195
4221,1,resample,3,0.10045954,0.22784218,0.9497705,71.92522,0.051990516
4222,2,resample,3,0.08057155,0.18273623,0.9597145,72.04308,0.08253506
4223,3,resample,3,0.10518521,0.23856,0.94740754,72.04005,0.06569013
4224,4,resample,3,0.10460315,0.2372399,0.94769883,71.887825,0.058656078
4225,5,resample,3,0.16070718,0.3644838,0.91964656,71.88604,0.045546196
4226,6,resample,3,0.059936594,0.13593617,0.97003174,71.78489,0.051119454
4227,7,resample,3,0.08298838,0.18821761,0.9585061,71.850655,0.09596273
4228,8,resample,3,0.12903245,0.29264554,0.9354843,71.84453,0.06797321
4229,9,resample,3,0.079491675,0.18028708,0.96025443,71.75904,0.08033677
4230,10,resample,3,0.21651204,0.4910492,0.89174455,71.74568,0.17398919
4231,11,resample,3,0.074861184,0.16978513,0.9625701,72.200935,0.05174159
4232,12,resample,3,0.06495164,0.1473103,0.96752447,72.12079,0.012985653
4233,13,resample,3,0.091126695,0.2066753,0.9544368,71.89404,0.04992278
4234,14,resample,3,0.047778912,0.10836255,0.9761108,71.996025,0.028035494
4235,15,resample,3,0.07234066,0.16406858,0.9638299,72.01686,0.027781429
4236,16,resample,3,0.086969085,0.19724585,0.9565156,72.108955,0.07430898
4237,17,resample,3,0.09008698,0.20431723,0.9549569,72.04161,0.05594112
4238,18,resample,3,0.045008875,0.10208011,0.97749555,72.13185,0.02943358
4239,19,resample,3,0.12088148,0.27415916,0.9395595,72.01264,0.07815137
4240,20,resample,3,0.20401111,0.46269712,0.8979948,72.01214,0.20775303
4241,21,resample,3,0.13019444,0.29528093,0.9349031,71.77334,0.043380298
4242,22,resample,3,0.063181095,0.14329469,0.96840966,72.0523,0.040039334
4243,23,resample,3,0.15674561,0.35549897,0.9216274,71.97292,0.12096151
4244,24,resample,3,0.06522457,0.1479293,0.9673882,72.111206,0.022197705
4245,25,resample,3,0.13911599,0.315515,0.93044204,71.994675,0.16298947
4246,26,resample,3,0.11587189,0.2627974,0.9420644,71.76602,0.09630075
4247,27,resample,3,0.17999823,0.4082359,0.9100014,72.05005,0.060199615
4248,28,resample,3,0.067408845,0.15288323,0.96629584,71.849846,0.04321015
4249,29,resample,3,0.06593658,0.14954413,0.96703196,71.842766,0.028491471
4250,30,resample,3,0.10702507,0.24273282,0.94648784,72.110176,0.08028886
4251,31,resample,3,0.29947162,0.6792015,0.8502643,71.77513,0.11982151
4252,32,resample,3,0.051223446,0.11617475,0.97438896,71.93333,0.04407212
4253,33,resample,3,0.08817154,0.19997302,0.95591474,72.33559,0.0514087
4254,34,resample,3,0.23651485,0.5364156,0.8817431,71.61077,0.104357444
4255,35,resample,3,0.04832951,0.10961131,0.9758357,71.93186,0.04336945
4256,36,resample,3,0.09029181,0.20478179,0.9548543,72.06758,0.07173311
4257,37,resample,3,0.04579593,0.10386515,0.9771024,72.04298,0.03519909
4258,38,resample,3,0.13286039,0.30132732,0.9335704,71.892204,0.05864758
4259,39,resample,3,0.06790686,0.15401272,0.96604687,72.19264,0.05341178
4260,40,resample,3,0.054793913,0.12427257,0.9726033,71.75909,0.030458178
4261,41,resample,3,0.08937593,0.20270456,0.95531225,71.83897,0.04778365
4262,42,resample,3,0.08276576,0.1877127,0.95861745,72.01463,0.0551173
4263,43,resample,3,0.0940692,0.2133489,0.95296574,72.00857,0.049345165
4264,44,resample,3,0.1528414,0.34664422,0.9235796,71.93038,0.13029185
4265,45,resample,3,0.056174815,0.12740445,0.9719129,71.91233,0.03035453
4266,46,resample,3,0.1500386,0.34028748,0.92498076,71.873505,0.0592063
4267,47,resample,3,0.06941529,0.15743385,0.9652926,71.798615,0.05072236
4268,48,resample,3,0.11582972,0.26270175,0.9420854,71.92208,0.05858775
4269,49,resample,3,0.057940472,0.13140896,0.9710299,71.8471,0.083279796
4270,50,resample,3,0.08205293,0.18609601,0.958974,71.91523,0.039609242
4271,51,resample,3,0.192761,0.43718186,0.9036198,71.94077,0.075857736
4272,52,resample,3,0.08196006,0.18588538,0.9590204,72.05373,0.06276252
4273,53,resample,3,0.12421031,0.28170893,0.9378951,72.01748,0.061265223
4274,54,resample,3,0.072722666,0.16493498,0.963639,71.71161,0.046414774
4275,55,resample,3,0.053760212,0.12192813,0.9731204,72.003944,0.074027695
4276,56,resample,3,0.087467685,0.19837667,0.9562662,72.07054,0.05368894
4277,57,resample,3,0.08240157,0.18688673,0.9587997,72.29006,0.073936254
4278,58,resample,3,0.050355453,0.11420614,0.97482246,71.904724,0.04362065
4279,59,resample,3,0.09971811,0.22616063,0.95014143,71.83853,0.060752448
4280,60,resample,3,0.09729673,0.22066894,0.951352,71.916435,0.060377657
4281,61,resample,3,0.07652607,0.17356108,0.9617371,72.29331,0.048500784
4282,62,resample,3,0.093211964,0.2114047,0.9533945,72.11042,0.061734214
4283,63,resample,3,0.049013015,0.11116149,0.97549397,72.02931,0.045211036
4284,0,resample,4,0.09697659,0.21994287,0.95151174,71.96658,0.0678981
4285,1,resample,4,0.09484453,0.21510735,0.95257807,71.88335,0.054312628
4286,2,resample,4,0.072358936,0.16411003,0.9638208,71.98321,0.061504103
4287,3,resample,4,0.116334,0.26384544,0.9418335,72.066505,0.053356186
4288,4,resample,4,0.084433034,0.19149408,0.9577839,71.86107,0.1043748
4289,5,resample,4,0.15796998,0.35827586,0.9210149,71.863106,0.056842133
4290,6,resample,4,0.044873893,0.10177397,0.97756356,71.88641,0.029320039
4291,7,resample,4,0.09514111,0.21578,0.9524298,71.77608,0.11695832
4292,8,resample,4,0.16262549,0.36883456,0.9186877,71.88334,0.1060908
4293,9,resample,4,0.068238966,0.15476595,0.9658807,71.79839,0.068810046
4294,10,resample,4,0.17956457,0.40725234,0.910218,71.85985,0.18239294
4295,11,resample,4,0.061692666,0.13991894,0.9691541,72.15793,0.03311738
4296,12,resample,4,0.058426123,0.13251042,0.9707871,72.11524,0.025043802
4297,13,resample,4,0.09802021,0.2223098,0.95099,71.82252,0.039811358
4298,14,resample,4,0.05088652,0.1154106,0.97455734,71.974045,0.040538445
4299,15,resample,4,0.08251773,0.18715017,0.9587411,71.965034,0.04915779
4300,16,resample,4,0.104308344,0.23657128,0.94784623,72.07045,0.057225417
4301,17,resample,4,0.093849495,0.21285062,0.95307565,71.985565,0.05372723
4302,18,resample,4,0.038329493,0.08693127,0.9808353,72.14037,0.024606433
4303,19,resample,4,0.13718238,0.3111296,0.93140894,71.96925,0.09601058
4304,20,resample,4,0.19263521,0.43689656,0.9036829,72.15336,0.1095407
4305,21,resample,4,0.11575005,0.26252106,0.94212514,71.767456,0.06344378
4306,22,resample,4,0.06261611,0.14201331,0.968692,71.99216,0.06974747
4307,23,resample,4,0.15811482,0.35860434,0.920943,71.9804,0.08005537
4308,24,resample,4,0.0597649,0.13554676,0.97011787,72.10951,0.03304281
4309,25,resample,4,0.14346102,0.32536954,0.92826974,71.99505,0.11287913
4310,26,resample,4,0.1056272,0.23956245,0.9471867,71.77677,0.070388675
4311,27,resample,4,0.16760236,0.38012207,0.9161992,72.0315,0.0632196
4312,28,resample,4,0.07573643,0.1717702,0.962132,71.9246,0.061127905
4313,29,resample,4,0.07128416,0.16167244,0.9643585,71.78724,0.028327616
4314,30,resample,4,0.089810364,0.20368986,0.9550953,72.04579,0.04714402
4315,31,resample,4,0.2621352,0.59452254,0.8689326,71.80497,0.07791106
4316,32,resample,4,0.053647302,0.12167206,0.973177,71.98387,0.03297995
4317,33,resample,4,0.08926949,0.20246316,0.9553656,72.19511,0.055658437
4318,34,resample,4,0.25219327,0.5719742,0.8739037,71.65667,0.068348095
4319,35,resample,4,0.05336709,0.12103654,0.9733168,71.91689,0.040692553
4320,36,resample,4,0.07792851,0.17674184,0.9610361,72.081635,0.07693088
4321,37,resample,4,0.049945887,0.11327725,0.9750275,72.01601,0.024713442
4322,38,resample,4,0.14961582,0.33932862,0.9251926,71.91927,0.056140404
4323,39,resample,4,0.06108862,0.13854897,0.96945614,72.180626,0.049112953
4324,40,resample,4,0.0619443,0.14048964,0.9690281,71.714035,0.029097926
4325,41,resample,4,0.090543896,0.20535351,0.95472807,71.82883,0.04203517
4326,42,resample,4,0.046163715,0.104699284,0.97691846,71.91846,0.030954318
4327,43,resample,4,0.09253299,0.20986478,0.95373386,72.074905,0.067568146
4328,44,resample,4,0.12787732,0.2900257,0.9360618,71.98716,0.09388211
4329,45,resample,4,0.06569059,0.14898624,0.96715474,71.920044,0.051686198
4330,46,resample,4,0.14481738,0.32844576,0.9275913,71.87998,0.056447826
4331,47,resample,4,0.077218145,0.17513072,0.961391,71.8087,0.049313456
4332,48,resample,4,0.09541343,0.21639761,0.9522936,72.016884,0.048040148
4333,49,resample,4,0.08076194,0.18316804,0.9596193,71.84381,0.053189788
4334,50,resample,4,0.085733205,0.19444287,0.95713407,71.914825,0.052517675
4335,51,resample,4,0.17037813,0.38641754,0.91481125,71.842285,0.11762255
4336,52,resample,4,0.07774283,0.1763207,0.9611292,72.029594,0.077881955
4337,53,resample,4,0.13782367,0.312584,0.93108827,72.025536,0.07724652
4338,54,resample,4,0.062425368,0.1415807,0.9687878,71.75394,0.048481528
4339,55,resample,4,0.05635951,0.12782335,0.9718208,72.038025,0.082018554
4340,56,resample,4,0.08876145,0.20131093,0.95561945,72.06468,0.03314551
4341,57,resample,4,0.101498865,0.23019938,0.9492511,72.27736,0.05334636
4342,58,resample,4,0.0593902,0.13469695,0.9703051,71.88612,0.05413988
4343,59,resample,4,0.11182661,0.2536227,0.9440872,71.865944,0.10958157
4344,60,resample,4,0.09200806,0.20867424,0.95399624,71.90551,0.07736996
4345,61,resample,4,0.0855031,0.193921,0.9572488,72.24815,0.06951836
4346,62,resample,4,0.094630376,0.21462165,0.9526851,72.14739,0.06520764
4347,63,resample,4,0.053155143,0.12055584,0.9734229,72.004036,0.038163822
4348,0,resample,5,0.089195155,0.20229457,0.95540255,72.012215,0.047873013
4349,1,resample,5,0.09471563,0.214815,0.95264244,71.933365,0.06607781
4350,2,resample,5,0.08396137,0.19042434,0.95801955,71.9937,0.0610754
4351,3,resample,5,0.1007699,0.22854608,0.9496155,71.99368,0.08024199
4352,4,resample,5,0.095358714,0.21627352,0.95232105,71.878296,0.06871054
4353,5,resample,5,0.15054569,0.34143755,0.9247273,71.842155,0.046434704
4354,6,resample,5,0.0631595,0.14324573,0.96842045,71.8851,0.054592784
4355,7,resample,5,0.09887746,0.22425404,0.9505616,71.78468,0.07776175
4356,8,resample,5,0.13815942,0.31334552,0.93092066,71.937416,0.07436538
4357,9,resample,5,0.075887665,0.1721132,0.9620564,71.84817,0.07901037
4358,10,resample,5,0.18078795,0.410027,0.90960634,71.76678,0.1477893
4359,11,resample,5,0.066912785,0.15175816,0.96654403,72.16693,0.036850944
4360,12,resample,5,0.0691366,0.15680178,0.96543205,72.12953,0.023290569
4361,13,resample,5,0.10703607,0.24275775,0.9464823,71.869225,0.07383911
4362,14,resample,5,0.045218796,0.10255621,0.97739094,71.9667,0.028167298
4363,15,resample,5,0.096452914,0.21875517,0.9517738,71.86856,0.07822107
4364,16,resample,5,0.14243975,0.3230533,0.9287806,72.00983,0.09117581
4365,17,resample,5,0.11053957,0.2507037,0.94473046,71.96139,0.08495148
4366,18,resample,5,0.041010913,0.09301273,0.9794947,72.116875,0.02563071
4367,19,resample,5,0.1382715,0.3135997,0.93086445,71.98115,0.08867461
4368,20,resample,5,0.2084147,0.47268444,0.895793,72.10993,0.13662015
4369,21,resample,5,0.11110463,0.25198525,0.94444776,71.76223,0.07296361
4370,22,resample,5,0.05276938,0.11968093,0.97361535,71.979836,0.04235716
4371,23,resample,5,0.15522738,0.35205564,0.9223866,71.91966,0.12100161
4372,24,resample,5,0.06839981,0.15513074,0.9658003,72.13738,0.026112106
4373,25,resample,5,0.1366301,0.309877,0.931685,72.015175,0.12311342
4374,26,resample,5,0.096179,0.21813393,0.9519107,71.78246,0.06435166
4375,27,resample,5,0.15776686,0.35781518,0.9211172,71.97835,0.045281433
4376,28,resample,5,0.06360422,0.14425434,0.96819794,71.84155,0.06672578
4377,29,resample,5,0.0690773,0.15666728,0.9654616,71.82324,0.023465347
4378,30,resample,5,0.08237936,0.18683636,0.9588109,72.057465,0.06415589
4379,31,resample,5,0.2738814,0.6211629,0.8630595,71.836395,0.11445489
4380,32,resample,5,0.055894293,0.12676823,0.9720534,71.8965,0.08128368
4381,33,resample,5,0.09045003,0.20514064,0.95477533,72.28552,0.051033378
4382,34,resample,5,0.21337113,0.4839256,0.89331466,71.59189,0.10051945
4383,35,resample,5,0.046111483,0.10458082,0.9769445,71.89997,0.03387446
4384,36,resample,5,0.06273449,0.1422818,0.96863306,72.04488,0.065512195
4385,37,resample,5,0.049061608,0.1112717,0.9754696,72.04819,0.021661134
4386,38,resample,5,0.14458442,0.3279174,0.9277084,71.87737,0.05872788
4387,39,resample,5,0.05064547,0.1148639,0.9746777,72.153015,0.024508791
4388,40,resample,5,0.05221944,0.11843366,0.9738906,71.775665,0.027832981
4389,41,resample,5,0.08953242,0.2030595,0.9552338,71.86698,0.046790786
4390,42,resample,5,0.058318656,0.13226669,0.9708407,71.97704,0.034774188
4391,43,resample,5,0.06833944,0.15499382,0.9658308,72.02595,0.055552706
4392,44,resample,5,0.14468324,0.32814154,0.92765844,71.93929,0.12177851
4393,45,resample,5,0.07151722,0.16220103,0.964242,71.90743,0.04620246
4394,46,resample,5,0.15519884,0.3519909,0.92240065,71.89029,0.07280533
4395,47,resample,5,0.07480381,0.169655,0.96259844,71.82872,0.033584304
4396,48,resample,5,0.095726594,0.21710788,0.95213675,71.98048,0.061185315
4397,49,resample,5,0.062832795,0.14250475,0.9685837,71.81575,0.10262749
4398,50,resample,5,0.08933926,0.2026214,0.95533067,71.94674,0.041364767
4399,51,resample,5,0.222403,0.5044099,0.88879895,71.92885,0.065273516
4400,52,resample,5,0.081613764,0.18509997,0.95919335,72.08447,0.049241874
4401,53,resample,5,0.14161885,0.3211915,0.92919075,71.997986,0.06013945
4402,54,resample,5,0.06297846,0.14283513,0.96851104,71.73215,0.023828503
4403,55,resample,5,0.05795542,0.13144287,0.9710227,71.986626,0.05950623
4404,56,resample,5,0.086632036,0.19648142,0.9566842,72.04631,0.04477133
4405,57,resample,5,0.12448468,0.2823312,0.93775815,72.20565,0.030942101
4406,58,resample,5,0.062812045,0.1424577,0.9685941,71.868706,0.064325176
4407,59,resample,5,0.088216946,0.200076,0.95589215,71.84914,0.07867481
4408,60,resample,5,0.069833145,0.15838154,0.9650839,71.87457,0.046356004
4409,61,resample,5,0.086288154,0.1957015,0.95685595,72.26517,0.0815045
4410,62,resample,5,0.09157227,0.20768587,0.9542141,72.116005,0.046472296
4411,63,resample,5,0.04155461,0.094245836,0.9792232,72.03531,0.036155477
4412,0,resample,6,0.06695404,0.15185173,0.9665232,72.073524,0.064582966
4413,1,resample,6,0.13201639,0.2994131,0.93399215,71.92622,0.1415375
4414,2,resample,6,0.07401607,0.16786842,0.96299213,71.96486,0.06052313
4415,3,resample,6,0.12553301,0.28470883,0.93723375,72.001434,0.05905625
4416,4,resample,6,0.084574625,0.19181521,0.9577131,71.89636,0.054127563
4417,5,resample,6,0.17508788,0.39709926,0.9124562,71.78878,0.086335994
4418,6,resample,6,0.045192644,0.1024969,0.97740394,71.89087,0.03403758
4419,7,resample,6,0.08381766,0.19009842,0.95809156,71.84677,0.08572503
4420,8,resample,6,0.14084187,0.3194293,0.92957956,71.950836,0.06563686
4421,9,resample,6,0.07859057,0.17824338,0.9607047,71.769684,0.07721019
4422,10,resample,6,0.18499014,0.41955754,0.9075054,71.89799,0.15165907
4423,11,resample,6,0.066339254,0.1504574,0.9668309,72.18983,0.021935752
4424,12,resample,6,0.070887566,0.16077296,0.9645567,72.13526,0.020397669
4425,13,resample,6,0.07861297,0.17829418,0.9606937,71.96153,0.10677454
4426,14,resample,6,0.049119215,0.111402355,0.975441,71.982124,0.02366461
4427,15,resample,6,0.06533414,0.1481778,0.9673332,71.94395,0.032719355
4428,16,resample,6,0.094779715,0.21496035,0.9526106,72.017044,0.07345579
4429,17,resample,6,0.08465447,0.1919963,0.9576732,71.99029,0.042362593
4430,18,resample,6,0.04388733,0.09953644,0.9780563,72.10102,0.03249801
4431,19,resample,6,0.17280093,0.39191243,0.9135999,71.96469,0.20780848
4432,20,resample,6,0.1947973,0.4418002,0.9026018,72.02198,0.09607761
4433,21,resample,6,0.13878927,0.314774,0.93060553,71.76215,0.044320785
4434,22,resample,6,0.061327487,0.13909072,0.9693366,72.03444,0.0316322
4435,23,resample,6,0.16985086,0.38522166,0.915075,71.95723,0.1340514
4436,24,resample,6,0.068634376,0.15566273,0.9656834,72.10488,0.04300188
4437,25,resample,6,0.11949078,0.27100503,0.9402549,72.05901,0.10764046
4438,26,resample,6,0.083127365,0.18853283,0.95843655,71.81257,0.042525582
4439,27,resample,6,0.13261157,0.30076298,0.9336948,71.97332,0.048836987
4440,28,resample,6,0.0722911,0.16395618,0.96385485,71.86512,0.041139036
4441,29,resample,6,0.06411437,0.14541136,0.96794325,71.81466,0.03143378
4442,30,resample,6,0.113484524,0.25738284,0.94325805,71.98878,0.07985255
4443,31,resample,6,0.25621137,0.5810873,0.87189454,71.75213,0.066939816
4444,32,resample,6,0.05994771,0.13596138,0.9700266,71.97055,0.07287225
4445,33,resample,6,0.07583915,0.17200315,0.96208084,72.31078,0.031885512
4446,34,resample,6,0.27566835,0.6252157,0.862166,71.60919,0.1050291
4447,35,resample,6,0.057652574,0.130756,0.97117424,71.92077,0.05248547
4448,36,resample,6,0.070143595,0.15908565,0.9649285,72.05566,0.077620365
4449,37,resample,6,0.04850977,0.11002014,0.9757457,72.03793,0.030165615
4450,38,resample,6,0.15480873,0.35110614,0.92259604,71.94501,0.06430139
4451,39,resample,6,0.048873946,0.11084609,0.97556347,72.19647,0.028828882
4452,40,resample,6,0.053256862,0.12078654,0.97337186,71.71862,0.04007516
4453,41,resample,6,0.102930546,0.23344643,0.9485348,71.880356,0.042810693
4454,42,resample,6,0.063395,0.14377983,0.9683026,71.941154,0.040196817
4455,43,resample,6,0.097395904,0.22089387,0.95130235,72.009544,0.058886785
4456,44,resample,6,0.16345277,0.37071082,0.91827387,71.96767,0.14626305
4457,45,resample,6,0.056207754,0.12747917,0.9718964,71.92199,0.042853333
4458,46,resample,6,0.16732898,0.37950206,0.9163359,71.849815,0.10343942
4459,47,resample,6,0.07441793,0.16877982,0.9627913,71.7935,0.029545702
4460,48,resample,6,0.10115854,0.22942752,0.9494209,71.981636,0.05285672
4461,49,resample,6,0.072784916,0.16507615,0.9636078,71.86821,0.09678287
4462,50,resample,6,0.09858688,0.223595,0.950707,71.97189,0.047528405
4463,51,resample,6,0.18235418,0.4135792,0.9088235,71.88734,0.06587829
4464,52,resample,6,0.081939414,0.18583855,0.9590307,72.02864,0.05476764
4465,53,resample,6,0.11496093,0.26073134,0.9425198,72.00421,0.06879242
4466,54,resample,6,0.057628393,0.13070117,0.97118616,71.731705,0.0376848
4467,55,resample,6,0.05532961,0.12548754,0.97233534,71.9823,0.10363665
4468,56,resample,6,0.0839164,0.19032237,0.95804167,72.08438,0.03565749
4469,57,resample,6,0.07493235,0.16994654,0.96253455,72.32559,0.07992359
4470,58,resample,6,0.058414448,0.13248394,0.9707929,71.897385,0.060767036
4471,59,resample,6,0.08573386,0.19444436,0.95713353,71.89043,0.06544148
4472,60,resample,6,0.10250981,0.23249221,0.9487454,71.91895,0.0646666
4473,61,resample,6,0.08747583,0.19839515,0.956262,72.31672,0.06879165
4474,62,resample,6,0.08860113,0.20094731,0.95569986,72.09717,0.055924945
4475,63,resample,6,0.046893574,0.10635461,0.97655344,72.03188,0.03809107
4476,0,resample,7,0.06815085,0.1545661,0.96592474,72.024254,0.078721076
4477,1,resample,7,0.09708448,0.22018754,0.95145816,71.943405,0.051863447
4478,2,resample,7,0.073364,0.16638951,0.96331835,71.98649,0.07612884
4479,3,resample,7,0.08272119,0.18761162,0.9586398,72.0012,0.07305879
4480,4,resample,7,0.100539245,0.22802296,0.9497307,71.85956,0.11956582
4481,5,resample,7,0.15486193,0.35122678,0.9225693,71.82997,0.05073119
4482,6,resample,7,0.050937634,0.115526535,0.97453135,71.89261,0.04668801
4483,7,resample,7,0.09454912,0.21443737,0.95272577,71.81574,0.056511197
4484,8,resample,7,0.151435,0.3434545,0.9242831,71.93884,0.074759625
4485,9,resample,7,0.07773946,0.17631307,0.96113044,71.7909,0.09593684
4486,10,resample,7,0.25818494,0.5855633,0.87090784,71.7335,0.27334002
4487,11,resample,7,0.05101323,0.11569799,0.9744938,72.14648,0.053220972
4488,12,resample,7,0.077485114,0.1757362,0.96125776,72.081604,0.0413519
4489,13,resample,7,0.106028184,0.24047187,0.9469862,71.819954,0.04675525
4490,14,resample,7,0.050807692,0.11523182,0.9745965,71.993195,0.037618548
4491,15,resample,7,0.06796231,0.15413849,0.9660188,71.96044,0.032775976
4492,16,resample,7,0.11078508,0.25126052,0.94460803,72.05104,0.065584555
4493,17,resample,7,0.08781906,0.1991736,0.95609075,72.02557,0.052374676
4494,18,resample,7,0.041680433,0.0945312,0.97915995,72.09154,0.026082119
4495,19,resample,7,0.14741853,0.33434516,0.926291,71.95538,0.16680521
4496,20,resample,7,0.20096307,0.45578414,0.89951897,72.06682,0.06696068
4497,21,resample,7,0.15483388,0.35116318,0.92258334,71.77657,0.07853256
4498,22,resample,7,0.059236377,0.13434808,0.970382,72.00083,0.046382535
4499,23,resample,7,0.15478036,0.3510418,0.92261016,72.009056,0.13400726
4500,24,resample,7,0.070337914,0.15952636,0.96483135,72.096054,0.036165696
4501,25,resample,7,0.122556195,0.2779574,0.9387219,71.95623,0.09470433
4502,26,resample,7,0.084124684,0.19079475,0.9579379,71.77915,0.059863754
4503,27,resample,7,0.16416363,0.37232304,0.9179185,72.01252,0.058719564
4504,28,resample,7,0.058368254,0.13237917,0.97081614,71.86789,0.043369852
4505,29,resample,7,0.06889404,0.15625165,0.9655534,71.80815,0.023515273
4506,30,resample,7,0.10413613,0.23618071,0.94793236,72.020515,0.047117375
4507,31,resample,7,0.23441216,0.53164667,0.88279414,71.76992,0.0842156
4508,32,resample,7,0.051097732,0.11588963,0.97445166,71.957726,0.037828222
4509,33,resample,7,0.08030452,0.1821306,0.95984817,72.302155,0.038529966
4510,34,resample,7,0.27162895,0.61605436,0.86418575,71.60833,0.083777994
4511,35,resample,7,0.044414043,0.10073103,0.97779316,71.90478,0.03457108
4512,36,resample,7,0.0744081,0.16875754,0.96279633,72.01874,0.059177123
4513,37,resample,7,0.05214106,0.1182559,0.97393006,72.03171,0.024693942
4514,38,resample,7,0.13228215,0.30001587,0.93385935,71.89502,0.08336564
4515,39,resample,7,0.06417004,0.14553763,0.96791524,72.17057,0.061631735
4516,40,resample,7,0.06152923,0.13954827,0.9692357,71.704056,0.033686012
4517,41,resample,7,0.086428195,0.19601911,0.9567858,71.86563,0.047038123
4518,42,resample,7,0.06568542,0.14897451,0.9671573,71.96448,0.03448491
4519,43,resample,7,0.07132957,0.16177544,0.96433544,71.97167,0.07122263
4520,44,resample,7,0.12239413,0.27758983,0.9388034,72.001526,0.09556232
4521,45,resample,7,0.061161805,0.13871494,0.9694196,71.89215,0.048316438
4522,46,resample,7,0.13200964,0.2993978,0.93399537,71.861534,0.07534563
4523,47,resample,7,0.07340207,0.16647586,0.9632992,71.79678,0.031548295
4524,48,resample,7,0.115910396,0.26288474,0.942045,71.93856,0.066466406
4525,49,resample,7,0.07328035,0.1661998,0.9633603,71.79653,0.0560123
4526,50,resample,7,0.10352713,0.23479947,0.94823706,71.91719,0.045918893
4527,51,resample,7,0.18606022,0.4219845,0.90697014,71.93425,0.048466712
4528,52,resample,7,0.07648496,0.17346786,0.9617581,72.07335,0.06740141
4529,53,resample,7,0.1459711,0.3310624,0.9270148,72.02391,0.058728892
4530,54,resample,7,0.055113,0.12499626,0.9724438,71.7537,0.032510746
4531,55,resample,7,0.054762006,0.1242002,0.97261924,71.990944,0.05284135
4532,56,resample,7,0.08602709,0.19510941,0.95698655,72.01438,0.045279473
4533,57,resample,7,0.080125675,0.181725,0.9599378,72.31787,0.14513583
4534,58,resample,7,0.059018523,0.13385399,0.97049123,71.86408,0.04494044
4535,59,resample,7,0.09364162,0.21237914,0.9531796,71.84932,0.09233364
4536,60,resample,7,0.10724994,0.24324282,0.94637525,71.95577,0.08094283
4537,61,resample,7,0.08123514,0.18424127,0.95938265,72.31717,0.05068626
4538,62,resample,7,0.10493968,0.23800313,0.9475306,72.06288,0.0835164
4539,63,resample,7,0.043501087,0.09866045,0.9782499,72.037506,0.033960503
4540,0,resample,8,0.09658636,0.21905783,0.95170707,71.99925,0.0660272
4541,1,resample,8,0.09562897,0.21688646,0.95218605,71.91524,0.06708745
4542,2,resample,8,0.082446344,0.18698828,0.9587772,71.961655,0.057224605
4543,3,resample,8,0.08110579,0.18394789,0.9594476,71.95339,0.13016947
4544,4,resample,8,0.082842834,0.1878875,0.9585788,71.90541,0.081305474
4545,5,resample,8,0.16403481,0.37203088,0.91798306,71.84883,0.040766254
4546,6,resample,8,0.048893563,0.11089058,0.97555333,71.90735,0.02992887
4547,7,resample,8,0.12099455,0.27441558,0.93950313,71.76166,0.069132105
4548,8,resample,8,0.13807692,0.3131584,0.9309621,71.92371,0.05027948
4549,9,resample,8,0.07730869,0.17533608,0.9613458,71.772415,0.09396082
4550,10,resample,8,0.18001842,0.4082817,0.90999115,71.78829,0.12473808
4551,11,resample,8,0.062462986,0.14166602,0.9687691,72.15416,0.042466905
4552,12,resample,8,0.0657959,0.14922507,0.96710265,72.1117,0.02464513
4553,13,resample,8,0.090611696,0.2055073,0.95469433,71.85798,0.07458275
4554,14,resample,8,0.05162958,0.117095865,0.9741856,71.97313,0.02842812
4555,15,resample,8,0.06984004,0.15839717,0.96508,72.07326,0.034652106
4556,16,resample,8,0.09753457,0.22120835,0.95123297,72.032104,0.07446646
4557,17,resample,8,0.10162654,0.23048894,0.9491869,72.0192,0.079803534
4558,18,resample,8,0.037993066,0.08616826,0.9810036,72.0654,0.02946781
4559,19,resample,8,0.14777532,0.33515435,0.9261127,71.90721,0.11870728
4560,20,resample,8,0.20297547,0.46034828,0.89851266,71.99689,0.10159764
4561,21,resample,8,0.1001719,0.22718982,0.9499143,71.78181,0.06050951
4562,22,resample,8,0.081958555,0.18588197,0.9590208,72.03634,0.030178918
4563,23,resample,8,0.19096911,0.43311787,0.9045158,71.99499,0.16401272
4564,24,resample,8,0.0651838,0.14783683,0.9674086,72.10288,0.06021121
4565,25,resample,8,0.14489208,0.3286152,0.9275542,71.95912,0.18343258
4566,26,resample,8,0.08730079,0.19799815,0.9563501,71.77366,0.038172107
4567,27,resample,8,0.14742024,0.33434904,0.92629015,72.02528,0.07903529
4568,28,resample,8,0.06765054,0.1534314,0.966175,71.87445,0.042878672
4569,29,resample,8,0.06678685,0.15147254,0.9666072,71.81611,0.02410446
4570,30,resample,8,0.12561193,0.2848878,0.9371945,72.04544,0.09080152
4571,31,resample,8,0.24846646,0.5635218,0.875767,71.82067,0.10651635
4572,32,resample,8,0.05115875,0.11602802,0.974421,71.98141,0.059164204
4573,33,resample,8,0.07840861,0.17783068,0.9607961,72.33796,0.032608837
4574,34,resample,8,0.2312514,0.5244781,0.8843748,71.58712,0.13838656
4575,35,resample,8,0.04712651,0.1068829,0.97643733,71.95212,0.053482935
4576,36,resample,8,0.08371264,0.18986022,0.95814383,72.06461,0.0683972
4577,37,resample,8,0.045507967,0.10321205,0.97724634,72.05953,0.019241018
4578,38,resample,8,0.12756255,0.28931183,0.936219,71.90254,0.075765595
4579,39,resample,8,0.04253059,0.09645936,0.978735,72.15835,0.02999646
4580,40,resample,8,0.054105185,0.12271053,0.9729477,71.723274,0.033614118
4581,41,resample,8,0.09602903,0.21779379,0.9519855,71.83968,0.042298414
4582,42,resample,8,0.069233395,0.15702131,0.9653835,71.94755,0.046257503
4583,43,resample,8,0.08670127,0.19663844,0.95665,72.01376,0.08091696
4584,44,resample,8,0.1463412,0.3319018,0.9268297,71.98473,0.112395056
4585,45,resample,8,0.058636032,0.1329865,0.97068244,71.90086,0.043771062
4586,46,resample,8,0.12612906,0.28606066,0.9369356,71.95479,0.124499865
4587,47,resample,8,0.0752508,0.17066878,0.9623747,71.81625,0.043701395
4588,48,resample,8,0.09156402,0.20766716,0.95421827,71.97095,0.04327553
4589,49,resample,8,0.06824167,0.15477207,0.9658797,71.85255,0.0986556
4590,50,resample,8,0.08132662,0.18444873,0.9593372,71.977165,0.030347498
4591,51,resample,8,0.1957863,0.44404325,0.9021073,71.88124,0.06361558
4592,52,resample,8,0.08284087,0.18788305,0.95857984,72.04249,0.056020778
4593,53,resample,8,0.13816445,0.3133569,0.9309179,72.00492,0.046561107
4594,54,resample,8,0.060234703,0.13661228,0.9698829,71.76035,0.04066789
4595,55,resample,8,0.07369833,0.16714777,0.9631513,72.08136,0.0821805
4596,56,resample,8,0.09919813,0.22498132,0.95040107,72.01663,0.09251631
4597,57,resample,8,0.104235455,0.23640597,0.947883,72.27506,0.031372614
4598,58,resample,8,0.04837751,0.10972017,0.9758116,71.87232,0.052133825
4599,59,resample,8,0.1252479,0.28406218,0.93737644,71.85677,0.09996628
4600,60,resample,8,0.09008567,0.20431426,0.95495754,71.908226,0.08078207
4601,61,resample,8,0.06464813,0.14662193,0.96767634,72.296265,0.08905028
4602,62,resample,8,0.0922265,0.20916966,0.95388716,72.15807,0.03513307
4603,63,resample,8,0.04391,0.099587865,0.97804534,72.05745,0.035377156
