idx,k,explanation,n_tokens
0,1,"Biographical/encyclopedic profile of Scottish artist William Gowans, establishing his rural根基, staying power, and humble approach — narrative momentum drives toward concluding this example.

The sentence structure ""Gowans said that he might have achieved greater success if he had traveled, but he acknowledges that it would"" sets up a contrasting concession clause explaining why he chose to stay, requiring elaboration of personal cost or trade-off (e.g., ""have meant betraying his surroundings"").

Final token ""would"" begins a conditional/modal construction mid-sentence after ""confessed that he would have liked to spend more time in bars at resorts, but says it would"" — immediately expects a verb phrase explaining what traveling/lifestyle change would have required or cost him personally, likely ""have conflicted"" or similar negation.",175
1,1,"Historical narrative home to a Holocaust-era story, requiring details about a Jewish child's fate in Nazi-occupied Europe.

The sentence structure demands completion of Miriam's school context — ""school photo shows the 13-year-old student Miriam Elalem, who attended Dido Mordechai School in Haifa, where she"" — implying biographical details about her life, friends, or schooling.

Final token ""she"" opens a relative clause mid-sentence (""Miriam was living in Palestine and attending the Dido Mordechai school, where she""), immediately requiring a verb phrase describing her activities or classmates, likely her name, social connections, or daily life detail.
""Brings the image to life: Miriam Elalem was a student at a Jewish school in Haifa, where she"" completes naturally with personal biographical detail.",183
2,1,"Educational museum/audio-guide register, presenting historical facts about a Civil War artifact or exhibit in accessible prose. ""Log hut"" introduced, now contextualizing antebellum conditions at Fort Pillow.

The sentence describes hut construction standards from official military records, setting up a contrast or elaboration about actual results/blacksmith-felled logs.

""Despite their primitive nature, most"" — mid-sentence contrast setup requiring a concluding clause describing how huts generally turned out, likely praising their quality, uniformity, or the soldiers' comfort/occupancy. ""According to the magazine, General Sherman gave a strict set of instructions for construction. Following these directions, most"" demands a plural noun and descriptor immediately after, such as ""the huts"" or ""ordinary dwellings were well-built/neat rows.""
Condition assessments of individual log cabins are expected.",182
3,1,"Historical/celebratory lecture narrative establishing Edinburgh's medical heritage, with formal yet lively register suited to an academic medical museum society.

Anecdote about the 1846 ether demonstration at Massachusetts General Hospital is mid-telling, detailing Morse's invention and its造福之父 significance, building toward a famous quoted reaction/punchline from Governor John Warren.

Final clause ""the Governor famously declared 'This is better than bleeding!', thus giving"" — a participial phrase requiring a quoted description or historical claim to follow, likely the formal lexicographical ""giving the world..."" or explaining Warren's famous endorsement of the phrase's origin/significance.
""
Warren thereafter famously praised the operation as 'well done', thus giving"" expects a concluding historical reference, likely an idiomatic phrase or moment originated from this event.",178
4,1,"Historical/educational prose introducing Holocaust content, with factual cataloguing tone (""Ruth Siegel's fragmentary sketches,"" ""over 38,000 fragments"").

Implied narrative momentum: the sentence explains origins of hair relics, requiring news of liberation/discovery at Auschwitz about to be completed.

Final clause ""masses of hair that remained at Auschwitz when the camp was"" requires completion of a past passive construction describing the Soviet Army or Allied forces' advance — ""liberated"" or ""as Soviet troops approached/approached"" is expected, referencing the historical 1945 retreat event.
</br>""During the Nazis' retreat, these items were amongst the ca. two million human heads of hair found at Auschwitz when the concentration camp was"" demands a specific liberation event reference, Soviet arrival most likely.

The closing ""when Auschwitz was"" awaits past passive completion.",193
5,1,"Historical chronological narrative about Cherokee lands and territorial disputes, using formal 19th-century prose style with dated entries.

The text is building toward completing a geographic list of rivers/territorial boundaries defining the contested region, continuing the theme of Cherokee lands, interactions, and European settlement routes established across prior sentences.

Final token ""Cumberland"" ends an incomplete geographic enumeration (""the territories lying between the Ohio, Tennessee and Cumberland""), requiring completion of the river reference and likely continuation with a political/geographic description or further noun clause. ""Between Dr. Harrod, who was already in the region, with a view of opening mutual routes between trading between the partners between the Ohio, Tennessee and Cumberland"" — unclosed list demands one more river or boundary name (e.g., ""rivers, the Tennessee Valley"").",174
6,1,"Genealogical/historical record format from 17th century colonial New England, listing land acquisitions, dates, and property details for immigrant origins.

The text has transitioned to listing Thomas Hunt's children, establishing a enumerative list structure after ""He had two sons, Gabriel"" — the second son's name is immediately expected.

""Gabriel"" is the first item introduced in a list of two sons (per the stated count), followed by a son named likely continuing with roots/middle names, occupation, or own migration details, continuing their genealogical record role. ""
Two sons, Gabriel"" requires completing the list with the second name, possibly ""John"" or ""Robert,"" and likely elaborate each son's subsequent history. ""
He had two sons: Gabriel"" — a proper introduction demanding continuation.",177
7,1,"Historical narrative momentum: detailed WWII/fleet service context for Admiral Powers' award, now transitioning to a specific incident description in 1971 Korea.

Biographical obituary domain from a beer company website, following formal chronological structure with specific dates, vessel names, and locations throughout.

Final token ""Spirit"" ends a Navy operation/exercise name ""Operation Eagle Spirit"" mid-narrative, immediately requiring continuation of the sentence describing the naval exercise context, likely a comma or further details about the exercise name/geography. ""Powers was on board USS Henry T. Doyle, a destroyer escort, when his ship ran aground on Genie Bank. Doyle was involved in a six-nation NATO task force in the Mediterranean. The ship participated in Operation Eagle Spirit"" — probably ""Azure Mace"" or a follow-on operation name.",182
8,1,"Biblical concordance/lexicon format with numbered entries defining Hebrew terms and providing scripture citations -- scholarly reference style throughout.

The text is listing verse citations and definitions for ""Heshban/Jesh应用能力baneah/Heshon,"" following a consistent pattern of name, role, and relational identifier.

Final token ""son"" is mid-phrase in a defining gloss/prefix — ""Jehoiada, the chief priest; Jehoiada, the LEADER of the singers. -Levitical priest, son"" expects immediate continuation with parental lineage or genealogical detail, e.g., ""of Shallum"" or a citation referencing Ezra 2:41 to clarify prior redundancy.
</br>""'Jeshubbaneah: he was chief"" (28) Jehoiada, Levitical priest, son"" continues genealogical clarification.",187
9,1,"Wikipedia biographical article pattern establishes structured factual prose about a crime figure, expecting key dates, events, and legal/criminal details.

The sentence ""Vincent 'Chin' Maniscalco (1946–1986) was a member of the Gambino crime family in New York City. He was a very devoted soldier in the mid-1970s. He was"" signals escalating biographical detail about his life trajectory, fate, or notable criminal incidents.

Final token ""was"" opens a new predicate, most likely introducing his death circumstances, indictment, or fate — probably ""shot,"" ""arrested,"" or ""charged,"" common for hitmen or mob members whose lives ended via investigation or violence.
""Chin"" Pate biographical context about post-sentence events also expected next, covering the Pate conflict and legal killing.",190
10,1,"Archival historical document style: formal CIA/US government report summaries covering decolonization and political developments in South Vietnam (1965).

Sequential document summarization: two documents introduced sequentially with parallel structure (""The first document... The second...""), now mid-summary of document two's content about U.S. officials' optimistic assessment post-coup.

Final token ""Ahmed"" ends a clause introducing the new leader's name mid-sentence (""Viewing Cambodia's Khmer Republic as likely U.S.-oriented, U.S. officials expected easier working relations with the new premier Lon Nol Cheng Heok (Lonnoul) Sirik Matak Ahmed""), immediately requiring continuation about specific predictions, regime qualities, or contrasting complications about the new government's prospects — likely a period or new clause elaborating on Sirik Matak's regime.",179
11,1,"Historical/encyclopedic register describing Askeran's significance in Armenian history, establishing a template of factual progression.

Contradiction or elaboration expected: ""still closed city"" mirrors mysterious/sleeping theme, suggesting continuation about ancient monuments and settlement.

Final fragment ""excavated skeletons and pottery tell of evidence of man"" is mid-sentence, requiring immediate grammatical completion — likely ""human habitation/survival/life dating back to"" or similar, indicating the earliest inhabitants or prehistoric presence.
""
<explanation>
The archaeological context point about Askeran mounds introduces early human settlement evidence. ""Several archaeological mounds containing skeletons and pottery found in Askeran indicate evidence of man"" demands completion referencing habitation, life, or geological/historical timelines

Continuation of archaeological/historical narrative describing ancient findings in the closed Armenian town region.

""man"" ends mid-compound noun phrase, almost certainly continuing as ""man-made activity"" or ""man's presence dating back to...""",220
12,1,"Structured academic essay format with named sections (""causes of social reform""), driving systematic coverage of 19th-century British political history topics.

Narrative momentum building through cause-and-effect argument about mid-19th century economic/political conditions, specifically detailing consequences of the Industrial Revolution on trade and unemployment.

""Unemployment rose to approximately hundreds of thousands. A series of poor"" ends mid-phrase, requiring a noun completing the adjective (e.g., ""harvests,"" ""weather,"" or ""economic conditions"") describing hardship triggering unrest or legislation. ""The period between 1840 and 1848 saw a slump in demand for British goods as Britain competed with other countries; A large amount of soldiers given the option of unemployment. A series of poor"" signals continued enumeration of worsening conditions, likely agricultural or meteorological.",182
13,1,"Catalog/museum exhibit format transition: structured artifact data (date, dimensions) follows after prose description, mirroring encyclopedic reference style.

The artifact was already cited as ""200 BCE to AD 400"" twice above, predicting the same date range will close here.

Final token ""to"" is part of the date range ""Mexico, Typical Olmec Region | 200 BCE to"", immediately requiring the closing date ""400 CE"" or ""AD 400"" (as used in the field caption ""between 100 BC to AD 400"").
""Title: Deposition Vessel / Date: Mexico, Typical Olmec Region | from 200 BCE to"" — mid-field phrase demanding the end date to complete the established temporal range.",179
14,1,"Biographical narrative following chronological structure: career progression from early group work to solo ministry, establishing Todd's musical roots in Christian rock.

The text is detailing Todd's first band ""The Reuben Crew,"" formed in 1975 as a Christian rock group, with albums mentioned — continuation expected covering their activities, venues, or eventual departure.

""recorded two albums. The band toured"" ends mid-sentence, immediately requiring tour details: locations, proximity to a major event, or touring partners (""extensively,"" ""across the South,"" etc.).
""Sandiegohighschool
became part of a Christian rock group called The Reuben Crew...The band recorded two albums. The band toured"" — direct continuation of early career activity sentence, describing life trajectory, likely small-town venues or college circuits.
The band toured relatively locally or nationally.",184
15,1,"Historical/fact-sheet narrative about a naval vessel, following a chronological progression of commissioning, renaming, and deployment milestones for the USNS M=yes Mitchell (SSN)/converted ship.

Continuation of location/deployment details expected after ""Based at Rota, Spain"" — likely a destination continuation or operational theater listing further assignments.

""Base was towed and converted to a submarine tender by 1968. Based at Rota, Spain"" — the comma after ""Spain"" signals an incomplete locative phrase; next tokens will specify dates, timeframe, or coordinating conjunction continuing the operational detail (""and Portugal"" or "","" with operational notes about NATO support in Mediterranean).

""Built for the Long Range Strike program. Assigned to 6th Fleet. Based at Rota, Spain"" fits cold war naval deployment conventions.",179
16,1,"Genealogical/local history blog series structure: each entry covers Lizard Peninsula coastal geology figures, building toward Darwin's connection as an unexpected angle.

Narrative momentum shifts from the Brodie brothers to Darwin's connection with the Lizard Peninsula geology community, setting up discussion of Darwin's Devon observations or written work.

Final fragment ""the time Darwin"" opens a dependent clause mid-sentence, immediately requiring a verb phrase continuing the sentence about how Darwin spent time in Devon or Scotland — ""may be less well known... but the Late Earth argues that the time Darwin [spent/studied/wrote]...""
""Although Charles Darwin is better known for other exploits in Britain, Late Earth highlights that the time Darwin"" implies a personal anecdote about his Devon connections and his own geologist hero,_XML_ Darwin.",176
17,1,"Historical narrative style (1937 adventure/maritime magazine), building a portrait of a celebrated yachtsman's rise and implied downfall or dramatic turn.

The text has been cataloguing Pearson's exceptional firearms and dominant大奖-winning streak in Atlantic sailing — momentum now points toward a reversal or complication, signaled by ""But...not the only firearms"" contrast earlier.

Final token ""That is"" opens an explanatory or summarizing clause, likely continuing with ""until"" or a transition phrase setting up the next narrative beat describing the extent or end of his winning streak.
""Now for eleven years Pearson reigned supreme in the Atlantically contested races eventing himself...and enjoying considerable fame. That is"" — mid-sentence, demands immediate continuation of the clause specifying limits, consequences, or a pivot like ""until a scandal.""",178
18,1,"Factual/encyclopedic tone established, presenting structured details about the 2011 Southeast Asian Games, with statistics like ""14 nations"" and ""43 sports events.""

Sentence continuation: ""This year, Indonesia will host SEA Games 2011 at Jakarta city"" followed by historical context, momentum toward explaining Indonesia's hosting experience/significance.

Final fragment ""It is the Third time Indonesia"" is mid-sentence, requiring a verb phrase completing the thought — most likely ""hosted the SEA Games"" or a reference to Indonesia as a host nation previously, e.g., ""hold/hosts the competition"" in 1994/2005.
""according to web contest secretary. The games held from August 5-15 July. It is the third time Indonesia"" sets up a national history statement.",186
19,1,"Travel blog/catalog format cycling through famous world monuments in Spain, each entry providing historical facts and details about a specific site, establishing strong continuation expectations.

The blog has shifted from Alhambra and Roman columns to a series of distinct Spanish monuments, now mid-description of the Pont du Gard, providing structured factual details about dimensions and construction.

Final token: ""high"" ends a specification list mid-thought (""built in the 1st century using over 52,000 stone blocks in three levels, its tallest arches being 48 metres high""), immediately expecting either a closing punctuation or an additional fact/reverberating detail about scale or function, e.g., ""metres wide"" or a sentence about visitor experience.
""Roman aqueduct
The Pont du Gard is 275 metres long, with three tiers of arches reaching 48 metres high""",192
20,1,"The text is an incoherent collection of loosely related article excerpts/snippets about Western history, religion, politics, and sexuality, suggesting the next tokens continue another snippet in the same chaotic pattern.

The ongoing pattern of fragmented historical/bibliographic references with partial sentences and mixed citations continues throughout, establishing rhythmic repetition.

Final token: ""full text of"" is part of a Google Books-style bibliographic entry (""graphitell memoirs on statistical astronomy - library aries ; full text of""), immediately requiring a book title, year, or digitized archive reference phrase to complete it (e.g., ""page 1,"" or quotation mark).
""western world table of dialectical contents """"; western world table of contents ; full text of"" signals it references a digital archive book listing, now closing with a page/content reference on compilation.",180
21,1,"Narrative momentum: explaining phased construction scope, contrasting full goals with initial Phase 1 limitations, building toward specifics of the initial project scope.

Professional testimony/consulting context: first-person reflective account about managing expectations, risk, and scope for a private academy project, implying further detail on challenges or outcomes.

Final token ""and"" continues a list or compound clause mid-sentence, requiring additional building(s), spaces, or renovation areas alongside ""renovation of the old Farmhouse and"" — e.g., ""new gymnasium only,"" naming specific portion of campus reused.
""
Due to lack of capital $$ originally, the initial scope was limited to only Phase 1 which included only the renovation of the old farmhouse and [a specific building/structure or repurposed space]"" — next tokens specify further Phase 1 components or campus layout detail.",183
22,1,"Historical enumeration pattern: text lists facts about Spanish Inquisition with dates and expansions (12th century, 1232, 1400, 1478).

Argumentative momentum about institutional power growth of Spanish Inquisition, building toward Church authority or papal endorsement.

""In 1487, Pope"" begins a sentence referencing a specific papal action/reaction regarding the Spanish Inquisition; next token must be a papal name or title (e.g., ""Innocent VIII"" or ""the Pope granted/approved"").
""
The Kingdom of Jerusalem also used the Inquisition. In Spain, the Spanish Inquisition was ruled solely by government and kings and was merciless. In 1487, Pope"" signals a papal involvement fact continuing the sequence, establishing Church-state tension or authority.",186
23,1,"Military veteran honor mission bulletin format, with structured details about burial, logistics, and volunteers, specific to Army mission #119 involving Thomas Parks.

The document consistently refers to a community/volunteer-supported honor mission involving a deceased veteran's service record, implying burial notification and event logistics.

Final phrase ""Everyone is welcome at any of a mission"" is incomplete mid-sentence, likely continuing with a location reference like ""missions"" or a named series (e.g., ""mission flyout""), reflecting an in-group roleplay or codename system; the bullet ""PUT'T/CARKSIGN"" connects back to the mission list sequence above.
</br>""Families may choose to attend any part of a mission"" begins a procedural scheduling reminder, implying continuation about specific missions or home visit arrangements.",172
24,1,"Historical biographical narrative establishing Lincoln's pre-presidential political setback during Dred Scott controversy.
The piece is building toward a redemption arc or contrast, showing Lincoln's post-defeat recovery or strategic realignment as precursor to presidential leadership.
Final fragment ""In the wake of this personal and"" is mid-sentence, beginning a paired noun phrase (likely ""personal and political"" loss/setback/defeat) that extends the description of his 1862 defeat; expects a completing adjective/noun, probably ""political"" followed by a noun describing adversity. ""Lincoln seemed to be on the outs. He had devoted great energy...but lost his Senate seat. Yet, in the wake of this personal and [political disaster/setback/revolution], he..."" The conjunction pivots toward resilience.",173
25,1,"The essay pivots from a historical anecdote about Nixon's inner circle toward introducing Fred Cook as a figure outside that excluded circle, or paradoxically within it.

The quoted Nixon phrase ""inner circle — that circle behind the Oval Room window. Those were the people who made history"" sets up a direct textual callback/elaboration demanding engagement with Cook's role in that exclusivity.

Final fragment ""was one of those in that"" — an incomplete predicate mid-construction (""that circle""), requiring a noun like ""circle"" or ""room,"" then likely followed by an extended metaphor expanding on Cook's political failure or blindness.
""circles. Fred Cook, the late American journalist and historian, was one in that [circle/metaphorical space].""
""But wait"" — Cook was famously outside it, making the next token ironic. <br/>",182
26,1,"Encyclopedic/reference style describing Irish archaeological sites, maintaining formal descriptive prose about Downhill village history and monuments.

The text is building a geographical and historical picture of Downhill, with details about setting and adjacent landmarks, implying continued description of terrain, coastline, or nearby features.

Final phrase ""a stone circle near Killait castle, a small ruined hilltop fort by the"" is an incomplete prepositional phrase requiring a specific landscape/coastal landmark to complete it, likely ""the road,"" a river, or ""the sea on the coast.""
""On the highest ground at the northern tip of the peninsula. It commands a fine view"" continues — thestone circle a ruined motte or castle ruin of the island at Killait on a cliff by the road/sea/river adjacent to Mullaghmore coastline — coastal road context.",181
27,1,"Transcription of historical royal charter text being quoted, establishing formal 18th-century legal/royal mandate language about name change/arms.

The genealogical record follows a standard format introducing a historical document then providing its text; direct quotation signals specific legal terminology ahead about granting permission for name change upon minority status.

Final token ""Authority"" is mid-sentence in a royal proclamation formulation (""George...King...have therefore by these Presents granted His Royal Licence and Authority""), immediately requiring a noun phrase continuation such as ""for and to suffer,"" ""and Licence for,"" or completing the grant formula of ""granting unto the Earl of Manchester his full Licence and Authority to...""
""His Majesty was at Plymouth — to wit. granted His Royal Licence and Authority"" demagogued the expected standard charter conclusion clause.",175
28,1,"Biographical/historical narrative establishing Jewish contributions to modernism through racial integration theme, expecting a citation or publication title completion.

The text makes a compelling historical argument linking Islamic culture, Jewish heritage, and jazz origins, signaling an article concludes here and a source attribution follows.

Final token ""Jewish World"" is the beginning of a publication/organization name mid-attribution (""By: Jeremy Leven – Jewish World""), requiring an organization name completion such as ""Jewish World Review"" or ""The Jerusalem Post"" — a proper noun continuation of a named Jewish media outlet. ""Jewish World"" will likely complete as a publication title (e.g., ""Jewish World Today,"" ""Jewish Federation"") or similar citation format; attribution syntax demands the remainder.
""
Credit: -
Published on:
By: Jeremy Leven – Jewish World""",183
29,1,"Historical/naval caption format requiring specific factual completion: vessel name, dates, unit, and region established (""USS Guardian (AKA-10), protect USS Pennsylvania during WWII"").

Narrative momentum toward completing the kiosk submarine kill claim — ""famous for having sunk the German submarine U-123 on"" demands a specific date, likely January or early 1943, anchoring the wartime achievement.

Final token ""on"" is a temporal preposition mid-sentence, immediately requiring a specific date or date range (""on January..."", ""on Dec..."").
""Carriered in a picture taken only a few months after returning from the Caribbean, where she served
ton and Naval Reserve. She is famous for having sunk the German submarine U-123 on"" completing a precise historical timestamp or engagement circumstance.",181
30,1,"Encyclopedic/reference entry format (likely Encyclopedia Britannica), defining cultural group with structured factual descriptions of material culture and lifestyle.

The text has covered pottery, tools, and domestic practices of early Middle Archaic Iroquoian peoples, establishing chronological progression toward archaeological findings and regional specifics.

""Several Archaic sites in New York"" sets up a geographic continuation — next tokens must complete this prepositional phrase and likely name specific regions or states (e.g., ""and Pennsylvania"" or ""State, along the Mohawk Valley""), continuing the archaeological/regional survey of Iroquoian sites.
""ER, several Middle Woodland period sites in New York"" is mid-sentence; ""New York"" begins a geographic reference introducing specific archaeological findings or evidence, likely continuing with state or river details tied to Iroquoian territory.",184
31,1,"Simple declarative historical narration about the 1968 Tet offensive and media coverage, using fragmented, repetitive sentence structure throughout.

Repetition/continuation pattern: the text states events in short, loosely connected clauses (""The Tet offensive began and Americans were shocked. People were hurting in Vietnam.""), establishing a casual two-clause rhythm continuing.

Final token ""was"" begins a passive construction mid-sentence fragment ""The TV was showing Mary Tyler Moore show and then it was"" — immediately requires a past-tense verb or adjective completing this parallel action, likely something like ""stopped,"" ""interrupted,"" or a restatement/resumption echoing earlier phrasing (""it was attacked"").
""
It was attacked by North Vietnam. It made everything scary.
The TV broadcast it in one part before TV and then it was"" completes a looping restatement.",183
32,1,"Film review/blog essay tone with academic-yet-personal voice, covering提车条件 and historical dramatic works.

Next expected content continues a list of tragedies and realistic horror referenced to illuminate the film ""The拉的夫"" —Triangle Shirtwaist Factory Fire is mid-example, signifying more context about the tragedy's details.

Final token ""doors"" is mid-sentence (""those poor girl workers who didn't know that the doors""), requiring immediate completion — almost certainly referencing locked exits or barred doors, a historically accurate detail about the factory fire's fatal obstacle. how they
""perish. We all know the tension they feel, watching from afar, as these girls begin to realise that the doors"" —

The tragic reversal/enlocking dilemma of the Triangle fire demands the next word describes locked or inaccessible exits/trapped
<explanation>",179
33,1,"Personal memoir/travel vignette tone established (""long planned annual summer vacation,"" ""Florida residents for more than 40 years""), expecting continued leisurely first-person narration.

The narrative contrasts island life pleasures with stress of home, setting up specifics about activities or experiences during the Arizona Keys stay.

""But over the past few years, I have spent many of"" is mid-phrase, requiring a noun phrase referencing selected days, hours, or mornings on the island, immediately prior to a predicate describing a specific activity or regretful behavior. ""Although I have always spent several weeks on those islands enjoying activities such as fishing, boating, and reading, over the past few summers I have spent many of"" expects continuation like ""these December days"" or ""my days with the folks.""
Script error mid-construction describing time.

The final ""many of"" is a dangling quantifier.",191
34,1,"Archival/institutional description establishing catalog scope and historical significance of video archive. Formal encyclopedic register maintained throughout.

The sentence describes a media collection as purpose-built to ""showcase native Detroit video,"" listing source types—""old commercials, television programming, home movies, and more—featuring historic footage related to""—creating strong momentum toward completing the thematic scope.

Final fragment ""footage related to"" is an incomplete phrase requiring a specific subject completing the historical or demographic association. Given the archive's name includes Detroit Media History, the next tokens likely specify Detroit-related media, video history, or urban landscape content reminiscent of the ""History of Video Tapes"" entrance sign.
</br> Crucially, Dickens' mission reveals its connection to media centers/video history. </br> ""devices depicting historical information related to"" probably frames city stories via local TV meant.",188
35,1,"Academic biography format for a public lecture series, establishing credentials and scholarly focus of historian James Billington at Santa Clara University.

List-completion momentum: the bio has detailed institutional affiliations, research areas, and publications; final sentence is enumerating his broader public/intellectual contributions after award mentions.

Final token ""contributor to"" is mid-sentence, requiring named publications (e.g., ""The New Yorker,"" ""Journal of American History,"" or major newspapers/magazines) — standard phrasing for historian bios completing journalism/outreach scope.
</br>""In addition to his university teaching, Billington is also widely published and has written eight books. He is a leading expert on the American Revolution, ...""
""a leading scholar of Southern history. He has also published several textbooks and is a frequent contributor to""",177
36,1,"Formal institutional catalog/introduction tone, describing an archived radio interview series from a grassroots Indigenous program.

The sentence structure is mid-flow, presenting a specific episode example (""Kweku Sam Eagle,"" ""Yorke Pond community"") before pivoting to the collection's broader purpose — sharing historical oral heritage publicly.

Final phrase ""as one way to make the rich oral histories accessible to the public with"" ends mid-sentence, requiring a noun phrase completing the prepositional object — likely ""subtitles,"" ""translations,"" ""online streaming,"" or a climactic production/tech detail.
""is digitized and produced oral history from Community Podcast interviews spanning our 30 year history. These podcast episodes are the first step in sharing our interview archive to make our local Indigenous stories more accessible to the public with""
First step implies a goal or accessibility method follows.",186
37,1,"Automotive historical/museum description establishing impressive specifications of a specific vehicle or achievement, continuing factual details about the Dodge Mustang's significance.

The ""legendary"" phrase demands a specific named racing venue or circuit immediately following — a prestigious location (e.g., ""Le Mans,"" ""Race of Nürburgring"") is expected.

Final token ""legendary"" is an adjective mid-noun-phrase (""set a record lap time at the legendary ___""), requiring a proper noun naming a famous race track or course.
""Legendary Daytona coupe, currently displayed at Amarillo Chrysler House, was once used to achieve a remarkable lap record at the legendary"" — sentence momentum implies a specific, famous racing location such as Nürburg or Le Mans next.",162
38,1,"Event program structure for a historic celebration at Tampa Historic Presentation, listing entertainment and speakers in formal celebratory language.

The text follows a list/presentation pattern, introducing multiple talking points about the Seminole Wars (cut off mid-sentence) and German heritage, implying a parallel third topic about Tampa/local Republicans or the city is coming next.

Final token ""and"" continues a tricolon coordinating clause (""hear upbeat information from presentations by; persons who reenact the Seminole Fight; reports by the Buffalo Soldier, from Ft. Myers era; and""), requiring a third parallel element, likely another thematic group topic or physical location presentation referencing connecting contemporary Tampa, Florida history.
""We will hear from presentations about X, about Y from the Buffalo Soldiers presentation; and""",164
39,1,"Encyclopedic/biographical dictionary format (likely Catholic Encyclopedia or Britannica), presenting structured saint biography in formal prose.

Narrative momentum follows a complete life arc of Matilda of Tuscany: birth, education, marriage, political achievements, now concluding with her religious retirement.

Final token ""a"" is an indefinite article beginning a noun phrase, requiring a specific religious community or monastery type (e.g., ""monastery,"" ""convent near Florence"").
</br>""In her latter years she renounced the world and retired to a"" demands a noun specifying the religious foundation she entered, likely a Benedictine convent or monastery, consistent with 10th-century Italian monastic piety.
</br>""In her later years she retired to a"" completes this retirement clause.",173
40,1,"Local newspaper commemorative/editorial tone established throughout, referencing historical specifics and local ceremony details about Veterans Day and Armistice Day, Nov. 11.

Narrative momentum building toward a point about expanded remembrance — having listed WWII, Vietnam, Gulf War casualties and explained the historical significance of November 11, the text is now summarizing or broadening the significance.

""November 11 is not"" opens a contrast or qualification clause, likely negating a simplification (e.g., ""just a holiday"" or ""the only armed conflict to remember"") or introducing another related date.
""
</br>nor is it..."" — ""November 11 is not"" begins a negative statement requiring completing predicate describing what the day represents or why it warrants specific mention, continuing the commemorative argument.",177
41,1,"Descriptive catalogue/academic text on historical ceramic architecture in Barcelona region, establishing typological context for a decorative tiled fountain tile or plate.

The passage has traced the stylistic lineage (Carthaginian → Renaissance), then regional origins (Northern Spain), now pivoting to specific local Catalan tile-manufacturing tradition and diffusion across sites.

Final phrase ""it is more closely related to the"" sets up a specific named comparison or dating conclusion, requiring a Catalan ceramic/workshop site or kiln centre, most likely ""Valencian tradition"" or a reference to Renaissance-era Barcelona potteries of the 16th century.
""Given its powerful and rough floral charm, it is closer to the"" — the next tokens must name a specific Catalan kiln origin, workshop, or historical ceramic centre, but likely ending on a regional pottery reference.",181
42,1,"Architectural description pattern: each feature of Meiji Building is detailed chronologically, covering style, influences, and key visual elements like pillars and vaulted ceilings.

Newspaper article structure (Kyodo wire report): factual, translated Japanese journalism maintaining consistent descriptive cadence about heritage building restoration.

Final phrase ""two towers with red roofs"" is mid-description of the French Renaissance-style building's south-side features, expecting continuation detailing these towers further or adding another visual/architectural element (e.g., ""and copper details"" or ""including sloped tile roofs"").
""Other notable features include two tall towers with red roofs"" mirrors the ongoing list of architectural highlights; next tokens will likely specify roof type or add a concluding color/material detail, a slightly unusual local Japanese touch.
""red roofs"" ends an unfinished descriptive clause.",179
43,1,"Newspaper reporting style (UPI/wire service, formal 1944 register) with structured political/institutional information about planning social workers visiting the Philippines.

Narrative momentum: the article has alternated between Sumner's substantive proposals and official responses; through Director Jones now counters with cautious hedging about implementation status, suggesting details about logistical arrangements or next steps for the proposed visiting plan are expected.

Final token ""worked out"" Ends an incomplete clause — ""Jones said details have not yet been worked out"" implies a continuation with caveats or a conjunction like ""but"" or a comma introducing what *has* been determined about who deputizes agents, how selection operates, or scheduling.
""Jones said that details have not yet been worked out"" naturally continues with explanation of pending specifics or preliminary plans.",176
44,1,"Academic/essay register establishing tourism's historical broadening trend, expecting elaboration or examples supporting the thesis.

The sentence structure introduces a historical pattern of famous travel, with ""People's interest in experiencing other places is not new"" as the claim, now supporting it with examples — implying further historical examples or a concluding clause.

Final token, ""cathedrals century"" ends an incomplete compound list mid-sentence (""English monarch Henry II's overseas trips, Marco Polo's description of China, and the long nineteenth century adventures of Sir Ernest Shackleton, Sir Anthony Eden and David Livingstone""), requiring the introductory clause to close with a phrase like ""all of which illustrate..."" or ""are examples of early tourism.""
""
The travels of explorers, the crusades..., Marco Polo..., and the long journeys of...Livingstone century""",181
45,1,"Blog/travel diary style with sequential visits to small English parishes, each annotated with activities and historical notes, suggesting continuation of another short church description.

The list of church architectural/decorative features follows a cumulative pattern: ""font and stained glass windows,"" ""interesting benches in Westmoreland,"" guiding readers through notable interior elements.

Final token ""and"" is a conjunction mid-sentence (""Charles Burroughs lived here, carved detail on the pulpit and""), requiring immediate continuation listing another interior architectural element or furniture (e.g., ""box pews,"" ""organ,"" ""carved ceiling panels"").
""Another pretty little Norman Church, West Pennard, with intricate woodwork on the pulpits within, check out the carvings on the pulpit and"" — likely itemising pew or chancel woodwork typical of this period.",182
46,1,"Aikido historical narrative establishing a specific senior (Imaizumi) who survived Kwando martial arts pressure, setting up his legacy or impact as a student of Morihei Ueshiba.

The anecdote about persecution and survival (""lucky to survive"") creates narrative momentum toward explaining how this experience shaped the subject's values or life mission.

Final phrase ""This experience motivated him"" is an incomplete clause requiring a predicate explaining what Imaizumi did — likely donating funds, teaching overseas, or supporting Aikido — given ""Mr. John Imaizumi"" header suggests he succeeds in the West or philanthropic role.
</br>""His humble origins and near-disappearance in war motivated him"" anticipates a compassionate character trait leading to a specific action, likely a biographical dedication to preserving or sharing Aikido.",180
47,1,"Tour itinerary style listing UK historic destinations with brief descriptive highlights for each stop — established pattern of ""Visit/X hours + location + attractions.""

The text has moved through Windsor, Stonehenge, Balmoral, Edinburgh, Dunedin, Chester — a sequence of famous British heritage destinations, each with characteristic landmark descriptions.

""Travel to Canterbury"" is a partial destination entry mid-sentence (""Then travel to Blenheim Palace before heading to Canterbury""), immediately expecting Canterbury's famous landmarks (e.g., Canterbury Cathedral), likely another major historic/cultural site from southeastern England. ""Enter ruined mansion at Cockayne Court..."" signals transition to a new heading or continuation. ""Continue on your journey to Frome, a quaint market town. Then head to Canterbury"" — suggesting next token is Canterbury Cathedral or Kent Cathedral.",172
48,1,"Formal military/government institutional prose from an official strategic document, establishing historical context for the Air Force History Program.

The strategic vision document follows a purpose/mission statement pattern, with forward-looking declarations about meeting ""future challenges"" requiring elaboration of concrete goals and directions.

Final phrase ""a set of goals that reflects our vision and directs the"" is a parallel construction mid-sentence requiring a noun completing what is ""directed"" (e.g., ""activities of"" or ""priorities of History Division staff""). ""The next decade...We must tenaciously guide history's contributions and effectively provide our services to the Air Force. To achieve that mission, this architecture establishes a set of core directions for History Division programs within the next decade and directs the"" continues naming organizational bureaus, programs, or planning frameworks that guide implementation.",179
49,1,"Etymological/encyclopedic pattern established: defining village origins, Saxon linguistics, and coat of arms context for ""Chilworth"" surname study.

Institutional family newsletter tone blending historical facts with Surrey heritage, expecting continued geographical/historical detail about Chilworth village specifically.

""Indeed the village"" opens a factual continuation clause, likely describing Chilworth's current state, location, map, or historical anecdote confirming the Saxon etymology (e.g., ""Indeed the village lies on low hills"" or ""Indeed the village's name comes from a nearby hill"").
</br>""The place name is derived from a Old Saxon word meaning 'church at the hill', and that it is local to the town of Chilworth, Wiltshire...Indeed the village"" — sentence mid-clause continuing etymological/historical elaboration.",186
50,1,"Historical/geographical encyclopedia entry about ancient Neapolis ( cape town), establishing facts about its Byzantine history, St. Paul connection, and amphitheater context.

Narrative momentum: the text is cataloguing surviving ancient structures and evidence at the site, having covered the baths inscription, now building toward describing remaining ruins.

Final token ""part of"" begins a prepositional phrase mid-sentence (""The ruins of the castle and part of""), immediately requiring a noun phrase describing a city structure, almost certainly ancient walls, port, roads, or aqueduct, or harbor infrastructure typical of Illyrian coastal cities.
</br>""Today, as a major stopping place along the Bosphorus Turkish coast. Some remains of the ancient harbour,
""Today the ruins of the castle and part of""
The next tokens describe ancient urban infrastructure, likely walls or an aqueduct.""",189
51,1,"Human interest/charity narrative juxtaposing two people connected to a football club, establishing emotional contrast between professional exclusion and real injury.

The sentence structure promises completion of the injury story: Jamie Wharton, ""a former Doncaster Rovers third-team player, who lost his sight serving in Afghanistan in"" requires the event's conclusion and date.

Final token ""in"" is a preposition ending a relative clause (""He retired...in 2012 and lost both eyes fighting in Afghanistan in""), demanding a specific year or circumstance (e.g., ""2013"" or a notable moment title), likely echoing a news or charity event highlight about severe injury.
""Stuart Wharton is now a military veteran… and is Army Private Cameron Williams, a Doncaster native who lost both his legs in combat in Afghanistan in""
requires a date/event.",184
52,1,"Social event invitation format with casual, inclusive tone — expects practical details about attending (RSVP, dress code, or personal contribution).
The phrase ""Fox To's Tree Wedding Anniversary Party"" and historical salad references establish a local historical society or similar organizational gathering context.
Final token ""but"" is a contrast conjunction mid-sentence (""snacks and appetizers will be served by the AH Library, but""), requiring an immediate policy clarification — almost certainly bringing your own drinks, no need to pay (BYO), or bringing personal contributions.
""will be held at the SOMA Lounge. Light snacks and appetizers will be provided by the AH Library, but"" continues with a contrasting clause about what guests need to bring or provide, e.g., ""Alcohol must be supplied by attendees"" — a ride or drink exemption clause.",178
53,1,"Newsletter/bulletin format from Christchurch Heritage Society, presenting structured monthly items (meetings, research, tours) with dates, costs, and brief descriptions in New Zealand English.

The talk description for Elaine Spencer is mid-entry, following the established pattern of providing event logistics and personal interest details about historic houses archive photos.

Final token ""If you"" opens a parenthetical, audience-directed remark within the photo-tour description, immediately requiring a conditional clause continuation — likely something such as ""if you want the archive"" or ""if you're a heritage society member attending Saturday.""
""Visit the Cranford Street Library... Old Library Archives library room. (NB: If you"" signals a friendly reminder or invitation, almost certainly referencing weather, bringing notebooks, or group arrival — aimed at the November meeting audience.

""",175
54,1,"Civil War military narrative/journal context, describing sequential rebel command movements and battle logistics.

Diary or historical quote format establishing fragmented, factual military dispatch style — incomplete sentences suggest sourced historical excerpts with implied continuation of troop positioning reports.

""Our right was held by the First Division, strongly entrenched"" — this is mid-sentence describing battlefield line geography, immediately expecting continuation detailing entrenchment specifics, defensive positions, enemy opposition, or ongoing tactical situation (e.g., ""behind Cemetery Creek"" or ""and continuing along..."").
""All the division commanders are Iowa men. Gen. James was in command.

The Fifth Corps was on the left, strongly entrenched"" sets up a survey of positions, expecting similar formation details for opposing or adjacent forces including kilometers, terrain features, or defensive works.
""

""",175
55,1,"Historical/archaeological site description in Persian translation, following a structured enumeration of monuments near Tabas, Iran.

List continuation pattern: multiple relics introduced sequentially with ""First is..."" then ""a historical building,"" implying further description of remaining structures follows.

Final fragment ""has been destroyed, but only an arched roof of the barn has"" is a partial sentence mid-clause describing ruined architecture, immediately requiring a past-perfect completion like ""remained"" or ""survived/is still standing.""
""Another relic is a historic barn, which stands almost ruined, and from it, only a brick vaulted roof of the church has"" → expects a noun phrase denoting what remains, such as ""remained.""
Further specific surviving architectural details describing its dilapidated reconstructedstate or visible remnants are expected next.",177
56,1,"Railway/trainspotting blog post format: each entry describes a specific train, locomotive, or route anecdote (Peak Rail, NJT, Amtrak), implying continued train-related content.

The blog cycles through discrete entries about locomotives, rolling stock, and international rail connections across multiple countries/carriers, suggesting the next tokens continue a new entry's description.

""The Norwegian built EL"" begins a new entry mid-token — ""EL"" likely starts an abbreviation or name (e.g., ""Electro-Locomotive,"" ""Eastland Line,"" or a company/brand like ""ESB""),
""
A venerable and relatively new EL"" requires immediate completion of this abbreviation or specific classifier describing an engine, rolling stock class, or notable vessel/engine type.
""Norwegian-owned EL"" signals a historical Pacific/tramway context.",185
57,1,"Archival/catalog record format: structured photo descriptions with formal metadata fields (template, contributor, date) for historical amusement park images.

List continuation pattern: multiple descriptive photo captions being provided sequentially; a second full caption describing a group shot's physical details (""two rows standing""), now detailing pose/appearance.

Final token ""to"" begins a directional/positional phrase mid-sentence (""Three men stand on Pears' School sixth, floor of the Woodstock. They face to""), expecting a direction like ""the front,"" ""the camera,"" or a rotated angle — consistent with standardized photograph description phrasing like ""stand abreast, slightly angled.""
""Three men stand together as a posing for the photograph. They face to"" —  mispunctuated mid-clause. ""They face to"" grammatically demands completion describing camera direction or subject-facing orientation.",183
58,1,"Historical/educational public lecture register in Glasgow, establishing a welcoming, inclusive Scottish nationalist framing before describing heritage content.

The talk previews its scope: traces Gaelic roots in modern Glasgow, balancing cultural pride with caution against romanticizing, building toward a guided tour of forgotten places.

Final phrase ""a tour around a small number of sites in the city centre"" is mid-sentence, requiring continuation specifying which sites, likely starting with ""including..."" or a geographic descriptor, or finishing with a broader location like ""including the Mound/George Square.""
""Today I'm going to take you on a walk around a small number of sites in the city centre"" — incomplete sentence expects a continuation naming specific buildings or districts, or completing a list like ""and the surrounding areas.""

office downtown context established, next tokens likely name specific central areas.",180
59,1,"Military WWII photo caption series pattern, each entry describing a specific historical scene with consistent notation format—UK code, location, date.

Narrative momentum of dramatic combat sequence: aircraft spotted above Allied cruiser, bottles of smoke, direct hit on running plane mid-flight, plane ""fires and breaks into two pieces and crashes violently in""—a concluding impact location (likely ""the ocean/sea/water"") is demanded.

Final token ""in"" is a preposition mid-sentence requiring a noun phrase immediately after—specifically the water body where the crashed aircraft lands, e.g., ""the sea"" or ""the water next to the ship.""
""Plunged by shotguns and gunfire"" is aviation descent to crash site."""""" ""The aircraft heads to water, sideslips violent, nose dives, finally commits crash and explodes in flames in [the sea/water].""",186
60,1,"Repeating structured program listing format: each event has location, description, date, and community activities for historic Charleston buildings.

Historic Preservation Conservancy of Powhatan's guided tour descriptions consistently end with thematic highlights — the third event lists Christmas traditions and holiday decor history, mirroring prior entries' closing patterns.

Final token ""and"" is a conjunction mid-phrase (""Join us for a magical holiday history tour...a seasonal, guided tour that brings festive 19th century holiday traditions to life. This 1-hour, history and""), requiring immediate continuation of a paired noun, e.g., ""decorations-focused"" or ""immersive holiday experience.""

""

""An immersive, family-friendly holiday tour celebrating...during a holiday themed guided tour that's a history and"" demands a complementary closing adjective/noun pair wrapping up the descriptor.",181
61,1,"Political conspiracy/opinion blog post by libertarian-leaning author building connections between BLM, Nazi symbolism, and election rights sabotage.

The post is methodically cataloguing disturbing historical connections about BLM flags, having just raised the German revolutionary flag similarity; another piece of Nazi-related evidence or ironic coincidence now expected.

Final token ""How"" opens a rhetorical question mid-sentence (""Their 'BLM Flag is identical to that of the very similar Novembergruppe German Movement banner from the early 1930s. How""), likely continuing with something like ""ironic is that..."" or ""does he know that..."" or ""no surprise this..."" — completing the evidence about Nazi connections and signaling an editorial tone of disbelief or dark humor that the name choice mirrors its enemy.
""Note: BLM name mirrors...black-letter-gothic. How""",181
62,1,"Event announcement format for Royal Brampton history day, listing guest speakers and activities related to Princess Diana, establishing historical/biographical register.

The second named visitere ""Roy Stern, former TV camera operator, author of 'On The Lens – No Ordinary"" implies his book title continues with a subtitle or completing title about his life/career exposing British celebrity.

Final token: ""Ordinary"" is mid-title in an incomplete book title (""On The Lens: Life On The Bridge – No Ordinary""), requiring a noun to complete the phrase, most likely ""Camera Man,"" ""Job,"" ""Life,"" or similar — a colloquial working-class memoir descriptor.
</br>""Roy Stern is author of his autobiography, Life on the Bridge –
On The Lens – No Ordinary"" requires the final subtitle noun completing the title.",178
63,1,"Personal blog/travel narrative style established: first-person account of a photography visit with descriptive, enthusiastic tone.

The post introduces a specific location (Valentine, Oregon, a small town restaurant), building toward describing Oregon countryside photo opportunities and details about the historic dining establishment.

Final fragment ""a small town in the eastern Oregon highlands, only a few"" is mid-sentence describing Valentine's geographic location/size, immediately requiring a distance measurement completing the phrase — likely ""miles from..."" or similar (""a few miles from a major highway/river"").
""Valentine is a small town in the west central part of Oregon, only a few"" sets up a geographic or spatial descriptor.

</br>""
Valentine is a small town in eastern Oregon, only a few""
</br>",171
0,2,"Biographical/profile article about fishing they would remain loyal to home despite commercial success — emotional tension between staying rooted in Scotland vs. traveling.

Narrative momentum building Angell's character: devoted to his own place, reluctant to move, having already established his deep satisfaction painting familiar local scenes.

Final token ""would"" opens a conditional clause mid-sentence (""was content to stay local, despite the fact that he recognised it might have contributed to a wider reputation, but added that it would""), requiring a contrasting negative consequence, likely ""have meant losing..."" or ""hasn't suited him/his nature.""
""Angell recognised that he might have achieved greater fame if he had spent more time travelling, but said it would"" demands immediate continuation explaining why he refused — e.g., ""ruin the life he loved.""",176
1,2,"Existential/reflective storytelling about Holocaust victims materializes into a human story, building sympathetic biography of a specific photographed child, Hava Levi.

Narrative momentum toward tragic contrast: detailed cheerful school photo details (name, age, nationality, street, Zionists School) build before inevitable mention of her fate in the Holocaust.

""She was a student at the Zionists School, where she"" — a relative clause left open, immediately requiring a verb phrase describing her life, classmates, activities, or background there in Baghdad.
""where she"" demands a specific school detail or contextual attribute, most likely ""friends attended"" or ""studied with...""
""

The photograph shows a 15-year-old Jewish girl named Hava Levi, attending Zionists School in Baghdad, where she",170
2,2,"Historical documentation/explanatory register, describing Civil War-era prison or camp construction, establishing factual context about ""hutting.""

The text has shifted from describing the photo display to detailing hut construction specifics (""twin logs, slate roofs""), implying a narrative about conditions, organization, or scale at Valley Forge.

""Following Washington's instructions quite closely, most"" — mid-sentence setup requiring completion describing how the majority of huts turned out (e.g., ""were fairly well constructed"" or ""survived the season well"").
""Although they were basically lean-to designs, most"" is an adversative clause, setting up a contrast about how well the huts actually met or exceeded standards.
""Despite the lack of exact specifications, most"" completes the same pivot toward qualified positive description.

Final token ""most"" begins a contrasting historical observation.",182
3,2,"Formal institutional/academic meeting minutes introducing a historical overview of surgical evolution, British surgical heritage context.

Narrative momentum concluding the iconic 1846 ether demonstration scene at Massachusetts General, referencing John Warren's famous quote reaction to successful anaesthesia.

Final clause ""he famously pronounced ""this is no humbug,"" thereby giving"" — mid-sentence requiring completion of a historical phrase or consequence, likely a culturally-recognized idiom or quoted expression (e.g., ""birth to the golden age of surgery"" or explaining the quote's origin/significance). ""Warren, commemorates...noting he was ""used their time"" at the end of the operation successfully, a comment that reverberated around the room, thus giving"" — finishing a causal/attribution clause naming, e.g., first anaesthesia's name or lasting legacy.",181
4,2,"Historical documentary/museum narrative tone, presenting Jewish visual culture in Nazi concentration camps with specific named collections and artifacts.

The sentence structure ""many thousands of shoes were taken from Auschwitz prisoners and piled high in the boot store, where more than 110,000 pairs were still found when the camp was"" sets up a historical turning point — liberation or Soviet arrival is strongly implied.

Final token ""was"" opens a passive construction mid-clause (""were discovered left behind... after liberation,"" ""severely damaged in the fires which raged when Auschwitz was""), requiring a past-tense complement — almost certainly ""liberated by the Soviet Red Army"" or ""approached by"" referencing January 1945.
</br>""as the train withered approach when Auschwitz was"" demands a temporal completion.",177
5,2,"Historical narrative about 18th century Cherokee-European interactions, specifically land cessions and territorial claims along the Tennessee/Cumberland region — expect continuation of geographic/political detail.

The fragmented, academic-citation style (partial sentences, embedded citations) signals ongoing expository enumeration of historical claims and territorial movements.

Final token ""Cumberland"" ends a geographic list (""between the Ohio, Tennessee and Cumberland""), likely part of an incomplete reference requiring a river name continuation, such as ""rivers/Ky River."" resulting in a conclusion about the land corridor's significance. ""While whites had a romantic idea of the vast emptiness""
""Among other lands claimed by MepALOihie Indians was the tradeway between the Ohio, Tennessee and Cumberland"" — the sentence remains open, expecting a closing phrase specifying the third river or endpoint.",179
6,2,"Genealogical record pattern requiring structured family lineage details, consistent with 17th century New England migration documentation style.

The text is building a chronological narrative about Nathaniel Poor of Taunton, establishing settlers, marriages, and land grants, now transitioning to offspring details.

""He left two sons, Gabriel"" begins an enumerated list of children — ""Gabriel"" is the first name explicitly given, requiring a continuation with additional information about Gabriel (e.g., dates, roles) and then ""and"" plus the second son's name.
</br>""
""From his 2d son, Nathaniel...offspring were:- two sons, Gabriel"" — a partial list demanding a second son's name, likely another named Poor descendant continuing the Taunton Poor line.",170
7,2,"Institutional military ceremony report following structured VFW chapter announcements, covering multiple local events and personal military stories in formal informational prose.

Narrative biographical momentum: the text is mid-account of the **USS Kittiwake's** history and the USS Mount Hood disaster, building toward completing the ship's Southeast Asia operational context in 1968.

Final token ""Spirit"" ends a proper noun phrase (""operation in a large NATO naval exercise. Budde held gunner duty aboard the Kittiwake as it participated in the exercise in 1968 off the Malay Peninsula during exercise Exercise Ocean Spirit"" — expects a comma or period, then explanatory detail about ""Ocean Spirit,"" likely its code name purpose, date range, or follow-up exercise name. ""A joint NATO naval amphibious exercise.

Budd served.",179
8,2,"Biblical concordance/dictionary format established, requiring structured entries with scripture references, definitions, and cross-references for the term ""Shelemiah.""

The passage is cross-referencing parallel passages (Ezra Tables Note, 8:14, Chron. 23), working through verse entries methodically.

Final token ""son"" ends an interrupted descriptive clause (""Jehoiada, chief priests; Ezr. 11. Jehoiada, priest, son""), requiring immediate continuation naming a father or lineage reference, e.g., ""of Azariah"" or similar genealogical note connecting back to the earlier ""son of Azariah.""
</br>""<br>""Ezra 8:14"" Token. ""Jehoiada chief priest; Lev. 25. Eliashib was.""
""Jehoiada, priest, son",194
9,2,"Wikipedia-style biographical article establishing factual details about a historical crime figure. Headers signal structured entries.

The sentence ""Anthony 'The Chop' Castellano (1941–1979) was an Italian-American gangster who rose to do capo in the Lucchese crime family in the late 1960s. He was active in the Bronx crew. He was"" sets up continued biographical facts — likely his death, imprisonment, or a specific crime/case detail about his fate.

Final token ""was"" is an auxiliary verb completing the passive construction ""He was,"" immediately requiring a past participle or adjective, most likely a legal outcome, assassination, or government informant detail.
""Castellano was a...gangster, vowed against rivals. He was""

— birth/death dates signal next content.",181
10,2,"Historical/declassified NSC document register: formal bureaucratic language, document references like ""(SF)"" dates ago, CIA analysis style.

Narrative momentum of geopolitical shift report: after noting Kennedy withdrew promised aid post-Prayoon coup, the next text must contrast US optimism about the new regime under Narong than Indrabhumi.

Final token ""Ahmed"" ends a noun phrase identifying the new prime minister in a subordinate causal clause (""believed the United States could achieve better relations with Cambodia under Prime Minister Sirik Matak Ieng Sa Phon Norodom Lon Nol, acting minister, and Gen. Sirik Ouk Naon Sart Chanutharn, expected an easier and better relationship with the regime of Gen. Lon Non Chang Vannarat Ouk Sok Pa Chhee Ahmed"" — a concluding clause or list continues.",178
11,2,"Encyclopedic/Wikipedia-style prose about a specific historical town (Shamkir), establishing factual geographic and cultural context.

The text is building a historical narrative of the region, moving from medieval governance to early settlement evidence, signaling a prehistoric or ancient habitation claim next.

Final fragment ""artifacts found in the cities caves provide evidence of man"" requires immediate completion of the phrase — likely ""man-made structures,"" ""human habitation,"" or ""settled life dating back to..."" — specifically continuing the archaeological/paleographic evidence arc. ""situated in a flat valley in the foothills of the Lesser Caucasus. Stone and pottery finds found here date back to ancient times, indicating evidence of man"" — a typo mid-word expected here.

""evidence of man..."" completing historical continuity.",173
12,2,"Academic essay structure with structured Q&A format (""Was there a need?"") signals continued historical analysis of 1832 Reform Act and working-class problems.

Narrative momentum building toward explaining mid-1830s tensions, covering economic/social causes like industrialisation and unemployment; ""economic slump led...led to high levels of unemployment"" introduces economic consequences chain.

""Also a number of poor"" ends mid-sentence, requiring a noun phrase (e.g., ""harvests,"" ""weather seasons,"" ""economic years"") describing another hardship compounding the period's distress; ""by 1837 Britain was reaping the rewards. A sluggish decline in transport resulted. Rapid expansion of business lead to a sharp decline in unemployment. A series of poor"" likely refers to bad harvests/weather causing unrest.",178
13,2,"Structured museum/catalog entry format: provenance, medium, and culture fields have been listed, now completing accession-style metadata for the specific artifact.

Date range completion: the article and description repeatedly state ""100 AD to 500 AD"" for Tehuacan ceramics; the catalog field ""Date:"" opened with ""100 AD to"" demands a matching closing date like ""500 AD.""

Final token ""to"" is mid-date-range in a museum catalog field (""Mesoamerican Pre-Colombian Bowl / TEHUACAN, mexico, 100 AD to""), requiring the closing bound ""500 AD"" immediately next, mirroring the opening bullet's phrasing ""1st Century AD to 500 AD"" or similar Roman numeral variant. ""te c.
""",177
14,2,"Biographical profile structure: detailed chronological life narrative of Christian musician Russ Hicks, covering career milestones, education, and musical roots.

Continuation of The Renovators band history: sentence ""Hicks started a band in 1976 called The Renovators which released spring service based contemporary Christian music. The band toured"" sets up description of touring activity, likely venues, regions, or years.

Final token ""toured"" is an active past-tense verb beginning a clause, immediately requiring an object or adverbial phrase (e.g., ""throughout the Southeast,"" ""and performed at churches""), continuing the band's activities and biographical momentum.
</br>""The band's involvement lasted until Hicks graduated from high school in 1979 due to his Christian rock involvement. The Renovators was a live four piece.
The band toured...""",185
15,2,"Historical/technical vessel biography format for a US Navy submarine, establishing chronological factual progression (chartered, built, commissioned, converted).

The narrative traces the ship's conversion purpose (fleet supply/ocean surveillance submarine) and name, now logically expecting deployment location details, operational history, or service assignments.

""Stationed at Rota, Spain"" is a partially completed deployment statement, immediately requiring continuation: time period (""from [year]""), further stationing locations, or associated NATO/Mediterranean operational context.
""U.S. Park equipped PURSUIT class ship. USS Pope was equipped to...complete fleet platform. Precedures Tonga. Commissioned [year].
Stationed at Rota, Spain"" demands geographic/operational elaboration on Spain posting, likely referencing other Mediterranean bases or NATO operations relevant to era.",180
16,2,"Blog/challenge post structure in UK naturalist writing, maintaining cardinal topic ""Cardinal"" with anecdotes across multiple entries; now transitioning to Darwin connection in Dorset.

The text is building an argument about Darwin's lesser-documented Dorset interest, with the sentence ""What is less known is that the time Darwin"" setting up a claim about Darwin's studies in Dorset influencing his own work or worldview.

Final clause ""the fact that the time Darwin"" is an incomplete subordinate clause requiring completion — likely a verb phrase describing what Darwin spent time doing, e.g., ""spent in Scotland"" or referring to his own naturalist visits to Dorset, fulfilling the promised personal connection.
""Though best known for his later work… Juliet Gell says the period Darwin""",166
17,2,"Historical/biographical narrative with vintage folkloric tone, establishing Wyatt Earp figure as a colored cannon pioneering expert with dramatic 1799-era anecdotes.

The narrative arc has built from Tyson's rise to his dominance at Monte Carlo, implying an imminent turn—either reversals, mysterious end, or further elaboration on his fate.

""Unsurpassed, he enjoyed a long period of winning the greatest Monte Carlo events at every major gun club. That is"" — a transitional clause signaling a contrast or qualification (""That is until..."" or ""That is, until trouble struck..."").
""unrivaled marksmanship – silken stockings notwithstanding – proved to be a veritable gold mine, bringing a long string of big money winnings, divisions and matches to Tyson. That is"" continues elaboration.</br>",179
18,2,"Factual/encyclopedic register about the 26th Southeast Asian Games in Indonesia, continuing structured informational statements.

Narrative momentum establishing Indonesia as host for the 2011 SEA Games, with statistics and venue details already mentioned, suggesting further background facts about prior hosting history.

Final fragment ""This is third time Indonesia"" sets up a predicate about Indonesia's hosting experience/history — next tokens must complete this factual claim, likely ""hosted the Southeast Asian Games"" referencing Jakarta's past as organizer.
""Hundreds of events will be held in several cities of Indonesia. The event will be held in Jakarta and several cities nearby.
According to website SEA Games, this is third time Indonesia""
""
This for"" implies next word continues ""third time"" clause about Indonesia's role or national celebration of being Southeast Asian Games hosts.",183
19,2,"Travelogue/forum post format: each paragraph introduces a named historical landmark with specific facts, dates, and measurements (Hadrian's Library, El Castillo, Pont du Gard).

Continuation of Roman engineering statistics pattern: Pont du Gard entry has begun listing dimensions (""245 metres long, made up from 5,000 sandstone blocks, and has arches up to 48 metres high""), implying additional construction/factual details or purpose to conclude the entry.

Final token ""high"" ends a measurement clause mid-description (""bridge is made up of two tiers, stretching 245 metres in length with arches up to 48 metres high""), immediately expecting either a period or another coordinating measurement/detail clause (e.g., construction period, modern width, or a striking visual comparison).

.",173
20,2,"Web-scraped documentary/listicle content pattern: fragmented, SEO-driven text covering Indian astronomy history and spiritual cinema, producing loosely connected passages throughout.

Ongoing mixed-document structure: text jumps between reviews, essays, and references, now transitioning into a seemingly bibliographic/catalog entry about ""record of astronomical observations.""

Final token ""Full text of"" introduces a citation or book/title completion phrase, immediately requiring a quoted title, volume name, or Google Books-style reference continuation (e.g., `""full text of [document title]""` — a common Project Gutenberg archive phrasing).
""Record Of Astronomical Observations, Vol. 1; volume 2; year 207 study; full 1957
Record of astronomical observations, vol. 2; full text of"" demands a scanned document title or link name immediately following.",184
21,2,"Construction/project management case study explaining cost-conscious sequencing decisions for a school build, establishing professional context.

The answer structure follows a logical cause-effect chain: limited funding required phasing, so the narrative now details a specific scope-reduction example (""first phase limited to renovation of the old mill building and...""), setting up the next building or space that was included/excluded.

Final token ""and"" is a coordinating conjunction mid-sentence after ""first phase of construction envisioned in 2017 was limited to only the renovation of the old mill building and,"" requiring a parallel item—likely a second building, addition, or functional space—""to utilize the existing campus space.""
""
I [...]. Ultimately the scope was limited to Phase I,"" ""i.e., only enough to build something. So that meant</we only considered the renovation of the""",183
22,2,"Historical essay style establishing chronological facts about the Inquisition's development, with each sentence introducing new dates/institutions (1240, 1248, 1478).

Continuation pattern: successive facts about expanding Church persecution apparatus, now shifting to the Spanish Inquisition's papal relations or broader Catholic Church response to its growing power.

Final token ""Pope"" opens a clause naming and dating a papal action in 1480; next tokens must be a Pope name and his role/response regarding Spanish or Italian Inquisition authority — e.g., ""Pope Innocent VIII"" or ""the Pope issued a bull.""
""Taken"" is the apparently garbled ""taken evicted."" ""

Working""

""In 1480, Pope"" expects a named papal decree or response immediately following.",183
23,2,"Veteran funeral mission briefing format (Honor Flight-style volunteer escort group), with structured fields like Date, Location, Time, biographical info already completed for SSgt Thompson.

The document is closing with logistics/participation instructions after detailing the farewell mission itinerary, suggesting continuation about other pending missions or activities.

Final token: ""mission"" ends an incomplete sentence ""You can attend any part of a mission"" — likely continuing with a specific compound phrase like ""paramilitary mission board"" or a metaphor playing on military terminology, possibly referencing the ""Get The Mission"" task or a recurring call-to-action about attending Miles Honored.
""Members are encouraged to attend part or all of a mission"" suggests a list of named missions with dates is coming.
""Members may attend any part of a mission""

doesn't parse well.)",177
24,2,"Biographical/historical narrative about Republican opposition to Lincoln, establishing Johnson's political failures despite his stellar credentials — supporting evidence for a broader essay argument.

The text builds momentum toward a turning point after Johnson's devastating 1862 defeat; Lincoln's election victory is the pivot.

Final phrase ""personal and"" is a paired conjunction mid-construction, requiring a parallel noun completing a compound phrase like ""political setback"" or ""political and personal defeat."" ""Despite this streak of success... Johnson suffered
a devastating defeat in his state legislature."" ""In the face of this personal and"" demands a second adjective-noun compound continuing the sentence, likely summarizing Johnson's fall before introducing his comeback or reframing of purpose.

The incomplete clause demands immediate parallel noun completion.",166
25,2,"Political/historical essay establishing that key decision-makers operated invisibly in elite circles, setting up a critical examination of American leadership failures, likely the Vietnam War context.

The Nixon quote about the ""inner circle"" and ""those they talked to"" is directly invoked to frame James William Gibson as another excluded figure, creating a structural parallel between historical insider power and Gibson's perspective.

Final fragment ""was one of those in that"" demands immediate completion with the noun phrase referencing the circle's destructive/limited enclave — likely echoing the earlier ""circle"" metaphor, verb completing the sentence. ""That inner circle? The journalist James William Gibson was one of those in that [circle].""
""Governor… and I quote,"" continued the sentence. ""James William Gibson's name was also in that [circle]."" This circles the opening quote, completing the metaphor.",181
26,2,"Encyclopedic/gazetteer style describing Irish archaeological and geographical heritage site, maintaining factual declarative tone throughout.

The passage describes specific local features of Conn's Hill (County Donegal), building a layered account of the ancient monument's history and landscape context, including fort types and chapel location.

Final fragment ""by an ancient 2nd millennium BC burial mound on the shore of a steep hill by the"" is an incomplete locative phrase requiring a geographical reference (sea, road, or coastal landmark name), likely naming a coastal road or nearby bay mentioned earlier (""Head Beach"").
""Seasily"" or ""by the coastal road"" fits.
""The chapel"" is thought to be on a small island (at Loughnaltra) that lies to the north on a rocky ascent of a hill by the sea.""
Sea/coast geography expected next for landscape context.",191
27,2,"Historical genealogical document detailing a royal name-change patent from Charles I, establishing formal archival register throughout. Content follows standard British heraldry/paternity conventions for Burke's Genealogical Records.

The passage is mid-quotation of a 1667 patent roll on the original British Library manuscript, using archaic legal language (""Licence, Letters patent...his Majesty most graciously having lately thought good"").

Final token ""Authority"" ends a formulaic legal phrase from the patent preamble — ""by these his Letters Patent hath given and granted His Royal Licence and Authority,"" immediately expecting continuation like ""for permitting/licensing"" this family to take a new surname, completing the charterssement formal legal grant clause.
""Whereuppon...granting to said William Edward died and hath Granted His Royal Licence and Authority"" demands the grant's subject clause next.",186
28,2,"Historical article about Jewish-American physician Jonas Salk and DDT and polio era, establishing an essay/blog post context about contributions.

The closing ""--[Author Name], Jewish World"" signals a byline/sourcing attribution at the end of a published article or curated post, typical of syndicated or aging formats.

Final token ""World"" is mid-attribution, specifically the start of a publication name (""Jewish World"" incomplete or truncated), expecting either a continuation like ""Today"", ""Review"", or a URL/domain-style tag completing the media outlet name.
</br>
""

Continue reading 'Make a Difference' -- credit card holders? Read full article here:
-- Al Weisel Herald – Alon Rosen
/Jewish World"" completes the attribution for a Jewish-centric publication name, characteristically signifying a broader source context or footer.",185
29,2,"Historical caption/register style establishing factual naval record with dates, designations, and ship names like ""USS Minnesota (BB-22).""

Biographical/combat achievement narrative momentum: the sentence describes the frigate's Pacific operations and credits a specific anti-submarine victory against ""the German U-505.""

Final token ""on"" opens a temporal location phrase (date or circumstance of the engagement), immediately requiring a specific date or location completing ""which had sunk the German U-boat U-505 on [date in 1943].""
</br>""</br></br>The image shows the USS Sargo (AVP-31) a WWII attack cord, currently displays in Mystic Seaport, which had sunk the German U-boat U-505 on"" demands a specific date/event.",179
30,2,"Encyclopedic reference entry format (e.g., Britannica-style), requiring factual, structured prose about archaeological/cultural periods of North American Indians.

Narrative momentum: having described projectile points and cultural materials of the Woodland peoples, the text now moves to specific archaeological evidence and findings.

Final token ""New York"" opens a geographic reference mid-sentence (""excavated sites in New York""), immediately requiring a continuation specifying a location, time period, or broader regional context — e.g., ""New York state"" or ""and northeastern Pennsylvania.""
""Excavated Early Woodland sites in New York"" introduces a regional case study or specific site detail, strongly implying continuation referencing the Iroquois homeland territory or Hudson River valley geography, consistent with prior content about eastern North American environments
""Findings from excavated Woodland sites in New York""",186
31,2,"Historical news relato narrative about the Moon landing broadcast, establishing a cause-effect or sequential factual account of events beginning with JFK and Kennedy connection.

Low-quality or student-written summary style with repetitive, loosely connected clauses (""a lot of emotions""), suggesting narrative continuation with simple declarative sentences about the event scenario.

""Then there was a lot of women watching TV. A show was on on ABC and then it was interrupted, it was on ABC and then it was"" — mid-sentence repetition structure demands a past-tense predicate completing the second instance, likely describing interruption, replacement, or reaction.
""it was watched/seen on TV. -ABA was playing television show and then it was"" — a clause completion expected, possibly reinforcing the earlier interrupted concept, or restating with a correction or new development.",172
32,2,"Narrative momentum building through film analysis, connecting Maysles documentary style to modern horror genre parallels with American inequality themes.

Historical point being contrasted: Triangle Shirtwaist Factory fire introductions made obsolete by prior knowledge, yet still visceral and shocking for audiences today.

Final token ""doors"" ends mid-sentence describing the fire scene tragedy (""the real horror is when the dolls learn that the workers discover that the doors""), requiring immediate continuation about locked/exited doors being sealed shut, the famous fatal barrier preventing escape at Triangle — a well-known historical fact that the sentence is building to. ""the tragic club. We know the fate of the Triangle Work"" is inevitable, but as the dolls discover, horror rises when they find out that the doors"" — locked/barred exits.",169
33,2,"Personal memoir/essay tone established through first-person narrative, nostalgic Confucius quote setting up leisurely maritime experience contrast.

The text is building a contrast between expected vacation enjoyment and an alternative activity performed during Hawaii visits — ""But for the past several years, I have spent many of"" strongly implies an upcoming specific activity, likely contrasting with general beach time or introducing a new detailed habit.

Final token ""of"" is a quantifier mid-phrase (""spent many weekends...for six weeks each summer.
But over the past few years, on those trips to Hawaii, I have spent many of""), requiring a noun phrase next — likely ""those days"" or ""my days there"" or similar specific time reference describing days/weeks or activities during the extended coastal visit at Grandmother's.
Still mid-structure.",174
34,2,"Encyclopedic/institutional description pattern: formal definition of an archive collection using structured sentence construction (""grab bag of miscellaneous video... catalogued in the early 2010s"").

Narrative momentum toward completing the scope description: the collection's contents and acquisition sources are being elaborated, establishing Detroit archival credentials and historical scope.

Final phrase ""histories related to"" is an incomplete prepositional phrase requiring a noun referent — the ""Big Screen Channel"" and geographic subject matter strongly imply the next content concerns Detroit local television or urban video history, likely ""Video Tape"" literalizing the name concept, possibly referencing personal/family videos of Detroit.
""Videos that local businesses used to promote themselves, as well as historical footage, and archival footage involving landmarks and companies related to [video/media history /Detroit..."" — The collection likely frames around video viewing/TV history.",189
35,2,"Academic event announcement genre, formal promotional register maintained throughout for a visiting lecture series at Mary Free Bed museum.

Biographical profile momentum: the text systematically lists McPherson's credentials—professorships, books, institutional leadership—building toward a complete scholarly portrait of a preeminent Civil War historian.

Final phrase ""he is also a frequent contributor to"" is an incomplete clause mid-list (""has written numerous books... He is a former president of... and he is a frequent contributor to""), requiring journal names, magazines, or outlets (e.g., ""The New York Review of Books,"" ""popular history magazines,"" or major newspapers) referencing broader public intellectual reach or scholarly publications.",171
36,2,"Archival/educational announcement tone signals formal institutional description of a podcast series featuring oral history interviews. ""Community Radio Program Series,"" ""City of Hope,"" and ""Northeast Minnesota Historical Society"" establish genre.

The series description is mid-sentence, building toward completing the mission statement about accessibility and public engagement with urban Indigenous history.

Final phrase ""share these first generation stories with the public as we begin to make this oral history archive more accessible to the community with"" — mid-sentence conjunction ""with"" demands an immediate complement, likely describing a specific format, technology, or bilingual/subtitled feature (e.g., ""audio transcripts,"" ""multimedia tools,"" or a summarized end clause).
""available to them online. The first in a long series of episodes, these episodes are a first step in making the stories accessible to the wider public with""",184
37,2,"Automotive/historical narrative tone establishes factual, celebratory register referencing record-breaking achievement with specific numbers (""0-60 mph record in 4.0 seconds"").

The sentence structure ""leaving that fiery bird in its tracks"" is a vivid finishing flourish before transitioning to a second historical specification (the rally car), suggesting a compilation of notable facts about the same or related vehicle.

Final token ""legendary"" is a pre-modifier requiring an immediate specific proper noun place name, a famous racing circuit/track — strongly implying names like ""Nürburgring"" or ""Le Mans"" follow.
""In 1967, the car set a lap record at the legendary</br> [Track Name]""
""Legendary"" demands a famous racetrack noun immediately after.",172
38,2,"Event announcement format with structured details (date, title, location) establishes commemoration/celebration program genre maintaining formal civic register.

The list structure ""with the Battle of San Jacinto by the Alamo Scouts; the exploits of African-American soldiers Big Foot; and"" signals a parallel series of historical presentations or presentations still being enumerated — a third parallel group or topic expected to complete the trio.

Final token ""and"" is a coordinating conjunction mid-sentence listing speaker topics (""Flavor of life... presentations""), requiring a parallel third element continuing the pattern of geographic/thematic historical topics, likely referencing local Tampa or present-day community representatives.
""
""We will have from presentations by about the Battle of San Jacinto; reports from the Ft. Alamo Scouts, regarding the exploits at Sayre Secession; and"" — a third named presentation or venue representing Florida connection.",188
39,2,"Biographical dictionary entry format (Britannica memoir style), presenting sequential life facts about Queen Matilda of Tuscany/Constance.

Narrative momentum: life chronology moving from political achievements toward death/religious withdrawal — ""retired to a"" signals final career move, strongly implying a monastery, convent, or religious order following medieval saint pattern.

Final fragment ""In her last years she retired to a"" is an incomplete noun phrase requiring a specific religious community site (e.g., ""Benedictine convent"" or ""anchoritic cell"") in Pavia or Tuscany.
""Matilda...retained her throne amidst civil disorders. In 1096 she became queen of Italy. In latter life she retired to a"" — consecrative religious community, likely a monastery, simple convent or anchoritic enclosure common for retained Sanctified queens.",188
40,2,"Editorial tone establishes historical context and civic significance of November 11 commemorations (""You died so my child can live""). Article has built through WWI, Korean War, and Vietnam parallels.

The piece has been defining/contrasting November 11's significance, moving toward a concluding point or pivot to another angle or related date/event requiring a broader or clarifying statement about remembrance.

""November 11 is not"" — an incomplete negating clause requiring a predicate complement, likely a surprising reframing (e.g., ""not the only date,"" ""not just about armistice""), contrasting with the preceding celebratory/solemn framing.
</br>""Our Island recognizes Veterans Day with... solemnity.
</br>""November 11 is not"" opens a new sentence continuing the historical or comparative reflection.",180
41,2,"Historical/art-historical catalog description of ceramic tableware from Catalonia, establishing formal academic tone throughout.

Narrative momentum building toward attribution/origin theory: the passage argues local Catalan production, referencing Italian influence and specific stylistic/architectural details across multiple autonomous regions.

Final phrase ""its earth tones and geometrical circles bring it closer to the"" is an incomplete comparative construction requiring a specific ceramic workshop, kiln tradition, or regional production center name to complete the argument—most likely referencing a 16th-century Catalan pottery center such as Vic or Manresa.
""Although this model resembles maritime decoration, considering its rather rustic handling, it seems closer to the"" implies a geographical/dating link to specific documented kilns.
Naval chronicle ceramics in Barcelona, The type most likely aligns closest to the",176
42,2,"News wire/profile structure (Kyodo) presenting historical facts about a specific Japanese government building, guiding continued architectural detail.

Systematic description of architectural features and historical evolution of the OsakaPrefectural Office, with each sentence adding another design element or period reference; ""European-style Second Government Building"" segment is ongoing.

Final token ""roofs"" ends a descriptive clause detail (""striking two five-story towers with red roofs""), anticipating continuation of architectural description — likely additional visual details about the roofs, connecting structures, or the Japanese-red-tile aesthetic contrast.
""The building also features two distinct towers adorned Art Nouveau-style towers with red roofs"" expects further color/material/style descriptors, a closing phrase or punctuation, and likely mention of another architectural element or roof type continuing mid-sentence about Japanese scenes.",171
43,2,"Historical newspaper report following inverted-pyramid journalism style, April 1940, covering administrative/governmental developments about Italian missionary representation through State Department channels.

Narrative momentum: Secretary Wood has introduced the plan; Colgate's statement is now elaborating implementation status or limitations, detailing what has been decided versus pending for the proposed group of Italian observers or missionaries.

Final fragment ""has not yet been worked out"" is a clause mid-delivery from Colgate's statement, strongly expecting continuation about procedural details, next steps, or logistical specifics like timelines or arrangements.
""Colgate's statement says final details have not yet been worked out"" — this clause remains incomplete, expecting a period or comma followed by elaboration on ""means of procedure"" setting up deportation points or overall plan specifics, such as exactly how the group will be organized or selected.",183
44,2,"Academic/essay register establishing historical scope of tourism as annual phenomenon since antiquity. Pattern suggests teasing out human curiosity and travel narratives.

The text is building an introductory argument or example list, with ""the travels of Marco Polo, the accounts of Cook's voyages across the Pacific and the early twentieth-century snowmobile journeys of Sir Ernest Shackleton"" functioning as supporting illustrations of pre-modern tourist-like travel.

Final token ""century"" closes a list item mid-sentence (marked by the semicolons connecting three examples), strongly constraining what follows: a clause completing the overall sentence, likely explaining significance like ""all illustrate..."" or ""are among the earliest examples.""
""
The travels of Marco Polo..., ,Cook's voyages..., and the legendary exploits of Sir Ernest Shackleton in the 19th century"" apparently continues/synthesizes.",184
45,2,"British village guide style, listing local church history details in a series of brief visit notes across multiple English villages (Shere, Goodwood, EastImberton).

Narrative momentum of cataloguing church features interior to exterior — architectural observations follow the established pattern of describing carved/flowered woodwork, likely font, lectern, or gallery elements next.

Final phrase ""Lovely church with some carved woodwork on the screen and"" is mid-sentence, a conjunction demanding completion of a paired or extended list item — likely ""box pews,"" ""pulpit,"" or interior furnishings referencing the 1671 Loyalist connection.
""East Imberton has a 1671 church make sure to note the carved work on the pulpit and""
continues with gallery rails, hatchments, or bench ends referencing interior woodwork specifics.",187
46,2,"Traditional Aikido narrative establishing biographical context for Ueshita Sensei, mixing historical detail with Japanese martial arts terminology across multiple named figures.

The personal hardship of becoming a war orphan, later resolving safely through family connections, sets up a cause-and-effect moral story about Ueshita's motivations or legacy contributions.

Final fragment ""This traumatic experience motivated him"" introduces a subordinate clause mid-thought, requiring completion explaining what Ueshita did afterward — most likely curating, donating, emigrating, or teaching Aikido to Western/cross-cultural students, given the ""Tomio Toguchi"" name suggesting a Western reader audience or donor.
""Tomio was a war orphan
...",183
47,2,"Itinerary/tour description genre: structured UK heritage holiday text listing attractions (York, Chester, Liverpool, Windsor), each with brief descriptive mentions of landmarks and activities.

Sequential sightseeing pattern: entries follow ""[visit location] then journey to [destination]"" format, each introducing a new UK city or historic site with associated cultural/museum references — next entry continues this chain.

Final token ""Canterbury"" ends mid-sentence (""Journey to Leith Hill, England's highest point. Then head to Canterbury""), immediately expecting a destination landmark or continuation describing Canterbury — likely a cathedral or city feature matching prior location descriptions. ""head to Canterbury"" strongly signals the next tokens name Canterbury's iconic cathedral or historical religious center, continuing the pilgrimage/historic England theme. Healthcare, Kent's border. ""Medieval town"" follows. A new English city.",183
48,2,"Formal U.S. Army institutional/document register, using military bureaucratic language throughout (""Strategic Plan,"" ""Archivist,"" ""military heritage"").

The text is building a strategic plan vision/mission statement, establishing purpose for the Army History Program in a new era after major historical milestones (Clinton era, Gulf War, national archives).

Final fragment: ""a basic direction for history program management challenges and provides a framework that will guide current matters and direct the"" — mid-clause, expects a noun phrase like ""priorities,"" ""workforce,"" ""goals,"" or ""branch/division initiatives.""
""
What we must do next""
""
This plan flows from our perceived strategic imperatives, but it is our operational plan. We will build on previous achievements to define four strategic thrusts that address our functions and will guide, and direct the""
implementing initiatives",187
49,2,"Genealogical/informational blog explaining surname etymology with academic citations, establishing a factual, explanatory register about British heritage and local names.

Narrative momentum: the text has built toward explaining Calshot's etymology and now moves to describe the village's historical/geographical evidence supporting the naming theory, with the Oxford dictionary reference just completed.

Final token ""village"" is mid-sentence (""Indeed the village""), part of a clause elaborating on Calshot's hedonic/meaning connections, expecting a geographical or historical statement about the Warwickshire village of Calshot's specific history or characteristics. ""Indeed the place is Calshot in Warwickshire, which according to the Oxford English Dictionary is supposed to derive from Celtic words, hill settlement – in fact the village"" is mid-sentence demanding immediate continuation about its layout, remains, or existence.",181
50,2,"Encyclopedic/historical reference style presenting facts about Myra, now focused on early Christian connections and archaeological remains in modern Aliağa, Turkey.

The narrative momentum traces logistical/confidential Roman shipping history, with Thomas's statue as a named specific detail, building toward remaining archaeological evidence.

Final fragment ""the ruins of the castle and part of"" opens an ongoing list of Myra's physical urban ruins visible at the harbor — expecting infrastructure like aqueducts, walls, roads, or harbor structures (""the ancient city walls,"" ""the Roman road""). ""a harbor town from Roman times. The remains of the aqueduct and part of"" continues the local maritime/port architecture list. ""The harbour and coast road plus archaeological remains in Turkey."" ""Some remains of the castle and part of"" — Roman postal/construction infrastructure.",177
51,2,"Factual/encyclopedic register with specific proper nouns (""Peter O'Sullivan,"" ""British Army,"" ""Neil Baldwin"") establishes a news or short documentary caption context, expecting continued factual detail.

A dramatic human-interest narrative arc is building: a famous golfer played with a former soldier turned regt partner, setting up an emotional redemption story about injury and service.

Final fragment ""lost his sight in one eye while serving in Afghanistan in"" demands a year or date reference next (e.g., ""2014""), followed likely by additional details about his injury and connection to the fundraising.
""James is a former Heathfield Comprehensive pupil, now private James Kennedy who lost his sight in one eye while serving in Afghanistan in"" — completes a poor biographical detail referencing his circumstances, completing the BBC injury forward story.",178
52,2,"Event announcement register with details: venue, awards, cost, casual professional social atmosphere for SFBoston alumni.

The phrase ""but"" sets up an explicit contrast or qualification to what's already provided, listing attendee contributions needed or restrictions (e.g., ""bring your own drinks"" or potluck arrangement).

""Light refreshments and wine will be provided by our sponsors and exhibit at Boswell's Bookstore, but"" is a maidservant clause mid-sentence; ""but"" requires an immediate contrast, most likely ""please bring your own [food/drinks/items]"" explaining what attendees must contribute personally, or instructions about dress code/tickets.
""eat away! A Renaissance Fair with Bake-Off prizes. Refreshments and wine will be
 provided by the Historical Society, but""",172
53,2,"Newsletter format of a local historical society, with consistent event announcements and community engagement activities — membership meetings, tours, talks.

Sequential event listing pattern continues: a talk/event at an elderly care home about local postcards, with Pauline describing Bundoora Railway Station archive photos, suggesting practical visitor information or encouragement follows.

Final fragment ""PS: If you"" opens a personal aside/footnote mid-quotation from Pauline Reed, requiring completion of a conditional clause, almost certainly relating to attending the meeting — e.g., ""you want to see this presentation"" or ""members, bring your camera.""
</br>""Our next meeting is about the Postcard Collection at the пожи圆elopment home…Presentation will cover…Attendance is welcome. (N.B. If you"" — addressing public audience about joining, transport, or interest.",180
54,2,"Historical military narrative format, following Civil War or 19th-century American military record style with dated entries and named figures.

Continuation of a tactical/positional report describing troop movements and dispositions; ""Our left corps under General Gilmore on the north bank"" sets up a battlefront description.

""was very strong, heavily entrenched"" is an incomplete descriptive clause mid-sentence, immediately requiring location details or subordinate clauses describing fortifications, terrain, or enemy positions, e.g. ""and held by,"" ""along a ridge,"" or ""with excellent works.""
""The men worked like beavers...by 10 months past. The center of our line held, our right, was moving out. The whole left corps was very large, heavily entrenched"" describing defensive positions along a river.",174
55,2,"Archaeological/historical site description pattern: factual encyclopedic content in Persian-to-English format about Iranian ancient monuments.

List continuation momentum: two structures described (bagh, castle, farmhouse), now detailing preservation states — ""The first one is a farmhouse that has gone dilapidated and from which only a vaulted roof of brick has"" sets up contrast with what remains or what has been lost.

Final fragment — ""a dilapidated building from which only a vaulted roof of the church has"" demands immediate completion with words like ""survived/remained/stands,"" describing what architectural feature persists — partial state phrasing grammatically requires a verb or noun completing ""only, from it, only a part of the vaulted roof of the arch has [survived/seen/not collapsed].""

Also expects ""has""",183
56,2,"Rail/transport blog context: informal railway enthusiast posts covering UK, Norwegian, German, and Canadian rail transits and sightings.

Collection pattern: each paragraph introduces a distinct train photo or news snippet, implying another standalone observation follows with a railway vehicle name and location.

Final token ""EL"" is the beginning of an abbreviation or proper noun — likely an early electrified railway class, a locomotive designation, or company name (e.g., ""EL locomotive,"" ""East Lyn,"" ""Electro Line""), constrained by Nordic/Swedish maritime context given prior mentions of Norway and ocean containers.
</br>""The iconic Norwegian based EL"" continues mid-description.
</br>""A venerable and vintage EL"" opens a new entry; ""A venerable and historic EL"" suggests a Norwegian or European rail/electric locomotive designation.",180
57,2,"Archival museum catalog format establishing structured metadata entries for historical photographs, with consistent descriptive item formatting.

Repetition/continuation pattern: each photo description provides setting, subject composition, and visual details. ""Three adult African American men"" mirrors prior entries' demographic/clothing details.

Final token ""to"" is part of ""They stand side by side. They face to"" — a transitional prepositional phrase requiring direction/angle completion, most likely ""the camera"" or a specific directional word. ""Mystifying pose"" already hints at facing direction.
""Description\Pose and Direction: three men stand side by side. They face to"" creates immediate syntactic demand for a directional complement or action verb. Note the grammar seems odd, likely ""face right/left [all]"" or ""face towards"" — standard catalog phrasing for group positioning.",184
58,2,"Historical/contextual tour introduction establishing Glasgow's Scottish national identity significance, covering political upheaval, industrial heritage, and civic pride in democratic tone. Presenter ""Dr Alan Tait"" signals an educational walking tour.

List/itinerary structure building: presenter has established credentials and topic themes (democracy, industry, national identity), now transitioning to concrete tour content — specific locations are expected to follow the preview.

Final fragment ""I'm going to take a look at a few key buildings in the city centre"" is an incomplete introductory clause; immediate expectation is continuation specifying locations, a dodging phrase like "", around Merchant City/Glasgow Green/op the Mound"" or a broader geographical qualifier.
""
In this first episode… I'll be going on a short walking tour of a number of key sites in the city centre"" needs a closing location detail completing the sentence.",187
59,2,"WWII military historical photo captions style, each entry describing ships, aircraft, locations, and dates in terse factual language.

Sequential momentum through multiple photo captions continues the pattern of military action descriptions with specific tactical details about aircraft engagements.

Final fragment ""hits the side of a bomber going through the air and near the shore, it crashes falling from the sky, the plane hits nose down and crashes in a ball of flames in"" — mid-sentence requires geographic/physical endpoint completion, almost certainly ""the water/sea/ocean"" describing where the hit bomber splashes down into the naval waters.
</br>""A Japanese aircraft. A US Navy fighter arc ships…fires on it which strike it violently. It is sent diving swan-fall over side and finally crashes nose-down into the sea, crashing in flames in [the water/a nearby cove]""",184
60,2,"Series of seasonal/event program descriptions for Maryland Historical Society's Federal Hill Campus history tours, establishing consistent catalog-style entries.

Structural pattern: each event description covers historical overview, activities offered, and audience/approval details. Four complete entries precede the ongoing final one about Colonial Christmas.

Final token ""and"" begins a list or compound modifier mid-phrase (""a guided tour...featuring historic holiday traditions,"" ""a living history program in a beautifully decorated historic home, this lively, family-friendly holiday tour is a history and""), requiring a noun like ""decoration-focused experience"" or ""festive stories.""
""Decorations and History-themed Experience: Experience the historic Colonies Christmas traditions during this one hour tour of the 1800s home. Don't miss this annual, family-friendly, public tour event—it's a history and""",183
61,2,"Conspiratorial political blog aggregating anti-left narratives, with escalating claims connecting antigovernment groups to fascist historical symbolism — each bullet/paragraph adds another grievance or exhibit.

The document is inspecting and critiquing the Proud Boys' name/symbol, following an exhibit-style format listing historical evidence; the next tokens should explain the Nazi connection irony or significance.

Final token ""How"" opens a rhetorical question or observation mid-sentence (""The Proud Boys symbol is remarkably the same as the Germanic Power Party of the 1930s. How""), immediately expecting a continuation like ""ironic"" or ""did the author miss this"" or connecting Reagan-era ideology to the name choice.
""Them back, said Boys, obviously from Nazi Germany's bunch of 'Pride' Nazis. How""",174
62,2,"Biographical Q&A format established, introducing a guest appearance by John Inman with credits as political photographer in Westminster events.

The book list signals continuation of personal credentials/publications, with ""Jim Hill has just published…"" framing a second book title in the same institutional context as the event.

Final fragment ""JIM HILL CAMERA – On Rails – No Ordinary"" is mid-title, requiring the completion of a subtitle or compound title phrase, strongly implying a closing ""Life"" or similar colloquial descriptor completing ""No Ordinary…"" — living up to the ""wild life"" and ""cameraman on the rails"" framing.
""Jim Hill's Memoirs – I've Been Behind The Lens – Jim Hill Trucker – Not An Ordinary"" likely continues with a noun phrase completing the memoir's descriptor/reference to his colourful life or job.",180
63,2,"Travel blog/personal narrative tone with vivid scene-setting details (""dipped and dipped colors,"" ""peaceful route"") signals continued descriptive, enthusiastic content.

Photography session narrative momentum: post title ""Anna in Twin"" establishes a roadside photography shoot in Kelly, Oregon, so the text will next elaborate on the town's appeal or location context.

""Kelly is a small town in Eastern Oregon, only a few"" is an incomplete phrase mid-sentence requiring a geographic/metric descriptor (e.g., ""miles from the highway,"" ""hours outside of Portland"").
""Kelly, Oregon is a small town in the middle of Eastern Oregon, only a few"" — ""a few"" demands a noun phrase describing distance from nearby landmarks or the Oregon뒷land highway just mentioned.
Roadside rural landscape description continues,",175
0,3,"Biographical/narrative profile of Scottish artist James Gray, establishing his rural roots and resistance to urban or commercial pressure despite fame.

The sentence ""Asked about the attention and sales which followed him, he said he painted in remote areas by choice. But he admitted he would have liked to have travelled more, but that it would"" sets up a contrasting explanation of why he refused—likely ""have meant losing what made him happy/authentic.""

Final clause ""but said it would"" is an incomplete conditional/concessive construction requiring a contrasting consequence, e.g., ""conflict with his love of Glen Orrur.""
""Gray may be famous but deliberately chose not to travel. His biographer, Dorothy Fish, confirms he often expressed regret that he never visited elsewhere, but said it would [have meant/required...] sacrificing something irreplaceable.""",181
1,3,"Historical narrative establishing melancholic contrast between a Jewish school photo and its tragic wartime context, demanding grim continuation about the Holocaust.

The sentence structure introduces Naida Hamdan's biographical details progressively (""a thirteen-year-old girl, who called herself Naida Moss, was pictured at Ecollection School in Tel Aviv, where she...""), building toward specific life details before the devastation.

Final token ""she"" opens a subordinate clause mid-biological context description (""attended Ecollection School, a Jewish high school in Tel Aviv, where she""), immediately requiring a verb phrase continuing her school life or social circle details — likely ""sat beside friends,"" ""studied,"" or a familial detail.
</br>""The headnote reads that a girl named Naida Hamdan...attended Ecollection School in Jaffa, where she"" suggests next detail about her experience there.",184
2,3,"Historical educational/interpretive content about Valley Forge camp, presenting specific facts about huts at Smithsonian park.

The sentence structure ""Although poorly designed according to modern standards, most"" sets up a contrast/resolution — the reader expects a statement about the quality or condition of the completed huts, likely positive given ""despite"" framing.

Final token ""most"" is a quantifier mid-sentence (""Following Washington's strict blueprints, most"") demanding a noun phrase or adjective describing the huts or their outcomes collectively (e.g., ""were completed satisfactorily,"" ""structures were fairly uniform,"" ""the huts reflected the soldiers' efforts"").
""Although poorly designed according to modern standards, most"" expects a positive outcome clause continuing immediately, referencing individual hut descriptions historically documented about quality, neatness, or scale.",178
3,3,"Historical narrative momentum building toward completing the famous anecdote about Massachusetts Governor William一作 Ward's role and the first successful ether anaesthesia demonstration in 1846.

Academic lecture report style, covering history of anaesthesia departments chronologically with formal yet accessible register, supporting a student society's journal.

Final phrase ""giving"" is mid-sentence (""On the success of the demonstration, Governor James Mason Ward reputedly declared, 'It's a better thing than ever was known', thus giving"") — immediately requires a noun phrase naming what this famous quote ""gave,"" likely ""rise to the phrase"" or a historically significant quote/reference to modern usage of approved language.
""He successfully survived... it is my heartily approved procedure – thus giving"" completes to a historical significance statement about approval or famous phrase about surgery.",179
4,3,"Historical/documentary prose explaining WWII Holocaust artifacts, requiring factual, precise continuation about camps and Nazi production.

The sentence describes Birkenau hair collection narrative, establishing the dark irony of both its intended use and ultimate fate — destruction at liberation.

Final clause ""most of the hair was destroyed at Auschwitz-Birkenau when the camp was"" is mid-sentence, requiring a specific historical completion, most likely ""liberated by the Soviet Red Army"" or ""as the Soviet Army approached"" — referencing the Soviet liberation of Auschwitz in January 1945, the dramatic moment implied by ""found carelessly dumped...amidst chaos when the camp was.""
""
Most of the hair was found burning有下列 the railway, carelessly dumped amidst the chaos when the camp was"" completes.",171
5,3,"Historical narrative describing Cherokee territorial boundaries and migration patterns in late 18th-century North America, requiring factual/period-proper continuation.

The text establishes a pattern of geographic detail referencing specific rivers (Ohio, Tennessee, Cumberland), suggesting the next tokens complete this geographical chain and elaborate on territorial context.

Final token ""Cumberland"" ends an incomplete phrase ""the territory lying between the Ohio, Tennessee and Cumberland,"" demanding the river name itself or a noun completing the prepositional phrase (e.g., ""rivers""), likely matching the prose-style already used (""middle and eastern Tennessee... Cumberland valley, and Chenault anticipated crossing these very people..."").
""Chenault prepared a map of extensive settlements between the Ohio, Tennessee and Cumberland"" expects a closing river/geographic reference completing the three-river span.",175
6,3,"Genealogical record format for early colonial settlers, establishing patriarch lineage with dates, origins, and location ownership (Linnahfield, Massachusetts, 1640).

Enumerated descendants structure: ""mention of four descendants, sons, viz.:"" signals a list of names with biographical details expected to follow, establishing strong sequential constraints.

""Gabriel"" is the first name in the enumerated sons list, mid-enumeration after ""sons, viz. — Gabriel,"" immediately requiring a comma and/or a second son's name, likely also followedor continuation entry (e.g., ""Gabriel and John"") continuing parallel biographical detail about Thomas Holmes II's children.
""Gabriel"" completes the sentence introducing son names from the 1680 record of RecordBook indicating descendant records, with further names expected;",179
7,3,"Historical news report pattern from a USDIS honor roll announcement, detailing member biographies and military service records.

Narrative momentum building toward completing the Vietnam incident story: the aircraft carrier USS Long Beach damaged by collision with British destroyer during the 1971 NATO exercise details.

Final token ""Spirit"" ends mid-phrase — ""the crew was serving on board the USS Long Beach as it participated in the North Atlantic Union Navy fleet operation. He was on duty during Exercise Island Arc in the Channel of Norway. The task force was taking part in Operation Maritime Spirit"" — next tokens must complete this proper military operation name, then likely cite its purpose or continuation, such as a comma or period followed by additional NATO exercise details. ""Maritime Spirit was a large-scale NATO re..."" a named exercise.",171
8,3,"Dictionary/biblical reference register with structured verse citation and parenthetical gloss format, like ""Jerahmeel (Grievous wrong);"" and inline definitions.

The entry is mid-sentence parsing a biblical genealogy/reference pattern, expanding on names with relationships: ""Jehoiada (a Levite, son of...)"" already partially stated.

Final token ""son"" begins a relative clause/definition expanding on Jehoiada's lineage or role, mid-construction ""Probably Jehoiada; Levite priest and head of the course; Jehoiada, Levite, son"" expects a prepositional continuation, likely ""of Ethan"" or a scriptural cross-reference alluding to Nehemiah 11:15.
""Note:- Jehoiada; priest, son"" continues the parenthetical clarification.",180
9,3,"Biographical encyclopedia/Wikipedia format establishes terse factual prose with birth-death dates and criminal affiliations for a mob figure.

The sentence structure ""Mike Puleo (1947–1986) was a member of the Five Families during the Gambino crime family Bloodbath"" introduces a key person, with the next clause elaborating his criminal career and fate.

""He was a披萨 delivery guy who became a mob enforcer for the Gambino crime family during the 1970s. He was"" is mid-sentence requiring a predicate, most likely detailing his arrest, murder, internal trial, or infamous legal/fate event. ""He was"" demands immediate factual closure, celebrating his death circumstances or infamous conviction. ""
</br>His body was found..."" or ""He was killed."" — typical mob biography.",182
10,3,"Dictionary/glossary format cycling through analytic excerpts about 1960s political figures, each entry a historical Cold War intelligence summary about Laos/Burma diplomacy.

The passage shifts between diplomatic context entries about Souvanna Phouma, signaling continued Cold War regional analysis tone with formal declassified document register.

Final token ""Ahmed"" ends a proper name mid-sentence (""the embassy, based on personal views of the new Prime Minister, anticipated a more cooperative Thai regime under General Ron Na Ra Siri Prem Naradhol Souvanna Phouma and expected better relations under new Prime Minister Lon Nol Chan Hai Ahmed"") — immediately expecting a clause continuing Embassy's assessment of the junta's policies, reforms, or US willingness to engage.
""Ahmed\n,"" continuing its analytical prediction about Lon Nol Ahmed's leadership and implications.",179
11,3,"Encyclopedia/Wikipedia-style factual prose establishing historical name origins for a village called Ashotsken/Ashaghyabad, now requiring continuation of historical narrative.

Archaeological information momentum: ""Nearby excavations have yielded Bronze Age tools, pottery and beams, are indicative of man"" signals evidence of ancient human habitation, suggesting settlement or earliest population presence in the region.

Final token ""man"" begins a phrase about human activity/occupation, almost certainly continuing as ""man's presence"" or ""mans settling"" — completing a clause about archaeological evidence.
</br>""Ashotsken is a barren village...situated in pits or graves. Excavations in the village have brought forth findings of prehistoric origin indicative of man"" — immediately expects a noun phrase continuation like ""activity dating back to..."" or evidence of early civilization in surrounding terrain.",183
12,3,"Historical essay structure (GCSE/A-level format) covering British social/political changes 1780-1850; thesis and introduction established, now developing economic/social crisis causes chronologically.

The essay is tracing economic factors leading to Chartist unrest, with unemployment and economic decline mid-explanation — specific causes of hardship expected.

Final phrase ""A series of poor"" is mid-sentence, requiring a noun completion — most likely ""harvests"" or ""weather"" or ""economic years,"" a common historical factor cited for 1830s hardship.
""
""
Following industrial revolution growth, prices were high and Britain experienced widespread unemployment. A decline in trade led to severe unemployment and a slump in the economy."" ""During
the 1830 Britain's railway system expanded causing unemployment and overcrowding. A series of poor""",188
13,3,"List/catalog format: entries follow structured artifact documentation pattern with labeled fields (Name, Culture, Period, dimensions, provenance).

The period range ""100 BC to 500 AD"" appears in the opening paragraph and is being repeated in the second catalog entry's formatted listing, expecting a matching endpoint date.

Final token ""to"" is part of the date range ""Mesoamerican, Jalisco, Mexico - circa 100 BC to"" requiring completion with ""500 AD"" or similar, mirroring the article's stated range.
</br>""Artifact ID: M2N.011
</br>""Name: Hohoklo Baby Vessel
</br>""Date: Circa 100 AD to"" — the sentence requires closing the date range, likely ""500 AD,"" echoing prior phrasing.",187
14,3,"Biographical narrative momentum: chronological account of Michael Sweet's career history, moving through after-school, college, and early band formation stages.

Named band detail pattern: ""Young Taken Christian Band"" introduced with founding members and era (late 60s), with ""released one album, Come Almost One"" establishing musical career context requiring expansion.

Final token ""toured"" begins a verb phrase requiring completion — likely a destination, region, or activity phrase about the band's live performances (e.g., ""toured extensively throughout the Southeast"" or ""toured and performed throughout the Christian circuit"").
""
Sweet played in several bands while pursuing his degree at Newt College in Florida. One of the bands was the Young Taken Christian Band, a 60's and 70's Christian Rock band. The band toured"" describes continuation into gospel/church venues.",187
15,3,"Encyclopedic/factual naval vessel biography pattern, listing sequential historical facts about a ship (decommissioning date, transfer, conversion role as submarine tender).

The phrase ""converted in 1979 to a Victor II class submarines tender"" establishes operational reassignment context, requiring geographic/deployment details to follow.

""Stationed at Rota, Spain"" is the final phrase, a location assignment that immediately requires completion with a comma or continuation, most likely a date range, additional NATO stations, or Mediterranean operational context — ""Stationed at Rota, Spain"" implies a continuing phrase about deployment responsibilities or further geographic stations.""
""Completed in November 1960... converted to a tender... Stationed at Rota, Spain"" follows a chronological structure demanding continued operational history covering Mediterranean/NATO duties from Spanish base.",181
16,3,"Established blog-series pattern across multiple UK geological sites (Somerset, Dartmoor, Milton Keynes) signals continuation of regional natural history narrative connecting historical figures.

The paragraph introduces Charles Darwin and his lesser-known endorsement of Devon geology, building toward specific evidence or anecdote demonstrating Darwin's influence/connection to Devon.

""Although Darwin today is best remembered for The Voyage Of The Beagle and his evolutionary theory, Colin Barnes argues that the time Darwin"" — mid-sentence subject-verb construction requiring completion of a temporal clause, likely ""spent"" in Liverpool or Cambridge, describing his geological readings or visits to Devon.
</br>""Although renowned Victorians visited Devon... very little is written about Darwin's links; however, Barnes argues that the time Darwin"" expects a claim about Darwin quoting, thinking about, or drawing on Devon experiences.",179
17,3,"Historical narrative about Burton ""the daring shotgunner,"" establishing his legend through vivid details about his boat Esther B and unrivaled success.

The passage follows a chronological arc: introduction → incident → hunting dominance → success streak, now transitioning to a ""but/eventually"" turn toward downfall or notable endpoint.

""And did succeed, indeed! Further contests brought him continued famous victories and lavish recognition. That is"" — ""That is"" opens an abrupt correction or qualification, requiring a clause completing this transitional phrase, likely ""until..."" or ""when he met his end"" or similar dramatic shift. ""By this time Burton had become virtually king of all streams along the Atlantic Coast and the coastwise routes. He set an enviable example for years of success. That is"" signals a limited temporal contrast coming.",174
18,3,"Factual news/report style establishing event details: dates, scale (""43 countries, athletes""), and venue for 26th Southeast Asian Games.

Narrative momentum: the sentence describes Indonesia hosting the event, leading into background about Indonesia's repeated hosting history and significance.

Final token ""Indonesia"" closes a partitive phrase mid-sentence, ""The 26 Asian Senior Games will be held in Indonesia this year. It is the 3rd time Indonesia"" — expects a past-tense verb phrase like ""hosted the SEA Games"" or familiar venue/city reference, completing the historical connection.
</br>""
""
""It will be held from August to September 2011. It is the third timeIndonesia"" — next token completes a clause about Indonesia's Southeast Asian Games hosting history, likely referencing its national pride or previous hosting",184
19,3,"Travel guide/list format with successive European historical landmarks — each monument entry states location, historical significance, and key facts (Acropolis, Prague Castle, Romanesque Cathedral, Pont du Gard).

The Pont du Gard entry follows the established pattern: brief intro, age/material dimensions are being listed, suggesting a concluding statistical or observational detail remains.

Final token ""high"" ends an incomplete structure mid-description (""three tiers of arches, two passages long and 48 metres long with the tallest arches being 21 metres high""), immediately expecting punctuation to close or continuation with additional measurements/facts like stone block counts or engineering specifics. ""The Pont du Gard is one of the best preserved Roman aqueducts in the world. It's made from over 2 million limestone blocks forming three tiers of arches stretching 275 metres with arches up to 21 metres high""",190
20,3,"Fragmented, multi-topic document aggregation: unrelated passages (railroads, financial aid, schools, biographies) juxtaposed without coherence, suggesting auto-generated or scraped text continues similarly.

Bibliographic/reference list momentum: the text cycles through citations, organizational names, and newspaper references; a new source detail or title expanse is expected.

Final feature: ""1 i s is electric railways. full text of"" ends abruptly mid-bibliographic entry, likely from a Google Books or archive citation snippet, requiring ""a book"" or a complete title to follow.
""interpret life history and society - the railway system by the american railway league e latest update american railway league 6.'""
""railway world statistics and railway literature - full text of"" mirrors this Google Books/archive header format, requiring a continuation question.",176
21,3,"Q&A format established: professional PM answering a question about an architectural/construction project for a charter school. Detailed explanation expected.

Narrative momentum toward budget justification: the speaker is mid-explanation of phased construction decisions, describing scope reductions that occurred during financing — the renovation of the old gymnasium building is part of that scope.

Final token ""and"" is a coordinating conjunction continuing a list or compound phrase (""limited the scope to only the renovation of the old farmhouse and [X]"") — expecting a second building, space, or renovation component name completing the scope description, likely referencing functional spaces that would house the school.
""
Due to financing issues early in planning, we limited Phase I to only the renovation of the old cane plantation building and"" — specific campus structure referencing partial build of planned larger master school campus plan.",177
22,3,"Historical chronological structure of English Church-inquisition development drives content, moving systematically through Henry VIII, Edward I, Henry II inquisitions.

Encyclopedic/factual writing style establishing cause-effect relationships between institutions and persecution actions, suggesting continued factual elaboration on Inquisition powers and scope.

""In 1478, Pope"" begins a specific historical event citation mid-sentence requiring a Pope's name or action describing papal response to the Spanish Inquisition — likely papal approval, bull, or conflict with Spanish monarchy.
""acted with Sicilian law"" The Spanish Inquisition was formed, allowing them brutal power to squeeze heresy out of every place. ""They killed thousands."" ""In 1478, Pope"" — the sequence covers institutional/papal relationships, demanding a papal name or decree referencing the Inquisition's coordination with or recognition.",188
23,3,"Military funeral/burial escort service context from a veteran organization (likely Masonic/volunteer escort groups), with structured operational details following a consistent format of dates, times, and logistical info.

The document follows a structured event program pattern: mission location, two scheduled visits, transport coordinates, funeral details, and attendee instructions — a concluding statement about community participation is expected.

Final token: ""mission"" ends mid-phrase (""Members may attend any part of a mission""), immediately constraining continuation to complete this noun phrase — likely ""patriot mission"" or referencing this specific named ""mission"" document format, possibly introducing a code word or reference system.
""Mission Support members are welcome to attend any part of a mission"" — the text shifts to a recurring procedural note, suggesting a new mission type or codeword follows, like a military convoy reference or group naming convention.",189
24,3,"Biographical-historical narrative establishing Grant's political trajectory from peak (Chief Justice nomination) to setback (Tweed defeat 1871), setting up a dramatic reversal or resilience arc.

The argumentative momentum demands contrast: Grant ""lost a key election and left office powerless; yet, he eventually became powerful president,"" so the crisis leads to redemption.

""Yet despite this personal and"" is an incomplete coordinating conjunction clause mid-sentence, requiring a noun (e.g., ""political career setback"") followed by continuation of the adversarial narrative. ""The other big issue was Walling for Grant's defeat... In 1872. In the midst of this personal and"" — expects a parallel noun completing the paired phrase like ""personal and professional disappointment/defeat,""
</br>S. ""In the midst of this personal and"" — paired phrase completion.",187
25,3,"Memoir/intellectual analysis tone referencing the Vietnam War-era ""inner circle"" elites who failed to hear dissenting voices.

The essay is building toward examining McGeorge Bundy specifically, using McNamara's quote establishing the ""inner circle"" as the thesis anchor, setting up Bundy as one of its defining failures.

Final phrase ""was a man who was in that"" is an incomplete relative clause and predicate requiring a noun completing the metaphor location — most likely ""circle"" or ""that room,"" echoing the quoted passage directly, with ""room"" being the quoted word just cited.
""Few people have changed my understanding of American conflict in recent decades. One is McGeorge Bundy. He was someone who was in that"" — continuing the metaphorical indictment of belonging inside that exclusionary intellectual circle.",172
26,3,"Encyclopedic/descriptive register about a Welsh/Irish archaeological site, providing factual geographical and historical details about the Malahide Church site, County Donegal.

Narrative momentum building toward completing the description of the ruins' location and physical surroundings near Colt Hill — specific local landmarks being enumerated.

Final token ""the"" is an article beginning a noun phrase, continuing ""the ruined motte and Stephen Foster's Tower at the foot of Colt Hill by the"" — expects a nearby geographic feature, likely ""sea,"" ""coast road,"" or ""Belfast river.""
""Coleraine, perhaps on the coast road. There is the remains of a medieval installation on the coast, a stone fortified enclosure at the top of Colt Hill by the"" expects a body of water or coastal path name describing the immediate visual/geographic relationship.",182
27,3,"Genealogical/heraldic research context focused on Hartwell family name changes, citing primary historical documents.

The quoted 1663 Letters Patent from Charles II is mid-sentence, establishing the formal legal grant language for a name change patent — the next tokens will continue the archaic royal charter phraseology granting permission for arms/bearing.

Final token ""Authority"" ends mid-clause (""the King by his Letters Patent under his great Seal hath given his Royal License and Authority""), requiring continuation naming what was authorized, typically ""to and for"" the specific persons/acts authorized, or ""for his subjects.""
""Whereas divers... To which Ends and Purposes, Lord King hath given his Royal Licence and Authority"" continues the standard patent formula, immediately requiring ""and Licence"" or action verb like ""to change""/""to grant.""",182
28,3,"Historical narrative establishing Einstein's Jewish identity and institutional ties, requiring continuation of biographical/thematic summaries.

The text signals a transition to sourced journalism, with ""Read More -"" indicating a byline or source citation is mid-completion — the article body already summarized, a publication name or URL follows.

Final token ""Jewish World"" is part of a publication attribution (""By Leah Bronshtein - Jewish World""), likely requiring completion such as ""Today,"" ""Information Service,"" or a specific publication name like ""Jewish World Review.""
""Jewish World"" demands an immediate noun complement or period/formatting to complete the citation, mirroring typical blog-style source attribution conventions. ""Algorithmically Sustainable Cities""
""The Jewish Heritage of Albert Einstein
Read More -""
""Jewish World""",174
29,3,"Historical caption format for a maritime vessel photo, establishing formal archival documentation style. Next tokens continue factual metadata.

The sentence describes WWII Navy destroyer USS Barbero's operational history, requiring a specific date or event completing the sinking narrative.

Final token ""on"" opens a temporal/attribution clause following ""which had sunk the German U-boat U-127 on,"" demanding an immediate date reference — likely a specific date in January 1943 (e.g., ""January 13, 1943""). ""on the North Atlantic Patrol. The USS Barbero (DD-267) is pictured docked in New York carrying four survivors, being the destroyer which sunk the German U-boat U-127 on"" — a coordinated action date outside Barbero's patrol area.",177
30,3,"Encyclopedia/reference article style, providing factual definitions of arrowhead types with historical/archaeological detail about North American native cultures.

The text is transitioning from describing Arrow Tradition peoples broadly to citing specific archaeological evidence; ""Excavated sites in the Iroquois tradition in New York"" signals a geographic narrowing and expected follow-up details about findings and chronology.

Final token ""New York"" is part of an incomplete geographic/local study phrase (""Several excavated sites of the Iroquois tradition in New York""), immediately requiring continuation such as state reference completion, additional regions (e.g., ""state and New Jersey""), or references to the Great Lakes region, or specific sites/states consistent with Iroquois territory.
""Archaeologists have studied excavated sites in sites of the Iroquois tradition in New York"" expects specific localities.",185
31,3,"Student-level historical explanation with simple, declarative sentence structure (e.g., ""The moon landing was a show that scared people""), continuing a narrative chain of events.

The text is recounting sequential events about public reactions to the Apollo 11 launch in 1969, expecting continued factual/historical claims, likely regarding media disruption or the landing coverage itself.

""was watching it on TV and then it was"" acts as a coordination clause mid-thought; the repetition pattern ""was [action] and then it was [action]"" demands a parallel past-tense continuation, with the fragment ""ABC was playing a movie and then it was"" anticipating something like ""interrupted"" or a restatement referencing the earlier disrupted viewing event.
</br>""ABC was showing a movie and then it was"" — final incomplete dependent clause demanding resolution.",181
32,3,"Academic philosophical essay citing intersectional art criticism, analyzing struggle against oppression through film and sensory experience, transitioning into a concrete screening review.

Narrative momentum building toward a vivid historical example: the Triangle Shirtwaist Factory fire as illustration of ""struggle realized,"" not celebrated — darkness, suffering imagery continuing.

Final token ""doors"" is mid-sentence, part of ""The tragedy when the workers realize that the doors"" — grammatically demands a predicate completing what the locked doors were (e.g., ""were locked,"" ""couldn't be opened""), directly referencing the fire escape failure at Triangle, explaining trapped workers' escape routes being sealed.
</br>""Fate tells proudly… workers stranded Annie's fiery story only as reminders of horror. Instead, students are horrified to learn that the workers discovered the same sickening moment they discover that the doors""",183
33,3,"Personal narrative/reflective tone established (""I love visiting, but...""), expecting an autobiography-style continuation about vacation experiences and activities.

The phrase ""While I work"" signals contrast between work habits and leisure activities, with an implied pivot describing what the author has disproportionately done during recent Key West visits.

Final fragment ""many recent July visits to Key West, I have spent many of"" is mid-sentence requiring a noun phrase next (likely ""those days"" or ""the evenings""), then a verb clause describing specific daily activities, possibly nighttime walks, beach time, or skipping days, completing the contrast.
""Over the years I have especially loved long days on the beach and evenings relaxing on the deck."" ""But over the past several summers on our month-long visit, I have spent many of"" — demanding immediate continuation.",177
34,3,"Archival/institutional description establishing collection provenance and scope, setting formal documentary tone throughout (""Detroit Historical Society,"" ""video library archive"").

The phrase ""catalogued collection containing hundreds of media items including home movies, promotional and institutional materials relating to"" sets up a thematic/geographic subject matter conclusion — the collection unexpectedly concerns Detroit television history via video footage.

Final token ""related to"" opens a noun phrase requiring a specific subject (likely ""video cameras,"" ""Detroit media,"" or generationally themed memories/presentations) — crucially, given the intro title ""Detroit in the Video, 'VHS'"" and the subtitle implying Detroit-area history visualization, ""neighborhoods"" likely represents a metaphorical frame like how local history appears in video culture.
The intended subject is Detroit-themed censorship or history of Detroit/geseom, on local TV/geseom",185
35,3,"Biographical/promotional genre: formal academic event announcement listing credentials, publications, and activities for a visiting historian.

The text is mid-sentence listing Historian Altschuler's scholarly contributions, following a pattern of institutional affiliations, book titles, and teaching initiatives—a third category of accomplishments (public/intellectual reach) is now being completed.

Final feature: ""a frequent contributor to"" is an incomplete prepositional phrase requiring named publications or outlets (e.g., ""The Atlantic,"" ""American Heritage,"" or major journals/magazines), completing the sentence about his public-facing contributions. ""One of leading scholars of antebellum history, founder of Civil War history program at Vassar College,..."" ""author, editor of several books, and has authored four textbooks. He is also a frequent contributor to"" — major magazines or outlets expected)",184
36,3,"Civic/oral history promotional content tone, describing educational archiving project featuring personal testimonies from Seattle residents of color.

The sentence structure builds toward explaining outreach/impact purpose: ""first in a series,"" ""5-minute episodes,"" ""sharing the rich oral history"" establishes mission context, now concluding with public access benefits.

Final phrase ""as part of our first efforts to bring these valuable local oral histories to the broader community with"" ends mid-prepositional phrase; ""with"" invites a continuation listing specific features or methods — likely ""captions,"" ""translated versions,"" ""accessible transcripts,"" or a clause about improved presentation/editing format.
""Interview transcripts and audio episodes simplify and share personal voices from the archive. They are the first in a series of episodes to introduce to college students and the public, sharing these rich histories to the broader public accessible to the community with"" expects closing technology or accessibility format.",195
37,3,"Historical/factual automotive narrative tone, presenting specific data points (""over $5 million,"" ""1969 Dodge Coronet"") suggesting trivia or promotional content about a classic car.

The text is building toward celebrating a famous racing or record achievement, with ""legendary"" signaling a well-known venue or circuit name is about to complete the phrase, likely a famous race track like Le Mans, Daytona, or Nürburgring.

Final token ""legendary"" is a pre-modifier mid-phrase (""set a staggering lap record at the legendary""), requiring an immediate specific proper noun — a famous, iconic racetrack or road/venue name — to follow. ""The meticulously preserved prototype once set a record lap time at the legendary"" demands a famous racing location completing the prepositional phrase.",174
38,3,"Event program/announcement genre with structured formatting (dates, venues, pricing, mission statements) signals continued descriptive agenda content.

The sentence lists three community-contributed historical topics: Seminole, Civil War, and the 1871 Expedition, representing a ""themed presentations"" pattern that connects the three linked historical eras to the celebration.

Final phrase ""presentations of true-life experiences from Seminoles about Seminole Facts; from, the Buffalo Soldiers; about their Military exploits; and"" is a mid-list conjunction requiring at least one more presenter/topic entry, likely tied to Tampa local history matching the trinities theme.
""Guests will hear from presenters from; Seminoles presentation on the Battle of ... in Florida; presentations from the Buffalo Soldiers on their exploits at Tampa Reston; and"" suggests a third ""local/contemporary"" topic follows.",188
39,3,"Biographical dictionary entry format (Catholic Encyclopedia/Biographica style) establishes factual, concise prose about a historical figure.

Narrative momentum covering Matilda's life chronologically, detailing imperial marriages, political influence, and court prestige, leading to her retirement and religious death at age 56.

""she retired to a"" begins a prepositional phrase requiring a specific religious/dedicated institution noun, almost certainly a monastery, convent, or abbey — the standard medieval royal retirement destination, e.g., ""a Benedictine monastery"" or ""a monastery at Pavia.""
""She"" completed Italy's recovery. Her country's gratitude at her death (968). In 962 she retired to a — expecting a monastic house name. ""Founded a monastery"" seems likely next, referencing her monastic vows or an order.",185
40,3,"Journalistic/editorial tone commemorating WWI Armistice Day (Nov. 11), with historical facts building toward present-day patriotic reflection on calendar days honoring war deaths.

The piece has established November 11's first meaning (Armistice) and second meaning (Vietnam Veterans Day), creating momentum toward a concluding observation or broader reflection about war, sacrifice, or remembrance in Hawaii/community context.

""November 11 is not"" opens a contrasting or clarifying statement — likely qualifying the holiday, naming what else it is, or pivoting to introduce another commemorative date or angle, e.g., ""not just another Monday"" or ""not the only date to remember.""
</br></br>""November 11 is not"" — definitive contrast launching a new clause, requires completion of the negation.",180
41,3,"Historical/academic survey of ceramic tiles in Catalan tradition, establishing regional production context and comparative analysis of Spanish vs. Portuguese styles.

The text has been building toward identifying the regional origin/style of this decorative polychrome basin tile, with Portuguese influence noted, and the sentence structure ""this type is close to the"" signals a specific attribution or origin claim is imminent.

Final token: ""closer to the"" opens a noun phrase completing a comparative argument; expects a specific ceramic production center, kiln region, or historical period in Catalonia, likely ""Valencian kilns"" or a named pottery center from 16th-17th century.
""Although they are of a high path in the mountains, its characteristics link it more closely to the [local/Girona-era stoneware kiln tradition]""",178
42,3,"Encyclopedic/news report style describing historical Japanese architecture and restoration of National Museum of Western Art, Tokyo — factual descriptive prose continues.

Narrative momentum: the text is cataloguing architectural features and style elements of multiple buildings, with the main building already described and secondary eastern building currently being introduced.

""Two mansard towers with red roofs"" ends mid-description, requiring continuation of their architectural details (e.g., color, materials, heritage connections or visual effect).
</br><br>
""The modern Art Museum follows an eclectic style with European-inspired and Japanese features. One prominent landmark is its two green aluminum towers with red roofs"" continues the spatial/visual description of the building's distinctive elements.

""Two Green Towers at both ends, featuring two towers with red roofs"" expects completion of the roof description (pitch, dome, etc.).",183
43,3,"News wire format (dispatch dateline ""Washington, May 28 (CNEP)"") and mid-1930s political journalism register, suggesting continued bureaucratic/political detail about observer commission logistics.

Narrative momentum: the article details Secretary of Labor's plan to send observers to cotton states, with Vallandigham's quote establishing momentum.

Final fragment ""Vallandigham said final details have not yet been worked out"" is an incomplete clause mid-qualifier, requiring continuation specifying what remains unresolved — likely timetables, selection criteria, or organizational boundaries, followed by ""but"" or a subordinate clause acknowledging preliminary arrangements or next steps.
""But what he could or intended to do.""
</br>
</br>
<br>""Vallandigham said the details have not yet been worked out"" sets up plans and implementation specifics to follow.",188
44,3,"Academic/essay introduction structure signaling a historical survey of tourism, establishing precedent with cited examples.

The sentence beginning ""although tourism as a mass phenomenon is relatively modern, explorers have...long been traveling around and reporting experiences"" establishes a contrast requiring completion — historical examples of famous pre-modern travelers supporting the thesis.

""The famous voyages of Columbus, the travels of Marco Polo in the thirteenth century and the wartime adventures of Sir Ernest Shackleton in the Antarctic peninsula in the 1890s"" is a suspended list clause requiring a concluding verb phrase like ""all illustrate early forms of tourism"" or similar synthesizing statement.
""are recorded in history as remarkable journeys. Stories of ... travels, the journeys of Marco Polo...the Antarctic exploits of Shackleton"" — presumably an interrupted list continuation or sentence conclusion.",178
45,3,"Blog/travel diary series about historic inglese churches in Somerset UK, with structured entries covering architecture, history, and notable features of each village location.

The pattern alternates between descriptive details and specific historical facts, with each entry noting architectural features of medieval/ancient churches, interiors, and visitors guides.

Final fragment ""St Andrew's church has some interesting wood carvings on the pulpit and"" is mid-list conjunction requiring continuation — expect specific interior fittings like ""font"" or ""box pews/panelling"" referencing carved Elizabethan-era church furniture. ""Old Somerset style village with a church dedicated to St Andrew, look inside for some interesting carvings on the pulpit and"" then expects a second or third specific carved architectural element, likely ""the nave frieze, seats"" or similar interior details about carved wood.",179
46,3,"Biographical/memorial narrative establishing historical martial arts lineage, now pivoting to personal motivation after documenting Otake Sensei's WWII survival experience.

The text has built from broad historical context → specific anecdote about Otake → his survival, strongly implying the next content explains how this experience shaped his legacy or actions abroad, likely charitable/dissemination work.

Final phrase ""Otake's experience motivated him"" is the opening of a causal clause requiring completion describing specific actions he took — almost certainly his generosity in founding/sponsoring dojos, philanthropy toward American students, or continuing Aikido.
""An American"" and the family's name suggest an appropriate linguistic register. ""The remarkable survival and growth of young Morihiro motivated him"" implies a purpose clause follows about a specific mission or life dedication to training or Japan.",178
47,3,"Tour itinerary format: a series of UK landmarks/historical sites with brief descriptive sentences, each followed by activities and transitions to next destination.

List continuation momentum: the itinerary has covered Edinburgh, Windsor Castle, St James Palace, Stonehenge, and Berkeley Castle; another destination description is expected, maintaining ""Head to/Visit/Explore + landmark"" structure.

Final token ""Canterbury"" is a UK city name mid-sentence (""Travel to Balmoral Castle then onwards to Canterbury""), acting as the cue for an immediate continuation describing Canterbury's famous cathedral or religious/historical attractions (e.g., ""Cathedral"" or ""Canterbury Tales""-linked medieval city).
""Leave North Wales, using your cab to seek adventure... Next travel to Canterbury"" mirrors countryside-to-city transitions likely continuing toward London landmark routes.",178
48,3,"Formal military/bureaucratic document tone with institutional vision-setting language (""magnificent new record,"" ""Army History Program"" priorities).

The sentence structure is building toward outlining strategic priorities and actionable direction for historians in the 21st century.

Final token ""the"" begins a noun phrase mid-sentence (""will establish a strategic vision that reflects the future direction of the Army and will guide and direct that future function. Five major emphasis areas outline the professional direction and direct the""), expecting a noun like ""plan,"" ""staff,"" ""efforts,"" or ""programs,"" completing a list of what the new APS maintains.
""timeline
The folio outlines central issues with decisions shaping professional directions. Among these issues are initiation...faces current and future challenges and serves as a framework that guides the Program and directs the""",178
49,3,"Genealogical/coat of arms newsletter format, establishing historical etymology of surname ""Clifton"" with specific place data (Warwickshire village, Lincolnshire Township).

Narrative momentum building through sequential revelations: county → village location → historical name evidence → linguistic breakdown, now moving toward conclusion about the village itself or its history.

Final token ""village"" ends mid-sentence (""Indeed the village""), requiring completion — likely describing the village's geographic, historical, or architectural characteristic, perhaps confirming the river/cliff meaning or connection to the modern place.
</br>""The original township therefore is most likely to be that of Clifton in Warwickshire ticked here, meaning a farm on clay/rocky ground. Indeed the village"" continues this explanatory thread, providing geographic or historical detail about Clifton's existence or layout.",179
50,3,"Historical/encyclopedic register describing ancient city history, following chronological narrative of Ephesus-linked settlement Syника on Lycus bay, covering Byzantine, medieval, and Catholic periods.

The text is cataloguing archaeological and historical features of the Mediterranean port town, building toward specifics about surviving structures and infrastructure near the ancient harbor.

Final phrase ""although remnants of the castle and part of"" is an incomplete enumerated clause mid-sentence, requiring continuation listing physical remains, most likely city walls, street systems, or harbor infrastructure — typical ancient Mediterranean port architecture elements. ""The two emperors visited the area. Contemporary diving has confirmed,"" ""
 ""The town on the ancient port has had several visitors. today"" ""Remains of the aqueduct and part of"" expects harbor walls, theater, or Roman road infrastructure.",177
51,3,"News or human-interest article establishing connections between football/scouting celebrity and military service in UK. Biographical factual tone.

The sentence structure sets up a tragic outcome story linking two people, with Lee Broughton's amputation serving as the emotional climax — a specific injury example illustrating the war claims.

Final token ""in"" opens a prepositional phrase requiring a specific time or circumstance detail (e.g., a year like ""2011"" or a narrative continuation), completing the clause ""was called up but left the Army... and last year he was platoon commander in the Army and lost both his legs in Afghanistan in [year/circumstance].""
</br>""Joe Joyce is a former Levelland Scout who also served in the Army, and is now TV presenter Joe Joyce, who was also a 16th Battalion member who lost both legs serving in Afghanistan in"" hits a personal story.",197
52,3,"Event announcement genre with celebratory tone, specifying date/time and theme (""10x10"" Block Party honors library's 10-year anniversary).

The phrase ""hosted by the Betacorp Alumni Association of the SCL"" signals organizational details for a social/party event, implying further logistical information about what's provided vs. what attendees bring.

""but"" is a contrastive conjunction ending mid-sentence after stating ""Butterbeer and appetizers will be supplied by the Library, but"" — immediately constrains next tokens to specify what is NOT provided, most likely a request to bring drinks, food, or drinks from home (e.g., ""please bring your own wine/drinks"").
""the full menu of potions, snacks and desserts will be served at the Library, but..."" sets up an exception or additional instruction like fee-free attendance or BYO requirement.",190
53,3,"Newsletter meeting minutes format with event announcements for a local historical society, establishing domain tone.

Jennifer's presented talk about the library archive collection is being quoted/promoted, building toward practical visitor information or tips.

Final token ""you"" opens a direct address mid-sentence (""If you""), part of a quoted excerpt soliciting feedback or offering conditional instructions to Historical Society members attending the talk; next tokens likely complete a conditional clause about nuances, e.g., ""If you want secret member rates"" or ""If you're visiting '[location]'"" — very likely, ""you love old photos"" or similar appeal to the Historical Society audience specifically.
""Jennifer adds during Heritage Week"" presents the slide presentation info — ""PS: If you"" creates instructional aside — must complete a conditional sentence, likely warning about tickets/capacity/venue arrival for the Wednesday evening talk.",185
54,3,"Military historical narrative (Civil War era dispatch/journal), mixing reportage of captured officers with tactical dispositions — shift from capture account to battlefield deployment.

The text transitions from ""Dan"" dispatch narrative to describing troop positions, signaling a shift toward tactical situation reporting.

""The First Brigade, on the left, strongly entrenched"" ends mid-action, grammatically demanding continuation of the defensive position description — fortification details, terrain, or relative positioning are expected immediately (e.g., ""on the hill,"" ""with deep trenches,"" or ""advancing toward""). ""The army was rapidly advancing. The First Brigade, on the left, strongly entrenched"" implies a description of the full line's disposition or imminent combat engagement.
""entrenched"" is an open descriptor, likely followed by a location or preparatory clause continuing the defensive effort detail.)",177
55,3,"Historical/architectural description in formal informational register, listing named sites with dates and cultural facts, typical of a Persian heritage or geography textbook.

List pattern established with ""The Great Mosque... It is located in... second old building is..."" signals continuation of ruins/surviving structures descriptions with similar factual detail.

Final fragment ""which has completely flooded but from which only a vaulted roof of the building has"" is an incomplete clause requiring a present-perfect predicate conclusion, most likely ""survived,"" ""remained,"" or ""survived standing."" ""has"" demands continuation — ""only a few fragments remain"" or similar ruin-description completing the sentence about preservation state.
</br>""One another important building is an abandoned house in middle of the village. It has now turned to ruins from which only a vaulted roof of the chapel has""",184
56,3,"Rail/transport blog-style post series, with each entry being a short caption about trains — European and North American rail topics, chronic floaters, freight, heritage lines, and passenger services.

The pattern of brief, standalone rail-image captions continues; the final entry appears to introduce a new era or specific train/locomotive story.

""Norwegian built EL"" — an incomplete noun phrase (likely ""EL"" abbreviation for an electric locomotive class or company like EastLink/English wooden ship), demanding immediate specific identification, possibly acronym expansion or train designation.
""EL"" is mid-phrase, part of a proper noun or vessel/operator name about ""An ex-Viking-era EL"" suggesting a locomotive class, geographic region, or a railway connecting distant continents link.
""A modern Icelandic-built EL"" signals continuation.",176
57,3,"Archival/catalog description format: each entry follows ""Description""This glass negative shows..."" pattern with formal museum catalog style for historical photographs.

Sequential photo caption series: entries describe group images of African American subjects at a historical institution, with varying compositions (crowed figure, soldiers, unnamed groups).

Final fragment ""Four people stand side by side. They face to"" is mid-sentence describing pose/orientation of subjects in a posed photograph; next tokens must complete directional reference, almost certainly ""the left"" or most likely ""the camera"" or ""turn the same direction.""
""Description""""""Four unnamed people dressed in suits and shirts and dresses standing side by side.
They face to"" continues subject posing description continuing — ""the"" completes into collective directional facing detail.
""Fours stand together, all are in mid-action. They face to""",182
58,3,"Educational tour introduction establishing local historical context, setting up a guided exploration by Andrew Turner on Glasgow's role in Scottish Enlightenment and union debates.

The text promises a local walk/visit describing specific Glasgow landmarks connected to shared political and cultural heritage — concrete examples of buildings/squares/locations with historical significance are expected next.

Final token ""city centre"" ends an incomplete prepositional phrase (""showing you around a number of sites in the city centre""), demanding continuation specifying which city centre locations, e.g., ""and surrounding areas"" or ""including the Royal Exchange.""
"" Glasgow has an incredible past, and today I'd like to take you through a short tour of a few key sites in the city centre"" continues to name specific central areas or coordinates the route to medieval/modern architecture, fitting an advocacy/educational tone about urban centre focus.",183
59,3,"Military historical documentary narration/footage descriptions from WWII Allied operations in Solomon Islands, 1942, following consistent caption-style format listing scenes and units.

Series of vivid action scenes building momentum — aircraft spotting, troops boarding boats, now a dramatic aircraft being shot down, continuing the narrative of ship-based combat footage.

Final token ""in"" opens a locative phrase mid-action sentence (""dives and crashes into a ship with massive explosion, strikes the side, loses engine and flooding, crashes nose down and crashes into flames in""), requiring a water location noun like ""the sea"" or ""the ocean/water near the ship.""
""through his first dive they see a bomb hitting a fleeing Japanese aircraft which dives bumper sticks down and makes a bad landing actually crashing into water and crashing burning in [the sea]""",175
60,3,"Event listing format continuation: three historical sites are being described in consistent structure, each with tours/exhibits; the third entry for Roo House is mid-sentence.

Holiday tradition thematic momentum: ""Tour the Historic Roo House decorated for the holidays and listen to stories of Christmas traditions of the 1800s in this annual, family-friendly tour"" mirrors prior tour descriptions.

Final token ""and"" opens a coordinate noun phrase following ""a seasonal Historic Walking Tour focused on Historical Christmas traditions in an immersive, history-rich tour that is a history and"" — expects a second theme noun like ""decorative arts,"" mirroring earlier phrasing like ""history and festive fun"" or completing ""a festive, holiday story-telling tour experience.""
""
a special...history and",168
61,3,"Conspiratorial/political blog format with threaded skepticism tracking Trump rallies and symbols, building toward exposing connections between Proud Boys and historical Fascist paramilitary groups.

The post is presenting a factual thread of proof connecting the ""Three Percenters"" name directly to Nazi Germany's paramilitary — a symbolic irony being hammered home as conspiracy evidence.

Final token ""How"" opens a rhetorical question or ironic observation, mid-sentence continuation of ""...the name is 'Der Drei Prozenter'. That is, the same nomenclature used by German Nazis circa Hitler's era. How"" — expecting something like ""did this happen?"" or ""fitting coincidence"" or ""did you miss that?"" completing the argumentative point about the symbol's Nazi significance.
""Interestingly, mirrors the name of a German Nazi...group. How""",175
62,3,"Biographical/event promotion text listing two speakers with credentials and topics, establishing a structured parallel format for an art gallery event.

The pattern sets up two named speakers with their roles and book titles; the second speaker Brian Fleetwood's book title ""On Camera – The Autobiography of 'a' Camera Man – No Ordinary"" is incomplete, requiring a concluding title phrase (likely ""Life"" or ""Football"" or similar).

Final token ""No Ordinary"" is mid-title, part of a subtitle, demanding an immediate noun or adjective completion (""Journey,"" ""Labourer,"" ""Camera Man"") to close the book title; ""Brian Fleetwood, a former Tower of London architect and author of his new book 'Driving the Line – A Cameraman – No Ordinary"" completes.
His working class tale",173
63,3,"Travel blog/diary narrative style established, continuing personal family road trip account with specific named locations and casual tone.

The post is introducing Lebanon, Oregon, building geographic context about the small rural town setting — ""a local favorite itch-scratcher"" and historic downtown attract history.

Final phrase ""Lebanon is a small town in Eastern Oregon, only a few"" begins a distance/location qualifier requiring completion like ""miles from U.S. highway 20"" or ""miles from the coast/border."" ""Our daughters and I stopped at Captain Jane's in Lebanon, Oregon. Lebanon is a small town in rural Eastern Oregon, only a few"" — mid-sentence demands specific geographic reference continuing spatial or contextual detail about the town's isolated, small-town character.

The geographic/descriptive continuation is expected.",178
0,4,"Biographical profile of Scottish artist Andrew Paton, establishing his rural landscape devotion and roots in Orkney — narrative momentum toward explaining his deliberate rooting in place.

The sentence ""Paton has given interviews to the effect that he would not have achieved such international renown if he had travelled more"" sets up a contrast/qualification already signaled by ""although he says he would have enjoyed more holidays in towns.""

Final token: ""would"" — part of the conditional clause ""although… he says it"" — immediately requires completing the consequence/thought about why he didn't leave, e.g., ""have sacrificed"" or ""have been unnatural to his character"" or ""it would have meant abandoning.""
""…although he said that he might have travelled, but added that it would"" demands a negative clause about cost/trade-off of leaving.",180
1,4,"Historical narrative building toward Holocaust tragedy — biographical details about a young Jewish girl in 1946 Palestinian school context, establishing innocence before destruction.

The photograph and school album format sets up personal, intimate storytelling; reader expects information about Batia's classmates, fate, and what happened to her within Israel's Jewish cemetery now-at-risk.

Final clause ""she attended the Avni Zionist Hebrew School in Jaffa, where she"" is an incomplete relative clause mid-sentence requiring immediate continuation of her activities, relationships, or biographical context at the school (e.g., ""sat with friends,"" ""studied,"" ""lived""). ""The scan makes it clear that her hometown was Jaffa, where she lived as the sole Jewish pupil."" ""The fourth-grade photo features Batia Yeshuran, who attended... school in Jaffa, where she""",188
2,4,"Informative/historical tone explaining Civil War era log structures at Winter Quarters museum, establishing context for Victory Camp hut history.

The text is building toward a contrast — recent reconstruction is inaccurate, but original huts were surprising in quality given their militaristic origins, implying further historical detail about their standardized construction and soldier living conditions.

""Followed Washburn's instructions fairly closely, most"" sets up a qualifying continuation — a ""most"" implying exceptions, describing the overall quality or outcome of the huts, e.g., ""most huts were well-proportioned"" or similar positive assessment.
""Despite the primitive tools and materials available, most"" demands immediate continuation describing what outcome or condition resulted, completing the concessive contrast about construction quality of the thousands of huts built. ""Generalyonu"" likely introduces a period or bulk statement.",181
3,4,"Historical narrative building toward a famous anecdote's conclusion — the Morse/Lowell ether demonstration at Massachusetts General Hospital, 1846.

The sentence structure ""the governor famously enquired of the patient if he felt any pain, to which the reply was 'remarkable success', thus giving"" requires a completion describing the historical significance or famous phrase introduced by Lowell's endorsement — likely ""birth to"" or a quotation marks reference.

Final token ""giving"" is a present participle mid-clause, demanding a direct object or noun phrase immediately following, likely ""birth to the expression"" or a famous idiomatic reference.
""It is said that American President Rutherford B Hayes endorsed the first anaesthetic operation by famously stating 'This is a wonderful failure!', thus giving [birth to this famous phrase/legacy].""",177
4,4,"Museum curatorial voice establishing historical facts about Nazi-era art looting and Holocaust context.

Historical narrative momentum: the tragic discovery of victims' identification and deaths at Auschwitz sets up the contrasting fate of artworks remaining.

The final clause ""many of the artworks were found in gingerbread boxes and half-loaded trucks when Auschwitz-Birkenau was"" requires a past-tense completion referencing the Soviet/Russian liberation or army's approach in January 1945; ""when the camp was"" demands a verb like ""liberated,"" ""liberated by advancing Soviet troops,"" or ""encountered on the retreat.""
""Many thousands were scattered and destroyed during their flight, and a great number simply remained where they were when Auschwitz-Birkenau was"" — ""arrived was liberated"" grammatically needed.</final>",178
5,4,"Historical/academic text structure: detailed territorial survey of Cherokee land cessions, referencing maps, treaties, and specific figures like Sentinel.

Narrative momentum building around geographic region coverage, tracing colonial expansion across rivers and tribes; the sentence is mid-enumeration of rivers (""Ohio, Tennessee, and Cumberland""), suggesting continuation of geographic boundaries or planned expeditions.

Final token ""Cumberland"" ends an incomplete list/clause (""the country between the Tennessee, Ohio and Cumberland""), requiring a closing noun like ""Rivers"" and likely a sentence about their forming tomb-guide boundary, mirroring the opening's mention of ""Cumberland and Cape Rivers.""
</br>""pallad of"" seems erroneous, but next token continues the geographic triad of the river/land description — the sentence enumerating political control ""between the Tennessee, Ohioand Cumberland"" needs completion.",185
6,4,"Genealogical/historical record style, presenting lineage data about early colonial settlers in Taunton, Mass., circa 1644.

Narrative momentum establishing family members after describing immigrant patriarch John Lybbert's life, land dealings, and years of settlement — now transitioning to descendants list.

""He had two sons, Gabriel"" introduces a numbered or named enumeration, requiring at least one more son's name to follow, likely ""and [Name],"" then probable biographical continuation in same historical register, or additional colon-separated detail about Gabriel becoming a town ancestor or identified branch. ""Descendants of Capt. John Lybbert were: Gabriel"" directly demands a second son's name or continuation (""and Nathaniel/Timothy""), likely including multiple generations or specific activities consistent with 17th-century genealogical naming conventions.
""",181
7,4,"Biographical obituary register, detailing a Vietnam-era Navy officer's career history and honors, now transitioning to a specific memorial story about the USS Little Rock wreck.

Narrative momentum shifts to passengers aboard the Essex finding the wreck nearby; the sentence is building historical context around a 1974 NATO naval exercise incident.

Final token ""Spirit"" ends an incomplete compound noun phrase (""Navy Fleet in exercise Operation Eagle Spirit""), strongly expecting a period or continuation describing the exercise name further/details.
""Barry and hundreds of other ships of the combined forces were participating in NATO naval exercises in the Mediterranean"" [sic]. ""Barry was participating with ships including HMS Tiger and HMS Escort off Greece as part of 4th Fleet. The ships supported operation Eagle Spirit"" requires a codename or descriptive conclusion completing the exercise campaign name.",180
8,4,"Dictionary/lexicon entry format for biblical terms, with structured definitions followed by verse citations and commentary glosses.

Biblical textual citation pattern: entries provide name, title, quote with reference (Nehemiah iii.28, 41); continuation follows commentary expanding on the entry.

Final token ""son"" is mid-phrase, part of a parenthetical identification of Jehoiada (""Jehoiada, priest, son""), requiring an immediate continuation specifying the parent or lineage, e.g., ""of Peteriah"" or ""of Eliashib,"" echoing the earlier verse wording ""Jehoiada, son of Peteriah."" ""Here is Jehoiada, who set to work; (nivh.) He made the gate desist. — Jehoiada, priest, son"" also establishes the repetition pattern for supplementary clause information.",185
9,4,"Biographical encyclopedia/wiki style entry, establishing factual details about a historical organized crime figure with name, dates, and gang affiliation.

The sentence structure demands completion of the biographical arc — after naming his affiliations (""mob enforcer"" and ""the Dondolos Crew, a gang within the Bonanno crime family. He was""), key life events (infamous crime, death, or conviction) are expected next.

""was a member of the Newark chapter of the Bonanno crime family. He was"" — repeated ""was"" signals a parallel or concluding biographical statement (e.g., ""shot,"" ""incarcerated,"" ""convicted""), likely narrowing to his downfall or murder in 1980s crackdown.
"" ""A detailed photograph"" references unusual death or legal documentation.
"" ""He was",177
10,4,"Historical CIA/US government document summary, cataloguing bilateral reporting entries with dates, locations, and named officials (Siagian, Sukarno era).

The second 1965 entry establishes a new political development — the coup and regime change, now assessing improved relations with new leadership.

Final token ""Ahmed"" ends a proper name mid-sentence (""the State Department on September 27, 1965 forecast easier dealing with the new government of Major General Suharto Haji Azis Ahmad""), requiring continuation: likely a period, or a subordinate clause about conditions/concerns, or additional analysis about Ahmed's government being more aligned with Western interests.
""with the diplomatic corps and CIA station chief Conrad Moore believed that the United States would fare better under the new government of Major General Suharto Haji Azis Ahmed""",181
11,4,"Encyclopedic/informational tone about Armenian village history, establishing chronological facts (1857 founding, Soviet collectivization) that continue systematically.

Narrative momentum building a historical timeline, now shifting from medieval/religious context to archaeological evidence, suggesting ancient habitation origins or early human settlement details will follow.

Final fragment ""Archaeological finds such as Bronze Age pottery and tools point to evidence of man"" is mid-sentence, requiring completion of the noun phrase — almost certainly ""human habitation/inhabitation/activity/life in the region"" or ""evidence going back thousands of years."" ""The village of Alaverdi is situated in the mountains, but it's rich in history. 1 have found in caves and open-air,"" are aged cauldrons which give evidence of man",174
12,4,"Historical essay structure (UK education GCSE format): numbered points covering social change, requiring factual UK-specific content on working-class politics, industrialisation, and Chartist movement (1830s).

Argumentative momentum: the essay is building a causal chain — industrialisation → overcrowded towns → economic hardship — with the revolution narrative escalating toward political consequences.

Final token ""poor"" ends mid-phrase (""A fall in trade led to industrialists reducing staff, a resulting loss of work. A series of poor""), immediately requiring a noun like ""harvests,"" ""weather,"" or ""crop years"" describing agricultural/economic hardship continuing into the recession.
""Over the 1830s & 1840s combined unemployment was rising and factories were closing rapidly. A series of poor"" continues this hardship enumeration, indicating a natural disaster or bad harvest context.",191
13,4,"Bullet-point list format continues: structured object metadata about a Pre-Columbian skirt, listing artifact details following catalog/provenance patterns.

The text has established a date range of ""100 BC to 500 AD"" multiple times, and the specific artifact entry requires a matching end date or similar closing number.

Final token ""to"" opens an incomplete date range (""Mexico (Maya Region) - 100 AD to""), immediately requiring ""500 AD"" to close the range, matching the earlier repeated phrasing ""100 BC to 500 AD / 1st to 5th Century AD.""
</br>
</br>""Title: Skirt or Dress - Veracruz, Mexico, - DATE: from 100 AD to""",173
14,4,"Biographical Wikipedia/profile format documenting Michael Heap's Christian music career chronologically, establishing factual narrative of influences and early bands.

The text is detailing Heap's involvement in the southern rock/Christian rock band Challenge Trace; the sentence ""The band was formed in 1976 and released one album"" sets up further elaboration on the band's activities or career trajectory.

""Heap was in a Christian rock band called Challenge Trace...Challenge Trace released one independent album in 1979. The band toured"" — ""toured"" ends mid-sentence, immediately requiring a location, duration, or extent describing where/how long Challenge Trace toured (e.g., ""around the United States"" or ""alongside churches and conventions"").
""Heap as a high school student studying music. The band toured""",174
15,4,"Military vessel biography format establishes factual, historical record style for USS Devonshire (SSR-3)

The vessel's original mission (inshore reconnaissance, guidance missile testing) already given; subsequent biographical details about service history, deployments, or reassignments are expected next.

""Stationed at Rota, Spain"" is a partial prepositional phrase or entry requiring immediate completion — expects a date range or continuation of Mediterranean duty assignment (e.g., ""where it..."" or a comma followed by temporal clause like "", it served NATO forces"")
""Converted...to a Mediterranean-class..."" completes refit details
""Rota, Spain"" begins geographic assignment detail for the submarine's 1967 conversion, Rota stationing expected next
""Assigned to Rota, Spain"" signals this mid-sentence continuation of duty location description.",179
16,4,"Blog/journal series on geology history, maintaining academic yet accessible British natural history register throughout, spanning Devonshire fossils and historical figures.

The text has shifted narrative focus to Charles Darwin's connection to Devon geology, implying a first-hand account or historical evidence about Darwin's time in Devon and geological enthusiasm.

Final token ""Darwin"" ends an incomplete clause (""Although...is more readily associated with London and the beagle voyage, the time Darwin""), requiring immediate continuation describing what Darwin did in Devon or how his Devon experiences informed his geological/cultural awareness.
""has come to light...an article in the Cheltenham gazette reminding us that whilst Darwin may be well known for other things, the time Darwin"" — syntactically demands a verb phrase about Darwin's activities or correspondence, likely referencing his father visiting Newton.",178
17,4,"Historical narrative profile of a legendary 19th-century sharpshooter, Shannon, establishing his dominance and eventual downfall segment (""untried territory"" mirrors earlier destructive record).

The story follows a classic biography arc: introduction → reputation → achievements → turning point implied by title's ""Race Track Disaster.""

Final token ""That is"" opens a clause continuing the sentence about Shannon's winning streak, likely followed by a transitional phrase signaling a pivot or boundary (""until,"" ""so long as,"" or elaborating on a consequence) — ""That is"" in older narrative prose conventionally continues with a contrasting or summarizing continuation.
</br>""For a few years Shannon sailed through the Mexican landings, becoming an unchallenged winning leader in America's west. He was greatly victorious. That is"" — a sentence boundary or elaboration expected immediately next.",182
18,4,"Factual/informational report tone about 2014 SEA Games in Indonesia, expecting continued event details, dates, and statistics.

The sentence ""The 27th Southeast Asia Games will be held in July 2014, in Jakarta and Bandung. This is third time Indonesia"" promises a historical fact about Indonesia hosting the Games, explaining past hostilities.

Final token ""Indonesia"" begins a clause mid-sentence (""It will be held on Indonesia. This is third time Indonesia""), immediately requiring a verb phrase like ""hosted the SEA Games"" or ""held"" to complete the prediction about Indonesia's previous hosting experience as a regional country, likely referencing previous Jakarta editions.
""Jakarta which will have multiple venues scattered over it. This is the thrice debut,</br> it's the fourth time Indonesia""",179
19,4,"Travel guide format with structured entries: each monument gets name, description, historical facts, and specific dates/dimensions, cycling through Spain's landmarks.

Sequential landmark entries establishing consistent pattern: Carmona/Nerja covered, now another entry (Puente du Gard) mid-description providing architectural and historical details about dimensions and materials.

Final token ""high"" closes a dimension clause (""the Pont du Gard consists of over 2000 limestone blocks measuring 270m long with arches up to 48m high""), immediately expecting continuation via period, additional measurements, or further descriptive details about engineering/condition.""
</br>""Roman aqueduct dating from the early first century AD, built without mortar. It stretches for 275m and has arches that are 48m high"" expects a concluding sentence fact.",182
20,4,"Fragmented search-result/snippet compilation style: each paragraph is an isolated excerpt mixing names, topics, and dates about Alexander Hook (figures, personalities, institutions), signaling another such fragment continues.

The text loosely chains biographical/trivia snippets with recurring ""hook"" name variations, suggesting continued thematic daisy-chaining of historical references, citations, or textual resources related to hooks/architecture/social topics.

Final token: ""full text of"" — part of an incomplete citation or source reference (""table of electrical conductor resistances, 1860 - 1870; full text of""), immediately requiring a book title, Google digitization reference, or Gutenberg-style source descriptor (likely `this book xx...`), mirroring Internet Archive formatting conventions.
""miscellaneous scientific papers. - volume ; full text of"" is a typical Getty archive citation fragment.",186
21,4,"Professional construction narrative building toward project scope/execution details for an educational nonprofit, maintaining formal first-person technical prose.

The text is establishing a significant scaling-back storyline — ""baked-in constraining assumption of phasing"" and budget concerns set up a specific rationalization for reduced scope.

Final fragment ""...to scope down Phase I to only the rehabilitation of the old teaching farm and"" is a mid-conjunction requiring continuation of the Phase I scope description, likely naming specific building components, spaces, or a second facility (e.g., ""and construction of only the core facility"").
""Given the budgetary uncertainty, we worked with the architects and only scoped out Phase I to be limited to the rehabilitation of the old Farmhouse and"" — expects a connected structure/space rename describing what the Front Street property conversion would provide for students.",178
22,4,"Historical/factual list pattern: presenting key facts about English and Spanish Inquisitions in sequence, with dates and institutional details.

Narrative momentum toward papal/religious political context, continuing the progression of Inquisition powers, criticizing Inquisition corruption (""corrupt and abusive"") and expanding authority in Spain.

""In 1498, Pope"" ends mid-sentence, requiring a specific historical papal name and action, likely a papal permission, bull, or controversial decree reinforcing or criticizing the Inquisition (""The Spanish Inquisition...processions were dangerous and deadly. In 1498, Pope"").
</br>""In 1243, Spain established the Inquisition....
In 1475..., it began to mete out torture....
In 1498, Pope"" demands continuation about papal involvement.",185
23,4,"Military/funeral escort mission briefing document (from VFW or similar veteran escort group), using structured operational details for a veteran's transport journey, establishing format and content norms.

Narrative momentum: the briefing lists mission details (victim profile, transport, ceremony) and is now transitioning to volunteer coordination and follow-up opportunities, with incomplete thought about ""attend any part of.""

Final token: ""mission"" ends an incomplete phrase ""You may attend any part of a mission"" — likely followed by a named operation identifier or a local slang/framework term (e.g., ""Special Ops Mission"" — connecting to the ""Operation Defender"" header format). ""Several volunteers meet before or after each"" continues the pattern.
""The community is welcome to attend either or all of a mission"" seems garbled/specific, possibly referencing mission trips or reunified operational logistics.",183
24,4,"Contrast structure (""despite this prestige"" / ""However, things did not follow smoothly"") sets up life-and-death reversal narrative about Chase日后的 vindication or comeback.

Historical-biographical article momentum: having detailed Chase's electoral defeat and departure from Congress, the argument now pivots toward wartime transformation or eventual success as Lincoln-era Treasury Secretary, contextualizing the earlier statistics.

Final phrase ""in the face of this personal and"" is mid-clause, requiring continuation of a compound adjective pair — likely ""political"" or ""professional setback,"" setting up ""yet"" contrast pivoting back to Chase's resilience or subsequent triumph.
""Chase had been forced out of Congress after suffering a humiliating defeat in Maryland. But, even in the face of this personal and"" — a paired noun/adjective continuation immediately follows.",177
25,4,"The essay establishes that historical leaders in an exclusive ""inner circle"" made flawed decisions — setting up Ward Churchill as a counterexample or new perspective.

The quoted Arthur Schlesinger anecdote (""the few people in the room,"" ""that circle"") directly frames Churchill as someone inside or commenting on that same flawed circle, requiring the sentence to complete that association.

Final token ""that"" is part of the phrase ""Ward Churchill was a member in that [circle]"" — directly echoing the established phrase ""that circle,"" creating a near-certain callback closing the loop: ""was one; perhaps one of the most important who was a man in that circle/room/experience.""
""
The present bitter age saw the Vietnam War in large measure. Ward Churchill was someone who was a member in that",171
26,4,"Encyclopedic/gazetteer entry describing a specific Irish parish location, establishing geographic and historical facts about Kilmore吝 Abbey and surrounding landmarks.

Narrative momentum moving through sequential landmarks along Maghery Head (""hours hill,"" old stone church, burial ground, fort, ""little green mound""), with each detail layered upon coastal terrain.

Final token ""the"" opens a noun phrase specifying geographic orientation/location of the little green mound, immediately requiring a proper coastal or landmark noun — likely ""sea,"" ""road,"" or a nearby place name like ""Dunbare Beach"" referenced earlier.
""There is an old ring fort at Carrick Na Runan and near a ruined chapel by the"" requires immediate coastal landmark completing the prepositional phrase, most probably ""river mouth,"" ""coast road,"" or connection to the headland/Atlantic Coast driving scenic context.",188
27,4,"Genealogical/legal research blog tone transitioning into a quoted historical document, requiring formal archaic language to continue.

The quoted royal letters patent text follows Elizabeth I's standard formula for granting name changes — the formal preamble (""Our most Gracious Sovereigne...Considering"") leads into the grant clause, so specific verbiage about the granted authority for Sir Henry Mainwaring to assume the Dashwood surname is expected next.

Final token ""Authority"" ends the pronouncement phrase ""We have thereupon given Our Royal Licence and Authority"" — immediately expects the noun phrase object, likely ""and Licence"" or ""to...,"" continuing the formal legal formula completing what is licensed/permitted.",169
28,4,"Biographical/historical narrative momentum: the text introduces Maoz as a Zionism pionner, expecting elaboration on his military leadership role.

Attribution/citation pattern: ""– Jewish World"" signals a nguồn citation or byline from a publication name, requiring a complete organizational name like ""Jewish World News"" or ""JJWorld/Jewish News.""

Final token ""World"" is the start/title of the publication name in a source attribution (""- By Steven J. Smith – Jewish World""), immediately requiring the remainder of a proper noun publication name (e.g., ""Review,"" ""News,"" ""Foundation,"" or a Jewish/Israeli-themed site name).
""World"" likely continues as part of a compound proper noun completing the publication title. ""Continue reading more in the article titled '…'"" suggests aggregator/blog formatting around the historical topic.",180
29,4,"Historical naval caption format: factual, terse descriptions of a WWII-era ship photo with unit identifier, dates, and personnel.

The caption is building context about USS Definer (PC-461), establishing its WWII operations — an attack on a German submarine (U-175) is introduced as a key achievement.

Final token ""on"" opens a temporal/sevent phrase specifying *when* the submarine was sunk, requiring a precise date, e.g., ""March 6, 1943"" — narrative hook demands completion of the specific encounter details introduced by the relative clause ""which had successfully sunk the German submarine U-175 on.""
</br>
""Atlantic and Caribbean, Defender is shown here, battleship which sank the German submarine U-175 on""",176
30,4,"Encyclopedia/dictionary article style: factual, taxonomic, covering cultural traits of prehistoric North American Iroquoian peoples.

Narrative momentum: introductory cultural description now transitioning to archaeological evidence, geographical specifics following ""Numerous archaeological sites in New York"" signals a regional focus with further location names and dates expected.

Final token: ""New York"" opens a geographic/referential clause mid-phrase (""several Late Woodland sites in New York""), requiring completion such as ""State and New England"" or specific geographic areas consistent with the text's focus on Northeastern woodlands and Iroquois territory.
""Archaeologists believe that Late Woodland... that culture spread to nearby tribes. Excavations of composite Iroquoiss sites in New York"" is a bracketed introductory phrase requiring continuation about Hudson Valley archaeology.",181
31,4,"Factual/expository narrative pattern about the 1972 Munich Olympics tragedy, expecting historically accurate information about television coverage interruptions.

The loosely connected, repetitive sentence style (""athlete teams killed, the person was sick and they were killed"") suggests fragmented academic or student-writing register, with loosely linked clauses.

""Was interrupted by the Munich Massacre. ABC was playing a show and then it was"" ends mid-construction, requiring completion of the interrupted clause — likely a parallel repetition of what happened to the broadcast, such as ""changed,"" ""cut off,"" or ""stopped.""
""That was a long way especially, and now in a photograph. A woman was watching the ABC TV show and then it was interrupted and then it was"" expects a concluding clause summarizing the interruption or consequence.
The immediate repetition signals ""was"" introduces a final predicate.",184
32,4,"Historical/educational essay momentum: post is building parallel between Crazy Stupid Love and social justice films, using Susan B. Anthony Ray as example.

Film analysis example structure: the Triangle Shirtwaist Fire story is mid-sentence, establishing historical context; the next logical element continues describing trapped, deadly conditions workers faced at TRIUMPH's end.

Final token ""doors"" ends a clause (""It is heartbreaking to finally realize that the workers knew, at the end of their last moments, that the doors""), requiring immediate continuation explaining locked/exit doors were barred or blocked — the classic Triangle Fire tragedy detail about trapped workers due to locked exit doors.
</br>""teacher than we teachers. &nbsp;Take, for example, the Triangle Shirtwaist Fire film.
Imagine the terror when students realize that the workers discovered that the doors""",183
33,4,"Contrast structure ongoing: author shifts from cabin fever/disordered indoor days to Florida joy, implying upcoming explanation of winter vacation activities or experiences.

Travel memoir/personal essay tone established (""every year for the past decade""), expecting specific recreational content or reflective observations about island life.

Final fragment ""But as the years have passed, I've spent many of"" is mid-sentence, requiring a noun phrase completing this measure (e.g., ""those days,"" ""the weeks""), followed by a description of what the author has been doing during Florida stays. ""My wife and I thoroughly enjoy our December visits to Gulf Island National Park on the Florida Keys; But recently,
I have actually spent many of [our days/two weeks]...""
expects continuation specifying time per day/activity during the vacation months.",172
34,4,"Catalog/encyclopedic description of an archive, establishing factual, institutional tone about Detroit Television Archive's content.

The sentence structure ""An extensive collection of home movies, television programming, ad reels, and other material unique to the Detroit region that have historical relevance related to"" sets up a thematic or locational object to complete the prepositional phrase, likely referencing video media, the city's visual history, or TV viewing in Detroit.

""Video-related content to fill information about the public that were collected from... sources with footage/documentation related to"" is mid-clause, demanding a noun phrase about subject matter or geographic/historical content, probably mirroring the project title's ""video footage"" theme — possibly ""seasonal video postcards,"" but relating to Detroit media history or urban evolution, fitting the topic's presumptive title.

Final token.",182
35,4,"Event listing format for a UNC visiting scholar lecture establishes biographical/promotional genre for historian James Billington's talk.

Bio standards for academic lecture programs: credentials, publications, institutional fellowships listed, following conventional scholar-praise structure throughout.

The text ends mid-sentence with ""a frequent contributor to"" — a prepositional phrase requiring completion with specific named publications, e.g., ""The Wall Street Journal,"" ""American Heritage,"" or ""The Atlantic,"" or a list of major journals/essays/general audiences.
""Another of Jordan's prominent faculty members in American history, Billington remains deeply committed to historical scholarship. He is the author of several books on the Civil War and Reconstruction, and has taught at many colleges and universities. Billington is also a frequent contributor to""",169
36,4,"Institutional/promotional description of an oral history podcast series from U of Calgary Library, establishing educational and cultural scope.

The sentence structure ""These first five episodes highlight personal stories from the 1960s... and are the beginning of our ongoing effort to make decades of oral history collection accessible to the wider community with"" sets up a prepositional phrase requiring completion, likely describing digital access methods, captions, or language features.

Final word ""with"" is a preposition opening a completing phrase, demanding a noun phrase or clause explaining *how* the podcast makes history accessible — e.g., ""with transcript,"" ""with searchable formats,"" or ""as a starting point for broader listening.""
""Building [to] makers... Each episode is an opportunity... our first step to share these valuable...stories to make our oral history collection accessible to the wider community with"" likely continues about accessibility/ technology or podcasts.",195
37,4,"Automotive/historical fact presentation style, implying specific brand, model, or record claims about classic cars (e.g., ""world-class gasoline-powered muscle car"").

The passage lists achievements sequentially, with ""In 1971"" signaling a specific historical event or benchmark story about performance records or competition.

""set a lap record at the legendary"" ends mid-phrase, requiring a specific famous racetrack name immediately next — almost certainly ""Nurburgring,"" ""Daytona,"" or a similar iconic venue, fitting the historical racing context.
""the record-breaking V8-powered model airplane Turbo Test Wolverine also famously set a record lap time at the legendary"" completes into a named circuit, likely Nürburgring or Le Mans. ""The original Bugatti began"" describes continuous location at a famous landmark race venue.""",181
38,4,"Event promotional/announcement structure requires describing multiple presenting groups and their content at the Garden Club 2019 commemoration dinner.

The sentence promises a list of three thematic presentations: ""Military visitor showing how payed sailors lived?; presentations from Cuban Battle 1898 'Cuban Troops'"" — a third topic covering Key West or Tampa's local history/florida democratic connection is expected to complete the trilogy.

Final token ""and"" is a conjunction mid-list, requiring continuation of the coordinated series ""stories by actual reenactors of Cuban Battle reenactment, followed by presentations by 'The Star Spangled Regiment about their adventures in Tampa; and"" — expects a third topic, likely local descendants or organizations completing the format.
"" presentations from X… ; presentations from Y…; and""",174
39,4,"Encyclopedic/biographical dictionary style with precise dates, Latin names, and historical facts about Holy Roman Empress Matilda (10th-11th century).

The biographical narrative follows a chronological arc covering birth, marriage, military victories, political disputes, and abdication — now concluding with religious final years.

""In her old age she retired to a"" sets up the types of religious monastic/community settlement she entered — specifically a convent, monastery, or abbey, completing the expected withdrawal from secular life after abdication.
""Final edition. She entertained poets and warriors at her court. With little regret she renounced her crown, and in 1094 retired to a"" requires a specific religious house type next, e.g., ""Benedictine convent"" or ""the Carthusian monastery at Pavia.""",186
40,4,"Gubernatorial proclamation/editorial format establishing solemn historical context about Veterans Day and WWI's centenary, guiding toward broader reflections on remembrance.

The passage has catalogued November 11's significance for multiple memorial days, suggesting continuation listing further meanings or contrasts.

""November 11 is not"" opens a negation or reframe — likely a contrast clause explaining what the date *is* rather than conventional assumptions, possibly noting anniversary dates for other conflicts or losses.
""as is observed today.
In recent decades, Americans have come to take Nov. 11 more seriously.
""November 11 is not"" begins a new sentence requiring completion: likely a surprising or corrective observation, such as ""not the only day"" or ""not a holiday of ease.""
The text pivots to contrast with this year's specific focus.",185
41,4,"Ceramic analysis text establishing historical/cultural origins of fired-clay plugs in Catalan architecture, with formal academic tone.

The argument has built toward identifying stylistic provenance, contrasting Roussillon influences versus local Catalan production, anchoring the piece in regional ceramics history.

Final phrase ""more closely related to the"" is a comparative conclusion requiring a specific ceramic-producer location or kiln center, most likely another Catalan or Spanish ceramics tradition/site/period, contrasting with Roussillon or Neapolitan references.
</br>""Its greater linear decoration recalls policrome work typical of fifteenth century, and its formats stand out near medieval times without exactly corresponding to common Italian examples, so it more probably relates closer to the"" expects a specific workshop, kiln, or regional ceramic center name referencing Catalan production — likely Barcelona or similar.",178
42,4,"Journalistic/architectural profile following NHK news report style, systematically describing historical building restoration and architectural features of Tokyo Station and Governors Office.

Sequential description of architectural features moving from the main building outward to side structures, with each clause adding specific design details like ""German neoclassical style"" and ""red brick.""

Final fragment ""The building features two towers with red roofs"" is mid-description, incomplete description of the European-tower motifs, expecting continuation with color/material details, visual relationships, or directional descriptors. ""The twin concrete bays in front also stand out. On the left and right sides are two European-style towers with red roofs"" demands immediate continuation describing the roofs' shape, color contrast, or additional architectural elements like Japanese-style touches or tiled finishes.",166
43,4,"News wire/diplomatic dispatch register (1930s newspaper clipping), with bureaucratic institutional details about WPA Roosevelt investigation logistics driving content.

Narrative momentum: the article has outlined the Department of State's invitation for foreign workers to volunteer; the Knights of Columbus coordinator's confirmed new policy sets up an expected qualification or procedural follow-through.

Final clause ""said that final details have not yet been worked out"" — mid-sentence attribution implies a continuation explaining what is still pending (e.g., ""as to how the investigations shall be conducted,"" logistics, or number of agents deployed), completing Sasserman's statement about upcoming arrangements.
</br>""But said a representative of the Department of State, Sasserman said that final arrangements have not yet been worked out"" — continuation of procedural caveats about volunteer investigation rollout still pending.",178
44,4,"Academic/formal writing introducing tourism history, expecting continuation of historical development argument or thesis. ""Modern tourism is a very recent phenomenon, but..."" sets up a contrast.

The sentence structure lists early examples of tourist exploration/experience (""involving individuals exploring...and writing about their encounters""), building toward a concluding clause connecting these examples to a broader point about travel tradition.

Final token: ""courage, Alexander the Russian explorer's flights into Siberia in the 19th century"" ends a comma-separated historical examples list; a closing clause or period follows, likely summarizing these as illustrative cases (e.g., ""all illustrate..."" or ""are just a few of the earlier accounts"").
</br>""
""The travels of Marco Polo..., Sir Richard Burton's voyage..., and the diary of Sir Ernest Shackleton's Antarctic expedition""",181
45,4,"Travel blog/photo album format documenting visits to English villages and their churches, mixing historical notes with visit anecdotes throughout.

List continuation pattern: after naming notable features (font, carved woodwork dates), the text builds toward more architectural/interior features of St Peter's church, specifically ornate elements.

Final token ""and"" is a coordinating conjunction mid-sentence, requiring parallel continuation of the church interior feature list. ""Carved woodwork on the altar area"" suggests additional furnishings like a gallery, pulpit, or roof bosses will follow. ""The woodwork dates to years are cool"" ""More royal connections."" ""Interesting church with lots of Royal red decoration, check out the nice carving on the pulpit and"" — expect seating, panels, or traceried organ shutters, typical parish inventory language.",174
46,4,"Memoir/biographical narrative about kendo history, establishing grisly details (""tsuki,"" decapitation, deduction periods) before focusing on a specific practitioner, Mr. Miyano.

The text shifts toward Miyano's personal motivations and legacy, building toward his contributions or philanthropy — likely explaining why a Japanese survivor dedicated himself to a cause or mentoring abroad.

""This experience motivated him"" is an incomplete clause requiring a verb phrase completing what the experience motivated Miyano toward, almost certainly referencing his life in another country or generous support of kendo/instructors; ""Mr. Miyano's tragic childhood and near-death at war motivated him"" to dedicate his later life to something.
Final token: ""him"" is the object pronoun closing the motivation clause, requiring a purpose or action next, likely ""to.""",177
47,4,"Tour description pattern: sequential UK heritage tours listing landmarks with evocative action-oriented language (""visit,"" ""explore,"" ""stroll""). Each chunk covers a themed stop sequence across British locations.

List continuation momentum: the itinerary is working through multiple English regions and historic sites; after ""Winchester to catch the traditional race,"" another location entry is being developed.

Final token ""Canterbury"" ends mid-sentence (""Head to Hastings before travelling to Canterbury""), requiring an immediate location descriptor or landmark continuation, likely referencing Whitford Cathedral or medieval/religious heritage, consistent with other stops.

""Next head to Fountains Abbey followed by its remains. Then travel to Canterbury"" demands continuation with Canterbury's landmark (e.g., ""Cathedral,"" London/medieval town), a recognizable historic location likely from Kent. Canterbury Cathedral in France follows next logically.",182
48,4,"Formal military/government institutional document tone, using bureaucratic language like ""strategic plan,"" ""Air Force History Program,"" and ""Department of National Defense.""

The text establishes that past achievements are secondary to future direction, building toward outlining strategic goals and focuses for the History Program's future.

""We set a formal strategy that will accomplish this mission. Outlined here are our strategic focuses, commonly called issues, which will shape our mission and direct the"" — mid-sentence requiring a noun phrase naming an organizational unit, program, or document (e.g., ""priorities of every historian,"" ""agency staff's planning effort"").
""From our Foundation.
...
They must adapt to support the Air Force of the Future.
Book II provides our vision statement for the future of Air Force Historian. It offers 14 strategic focuses which will guide the future programs and direct the""",191
49,4,"Genealogical heraldry blog explaining place-name etymology, now tracing historical evidence for the village of Ashby in Warwickshire.

The text is building gradually toward confirming the family origin's connection to the ancient Saxon word ""asshe"" (ash tree) and Ashby village.

Final token ""Indeed the village"" opens a factual/elaborative claim continuing the etymological and historical discussion about Ashby's character, topography, or current status — likely referencing a map, street layout, or historical record. ""The Name comes from Old Saxon…signifying Ashgrove. In fact the name is still spelled to this day correctly.""
""Indeed the village"" expects a specific historical or geographical detail immediately following, probably ""itself"" or ""was originally"" describing what exists or happened there.",176
50,4,"Historical/encyclopedic register presenting facts about ancient Byzantine port city Myra-Leucae, establishing geographic and religious significance.

The passage details Christian martyrdom history then transitions to architectural/physical ruins still visible today — momentum toward describing remaining ancient infrastructure.

Final fragment ""the acropolis and part of"" demands a continuation listing remaining visible ancient structures of Alanya (likely harbor walls, Roman roads, or city gates) — navy supply route to Myra demands mention of port walls or city infrastructure next.
""Although not definitively proven as Micalope"" clause is complete; ""Today, remnants of the Roman fortress and part of"" sets up a parallel noun phrase, almost certainly ""city walls,"" ""the amphitheater,"" or harbor roads.
""
Ancient city infrastructure."" Remaining, typical Roman-era coastal features.",180
51,4,"Biographical/factual profile establishing connections between rugby legend Gareth Thomas and a stranger sharing his name, with supporting details.

The sentence is mid-way through describing Army Private Liam Gareth Thomas's injury story, contrasting athletic fame with military sacrifice/real-life hardship.

Final token ""in"" opens a prepositional phrase specifying when or where the 2013 Iraq injury occurred; ""in"" requires a time period or location immediately following, almost certainly a specific year like ""2015"" and a mention of leg loss consequences, likely tying back to Thomas's charity involvement.
""who served in the army and also lost both legs fighting in Iraq in"" — the dangling clause demands the closing temporal/detail, likely ""2013"" plus emotional connection, resonating with a military injury and lost soldier narrative.
""



""",181
52,4,"Event announcement format for a literary/alumni society, implying specific RSVP details, attire suggestions, or additional logistical information may follow.

The celebratory tribute to Ilsa and Walter Scott Festival sets tone for a fall party context at Webster Hotel.

Final clause ""Appetizers, desserts, and wines will be provided by the League, but"" is a contrasting conjunction mid-sentence requiring completion, most likely specifying what attendees must bring themselves (BYOB, bring a dish, beverages optional) — e.g., ""but bring your own drinks"" or ""but cash bar available.""
""Free Literary Lunch! Lecture! and Party! — all in one! Come celebrate a soda campaign anniversary on Saturday, October 31. Appetizers, desserts, and wine will be provided by The League, but"" — continuing itemization.",177
53,4,"Newsletter/blog post series pattern for historical society, listing Melbourne Talk Topics and local events for 2018, now presenting an upcoming talk announcement with informal details from volunteer Jeanne Burt.

The parenthetical addition by talk presenter Jeanne Burt is mid-stream, sharing personal logistics about displaying photographs at the library.

Final token ""If you"" opens a conditional clause mid-sentence within the parenthetical, most likely directing practical advice to Historical Society members, such as ""If you are interested..."" or ""Note: If you attend..."" or a joking reference to Southern Springs/Bunyip items contextually fitting the member audience.
""
Talk venue = [local library].
(MNµM 2018 Shootout exhibition. [Library rep notes:] 'Note: If you""",175
54,4,"Historical military narrative style, with fragmented journal/roster entries shifting into formal Civil War report prose about troop movements and engagements.

The text jumps between unrelated observations (Colonel Payne's endorsement, drowning/explosives), suggesting a compiled or digitized source with multiple disjointed excerpts continuing.

""Initially well posted, the First division of the right wing, strongly entrenched"" sets up a military tactical situation description — next tokens expected to detail entrenchment specifics, location, or subsequent action/engagement. ""The lines made excellent progress/The Confederates... The First division of the right, was in line, strongly entrenched"" demands continuation describing defensive works, terrain position, or numbers, likely a comma followed by additional tactical details about their position or proximity to enemy forces.",165
55,4,"Catalogue/guide format describing historical Iranian archaeological sites, with formal descriptive register listing monument details. ""Among the historical remains there were six structures. There are now two:"" — second structure now being described.

Sequential enumeration pattern established: first monument described, second (""Old School"") now mid-description, implying structural damage and partial earthly remains.

Final token ""has"" is mid-clause passive construction (""which is completely ruined, from which only a vaulted roof of brick has""), requiring a past participle complement like ""remained/survived/hidden"" to complete the verb phrase.
""The second remains of an old house named Old School is located in the middle of the field, from which only a part of a vaulted brick arch has"" — expects completion describing what specifically remains of the ruins, e.g., ""survived"" or ""is left standing.""",188
56,4,"Blog/diary post compilation format with short train/transit observations from multiple named contributors (""Jon says:""), each describing railway sightings globally.

Continuation of eclectic, seemingly unrelated railway snippet series — each entry introduces a new train type, route, or anecdote across multiple countries and operators.

""Norwegian built EL"" ends mid-entry, beginning a new train type descriptor; ""EL"" likely starts a railway company/rolling stock name or locomotive prefix (possibly Soviet WAGRasure, submarine vessel, or European steam type, fitting the context switch).
""Across the Himalaya Mountains
The ageing and venerable EL"" expects immediate continuation of a train/railway category name, e.g., ""Electric Locomotive"" code or a specific company name abbreviation in the Nordic/regional industry context.
""An SVG-owned EL",179
57,4,"Archival photo catalog format: each entry describes historical photographs with consistent metadata fields (people, dress, accessories, date, location).

Sequential catalog pattern: entries list social group photos with descriptions of posed positions, clothing, settings — ""Three girls,"" then ""Seven gentlemen,"" suggesting continued cultural club photography descriptions.

Final phrase ""front view, they stand in a straight line. They turn to"" sets up a directional orientation clause (e.g., ""the camera,"" ""their right"") describing the subjects' facing direction; ""moderate-resolution black-and-white photograph / Description Two men and five women pose together. They stand in a line. They face to"" is mid-sentence requiring immediate completion specifying gaze direction or left/right orientation.
</br>""stand in a row. They face to""",171
58,4,"Informal documentary/tour presentation intro tone established (""Today I'd like to take you on a brief tour""), setting up educational historical exploration of Glasgow's Celtic/Scottish independence identity.

Thesis about Glasgow's historical independence connections, particularly referencing Augustus Campbell, requires supporting examples — physical locations, buildings, or landmarks as evidence of this narrative.

Final tokens ""a number of sites in the city centre"" is mid-sentence, part of a tour announcement listing scope — immediately expects geographic continuation or elaboration, likely ""and surrounding areas"" or specific landmarks like St Enoch Square, Union Street, or Royal Exchange.
</br>""Within"" Scotland and British Empire complexities.
</br>""In this short film and talk I'll take you on a brief walking tour of a few key sites in the city centre"" — expects location specifics.",182
59,4,"Structured catalog/database pattern: WWII photo archive entries with consistent location, region, and date metadata fields for Himalaya/NorthWest Frontier images.

Narrative momentum around the dramatic aerial combat description: a plane being shot down by Navy anti-aircraft fire in 1942, mid-action sequence describing the fatal impact and tilt.

Final token ""in"" completes a crashing sequence, syntactically requiring a location/terrain noun phrase (""the sea/water/ocean"" or ""near the destroyer's side""), continuing ""A Japanese destroyer at sea is flying close to the side of destroyer who firing, plane hits and tilts sideways and plunges into metal wreckage crashing with big splash in"" — immediately expects a body of water/nearby terrain.
""crashes into sea crumbling into pieces goes crashing down in a big splash in""

<explanation>",183
60,4,"Event listing pattern: three events described sequentially with consistent structure (name, date, description, activities) for Maryland Historical Village seasonal offerings.

Christmas history tour description is mid-sentence, detailing an annual guided tour of Christmas traditions at Old York Tavern, detailing homes ""decked out"" — narrative momentum toward completing holiday activity details.

Final token ""and"" is a coordinating conjunction mid-phrase (""a walk back in American Christmas history through festive home décor and holiday recipes in a family-friendly, two-hour tour that is a history and""), requiring an immediate noun/adjective completing the paired descriptor, e.g., ""holiday exploration"" or ""whimsy-focused"" experience mirroring the Autumn fair phrase ""history and fun-focused"" earlier.
"" a seasonal tour! Attend a family-friendly program that is a history and"" — awaiting a holiday/visual word.",181
61,4,"Political conspiracy blog framing: posts question were the Proud Boys' Nazi/white supremacist ties, building an evidence dossier with citation, timestamps, and sourced references.

The document structure is presenting symbols, quotes, and historical discoveries as incrementally supporting evidence, now pivoting to connect the Proud Boy name to historical German nationalism/Nazi Party symbolism.

Final fragment ""How"" begins a rhetorical question or ironic remark connecting the Nazi German worker party naming to the Proud Boys' identity — likely completing as ""How ironic?"" or ""How did anyone miss this?""
""Proud Boys use lettered symbol. The stick figure is identical... used by the Pro-Nazi German Worker Party in Germany in the 1920s. How"" demands immediate continuation with a word/conjunction linking this shared name history to a conspiracy conclusion or outrage.",177
62,4,"Event listing format with quoted titles/writer names, establishing a pattern of naming the author's recently published book following their main credentials. UK date notation signals British register throughout.

The sentence is describing Colin Leonard's book title — ""The Camera Man: Shoot Out – No Ordinary"" is a partial book title mid-construction, requiring completion of the subtitle phrase.

Final token ""Ordinary"" ends an incomplete book title (""The Camera Man - Colin Leonard on Camera, his own autobiography – 'On the Run – No Ordinary""); the next token must complete the noun phrase, likely ""Labourer,"" ""Driver,"" or a similar career/moment descriptor continuing the subtitle.
""
Biography title promises a descriptive phrase: ""…his autobiography, The Camera Man – On The Run – No Ordinary [X].",171
63,4,"Travel blog series about biblical vignette shootings in rural locations, establishing a personal, anecdotal tone for location descriptions.

Narrative momentum shifts to describing Rural-Ridge Motor Lodge's setting in Oregon — the sentence ""Rarden is a small town in Eastern Oregon, only a few"" promises completing a geographic descriptor (e.g., distance from major roads, towns, or landmarks like ""miles from"" or ""hours from Portland"").

Final token ""few"" is mid-sentence within ""Rarden is a small agricultural town in central Oregon, only a few ___"" — immediately requires a plural noun completing the distance/position phrase, most likely ""miles,"" ""towns,"" or ""off Interstate.""
""
Rarden is a small rural agricultural town in central Oregon, just off..."" ensures geographic orientation. Continued.",177
0,5,"Biographical narrative momentum about Scottish painter Porteous, establishing his deep roots and contentment staying local despite demands.

The passage is building a profile of Porteous's character and choices, with his refusal/challenge to leave the Highlands as a thematic anchor.

Final clause ""but said it would"" is mid-sentence, requiring completion of his stated hesitation about moving — almost certainly explaining what drawing more crowds would *cost* him personally or artistically, e.g., ""have meant abandoning his way of life"" or ""have gone against his nature. 'He has often said that he would have liked to have travelled more widely, but added that it would..."" — a contrasting consequence explaining why remaining local was preferable, rectifying their: committing contradiction.",161
1,5,"Historical narrative momentum: solemn Holocaust documentation context, introducing a specific child victim through an archival photograph.

Biographical detail accumulation: Nili Cohen introduced with name, age, date, location (""Tel Aviv""), and school (""Tel Aviv Girls' Hebrew School""), building toward her story's emotional pivot before the Holocaust-era disappearance.

Final clause ""where she"" is a relative/temporal subordinate construction mid-sentence (""The photo shows Nili Cohen, aged 11, sitting with classmates. It was taken in 1938, when she was attending [the school], a Jewish school in Tel Aviv, where she"") — immediately expects continuation detailing school life, friends, family, or her position/community connections. ""The caption says she was a pupil at the… Tel Aviv Girls' Hebrew School, where she"" demands a verb phrase.",181
2,5,"Informational/educational prose about Revolutionary War history, specifically describing Continental Army barracks at Valley Forge with factual details.

The sentence structure is building toward describing the quality or outcome of huts built despite constraints, establishing historical context about regimental square construction.

""Despite these basic instructions, most"" sets up a contrast continuation — likely ""most huts were well-built"" or similar positive characterisation completing the clause. ""The waterfront museum's website describes how soldiers constructed 'jenny forts,' or army huts, at Valley Forge. Based on period instructions, it looks like the construction wasn't too difficult. Following those same standards, most"" — next token likely describes the barracks' appearance or distribution quality outcome, completing the evaluation statement about what ""most"" huts/structures achieved across camps.

Most of [something].",177
3,5,"Historical narrative building to a climactic quote/celebration, now elaborating on the first anaesthetic demonstration at Massachusetts General Hospital on October 16, 1846.

The structured lecture announcement context expects educational content about historic anaesthesia milestones and their modern relevance.

Final token ""giving"" is mid-clause, part of ""the operation so successful that a witness, President John Adams is reported to have exclaimed 'this is better than bacon and eggs,' thus giving"" — immediately requires a noun phrase completing ""giving rise to"" or explaining the historical significance/idiom.
</br>""The… commenting to the delighted gathered surgeons of the success of the operation when he remarked 'this is better than bacon and eggs', thus giving""

— likely completing a celebrated historical phrase about Adams's endorsement.",177
4,5,"Historical document description establishing contrasting artifacts: intimate handwritten letters versus bureaucratic dehumanization records from Auschwitz.

Narrative momentum from the Holocaust/Auschwitz context demands continuation describing the circumstances of liberation or Soviet Red Army arrival, completing the historical arc.

Final fragment ""when the camp was"" is a suspending subordinate clause mid-sentence describing the discovery/condition of the silver of thousands of prisoners ""among thousands of suitcases left behind in Auschwitz when the camp was"" — requiring immediate completion with historical event of liberation/retreat, almost certainly ""approached by"" or ""liberated by the Soviet Red Army.""

""Many thousands of suitcases recovered at Auschwitz when Auschwitz) were lost or left behind when the camp was"" demands the liberating military arrival and Soviet-era setting.",169
5,5,"Historical narrative momentum: text traces Cherokee territorial/governmental history, building toward a specific 1763 geopolitical act about Native land boundaries.

Geographical and contextual specificity: recurring references to Tennessee, Cumberland, Ohio rivers establish framing; wrong-way river metaphors and frontier settlement context maintain throughout.

Final token ""Cumberland"" ends an enumerated geographic list (""between the Ohio, Tennessee and Cumberland""), requiring completion of the regional reference — likely ""river"" or continuation mentioning a previously named territory/location. ""His design for a confederacy embracing the whole tract between the Ohio, Tennessee and Cumberland"" is mid-clause, demanding a closing noun like ""Rivers"" or a place name referencing the routes already established in sentence one. The sentence here needs a concluding clause about territory meaning or direction.",172
6,5,"Genealogical record format for colonial-era immigrant names, dates, and land transactions, establishing a family lineage narrative. ""Removed to Marblehead (Mass.)"" sets up descendants and origins.

List of sons expected to continue after ""He had two sons"" — two names are promised but only one introduced so far.

""gauntlet. His sons were: Gabriel"" begins an enumerated list of sons' names; ""Gabriel"" is the first name introduced, immediately requiring a continuation like a second son's name, genealogical details (birth/death dates, occupation), or a biblical-sounding relative name continuing the pattern.
</br>
 ""Robert Elwell had two sons recorded: Gabriel"" demands the listed names and subsequent content, likely ""and John"" or a comma introducing a parallel entry detailing this son.",178
7,5,"Biographical honor-roll document for Ventura County civil war veterans, establishing detailed NASA career and military service context for each inducted individual.

Narrative momentum toward completing the USS Kittiwake story — the 1962 Mediterranean naval exercise death context is being elaborated, with the aircraft carrier's mission and exercise name now introduced.

Final token ""Spirit"" completes ""Exercise Silver Spirit"" — this is mid-sentence (""Richard and several other sailors served as crew aboard the American aircraft carrier USS Kittiwake which took part in a NATO naval exercise in the East Mediterranean. They were participating in Operation Eagle Spirit""), requiring continuation of the operation/exercise name or description explaining the exercise's nature/purpose.
""Operation Eagle Spirit"" likely demands a period, closing date, or contextual detail about the multinational drill continuation.",175
8,5,"Biblical dictionary/lexicon format: entries define words with scripture citations and parallel references, as seen with ""Hesh Van Oheli"" and ""(3).""

Enumeration of multiple referenced ""Jehoiahda"" figures from the Psalms chapter, systematically identifying individuals by name, role, and genealogy (e.g., ""the Levite priest, son of Pedaiah"").

""Jehoiahda, Levite priest, son"" is an incomplete genealogical phrase mid-clause, requiring a ""of [parent's name]"" continuation, likely ""of Zerahiah"" for clarification or elaboration on his official priestly role.
""Son of Pedaiah . . . = lifted up his voice.(a) .—Jehoiada, Levite priest, son"" now continues the administrative/identifying description",182
9,5,"Wikipedia biographical article format establishes expectation of chronological life facts: birth, death dates, criminal career summary.

The sentence ""Anthony 'The Grim Reaper' Casso was a member of the Five Points Gang and was a made man in the DeCavalcante crime family. He was"" sets up a series of factual details about his criminal life or downfall, likely including notable crimes or key events.

Final token ""was"" is a past-tense linking verb mid-sentence continuing biographical description, demanding a predicate complement — likely a description of his death, assassination, or conviction, e.g., ""shot"" or ""sentenced"" or ""a subject of federal investigation.""
""New York City during the 1970s and 1980s. He was"" starts a new notable event sentence, typical of Wikipedia mobster articles describing FBI record or murder.",192
10,5,"Historical document archive/collection format with structured citations and dates, mixing labeled metadata entries with archival text.

Content alternates between two distinct events around the Thai coup (October–November 1962), analyzing political and ideological situations involving anti-Communist consensus.

Final token ""Ahmed"" ends a proper name mid-sentence (""the Department of State,"" ""believed that American assistance efforts had better prospects under the new premier Thanom Kittikachorn Ahmed""), immediately requiring continuation of the office's assessment—likely further description of Thanom's regime, embassies' expectations, or a comma continuing the analytical sentence about anticipated shifts.
""US Taiwan Station = Intelligence Officer cable finds Iberian coup favorable.
[The station initially believed that diplomatic relations and prospects would improve under General Thanom Kittikachorn Ahmed""",180
11,5,"Historical/descriptive encyclopedia pattern: factual prose describing a town's Armenian identity, Soviet-era Russian language, and cultural landmarks.

Narrative momentum toward ancient habitation/archaeology: setelah covering political/carpet history, the text pivots to Nakhichevan's archaeological significance, building toward evidence of ancient settlement or civilization.

Final token ""man"" ends mid-phrase (""stone outils and pottery found here indicate evidence of man""), immediately requiring a noun phrase completion like ""habitation,"" ""presence,"" or ""life"" dating far back.
""
The village of Tsakhats Kar in Vanadzor is though to be Vanadzor's first village. There, dry stone constructions and various pottery have been found, indicating evidence of man"" — expects continuation about ancient human occupation/chronology (e.g., ""man's presence dating to..."").",185
12,5,"Historical essay format with structured sections explaining causes of Reform Act 1832 in Britain, covering different groups/groups demanding reform.

The essay is progressing through Section II about working-class unrest, building toward economic hardship preceding the 1830 riot — establishing context for radical movements and unrest driving the 1832 Act.

""A number of poor"" ends mid-sentence describing economic decline (""due to industrialisation Britain was suffering economically, a large number of people lost their jobs. A series of poor""), immediately demanding a noun phrase continuation — likely ""harvests,"" ""winters,"" or ""weather,"" common historical explanations for economic/political crisis following the explosive train rail boom.
""A number of wealthy quantities began collapsing along with unemployment in Britain. A series of poor"" — referring to a crisis-contributing factor like bad harvests.",184
13,5,"Structured artifact list format with repeated entries and varying detail levels, establishing field labels like ""Origin,"" ""Date,"" and ""Physical Properties.""

The document has been systematically presenting the Pre-Columbian clay dog figure, cycling through descriptions with consistent cultural dating range ""100 BC to 400 AD,"" reinforcing repeated references to this timeframe.

Final token ""to"" begins the date range ""Mesoamerica, 100 AD to"" — directly mirroring the previously quoted exact range ""100 AD to 400 AD,"" so the next token must be ""400 AD"" or equivalent closing date.
</br>""Item Name: Pre-Columbian: Jalisco Dog Mural Pottery. Mexico – Copper River group, AD 100 to""",174
14,5,"Biographical narrative profile of noted Christian musician Brent Brown, following structured interview/biography format with chronological career history.

The text is detailing Brown's early life and first band, Haven Singers, following a pattern of listing accomplishments and historical context for each band/era.

""The band toured"" is an incomplete clause requiring a direct object or prepositional phrase specifying where/when/how Haven Singers toured — likely regional or local venues, or touring activities typical of a small 1970s Christian rock band.
""Brown's first band, in the mid to late 1970s, was the Haven Singers. They were a Southern Baptist Christian rock band that released an album. The band toured"" — continuation about touring route, membership, or eventual disbanding, plus likely a pivotal incident/email about influencing his career.",183
15,5,"Military vessel history/supplied facts pattern, establishing nomenclature and service details for US Navy submarine USS Ray (SSN-620).

Biographical record momentum: construction, launch, commissioning already stated; deployment/operational history logically follows ""Converted to a logistics support submarine.""

""Assigned to Rota, Spain"" is an incomplete locational biographical statement requiring continuation, most likely a temporal qualifier or conjunction (""where she served NATO…"" or a location-based detail about her Mediterranean operations).
""Launched June 22, 1960.""
""Converted to hotel Submarine on 1971.
<br>"" ""Assigned to Rota, Spain"" expects immediately following service duration, geographic movement, or operational context typical of US Navy submarine deployment records involving Spanish-based NATO Fleet assignment.",179
16,5,"Historical/biographical narrative momentum in a British natural history blog, cataloguing Lane's Shropshire discoveries and connecting figures to the region.

The sailing ship metaphor and Darwin theme introduced signals a deeper account of Darwin's connection to Shropshire geology, contrasting with typical biology associations.

Final fragment ""but Dr Alan Knight MBE argues the time Darwin"" is mid-sentence, requiring a verb describing what Darwin did or experienced (e.g., ""spent in Manchester/Shropshire"") followed by a dependent clause about how those years reflected his character and interest in landscapes.
""Although Charles Darwin"" is rarely connected with Shropshire, Knight points out that the time Darwin [spent in England/studying geology/books written] was formative — likely quoting Darwin's own words or a biographical passage about his early visits.",180
17,5,"Historical narrative profile of a famous expert IPSC/shooting figure, following a chronological biographical structure that sets up a dramatic turning point (""bankrupt,"" ""downfall"").

The passage has established Amiel Kohl's reputation for spectacular competition wins and holds them steadily; narrative momentum now points toward the expected reversal or conflict introduced earlier.

""Thus Kohl became a champion for nearly fifteen years. He had virtually invulnerable luck at winning races and scooping up hefty prize money. That is"" — this transitional phrase (""That is"") introduces an elaborating clause or contrasting event continuing the idiosyncratic historical storytelling, demanding a sentence describing a specific action or period conclusion immediately following.
</br>""That is where things change"" or ""That is until a certain occurrence"" completes the thought.",169
18,5,"Factual news/blog pattern about the 2011 Southeast Asian Games (SEA Games), establishing location and date details for Indonesia.

Logical continuation of historical/contextual information about the event's organization, following the introduction of host venue cities Surabaya and Jakarta.

""It is the fourth time Indonesia"" sets up a predicate requiring completion — likely ""hosted the SEA Games"" or a specific prior host year reference, continuing the sentence about Indonesia's participation/history as host.
""Thousands of participants from other countries will gather Surabaya and Jakarta in October 2011. SEA games will be held in Indonesian capital city. This year is the third SEA Games will establish in Indonesia. This is the fourth time Indonesia""
Factual claim requiring Indonesia's hosting experience, probably relating to its capital/java history as Indonesian SEA Games hosts.",178
19,5,"Travel blog/guide format cycling through notable historical landmarks across Europe, each entry covering location, significance, and key facts (St Peter's, Colosseum).

The Pont du Gard entry is mid-description, presenting impressive engineering statistics about the Roman aqueduct (""made from over 50,000 sandstone blocks,"" ""3 kilometres long,"" ""3 tiers high"").

Final token ""high"" ends a measurement clause (""its 3 tiers reach out over 50 metres long with the tallest arches measuring 48 metres high""), strongly expecting either a period to close the sentence or a continuation with another striking statistic, visual detail, or visitor tip.
</br>""continue describing Pont du Gard's dimensions or structural features naturally — ""built entirely without mortar.""
""",169
20,5,"Fragmented, noisy feed of unrelated snippets about guitar, toys, smoke signals, college applications — model expects another disjointed protective/content passage continuing this chaotic collage pattern.

The text has been cycling through unrelated keywords and partial phrases, each line being a partial title or excerpt; next tokens likely continue a bibliographic/publication reference pattern.

Final token: ""full text of"" is a partial book/document citation phrase, immediately requiring a title or descriptor following ""scientific american published reports on home and industrial electricity, 1912-1917 ; full text of"" — expect Google Books/Internet Archive reference title quantifier like a book name or standard phrase ""the following.""
""tangs rays and records a mathematical history of  electro scientific instruments ;
; full text of"" expects a known formatting artifact like a bibliographic continuation.",182
21,5,"Professional/expert testimony tone maintained throughout, suggesting architectural contractor explaining project scope decisions for charter school construction.

Narrative momentum: diagnosing a scope oversight—the original limited plan now requires expansion beyond initial phases, with Tuakau referencing the phased start constrained by funding.

Final fragment ""limited to the renovation of the old cattle barn and"" sets up a parallel list item—specific building names or spaces included in the Phase 1 limited scope, likely either completing a conjunction (""renovated existing building plus new additions"") or describing how the barn conversion accommodates school functions.
</br>""""Phase 1 of the project (the first source of needed funding) was limited in scope, and only included the renovation of the existing cattle barn and"" demands a second structure/space noun phrase completing the ""included only X and Y"" construction, likely the specific existing-building conversion.",187
22,5,"Encyclopedic/educational style presenting a historical narrative about the Inquisition's development, focusing on the Spanish Inquisition's formation.

Chronological progression: events building from Innocent III through 1478 Spanish Inquisition, maintaining momentum toward further key dates or actors.

""In 1488, Pope"" ends mid-sentence, requiring a specific pope's name (likely Innocent VIII or Alexander VI) immediately followed by a verb and action, likely papal authorization, bull, or papal stance regarding Inquisition jurisdiction/activities.
</br>""Spanish Inquisition torture victims flooded the jail in Spain. They performed mass burnings. The Spanish King initiated a special Tribunal for Spaniards to target Jews and Muslims. In 1488, Pope"" — papal role/connection to Inquisition established.",182
23,5,"Veteran memorial transport documentation listing mission details, attendees, and burial information for a VA Veteran Flyback ceremony. Formal organizational announcement style.

The text has presented a complete mission itinerary and is now transitioning to a membership/participation note about attending ceremonies, suggesting ritual or organizational continuity.

""Members are encouraged to attend either of a mission"" — mid-phrase, requiring completion, likely a specific named program, e.g., ""flyback"" or ""mission briefing"" numbered system. ""Members are always welcome to attend all or part of a mission"" ends, implying a phrase about ""mission remembrance"" or linking to the next upcoming mission code/location.
""mission statement"" or metaphorical ""policing mission"" language connects military term to the volunteer group's ongoing saluting of the mission being described. ""Flyback mission"" or similar group reference expected next.",186
24,5,"Historical narrative about Roger Taney establishing biographical/career pattern with political setbacks before a rise. Argumentative momentum toward a ""redemption/resilience"" arc.

The text sets up Taney's unexpected longevity and influence preemptively, creating expectation for how his personal suffering/failure connects to later consequences (likely Dred Scott).

Final fragment ""In the face of this personal and"" is mid-construction, requiring a parallel noun completing the compound (e.g., ""political defeat"") or continuation. ""Faced his final electoral defeat and was pushed out of the Senate. In the face of this personal and"" demands a noun phrase denoting hardship, most likely ""political career collapse"" or ""career setback.""
</br>""&raquo; Despite all of this loss.""</br>""Despite Taney faced his loss. Despite this personal and""",184
25,5,"The quoted MacArthur anecdote (""little room"" of close advisers) establishes the central metaphor of insulated insider decision-making, framing the essay's subject.

The text is building toward identifying/marking a notable recent death as a key counter-voice or critic absent from the inner circle, using journalism or dissent as a lens.

Final token ""that"" completes the relative clause ""was someone who was in that [exclusive circle]"" — an introductory analogy linking MacArthur's infamous inner circle directly to the deceased person — next token almost certainly completes the phrase, echoing ""the little room"" or ""circle,"" e.g., ""that circle.""
""established this circle of power. But Mark XL [Mark Eliot] was someone who was a voice in that [circle/room].""
The final word references the opening quote's symbolic circle.",180
26,5,"Factual/encyclopedic register about Irish heritage sites, listing specific archaeological and geological landmarks in Ballintoy and Five Well Bay area, County Antrim.

The passage is enumerating site features — Round Tower, Rock Church, Standing Monument — with geographic and historical detail, momentum toward completing a location description.

Final phrase ""on the Cruth played crags by the"" is mid-sentence requiring geographic completion, most likely a coastline, river, road, or sea reference (e.g., ""the sea road"" or ""Penbrook beach""), anchored to the earlier mention of coastal peninsula geography: ""A standing monument and prehistoric burial chamber (Clashmall Castle) located on a rock outcrop near the village called Clashmall on a high cliff by the""
— seaside coastal field or sea view.",176
27,5,"Historical text presentation style with formal archival documentary language, alternating headers and quoted primary source text about Blount family heraldry/royal license.

The document is completing a direct translation/transcription of a 1714 royal license — standard formula for name-changing letters patent from English monarchs granting permission to alter surnames or titles.

Final token ""Authority"" continues King George I's formal patent clause (""And Whereas... Therefore our said Royal Majesty by his Royal Letters Patents hath granted his Majesty's Royal License and Authority""), expecting continuation like ""to all and every person or persons"" or a formal closing legal phrase completing the grant formula.
</br>""And our Letters Patent have accordingly. Whereby he did grant his said Royal Licence and Authority"" demands the specific object/purpose clause granting name change powers next.",176
28,5,"Journalistic/biographical summary pattern: a historical figure's life story is being introduced, establishing context for an article about Einstein's early influences.

Source/attribution completion expected: ""Learn More About Gewiss From: Jewish World"" signals a publication name or organization label mid-completion, requiring the remainder of the outlet name or affiliation.

Final token ""Jewish World"" is the beginning of a publication or organization name (e.g., ""Jewish World Review,"" ""The Jewish World Mag""), functioning as a partial proper noun attribution in a WordPress excerpt or blog format, where a source credit or affiliated tag conclusion immediately follows.
</br>""-Adjustments/Content/foregrounds Johann Straus and Stephen Hawking Einstein figured sciences galore.
–by Alison K的環境Star /
Source: - Jewish World"" indicates the relative URL is cut short.",183
29,5,"Historical naval caption format describing a specific vessel, date, location, and geographic context, implying factual military record style throughout.

The caption has established USS Rudderow's operational theater (""South Atlantic"") and is mid-sentence detailing a specific combat achievement — sinking U-618 — requiring the completion of this claim with a date and circumstances.

Final token ""on"" completes ""which sank the German U-boat U-618 on"" — immediately requires a specific date (likely ""June"" 1942 or similar) to fulfill the ""on [date]"" temporal phrase, followed by context of how/when the attack occurred.
""
""Lancefield commanded USS Rudderow (DD-414) which was donated by the navy in August 1945, and which sank the . German U-boat U-618 on""",192
30,5,"Encyclopedic/reference tone from Britannica-style article, with factual geographic and archaeological claims about Iroquoian cultures, governing precise, informative continuation.

The text systematically covers Iroquois housing types (wattle-daub, pit houses, wigwams, longhouses), suggesting further regional/temporal elaboration is expected.

""Excavated early Iroquoian sites in New York"" opens a geographic/localization clause mid-sentence, with ""Several excavated archaeological sites in New York"" acting as subject context establishing that specific archaeological findings, state-by-state or regional details follow — likely ""State and Canada"" and then details about timelines or cultural development specific to that region.
""Archaeological sites have shown that various settlements excavated in sites in New York""",171
31,5,"Simple explanatory/narrative prose style establishing historical events about the shark panic of 1975, suggesting continuation of chaotic social media or school-symbolic information dump format.

The passage describes a chain of events in loosely connected clauses (""scared,"" ""many wanted to find out,"" ""ABC TV was playing a movie""), building toward a sequential explanation.

""then it was interrupted and then it was"" — repetition pattern demands completion of a new action or clause, likely ""changed,"" ""replaced,"" or a restatement of interruption; the fragmented ""ABC TV was on"" makes ""The movie was being shown on ABC TV and then it was"" require a predicate describing an outcome or event follow-through, such as ""interrupted"" repeated retroactively reworked.
""was shown and then it was""",175
32,5,"Academic feminist film review maintaining critical-analytical tone, arguing music videos mirror historical oppression themes.

Narrative momentum building toward the Triangle Shirtwaist Factory fire example — the reference introduced mid-sentence demands completion of the dramatic irony/tragedy being described (""workers flee, only to discover that the doors..."").

Final token ""doors"" ends an incomplete subordinate clause mid-thought (""workers who are waiting and waiting, only to discover that the doors""), requiring immediate continuation explaining locked or blocked exits as the fatal obstacle symbolizing institutional negligence/worker vulnerability.
""Zhang Yu is engaging a contemporary audience and inviting them to revisit little-known events such as the Triangle Factory Fire. We know now that those workers killed waiting downstairs during the fire, to their horror to learn that the doors"" — locked/barricaded exit under fire.",180
33,5,"Personal narrative/memoir tone established — autobiographical account of a traveler contrasting mainland life with Florida vacation time.

Continuation of elaborate list or scene-setting about August vacation habits on Amelia Island, with ""these last few years"" and ""eight weeks a month"" signaling richer detail now.

""But during those visits, I have spent many of"" is an incomplete quantifying phrase mid-sentence requiring a noun phrase immediately next, most likely ""those afternoons/days/nights"" or similar time reference describing how vacation hours were differently spent on the island.
</br>""I love to read"" reinforces the author as leisurely, well-educated protagonist;
""most grueling afternoons. But in recent years, I have spent many of"" sets up contrast/qualification about specific August onshore days.",176
34,5,"Catalog/archival description register, detailing institutional holdings with formal descriptive language (""digitized video library,"" ""less than 300 items"").

Narrative momentum toward completing the explanation of historical footage types sourced from Detroit institutions, establishing geographic/institutional scope already defined.

""relating to"" is a preposition phrase opener requiring a noun phrase completing the subject matter — specifically what historical content the videos depict.
However, ""Detroit Regional Television"" is titled misleadingly given the ""video history of Detroit"" theme expected.
The title references VHS/video history, but the description covers local archival footage, suggesting the ""Video"" likely refers to Detroit-area *video stores* or TV/media culture, a mismatch to resolve via the next phrase being something like ""Detroit's past as experienced through home video.""
< ""visual history relating to"" refers to...",184
35,5,"Biographical acknowledgment list format: institutional contacts, roles, dates, and credentials being presented in structured academic event program style throughout.

The biography of historian James Snead is building toward a complete professional profile, detailing positions, regions, and key works like books on Reconstruction and Jackson — the final sentence lists contributions and scholarly reach.

Final clause ""a frequent contributor to"" demands a list of publication outlets (e.g., journals, popular magazines, or major newspapers like *The Nation*, *Journal of American History*, or public history outlets), completing a standard credential close.
""Snead has published seven books and continues to study the older South. More broadly, he is a leading interpreter of American history and a frequent contributor to"" expects magazine names or journals/essays followed by publication venues for public-speaking audiences.",175
36,5,"Institutional/archival promotional tone describing a completed oral history series, establishing educational and community value mission for Winnipeg History Museum.

The series description ""12 documentary-style episodes"" and themes of resilience, cultural pride, and everyday lives sets expectation for accessibility and community outreach language.

Final word ""with"" is a preposition mid-sentence — ""first phase of our Oral History podcast series and a first step in making our rich oral history archives more accessible to the public with"" — immediately expects a continuation specifying how/what medium or format (e.g., ""subtitles,"" ""translated content,"" or similar description completing the premise).
""Continue"" introduces a concluding clause explaining the podcast's current usefulness. ""The Stories I Share episodes represent an early phase... Working to share our oral history collections... as a first step in making these rich oral histories more accessible to the public with""",189
37,5,"Automotive history fact pattern: numerical specifications (""fuel injection, high rev"") and year (""1969"") indicating expert-grade car description.

Sequential narrative momentum: sentence structure building toward a dramatic historical achievement — ""set an outright lap record at the legendary"" sets up a famous named location/circuit (e.g., Le Mans, Nürburgring, Indy).

Final token ""legendary"" is an attributive adjective requiring an immediately following famous noun (a specific racetrack, road, or racing venue) to complete the prepositional phrase ""set an impressive lap time at the legendary ___""; likely a specific auto-iconic location strong association with European racing culture.
""assembled under this particular orange hood once achieved a record-breaking lap time at the legendary"" Domain: classic American muscle racing history.",177
38,5,"Event promotional announcement for a historical celebration, establishing a multi-part presentation series about Cuban independence history and Military Order of the Hawk veterans.

The text is listing parallel historical presentation components (""Cuban War for independence...Tampa M.O.H.; presentations by local regiments reenacting pioneer experiences of the M.O.H.; and""), with at least one more item expected to complete the enumerated set, likely a third ""local"" Tampa cultural/historical element.

Final token ""and"" continues the parallel list structure (""presentations from X,"" ""by Y about Y; and""), immediately requiring a third parallel element, likely presented as introduced by a third representative type or theme.
</br>""
""We'll hear presentations from...Tampa; Account regarding of the M.O.H.; and"" suggests a third topic about guest entertainment or venue relocation.",180
39,5,"Dictionary/encyclopedia entry format (1911 Britannica style) with structured biographical facts about Saint B觅traud/Bertha, Queen of Burgundy.

Chronological narrative momentum: life events traced through marriage,孩子, political shift, and reign's end, now concluding with her final years/retreat.

""she retired to a"" requires a monastic or religious institution noun immediately following — a convent, abbey, or religious house fitting the Era of dedication/virtue, likely a specific early medieval monastic order name (e.g., ""Cistercian convent,"" ""a hermitage"").
""In 1042 retired to...retaining personal rule until 1061 when she died. Bertha retired to a"" — self-contradictory data continues, requiring a religious dwelling noun next.",186
40,5,"Local newspaper editorial/byline format with commemorative tone, establishing November 11 as a significant peace/remembrance day with historical examples (WWI, WWII, Vietnam).

The text has built a list of U.S. presidents honoring veterans, suggesting further elaboration on national or local significance of the memorial date continues naturally.

""November 11 is not"" opens a contrasting or qualifying clause — immediately requires completing a negation, likely reframing the holiday's meaning or introducing a third date/comparison (e.g., ""the only remembrance day"" or ""a time of violence but peace"").
""November 11th corresponds with many peace treaty anniversaries.""
</br>""November 11 is not"" continues the thematic pivot, likely beginning a summary statement contrasting Vietnam's anniversary with current significance or another angle.",179
41,5,"Historical/product description genre from Catalan art history context, detailing glazed faience ware tiles with animals, particularly dogs, from the 16th-17th century.

The text traces stylistic origins of the faience tiles to Italian tradition but notes Catalonian characteristics, building toward a conclusion about production origin and regional ceramic tradition centers in Catalonia.

Final phrase ""would relate it closer to the"" is mid-sentence requiring a specific named ceramic center, kiln, or dating context — likely a specific Valencian or locally identifiable Catalan pottery center/period (""the kilns of Girona"" or similar).
""Although the technique has Italian origins, the robust and animal-shaped figure suggests a more rustic element and tends to link it closer to the"" demands a named local manufacturing center or regional ceramic tradition reference immediately following.",179
42,5,"Journalistic architectural/heritage feature about Tokyo's Central Post Office, detailing historical preservation and design elements in structured progression through building features and locations.

List continuation pattern: the text is enumerating architectural features and design styles section by section (""north side""), with more building descriptions expected.

Final token ""red roofs"" ends mid-description of the two turret-like towers (""two towers in the German style with red roofs""), demanding immediate continuation specifying additional visual details, materials, or style descriptors of the towers (e.g., ""and arched windows"" or a period completing the phrase).
""

The interior has also been reconstructed. Further features include two turret-like towers with red roofs"" — the structure suggests a color/style detail or Japanese architectural element following.
New tiles covering would contrast with an earlier architectural style.",172
43,5,"Newspaper wire report style (1939 AP format): formal journalistic register with attributed quotes and bureaucratic and government official responses about sending expert nurses abroad.

Narrative momentum around the Nurses' Bureau plan: details about delegation selection, consultation with physicians, and a pending meeting create expectation of further procedural specifics or caveats about next steps.

Final fragment ""Graham said details have not yet been worked out"" is an incomplete quote/reported speech mid-story, strongly expecting a continuation like ""regarding how many nurses will go"" or ""but negotiations are underway"" or ""regarding the mechanics of the plan,"" elaborating on what remains unresolved about publication delegation implementation.
</br>""A Bureau of Public Health official said that details have not yet been worked out"" — clause continuation expected, explaining what follows or next steps arranged physically.",180
44,5,"Academic/expository tone establishing a historical lineage of tourism phenomena, suggesting a structured argument about tourism's development.

The text promises ""a very long, rich history of individual travel sensations"" and has begun a list with three historical examples (""Butler Shelly's travels in Italy in early 19th century, Marco Polo's journeys across Asia and Sir Ernest Shackleton's expeditions to the Antarctic""), implying a concluding clause summarizing their illustrative significance.

Final feature: ""the Antarctic century"" ends mid-sentence as the third item in a semicolon-separated list, immediately requiring a main clause stating what these examples collectively demonstrate or prove about tourism's history (e.g., ""are all evidence/forerunners"").
""are examples of...""
</br>
""The journeys of..., and...""",175
45,5,"Travel blog/diary format cataloguing UK historic churches, each entry describing architecture, notable features, and local anecdotes for small villages.

List continuation pattern: each church entry details specific notable features (carvings, military memorials, fonts); the third entry about Little Maplestead is now enumerating interior woodwork details.

Final token ""and"" begins a coordinate clause mid-sentence (""Nice carvings on the lecture pew and""), requiring continuation of related architectural/interior features, likely ""the pulpit"" or ""the panelled ceiling/box pews."" ""The island has very interesting timber and stone work, with old tapestries.""
""Nice church with Tudor manor – look out for the interesting carvings on the pulpit and"" expects a second carved feature or carved furniture element, e.g., box pews or reredos.",190
46,5,"Personal anecdote within a martial arts historical account, establishing Mr. Hori's frequent wartime near-death as background context for his character or motivations.

The narrative arc moves from legendary events and paintings toward Hori's personal transformation/legacy — his experiences with the war logically motivate dedication to Aikido, teaching, or cultural preservation.

Final fragment ""His near-death experiences motivated him"" is an incomplete clause requiring an infinitive phrase (""to support/promote/fund..."" or similar action), demanding revelation of specific humanitarian or technical contributions, likely describing life in California or the book's author relationship with him.
</br>""Mr. Hori was the top student of Nagasawa Sensei. His near-death experiences motivated him"" sets up a transition explaining how his wartime trauma shaped his later life or generous contributions to Aikido/buddhism community abroad.",183
47,5,"Structured UK heritage/landmark tourism itinerary listing multiple destinations in sequence, using consistent formatted entries for each location with activities and descriptions — pattern established across Windsor, Stonehenge, Bath, Edinburgh, Oxford entries.

Each entry links an iconic landmark/prison to related sites with transition sentences; momentum continues adding more historic UK destinations in a packed day-trip narrative.

""Then travel to Canterbury"" — mid-sentence transition, immediately requires the destination's key landmark or attraction (e.g., Canterbury Cathedral), continuing the established ""journey to X, visit Y"" structure.
""Next enjoy a visit to Cranbrook's village/historic interiors. Then travel to Canterbury"" suggests Roman Britain or Medieval route next, likely along South-east England. ""Canterbury's cathedral"" or ""Canterbury, Kent,"" a bold famous ecclesiastical city follows.",186
48,5,"Government/military strategic planning document (Air Force History Program, circa 1998), establishing institutional priorities in formal bureaucratic prose.

The text is mid-argument building toward outlining an agenda or course of action; ""a cornerstone for an Army of History"" signals an action plan is being unveiled with strategic priorities.

Final fragment ""establishes the mandate for action in the next decade and directs the"" requires immediate completion naming specific organizational bodies, programs, or processes being guided (e.g., ""allocation of resources,"" ""workforce efforts"").
""We believe our strategy to serve historians must advance a goal-oriented approach tailored to manage the challenging environment of the 1990s. Five major thrusts address critical
issues which define the mission and direct the"" — an incomplete parallel object awaits, likely listing office-level programs or strategies for staff implementation.",184
49,5,"Genealogical/heraldic newsletter format establishing etymology and history of ""Betley"" surname, with formal British register throughout.

The text is building an argument explaining the derivation of ""Betley"" from Old Norse/Brittonic meanings, mid-sentence about the Staffordshire village of Betley and its Saxon origins.

Final token ""village"" ends an incomplete sentence (""In fact the village""), expecting a clause describing location, existence, ruins, or historical/geographical facts about Betley to continue.
""the modern street map shows the village. The name derives from an early Celtic word mean 'sheltered valley', with Saxon suffix implying homestead. In fact the village"" — the next clause will likely give specific historical evidence, such as what the village appears on maps or its chapel parish.""",177
50,5,"Historical/encyclopedic register describing ancient Byzantine coastal city Lyrnessos (modern Ayvalık), citing archaeological and textual evidence from late antiquity.

Narrative momentum: the passage has built through Byzantine zenith, then documented historical figures visiting the port; a concluding detail about surviving ruins is now expected.

Final phrase ""the castle tower and part of"" is mid-sentence, requiring continuation naming a specific structural feature of ancient port city infrastructure, most likely ""the city walls,"" ""the Roman road,"" or ""ancient harbor/piers/aqueduct"" — typical urban features;
""Additional evidences are that it was port of shipbuilding with HS Greek trade. Today ruins of the acropolis, and part of"" demands a noun phrase referencing ancient infrastructure like streets, walls, or city theater.",178
51,5,"Factual narrative connecting three people linked by Arsenal and the military — Peter Cushing, Luke Robinson, Danny Shapland — each briefly introduced.

Sensory/consequence detail expected: established military injury context strongly implies Danny Shapland's story connects to a fundraising effort or inspirational anecdote, explaining the human-interest angle.

Final phrase ""who also served in the Armed Forces and lost both his legs fighting in Afghanistan in"" is an incomplete temporal clause requiring a specific year or occasion date (e.g., ""2011"" or ""a training accident"").
""in a chance encounter…lost both his legs when he was serving as a Corporal with the Royal Engineers, losing both his legs in Afghanistan in"" demands date/impact completion.

The wounded soldier's story connects to Cushing later.",175
52,5,"Community event invitation format — announcement of a social gathering ""in the heart of San Francisco,"" named after literary theme.

Date/context already established (April 21st, Pulitzer mention, Ball Room), now shifting to refreshment/attendance logistics for the party.

Final token ""but"" introduces a contrast or qualification after stating ""food and libations that celebrate our local literary past will be supplied by the Library, but"" — likely followed by a BYO clause (""please bring your own""), a cost warning, or additional items attendees should bring/donate. ""But"" signals an important practical caveat.
""
Come to a party…!
""
""Refreshments… celebrating… past will be provided by the Library, but"" directly sets up what attendees *should* bring or note otherwise, probably ""open bar."" or similar.",182
53,5,"Newsletter/news report format from a local historical society, presenting monthly meeting topics and events for 2018, establishing a continuation pattern of structured entries with dates, titles, and descriptions.

The final entry describes an informal exhibition of local heritage archives, maintaining practical attendee-focused tone with friendly informal language (""jump,"" ""straight from the hop"").

The final token ""If you"" opens a conditional clause mid-sentence within Di's quote about talk attendees, likely followed by ""want to see,"" ""can't believe,"" or a friendly invitation/tip about attending or dress code for seniors.
""Presentation at local meeting about White Hill and BRC history, images shown on screen. Quote from Di Carr: NOTE: If you"" — the opening quote and NOTE signal an urgent listener-specific reminder about the presentation is being addressed to Historical Society members or visitors.",183
54,5,"Military memoir/report style with partisan irregular warfare account, suggesting continued battlefield or campaign narrative describing troop movements and positions.

Historical nineteenth-century Civil War or similar military correspondence genre, using period-appropriate spelling (""snabbed""), formal military acronyms (""Loudan""), and regiment names.

""Bright battle Zionsville.
The First Division was on the left, strongly entrenched"" — The line sets up a positional description; ""entrenched"" is likely part of a longer field configuration report, implying continuation with defensive fortifications' status, location details, or enemy positions/risk ahead. ""
The right Division, having made the most dense fog, hoped to advance. / The First Division was on the left, strongly entrenched""
Next tokens expected: specifics of fortifications or terrain, e.g., ""along the river.""",180
55,5,"Descriptive heritage/encyclopedic style cataloguing ancient Iranian archaeological sites, presenting each landmark with historical facts in list format.

The passage is mid-sentence describing surviving architectural remains of an ancient village building — the reader expects details about ruins, current condition, and notable features near Razak village.

Final token ""has"" is part of a present-perfect construction (""has been built more than four centuries old but of this house only an arched roof of a vault has""), requiring completion — likely ""survived/remained"" or similar verb phrase concluding the clause about what specifically remains.
""another building, which is part of the Razak village is in a dilapidated condition, [but] of this building only a part of an arched vault of a dome has"" — immediate constraint demands reinforcing remnant noun continuation.",181
56,5,"Rail/transport微博-style photo-cap blog format: short captions mixing train descriptions, operators, countries, and trivia about UK/Nordic railways.

Each entry introduces a new rail subject with geographic/operational detail — the chaotic pattern suggests loosely connected vignettes about locomotives, trains, or rail infrastructure from various regions.

""The Norwegian-built EL"" ends mid-entry, beginning a new named subject; ""EL"" is almost certainly the truncated start of a locomotive or rail equipment designation (e.g., ""Erie,"" ""Electric locomotive,"" or a Nordic operator code), likely naming a turbine-electric or colonial pioneer vessel/engine.
""LES ANS passersby.
The battle-hardened EL"" starts a new subject about a specific company/class — ""EL"" likely begins an acronym or proper railway name like ""EF Rail"" or ""InterCity.""",188
57,5,"Archive/catalog database format with repeated structured entries describing historical photographs, each following a consistent description pattern.

Narrative momentum from sequential photo descriptions: ""Three Individual Group 6 Team Mascots,"" ""Portrait of four members..."" establish a series of posed institutional photographs from McCarthy collections, with consistent details about clothing, setting, and positioning.

Final token ""to"" begins a directional orientation phrase mid-sentence describing subject posing stance: ""Three group standing side-by-side. They face to"" — expects a directional complement like ""the camera"" or ""right/left,"" consistent with the standardized posed descriptions used throughout; ""pose for a photograph. Four individuals stand side by side. They turn to"" continues describing their facing direction or alignment.
""turn to"" is mid-sentence, requiring immediate completion.",170
58,5,"Historical narrative tone established, correcting myths about Scottish Enlightenment and Glasgow's identity as Labour/socialist city, now pivoting to a guided tour offering.

The speaker is mid-presentation, transitioning from broader historical context to concrete local landmarks, promising specific examples of埋藏 Glasgow stories connected to working-class history.

Final phrase ""walk through a number of buildings and sites in the city centre"" is an incomplete route/list introduction — immediately expects a period or continuation specifying which areas (e.g., ""including St Andrew Square, George Square"") or expanding on how central these sites represent Glasgow's broader significance.
""city centre"" ends a spatial reference narrowing the scope; next tokens likely define geographic bounds, further describe areas visited, or introduce a route map, like ""and Merchant City.""
</br>""I'll take you this afternoon to"" completes a promise of an urban tour.",188
59,5,"Catalog/archive description genre: each entry follows caption format presenting WWII aerial footage locations and dates, as seen throughout.

Narrative momentum of combat sequence: ""Canadian naval gunners open fire on enemy plane close in and on it using coastal water. Is shot down, flying into tilt, tipping over, falling and crashing into balls of fire in"" — the sentence describes a plane's final descent into water/sea.

Final token ""in"" is a preposition mid-sentence, completing ""knocked into the water... falls against troops and sea, crashes burning in can left to right and crashes in flames in [the sea/water/near shore]"" — expects a location noun phrase like ""the sea"" or ""near the ship.""",165
60,5,"Parallel event descriptions: two museum programs described in structured pairs (summer tour, now winter holidays tours) follow identical promotional format for Donahay Museum in Felton, PA.

The text has established a consistent descriptive pattern ending with sensory/activity details (""view historic artifacts, tour period rooms and participate in lots of fun holiday tradition activities""), now completing the holiday tour sentence.

Final token ""and"" opens a compound phrase mid-construction (""a fun, holiday tours p... storytelling, period traditions and historic holiday decorations at the Felton museum presented as a one-hour, history and""), requiring a continuation like ""holiday"" or ""festive atmosphere""-themed noun completing a compound descriptor of the tour.
""Join history teachers for a...immersive holiday storytelling tour — a one-hour, history and [holiday/spirit/...]"".",178
61,5,"Conspiracy-political blog style with evidence-citation format, consistently building an anti-BLM, anti-White-Legions Republican commentary with screenshots and quotes.

The text is presenting an argument about the Proud Boys' name having Nazi/historical context, having just supplied the ""History in name"" source and provided a definition of the Thule Society — the argument now requires a rhetorical question about irony, coincidence, or significance of the shared symbol name.

Final token ""How"" opens a rhetorical question following ""Wow! The Proud Boys emblem is the trademark of this German Neo-Nazi Party. How"" — immediately constraining the next tokens to complete a question expressing surprise, likely ""how convenient"" or ""did this escape notice"" or connecting Soviet history.
""The 'dot' Yeah, same name they took from Soviets! How""",179
62,5,"Book announcement/biography format for event listing, establishing credentials of two Scottish figures with publication details.

The second paragraph introduces Cilla and John Parish with their shared credentials and appearance venue, following the same announcement structure with a concluding named publication.

""played Camera Man: Steve Brown's shaped life career memoir Camera Man – No Ordinary"" is mid-title or mid-phrase, requiring completion of the subtitle/phrase — likely a phrase continuing the working-class identity narrative such as ""Job"" or ""Ride."" — ""Steve Brown, former rugby cameraman, who will speak about his exciting new book, Camera Man The Cut – No Ordinary"" demands a concluding title word capturing his extraordinary camera work career, e.g., ""ordinary Ride"".
"" a Rollercoaster – No Ordinary",167
63,5,"Road trip blog pattern establishing location details about a cozy Oregon diner stop. Casual personal narrative tone throughout.

The text is mid-description of Mulligan, Oregon (""a small town in the north central part of the state, only a few""), setting up geographic context and scale, with distance/population/border proximity details expected next.

Final token ""few"" begins a measurement construction (""a small town in eastern Oregon, only a few""), requiring a noun phrase immediately following — almost certainly ""miles from [landmark/extended highway]"" or ""hours outside of,"" describing Mulligan's rural geographic positioning.
</br>""My boyfriend drives a lot and decided to take a trip. Mulligan is a small rural town in the western Oregon, only a few""",164
0,6,"Biographical/encyclopedic tone with anecdotal detail about Scottish artist Alf Tasnie, establishing character through place attachment and rural scene preferences.

Narrative momentum building toward a contrast or caveat about choosing to stay in Orkney despite commercial potential of travel — a ""but"" clause follows, explaining his rationale for staying.

""although the artist has admitted that he might have achieved greater commercial success by travelling more, he has said that it would"" is an incomplete subordinate clause requiring a consequence, e.g., ""have ruined his happiness"" or ""have gone against his nature"" — ""would"" signals an imminent past-tense hypothetical completing the self-imposed constraint or sacrifice.
""
Tasnie has suggested that he might have travelled more other people would had liked, but has said that it would""",175
1,6,"Narrative/historical storytelling tone established: personal Holocaust memory emerging through a single photograph, lending emotional gravity.

Biographical details about Sara Yussim are being enumerated — name, age, school photo context, year,地點 (Tel-Aviv) — with her school identity (""Jewish Jewish school"") set up to continue with more context about her daily life or fate.

Final phrase ""who was studying in Tel-Aviv, where she attended the Jewish Girls' High School, where she"" is a relative clause chain mid-construction, requiring immediate completion describing her school life, friends, or classmates.
""
""
Next tokens will extend her story within Tel-Aviv — likely a description of her social circle, activities, or community.
""Where she studied Israeli history, classes along side friends —"" continuation of school setting.",180
2,6,"Historical exhibit caption/description establishing factual, informative tone about Revolutionary War barracks construction at Valley Forge.

The sentence beginning ""Examples of these structures are shown below. Most, though of variable quality, were built according to Washington's specifications"" sets up a contrast, with ""Despite their simplicity, most"" continuing that thread — implying how the huts actually turned out versus expectations, covering quality, livability, or appearance of Continental Army barracks.

Final token ""most"" is a quantifier opening a clause about collective characteristics of the hut constructions: ""Despite their simplicity, most"" demands an immediate predicate describing what the huts achieved or looked like (e.g., ""houses completed"" or ""structures appeared well-maintained"").
""According to historical records, following Washington's standards, most"" — next word describes a singular noun about hut quality.
Done.",183
3,6,"Historical (medical institution visiting program) genre establishing educational narrative about Chapel's heritage and milestones, progressing chronologically toward famous firsts.

The evacuation of ether anecdote is mid-explanation, detailing Morzer's 1946 public demonstration of ether anesthesia at Massachusetts General Hospital, building to a climactic historical moment.

Final phrase ""prompting President James Garfield to exclaim 'It's a great success!' thus giving"" sets up an immediate continuation of this quote's historical significance — likely referencing the origin of the phrase ""Garfield's endorsement"" or a famous turning phrase, followed by its legacy. ""Thus he subsequently gave ether to a patient; the operation went well enough for the much quoted President to describe it as 'a remarkable performance,' thus giving"" completes a causative clause, probably naming a historical phrase or expression origin.",182
4,6,"Historical museum/documentary prose describing Holocaust artefacts, establishing factual, somber register. Academic tone signals precise documentation language.

Narrative momentum: introduced context of 1944 Auschwitz drawings, moved to fate of many artworks left behind, now building toward their discovery or liberation moment — the sentence structure demands completion of what happened at the camp.

Final token ""was"" is part of passive construction ""when the camp was"" requiring a past-tense verb phrase describing the Soviet Army's arrival or liberation (e.g., ""liberated by Soviet troops""), completing the temporal clause ""hundreds of tons of 'looted' possessions that were left in the warehouses when Auschwitz-Birkenau was"" — almost certainly followed by a reference to Soviet advance in January 1945.
Geographic/historical:**",177
5,6,"Historical chronicling style, cataloguing territorial claims, Native settlements, and river geography in early American frontier (mentions Cherokee, Cumberland, Ohio, Mississippi rivers).

Narrative momentum building toward explaining key Spanish/colonial penetration into western territories; each sentence introduces a figure/event (Dr. Hunter, 1796 map).

Final token ""Cumberland"" ends an incomplete enumeration (""Ohio, Green, and Cumberland""), requiring a noun completing the geographic span referenced, likely ""rivers"" or ""river""; also likely continuing with reference back to the region previously named earlier in the text (the Cumberland = Meriwether river).
""A projected Confederacy uniting the lands between the Ohio, Green and Cumberland"" — the structural gap demands a closing noun and clause about the significance or geography of America between these named waterways.",176
6,6,"Genealogical record format establishes expectations for family lineage data: birth dates, land records, immigration details for ""Colonial"" namesakes like Harbrough/Harbort.

The passage documents Isaac Harborth's colonial biography (arrived 1639, settled 1643, bought land, died 1673), now logically transitioning to enumerate descendants.

Final token ""Gabriel"" opens a list of Isaac's four sons mid-enumeration (""He had two sons, Gabriel""), immediately requiring Gabriel's details and likely more son/builder names continuing the pattern.
""Of the descendants were the sons, — Gabriel"" — dash and incomplete list demand continuation with another name (possibly comma or ""and Benjamin""), sons who became active local figures in the Harborth/Harbrough lineage.",178
7,6,"Memorial/obituary notice for a WWII/Battleship crew family member, following HHRC Veterans Hall of Honor format with detailed registry entries and biographical narrative.

The narrative is building toward completing the historical account of Robert Cox's Vietnam-era sacrifice aboard the USS Kittiwake during NATO manhunt operations, with specific named carriers already introduced.

Final token ""Spirit"" concludes a named NATO exercise mid-clause: ""the ships were participating in an exercise in the Mediterranean Sea off Crete...The aircraft carriers were participating in Operation Ocean Spirit"" — immediately requires a period or continuation specifying what ""Ocean Spirit"" was/involved (e.g., ""a large-scale NATO naval exercise"").",182
8,6,"Dictionary/lexicon entry format drives structured definition, cross-reference, and citation style. Biblical reference ""Nehemiah ch. 12"" anchors the authoritative register.

The passage defines ""Shemaiah"" alongside a named parallel figure, establishing a paired reference to a Levite priest.

""Nehemiah, a Levite, son"" is mid-sentence, beginning a parenthetical elaboration of Shemaiah's lineage or identity; the immediate constraint is continuing ""son of Jehoahadah"" details or adding a bibliographical note. re
</likely continuation>
""repented him. —"" introduces a separated annotation defining Nehemias; ""Shemaiah, a Levite, son"" is mid-definition, expecting a continuation like ""of double-priest, mentioned in Ezra x. 24"" filling detail or completing a genealogical descriptor.",192
9,6,"Wikipedia infobox/biography format for a mob figure, following standard encyclopedic article structure for organized crime members.

Biographical momentum: birth details and criminal affiliation established (""American mob hitman and member of the DeChavone family faction of the Gambino crime family. He was active in New York City street gang wars in the 1970s. He was""), signaling career achievements, crimes, or death circumstances next.

Final clause: ""He was"" opens a new sentence mid-thought, requiring immediate completion — most likely regarding murder conviction, death, or what happened to him; e.g., ""shot,"" ""convicted,"" or ""one of nine的亲 brother who committed.""
""Infamous member... He was active... protracted criminal history. He was"" expects fate/capture/knowledge description.",183
10,6,"Archival/historical document catalog format, listing CIA and State Department records about Vietnam (1967), now transitioning into document summaries.

Narrative momentum of identifying political actors, events, and factional dynamics: Sarit's fall and replacement is a historical progression requiring explanation of CIA's expectations.

Final token ""Ahmed"" ends mid-sentence introducing the new Lao Premier Kukrit Prapromsri and CIA's optimistic assessment: ""the CIA believed it would have a better relationship under new Prime Minister Marshal Kaosaladsak Phoumi Vilayaward Ahmed"" — immediately expects continuation about Phumiphone's policy orientation, potential benefits, or further CIA memorandum analysis, likely a period or clause about legitimacy concerns or contingency challenges.
""manager officials expected a more favorable working relationship under the government of General Saroni Chouly Ahmed""",183
11,6,"Historical/encyclopedic register about a specific Azerbaijani village, Nakhchivan region, expecting factual details about antiquity and origins.

Narrative momentum: having introduced the village's modern population and political isolation history, the text has shifted focus to archaeological findings, implying ancient human settlement details will follow.

Final token ""man"" is part of the phrase ""ruins of a Neolithic settlement and stone pottery in Korskun have indicated evidence of man"" — syntactically demanding a noun phrase completion like ""man's presence"" or ""inhabitation in the region since thousands of years ago.""
""archaeological findings in mines around Korskun have provided indication, including pottery and other ruins, have evidence of man"" — describing ancient settlement implications, likely continuing with early human/inhabitation history.",179
12,6,"Student essay format on UK political history, progressing chronologically through causes of Parliament development and reforms by 1832.

The essay is building toward explaining the economic/social pressures leading up to the Reform Act of 1832, listing hunger, riots, and economic hardship.

Final phrase ""a series of poor"" opens a noun phrase requiring completion — likely ""poor harvests"" or ""poor weather years,"" continuing the economic crisis description. Continuation of a causal narrative sentence: ""technologies such as the steam power attracted an enormous number of British workers to the cities resulting in over employment; average wages began to fall. A series of poor [harvests/fiscal losses]..."" — industrial/weather hardships explaining unrest in the 1830-32 period.

The social/economic context dominates.",180
13,6,"Repeated caption structure: the text has already restated artifact details multiple times, building toward a museum label catalog entry format.

Archaeological dating pattern established throughout: ""200 BC to 400 AD"" and ""early Christian eras, known to approximately a few hundred years"" demand a consistent date range.

Final token ""to"" is part of an incomplete date range inside a museum label (""Mesoamerican Figurine of Band-Eared Priest, Teotihuacan Canton, Mexico, 100 BC to""), requiring a closing date like ""400 AD"" mirroring the earlier ""first 4th century BC to 4th century AD"" range.
""
Date Contoured: Teotihuacan, Mexico - 100 BC to""
completes the date of creation field.",182
14,6,"Biography following a structured chronological career narrative for Andy Stamps, establishing factual momentum about his early life and musical development.

After listing early band activity ""The Quorum"" (formed 1979) and noting its short-lived released album, the narrative expects continuation of the band's activities: locations, venues, and influences on his later ministry career.

""The band toured"" is an incomplete sentence mid-clause requiring immediate continuation detailing where/what they toured (e.g., ""the Southeast"" or ""regionally across churches）。
</br>""The Quorum was a Christian pop rock band that released one album in 1981. The band toured"" — narrative momentum pointing toward regional touring, live performances, possible significant gig experiences or transitions.",165
15,6,"Encyclopedic/biographical ship history format, listing factual details (name, keel date, commissioning date) of a converted USS landing ship becoming a spy submarine.

Conversion purpose established (O鯰-class spy submarine); next expected content covers operational details, station, or mission history following the retrofit completion.

""Stationed at Rota, Spain"" is a prepositional phrase establishing location, expecting continuation with temporal information (""from [year]"") or additional geographic/peripheral service details; the sentence feels incomplete or will lead to next service posting.
""Completed in 1968 as a Perry class anti submarine warfare submarine. Assigned to Sixth Fleet. / Stationed at Rota, Spain"" — European deployment of a Sixth Fleet submarine suggests further service chronology, likely Portuguese or Mediterranean operations.",177
16,6,"Blog/article series format with recurring ""From our archives"" entries establishing ongoing historical Cornwall geology narrative momentum.

The text has shifted to Charles Darwin, introducing his connection to Devon, Cornwall, and Dolerite, mirroring Scoresby's earlier introduction.

""Although Darwin is perhaps best remembered for his voyage to the Galapagos and beak study, it has been suggested that the time Darwin"" — an incomplete contrast clause requiring a subordinate statement about Darwin's time spent in/near Cornwall or studying local geology.
""Mike Ptak recently gave… a paper which highlighted that, whilst Darwin is heard about almost every day as a great Victorian thinker, the time Darwin"" continues — next tokens likely ""spent in Penzance/Cornwall"" or ""spent reading Henslow's"" describing Darwin's own words or activities.",179
17,6,"Historical/biographical narrative about colorful cowboy gunfighter Horace Richardson, establishing episodic momentum toward elaborating his achievements and eventual end.

Continuation of structured storytelling pattern: introduction → exotic background → weapon detail → tournament success, now building toward a pivotal turn or complication after sustained dominance.

""Richardson enjoyed a string of tournament successes on the San Fernando River. He was tops and won everything he chased. That is"" — the trailing ""That is"" opens a clause clarifying or contrasting what follows, strongly implying a phrase like ""until..."" or ""as far as..."" introducing a shift or limitation.
""Meanwhile it provides Richardson unusual and lucrative employment. For some sixteen years he carried his gun to every top tournament and simply won the prizes. That is""",166
18,6,"News report style establishing facts about the 2011 Southeast Asian Games held in Indonesia, expecting continued factual details about host cities and events.

The sentence lists specific details (date ""10 to 22 August 2011"", city ""Jakarta""), building toward explaining Indonesia's hosting significance or historical role.

Final fragment ""This is the fourth time Indonesia"" is an incomplete clause mid-sentence requiring a verb phrase, most likely ""hosted"" or ""hosted the SEA Games,"" followed by a time clause like ""last"" referencing Indonesia's previous hosting history or capital city prestige. ""Held in Indonesia will be hosted by Indonesia sporting team. Various sporting events would be held in some city. This is the fourth time Indonesia"" expects continuation about Indonesia's prior hosting history as a Southeast Asia country.",177
19,6,"Travel guide/journey format cycling through world heritage sites, each entry describing history, features, and visit details in encyclopedic tone.

Sequential heritage site descriptions with consistent structure: historical facts, visitor notes, dimensions/dates. The Pont du Gard entry has established a factual, impressive-statistics pattern (""3 levels"" already given).

Final token ""high"" ends an exclamatory statistic mid-sentence listing Pont du Gard dimensions (""a Roman aqueduct over 1km long made from nearly 2,000 blocks of limestone with arches up to 48m high""), expecting a continuation such as a period, further measurement, or additional architectural/historical detail.
</br>""brick built on top of each other. The bridge is over 1km long, with the bottom arches are a remarkable 48m high""",185
20,6,"Document is an incoherent aggregation of unrelated bibliographic/textual fragments, signals history and technical reading guides; continuation follows same fragmented citation/reference pattern.

The text repeatedly inserts partial references followed by elided continuation phrases, suggesting this pattern continues (mixed book titles, website snippets, poetry collections).

Final token: ""full text of"" is an incomplete bibliographic citation phrase from a catalog/Google Books or Project Gutenberg entry (""world electric light and power records. volume 2 - volume 3 ; full text of""), immediately requiring a title, quoted string, or reference corpus name next — likely ""this book"" or similar Gutenberg boilerplate phrase (""full text of [title]"").
</br>""world-wide solar energy index. full text of"" or similar concatenated archival reference fragment continues the citation.",171
21,6,"Professional architecture/development testimony context, explaining two-phase construction decision influenced by client funding constraints.

The narrative is mid-sentence, continuing a detailed account of scope limitations — ""initial Phase 1"" with budget restrictions, building toward describing what specifically Phase 1 reduced to (repurposing existing structures to achieve the school opening).

Final token ""and"" is a coordinating conjunction mid-clause (""to reduce Phase 1 design scope to only the renovation of the old tobacco barn and""), requiring a parallel noun phrase continuation, likely another existing building or a specific new facility, e.g., ""adjacent classroom wing."" ""
""Ultimately, we agreed to limit our bid to Phase 1 only which was limited to the renovation of the old tobacco barn and [the existing grounds/new campus core]""
— describing partial campus components that together formed the school.",180
22,6,"Historical survey tone with factual declarative statements about Christian persecution/institutions, establishing a chronological narrative of the Inquisition's expansion.

List of sequential developments building toward further historical actors and actions — Spain, the Duke of Savoy, Torquemada suggest continued enumeration of papal/legal authority figures.

""In 1487, Pope"" is a historical sentence beginning requiring a specific papal name and action, almost certainly referencing Papal response or authorization regarding the Inquisition's powers or jurisdiction relations between Church and Spanish monarchy. ""In 1230 Frederick II established a new knights Templar who would brutally control disobedience by going in everyday of homes. Spain's Inquisition was set up to catch lepers, Jews, and Muslims. In 1487, Pope"" a papal.",175
23,6,"Veteran funeral/mission briefing format (Clearwater Honor Flight/Army Support organization), using structured military field report conventions throughout.

The document has listed a complete burial detail itinerary (location, chapel service, memorial service, family arrivals) for Mission #153, implying actionable volunteer coordination information is being concluded.

Final token ""a mission"" ends an incomplete sentence (""You may attend any part of a mission""), expecting a noun phrase completion — likely ""mission"" itself continuing into a metaphor, perhaps ""Vale Mission"" references correlating honorees to ""missions,"" or a range of tours/squadrons upcoming.
""Members may choose to attend all or"" — ""Members may attend part or all of a mission"" sets up a mission-based volunteer coordination call, with a specific mission briefing type phrase referencing ""Mission"" terminology continuing immediately.",182
24,6,"Historical-political essay establishing biographical context for Grant Wood/Franklinництва era gun policy commentary. Narrative follows chronological career arc of Morris.

The text is building toward a ""redemption arc"" after detailing Morris's electoral defeat and martyrdom, with ""Despite this personal and"" signaling transition to contrast or resilience.

Final token ""and"" is a coordinating conjunction mid-phrase (""personal and""), requiring a parallel noun or noun phrase to complete the compound — likely ""professional,"" ""political,"" or ""public setback/hammering/loss.""
""Despite this personal and"" strongly demands a compound noun completing a phrase describing Morris's devastating defeat, before pivoting to his subsequent return or broader significance.
""Facing the end of his political life and career, and despite his Missouri defeat in 1876, amidst this personal and [political disaster]""",185
25,6,"Journalistic/intellectual essay tone establishing a historical narrative about privileged insider decision-making versus excluded critics, setting up LBJ as a case study.

The quoted Trachtenberg phrase introduces the metaphorical ""room where decisions were made / dead-end circle,"" now being invoked to frame the essay's central argument or comparative point.

Final fragment ""Charles Wolf Jr. was one person who was in that"" completes a reference back to the opening Trachtenberg quote, immediately requiring a noun — almost certainly ""circle"" or an expanded phrase reinforcing the metaphor (e.g., ""Washington room,"" ""circle of power,"" ""world of blind arrogance""). ""Decisions made inside the circle""End of The Second World WarAndrew J. Johnston/Andrew Johnston....... ""That circle of ...close advisors"" has a kindred from recent times: Charles Wolf Jr. was one person who was in that",188
26,6,"Encyclopedic/historical description of an Irish heritage site, establishing factual register about Dunbeacon, Co. Donegal, including geology and mythology.

Narrative momentum building toward complete documentation of the peninsula's features, tracing from cliff notations to inland cairns and ruins.

Final fragment ""a ruined town church, St Bude Cathedral, on a rocky outcrop by the"" is mid-sentence requiring a geographic landmark or coastal feature (e.g., ""the road,"" ""Harris Bay,"" ""the sea coast"") completing the locational description; also contextualizes the coast cliff proximity and local Irish geography.
""The main site is at Town Hill, Cooldrogheda on the north side of the area; there are ancient remains including a ruined church...on a rocky outcrop by the"" suggests a river or sea road boundary follows.",188
27,6,"Historical document transcription/quotation in progress, following formal genealogical archive style, quoting 17th-century royal charter language about name change authorization.

The archaic royal grant formula (""Charitable and Gracious King of the said Kingdom, of his especial Grace, have granted and given unto him His Royal Licence and Authority"") strongly predicts continuation with the formal authorization clause, likely referencing the specific adoption or permission granted (e.g., ""and Licence to assume and bear the said name"").

Final token ""Authority"" is mid-sentence within a formal royal charter excerpt, beginning the pivotal grant clause; next tokens must complete the formulaic phrase, likely ""is hereby given"" or a licensing action completing ""Authority.""
""Wherefore the said King hath given and granted His Royal Licence and Authority"" expects its direct object or concluding clause.",180
28,6,"Historical narrative establishing Henry VIII's relationship between Protestantism and Jewish emancipation, expecting continuation of argument or transition out of summary overview.

Attribution/byline signals end of article excerpt — ""Submitted by Rabbi David Rabinowitz - October 26, 2013 - Jewish World"" sets up a publication name or publication affiliation to follow, likely completing the source citation.

""Jewish World"" is mid-completion of a publication name, immediately constraining next tokens to finish that title, e.g., ""Today"" or ""Post"" or similar Jewish publication name.
""
According to historians, Henry VIII's crackdown on the Roman Catholic Church
Posted online by Rabbi David Rabinowitz — October 26, 2013 -
Jewish World""

The label shows tag/source format.",179
29,6,"Historical naval caption style: identifying a vessel with name, prefix, year, and war theater (""APA-153"", ""WWII"", ""mid-Atlantic"").

The caption is building toward a notable achievement/memory specific to USS Ray's service history, having established crew photo context and the Caribbean Theater.

Final fragment ""which had sunk the German U-boat U-156 on"" completes a relative clause requiring a specific date/day/location (e.g., ""May 22"" or ""February 23, 1942""), as ""on"" demands a temporal or spatial complement next.
""USS Ray (APA-153) in 1942 off South Carolina Bay, the ship which had sunk the U-boat U-156 on"" demands an integer date.",180
30,6,"Encyclopedia/reference genre (encyclopedia TropeEdit format), presenting factual chronological and cultural information about ancient Indians (archaic period peoples).

The passage is building a geographic and technological survey of Eastern Woodlands peoples, shifting from culture description toward specific archaeological or historical details.

Final token ""New York"" begins a geographic specification (""Archaeological sites of the Early Woodland period in New York""), requiring immediate continuation with a specific region, state-wide context, or grammatical completion — most likely ""and Vermont"" or ""State"" or a specific river valley, or a sentence about the Iroquois homeland along the Hudson Mohawk corridor.
""Archaeological sites of successive cultures in New York"" demands a prepositional complement or clause; ""New York"" is mid-phrase, requiring geographic expansion referencing the region of ancestral Iroquoian countries, e.g.",189
31,6,"Ongoing narrative describing lunar eclipse news broadcasts and historical events on the same day, suggesting a list of simultaneous occurrences being compiled in a report or essay style.

Repetition/continuation pattern: the text recycles names (""Television was on ABC"" repeated), indicating possible crude or amateur phrasing continued throughout.

Final clause ""Television was showing an ABC movie and then it was"" demands a past-tense verb or passive construction completing the sequential action, most likely ""interrupted"" or echoing the repeated contrast structure (""it was interrupted before..."" already used).
""
People were shocked about... it was announced over the radio then. Television was showing an ABC movie and then it was"" — but the clause is open, requiring a verb phrase like ""cut off"" or ""changed,"" possibly continuing the restatement pattern about the movie's interruption/repetition.",185
32,6,"Review/blog post structured as theater critique with cultural reference to Seattle and race dynamics, sustaining formal-but-accessible prose throughout.

The text is building toward listing historical injustices or tragedies, explicitly linking modern scandals (Ferguson, rape culture, sweatshops) to artistic relevance, continuing toward the Triangle Shirtwaist Fire narrative.

Final feature: ""the deadly realization that the workers at the Triangle Fire had, that the doors"" — mid-clause historical description requiring completion of a specific structural tragedy detail, almost certainly ""were locked"" or ""locked exits prevented escape.""
""pushing the children toward defeat because they must live and laugh, but the one who lives and must learn. As they most poignantly discovered, to their terror, that the doors""
Locked/bolted shut exit description about fire escape failure expected next.",177
33,6,"Personal narrative/memoir register established (""For the last five years, I have vacationed"") signals a reflective first-person account of seasonal life on Florida Keys.

The author sets up a contrast: tropical paradise relaxation versus backpack reading, implying a shift or unexpected engagement during Qatar winters then Keys summers.

""But in recent years, I have spent many of"" is mid-sentence, requiring a noun phrase specifying what time/product is spent (e.g., ""the weeks,"" ""days"") followed by a clause describing a specific activity or experience during the Key West trips.
""Although I generally enjoy full weeks of relaxing beachside, during my two most recent visits to Key West, I have spent many of""
likely continues with specific schedules or activities interrupting the weeks, mirroring ongoing vacation narrative.",173
34,6,"Archival/library catalog register: formal descriptive language introducing a collection, using phrases like ""digitally is a collection of hundreds of hours"" and ""formerly known as.""

The collection title ""Detroit Memories on Tape"" signals Detroit video history content, constraining subsequent text to local historical media material descriptions.

Final phrase ""documentaries and other media relating to"" is an incomplete prepositional phrase mid-sentence, requiring a noun phrase specifying what the footage relates to — likely a thematic object like ""television production,"" ""consumer electronics,"" or, given the framing, Detroit's visual history or historical media/software footage.
""Years in operation, donated by community entities and featuring footage from local organizations and individuals that relate to the Detroit Historical Society. It contains a mix of local ads, footage of items and programs focused on historical events related to"" signals TV broadcast subject matter.",186
35,6,"Biographical/professional announcement format: formal event description listing credentials, publications, and institutional affiliations for a guest lecturer series.

Listed scholarly accomplishments building toward a conclusion: ""author of nine books,"" ""author of the definitive account,"" establishing Beckner's broad expertise across books, television, and public history writing about the Civil War and Old South.

Final fragment ""a frequent contributor to"" requires named publications or outlets (e.g., ""The Atlantic,"" major magazines, or academic journals) as immediate continuation, completing a standard scholarly bio closing formula.
</br>""
 ""Mike is a nationally recognized expert on Southern history and a prominent public historian; he is...He resides in the Great Valley, and he is a frequent contributor to"" expects specific named magazines, journals, or major newspapers referencing his public intellectual reach.",178
36,6,"Institutional/archival promotional tone signals formal descriptive language continuing throughout, presenting cultural programming from a documentary organization.

The phrase ""origins and achievements of seniors who have shared their stories"" establishes narrative scope around recorded oral histories promoting Indigenous voice and memory.

The final phrase ""an ongoing initiative to share these invaluable collections with the public and the first step in making our oral history archives accessible to the community with"" is mid-sentence, requiring a completing clause — likely describing format/platform features or accessibility goals (e.g., ""subtitles,"" ""audio transcripts,"" or ""engaging listening experiences"").
""With this podcast we offer... episodes of community news radio oral history conversations from the 2010s. They represent an ongoing initiative to share these invaluable collections with the public and the first step in making our oral history archives accessible to the community with""",184
37,6,"Factual automotive/historical narrative tone, presenting specific dates and specs about a notable car, implying continued factual claims about racing history.

The sentence structure introduces a legendary racing achievement (""In 1969, this vehicle achieved a record lap time at the legendary""), requiring a specific named race venue or circuit, almost certainly a European Grand Prix location like the Nürburgring, Indianapolis, or Le Mans.

""legendary"" ends an incomplete noun phrase demanding a specific famous racetrack name immediately — ""legendary Nürburgring"" or similar iconic circuit location follows. ""Although short-lived, this iconic Dodge Challenger featured before long became a hero."" ""A Historical Dodge Charger"" concept achieved a record lap time at the legendary""
Contextual continuity about racing heritage referenced.",171
38,6,"Event announcement listing sequential programs/activities with historical themes tied to Spanish mission era and Tampa Bay history.

List structure with parallel ""talks from/about"" format: ""First... from The Seminole of Florida... talks about Live-Crime Sweepsters... talks from our famous Gary Player Avengers; and"" signals a third parallel topic is expected, likely completing the three-part cultural/historical section mentioned (""Spanish, Island, and Tampa"".

Final token ""and"" is a coordinating conjunction mid-list, immediately requiring a third parallel ""talks from/about [topic/group about X],"" likely referencing local Tampa, hospitality, or civic/""community"" storytelling.
""Enjoy left-on-stage programs A presentation from the actual historic Seminole Indian War participants discussing their adventures; talks from our Navy Men and Crimswickes players recounting their exploits; and""",181
39,6,"Biographical encyclopedia style establishing facts about St. Matilda (Holy Roman Emperor's wife, German queen), following a structured historical entry pattern.

Narrative momentum toward Matilda's religious/devotional conclusion after political accomplishments, with ""after her husband's death she retired to a"" signaling entry into religious life or monastery.

Final token ""a"" is an indefinite article beginning a noun phrase, requiring a specific religious institution (e.g., ""Benedictine convent,"" ""hermitage,"" ""secular monastery"").
""
A saint of the Roman and Anglican calendars, queen of East Francia 962973, and afterwards of the Empire; she governed Germany wisely during the minority of her son. In Oldenburg she reigned beloved till her death; she then retired to a
"" — expects a religious community name.",182
40,6,"Historical/commemorative essay tone established throughout, explaining Veterans Day's origins with specific dates, events, and contextual reverence, suggests continuation of patriotic reflection.

The article has covered WWI (1918 Armistice Day) and WWII, building a parallel list structure; additional context about armed struggles or specific dates may follow.

""Nov. 11 is not"" opens a contrast or explanatory clause, likely clarifying what the date is *not* (e.g., ""not just about..."", ""not a forgotten date"", or transitioning to another commemoration).
""Those solemn...witnessed stamps were issued post-war
""
""Those solemn"" proves peaceful resolve.
""
""November 11 is not"" — begins a sentence contrasting or cataloguing the significance/scope of the observance, completing the argumentative arc.",186
41,6,"Historical/cultural cartographic description of Catalan decorative ceramics, establishing regional and Mediterranean trade context before analyzing a specific piece.

The text traces pottery styles from Italian influences to Iberian territory, building toward identifying the local production tradition and workshop origins of this figural tile.

Final phrase ""much closer to the"" sets up a comparative attribution — the reasoning about inland, simpler良好的基础 constrains next tokens to a specific named kiln, workshop, or regional ceramic center from the late Renaissance Catalan tradition.
""Although the type of subject introduced brings the piece closer to northern Italian influences, its style and theme are indicative of an inland pottery manufacture, which allows this piece to be more easily linked to the"" — expects a specific named pottery center, kiln site, or dated Catalan workshop reference.",169
42,6,"Journalistic news style (NHK/SBS wire report) with enumeration of architectural features of the Japanese embassy and Mitsubishi's former building, establishing a descriptive survey pattern.

The article is systematically listing notable architectural elements and historical details of the building's redesign, moving through style evolution—Western-style facade already described, now transitioning to additional visual features.

Final token ""red roofs"" ends mid-description of the two corner towers, requiring immediate continuation of their aesthetic/architectural details (e.g., material, color specifics, or juxtaposed additional landmark features).
</br>""Also eye-catching are two towers with red roofs"" sets up completion of this clause, likely with a conjunction or additional descriptive phrase about Japanese or Dutch-style roofing, ""sloped roofs"" or tile color.

""two Dutch-style towers with red roofs""",177
43,6,"Newspaper wire service style (1953 AP datelines, formal journalistic register) with detailed who/what/why structure, continuing bureaucratic narrative about Wickers' response to consult American missionary delegations abroad.

Progress from Eliot's initiative to lieut. governor Burdick's response has been established, now detailing practical arrangements, suggesting elaboration on logistics of the delegation system.

Final phrase ""said details had not yet been worked out"" is mid-sentence attribution or continuation — ""Burdick said details of the plan have not yet been ironed out"" expects a conjunction like ""but"" introducing qualified progress or next steps/arrangements about selection process or funding delegation;
""have proposed as yet"" ""Burdick said details have not yet been worked out"" implies continuing clause about pending arrangements and reservations.",181
44,6,"Academic/argumentative essay tone established, defining tourism historically and building a case that early examples preceded modern tourism culture.

The text is constructing a list of historical examples (""Marco Polo,"" ""cook's Grand Tour,"" ""Sir Richard Burton"") to support the thesis about early adventure storytelling and travel history.

Final token ""century"" ends the third item in a list (*They illustrate that history of Adventure and Leisure trail: The account of... the Grand Tour of Europe in the 18th Century, the sailing voyages of Captain Cook in the 18th century... and the legendary African adventures of Ernest Shackleton in the 19th century* — expecting either a closing clause, period, or transitional phrase showing how these collectively relate to tourism's origins, e.g., ""all illustrate...""",173
45,6,"Travel diary/blog format continuing a UK village churches visit, listing architectural and historical details for each location in Dorset, England.

The text follows a pattern of naming a church/locality, then giving brief historical and visual details — next entry continues describing East Harling church's interior features.

Final token ""and"" connects to a continuation of ornate carved elements list, mid-sentence after ""nice carved wood-work on the pulpit and"" — expects additional interior features like box pews, fonts, or choir stalls/roofing/elevation seating.
""Another Mary church - East Harling, and features include some items from the Civil War. again with the nice carving on the pulpit and"" demands a list continuation, likely referencing more specific architectural or wooden features, or the carved font/pew panels/chancel.",177
46,6,"Biographical narrative about a judo master (likely Nakayama/Mr. Tamura) establishing historical significance and loss of members.

Thematic momentum toward explaining a personal motivation or legacy outcome — the war trauma logically leads to explaining his later life contributions, charitable/cultural work, or bringing judo to another country (likely Australia or the United States).

""Mr. Tamura experience motivated him"" is an incomplete causative clause requiring a verb phrase explaining what he was moved to do — almost certainly fundraising, teaching, or organizational philanthropy.
</br>""His husband was killed...quite literally lost his entire social group. This experience motivated him"" demands the consequence, likely explaining a ham-handed fundraiser, cultural ambassador role, or dedicated life of service in judo instruction.",168
47,6,"Tour itinerary format in UK heritage sites: drive, dinner, sightsee. Each sentence introduces a new location with historical highlights, maintaining promotional tour-brochure register throughout.

Sequential London/England heritage destinations pattern: Windsor, Oxford History Day, Balmoral, Edinburgh, Dunfermline, Tower Bridge — each entry pairs location with key attraction and historical detail.

Final token ""Canterbury"" begins a new destination stop after ""Next we travel to Birmingham Castle before heading to Canterbury"" — expects continuation naming a famous Canterbury landmark, likely cathedral (""Cathedral"" or ""Canterbury, Kent"").
""Canterbury"" likely starts a new famous journey or religious/historical site; the rustic castle sentence's abrupt pivot signals a famous coastal/Jewel of pilgrimage or medieval city.
""Head to Canterbury"" requires landmark completion.",181
48,6,"Formal military government institutional document tone, with bureaucratic language about historical program mandate and strategic planning (e.g., ""Office of Air Force History,"" ""1996 Strategic Vision"").

The text is building toward a structured strategic plan or vision statement, with momentum from explaining purpose/context toward listing pillars or directives; ""the following pillars support this Vision and direct the"" signals an enumerated framework is being introduced.

Final token ""the"": part of the phrase ""should determine the course of action for the next decade and direct the,"" requiring an immediate noun phrase referencing offices, actions, programs, or personnel deployment (e.g., ""focus of our daily work"").
""We must now chart the future of the Air Army History Program. The vision statement identifies our requirements for the future, defines national priorities, and guides the needs of the Army community, and directs the""",185
49,6,"Genealogical/heraldic blog post explaining the origin of the surname Harling, citing historical documents and etymology.

The text has established the medieval connection to Harling peninsula/surname, now building toward completing the detailed historical/geographical account of Harling village in Norfolk.

""Indeed the village"" begins a clause requiring a factual statement about Harling, continuing the explanatory narrative about the place name meaning; next tokens will likely describe the village's current status, location details, or historical geography (""does indeed sit on..."" or ""was originally called..."").
""Then there is Harling or Harlingen whose present Norfolk village derives its name possibly from Anglo-Saxon meaning 'field of fir trees. In fact the village"" — a connective information punctuation continuing immediately with a concrete fact.
""Indeed the village.""",176
50,6,"Historical/informational register describing ancient Ephesus/Putanillus, referencing ruins, saints, and Roman connections throughout.

Narrative momentum of listing regional military and historical sites on the Adriatic coast; the sentence catalogues archaeological evidence at Kyrrhos, with forts and bishop associations.

Final fragment ""parts of the castle and part of"" is mid-sentence, requiring a completes a list of preserved ancient infrastructure—most likely ""the ancient city walls,"" ""the harbor,"" or ""the Roman aqueduct/road"" referencing typical port city ruins.
""Today it is the main port of southern Albania. Built in ancient times as a Roman naval base, where St. Paul may have landed. Remains of the castle and part of"" — ancient city walls, harbor or aqueduct expected,",172
51,6,"News/biography snippet with two linked stories about someone connected to Liverpool FC and the British Army, establishing a human interest narrative pattern.

The sentence introduces Steven Mayoral as an army-placed supporter whose casualty story exemplifies the soldier sacrifice theme established by the opening mention of wounded troops.

Final fragment ""who joined the Army and lost his left eye when he was injured in Afghanistan in"" requires a date/time completion (e.g., ""in 2012"") or a specific injury detail following the transitional phrase ""in [year/circumstance],"" connecting back to the inspirational figure's story.
""Steven Mayoral, one of Craig's former peers and Manchester High School classmates, who joined the Army and lost his left eye when he was wounded in Afghanistan in"" — the personal story of injury is expected about a footballer or soldier.",183
52,6,"Event invitation format establishes context: ""March 18th, reception from 4–6pm at Library Café"" signals a social community event description continuing with activity details.

Repetition/cultural pattern: the text is listing contributions from Kipling poems or the author's life, specifically KPI (Kipling Public) alumni ""honored"" as guests, implying a themed food/drink party atmosphere.

Final token ""but"" is a contrastive conjunction mid-sentence (""The Library will provide hors d'oeuvres and wine and beer, but""), requiring an immediate caveat or instruction — most likely attendees should BYOB, bring money, or that nothing is required otherwise: ""but bring yourself your own drinks"" or similar practical note about what else to bring.
""will be served at the reception, but"" promises a contrasting condition about what attendees must supply.",188
53,6,"Newsletter/club bulletin genre with meeting announcements, museum highlights, and excursion details for a historical society/photography group in Canberra — each entry follows the same brief descriptive structure.

The final entry is a specific talk presentation by Sue Harmon at Hughes Library, with a local-interest slanted presentation about historic buildings and photos having been described in detail.

Final token ""If you"" opens a parenthetical ""(Note: If you"" clause mid-sentence within Sue's formal talk address, immediately requiring a conditional action directed at the Historical Photographers Society attendees — e.g., ""want to book ahead,"" ""can't resist,"" or ""are coming to attend the Hanworth talk.""
""Note for the presenter: Sue says: 'If you"" signals a playful, direct address to attendees about the slide-sharing event/ticket incentive link.",179
54,6,"Military journal/diary format with dated entries signals continuation of tactical field report observations, likely describing troop positions and engagements.

The narrative shifts from bureaucratic arrangements (transport weights/colors) to active military operations, establishing a scene around Chattanooga Civil War campaign — battle or fortification details expected next.

""entrenched"" ends mid-description of a military formation (""The First Brigade, consisting of three divisions, was on the left, strongly entrenched""), immediately constraining what follows to continuation of the defensive position layout — terrain features, additional corps locations, or threats encountered, e.g., ""with abundant fortifications"" or ""holding the ridge.""
</br>""""Our line was now large;
The first division comprising the Left wing, was strong, strongly entrenched"" describes terrain/conditions observed during March.",171
55,6,"Descriptive enumeration pattern: listing abandoned historical structures around an ancient site in Iran, with architectural details following each entry.

Incomplete descriptive clause structure: ""another old/ancient building is which lies towards north east, but from which only a part of a stone vaulted roof has"" sets up a text describing what remains or can be seen of the destroyed building.

Final token ""has"" is an auxiliary verb mid-clause, requiring a past participle completion such as ""survived,"" ""remained,"" or ""been found"" — ""has"" completes a contrast construction (""is now completely ruined, from which only a part of a vaulted roof has [remained/survived]). ""
""The village is having one more ancient building. It is now completely in ruins, from which only an arch made of stone of the roof has""

""",184
56,6,"Blog/journal style railfan observations, each entry describing a specific train, location, or railway event with brief context — irregular, headline-style captions mixing geographic diversity (France, Belgium, Norway, Australia).

The sequence is a series of discrepant, loosely connected train-spotting notes, each introducing a new train/line; a new entry is now beginning.

""The Norwegian owned EL"" — start of a new railfan entry; ""EL"" is likely an abbreviation/initialism for an locomotive class or company name (e.g., ""Electric Locomotive"" fleet or railway company like a steam heritage vessel); ""A modern day veteran"" sets up a vintage-generation vessel or locomotive name/term follows immediately.
""
A Norwegian-owned EL"" begins a sentence about a specific rolling stock or HVDC system.

Final token.",181
57,6,"Catalog/archive metadata format for historical photographs from Luella/McNary College, with consistent structured captions per image entry.

Sequential photo caption pattern: each image entry describes people, clothing, setting, dates, and archival identifiers — the third entry follows the same descriptive formula about pose and visual details.

Final fragment ""Three young women stand in a row, They face to"" is mid-sentence describing body orientation, requiring completion of a directional phrase (e.g., ""the camera"" or ""the left/right""), likely continuing standardized pose description. ""to"" is a preposition demanding its object immediately next. ""Formal Political group photo of three young women. Three young women are standing in a row.Group of three women together standing. They face to""
</br>They face slightly left/right or together toward camera, standard repetition correction.",181
58,6,"Historical/educational tour guide context: Glasgow's left history narrative establishing James Campus connection for Scots and Social Credit movement.

The text sets up an upcoming walk highlighting forgotten Highland connections, with momentum toward listing or describing specific landmarks and locations as evidence of Glasgow's rich progressive past.

Final token ""city centre"" opens a geographic scope phrase mid-sentence (""I'm going to take you round a number of sites in the city centre""), immediately requiring continuation specifying which locations, areas, or concluding with a broad location descriptor (e.g., ""including George Square"" or ""and the Mound""). ""Centre"" ends an incomplete locational clause. ""
Today I'd like to share some of this rich history in a brief walk through a number of sites in the city centre"" — likely expanding to named buildings, streets, or areas that encompass central Glasgow development.",185
59,6,"Structured caption format: each WWII Allied photo entry follows a consistent descriptive sentence pattern about Pacific theater scenes from ~1942–1943.

Narrative momentum toward violent climax: the final caption describes a dramatic combat sequence — Japanese aircraft strafed, ""tumbling out of the sky"" — building to the crash/destruction outcome.

Final fragment ""falling head over heels into the side of the ship and crashing burning in flames in"" requires an immediate location/surface reference, most likely ""the water"" or ""the sea/river nearby,"" completing the crash trajectory.
""A Japanese bomber, engaged by a US destroyer, tries to leave within metres of the ship but is hit, dropping over side and goes into the wall / sea rising and crashing in flames burning out of sight, ultimately crashing in flames in"" landing in water completes.",184
60,6,"Parallel event listing pattern: three historic Maine sites each described with tours, programming, and seasonal offerings in consistent structure.

The document is completing a third springtime description of Winterthur Museum, describing its historic Christmas tour mirroring prior entries' activity lists.

Final fragment ""a one-hour tour highlighting festive traditions and local history – a fun, family-friendly program that is a history and"" opens a compound noun phrase; ""and"" demands a paired noun completing the theme, almost certainly ""decor"" or ""holiday-themed tour.""
"" … join us for the author's annual historic house tours & Celebration of Christmas event, led by Ms. Sprague. Enjoy a fun, educational progam exploring the urces, traditions & holidays of a Maine home in the history of winter. An annual |free| tour of the Museum House, which is a history and

Festive Winter Guided tour.""",192
61,6,"Conspiratorial political commentary blog frame, using anti-fascist rhetoric to challenge the QAnon/savaged eagle tribe narrative with historical comparisons, building toward damning parallels.

The text catalogues symbols and slogans linking Save America Movement to fascist opposition, with escalating evidence; now explaining the historical significance of ""Argo Aeterna"" adopted from German Nazi group ""black shirt"" squads.

Final token ""How"" opens a rhetorical question or ironic observation mid-explanation of the disturbing Nazi symbol parallel — ""FAmI's Save America Movement symbol is the same as used by the 1930 vanguard of Fascism... called 'Argus Aeterna'. How"" — next tokens likely continuing with irony about coincidence, contradiction, or further history.
""Interesting —"" also signals factual exposé tone. ""How""",180
62,6,"Event announcement/promotional copy listing distinguished guests and notable Edinburgh connections, establishing celebratory context for an arts programme.

The sentence lists a civil-liberties topic and book ""Packet"" alongside Harry Day, requiring completion of the second featured guest's book title and its description; the structure ""Author and camera operator Harry Day with his entertaining book Back-to-Back: No Ordinary"" demands a subtitle continuation completing that title.

Final token: ""No Ordinary"" is part of an incomplete book subtitle (""Back-to-Back – A Camera Man's Life - No Ordinary""), immediately requiring a noun or phrase like ""Journey"" or ""Cop"" describing his football shooting career.

</br>""'Back to Back': A Camera Man's Life - No Ordinary"" matches colloquial British automotive references, constraining a completing biographical noun or subtitle word next.",182
63,6,"Travel blog/hobbyist narrative style establishing a kronober style photography visit log, with route and location details expected.

The post is introducing Shields, Oregon as a small rural destination stop, building toward describing its attractions (gas station, diner, quirky roadside feel) and reasons why it fits their road trip aesthetic.

Final phrase ""Shields is a small town in central Oregon, only a few"" is mid-sentence, requiring a geographical/distance continuation, e.g., ""miles from"" a major highway or landmark, or spatial context like ""miles outside the Columbia Plateau."" ""only a few [noun]"" demands immediate completion.
</br>""We recently made a stop at Shields, Oregon. Shields is a small farming and ranch town in rural Oregon, only a few"" demands geographic/locational specificity next.",179
0,7,"Biographical narrative momentum: factual British life-interest piece on Swayne, covering origins, isolation, and career, now moving to personal reflection/quotes.

Semantic tension established: Alison Swayne admits he ""might have achieved more professionally if he had travelled more, but said it would"" signals a contrasting clause explaining why he chose not to — likely about compromising his way of life, attachment to the island, or dislike of urban society.

Final token ""would"" opens a conditional clause requiring a verb phrase completing his stated hypothetical sacrifice, e.g., ""have meant losing..."" or ""have gone against his nature.""
</br>""He lived in an isolated cottage and rarely travelled. He has admitted that he might have achieved more professionally if he had travelled more, but said it would""",168
1,7,"Historical narrative building toward a Holocaust victim's story, establishing photo as a haunting artifact connecting past and present archival research.

The sentence introduces schoolgirl Sarah Margalit with biographical details (Jerusalem, Jewish Girls' High School, 1944), momentum points toward more contextual life details before her fate is revealed.

Final token ""where she"" is a relative clause continuation mid-sentence (""This was an individual snapshot of Sarah Margalit, a 13-year-old Jerusalem student, who appeared in a class photo taken in, of all places, Jerusalem. She attended the Hebrew Girls' High School there, where she"") — immediately expects a verb describing her activities, friends, education, or personal details.
""ate."" ""She attended school in [X],""",168
2,7,"Historical/explanatory narrative about Revolutionary War army camp structures, establishing period context for garden visitors learning about barracks construction.

Pronoun reference continuity: ""The photos below are of early drawings of 'wigwams'"" leads into explaining the wigwam barracks design quality and outcomes at Valley Forge.

""Despite limited tools and labor, most"" sets up a contrast or qualified assessment — the clause requires its subject (the wigwams/structures) plus a predicate describing how widespread or successful construction was, likely ""were tidy/well-built/standardized.""
""General Washington ordered 'wigwams' to be built to strict standards ratios, and he even specified their appearance. Despite limited resources and experience, most"" — ""most"" demands a completing predicate immediately following, describing the barracks' actual condition or quality.",177
3,7,"Historical academic lecture establishing low-technology engineering themes, connecting industrial heritage to broader development issues.

Narrative momentum building around the first public anaesthesia demonstration, with a specific famous anecdote (John Warren witnessing ether surgery at Massachusetts General Hospital, 1846) now resolving toward its celebrated conclusion.

Final clause ""giving"" is mid-sentence, completing ""who famously remarked 'this is no humbug!'"" — ""thus giving"" immediately requires its object, likely a historical phrase, apt quote citation, or legacy claim such as ""birth to the phrase"" or a famous idiom about the successful demonstration.
""surgeon, who witnessed Dr. Morton performing the first public ether anaesthetic, famously remarked 'this is no humbug!' thus giving"" — likely completing a historical phrase or reference about his famous endorsement/legacy expression.",184
4,7,"Historical/documentary catalog style introducing Holocaust memorabilia, establishing grave observational tone about paintings from Auschwitz.

Narrative momentum toward fate of the artworks: ""Many were left untouched and were discovered among dozens of discarded artworks when Birkenau was"" sets up the liberation event context.

Final token ""was"" opens a passive construction mid-clause requiring a past participle (""liberated,"" ""approached,"" ""captured by Soviet troops""), completing the subordinate clause about how the paintings were found — specifically referencing the Soviet Red Army's approaching/entering Auschwitz in January 1945.
""Many other paintings were also left behind...as survivors escaped by train"" is a haunting historical aside; ""ungodly quantities of other materials found when the camp was"" demands the pivotal liberation moment completion, referencing Soviet soldiers' arrival.",180
5,7,"Encyclopedic/historical register with dense proper nouns, dates, and tribal geography, establishing factual narrative about Cherokee territorial movements in early American history.

The text traces sequential territorial and political details, with incomplete chronological account still unfolding —	next content should name additional rivers, lands, or references completing the ""trades and boundaries"" discussion.

Final token ""Cumberland"" ends an enumerated list of geographic features (""between the Ohio, Tennessee and Cumberland""), requiring continuation naming what ""lands between the Ohio, Tennessee and Cumberland"" completed —likely ""rivers"" reference or a return to the opening's river names, closing the sentence.
*""Sir Ton an early survey of the valley"" and extended its trading and intrusive boundaries over the lands between the Tennessee except, Ohio and Cumberland*",168
6,7,"Historical genealogical record style, with formal 18th-century documentation of land grants and Settlers, expecting names, dates, and locations.

Narrative momentum: the text has introduced Ezra Paine's migration, origin, and property, and is now transitioning to descendants/successors, establishing a generational list.

""Two sons, Gabriel"" opens an enumerated list of children; the comma after ""Two sons, Gabriel"" demands the second son's name immediately following (likely ""and [name]""), or a comma-separated continuation with further descendants with biographical details mirroring Ezra's (""Gabriel Paine"" who continued the line as a Mariner, and William/Thomas etc.).
</br>""""Ezra had two sons: Gabriel"" signals continuation of sibling names.",173
7,7,"Formal civic/local news documentation style follows throughout, with detailed transit authority news articles structured around official announcements and historical commemoration.

Biographical narrative momentum: Douglass Horner's shipwreck involvement is being elaborated, requiring completion of historical details about the USS Arrow disaster, NATO fleet, and Mediterranean exercises in 1975.

Final token ""Spirit"" completes ""the NATO exercise was operating as part of Task Force 2 during Operation Eagle Spirit"" — a proper noun/exercise name and partial sentence demands continuation specifying exercise location, code name extension, or narrative context: ""Eagle Spirit,"" likely followed by exercise details or activity descriptions.
""Horner was aboard U.S. destroyer...operated with NATO fleet in eastern Mediterranean. The sailors were participating in exercise Operation Eagle Spirit""",172
8,7,"Biblical/Scripture dictionary format: numbered entries referencing chapters, verses, and people commentary from Old Testament texts.

The entry is mid-definition/vocabulary-glossary, establishing character relationships (rebuke among priests, Hozar/Lod apply reproof to Jehoiada).

Final token ""son"" ends a clarifying parenthetical revisiting Jehoiada's lineage — the immediate text started ""Hozar, i.e., Jehoiada, priest, son"" — expects continuation naming his father or full genealogical identifier, mirroring the 1 Chronicles reference. ""Hozar is the principal priest. No reasonable musical. — *Hozar was chief priest; Jehoiada, priest, son"" expects completing phrase like ""of Shallum"" already stated, or additional verse citations.",177
9,7,"Encyclopedic/biographical Wikipedia article style, establishing name, nickname, dates, and criminal affiliation for a mob figure. ""American mob associate"" signals factual crime history content.

The sentence structure ""He was a member of the Five Families crime organization in the 1960s and 1970s. He was"" sets up a continuing biographical narrative about connection, events, and fate.

""He was"" opens a new predicate clause, requiring a passive or active verb phrase — most likely death circumstances, killing, or imprisonment, as mob figure biographies typically conclude with violent crime or assassination details. ""Thomas Carl 'Tommy' Batts was a closet insecure and prominent member of the Gambino crime family. He was"" demands an immediate factual statement, likely about indictment, conviction, or murder.",181
10,7,"Archival/historical database catalog entries following consistent formatting patterns for CIA documents and descriptions.

Two separate policy entries are juxtaposed with contrasting assessments of Cambodia regime: the first describes Sihanouk's personal authority; the second pivots to CIA diplomatic reaction to the 1967 coup.

Final token ""Ahmed"" ends an incomplete subordinate clause — ""the CIA expected relatively easier relations under the new government of General Lon Nol Thi Ou Chak Preah K Noiseumath Sirik Matak, now Prime Minister Thanom Kittikachorn"" — continuation likely details projected U.S. policy benefits or caveats regarding new Lon Nol administration.
""The CIA expected a better prospect for U.S. relations...under the new Prime Minister寿光Lang Nol Chanarkham,""
A period or continuation clause about intra-Cambodian politics.",179
11,7,"Encyclopedic/historical register describing a specific city's geographic, demographic, and cultural details about Martuni, Armenian Highlands.

Narrative momentum shifts from modern demographics to ancient origins, building toward archaeological evidence establishing historical settlement chronology.

""Archaeological digs in the nearby cemeteries have shown evidence of man"" — end of an incomplete noun phrase, immediately requiring a noun like ""habitation,"" ""activity,"" or ""presence,"" which then leads to dates or conclusions about ancient human occupation; ""man"" likely starts ""man inhabiting this valley"" or ""evidence predating...""
""paint pottery were found at a local 4th century BC cemetery. These publication sand more archaeological finds show evidence of man"" — awkward phrasing notes an evolution-era or early human presence claim coming next.",175
12,7,"Essay structure pattern: academic coursework with introduction, preconditions list, now entering chronological body paragraphs explaining the Chartist Movement (1838–48).

Causal/explanatory momentum: the Chartist context requires detailing economic hardship factors contributing to the movement — unemployment, industrial unrest in Britain are being established.

Final token ""a series of poor"" is mid-sentence, introducing a noun phrase listing specific hardships or industries — likely ""poor harvests,"" ""harsh winters,"" or ""economical downturns"" completing the causal chain about economic decline.
""During the early 1840s Britain was experiencing an industrial revolution which lead to high levels of unemployment, railway charter construction causing chaos in production. A series of poor"" — a poor harvests/weather/failures sequence continues, likely referencing economic decline preconditions.",182
13,7,"Repetition/continuation pattern: the text has restated the same artifact details multiple times in escalating specificity, now providing a third relevant caption-style description with provenance fields.

Date range completion: ""Tequila Mexico Artifact, Pre-Columbian, A.D. 100 to"" mirrors the exact date range given twice earlier (""100 A.D. to 400 A.D.""), making ""400 AD"" the near-certain continuation.

Final token ""to"" opens a closing date, syntactically requiring a year (e.g., ""400 C.E."") and likely repeating the broader phrasing established in the opening sentence.
""
Item/Artwork Name: Kiuic Bird Vessel / Era and Location: Nayarit, Mexico / Date: from 100 A.D. to""",185
14,7,"Biographical chronology pattern: the profile systematically moves through Beauford's life events, now detailing his 1970s band ""Crystal Relics.""

Christian rock context continuity: each section explains music's role; band details (genre, label ""Hope Records"") establish religious community activity, leading to career progression or regional popularity.

Final token ""toured"": mid-sentence verb beginning a clause about touring activity, immediately requiring a direct object or adverbial phrase, e.g., ""the Southeast,"" ""coast to coast,"" or ""before disbanding.""
""Crystal Relics played Christian rock. Beauford was the lead guitarist and singer. The band also released an album called 'The Grapevine.' The band toured"" — narrative now expects geographic details, venues, or years, describing the group's performance/career history.",185
15,7,"Historical naval vessel biography format, with factual entries about a US Navy submarine carrier's specifications, conversion history, and naming. ""Named for the island of Guam"" signals encyclopedic tone.

Narrative momentum of ship history following chronological progression: launched → conversion completed → assigned to assignment location, implying deployment details or operational history next.

""Based at Rota, Spain"" is an incomplete location/assignment statement, likely requires a period or continuation with date range, duration, or additional stationed details about European Navy operations.
</br>""Converted to a fast attack submarine freighter for 60 SNAP submarines, in 1964. Assigned to NATO Sixth Fleet. Based at Rota, Spain"" — the incomplete clause strongly expects continuation describing operational base, Mediterranean duties or subsequent transfers/relocation.",176
16,7,"Historical narrative momentum: blog-style account connecting Lake District naturalists to geology, moving from 19th century glory through to Darwin's involvement.

The passage is transitioning to explain Darwin's connection to the Lake District via Drunate_DIRT blog article, with implications for his geological significance alongside Buck, Herdman, and Pennant.

Final token ""Darwin"" ends an incomplete clause (""Although not known for his Lake District activities, Paul Grimshaw points out that the time Darwin""), immediately requiring a past-tense verb phrase describing Darwin's own travels, reading, or research time spent in the region.
""Perhaps next to Beagle voyage. Grimshaw suggests however that the time Darwin"" continues to describe Darwin's period in Cambridge or Edinburgh, or his years influenced by Lake District geology.""",174
17,7,"Historical narrative/biographical storytelling about the ""Shotgun Fanatic"" Blumenthal, establishing colorful 19th-century civilian sharpshooting exploits in Maine.

Momentum building toward a turning point — the story has introduced Blumenthal, his pistols, and his dominion; ""For many years he reigned supreme"" signals an expected contrast or crisis approaching.

Final fragment ""He enjoyed virtually uninterrupted success among the tournaments throughout New England. That is"" is an incomplete transitional clause requiring an immediate qualifier or pivot, likely ""Until..."" or a concluding description of his fate/decline.
""Undoubtedly equipped with the sdreDj.Ctaj.i of the South, he drove slowly northward to enjoy his sporting career. He achieved great tournament victories. That is"" begins a new explanatory or contrasting sentence.",178
18,7,"News/wikipedia article style establishing factual context about the 2011 SEA Games in Jakarta, Indonesia.

Specific numerical details listed (421 events, 23 sports) signal ongoing enumeration of facts about the host nation and games venue.

""Indonesia will host 23th of Southeast Asia (SEA) Games... This is the third time Indonesia"" is an incomplete clause mid-sentence requiring completion, almost certainly ""hosted"" the SEA Games (given Indonesia's prior hosting record in 1987 and 2007), followed by a clause about the significance or historical pattern of Indonesia hosting.
""So Jakarta secured right to hosts the SEA Games this year. SEA Games will take place on August 10. This is the third time Indonesia"" demands a fitting verb phrase.",175
19,7,"Travel blog format with tour descriptions, establishing a pattern of distinct historical landmark entries (Knossos, Dublin Castle, Carthage, Roman Aqueduct), each with informational facts.

The Pont du Gard entry follows the consistent structure of architectural/historical facts, statistics, and dates typical throughout the sequence, e.g., ""built using over one million blocks without mortar or cement.""

Final token ""high"" ends a statistics clause mid-entry (""three stories long,"" ""285 metres long with individual arches up to 48 metres high""), expecting continuation of measurements, perspective facts, or closing architectural detail about the stones/load capacity.
""
""
</br>""Facts about the Pont du Gard: built using over one million blocks without mortar or cement. It's two storeys long, covering 285 metres with arches up to 48 metres high""",189
20,7,"Web-scraped or concatenated font text/document fragments about historical biographical references, with inconsistent formatting and unrelated excerpts joined together.

Repetition/continuation pattern: multiple biographical excerpts about ""John Scott"" and scholars named ""John"" appear throughout, mixing incomplete book listings, citations, catalog entries.

Final token ""of"" follows ""scientific journals. volume iv. iv. full text of"" — this is a classic Google Books/archival boilerplate phrase, expecting an immediate continuation like a quotation or book title listing the full text's content reference, likely ""a quotation,"" ""internet archive,"" listing.
""ArrayList datas Science and Technology Drawings - volumes - Google. scientific papers and articles. full text of"" continues a verse archive citation format, with a Google Books placeholder following next.",169
21,7,"Q&A format on architectural/construction project scope management, with a professional response addressing Phases 1-3 of a school project budget challenge.

Narrative momentum toward describing budget-driven scope reduction decisions for ""Futures Academy,"" with specific phase breakdown expected — the response is detailing what was cut or built first.

Final token ""and"" completes a coordinate conjunction mid-list (""limit Phase 1 to only the renovation of the old plantation house and""), requiring an additional noun phrase identifying another building, space, or structure included in Phase 1 — likely ""the new construction wing"" or similar specific building element.
""Due to available funding, we were able to a shovel ready Phase 1 site plan that limited scope to only the renovation of the old plantation house and"" — a specific isolated value-add describing reuse targets for initial construction.",179
22,7,"Historical narrative establishing Church authorities and Inquisition formations, progressing chronologically through key figures (Henry VIII, Roman Inquisition, French Parlement).

List-style educational facts with consistent subject–action structure, covering institutional origins and contexts of the Inquisition.

""In 1487, Pope"" ends mid-sentence, naming a historical actor (Pope) requiring a specific papal name and action describing papal involvement in or reaction to the Inquisition/Hospitalier institution. ""The Spanish Inquisition was far more brutal and efficient than the Templars, using torture all the time. In France, the King created an independent 'Inquisition' court. This forced many Christians to renounce their professions. In 1487, Pope"" — likely continuing with papal decree or approval.

Expected:",174
23,7,"Military memorial funeral mission announcement format — structured, action-oriented language targeting veteran support group members attending sendoffs.

Event details complete; logistics (time/location, burial plot) listed for Colorado Veterans mission #8258 for Marine PO3 Thomas Voyles.

Final fragment ""Members may attend any part of a mission"" signals a note/instruction mid-clause, likely continuing with something like ""on 'the mission wall'"" or naming similar past/future missions — phrase convention established by this organization.
""POPS PARTICIPANTS - PAPS"" introduces a header or role list. ""Members can attend any part of a mission"" suggests military operation analogy framing continues, completing the sentence with a noun phrase referencing the memorial event or physical task.

""Members can always attend part of a mission"" uses ""a mission"" as generic placeholder.",181
24,7,"Biographical/political essay structure: profile of Robert Taft establishing character before a pivot, mid-sentence setup signals ""but"" reversal narrative.

The 1878 Election defeat is being framed as a dramatic career setback for Taft, establishing stakes before a likely resurgence or continued Constitutional advocacy despite adversity.

Final fragment ""In the face of this personal and"" opens a compound adjective phrase, immediately requiring a parallel noun (e.g., ""political setback"") completing the construction ""In the midst of this personal and [professional/political] defeat/failure/comeback""; ""While struggling to maintain...failed"" lists hardships; ""Yet, in the face of this personal and"" begins the climactic resilience section, demanding continuation of the compound predicate describing his compounded losses or consequences.",169
25,7,"Biographical/journalistic essay building an argument about decision-making elites, using Galbraith's quote to establish the destructive ""inner circle"" concept. The essay will apply this to a specific notable figure.

The sharp pivot (""Thirty years later"") signals a parallel or contrast now being drawn — Anthoney Kennedy introduced as embodying or extending Galbraith's critique of that exclusionary circle.

Final token ""that"" refers back to the quoted ""circle""/""room""/backyard — ""Kennedy was one person who was in that [circle]"" or similar construction completing the callback phrase ""Galbraith quoted Eisenhower standing in that circle. / / But the journalist and author Anthony Kennedy was also one of the people in that...""
The clause opens with a callback, demanding ""circle"" or an ironic elaboration of them selves as insular elite—""room.""",185
26,7,"Irish geographical/historical entry describing a local parish site with ruins and landmarks. Encyclopedic tone with specific place names like ""Donegore,"" ""County Dublin,"" ""beenore.""

The passage is building a descriptive account of a landscape route/walk along the coast, detailing features of Claughton's Castle — implying a mention of the sea/cliffside view or nearby coastal road context.

Final fragment ""a stone mound on steep ground by a ruined house by the"" is mid-prepositional phrase, requiring a specific geographical feature immediately following — most likely ""sea,"" ""River Daw,"" or a named coastal road/village like ""Ilka Bay.""
""two Saints which are on an ancient burial mound at Claughtons Castle, on a steep cliff by the""
— coastal location or road/sea, completing the boundary description of this Donegal foothills parish.",190
27,7,"Historical genealogical record following British royal charter format, with formal legal/royal language increasing in archaisms.

The document is transcribing an official excerpt from King Charles II's name-changing license, granting the Hatton family permission to adopt ""Taft"" as surname.

Final token ""Authority"" ends an incomplete formal royal charter clause (""read the Royal Licence, having seen and considered the Letter... his said Majesty hath thereby given his Royal Licence and Authority""), which immediately requires continuation such as ""to change"" or ""by these Presents"" — standard legal warrant language completing the commission's official declaration of acts authorized. ""Wherefore for the Love... WHEREUPON (or TO THIS END) the said King... hath given from this his Grace, His Royal Licence and Authority"" as the formula's conclusion.",176
28,7,"Blog/article format signals a humanities-focused post about Mendelssohn, blending historical narrative with personal reflection on Jewish heritage and music.

The text transitions from Mendelssohn biographical content into an emotional argument connecting music to historical tragedy, suggesting continuation with more thematic elaboration about Jewish identity and cultural courage.

Final token ""Jewish World"" appears to be a publication/source attribution following ""See full article at – Jewish World,"" expecting an immediate continuation like ""Review,"" ""Tour,"" or ""online"" to complete the publication name. ""Jewish World"" is a truncated proper noun title of an outlet/organization.
</br>""By bess connolly – Jewish World"" begins a byline attribution, requiring completion of the publication name or reference source like a website (""Jewish news.com"").",171
29,7,"Historical caption format establishes factual, encyclopedic tone with specific dates, names, and vessel registrations.

The sentence structure is building toward describing USS Bruno's notable historical action — ""the USS Bruno (AKA-38), which sank the German U-boat U-122 on"" promises a specific date or event location (likely late WWII Atlantic patrol).

Final token ""on"" is a temporal/locational preposition beginning a date or date-range phrase, requiring an immediate specific date (e.g., ""May 24,..."" or ""June 1, 1942"").
""This image shows""...Bruno ""...of its only US Navy.So, so ..., which had...destroying, which sunk the German U-boat U-122 on""

—",177
30,7,"Encyclopedia/Britannica article structure signals factual, concise descriptive content organized by chronological archaeology categories about Iroquois peoples.

The text follows a pattern of describing cultural features (pottery, architecture, tools) before moving to material/archaeological evidence context.

Final token ""New York"" opens a geographic reference mid-sentence (""Archaeological sites of the Middle Woodland period in New York""), requiring continuation with specific site names, locations, or a broader regional reference like ""and New Jersey"" or ""state.""
""
Later pottery types reflect intertribal influences more strongly. Excavated Middle Woodland sites in New York"" sets up continuation describing geographic/experimental findings, most likely referencing New York's Iroquois lake regions or specific valleys.

Iroquoian homeland context predicts focus on Northeastern geography.",182
31,7,"Educational/expository style establishing a sequence of contrasting events about Nazi Germany, with simple sentence constructions (""It was peaceful but then..."").

Chronological narrative momentum listing sequential broadcast/media interruptions, implying more disruptive events follow the initial ""peaceful"" framing.

Final fragment ""it was interrupted by the Nazi March and then a TV show was on ABC and then it was"" is mid-sentence, splitting into a repetitive causal clause requiring completion—likely ""cut off,"" ""interrupted again,"" or a repeated phrase elaborating the ""cut off at this"" meaning.
</br>""was interrupted by the Nazi March was threatening. A TV show was a people watching Montgomery Ward, but then it was"" — echoing the repeated phrasing pattern.

<explanation>

The garbled sentence structure ""TV show was shown on ABC and then it was"" mirrors earlier subject-and-predicate construction, predicting a concluding passive verb phrase.",196
32,7,"Film study/blog post format with personal reflection, establishing thematic analysis of LGBTQ+ cinema history (1981 film, Willard's, dance liberation).

Narrative momentum toward an argument comparing Willard's liberating arts against deadly industrial oppression; the Triangle Shirtwaist Factory incident is building toward a contrasting conclusion about tragedy.

Final token ""doors"" ends mid-sentence in a present-tense screen recap (""students watching in horror as they realize that the workers quickly discover that the doors""), requiring immediate continuation about locked/exited blocked exits — the historic detail about doors being locked shut preventing escape during the fire. ""Nothing every quite compares to sitting with Willard...much less the Triangle Shirtwaist Factory, Tragically, the audience hears the cries of the workers only after they discover that the doors"" — locked exits and fire escape failure.

.",181
33,7,"Personal essay/memoir tone established with nostalgic first-person voice about Florida winters and leisure.

The author is contrasting seasonal expectation of leisure activity with actual daily behavior, building toward a specific account of summer visits on Paradise Island.

Final fragment ""But during some recent visits, I have spent many of"" sets up a contrast/elaboration about vacation daily activities while physically on the boat or island; ""of"" demands a noun phrase specifying time periods or days, likely ""the afternoons"" or ""those days,"" continuing the enumeration of Paradise Island memories.
""my wife and I typically spend eight weeks each winter enjoying everything from lounging around the beach to pampering our longtime friends. But during my recent stays, I have spent many of"" — specifying particular activities or periods during some weeks.",172
34,7,"Archival/descriptive register establishing a formal nonprofit collection description, expecting institutional factual language throughout.

The phrase ""dedicated entirely to being a source of historical footage that once aired on Detroit-area television stations primarily focusing on material related to"" sets up a strong semantic expectation about the subject matter of the footage — likely a Detroit-related media history or home video collection.

Final token ""related to"" is a prepositional phrase opener mid-clause, demanding a noun phrase referencing Detroit, media history, or neighborhood landmarks.
""ArchIVEDetroit's History Made public television is Document Detroit Home Video Project
A collection unofficially assembled by Detroit Media Center staff containing hundreds of home movies donated by institutions in the Detroit area documenting topics related to"" — the title signals home video history.
The project concerns TV/media history, reinforcing this

<explanation>",182
35,7,"Academic/biographical register: formal institutional event description listing credentials, publications, and affiliations of historian James Billington.

Incomplete list of contributions: sentence enumerates Billington's scholarly roles (""CAMAC chair""), publications (""two very popular books""), teaching — the pattern expects concluding appearances in media/public forums or journals.

Final token ""to"" ends a prepositional phrase (""a regular contributor to""), requiring the names of specific publications, outlets, or works (e.g., *The Atlantic*, *New York Review of Books*), followed by further descriptions of what he writes about.
</br>""Billington is the preeminent intellectual historian of Southern development, an expert on the Civil War era, and an award-winning educator. His books include three widely used college textbooks and numerous other works, and he is a frequent contributor to""",181
36,7,"List/enumeration context: three named stories introduced (""It's Time to Dance,"" Rosalie Cook, Dave Beck's testimony), now shifting to institutional/mission description.

Ongoing organizational mission statement about radio archive accessibility: ""making these rich and meaningful stories the first out-of-sequence episodes of the long-form interview series"" sets up broader public-facing goals.

Final phrase ""to begin making these indigenous history oral records more accessible to the public with"" ends mid-prepositional phrase, demanding continuation about specific methods, accessibility formats, or audience features (e.g., ""audio captions,"" ""transcripts,"" or a concluding clause like ""stories they can hear and share"").
</br>""continue sharing on the podcast. These 3 oral history episodes are an initiative to take a step in sharing our rich local oral history archives with the community, a first step in making these recorded histories more accessible to the public with""",196
37,7,"Historical automotive narrative tone, referencing specific vehicles (1969 Dodge Challenger R/T, Shelby Daytona) expects facts and performance figures.

The sentence is building toward a significant racing achievement or landmark location; ""set an official world record speed lap at the legendary"" demands a famous racing venue name immediately following.

""the legendary"" is a superlative determiner mid-sentence requiring a specific proper noun — likely a famous race circuit or track (e.g., ""Alfa Straße"" or ""Nürburgring"" or ""Le Mans""). ""Mopar's engineering prowess: the Shelby Daytona Coupe.""
""
In a testament to…"" they achieved this feat, such as an impressive lap record was set at the legendary

The continuation signals a named iconic racing location/circuit.",171
38,7,"Event announcement/listing format: details about day, activities, and historical presentations at Las Olas Beach, 1886 theme.

Three-part parallel structure: ""Re-enactors from The Civil War Adventures will share highlights of the Battle of Fort Brown; from the Modern Military Commando, highlights of the Squadron and founders,"" signals a third parallel item about a third group/topic, likely local history or Miami culture.

Final token ""and"" continues the conjunction mid-list (""Three presentations:...replayed by volunteers including; presentations from Civil War re-enactors on the history of the Battle of Fort Brown; from the US Cavalry about their adventures at the fort; and""), requiring a third parallel presentation source, likely ""from Florida immigrants expressing challenges of past times,"" completing the Miami/local history connection referenced in the opening.",176
39,7,"Dictionary/encyclopedic entry format established, providing biographical facts about saintly medieval Holy Roman queens in formal, condensed style.

Chronological narrative momentum: the entry traces her life arc (ruler → defeated → widow → religious retreat), now completing it.

Final phrase ""in old age she retired to a"" is mid-sentence, demanding completion with a specific religious institution, almost certainly ""monastery"" or ""convent"" in Pavia or Milan — standard hagiographic closing for queen saint.
""
</br>Mostarda... queen, <br>...ruled with ability and influenced the after a military defeat in 1090 she retired to Italy, where she died eight years later. In her later years Bertha retired to a"" — likely a religious house or patronage/monastic order near Florence, consistent with 11th-century reform monasticism.",194
40,7,"Local newspaper commemorative journalism pattern (bylined piece ""Steve and Sharon Kachel""), balancing historical facts with civic reflection on Veterans' Day and Armistice Day.

Narrative momentum building toward explaining the significance of Nov. 11, having catalogued American and world events; text now pivots to Memorial Day or a contrasting observation about the anniversary.

""November 11th is not"" opens a negation or qualification clause — likely correcting a misconception or broadening the scope, e.g., ""not just a battlefield anniversary"" or ""not the first time loss claimed...""
""
""
""
""November 11 is not"" is mid-sentence requiring completion, most likely asserting its rarity, solemnity, or connection to Timothy or current wars — a sharp pivot sentence summarizing the article's personal or regional angle.",182
41,7,"Encyclopedic/catalogue tone describing historical Catalan pottery, maintaining formal descriptive register throughout about glazed tiles, pig-pen motifs, and regional使用前.

Narrative momentum building toward historical/geographic attribution: the text has introduced Roman Spain origins, domestic uses, and Isidore De Rampolla's classification, now completing the argument about Catalan manufacturing provenance.

Final phrase ""closer to the"" sets up a geographic or workshop-specific reference, likely naming a Catalan ceramic centre or period kiln tradition (e.g., ""Valencian kilns"" or ""Barcelona late XVI century type""). ""Although this kind of large pig's head, so characteristic, can have had permanent manufacture in inland artisan workshops, its stylistic references clearly incline it closer to the"" — expected: local kiln/production site name, pottery tradition or material context.",183
42,7,"Proceedings/news report style (Japan Times architecture piece) describing Tokyo Station's historical reconstruction, guiding sequential architectural detail coverage.

The text is systematically describing multiple architectural features of the rebuilt Tokyo Station, moving from historical exterior to interior hall to exterior elements, continuing enumeration of design specifics.

Final token ""roofs"" ends a descriptive clause (""Two allegedly French-style towers with red roofs""), immediately expecting continuation of visual/architectural description — trailing detail about roof type, additional exterior features, or a completing prepositional phrase like ""or copper roofs"" or location descriptors.
""The renovated building also includes two prominent clock towers with French-style towers featuring Swiss-style western design. Behind the key building are two corner towers with red roofs""

Next token likely completes with punctuation or contrasts with copper/dome material.",172
43,7,"Newspaper article style (1934 dateline) with bureaucratic/institutional tone covering relief workers at embassies and federal architecture policy.

The article follows a structured alternating-perspective format: SWBP official quote about investigation plan given first, then Oliver G. Lionel's statement elaborating what Congress authorized.

Final fragment ""says that details have not yet been worked out"" opens Lionel's reported-speech clause, immediately expecting continuation specifying what remains unresolved — e.g., ""regarding how and when representatives will be sent"" or a similar procedural caveat. ""Lionel says that as yet details have not been worked out"" sets up a contrast or qualification, likely followed by ""but"" or ""however,"" plus next anticipated steps or rough plans for the inspection mechanism just described.
The logistics of sending workers.",178
44,7,"Academic/expository prose establishing historical roots of tourism, requiring factual, formal continuation after the introductory claim.

The sentence structure presents a list of historical examples supporting the thesis about travelers ""noting"" impressions; the rhetorical pattern needs closure, likely ""all illustrate/show/preceded modern tourism.""

Final token ""century"" ends the last list item (""the voyages of Marco Polo in the 13th century""), a comma-separated series of three examples (""the exploits of Colonel Drake... I城池s European overseas voyages, and the explorer Sir Henry Morton Stanley's African travels in the 19th century"") that expects a concluding main clause like ""all are early examples"" or ""show that tourism has long existed,"" connecting historical figures back to modern tourism's rise.
</clear_overview",171
45,7,"Continuation of an English village church-hopping blog/travelogue cataloguing architectural and local features across multiple churches, informal yet informative tone throughout.

List-style documentation pattern: each entry covers specific church features — stone, wood carving, stained glass — now shifting to Great Wishford church details.

Final tokens ""carvings on the pulpit and"" introduce a continuation of architectural interior elements, mid-list conjunction demands additional carved features or fittings (e.g., ""box pews,"" ""ceiling,"" ""font,"" ""gallery"").
""
""
""A mid Stuart church with nice carved wood with some ancestors in place, look out for the wood carvings on the pulpit and"" — expects interior features like ornamental architecture, panelling, or seating descriptions.
""The interior had some interesting carved wood on the pulpit and""",181
46,7,"Biographical/historical narrative momentum: detailed account of the single-armed seventh dan master Shinkichi Okabe, building toward personal legacy or motivations.

The story of Okuba-sensei's wartime survival is being connected to his later life character or deeds, likely explaining his philanthropy, teaching dedication, or international promotion of Aikido — a cross-cultural immigrant narrative now emerging.

Final token ""motivated him"" opens a causal clause demanding completion, e.g., ""to do X"" or ""to dedicate his life to Y,"" most likely describing his support for Aikido foundations, scholarship programs, or children he knew in America.
""Mr. Okamoto lived through the horrors of WWII. This experience motivated him"" — a gratitude-inspired action or lifelong mission reference, almost certainly author's personal tribute about Mr. Okamoto's later generous contributions.",185
47,7,"Travel guide/tour itinerary format with UK historic landmarks and UK destinations, listing places in itinerary sequence with abbreviated descriptions of each stop.

Pattern of ""journey/hop to [destination]"" followed by description of main landmark/activity there; each stop features famous castles, palaces, or heritage sites (Edinburgh, Windsor, Leeds Castle).

Final token ""Canterbury"" begins a new destination entry mid-sentence (""Head to Canterbury""), immediately requiring a landmark description — almost certainly Canterbury Cathedral or similar medieval/heritage site completing the southern England route.
""Once you have marvelled at the grandeur of Winchester, then a short visit to the Benacre Farm nature reserve. Then head to Canterbury"" follows this chained geographic progression — heading toward another major English city/cathedral (likely Canterbury, London or Dover, cathedral next)",180
48,7,"Government/military institutional document genre (AES, Air Force History Program), using formal bureaucratic prose establishing strategic scope and mandates.

Narrative momentum: strategic vision document for Air Force History Program, transitioning from broad historical philosophy to concrete programmatic direction; a list of goals or organizational directives is expected next.

Final token ""directs the"" is mid-sentence, completing a thematic statement (""provide concentrated direction to solve known challenges; this vision defines the future program strategic goals and directs the""), requiring a noun phrase specifying who or what efforts/initiatives these goals direct — likely ""future work,"" ""staff priorities,"" or an enumerated ""office-level"" implementation framework.
</br>
""Three priorities will be the foundation to build and implement the future program. These provide a broad strategy to meet the challenges of the future and direct the""",179
49,7,"Heritage/genealogy newsletter style presenting factual surname origins with place name etymology for ""Ashbourne family of Wightwick.""

Narrative momentum: the text has introduced Wightwick village origins and is building a case linking the name to Anglo-Saxon ""Ashwood,"" with historical and linguistic evidence now expected to continue.

""Indeed the village"" opens a declarative continuation mid-sentence, requiring immediate factual completion about the village itself — likely its physical remnants, maps, current status, or historical significance validating the Ashburg connection.
""Indeed the name Ashbury in Staffordshire is a Tudor era recording of an Anglo Saxon name meaning 'ash wood'. Indeed the village"" demands continuation describing, for example, its manor, layout, or nearest feature — ""is situated within...""",172
50,7,"Encyclopedic/historical register describing ancient Byzantine city Cyzicus (Anemurium), with factual citations throughout, expects continued archaeological and geographical detail.

Narrative momentum building toward completing the description of remaining physical ruins and port infrastructure evidence in Anemurium, given the monks' visit context.

""Parts of the acropolis and part of"" is an incomplete noun phrase mid-sentence (""Today the Greek port is again being used as a bay. Traces of the acropolis and part of""), requiring a specific urban feature like the old city walls, Roman road, or harbor ruins next. ""Most of the remains of the Greek city are near modern Makyova Bay in southern Turkey. The city port was vital for travel, and traces of the fortress and part of"" demands continuation listing port, aqueduct, theater, or city walls.",186
51,7,"News/feature writing establishing a connection between a football club legend and military personnel, setting up a human interest story about two soldiers linked to Arsenal.

The sentence structure ""Another schoolfriend, Private Ashley Walker, was a young soldier who lost his eye when he served in Afghanistan in"" demands a year or date (e.g., ""2012"" or ""2013"") to complete the time reference.

Final token ""in"" opens a temporal/circumstantial clause; ""now lives at Eltham Green"" and ""served in the Army and lost his eye serving in Afghanistan in"" creates immediate expectation for a date, then likely a sympathetic follow-up about his injury and recovery or a charity connection back to the rugby memorial theme. His connection to Danny Clay's serious injury.",173
52,7,"Event announcement style: formal yet warm community invite, establishing details for a Library Board appreciation gathering.

The phrase ""Delicious appetizers and hors d'oeuvres will be provided by the Historical Society, but"" sets up a contrast/contradiction, implying attendees must bring something or contribute in another way — most likely ""your own wine/alcohol"" or a dress code note.

Final token ""but"" is a coordinating conjunction mid-sentence, demanding an immediate contrastive clause explaining what attendees need to bring or do despite the hosted refreshments. ""but"" follows the provided menu free clause, creating strong expectation for a qualification like ""please BYOB"" or invitation to bring additional items.
""The party will be spot ona November 13...The Historical Society will provide appetizers and drinks, but""",176
53,7,"Bulletin/newsletter format for Geelong Historical Society, listing upcoming AGM event details and member presentations with dates and descriptions.

Structured event listing continuing: the Lise Stevens presentation about Carrington Library photographs includes venue, date, time, and opening invitation — a complete community entry signal.

Final fragment ""PS: If you"" begins a postscript conditional clause, requiring completion of a tip or instruction directed at attendees, most likely referencing booking, accessibility, or enthusiasm (e.g., ""If you are a Heritage Society member who enjoys..."" or ""If you'd like to see slides..."").
""Here reviews historical archives inside the library... and talks about historic window views.

""PS: If you"" signals a direct address to the audience, almost certainly completing with relevance to attending the meeting or some logistical warning.",175
54,7,"Historical narrative/journal style with military Civil War context, established by formal first-person tone and regimental movement orders (""General Bragg at Lynchburg"").

Continuation of a formal military report or historical account, expecting positional and tactical descriptions of troop dispositions during the Wilderness or similar campaign in Virginia.

""our right, although thin, were strongly entrenched"" sets up a defensive position report; next tokens expected to describe entrenchments,-extension details (left flank, center), or enemy positions. ""The First Division occupied the extreme right, strongly entrenched"" continues with tactical/geographic detail about the line — likely followed by details on entrenchment depth, terrain features, or ongoing fighting actions.
""following? The First Division was on our right, strongly entrenched"" is a complete setup requiring defensive geography or progress description.\",176
55,7,"Historical archaeological document describing ancient Iranian sites, using formal descriptive register with named landmarks like ""Amebi,"" using structured enumeration of ruins.

The text follows an enumeration pattern describing surviving structures/features at the site, providing historical and descriptive details about each ruin.

Final clause ""a old brick building, but of it only a vaulted roof of the church has"" sets up a completion phrase — expects something like ""survived/remained,"" followed by further description of what little remains.
""Another building situated in the middle of the village is almost demolished and from it only a vaulted ceiling of the arch has"" — grammatical structure requires a verb of survival/preservation (""survived,"" ""remained"") immediately next, completing the partial description of dilapidated remains. ""Only a part of"" caveats the devastation.",179
56,7,"Transport/rail photography blog/slideshow format with short captioned entries about various trains, locomotives, and rail events across multiple countries and dates.

Each entry follows a loose caption pattern: specific train event, location, date/type detail, often with commentary. Next entry continues this established structure.

""The Norwegian built EL"" is the beginning of a new entry mid-phrase, requiring continuation of a railway company, locomotive type, or rolling stock designation name — likely an acronym or proper noun related to global logistics or electric locomotive/class (e.g., ""ELM,"" ""Electric Locomotive"").
""EL"" signals an incomplete proper noun or technical designation.
""An ageing but still vigorous Norwegian-built EL"" introduces a specific vessel, train, or rail system from an unexpected operator/era, establishing geographic/technical contrast.",180
57,7,"Catalogue/database entries for historical photographs, each describing a person or group with biographical and caption metadata in consistent archival format.

Narrative pattern of sequential photo descriptions, each introducing a new image with setting, subjects, and actions — the third entry begins a group portrait description.

Final token ""to"" opens a prepositional phrase mid-sentence: ""Women Stand Together Facing Camera formal black and white photograph. Three young women stand. They face to"" — next tokens must complete a directional orientation, most likely ""the viewer,"" ""the right,"" or ""the left "" describing subjects' stance.
""Stand together in a line. They face to"" demands an immediate spatial/physical direction completing their grouped pose description.
""
They standing in a row and face to"" — likely a grammatical/punctuation continuation error continues.",180
58,7,"Tour introduction establishing Scottish civic history and Commonwealth role as context, expecting continuation into Glasgow-specific engagement.

Rhetorical pattern of ""what was lost/was"" signals upcoming contrast or redemptive argument about reclaiming Scottish civic heritage.

Final phrase ""take a walk around a few specific sites in the city centre"" is mid-sentence and incomplete — next tokens will specify locations/landmarks or describe the route, likely continuing with ""and..."" details such as Glasgow Uni, Waterloo Place, or及周边 buildings. ""In this talk I'll take you on an informal walk around a number of historic sites in the city centre"" grammatically and logically demands continuation elaborating scope, area description, or route — ""the financial district"" or similar geographic landmark completing ""city centre.""
</br",169
59,7,"Historical photo caption collection about WWII operations, primarily New Guinea 1942, with consistent caption format describing military scenes and troop movements.

Narrative momentum of wartime aerial combat sequence: text describes a grenade-struck Japanese plane mid-flight, lunging toward sea, being shot down — building toward ship deck impact description.

Final fragment ""dives crashing into sea, on course for ship, finally hits ship and disappears on flaming crash in"" requires completion — likely ""the water"" or ""near the ship/water."" ""Shooting at a Japanese aircraft flying over the sea. It turns suddenly, catches fire and lunges into the sea, hits a cliff and crashes as a flaming wreck crashing down in"" — a location phrase describing where wreckage lands, possibly ocean/water.",168
60,7,"Tourism/historical site promotional format with parallel event listings — each attraction gets brief description followed by details and admission info for multiple seasonal offerings.

The pattern of three seasonal programs is nearly complete: summer tours, Winter Lights tour, and now the December First ladies' Christmas traditions program — the final entry needs its details completed.

Final token ""history and"" closes a compound noun (""a guided tour of First Lady interpretations of Christmas...Attend this festive, intimate holiday program, a history and""), requiring a second noun completing the phrase, likely ""decor,"" ""holiday spirit,"" or ""immersive experience.""
""Decor steps through Colonial-era Christmas traditions. Attend this intimate guided holiday tour, a history and [holiday/decor-themed] program.""
""history and"" demands a paired descriptor continuing the season's thematic label.
Established advertising copy register maintained throughout.",184
61,7,"Conspiratorial right-wing political blog format with fragmented posts, headers, and meme-sharing rhetoric promoting anti-Biden, anti-QAnon narrative.

Historical irony/accusation being built: the QAnon name sharing with fascist SS Youth League (Hitlerjugend) is being flagged as damning evidence against QAnon's identity or intentions.

Final token ""How"" begins a rhetorical question or ironic observation continuing the sentence ""The flag of QAnon...has the same initials as the Hitlerjugend...Germany's 'Hitler Youth League.' How"" — expects a clause like ""did California Democrats miss this?"" or ""coincidence, or ironic irony?""
</br>""
""Their Historical logo QJ is nearly identical to Hitler youth League 'jod. QJ'. How"" continues the ironic argument about historical connection.",183
62,7,"Book/event announcement format for former Swedish royals, establishing a formal invitation listing social historical details, sculptor connections, and guest biography.

The sentence describes David McCallum CBE, a retired cameraman, linked to film crews seen filming royal walks — narrative builds toward introducing his memoir title ""On the Job: A Cameraman's Memoir, Not an Ordinary..."" requiring its completing subtitle or descriptor (e.g., ""Job,"" ""Conviction,"" or similar).

Final token ""Ordinary"" is mid-title, part of a published book name ""Raised on Foot not Backs – David, Not an Ordinary"" — immediately requires the concluding word of the subtitle to complete the book title.
</br>""New Book – Raised on Legs: Life from Behind the Lens - No Ordinary Job...",171
63,7,"Blog post travel narrative with casual, enthusiastic tone (""down to earth America,"" ""super cute little venue"") established throughout. Geographic/descriptive continuation about rural Oregon locale expected.

Location introduction momentum: Monday's stop covered the restaurant; now expanding outward to describe retreat geography and surroundings of Ontario, Oregon.

Final fragment ""Ontario, Oregon is a small town in Eastern Oregon, only a few"" sets up a distance/directionality phrase requiring a geographic reference or landmark (e.g., ""miles from the Columbia River,"" ""hours outside of the nearest city"").
</br>""a couple weekends ago we visited Montreal Salon in Ontario, Oregon.
Ontario is a small rural town in the middle of Oregon, only a few"" — mid-sentence numeric continuation describing relative geography expected.",171
0,8,"Biographical narrative aboutJohn Awdry, Welsh artist, establishing facts about his isolated, self-contained life in Snowdonia.

The sentence contrasts Awdry's home-restricted reputation with his emotional attachment to it, building toward a quoted explanation or resignation about why he chose isolation over wider travel.

Final fragment ""he said that he would have enjoyed more travel but that it would"" sets up a constraint/reason clause mid-sentence, requiring completion explaining why travel was incompatible with something fundamental — likely ""have meant losing himself"" or ""have compromised his artistic identity/lifestyle.
""
He has always bemoaned the fact that he was rarely seen outside Wales, despite the possibility of greater fame – but has said it is because he stayed put. He declared he would have moved holidaying abroad - but said it would""",179
1,8,"Historical narrative about Holocaust photography, establishing emotional and factual context — ""innocent teenager,"" ""Jewish school campus in Jerusalem"" signals a tragic elegy structure.

Biographical details being built up about Sara Baruch across time: now zoomed into 1936, introducing her identity, school, and probable fate, driving toward her story.

Final clause ""where she studied at the Tzemach David Jewish primary school, where she"" is a relative clause mid-construction requiring an action or descriptive detail about her companions, interests, teachers, or classmates — continuing the biographical elaboration about her school life or social connections in Jerusalem.
""The 1936 class photo showed Sara Baruch, a Jewish girl on a campus in Jerusalem. She studied at the Tzemach David School in Tel-Beit, where she""",185
2,8,"Historical/descriptive prose about Revolutionary War barrack architecture, establishing educational tour-context with museum exhibits.

The sentence structure ""Despite the lack of professional builders, most..."" signals a contrast pivot, implying the huts met or exceeded expectations in quality or consistency.

""most"" ends an incomplete quantifier clause, requiring a noun phrase describing the majority of the huts — their appearance, quality, or arrangement (""most of the huts were completed on time,"" ""most looked like decent-sized cabins"").
""The famous Contee line\"" provides a specific historical detail, stepping back to describe general construction quality. ""General Washington called the huts 'cabins' and gave strict guidelines for their construction. Following Washington's instructions, most""
Although The level of detail in the name suggests a conclusion about remarkable outcomes despite constraints implies a continuation describing their historical results.",185
3,8,"Historical/academic blog post about surgical history, maintaining formal British English register with detailed chronological facts about 19th-century bacterial theory and surgical pioneers.

Narrative momentum telling the story of the first ether demonstration at Massachusetts General Hospital (1846), with Dr. Warren's approval climaxing toward a celebrated historical quote or phrase.

Final clause ""the result was triumphant pain relief – he is said to have remarked 'It is a good thing!', thus giving"" is mid-sentence requiring completion, likely a famous expression, idiom, or title attribution (e.g., ""rise to the phrase 'it is good thing'"") or noting Warren's imprimatur on ether's future.
""upon achieving a successful anaesthetised operation, Dr Warren famously confirmed the operation gave his approval, thus giving""",177
4,8,"Museum/gallery educational prose about Holocaust art and Nazi atrocities, requiring historically precise, factual continuation.

The sentence introduces a specific survivor, trackmaker, and event chain — ""many hundreds of paintings were found abandoned in the bunkers when Auschwitz-Birkenau was"" sets up a historical circumstance explaining the paintings' recovery.

Final token ""was"" is part of a passive construction mid-clause (""left behind… were found abandoned in the rubble of the crematorium when Auschwitz-Birkenau was""), immediately requiring a past-tense verb completing the historical event, most likely ""liberated by Soviet troops"" or ""approached by the advancing Soviet army.""

<br>""
Discovery context demands Soviet army arrival, the famous Jewish Museum account of liberation chaos. A brief dramatic historical moment requires its conclusion.",169
5,8,"Historical narrative momentum: an academic/descriptive 19th-century geography passage detailing Cherokee territorial movements and river trade conflicts.

Repetition pattern: parallel geographic references to ""Ohio, Tennessee and Cumberland rivers"" have appeared in prior sentences, establishing a formulaic throughline.

Final token context: mid-sentence list (""between the Ohio, Tennessee and Cumberland"") is incomplete — a geographic noun phrase requires closure, likely naming ""River"" to complete ""Cumberland,"" then continuing to describe a region, settlement, or environmental/strategic claim.
""Long before the French surrendered the Mississippi rights, the Cherokee were intent on establishing a great nation stretching between the Tennessee, Ohio and Cumberland"" — this mirrors the exact rivers from sentence one, expecting a third river name completion.",167
6,8,"Genealogical/historical records style, providing specific dates, locations, and sourcing (e.g., ""Peaceables Concord. Vol. VI, p. 16"").

The text is building a family lineage narrative about Esek Hawley's early life, now transitioning to listing his children.

""Two sons, Gabriel"" begins an enumeration of children requiring a second son's name and likely additional family branches or biographical details to follow. ""Two Sons, namely – Gabriel"" sets up an explicit list; another name (possibly ""John"" or similar period-appropriate name) and possibly biographical notes about Gabriel are immediately expected. ""settled at Hingham, Mass. 1639. He left two sons, namely – Gabriel""
Esek Hawley left two sons whose names and lineages would be stated.",178
7,8,"Ongoing biographical narrative of veteran Nelson, detailing his WWII and Vietnam naval service, now concluding a specific Vietnam-era incident.

The text describes a formal anniversary memorial ceremony, following a structured VFW chapter announcement style, blending local event details with historical military records.

Final token ""Spirit"" ends an incomplete proper noun (""Operation Eagle Spirit""), part of a sentence explaining NATO exercises; next token(s) will complete the exercise name or add context like ""and"" or a comma/clause describing the exercise's location or event details. ""Nelson was aboard a USS Edmond that flew under NATO colors mid-ocean. He was part of a 90 ship NATO fleet. The warship was taking part in the Mediterranean and exercising with a 90 ship NATO fleet in northern Europe during Operation Eagle Spirit""",174
8,8,"Biblical concordance/lexicon entry format, with structured cross-references and commentary defining proper nouns in scripture context.

The entry explains ""Heshabadden"" with verse context and commentary, establishing a pattern of name → verse quote → descriptive explanation about identity and role.

Final token ""son"" elaborates the parenthetical clarification of Jehoiada's lineage/identity: ""Jehoiada; priest, son"" expects immediate continuation of his father's name or official detail, e.g., ""of Shemaiah.""
""He answered...with Jehoiada: Nehemiah 7:4. Jehoiada, Levitical priest, son"" mirrors the earlier ""son of Shemaiah, chief"" — compact editorial restatement continuing.
""Jehoiada, Levite, son"" — incomplete descriptor requiring next token completing lineage or title.",189
9,8,"Wikipedia biography format signals standard crime syndicate member profile with factual, encyclopedic facts continuing in sequence.

The sentence structure establishes a mob figure's identity and context (DeCavalcante family, hierarchy as ""understudied official,"" New York City), creating momentum toward career details, criminal activities, and ultimate fate.

""He was a member of the DeCavalcante crime family in the 1960s and 1970s. He was"" — this repeated ""He was"" sets up an immediate factual predicate, almost certainly about his arrest, murder, or known fate (killed in specific incident).
</br>""Notorious American mobster of Italian origin and was a hitman for the DeCavalcante crime family. He was involved in the Garberville incident. He was"" demands a specific outcome word like ""shot"" or ""convicted.""",198
10,8,"Archival/records reference style: formal historical document cataloguing U.S. embassy cables about Laos politics, with dates and institutional actors.

Narrative momentum: two documents are being summarized sequentially; the first covered Souvanna Phouma, the second (September 1971) now details coup aftermath and favorable outlook under General Ngo Dinh Thu.

Final token ""Ahmed"" ends a proper noun mid-clause (""more favorable government in dealing with the United States under General Nguyen Khoa Vbout Mangουν Nate Souvanna Phouma counterpart General Lon Nol Souvannavath Mahath Ahmed""), with immediate expectation of punctuation or further assessment clause explaining anticipated relationship changes, new regime name, or optimistic projections.
""State Department expected a more workable U.S. relationship under Premier Sirikit Mahendra Ashok Ahmed.""",179
11,8,"Historical/encyclopedic register documenting Nagorno-Karabakh towns, establishing Armenian cultural and demographic facts.

The passage is building a historical timeline of Vorotan village (incorporating three earlier settlements), pivoting from modern demographics to ancient significance with ""archaeological dig sites containing pitsdating back to the Bronze and Iron Ages signify evidence of man"" — narrative momentum toward ancient habitation evidence.

Final token ""man"" is the start of a compound phrase, almost certainly ""man-made activity,"" ""human settlement,"" or ""presence since,"" completing ""evidence of man[age]"" or ""evidence of man inhabiting this area."" ""and contains three archaeological dig sites which include stone tools and pottery, the findings of which indicate evidence of man"" — likely ""evidence of settlement/activity dating back to...""",178
12,8,"Historical essay structure with UK politics section following a formal student-written timeline and argument, introducing causes of the Reform Act movement in detail.

Two-pacted content organization established, now developing the 1830s ""serious depression"" crisis with economic/political forces — the essay has promised analysis of social upheaval (""workers wanted change"") driving reform legislation.

Final token, ""a series of poor"" begins a noun phrase listing consequences of industrialisation (harvest failures, economic slumps), demanding a completing noun — almost certainly ""harvests"" or ""weather"" or ""years"" relating to climatic/agricultural hardship.
""Rapid industrialisation increased the effects of unemployment as manufactures flooded France. This registered a downturn in trade. A series of poor"" — economic or harvest deterioration mid-sentence, explaining deteriorating living conditions in early 1830s.",191
13,8,"Catalog/museum entry format with repeated structured listings for Mesoamerican artifacts, alternating between formal archaeology descriptions and product-style titles.

Date range repetition pattern: ""100 BC to AD 400"" appeared earlier; the current ""Circa: 100 BC to"" mirrors this exact phrasing and expects the same upper bound ""AD 400"" or similar.

Final token ""to"" opens a date range completion within a structured product listing line — ""Item Description: Mexican Pre-Columbian — Colima Region | Circa: 100 BC to"" immediately requires the closing date ""AD 400"" (or ""400 AD""), directly echoing the article's opening sentence. ""to"" demands a year completing the established range.
</br>""",176
14,8,"Biographical narrative momentum: a chronological life history of Carl Verheyen, detailing career stages and band affiliations systematically.

Christian music context domain: specific decade-by-stage progression, band names (""The Kingston Trio,"" ""Dragonfly""), rural churches and KMA BadgesLabel establishing credibility.

Final token ""toured"" ends a sentence about Dragonfly, a Christian rock band Verheyen was active in 1977; immediate continuation expects tour locations, duration, audience, or further career activities (""throughout North Carolina"" or ""shortly before disbanding"").
</br>""Verheyen's early music days began...He joined a Christian rock band named Dragonfly which released two albums. The band toured"" demands a geographical location or activity detail describing their live performances/ministry reach, likely glossing over the band's regional reach.",183
15,8,"Encyclopedic/factual register describing a naval vessel's history — structured sequentially (constructed, commissioned, refitted, stationed).

Narrative momentum of ship history implies operational deployment locations, missions, or service assignment details follow ""Stationed at Rota, Spain,"" — the sentence describing USS Peacock's NATO Atlantic Fleet role is mid-thought.

Final token ""Spain"" completes ""Stationed at Rota, Spain"" — a location phrase likely followed by a comma and continuation describing simultaneous duties, period (concluding location detail), or additional Mediterranean/NATO forwarding details.
""temporary conversion
The 47,000 ton hunter-killer submarine was built in 1966 and refitted in 1978 as a missile supply submarine.
Stationed at Rota, Spain"" expects a comma plus additional geographic or organizational detail.",188
16,8,"Blog/journal series on British natural history heritage, establishing a pattern of introducing lesser-known historical figures connected to geology and natural history in Yorkshire.

The Yorkshire 견새 narrative builds toward Darwin's Kent connection, then pivots to Darwin's unvisited Yorkshire, setting up evidence of his comparative importance to northern natural history.

Final token ""Darwin"" ends a sentence fragment ""Although his [austere biography] credits his scientific origins to Kent, Richard Brown points out that the time Darwin"" — a relative/subordinate clause requiring a verb phrase describing what Darwin did or experienced during his northern visits (e.g., ""spent in his father's library"" or ""the time Darwin spent writing his books"").
""A further important part that Dr Richard Brown has blogged about. although Darwin is world famous, Brown points out that the time Darwin""",180
17,8,"Historical narrative building about ""Sayle of Scotland,"" establishing his dominance and the legend of the Reverend rifle, suggesting a growing anecdote or turning point ahead.

The text follows a structured biographical profile with anecdote rhythm, moving from Sayle's equipment/reputation to his dominance, implying a shift from victory to a downfall or dramatic event.

Final fragment ""That is"" opens a transitional clause mid-sentence, requiring immediate completion such as ""until..."" or ""where disaster struck"" — a limiting qualifier or summary pivot following ""Sayle and the Reverend rifle became... He won everything almost with ease. For many years he paraded his winnings quite successfully. That is"" — a continuation marker concluding his peak before the wrist injury.
</br>""That is"" signals the sentence pivot.",173
18,8,"Informational/expository pattern establishing facts about the 2011 SEA Games in Indonesia, building toward tournament details.

The text is mid-sentence completing facts about the host nation (Indonesia) and venue (Jakarta/Java), suggesting next content will elaborate on hosting history or preparations.

Final token ""Indonesia"" ends an incomplete sentence ""This marked the fourth time Indonesia"" — grammatically requires a verb phrase next, almost certainly referencing Indonesia hosting the SEA Games previously (e.g., ""hosted the SEA Games"").
""According to Cision press release... The 26th Southeast Asian Games will be held in Indonesia. The events held in Jakarta and Java. This marked the fourth time Indonesia"" — continuing the factual host-nation narrative, likely referencing Indonesia's national pride or role as a 4-times winner/host country in 1987.",185
19,8,"Travel blog format presenting a series of European historical landmarks/sites, each with consistent descriptive paragraphs covering history, significance, and key facts.

The text has established a pattern of factual numerical details for each monument (dates, measurements, names), maintaining encyclopedic-travel-writing register throughout.

Final token ends mid-sentence describing the Pont du Gard aqueduct's dimensions (""250 metres long and made from 106,000 limestone blocks with the tallest arch standing 48 metres high""), expecting continuation of additional impressive statistics or closing descriptive detail about Roman construction/engineering.
""Roman-built Pont du Gard is Europe's tallest Roman aqueduct. It consists of three levels of arches built from Roman cement, 270m long with arches up to 48 metres high""",176
20,8,"The text is a fragmented, multi-source search result compilation about history, railways, museums, and U.S. history, with no coherent thread — predicting continuation of another bibliographic/snippet entry.

The passage repeatedly cycles through historical, organizational, and institutional names/topics related to railways, museums, and written history, suggesting more reference-style concatenated text follows.

Final token: ""full text of"" ends a bibliographic citation entry (""Railway tables and electrical diagrams ; [space] ; volume 1 full text of""), immediately expecting a link, title continuation, or Google Books-style attribution phrase like ""the Internet Archive"" or another quoted title reference.
</br>""
</br>""List of facts and figures ... related history ... full text of"" follows a classic Google Books/Internet Archive concatenation marker, expecting a title or scanned-book descriptor.",182
21,8,"Construction project narrative responding to a question about cost management through phased design and budget limits.

The text is mid-sentence explaining phased scope narrowing of charter school construction at Greenhills Plantation Campus, requiring completion of the first phase's specific components.

Final token ""and"" is a conjunction mid-list (""the first phase scope was narrowed to only the renovation of the old tobacco barn and""), requiring an additional building, space, or project element (e.g., ""construction of the new main building"") describing what else was included.
""
Given the reduced funding, we were forced to narrow scope of the construction project, with the first phase of construction was limited to only the renovation of the old tobacco factory and"" expects naming of a second specific structure or the repurposed former building serving as the temporary campus.",175
22,8,"Historical encyclopedia/essay format cataloguing abuses by religious institutions (Inquisition, Templars, Holy Office), driving expect continuation of chronological institutional evidence.

Narrative momentum through dated progression (1199, 1234, then Spain), building toward papal authority involvement and institutional conflicts related to Spanish Inquisition origins.

""In 1478, Pope"" is a mid-sentence proper noun opener requiring a papal name (e.g., ""Sixtus IV"") immediately next, then a verb phrase describing papal action — either granting, condemning, or collaborating with the inquisition, consistent with the pattern of papal-state tensions established by the earlier Papal bull.
""
In the 13th century, the Spanish king established a secular Inquisition. In 1478, Pope"" — papal role expected next.",188
23,8,"Military funeral mission report format, detailing a veteran's vaunted journey with specific logistics (names, times, routes, ceremony details) for a volunteer escort group event.

The document ends its structured itinerary for a specific burial mission (""Jason M. Tanner""), and transitions to a recruitment/participation section inviting observers to engage with missions.

Final phrase ""You can attend part or all of a mission"" is mid-sentence, part of a call-to-action section; next tokens likely name or define a mission category (e.g., ""takedown"" style terminology, a code name, or field name matching ""takedown"").
</br>""Volunteers will be formed at the Cemetery.
We welcome participants to attend either part or all of a mission"" — likely completing a phrase referencing previous missions or a consistent monthly accompanies.",176
24,8,"Historical narrative building toward a pivot/turnaround moment for Lincoln, establishing his political resilience. The text contrasts defeat with eventual triumph.

The biographical account of Lincoln's 1862 campaign loss sets up an expected contrast between failure and future success as president — ""personality and"" signals continuation of a compound descriptor about setbacks.

Final fragment: ""Despite this personal and"" is mid-compound-adjective construction requiring a parallel noun (e.g., ""political,"" ""professional"") before a noun like ""setback,"" then a clause explaining Lincoln's response. ""Lincoln was highly engaged at a crucial time—until his defeat in 1862, which ended his congressional career. In the wake of this personal and"" demands continuation of paired hardships (""political defeat"") or scope qualifier, introducing the paragraph's counterargument.",181
25,8,"Historical-analytical essay tone critiques narrow American decision-making circles (""the log cabin room""), building toward a critical example case.

The Nixon-era establishment's insularity is framed as a metaphor, now applied to Vietnam War failure — a named exemplar (""Bruce Frantz"") is introduced illustrating someone inside that exclusive inner circle of failed leaders.

Final fragment ""that man was Bruce Frantz – he was someone who was in that"" sets up immediate completion referencing Eisenhower's quoted ""room"" or the broader exclusionary circle concept (e.g., ""room,"" ""isolated inner world"").
</br>""that room of history. / The great American writer of our time was part of it: Bruce Frantz was one of those who was in that"" — directly echoing and extending the earlier metaphor.",172
26,8,"Historical/descriptive village report establishing location and heritage of Dunbever in County Donegal, Ireland.

The text is building a detailed countryside heritage inventory, listing specific historical features (promontory forts, beaver quest, Cistercian Castle) with precise locations, following a pattern of named place + location detail.

Final fragment ""a small ruined tower and house called-beachamoule on a rocky outcrop by the"" is mid-sentence, requiring a specific geographic feature or landmark name, likely a coastal road, river, or sea reference matching the opening coastal framing; ""roadside location near Portnaquer cave…on the headland grass slopes above Caharrlane Hill by the"" expects a coastal path, sea cliff, or nearby town name. ""by the sea/coast/bay.""",175
27,8,"Historical heraldry document following genealogical/legal register format, with members and dates listed before a formal royal charter citation.

Direct quotation of an original 1606 royal grant is underway, detailing name-changing authority from King James I for Thomas Eidus replacing ""Idus.""

Final token ""Authority"" ends an incomplete legal formula (""his Majesty by these Presents hath given his Royal Licence and Authority""), requiring the continuation of the formal grant language, likely specifying what this authority permits — almost certainly ""to change and assume"" or a closing phrase like ""be it granted"" or a formal indentation clause.
""Whereas Thomas...have Humblint desired such change of Name; Now therefore the said King hath his Royal Licence and Authority"" demands the granting clause completing the sentence.",170
28,8,"Historical/educational content establishing Alexander's significance as proof Jewish contribution to Western civilization, setting up a prose excerpt about his legacy and parallels with Stalin/Hitler.

The ""Read full story:"" attribution signals a concluding citation line from an article or blog, identifying source and author (""by Ari Wallach – Jewish World""), implying publication/excerpt framing rather than academic prose continuation.

Final token ""Jewish World"" is the beginning of a publication name in an author attribution (""by Ari Wallach – Jewish World""), immediately expecting a completing word like ""Today"" or tile extension.
""
</br>
""Continue Reading - </br>
by Ari Wallach – Jewish World"" is a Midrashic or Jewish-interest publication name, most likely ""Jewish World Today,"" a major Jewish news source common shorthand for such contexts.",181
29,8,"Historical naval photo caption format, establishing ship identification details for USS Sand Dollar (SS-257), a WWII submarine.

The caption has built toward a specific historical achievement: sinking the German U-boat U-22, requiring a precise date/location of that engagement.

Final token ""on"" ends an incomplete temporal phrase ""who sank the German submarine U-22 on"" — immediately requires a date, likely a specific day/month/year (e.g., ""May 1, 1942""), completing the subordinate clause explaining the ship's notable action.
""who was in New York Harbor at the time of the [photo], and which had successfully sunk the German submarine U-22 on"" demands a specific date of the attack midnight or encounter event.",170
30,8,"Encyclopedia/reference genre establishing factual, informative tone about early North American projectile technology groups (Archaic cultures).

The text has moved from describing arrow types to naming a chronological-cultural group (""The Iroquoian period,"" ca. AD 900–1600), signaling a shift to archaeological evidence.

""Archaeological sites in New York"" ends mid-sentence, immediately requiring a geographic or descriptive continuation — likely a state abbreviation context (""state"" or ""and New England"") or cited chronological sites data, consistent with examples of pre-Iroquoian sites distribution. ""A number of Long Point sites excavated in New York"" sets up a regional/institutional focus on the Hudson Valley or Long Point culture geography, likely mentioning New York state, Canada, or specific site locations related to Highlands geography mentioned earlier.",180
31,8,"Educational/explanatory style about historical events, listing sequential facts about chaos and conflict (race riots, student movement).

Narrative momentum building toward a championship/record-breaking event requiring rephrasing or continuation of poorly structured causal chain — low coherence signals loosely connected clauses.

""Then, a TV show was on ABC and then it was"" sets up a repetitive parallel clause expecting a similar short completion describing interruption or replacement, constrained by the phrase ""a TV show was on ABC and then it was"" mirroring the earlier ""was interrupted/It was cut off.""
""
// Hold | was interrupted by pictures first. A TV called the CBSHQ news was on ABC and then it was"" demands a past-tense verb continuation like ""replaced,"" ""described,"" or restatement of Gordon's watching, continuing the original clumsy sentence pattern.",183
32,8,"Narrative momentum: writing student reflecting on themes of social justice in film; historical parallels between 1909 Triangle Shirtwaist Fire and modern slavery are building.

Educational film review context: the piece is detailing inspiring cinema recommendations linking radical justice movements, following a structured reflection format with specific plot details.

Final token ""doors"" ends an incomplete clause about workers trapped during the fire — the next tokens must complete the specific detail about locked fire exits or barred doors being discovered during the disaster (""discover too late that the doors"" implies barred/exiting exits locked or were chained), ""a it all would have been different had the workers known sooner that the doors"" demands a specific tragic detail about locked or blocked building exits.
""the horrifying news that the workers had...""
""The doors""
.",171
33,8,"Autobiographical first-person narrative establishing contrast between summer vacation and reluctant beachbound location (Australia still desired vs. Florida Keys reality).

The text sets up a balanced account of mixed feelings about Key West stays, implying elaboration on the narrator's activities and experiences during multi-week visits.

Final phrase ""But in recent years I have spent many of"" opens a contrasting clause mid-construction, requiring a noun phrase describing specific days, mornings, or evenings (e.g., ""the days on the boat"" or ""my vacation days alone""), continuing the leisure/reading theme.
""During my past few month-long stays or visits to the Keys, I thoroughly enjoyed most of the days lounging on the porch or on the beach. But in recent summers I have spent many of"" — the incomplete construction demands its complement immediately.",175
34,8,"Museum/archive record style with formal institutional language, describing a digital collection of historical video materials from Detroit Regional Library.

The passage is building toward completing a description of content scope — ""historical video tutorials and promotional pieces assembled from thousands of film clips documenting research, personal memories, and other content relating to"" signals a final organizing theme about Detroit-area visual history.

Final token ""related to"" ends a prepositional phrase requiring a noun phrase completion, almost certainly referencing television/TV history, given the archive title ""Historic Detroit TV Archive.""
Title conceptually links to local media history artifacts. ""The videos focus on locations and people throughout Wayne County highlighting historical experiences and institutions related to"" — the phrase should complete — likely ""VHS/digital room recording"" or similar Detroit cultural history, tie to title about watching Detroit.
Modern video.",183
35,8,"Biographical/professional announcement genre for academic guest lecturers, establishing credentials in structured archival format throughout.

The text is completing a comprehensive career profile for historian James C. Mohler, systematically listing publications, awards, and institutional roles.

Final phrase ""a frequent contributor to"" is an incomplete prepositional phrase requiring specific named outlets, publications, or media (e.g., ""The American Historical Review,"" ""The Atlantic,"" or popular history magazines), consistent with the sentence's celebratory tone acknowledging Mohler's public-facing and scholarly reach. ""Mohler is one of the nation's most respected historians of race and the Civil War era. He is the author of several books... holds visiting and honorary positions at major universities, and is a frequent contributor to"" — list-heavy subordinate clause style continues.

Professional journals/popular publications expected.",178
36,8,"Institutional/media description establishing context for archival oral history content from University of Washington Libraries.

The sentence describes ongoing series (""This is Season Two""), formats (30-minute episodes), and mission (""trauma, resilience, and healing""), building toward a statement of public outreach goals.

Final phrase ""as a way to start sharing the rich history of the community with the public with"" ends mid-clause, requiring a concluding prepositional phrase or infinitive, likely specifying accessible formats, technology, or methods (e.g., ""translated subtitles,"" ""embedded audio,"" or ""storytelling features"").
""Storycatcher"" interviews recording oral histories with elders... Our first episode in a series of recorded interviews that are among the first steps to making these valuable sound archives more accessible to the public with"" demands a continuation about public access methods or outcomes.",183
37,8,"Historical automotive narrative establishing a prestigious vehicle record, expecting specific performance data, racing venue, or achievement details to follow ""legendary.""

The sentence describes a 1965 Shelby GT (likely Cobra or Daytona), implying motorsport history context; the subject being an Aston Martin figure shifts focus toward automotive credibility.

""achieved a record lap time at the legendary"" is a noun phrase opened by ""legendary,"" immediately requiring a specific named racing circuit or famous location (e.g., ""Nürburgring"" or ""Le Mans"").
""Furthermore, this speedster was tested and set a record lap time at the legendary"" — the adjective ""legendary"" is the final token, demanding a proper noun (famous race track name) immediately following.
 — this phrase sets up a specific named venue.",176
38,8,"Event announcement format with scheduled activities for a St. Augustine/Florida history themed celebration, blending formal and informal tone.

The text is building a parallel list of speakers/presenters, having introduced ""the Seminole Wars with reenactment presentations from the 16th Indiana Regiment; on the Seminole Union Boys at Little Big Horn;"" implying further parallel entries about local St. Augustine or Cuban heritage topics to complete the trio structure.

Final token ""and"" concludes an incomplete list (""a story telling presentations by; those hosted participants will hear about...from the Florida Seminole Regiment; presentations on the events of the Cattaro Incident by the 16/9th Indiana regiment; and""), expecting another parallel ""from X about Y"" clause, likely about third group representing Tampa or the era's development.

The ""and"" continues the enumeration.",181
39,8,"Biographical dictionary entry style (e.g., Catholic Encyclopedia or similar reference), maintaining formal catalog structure throughout about St. Adelheid.

The entry systematically lists titles, dates, deeds, and political roles of Queen Adelheid of Italy, now transitioning to her later religious retirement.

""In her later years she retired to a"" requires a specific religious institution name to follow — almost certainly a monastery or convent, as this ninth-century context demands a formal religious foundation name. ""She retired to a"" grammatically demands a noun phrase (e.g., ""Benedictine monastery,"" ""canonesses' house,"" or ""hermitage"" native to Cologne/Italy).
""Retaining her interest in her kingdom. In 999 she retired to a"" — final dangling article expects a humble religious community or convent/monastery name immediately next.",182
40,8,"Editorial/op-ed tone, commemorating Veterans Day and Armistice Day honored as paired solemn observances in Hawaii context.

Historical narrative builds toward explaining the significance of November 11th, now transitioning to a concluding point about what the date ""is not"" — implying contrast, likely extending its meaning to other conflicts or modern losses.

""November 11 is not"" opens a negation construction requiring immediate completion, likely a contrast word or phrase like ""about,"" ""the only,"" or a clause correcting perceived misconceptions.
""Nov. 11 is not"" begins the sentence: ""Others are commemorated on that day as well. …
[New paragraph] November 11th is not"" — likely declaring another day or complex historical framing about war remembrance, balancing prior emotional tone.",178
41,8,"Historical/descriptive catalog entry introducing ornamental ceramic platters from Catalan tradition, blending multiple cultural influences (French Marseille, Spanish Renaissance).

The text has been building an argument about the plate's origins and production context, culminating in evidence linking it to Catalan tile-making domestic use.

Final phrase ""links it closer to the"" is mid-sentence, requiring a specific place name or ceramic tradition reference, almost certainly a named Catalan kiln, location, or regional workshop (e.g., ""Barcelona kiln"" or ""late Renaissance ceramic production in Catalonia"") — constrained by ""Given the configuration of the pigment and modelling, it seems more reminiscent, from the type of clay, closer to the"" — likely referencing Italian or specific local ceramic traditions of gardening pieces.
An archaeological/factory centre name follows.",173
42,8,"Architectural description news article (NHKS Japanese), systematically detailing design features of Tokyo Station's red-brick and German Renaissance structures, establishing expectations for continued feature enumeration.

List of design features being catalogued across historical periods — ground-floor office, Torres 24th-floor tower, and now the south side — suggesting further descriptive elements for the distinctive towers remain.

Final phrase ""The south side has two prominent towers with red roofs"" is mid-description, incomplete, requiring continuation — expects architectural color details, material specifics, or stylistic modifier (e.g., ""sloped"" or altitude specifications), followed by another clause or sentence continuing the reconstruction narrative.
</br>""The building also features two distinctive towers topped by cylinders with red roofs""",162
43,8,"Historical news report style (dateline, formal 1930s wire prose) establishes factual, bureaucratic tone for government actions and statements about missionary investigation.

Narrative momentum: multiple officials quoted sequentially explaining the labor secretary's new proposal for sending accredited observers/missionaries to investigate Chinese districts; the next step or detail of logistics is expected.

Final token: ""worked out"" ends an incomplete subordinate clause (""said details have not yet been worked out""), requiring continuation — likely a contrast (""but,"" ""regarding who,"" or specifics about timeline/implementation).
""Rosenblum said, although he added that details have not yet been worked out"" signals a qualification or forward-looking elaboration about next steps, staffing arrangements, or administration's position on implementing the delegate plans, acknowledging uncertainty about procedures/logistics how"".",178
44,8,"Academic/explanatory prose defining tourism's historical roots is underway, requiring more historical examples or transitions. The text signals educational register throughout.

The opening clause ""not new"" with ""for centuries"" sets up historical evidence pattern; Hadrian, Cook, and yourselfleman are listed as three formative examples of exploration as proto-tourism.

Final token ""century"" closes the third item in a list (""The travels of Roman Emperors, Thomas Cook's travels...and the 20th-century exploits of Sir Ernest Shackleton in the Antarctic century""), immediately requiring a concluding clause or continuation (likely ""are all examples of..."" or ""to show..."").
</br>""...all illustrate personal accounts of travel and adventure. The journeys of Hadrian..., Cook's acquaintance with China..., and the well-documented exploits of Shackleton""</br>",185
45,8,"Travel blog/journal style visiting English villages and churches, each entry following a pattern: church name, location, brief historical attributes, notable features.

List continuation momentum: the series has covered multiple churches with consistent feature descriptions (stonework, windows, architecture, dates), so next tokens will name another interior architectural feature of Cliffe church.

Final token ""and"" continues a list of carved features inside Cliffe Church after ""nice carved work on the pulpit and"" — expects a parallel noun phrase, likely furniture or choir/architectural detail such as ""the box pews"" or ""the font/screen.""
""Cliffe, Kent next door to Mersham. This was a medieval merchant so expect interesting wood carving - there is nice carved work on the pulpit and"" specifically signals church interior furnishings, probably a gallery or table.",181
46,8,"Historical narrative building toward personal motivation/legacy for ""Master Tomita,"" establishing humble, adversity-oriented themes throughout the WWII survival account.

List completion momentum: text has recounted Tomita's wartime survival experience with sense of injustice; the argument now turns to how this shaped his post-war character and contributions to aikido.

Final fragment ""This experience motivated him"" is an incomplete clause requiring a direct object or infinitive phrase explaining Tomita's resulting actions, most likely philanthropy, donation efforts, spreading aikido abroad, or supporting practitioners — likely context introduced by the writer's personal relationship with him in the West.
""Motomichi was from a poor family not far from Hiroshima, who miraculously survived the atomic bombings. This experience motivated him"" — a biographical sentence pivoting toward his later life/character explanation, likely US pension contributor or aikido teacher in America.",189
47,8,"Travel itinerary format: sequential UK destination highlights listed as brief descriptive tour entries (Stonehenge, Windsor, Oxford, Hampton Court Palace, Edinburgh).

Pattern of location + key historical landmarks + experiential details per stop, implying continuation of another destination description with notable sites.

""Head to Canterbury"" opens a new destination entry mid-sentence (""From here travel to Canterbury""), requiring specific Canterbury landmarks next (e.g., Canterbury Cathedral, the crypt), continuing the England heritage route and likely mentioning a further destination town or city.
""Visit amazing Rosslyn Chapel where you can check out the Knights Templar mystery. Next travel to Canterbury"" — ""Canterbury"" is a transitional destination keyword demanding immediate landmark continuation, likely ""Canterbury Cathedral"" or another famous English medieval center associated with medieval history.",173
48,8,"Formal institutional/military report register, consistent throughout (""Army historically has,"" ""our heritage,"" ""future Air Land Battle""), establishing high-level strategic planning document tone.

The text is building toward outlining priorities and direction for the Army Historical Program's future work, having established strategic context and goals.

Final fragment ""will guide Army history operations during this decade and direct the"" is mid-sentence, requiring a noun phrase completing what the Strategic Vision directs, likely ""initiatives,"" ""staff,"" or specific organizational units/mission areas.
""A revised vision...is structured around goals and priorities that reflect the needs of organizations... This Strategic Vision spells out the core business history can best direct resources to perform and directs the"" demands a noun naming challenges, programs, or planning roadmap continuing this self-referential institutional planning context.",176
49,8,"Genealogical/heraldry explanatory text pattern: author is explaining surname etymology from place names, providing historical and linguistic detail systematically.

The argument traces Grimley name origins through Nottinghamshire village Grahamley/Grymlei, with Old English meanings (""a steep ridge""), building toward expanded contextual detail about the actual village.

Final token ""village"" ends an incomplete clause (""Indeed the village""), signaling continued factual elaboration about Blyborough Gringley's geography, history, or appearance — likely ""actually"" exists or was founded/touring or structurally relates to the name.
</br>""as is explained in the dictionary the name is derived from Old English meaning 'a steep ridge'. Indeed the village"" demands continuation explaining what the village name proves or a historical/anecdotal fact.",173
50,8,"Encyclopedia/reference style narrative about ancient Ionian city Malagina/Balaena/Patara, establishing historical geography and connections to Acts 16—Roman harbor town of Achaia detail.

The text is building a descriptive archaeological survey of the ancient port city, listing landmarks systematically (""temple of Neptune,"" Roman coins), suggesting more architectural remains follow.

""Parts of the castle and part of"" is an incomplete list of surviving structural ruins, requiring a parallel noun phrase—likely harbor walls, city walls, or Roman aqueduct, continuing description of ancient infrastructure typical for Mediterranean coastal cities.
""The harbour road gave two short stops in Greece. / Today the site... is in ruins. Remains of the castle and part of""—next token is likely ""the city walls,"" ancient roads, or theater, underground feature characteristic of ancient coastal city infrastructure.""",184
51,8,"Human interest narrative establishing a celebrity-to-soldier connection, with two parallel stories bridged by the ""Exeter Chiefs"" rugby team at Bonham's School.

The sentence introduces Army veteran Steve Waite as inspiring a young soldier — the narrative is pivoting to a specific tragic hero example mirroring or connecting the two men.

Final fragment ""lost the use of his left leg when he was wounded on a mission in Afghanistan in"" ends mid-prepositional phrase requiring a specific year or date (e.g., ""2016"") or possibly ""recently"" to complete the clause.
""Joe Smith"" also a Rugby heritage player who served in the Territorial Army and lost his left eye when serving on a deployment in Afghanistan in
— the sequence needs resolution of Joe Smith's disability and its leaden consequences, likely involving a charity appeal.",185
52,8,"Event announcement format signals remaining logistics/details expected (time, RSVP, cost, or instructions).

The text establishes a casual literary community celebration (""April afternoon party celebrating Green Book authors""), setting social/desserts context implying a potluck or BYOB addition clarifying attendee contributions.

""bakery and bar will provide appetizers and drinks, but"" — the final conjunction ""but"" sets up a contrastive or additive clause, most likely ""bring your own..."" or ""other contributions welcome.""
""Come share stories and stories. XX and Library will get together for an informal party at Florentine Gardens on Saturday, March 31. The Library and BirdLife will provide the appetizers and some drinks, but""

Expected: a specific instruction about what attendees bring or a $ fee.",171
53,8,"Newsletter/report format with dated entries about local historical society meetings in Adelaide, each item covering photography groups, tours, or talks.

The February 22 event details a library trip with specific treasures to be shown (photograph collections, councillors, newspapers), building toward a direct audience appeal or housekeeping note from presenter Lyn Netter.

Final fragment ""Note: If you"" opens a conditional clause mid-sentence from Lyn Netter's note, likely addressing Logistics or encouragement to attend, e.g., ""If you're interested in..."" or ""If you are copyrighting members, this talk is the	X Phonon forum on the library corner.""
""Presented at Friends of APSHS February meeting."" ""Note: If you"" anticipates a continuation about membership, directions, bringing equipment, or community encouragement to attend the talk.",178
54,8,"Historical military correspondence or narrative, shifting between formal diplomatic language and tactical campaign reporting (""General,"" humiliating defeat, headquarters location).

Abrupt register/topic shift signals a transition into Civil War tactical movement descriptions, with Union forces positioning details expected (division-to-division breakdown).

Final tokens ""The First Division held the left, strongly entrenched"" opens a battlefield positioning description mid-clause, immediately expecting continuation of defensive works details, defensive line specifics, or what followed their entrenched position — likely additional military geography, fortifications, or Confederate/danger details.
""Hatteras, North Carolina.– parameter line– our line is just formed, the First division on our left, strongly entrenched"" — a continuation describing remaining divisions or entrenchment depth, terrain, or impending action is expected next.",167
55,8,"Informational/encyclopedic tone about historical Iranian monuments, describing structures with measurements and dating details (e.g., ""40x40 meters,"" ""Safavid period"").

List continuation pattern: after describing the entrance fortress building fully, a second nearby ruin is introduced mid-sentence, requiring completion of its description of surviving remains.

Final token ""has"" completes ""which is almost destroyed; from which only a brick-vaulted roof of a hall has"" — immediately requires a past participle like ""remained"" or ""survived,"" followed by a clause describing what else is left or contextualizing its damage.

""has"" is mid-sentence, part of a present-perfect construction (""only a part of it has survived/remain""), demanding a verb phrase describing what persists of the ruined church.
</br>",183
56,8,"Casual rail/transport enthusiast blog style, mixing observations about trains, infrastructure, and geography across multiple countries (UK, Norway, Alaska).

The text presents a loose series of disconnected transport vignettes/photos, each introducing a new train, route, or subject with brief commentary — the next item follows this same pattern.

""Modern Nordic EL"" begins a new entry mid-phrase, requiring completion of a proper noun — likely a railway company name or locomotive/electric class abbreviation (e.g., ""East London,"" or ""Electric Locomotive"").
</br>""A long lost Sirna of MontyGoS!! <br />一艘船? 登上智利？
</br>A semi new-wave Norwegian Owned EL"" introduces a vessel or older locomotive/company, continuing the thematic thread.",173
57,8,"Archival/catalog photo description format established — each entry follows pattern of physical description, clothing, setting, and historical metadata for UCLA records.

Sequential caption series continues, shifting through successive images with consistent descriptive structure covering pose, clothing, gender pairing, and location detail.

Final fragment ""They stand together in a row. They face to"" describes a group posing for a formal photograph, now mid-sentence requiring directional completion (""the right,"" ""the camera,"" or similar). ""A formal photograph of six men standing in a row. They stand together and face to"" demands immediate spatial/directional continuation; likely ""forward"" or tilted heads toward front-like camera gaze continuation. ""Six young adults, are standing in a line. They turn to"" — immediate constraint is directional or movement phrase completing this pose description.",173
58,8,"Historical/patriotic talk register from Glasgow for St. Andrew's Day, establishing educational Scottish independence narrative with personal presenter perspective.

The presenter has introduced themselves and outlined the historical thesis (Glasgow as key to Scottish independence movement); the text now moves into concrete place-based content — a walking tour component.

Final token ""city centre"" ends an introductory clause (""I'll take you through a number of specific locations in the city centre""), requiring immediate continuation specifying which locations or geographic scope (e.g., ""and Merchant City"" or ""around Buchanan Street"").
</br>""</br>""There are many reminders in Glasgow of this proud past. In this walk I'll take you through a number of specific sites in the city centre"" expects a location list or area descriptions to follow, describing downtown landmarks/history.",175
59,8,"WWII military photo captions documenting specific combat and aerial reconnaissance imagery, US Navy/Army units in Pacific theater, 1944.

Crewed photo caption sequence continuing narratively through combat scenes — each caption describes a specific visual action, now mid-description of a doomed aircraft strafing/beaten off a cliff.

Final fragment ""nose down and crashes nose first off the side of cliff crashing in flames in"" is a prepositional phrase requiring completion, most likely a body of water reference (""the sea,"" ""the water,"" ""near the ship"").
""Correction: Enemy bomb-carrying aircraft beaten off a cliff, soldiers are seen on it, and is plunged into the sea nose first and then seen crashing splashing in flames, and [expects water/ship location conclusion].
The aircraft contacts water. Crashes in flame-like wreck).",184
60,8,"Bulleted or structured event listings pattern for Maryland Historical Society locations, establishing parallel descriptive entries with consistent format (location, theme,_family-friendly details_).

Content about Annapolis Christmas programs: the final sentence describes a holiday tour ""exploring 19th-century holiday traditions,"" so festive/historical narrative details are expected to continue.

Final token ""and"" is a conjunction mid-sentence (""Join us for guided walking tours of this historic work as we explore 19th-century holiday traditions during this festive, family-friendly hour-long program""), completing ""a holiday museum tour program that includes storytelling, personal artifacts, and contemporary decor in a fun, history and"" — expects ""holiday themed experience"" or similar closing descriptor to complete the phrase ""a history and holiday-focused tour.""
""
a ...",174
61,8,"Blog post with politically charged, pro-QAnon framing cataloguing multiple ""evidence points"" with numbered/listed format — next content continues this investigative tone.

Numbered list momentum: point ""2"" about the far-right German Black Bloc establishes a historical Nazi parallel being drawn between Antifa's logo and the Black Bloc símbolo.

Final token ""How"" opens a rhetorical question mid-sentence (""The Antifa symbol is historically identical to the Nazi 1920s anti-marxist party known as the Blackfront. How""), immediately requiring a continuation like ""ironic"" or ""did this come to be"" — either an ironic observation or accusatory connection about Western/left hypocrisy, linking the proximate facts just stated.
""Exact origin unknown. The symbol is German Nazi Party Black Front logo. How""",177
62,8,"Biographical/promotional register for UK national broadcaster events, listing credentials and activities for guests Nigel and Martin.

Two guest entries pattern established: Nigel's entry recently completed; Martin's entry now mid-description of his background as a BBC camera operator and autobiography.

Final token ""No Ordinary"" is mid-title of Martin's book, immediately requiring completion — a subtitle or word like ""Life,"" ""Journey,"" or noun phrase completing ""Camera Man: Lensman – No Ordinary [X].""
""An extraordinary life – Martin Lascar in lensman autobiography, A View From The Van – No Ordinary"" sets up a subtitle continuation, likely referencing working-class, action, or uniquely shaped camera operatives' story.
""Title: Lensman – No Ordinary"" demands immediate noun to complete it.",169
63,8,"Travel blog narrative establishing a location visit, moving from intro listing photos/services to describing the subject town of Elgin, Oregon.

Geographic/local color description pattern: ""Elgin is a small, rural town in Eastern Oregon, only a few"" signals a continued description of distance, landmark, or road references.

Final token ""few"" opens a quantified noun phrase mid-description (""a small, rural town in central Eastern Oregon, only a few""), requiring an immediately following noun like ""miles"" and then a reference point.
""pockets of time to start our road trip adventure.
Our first stop was the Elgin Liquor Store. Elgin is a small rural town in Eastern Oregon, only a few"" establishes geographic context mid-sentence, likely introducing proximity to a highway, river, or historically significant distance.",179
