vid,idx,kind,claim_id,mse_nrm,L_h,cos,r_norm,dist_to_orig,dL_h,L_o,dL_o,sim_to_orig,lex,dist
9,0,paraphrase,-1,0.07725146,0.17520627,0.96137446,72.075516,0.0010473201,0.0034196079,0.03377293050289154,0.004217110574245453,0.969770253929867,0.030229746070132957,0.0010473201
10,0,translate,-1,0.080512315,0.1826019,0.95974404,72.07901,0.009160566,0.010815233,0.042456578463315964,0.012900758534669876,0.7316219369894983,0.2683780630105017,0.009160566
11,0,polarity,-1,0.078609884,0.17828718,0.9606953,72.08645,0.0021431525,0.0065005124,0.03645995259284973,0.006904132664203644,0.9773539928486293,0.022646007151370662,0.0021431525
12,0,vocab,-1,0.079708576,0.18077901,0.9601459,72.0737,0.0023391335,0.008992344,0.028280207887291908,-0.0012756120413541794,0.970392749244713,0.02960725075528703,0.0023391335
13,0,cat,-1,0.40770635,0.92467785,0.79614705,72.004974,0.723988,0.7528912,5.973324298858643,5.9437684789299965,0.9853658536585366,0.014634146341463428,0.723988
14,0,shuffle,-1,0.07320237,0.16602294,0.96339893,72.08567,0.0093518365,-0.0057637244,0.019226880744099617,-0.01032893918454647,0.6877278250303767,0.31227217496962334,0.0093518365
15,0,unrelated,32,0.90471774,2.0518994,0.5476414,71.94582,1.9128205,1.8801128,9.510622024536133,9.481066204607487,0.2007042253521127,0.7992957746478873,1.9128205
25,1,paraphrase,-1,0.08880478,0.2014092,0.955598,71.91189,0.00026634507,-0.00069978833,0.07859000563621521,-0.0011705905199050903,0.9769182782283219,0.02308172177167811,0.00026634507
26,1,translate,-1,0.09268083,0.21020007,0.9536598,71.912445,0.006206472,0.008091077,0.07826488465070724,-0.0014957115054130554,0.6258338386901152,0.3741661613098848,0.006206472
27,1,polarity,-1,0.08935966,0.20266768,0.9553205,71.912796,0.00061042747,0.00055868924,0.0862003043293953,0.006439708173274994,0.9889162561576355,0.011083743842364546,0.00061042747
28,1,vocab,-1,0.08934678,0.20263846,0.95532674,71.91753,0.0007055641,0.00052946806,0.07963619381189346,-0.00012440234422683716,0.9825653798256538,0.01743462017434616,0.0007055641
29,1,cat,-1,0.5146885,1.1673132,0.7426563,71.97215,1.030448,0.96520424,5.8438262939453125,5.764065697789192,0.9888059701492538,0.011194029850746245,1.030448
30,1,shuffle,-1,0.11067629,0.2510138,0.9446622,71.86558,0.033023108,0.04890479,0.08947940915822983,0.009718813002109528,0.8345771144278606,0.16542288557213936,0.033023108
31,1,unrelated,90,0.81696147,1.8528682,0.5915197,72.073296,1.698838,1.6507592,9.759678840637207,9.679918244481087,0.24808033077377437,0.7519196692262257,1.698838
41,2,paraphrase,-1,0.090868145,0.20608892,0.9545661,72.00075,0.0004543447,-0.00060246885,0.03821835666894913,0.00019171461462974548,0.9790842283776144,0.02091577162238556,0.0004543447
42,2,translate,-1,0.09781072,0.22183467,0.951095,71.98523,0.010899959,0.01514329,0.04469793662428856,0.006671294569969177,0.6637362637362637,0.3362637362637363,0.010899959
43,2,polarity,-1,0.09054358,0.20535281,0.9547288,72.011086,0.0016613752,-0.0013385713,0.0352896973490715,-0.002736944705247879,0.9821029082774049,0.017897091722595126,0.0016613752
44,2,vocab,-1,0.09522092,0.21596101,0.95238996,72.01433,0.0036771267,0.009269625,0.03091087006032467,-0.007115771993994713,0.9801699716713881,0.019830028328611915,0.0036771267
45,2,cat,4,0.4036902,0.9155692,0.7981551,71.852135,0.7111754,0.7088778,4.447850227355957,4.409823585301638,0.9886234357224118,0.011376564277588153,0.7111754
46,2,shuffle,-1,0.090898596,0.20615797,0.95455086,72.02547,0.015996065,-0.00053341687,0.034560732543468475,-0.0034659095108509064,0.8070374574347332,0.1929625425652668,0.015996065
47,2,unrelated,188,0.962139,2.1821308,0.51893085,72.128876,2.1075773,1.9754394,9.06311321258545,9.02508657053113,0.2602100350058343,0.7397899649941657,2.1075773
57,3,paraphrase,-1,0.12718494,0.2884554,0.93640774,72.01613,0.00062307605,0.006660104,0.07574902474880219,0.004034094512462616,0.9765319426336375,0.023468057366362483,0.00062307605
58,3,translate,-1,0.11527421,0.26144186,0.94236344,72.05435,0.022587681,-0.020353436,0.06258904188871384,-0.009125888347625732,0.5599513085818625,0.4400486914181375,0.022587681
59,3,polarity,-1,0.11718769,0.26578164,0.9414065,72.019165,0.0035874106,-0.016013652,0.06528205424547195,-0.006432875990867615,0.9783989834815756,0.021601016518424387,0.0035874106
60,3,vocab,-1,0.12275735,0.27841362,0.9386218,72.020096,0.0021505556,-0.0033816695,0.06905143707990646,-0.0026634931564331055,0.971986970684039,0.028013029315960947,0.0021505556
61,3,cat,3,0.4540941,1.0298853,0.77295315,71.95811,0.8851625,0.74809,9.190564155578613,9.118849225342274,0.9824333116460637,0.017566688353936266,0.8851625
62,3,shuffle,-1,0.11418985,0.25898254,0.9429056,71.99539,0.016835475,-0.022812754,0.05754031240940094,-0.01417461782693863,0.7671410090556274,0.23285899094437257,0.016835475
63,3,unrelated,254,0.8421501,1.909996,0.5789253,71.91779,1.9179415,1.6282008,6.052724838256836,5.981009908020496,0.24634146341463414,0.7536585365853659,1.9179415
73,4,paraphrase,-1,0.10010239,0.22703217,0.9499494,71.956726,0.00043300798,-0.002873376,0.006323802284896374,-0.0001380331814289093,0.9734299516908212,0.02657004830917875,0.00043300798
74,4,translate,-1,0.099894255,0.22656013,0.9500532,71.942566,0.009222538,-0.003345415,0.003598904935643077,-0.002862930530682206,0.6401384083044983,0.3598615916955017,0.009222538
75,4,polarity,-1,0.1004956,0.22792397,0.94975257,71.95076,0.0013129902,-0.0019815713,0.004809846170246601,-0.001651989296078682,0.979253112033195,0.020746887966805017,0.0013129902
76,4,vocab,-1,0.09927496,0.22515558,0.9503628,71.95253,0.0021698638,-0.0047499686,0.004674849100410938,-0.0017869863659143448,0.9837054918527459,0.016294508147254083,0.0021698638
77,4,cat,2,0.22312383,0.50604475,0.8884383,71.94781,0.33472627,0.2761392,5.724484920501709,5.718023085035384,0.9951807228915662,0.004819277108433773,0.33472627
78,4,shuffle,-1,0.10182397,0.23093672,0.9490885,71.915504,0.030267097,0.0010311753,0.003735867328941822,-0.002725968137383461,0.6542168674698795,0.3457831325301205,0.030267097
79,4,unrelated,81,0.9442803,2.1416273,0.52786005,71.91441,2.1600635,1.9117217,13.006409645080566,12.999947809614241,0.28002343292325715,0.7199765670767428,2.1600635
89,5,paraphrase,-1,0.16160099,0.366511,0.9191997,71.87725,0.0006069684,-0.00311172,0.027440829202532768,0.0005079377442598343,0.9707865168539326,0.02921348314606742,0.0006069684
90,5,translate,-1,0.16425452,0.37252918,0.9178729,71.87313,0.015286616,0.0029064715,0.02478114888072014,-0.0021517425775527954,0.6505636070853462,0.3494363929146538,0.015286616
91,5,polarity,-1,0.16299357,0.36966935,0.91850346,71.88262,0.0033143812,4.6640635e-05,0.031167320907115936,0.004234429448843002,0.973032471106219,0.026967528893780957,0.0033143812
92,5,vocab,-1,0.16704617,0.37886065,0.9164771,71.873886,0.0041488567,0.009237945,0.024746427312493324,-0.0021864641457796097,0.9791783905458639,0.020821609454136136,0.0041488567
93,5,cat,5,0.44136995,1.0010269,0.77931523,71.7313,0.79944575,0.63140416,1.9694342613220215,1.9425013698637486,0.9684813753581661,0.03151862464183386,0.79944575
94,5,shuffle,-1,0.16359231,0.3710273,0.9182039,71.88982,0.0027151927,0.0014045835,0.02886851690709591,0.0019356254488229752,0.8123595505617978,0.18764044943820224,0.0027151927
95,5,unrelated,55,0.86478364,1.9613289,0.56760854,71.98773,1.8352954,1.5917062,5.903712272644043,5.87677938118577,0.2232192933258553,0.7767807066741447,1.8352954
105,6,paraphrase,-1,0.037557393,0.08518015,0.98122156,71.92133,0.0003688035,-0.0013227314,0.0025514576118439436,-6.93413894623518e-05,0.9546991210277215,0.045300878972278524,0.0003688035
106,6,translate,-1,0.039448567,0.08946933,0.980276,71.91384,0.004564848,0.0029664487,0.0050736782141029835,0.002452879212796688,0.6008911521323997,0.39910884786760026,0.004564848
107,6,polarity,-1,0.040168647,0.09110247,0.9799159,71.930626,0.0024651228,0.0045995936,0.0026507836300879717,2.9984628781676292e-05,0.9813333333333333,0.01866666666666672,0.0024651228
108,6,vocab,-1,0.041896,0.09502011,0.97905236,71.938614,0.0028453695,0.008517228,0.005365757737308741,0.0027449587360024452,0.9666893269884432,0.03331067301155677,0.0028453695
109,6,cat,4,0.41446432,0.9400049,0.792768,71.83863,0.9047911,0.85350204,3.757796287536621,3.755175488535315,0.9780521262002744,0.021947873799725626,0.9047911
110,6,shuffle,-1,0.038737733,0.087857164,0.9806314,71.902725,0.0018940966,0.0013542846,0.002683045109733939,6.224610842764378e-05,0.8127544097693351,0.1872455902306649,0.0018940966
111,6,unrelated,17,0.91863,2.0834525,0.5406853,71.976746,2.0900462,1.9969496,7.208739757537842,7.2061189585365355,0.20884520884520885,0.7911547911547911,2.0900462
121,7,paraphrase,-1,0.12907222,0.29273573,0.9354641,71.75626,0.0022671137,0.020225078,0.08007986843585968,-0.01408349722623825,0.9678800856531049,0.032119914346895095,0.0022671137
122,7,translate,-1,0.13796072,0.31289485,0.9310199,71.73214,0.01288602,0.040384203,0.0993679016828537,0.005204536020755768,0.6373082632360217,0.36269173676397826,0.01288602
123,7,polarity,-1,0.13032669,0.29558086,0.9348372,71.77019,0.005094665,0.023070216,0.08238865435123444,-0.011774711310863495,0.9784096893101633,0.021590310689836745,0.005094665
124,7,vocab,-1,0.12116275,0.27479705,0.93941903,71.78094,0.0034162165,0.0022864044,0.06333812326192856,-0.030825242400169373,0.9639978506179473,0.036002149382052706,0.0034162165
125,7,cat,3,0.27818516,0.6309238,0.860908,71.657585,0.34941787,0.35841316,0.1769508719444275,0.08278750628232956,0.9886792452830189,0.01132075471698113,0.34941787
126,7,shuffle,-1,0.15961942,0.36201677,0.9201904,71.74667,0.055845734,0.08950612,0.07845132797956467,-0.015712037682533264,0.6233905579399142,0.37660944206008584,0.055845734
127,7,unrelated,216,0.7974326,1.8085768,0.60128385,71.79958,1.6224997,1.5360662,0.3567133843898773,0.2625500187277794,0.2920203735144312,0.7079796264855688,1.6224997
137,8,paraphrase,-1,0.14327672,0.32495153,0.92836213,71.90286,0.0007834503,-0.00023633242,0.00102359673473984,9.487848728895187e-06,0.9706093189964158,0.029390681003584218,0.0007834503
138,8,translate,-1,0.20332515,0.46114135,0.8983379,71.84236,0.08882634,0.13595349,0.006111980881541967,0.0050978719955310225,0.5798263193052772,0.42017368069472283,0.08882634
139,8,polarity,-1,0.14807114,0.3358253,0.92596483,71.895966,0.006495297,0.010637432,0.0013022345956414938,0.00028812570963054895,0.9747899159663865,0.025210084033613467,0.006495297
140,8,vocab,-1,0.14660469,0.33249936,0.9266982,71.88002,0.006137294,0.007311493,0.0012178526958450675,0.00020374380983412266,0.9656160458452722,0.034383954154727836,0.006137294
141,8,cat,4,0.4453532,1.0100609,0.77732396,71.71897,0.6892325,0.68487304,1.9681435823440552,1.9671294734580442,0.9828326180257511,0.01716738197424894,0.6892325
142,8,shuffle,-1,0.14391586,0.3264011,0.92804265,71.92741,0.01946471,0.0012132525,0.0012066714698448777,0.00019256258383393288,0.8054363376251789,0.19456366237482114,0.01946471
143,8,unrelated,205,0.8632657,1.9578862,0.5683677,72.06229,1.6482829,1.6326983,10.501493453979492,10.500479345093481,0.1964956195244055,0.8035043804755945,1.6482829
153,9,paraphrase,-1,0.0755327,0.17130813,0.9622339,71.73007,0.00037308768,-0.00054329634,0.012252166867256165,7.746554911136627e-05,0.9688947716743879,0.031105228325612133,0.00037308768
154,9,translate,-1,0.090077765,0.20429634,0.9549613,71.73475,0.024420995,0.03244491,0.0260385200381279,0.013863818719983101,0.5845588235294118,0.4154411764705882,0.024420995
155,9,polarity,-1,0.081857674,0.18565316,0.95907116,71.68915,0.011863306,0.013801739,0.012577330693602562,0.00040262937545776367,0.970360824742268,0.029639175257731964,0.011863306
156,9,vocab,-1,0.07765435,0.17612003,0.9611731,71.70257,0.016488077,0.0042686015,0.010235808789730072,-0.0019388925284147263,0.9782178217821782,0.0217821782178218,0.016488077
157,9,cat,-1,0.22549549,0.51142365,0.8872523,71.610054,0.29489297,0.33957222,3.375340461730957,3.3631657604128122,0.9973614775725593,0.0026385224274406704,0.29489297
158,9,shuffle,-1,0.08225059,0.1865443,0.9588747,71.7214,0.025009783,0.014692873,0.012048834934830666,-0.0001258663833141327,0.7321899736147758,0.2678100263852242,0.025009783
159,9,unrelated,68,0.68489283,1.5533366,0.6575535,71.98121,1.5282401,1.3814852,5.5079240798950195,5.495749378576875,0.23067484662576687,0.7693251533742331,1.5282401
169,10,paraphrase,-1,0.21600528,0.48989987,0.89199775,71.74611,0.0027086276,-0.0009496212,0.00798360351473093,-0.001364164985716343,0.9817961165048543,0.01820388349514568,0.0027086276
170,10,translate,-1,0.23373134,0.5301026,0.8831347,71.78218,0.034136787,0.039253116,0.007253754884004593,-0.0020940136164426804,0.7017347509792949,0.29826524902070506,0.034136787
171,10,polarity,-1,0.22016625,0.49933696,0.8899174,71.73556,0.007465288,0.008487463,0.01431721169501543,0.004969443194568157,0.983273596176822,0.016726403823178027,0.007465288
172,10,vocab,-1,0.21972995,0.49834743,0.89013547,71.73106,0.004164012,0.0074979365,0.008097399026155472,-0.0012503694742918015,0.9873111782477342,0.012688821752265822,0.004164012
173,10,cat,2,0.3521701,0.7987217,0.82391524,71.620056,0.24471861,0.30787218,0.06890958547592163,0.05956181697547436,0.9902912621359223,0.009708737864077666,0.24471861
174,10,shuffle,-1,0.21981482,0.49853992,0.8900931,71.72924,0.0072390256,0.0076904297,0.008707568049430847,-0.0006402004510164261,0.8220338983050848,0.17796610169491522,0.0072390256
175,10,unrelated,26,0.81284094,1.8435229,0.5935803,71.79431,1.3831388,1.3526734,5.008732795715332,4.999385027214885,0.24770079705702022,0.7522992029429798,1.3831388
185,11,paraphrase,-1,0.06864786,0.15569332,0.96567655,72.16927,0.00025588027,-0.001126349,0.17413389682769775,0.0017702877521514893,0.9704069050554871,0.0295930949445129,0.00025588027
186,11,translate,-1,0.07112377,0.16130868,0.96443844,72.15282,0.00891513,0.0044890046,0.1525789052248001,-0.019784703850746155,0.709101725163593,0.29089827483640696,0.00891513
187,11,polarity,-1,0.06904961,0.15660448,0.9654755,72.18488,0.0015207944,-0.00021518767,0.14767467975616455,-0.024688929319381714,0.9812007277137659,0.018799272286234125,0.0015207944
188,11,vocab,-1,0.067691565,0.15352444,0.9661547,72.17225,0.0015636901,-0.003295228,0.17265450954437256,0.00029090046882629395,0.9796421961752005,0.02035780382479946,0.0015636901
189,11,cat,5,0.33470216,0.7591044,0.83264935,71.91409,0.6855814,0.60228467,5.242650985717773,5.070287376642227,0.9876695437731196,0.012330456226880449,0.6855814
190,11,shuffle,-1,0.0694761,0.15757176,0.96526223,72.16074,0.0016207476,0.0007520914,0.16726839542388916,-0.0050952136516571045,0.8655980271270037,0.13440197287299627,0.0016207476
191,11,unrelated,67,0.7421645,1.6832287,0.62891835,71.89286,1.6614261,1.526409,7.393679141998291,7.221315532922745,0.16695254431103487,0.8330474556889651,1.6614261
201,12,paraphrase,-1,0.07282382,0.1651644,0.9635884,72.10824,0.00053243514,0.0011751801,0.022807005792856216,0.004935499280691147,0.9721362229102167,0.02786377708978327,0.00053243514
202,12,translate,-1,0.078977205,0.17912027,0.96051186,72.09663,0.00893123,0.015131056,0.022075582295656204,0.004204075783491135,0.6467605633802817,0.35323943661971835,0.00893123
203,12,polarity,-1,0.07315738,0.1659209,0.9634216,72.1152,0.001925141,0.0019316822,0.01809404045343399,0.0002225339412689209,0.9805352798053528,0.019464720194647178,0.001925141
204,12,vocab,-1,0.0687087,0.1558313,0.965646,72.09617,0.0024311366,-0.008157909,0.020332062616944313,0.0024605561047792435,0.972239358420728,0.02776064157927205,0.0024311366
205,12,cat,2,0.52822524,1.1980146,0.7358876,71.88675,1.0104184,1.0340254,5.805708408355713,5.787836901843548,0.9913258983890955,0.008674101610904539,1.0104184
206,12,shuffle,-1,0.083123066,0.18852307,0.95843893,72.10059,0.012998376,0.024533853,0.01882605068385601,0.0009545441716909409,0.7710396039603961,0.22896039603960394,0.012998376
207,12,unrelated,59,0.83243096,1.887953,0.58378494,71.890396,1.7704196,1.7239639,8.120262145996094,8.102390639483929,0.2270011947431302,0.7729988052568698,1.7704196
217,13,paraphrase,-1,0.10084857,0.22872451,0.9495758,71.86365,0.0003410673,0.0017316937,0.014134269207715988,8.642673492431641e-07,0.9627228525121556,0.037277147487844386,0.0003410673
218,13,translate,-1,0.10829065,0.24560314,0.94585466,71.82371,0.0092077805,0.018610328,0.014122292399406433,-1.111254096031189e-05,0.6074626865671642,0.3925373134328358,0.0092077805
219,13,polarity,-1,0.102186084,0.231758,0.94890726,71.85318,0.001371551,0.0047651827,0.014148864895105362,1.5459954738616943e-05,0.9702194357366771,0.029780564263322873,0.001371551
220,13,vocab,-1,0.10294944,0.23348929,0.9485254,71.84944,0.0018606441,0.006496474,0.014136765152215958,3.3602118492126465e-06,0.976706827309237,0.02329317269076303,0.0018606441
221,13,cat,4,0.3575887,0.811011,0.8212058,71.60266,0.5521494,0.58401823,0.5971980094909668,0.5830646045506,0.9904,0.009600000000000053,0.5521494
222,13,shuffle,-1,0.09950801,0.22568412,0.95024604,71.85581,0.01911025,-0.0013086945,0.014140117913484573,6.712973117828369e-06,0.6966292134831461,0.3033707865168539,0.01911025
223,13,unrelated,206,0.7647203,1.7343854,0.6176401,71.896614,1.4854529,1.5073925,4.982796669006348,4.968663264065981,0.20903225806451614,0.7909677419354839,1.4854529
233,14,paraphrase,-1,0.047902405,0.10864263,0.97604907,71.952354,0.00051634345,0.0006388575,0.032444704324007034,0.0005662217736244202,0.9802555168408827,0.019744483159117254,0.00051634345
234,14,translate,-1,0.04693625,0.1064514,0.97653216,71.946014,0.009784933,-0.0015523732,0.029085030779242516,-0.0027934517711400986,0.6309983452840596,0.3690016547159404,0.009784933
235,14,polarity,-1,0.047132127,0.10689564,0.97643435,71.94841,0.0009282902,-0.0011081323,0.03397228941321373,0.0020938068628311157,0.9873563218390805,0.012643678160919491,0.0009282902
236,14,vocab,-1,0.047483597,0.10769278,0.9762586,71.948685,0.003130395,-0.00031099468,0.03167523816227913,-0.0002032443881034851,0.9820289855072464,0.017971014492753623,0.003130395
237,14,cat,-1,0.38691983,0.877534,0.80654037,71.96489,0.84777325,0.7695302,5.556842803955078,5.5249643214046955,0.9918319719953326,0.008168028004667427,0.84777325
238,14,shuffle,-1,0.049156122,0.11148606,0.97542244,71.98392,0.010927244,0.0034822896,0.03600794076919556,0.0041294582188129425,0.8162790697674419,0.1837209302325581,0.010927244
239,14,unrelated,168,0.8194578,1.85853,0.5902714,71.772156,1.8487265,1.7505263,7.690296649932861,7.658418167382479,0.2736231884057971,0.7263768115942029,1.8487265
249,15,paraphrase,-1,0.06325053,0.14345217,0.96837497,71.98865,0.00042809788,0.00014667213,0.002369987778365612,0.00129826704505831,0.9687322342239909,0.03126776577600909,0.00042809788
250,15,translate,-1,0.08065607,0.18292792,0.9596721,71.96701,0.017747944,0.039622426,0.001470662304200232,0.00039894157089293003,0.6262626262626263,0.3737373737373737,0.017747944
251,15,polarity,-1,0.066421546,0.15064403,0.9667893,71.99643,0.002922498,0.0073385388,0.0023465638514608145,0.0012748431181535125,0.9749861033907726,0.02501389660922737,0.002922498
252,15,vocab,-1,0.063324995,0.14362106,0.96833754,71.98804,0.00366181,0.0003155619,0.0026889806613326073,0.0016172599280253053,0.9659090909090909,0.03409090909090906,0.00366181
253,15,cat,3,0.5413528,1.227788,0.72932374,71.848076,1.0924587,1.0844824,1.648005485534668,1.6469337648013607,0.9897377423033067,0.010262257696693311,1.0924587
254,15,shuffle,-1,0.06799431,0.15421107,0.96600294,71.96715,0.013636634,0.010905579,0.0028515998274087906,0.0017798790941014886,0.8443181818181819,0.15568181818181814,0.013636634
255,15,unrelated,186,0.8885361,2.0151994,0.5557322,72.017456,1.9347832,1.8718939,7.161331653594971,7.160259932861663,0.15864621893178213,0.8413537810682179,1.9347832
265,16,paraphrase,-1,0.1088019,0.24676266,0.9455993,72.08343,0.00032628435,0.0020474046,0.001540240366011858,1.3048062101006508e-05,0.9862700228832952,0.013729977116704761,0.00032628435
266,16,translate,-1,0.11017181,0.24986961,0.94491434,72.06077,0.027664607,0.0051543564,0.001463641645386815,-6.355065852403641e-05,0.6728665207877462,0.3271334792122538,0.027664607
267,16,polarity,-1,0.116151355,0.26343122,0.94192475,72.079475,0.0053168284,0.018715963,0.0021530543453991413,0.0006258620414882898,0.9875141884222475,0.012485811577752526,0.0053168284
268,16,vocab,-1,0.11011429,0.24973917,0.9449433,72.08123,0.0026504307,0.0050239116,0.0021381103433668613,0.0006109180394560099,0.9839080459770115,0.016091954022988464,0.0026504307
269,16,cat,-1,0.27569145,0.6252681,0.8621547,71.886215,0.46854958,0.38055283,0.02654455229640007,0.02501735999248922,0.9878962536023055,0.012103746397694515,0.46854958
270,16,shuffle,-1,0.12808113,0.29048795,0.9359599,72.0355,0.020182304,0.045772687,0.002070871414616704,0.0005436791107058525,0.8761467889908257,0.12385321100917435,0.020182304
271,16,unrelated,247,0.82901037,1.8801951,0.5854952,71.77908,1.7741481,1.6354799,12.464982986450195,12.463455794146284,0.21165817770232032,0.7883418222976797,1.7741481
281,17,paraphrase,-1,0.07075921,0.16048186,0.9646209,71.977234,0.0007684334,0.00038732588,0.04122009128332138,0.002451173961162567,0.982594048287479,0.017405951712521017,0.0007684334
282,17,translate,-1,0.07422724,0.16834736,0.9628868,71.98445,0.009830383,0.008252829,0.03777923434972763,-0.0009896829724311829,0.6901709401709402,0.30982905982905984,0.009830383
283,17,polarity,-1,0.07027005,0.15937243,0.9648655,71.98139,0.0026505594,-0.00072209537,0.03611602261662483,-0.0026528947055339813,0.9812154696132597,0.018784530386740328,0.0026505594
284,17,vocab,-1,0.07299264,0.16554727,0.96350425,71.97044,0.008589829,0.005452737,0.027248453348875046,-0.011520463973283768,0.987085906793936,0.012914093206063959,0.008589829
285,17,cat,3,0.6151167,1.3950844,0.6924421,71.90331,1.244225,1.2349899,4.150637626647949,4.11186870932579,0.9915966386554622,0.008403361344537785,1.244225
286,17,shuffle,-1,0.07925122,0.17974174,0.96037495,71.948006,0.016594056,0.01964721,0.03948966786265373,0.0007207505404949188,0.819304152637486,0.18069584736251398,0.016594056
287,17,unrelated,105,0.8237688,1.8683072,0.58811617,71.827545,1.7777959,1.7082127,7.296454906463623,7.257685989141464,0.11695215593620792,0.8830478440637921,1.7777959
297,18,paraphrase,-1,0.043426957,0.09849232,0.9782867,72.109116,0.0006087205,0.0015298575,0.01032557524740696,-0.00021505728363990784,0.964793082149475,0.03520691785052499,0.0006087205
298,18,translate,-1,0.048407212,0.10978754,0.9757965,72.082855,0.019945897,0.012825079,0.00868171826004982,-0.0018589142709970474,0.6204506065857885,0.37954939341421146,0.019945897
299,18,polarity,-1,0.04464558,0.10125616,0.9776774,72.107376,0.002385064,0.0042937025,0.008888039737939835,-0.0016525927931070328,0.9788263762855415,0.021173623714458523,0.002385064
300,18,vocab,-1,0.044832952,0.10168111,0.97758365,72.11875,0.00263888,0.004718654,0.009261139668524265,-0.001279492862522602,0.9748311847759361,0.02516881522406389,0.00263888
301,18,cat,-1,0.39785674,0.9023389,0.80107176,72.143105,0.86724836,0.80537647,2.190298080444336,2.179757447913289,0.9813200498132005,0.018679950186799466,0.86724836
302,18,shuffle,-1,0.051227164,0.116183184,0.9743866,72.1219,0.014005833,0.019220725,0.00830639898777008,-0.002234233543276787,0.8448275862068966,0.15517241379310343,0.014005833
303,18,unrelated,215,0.7395156,1.6772211,0.63024247,71.944916,1.6437368,1.5802586,7.416794300079346,7.406253667548299,0.3009764503159104,0.6990235496840895,1.6437368
313,19,paraphrase,-1,0.11038319,0.25034901,0.9448088,71.96119,0.0009952149,0.0046426356,0.0024360790848731995,-0.0012861895374953747,0.9732034104750305,0.02679658952496955,0.0009952149
314,19,translate,-1,0.14053045,0.318723,0.929735,71.94064,0.030791953,0.07301661,0.004484529606997967,0.0007622609846293926,0.6537142857142857,0.3462857142857143,0.030791953
315,19,polarity,-1,0.1119809,0.25397262,0.9440099,71.957375,0.0050909794,0.00826624,0.004169780761003494,0.0004475121386349201,0.977326968973747,0.022673031026252954,0.0050909794
316,19,vocab,-1,0.11535946,0.2616352,0.94232076,71.9584,0.006296391,0.015928835,0.00625366298481822,0.002531394362449646,0.9788007268322229,0.021199273167777144,0.006296391
317,19,cat,4,0.29940525,0.679051,0.8502978,71.67469,0.3824859,0.4333446,0.1666966676712036,0.16297439904883504,0.9829476248477467,0.01705237515225333,0.3824859
318,19,shuffle,-1,0.11994304,0.27203077,0.9400287,71.99823,0.013554475,0.026324391,0.0037893657572567463,6.709713488817215e-05,0.7363304981773997,0.2636695018226003,0.013554475
319,19,unrelated,240,0.7762367,1.7605045,0.611882,71.9097,1.63957,1.5147982,0.3980846703052521,0.3943624016828835,0.21911682504192287,0.7808831749580771,1.63957
329,20,paraphrase,-1,0.18033738,0.4090051,0.9098315,72.193825,0.00073272415,0.00083619356,0.06936612725257874,0.006163515150547028,0.9718056388722256,0.028194361127774403,0.00073272415
330,20,translate,-1,0.17700455,0.40144622,0.9114982,72.17628,0.017955068,-0.0067226887,0.11777082085609436,0.05456820875406265,0.5951164111300398,0.40488358886996023,0.017955068
331,20,polarity,-1,0.18004104,0.408333,0.9099799,72.166916,0.0027923174,0.00016409159,0.061923686414957047,-0.0012789256870746613,0.9798578199052133,0.020142180094786744,0.0027923174
332,20,vocab,-1,0.18047607,0.40931964,0.9097623,72.17582,0.0021583592,0.0011507273,0.07567339390516281,0.012470781803131104,0.965558912386707,0.03444108761329301,0.0021583592
333,20,cat,-1,0.7548751,1.7120564,0.6225628,71.67411,1.3882047,1.3038875,3.2057783603668213,3.1425757482647896,0.9879807692307693,0.012019230769230727,1.3882047
334,20,shuffle,-1,0.18071745,0.4098671,0.9096416,72.1693,0.0026493282,0.0016981959,0.06338108330965042,0.00017847120761871338,0.8,0.19999999999999996,0.0026493282
335,20,unrelated,58,1.2361273,2.8035362,0.3819368,71.920296,2.5884616,2.3953671,2.2408370971679688,2.177634485065937,0.2714203565267395,0.7285796434732605,2.5884616
345,21,paraphrase,-1,0.14797322,0.3356032,0.9260135,71.796265,0.00029704455,-0.0005424917,0.02998991310596466,-0.0005949214100837708,0.9739311783107404,0.026068821689259614,0.00029704455
346,21,translate,-1,0.15438904,0.35015428,0.9228058,71.77474,0.01275239,0.014008582,0.02999604493379593,-0.0005887895822525024,0.5800486618004866,0.41995133819951336,0.01275239
347,21,polarity,-1,0.15114392,0.34279436,0.9244282,71.80911,0.0017660374,0.0066486597,0.03410130739212036,0.00351647287607193,0.9835051546391752,0.016494845360824795,0.0017660374
348,21,vocab,-1,0.14667155,0.33265102,0.92666453,71.797455,0.0054594497,-0.00349468,0.029329851269721985,-0.0012549832463264465,0.9700787401574803,0.0299212598425197,0.0054594497
349,21,cat,-1,0.42055407,0.9538165,0.78972304,71.77378,0.79102135,0.6176708,4.600783824920654,4.570198990404606,0.9916317991631799,0.008368200836820106,0.79102135
350,21,shuffle,-1,0.15392616,0.34910446,0.923037,71.80006,0.022538183,0.012958765,0.027196668088436127,-0.0033881664276123047,0.5376569037656904,0.4623430962343096,0.022538183
351,21,unrelated,251,0.65978426,1.4963905,0.670108,71.89273,1.2713006,1.1602447,0.9215664863586426,0.8909816518425941,0.16132368148914167,0.8386763185108583,1.2713006
361,22,paraphrase,-1,0.07678753,0.17415409,0.96160644,72.072975,0.00016586615,0.00029848516,0.09138935804367065,-0.0006424263119697571,0.9688122096881221,0.031187790311877905,0.00016586615
362,22,translate,-1,0.09534991,0.21625355,0.9523252,72.05698,0.028197737,0.042397946,0.06761708855628967,-0.02441469579935074,0.5766103814884302,0.42338961851156975,0.028197737
363,22,polarity,-1,0.07809454,0.17711839,0.9609527,72.078,0.0035068288,0.003262788,0.108238086104393,0.016206301748752594,0.9830508474576272,0.016949152542372836,0.0035068288
364,22,vocab,-1,0.07495658,0.17000149,0.962522,72.05952,0.0021876313,-0.0038541108,0.08492616564035416,-0.007105618715286255,0.9693333333333334,0.03066666666666662,0.0021876313
365,22,cat,2,0.29590535,0.6711132,0.8520475,72.05916,0.4742808,0.4972576,5.94892692565918,5.856895141303539,0.9907161803713528,0.009283819628647216,0.4742808
366,22,shuffle,-1,0.0854014,0.19369034,0.95729953,72.039276,0.026362803,0.019834742,0.07225703448057175,-0.019774749875068665,0.7059602649006622,0.2940397350993378,0.026362803
367,22,unrelated,130,0.830095,1.882655,0.5849526,71.99268,1.8021278,1.7087994,17.544872283935547,17.452840499579906,0.19096117122851686,0.8090388287714831,1.8021278
377,23,paraphrase,-1,0.17704366,0.40153494,0.91147846,71.88501,0.00033361092,0.0018832386,0.143131285905838,-0.0038393139839172363,0.9769850402761795,0.023014959723820505,0.00033361092
378,23,translate,-1,0.19749448,0.44791737,0.90125316,71.914314,0.06164575,0.048265666,0.15287739038467407,0.005906790494918823,0.50231124807396,0.49768875192604,0.06164575
379,23,polarity,-1,0.18286599,0.41474,0.9085672,71.90371,0.009416226,0.01508829,0.11303318291902542,-0.03393741697072983,0.9780033840947546,0.021996615905245376,0.009416226
380,23,vocab,-1,0.18008177,0.40842536,0.90995944,71.895004,0.002507218,0.008773655,0.1455213874578476,-0.0014492124319076538,0.9850746268656716,0.014925373134328401,0.002507218
381,23,cat,-1,0.5011479,1.1366032,0.7494264,71.73565,0.90661395,0.73695153,2.5074522495269775,2.3604816496372223,0.9884659746251442,0.011534025374855816,0.90661395
382,23,shuffle,-1,0.2116977,0.48013029,0.89415133,71.867226,0.054618593,0.08047858,0.1049744039773941,-0.041996195912361145,0.5843857634902411,0.4156142365097589,0.054618593
383,23,unrelated,112,0.8332492,1.8898089,0.58337563,71.86492,1.7046647,1.4901571,3.81565523147583,3.668684631586075,0.15644344400675295,0.8435565559932471,1.7046647
393,24,paraphrase,-1,0.066273496,0.15030825,0.9668638,72.11923,0.00022672238,-0.00021015108,0.0003922770847566426,-5.6908465921878815e-06,0.9679633867276888,0.03203661327231122,0.00022672238
394,24,translate,-1,0.07206216,0.16343693,0.9639693,72.10324,0.010900065,0.012918532,0.00036707648541778326,-3.08914459310472e-05,0.6449834619625138,0.35501653803748623,0.010900065
395,24,polarity,-1,0.067621335,0.15336516,0.96618986,72.120255,0.0028355,0.0028467625,0.00033874536165967584,-5.9222569689154625e-05,0.9818799546998868,0.01812004530011324,0.0028355
396,24,vocab,-1,0.06797235,0.15416126,0.96601427,72.11989,0.004074962,0.003642857,0.0004110958252567798,1.3127893907949328e-05,0.9590778097982708,0.04092219020172916,0.004074962
397,24,cat,-1,0.5494606,1.2461764,0.7252702,72.06179,1.1002079,1.095658,12.221673965454102,12.221275997522753,0.9930955120828538,0.0069044879171461515,1.1002079
398,24,shuffle,-1,0.06898022,0.1564471,0.9655103,72.11561,0.0032921273,0.005928695,0.002341859508305788,0.0019438915769569576,0.7905638665132336,0.20943613348676637,0.0032921273
399,24,unrelated,84,0.8153755,1.8492713,0.5923127,72.13656,1.7166239,1.6987529,14.913182258605957,14.912784290674608,0.23473621813870776,0.7652637818612922,1.7166239
409,25,paraphrase,-1,0.12346885,0.2800273,0.9382658,72.05724,0.00021656303,-0.00017306209,0.006469374056905508,-1.5501398593187332e-05,0.9739644970414201,0.026035502958579926,0.00021656303
410,25,translate,-1,0.1326867,0.3009334,0.9336568,72.00132,0.021384094,0.020733029,0.0066279396414756775,0.00014306418597698212,0.6190748143917761,0.38092518560822386,0.021384094
411,25,polarity,-1,0.123254165,0.2795404,0.93837315,72.053375,0.0019674029,-0.00065997243,0.0063381860964000225,-0.00014668935909867287,0.9802325581395349,0.019767441860465085,0.0019674029
412,25,vocab,-1,0.12351646,0.28013527,0.93824184,72.031525,0.0018206843,-6.508827e-05,0.006682845298200846,0.00019796984270215034,0.9869668246445498,0.013033175355450233,0.0018206843
413,25,cat,-1,0.39056057,0.8857912,0.8047198,71.83415,0.6111068,0.6055908,4.677099227905273,4.670614352449775,0.9964497041420118,0.0035502958579881616,0.6111068
414,25,shuffle,-1,0.13947737,0.3163346,0.9302615,71.99124,0.04150717,0.036134243,0.004050492774695158,-0.0024343826808035374,0.8297872340425532,0.17021276595744683,0.04150717
415,25,unrelated,147,0.8305625,1.8837153,0.58471906,72.01205,1.7003186,1.6035149,7.498818397521973,7.492333522066474,0.18753447324875896,0.8124655267512411,1.7003186
423,26,paraphrase,-1,0.07526331,0.17069715,0.9623686,71.7993,0.0002672496,-0.00016857684,0.009036559611558914,-0.000472494401037693,0.9789864029666254,0.021013597033374576,0.0002672496
424,26,translate,-1,0.079039454,0.17926145,0.9604804,71.77399,0.007443997,0.008395717,0.014788039028644562,0.0052789850160479546,0.6533018867924528,0.3466981132075472,0.007443997
425,26,polarity,-1,0.07577819,0.1718649,0.9621113,71.79345,0.0012493059,0.0009991676,0.009944349527359009,0.0004352955147624016,0.988929889298893,0.011070110701106972,0.0012493059
426,26,vocab,-1,0.07572545,0.17174529,0.9621377,71.791084,0.00079269474,0.00087955594,0.009274143725633621,-0.000234910286962986,0.986335403726708,0.013664596273291973,0.00079269474
427,26,cat,-1,0.36653635,0.83130425,0.8167321,71.826324,0.6820563,0.66043854,6.086341381072998,6.076832327060401,0.9950310559006211,0.004968944099378869,0.6820563
428,26,shuffle,-1,0.07611431,0.17262723,0.9619428,71.78645,0.0022147503,0.0017614961,0.009670821949839592,0.00016176793724298477,0.8173913043478261,0.18260869565217386,0.0022147503
429,26,unrelated,36,0.64982873,1.4738113,0.67508584,72.071815,1.3794096,1.3029455,5.071608543395996,5.0620994893833995,0.2077922077922078,0.7922077922077921,1.3794096
439,27,paraphrase,-1,0.14443675,0.32758248,0.9277818,72.026306,0.00040948426,0.00026112795,0.12983618676662445,0.016736052930355072,0.9741863075196409,0.02581369248035914,0.00040948426
440,27,translate,-1,0.15612453,0.35409036,0.9219381,71.99608,0.012417625,0.026769012,0.1343093067407608,0.021209172904491425,0.602577873254565,0.397422126745435,0.012417625
441,27,polarity,-1,0.1507663,0.3419379,0.9246173,72.02416,0.009207676,0.014616549,0.13198548555374146,0.018885351717472076,0.9790055248618784,0.020994475138121582,0.009207676
442,27,vocab,-1,0.13648614,0.30955052,0.9317572,72.019615,0.011306164,-0.017770827,0.1011437177658081,-0.011956416070461273,0.978675645342312,0.021324354657688005,0.011306164
443,27,cat,4,0.5194017,1.1780028,0.74029964,72.00163,1.0342515,0.8506815,2.6931183338165283,2.580018199980259,0.9771949828962372,0.022805017103762815,1.0342515
444,27,shuffle,-1,0.15438315,0.35014093,0.92280877,71.9946,0.018155891,0.022819579,0.12411348521709442,0.011013351380825043,0.5050618672665916,0.49493813273340836,0.018155891
445,27,unrelated,18,1.02239,2.3187802,0.48880544,72.11403,2.355082,1.9914589,2.1674575805664062,2.054357446730137,0.28336272780717225,0.7166372721928278,2.355082
455,28,paraphrase,-1,0.07041881,0.15970984,0.9647907,71.85555,0.00022664551,-0.00023905933,0.00954347848892212,4.7437846660614014e-05,0.9746543778801844,0.025345622119815614,0.00022664551
456,28,translate,-1,0.07267668,0.16483068,0.9636617,71.836365,0.01942292,0.0048817843,0.006969757378101349,-0.0025262832641601562,0.6323935876174682,0.3676064123825318,0.01942292
457,28,polarity,-1,0.07147574,0.16210695,0.96426225,71.85332,0.0012997112,0.0021580458,0.009324588812887669,-0.00017145182937383652,0.9840728100113766,0.015927189988623414,0.0012997112
458,28,vocab,-1,0.07078502,0.1605404,0.9646078,71.84674,0.00074307696,0.0005915016,0.01461864821612835,0.005122607573866844,0.9850230414746544,0.01497695852534564,0.00074307696
459,28,cat,4,0.409439,0.92860746,0.79528064,71.58809,0.8414765,0.7686586,7.6410746574401855,7.631578616797924,0.981460023174971,0.018539976825028948,0.8414765
460,28,shuffle,-1,0.09032007,0.20484589,0.9548402,71.77071,0.041016106,0.04489699,0.029147904366254807,0.0196518637239933,0.5184757505773672,0.48152424942263283,0.041016106
461,28,unrelated,194,0.7932667,1.7991285,0.6033669,71.95903,1.8240536,1.6391796,10.360642433166504,10.351146392524242,0.2655072463768116,0.7344927536231884,1.8240536
471,29,paraphrase,-1,0.06455855,0.14641877,0.967721,71.80375,0.00022464433,0.0011709481,0.008615792728960514,-2.8605572879314423e-05,0.9738430583501007,0.026156941649899346,0.00022464433
472,29,translate,-1,0.0774202,0.17558898,0.96129036,71.76986,0.015263769,0.030341163,0.027081109583377838,0.01843671128153801,0.6106870229007634,0.3893129770992366,0.015263769
473,29,polarity,-1,0.06543235,0.14840053,0.967284,71.80998,0.0012596879,0.0031527132,0.008051122538745403,-0.0005932757630944252,0.9854304635761589,0.014569536423841067,0.0012596879
474,29,vocab,-1,0.06465775,0.14664374,0.96767163,71.80934,0.0014788228,0.0013959259,0.009701197035610676,0.0010567987337708473,0.9784656796769852,0.021534320323014833,0.0014788228
475,29,cat,4,0.30729294,0.69694024,0.8463538,71.741356,0.5486912,0.5516924,3.344815254211426,3.336170855909586,0.9866131191432396,0.01338688085676043,0.5486912
476,29,shuffle,-1,0.08226348,0.18657354,0.9588687,71.750725,0.03563117,0.04132572,0.013495562598109245,0.004851164296269417,0.5503355704697986,0.44966442953020136,0.03563117
477,29,unrelated,132,0.7659075,1.737078,0.6170466,71.76625,1.6050782,1.5918301,7.295243740081787,7.286599341779947,0.2947501581277672,0.7052498418722328,1.6050782
487,30,paraphrase,-1,0.0998586,0.22647925,0.95007116,71.988075,0.0010657378,0.0033154935,0.2723635733127594,-0.008046388626098633,0.972972972972973,0.027027027027026973,0.0010657378
488,30,translate,-1,0.11006449,0.24962622,0.9449683,71.9244,0.023447718,0.026462466,0.4323453903198242,0.1519354283809662,0.5491358024691358,0.45086419753086415,0.023447718
489,30,polarity,-1,0.10126879,0.22967757,0.9493661,71.98158,0.0011402444,0.006513819,0.281721293926239,0.0013113319873809814,0.9884696016771488,0.011530398322851187,0.0011402444
490,30,vocab,-1,0.10357265,0.23490272,0.9482142,71.988144,0.006270247,0.011738971,0.29918092489242554,0.018770962953567505,0.9819532908704883,0.018046709129511673,0.006270247
491,30,cat,2,0.46267337,1.049343,0.76866376,71.540245,0.74191386,0.82617927,4.155587196350098,3.8751772344112396,0.9925768822905621,0.007423117709437932,0.74191386
492,30,shuffle,-1,0.10457796,0.23718277,0.9477116,71.98361,0.0047213132,0.014019012,0.29199865460395813,0.011588692665100098,0.8315677966101694,0.16843220338983056,0.0047213132
493,30,unrelated,134,0.82402295,1.8688837,0.58798885,71.88705,1.706684,1.64572,7.064028263092041,6.783618301153183,0.158144438587243,0.841855561412757,1.706684
503,31,paraphrase,-1,0.23044029,0.5226385,0.88478,71.7736,0.00048074848,-0.002119422,0.0028108987025916576,5.739904008805752e-05,0.9793180547792063,0.020681945220793696,0.00048074848
504,31,translate,-1,0.24963494,0.56617194,0.8751826,71.80229,0.02193587,0.041414022,0.007645444944500923,0.004891945281997323,0.6521060842433697,0.3478939157566303,0.02193587
505,31,polarity,-1,0.2239893,0.50800765,0.88800526,71.7494,0.0027713634,-0.016750276,0.0032397182658314705,0.00048621860332787037,0.9845984598459846,0.015401540154015403,0.0027713634
506,31,vocab,-1,0.22044858,0.4999773,0.889776,71.7529,0.0102788955,-0.024780631,0.003976325038820505,0.001222825376316905,0.9838799332962757,0.016120066703724345,0.0102788955
507,31,cat,-1,0.54043424,1.2257047,0.72978294,71.6552,0.7805235,0.70094675,3.7304434776306152,3.7276899779681116,0.9955406911928651,0.004459308807134854,0.7805235
508,31,shuffle,-1,0.20924976,0.47457838,0.89537495,71.80394,0.23881721,-0.05017954,0.004063487984240055,0.001309988321736455,0.5674470457079153,0.43255295429208473,0.23881721
509,31,unrelated,97,0.81654227,1.8519175,0.5917289,71.959984,1.5635803,1.3271596,1.987735390663147,1.9849818910006434,0.19605568445475638,0.8039443155452436,1.5635803
519,32,paraphrase,-1,0.060269028,0.13669012,0.96986616,71.945076,0.0003497069,-0.00070253015,0.02443191222846508,0.0022716056555509567,0.9768230638778971,0.02317693612210292,0.0003497069
520,32,translate,-1,0.062828854,0.14249581,0.9685862,71.885826,0.018060185,0.005103156,0.025751080363988876,0.003590773791074753,0.5868325557283567,0.4131674442716433,0.018060185
521,32,polarity,-1,0.06340845,0.14381033,0.96829635,71.94664,0.0016360144,0.006417677,0.02282336913049221,0.0006630625575780869,0.9810055865921787,0.018994413407821265,0.0016360144
522,32,vocab,-1,0.06128853,0.13900235,0.96935624,71.950676,0.0012529077,0.0016096979,0.022572821006178856,0.00041251443326473236,0.9743589743589743,0.02564102564102566,0.0012529077
523,32,cat,-1,0.40683404,0.9226994,0.79658365,71.837616,0.84873205,0.78530675,7.727382183074951,7.705221876502037,0.9863325740318907,0.013667425968109326,0.84873205
524,32,shuffle,-1,0.08003833,0.1815269,0.9599816,71.94687,0.024110682,0.044134244,0.031455591320991516,0.009295284748077393,0.7809307604994324,0.21906923950056756,0.024110682
525,32,unrelated,87,0.90379107,2.0497978,0.548105,72.025185,2.0601256,1.9124051,6.222176551818848,6.2000162452459335,0.2094240837696335,0.7905759162303665,2.0601256
535,33,paraphrase,-1,0.074048094,0.16794105,0.96297634,72.34675,0.0007018944,-0.0001989156,0.003993007820099592,-2.7511268854141235e-06,0.9818607372732592,0.018139262726740824,0.0007018944
536,33,translate,-1,0.07850279,0.17804429,0.9607487,72.32271,0.011575608,0.009904325,0.008753148838877678,0.004757389891892672,0.6259798432250839,0.37402015677491607,0.011575608
537,33,polarity,-1,0.076490656,0.17348078,0.96175486,72.348206,0.0009646757,0.0053408146,0.004013644531369209,1.7885584384202957e-05,0.9838337182448037,0.0161662817551963,0.0009646757
538,33,vocab,-1,0.07410161,0.16806242,0.9629497,72.35502,0.0013869995,-7.754564e-05,0.004753000568598509,0.0007572416216135025,0.978375219170076,0.02162478082992403,0.0013869995
539,33,cat,-1,0.6215667,1.409713,0.6892172,72.02848,1.2673805,1.2415731,11.716287612915039,11.712291853968054,0.9941520467836257,0.005847953216374324,1.2673805
540,33,shuffle,-1,0.07467883,0.16937156,0.9626609,72.33938,0.0020271703,0.0012315959,0.003996670711785555,9.117648005485535e-07,0.8208430913348946,0.17915690866510536,0.0020271703
541,33,unrelated,131,0.9767087,2.215175,0.51164603,72.123344,2.1290143,2.047035,10.060276985168457,10.056281226221472,0.17101273499090358,0.8289872650090964,2.1290143
551,34,paraphrase,-1,0.24262509,0.5502736,0.87868774,71.61054,0.0008486917,-0.0019016266,0.011441372334957123,0.00025309063494205475,0.9795490298898794,0.020450970110120648,0.0008486917
552,34,translate,-1,0.25666255,0.5821105,0.871669,71.583626,0.013920596,0.0299353,0.007980909198522568,-0.0032073725014925003,0.6188828472565496,0.38111715274345037,0.013920596
553,34,polarity,-1,0.24282067,0.5507172,0.87859005,71.604614,0.0033455256,-0.0014580488,0.01168861798942089,0.0005003362894058228,0.9865563598759048,0.013443640124095158,0.0033455256
554,34,vocab,-1,0.24530911,0.55636096,0.87734586,71.61011,0.004232172,0.004185736,0.007508418522775173,-0.003679863177239895,0.9822175732217573,0.01778242677824271,0.004232172
555,34,cat,2,0.3725719,0.8449929,0.8137143,71.571434,0.46006578,0.29281765,2.272855281829834,2.261667000129819,0.9968652037617555,0.0031347962382445305,0.46006578
556,34,shuffle,-1,0.23902926,0.54211825,0.88048595,71.608696,0.0030461312,-0.0100569725,0.01079736091196537,-0.0003909207880496979,0.8598326359832636,0.14016736401673635,0.0030461312
557,34,unrelated,24,0.8408901,1.9071383,0.5795552,72.11938,1.4827688,1.3549631,1.5524758100509644,1.5412875283509493,0.2191780821917808,0.7808219178082192,1.4827688
567,35,paraphrase,-1,0.046194285,0.10476862,0.97690344,71.912445,0.00056861906,0.0025874376,0.01969953626394272,0.0033009089529514313,0.9821119446047317,0.017888055395268276,0.00056861906
568,35,translate,-1,0.047249828,0.10716259,0.9763754,71.901344,0.010275267,0.004981406,0.017567675560712814,0.001169048249721527,0.7043189368770764,0.29568106312292364,0.010275267
569,35,polarity,-1,0.04459747,0.10114704,0.97770184,71.91831,0.0013091941,-0.0010341406,0.016597479581832886,0.0001988522708415985,0.9885057471264368,0.011494252873563204,0.0013091941
570,35,vocab,-1,0.05014631,0.11373181,0.9749273,71.90473,0.006302119,0.011550628,0.026230810210108757,0.00983218289911747,0.9930394431554525,0.00696055684454755,0.006302119
571,35,cat,3,0.27989525,0.6348023,0.86005265,71.93457,0.5808212,0.5326211,0.800566554069519,0.7841679267585278,0.9947826086956522,0.00521739130434784,0.5808212
572,35,shuffle,-1,0.057842422,0.13118659,0.9710793,71.96504,0.02941508,0.029005408,0.026441551744937897,0.01004292443394661,0.47735191637630664,0.5226480836236933,0.02941508
573,35,unrelated,170,0.78766906,1.7864331,0.6061659,72.024605,1.8243304,1.6842519,8.4425630569458,8.42616442963481,0.2398190045248869,0.7601809954751131,1.8243304
583,36,paraphrase,-1,0.07870088,0.17849356,0.9606501,72.0647,0.00040538938,0.0017116964,0.03886736184358597,-0.0012869462370872498,0.9808587687532333,0.0191412312467667,0.00040538938
584,36,translate,-1,0.080561124,0.1827126,0.9597198,72.05651,0.010800836,0.0059307367,0.03991221636533737,-0.00024209171533584595,0.6886838271005342,0.3113161728994658,0.010800836
585,36,polarity,-1,0.07765367,0.1761185,0.9611735,72.06865,0.001228928,-0.0006633699,0.03819986432790756,-0.0019544437527656555,0.9856850715746421,0.014314928425357865,0.001228928
586,36,vocab,-1,0.07723241,0.17516308,0.96138424,72.064575,0.0013766583,-0.0016187876,0.03728518635034561,-0.002869121730327606,0.980269989615784,0.019730010384215957,0.0013766583
587,36,cat,-1,0.38420475,0.8713762,0.80789787,72.03134,0.7526625,0.6945944,4.979617118835449,4.939462810754776,0.9948186528497409,0.005181347150259086,0.7526625
588,36,shuffle,-1,0.096055456,0.21785372,0.9519727,72.080414,0.056201916,0.041071862,0.05898696929216385,0.01883266121149063,0.6097308488612836,0.3902691511387164,0.056201916
589,36,unrelated,122,0.7506462,1.7024652,0.6246772,71.92981,1.5752519,1.5256833,2.1375253200531006,2.0973710119724274,0.20052219321148826,0.7994778067885118,1.5752519
599,37,paraphrase,-1,0.04873248,0.110525236,0.9756341,72.04281,0.00044066925,-0.00039182603,0.011145345866680145,-0.0014322847127914429,0.9778621125869703,0.02213788741302969,0.00044066925
600,37,translate,-1,0.05123649,0.116204344,0.9743823,72.04605,0.009088671,0.005287282,0.010166717693209648,-0.00241091288626194,0.6391752577319587,0.3608247422680413,0.009088671
601,37,polarity,-1,0.048472866,0.10993644,0.97576416,72.05903,0.0010704536,-0.0009806231,0.010549288243055344,-0.0020283423364162445,0.9863013698630136,0.013698630136986356,0.0010704536
602,37,vocab,-1,0.050706666,0.1150027,0.97464705,72.050865,0.0022623641,0.0040856376,0.012819339521229267,0.00024170894175767899,0.9817265280403277,0.018273471959672327,0.0022623641
603,37,cat,3,0.43193045,0.9796181,0.78403515,71.941895,0.8838244,0.868701,7.329370975494385,7.316793344914913,0.9808673469387755,0.01913265306122447,0.8838244
604,37,shuffle,-1,0.050848275,0.115323864,0.9745761,72.03338,0.012839471,0.0044068024,0.008585535921156406,-0.003992094658315182,0.807061790668348,0.19293820933165196,0.012839471
605,37,unrelated,113,0.89733267,2.03515,0.5513342,71.679375,1.9676698,1.924233,10.724883079528809,10.712305448949337,0.266433973240256,0.733566026759744,1.9676698
615,38,paraphrase,-1,0.14360164,0.32568845,0.92819965,71.87327,0.00095467456,2.5838614e-05,0.053021207451820374,-0.0020232684910297394,0.9693530079455165,0.030646992054483513,0.00095467456
616,38,translate,-1,0.14142498,0.3207518,0.9292877,71.87242,0.009649752,-0.0049108267,0.047916390001773834,-0.007128085941076279,0.6716899892357373,0.3283100107642627,0.009649752
617,38,polarity,-1,0.14428386,0.32723573,0.92785853,71.89035,0.002525297,0.0015731156,0.04839003086090088,-0.006654445081949234,0.9821029082774049,0.017897091722595126,0.002525297
618,38,vocab,-1,0.14563063,0.3302902,0.92718494,71.88619,0.008540449,0.0046275854,0.0502203032374382,-0.004824172705411911,0.9777524244152881,0.02224757558471191,0.008540449
619,38,cat,-1,0.32874542,0.7455945,0.8356275,71.86888,0.51288384,0.4199319,4.257736682891846,4.202692206948996,0.990909090909091,0.009090909090909038,0.51288384
620,38,shuffle,-1,0.14626792,0.33173558,0.9268664,71.887634,0.018868344,0.0060729682,0.05413356050848961,-0.0009109154343605042,0.6068181818181818,0.3931818181818182,0.018868344
621,38,unrelated,226,1.2405983,2.8136764,0.37970102,72.441086,2.6902144,2.4880137,2.292505979537964,2.2374615035951138,0.19932432432432431,0.8006756756756757,2.6902144
631,39,paraphrase,-1,0.047066085,0.10674586,0.97646725,72.18502,0.00020860374,0.00040446222,0.04145016521215439,-0.00030527636408805847,0.9758454106280193,0.024154589371980673,0.00020860374
632,39,translate,-1,0.046349727,0.10512116,0.9768255,72.18131,0.004478187,-0.0012202412,0.041856661438941956,0.00010121986269950867,0.6594533029612756,0.3405466970387244,0.004478187
633,39,polarity,-1,0.047345214,0.10737892,0.9763276,72.18234,0.0008637386,0.0010375232,0.035543449223041534,-0.0062119923532009125,0.986904761904762,0.013095238095238049,0.0008637386
634,39,vocab,-1,0.046848774,0.106253,0.97657603,72.176476,0.004145582,-8.840114e-05,0.03314299136400223,-0.008612450212240219,0.9714978775015161,0.02850212249848394,0.004145582
635,39,cat,-1,0.3536572,0.80209434,0.82317185,72.05049,0.76552397,0.6957529,6.974761962890625,6.9330065213143826,0.9975961538461539,0.0024038461538461453,0.76552397
636,39,shuffle,-1,0.063722715,0.14452308,0.9681389,72.1696,0.026951997,0.038181685,0.048628710210323334,0.006873268634080887,0.5578313253012048,0.44216867469879517,0.026951997
637,39,unrelated,41,0.5222179,1.1843901,0.7388915,71.86902,1.1736251,1.0780487,0.6422763466835022,0.6005209051072598,0.1464264962231261,0.8535735037768739,1.1736251
647,40,paraphrase,-1,0.05346458,0.12125765,0.9732681,71.72524,0.000740297,-0.0018218383,0.012229185551404953,-0.0013521499931812286,0.9758812615955473,0.024118738404452666,0.000740297
648,40,translate,-1,0.0746655,0.16934133,0.9626675,71.76759,0.044252012,0.04626184,0.034934982657432556,0.021353647112846375,0.5587734241908007,0.44122657580919933,0.044252012
649,40,polarity,-1,0.05618143,0.12741946,0.9719097,71.74409,0.004076855,0.0043399706,0.020171958953142166,0.0065906234085559845,0.9794933655006032,0.020506634499396825,0.004076855
650,40,vocab,-1,0.05802996,0.13161193,0.97098523,71.71502,0.007350235,0.008532442,0.008045023307204247,-0.005536312237381935,0.9815950920245399,0.018404907975460127,0.007350235
651,40,cat,2,0.4201681,0.95294106,0.7899163,71.859436,0.8206074,0.8298616,6.579663276672363,6.566081941127777,0.9950920245398773,0.004907975460122671,0.8206074
652,40,shuffle,-1,0.068754844,0.15593596,0.96562296,71.72915,0.0330672,0.03285647,0.023462016135454178,0.009880680590867996,0.5349693251533743,0.46503067484662575,0.0330672
653,40,unrelated,138,0.72519934,1.6447518,0.6374008,72.10787,1.5376731,1.5216722,6.0232391357421875,6.009657800197601,0.2483503299340132,0.7516496700659868,1.5376731
663,41,paraphrase,-1,0.094321765,0.21392173,0.95283914,71.87031,0.00030517785,-0.002149567,0.025167329236865044,-5.862489342689514e-05,0.9759910664433278,0.02400893355667222,0.00030517785
664,41,translate,-1,0.100060046,0.22693615,0.94997007,71.84294,0.012994376,0.010864854,0.0245234165340662,-0.0007025375962257385,0.608058608058608,0.391941391941392,0.012994376
665,41,polarity,-1,0.09250631,0.20980428,0.9537468,71.86785,0.0025271927,-0.006267011,0.021393967792391777,-0.0038319863379001617,0.9844961240310077,0.015503875968992276,0.0025271927
666,41,vocab,-1,0.09735988,0.22081217,0.9513201,71.86796,0.004970384,0.004740879,0.022732477635145187,-0.0024934764951467514,0.9815126050420168,0.01848739495798324,0.004970384
667,41,cat,-1,0.37520486,0.8509645,0.8123978,71.94782,0.62570417,0.6348932,5.936859607696533,5.911633653566241,0.9955106621773289,0.004489337822671136,0.62570417
668,41,shuffle,-1,0.09268497,0.21020947,0.95365757,71.84973,0.016625324,-0.005861819,0.019573844969272614,-0.005652109161019325,0.745230078563412,0.25476992143658805,0.016625324
669,41,unrelated,171,0.73110044,1.6581354,0.6344497,72.06961,1.4899735,1.4420642,9.424114227294922,9.39888827316463,0.25799457994579944,0.7420054200542006,1.4899735
679,42,paraphrase,-1,0.06333695,0.14364818,0.96833163,72.0137,0.00012584125,0.0011199266,0.007193009834736586,-1.0108575224876404e-05,0.9790660225442834,0.020933977455716568,0.00012584125
680,42,translate,-1,0.06752996,0.15315792,0.9662351,71.96927,0.013627091,0.010629669,0.006802483461797237,-0.0004006349481642246,0.4904364884747425,0.5095635115252575,0.013627091
681,42,polarity,-1,0.06481816,0.14700755,0.9675911,72.00387,0.0008723268,0.004479304,0.007218949496746063,1.583108678460121e-05,0.9820675105485233,0.01793248945147674,0.0008723268
682,42,vocab,-1,0.06997911,0.15871258,0.96501064,72.00485,0.0041862214,0.01618433,0.007185591384768486,-1.7527025192975998e-05,0.9860515021459227,0.013948497854077258,0.0041862214
683,42,cat,3,0.38089916,0.86387914,0.8095507,71.96507,0.8108663,0.7213509,6.380502700805664,6.373299582395703,0.9871106337271751,0.012889366272824887,0.8108663
684,42,shuffle,-1,0.05939368,0.13470484,0.9703033,71.9965,0.0058794366,-0.007823408,0.00813004095107317,0.0009269225411117077,0.784796573875803,0.21520342612419696,0.0058794366
685,42,unrelated,108,0.6562417,1.4883559,0.67187923,71.862724,1.4346137,1.3458276,6.713902473449707,6.706699355039746,0.24325811777655476,0.7567418822234453,1.4346137
695,43,paraphrase,-1,0.092786714,0.21044023,0.95360696,72.04278,0.001017009,0.00042110682,0.016283581033349037,1.9196420907974243e-05,0.9761243753470294,0.02387562465297055,0.001017009
696,43,translate,-1,0.09162558,0.20780677,0.9541876,72.0297,0.012567595,-0.0022123605,0.009616159833967686,-0.006648224778473377,0.5815022994379152,0.4184977005620848,0.012567595
697,43,polarity,-1,0.09083708,0.20601845,0.95458186,72.04099,0.0023451478,-0.0040006787,0.015460961498320103,-0.0008034231141209602,0.9846659364731654,0.01533406352683464,0.0023451478
698,43,vocab,-1,0.09057744,0.20542958,0.95471174,72.048096,0.0024256697,-0.0045895427,0.017808137461543083,0.0015437528491020203,0.9732739420935412,0.026726057906458767,0.0024256697
699,43,cat,3,0.29967457,0.6796618,0.8501631,71.927826,0.48115814,0.4696427,0.1726354956626892,0.15637111105024815,0.9933407325194229,0.006659267480577102,0.48115814
700,43,shuffle,-1,0.103371166,0.23444575,0.94831467,72.01394,0.062883645,0.024426624,0.01641097664833069,0.00014659203588962555,0.5260821309655938,0.47391786903440625,0.062883645
701,43,unrelated,176,0.75648135,1.7156993,0.62175965,72.175896,1.6439575,1.5056802,1.7394170761108398,1.7231526914983988,0.26993865030674846,0.7300613496932515,1.6439575
711,44,paraphrase,-1,0.12046136,0.27320632,0.93976986,71.99401,0.00046974694,-0.0005771518,0.009660113602876663,2.3907050490379333e-06,0.9822412737293326,0.017758726270667435,0.00046974694
712,44,translate,-1,0.12383239,0.2808518,0.9380841,72.019554,0.01844018,0.007068336,0.006877842824906111,-0.0027798800729215145,0.743455497382199,0.25654450261780104,0.01844018
713,44,polarity,-1,0.12446239,0.28228065,0.9377693,72.00675,0.006722326,0.008497179,0.012560723349452019,0.0029030004516243935,0.9866989117291415,0.013301088270858519,0.006722326
714,44,vocab,-1,0.1230817,0.27914923,0.9384594,71.98,0.0019894973,0.005365759,0.010039255954325199,0.00038153305649757385,0.980440097799511,0.019559902200488977,0.0019894973
715,44,cat,-1,0.14402343,0.32664508,0.92798847,71.99698,0.06622672,0.0528616,0.010165579617023468,0.0005078567191958427,0.996319018404908,0.0036809815950920033,0.06622672
716,44,shuffle,-1,0.15764494,0.35753867,0.9211778,71.81844,0.07143063,0.083755195,0.019826512783765793,0.010168789885938168,0.5703794369645043,0.4296205630354957,0.07143063
717,44,unrelated,31,0.7490374,1.6988164,0.62548155,71.7656,1.4729732,1.425033,4.167316436767578,4.1576587138697505,0.24737456242707118,0.7526254375729289,1.4729732
727,45,paraphrase,-1,0.058130186,0.13183923,0.97093534,71.9224,0.00040514008,-2.3841858e-07,0.017732828855514526,0.0006705969572067261,0.9746478873239437,0.025352112676056304,0.00040514008
728,45,translate,-1,0.06325712,0.14346713,0.96837187,71.90583,0.0096677635,0.011627659,0.022364718839526176,0.005302486941218376,0.5921671018276763,0.4078328981723237,0.0096677635
729,45,polarity,-1,0.057818957,0.13113336,0.97109073,71.925,0.0021744338,-0.0007061064,0.017349552363157272,0.00028732046484947205,0.9794330183435241,0.020566981656475858,0.0021744338
730,45,vocab,-1,0.059948016,0.13596207,0.9700263,71.892,0.003240365,0.0041226,0.018742769956588745,0.0016805380582809448,0.9818799546998868,0.01812004530011324,0.003240365
731,45,cat,-1,0.21960983,0.49807498,0.89019537,71.74278,0.40501374,0.3662355,3.9245429039001465,3.9074806720018387,0.9932126696832579,0.006787330316742057,0.40501374
732,45,shuffle,-1,0.06206746,0.14076898,0.9689664,71.925896,0.009251951,0.008929506,0.016191881150007248,-0.0008703507483005524,0.752262443438914,0.24773755656108598,0.009251951
733,45,unrelated,164,0.63353395,1.4368547,0.6832333,71.81554,1.3427566,1.3050152,6.085398197174072,6.0683359652757645,0.1383442265795207,0.8616557734204793,1.3427566
743,46,paraphrase,-1,0.14909483,0.338147,0.92545253,71.91621,0.0005933019,-0.0013844073,0.017446476966142654,0.001226317137479782,0.9776207302709069,0.0223792697290931,0.0005933019
744,46,translate,-1,0.16336922,0.37052134,0.91831565,71.8901,0.014044366,0.030989915,0.01617571711540222,-4.4442713260650635e-05,0.6109573879358052,0.38904261206419477,0.014044366
745,46,polarity,-1,0.14789252,0.33542016,0.926054,71.91073,0.0033507906,-0.00411126,0.015120450407266617,-0.0010997094213962555,0.9837019790454016,0.016298020954598424,0.0033507906
746,46,vocab,-1,0.16460451,0.37332296,0.91769797,71.871704,0.013633882,0.033791542,0.01615104079246521,-6.911903619766235e-05,0.9811320754716981,0.018867924528301883,0.013633882
747,46,cat,2,0.26820704,0.6082935,0.86589676,71.83461,0.35705373,0.26876205,0.1765834093093872,0.16036324948072433,0.9929161747343566,0.00708382526564344,0.35705373
748,46,shuffle,-1,0.1548618,0.35122648,0.9225692,71.915886,0.07271841,0.011695057,0.024046655744314194,0.007826495915651321,0.58913813459268,0.41086186540731995,0.07271841
749,46,unrelated,56,0.837818,1.9001709,0.58109117,72.015915,1.8504258,1.5606395,5.278552532196045,5.262332372367382,0.1807511737089202,0.8192488262910798,1.8504258
759,47,paraphrase,-1,0.07681635,0.17421944,0.961592,71.75955,0.00035827784,-0.0006582886,0.01748502627015114,-0.00020181387662887573,0.9782383419689119,0.021761658031088094,0.00035827784
760,47,translate,-1,0.08347227,0.18931507,0.9582642,71.74228,0.020375289,0.014437333,0.019428342580795288,0.001741502434015274,0.5428840716305372,0.4571159283694628,0.020375289
761,47,polarity,-1,0.08197305,0.18591484,0.95901376,71.74954,0.003296456,0.011037111,0.01587797701358795,-0.0018088631331920624,0.9816326530612245,0.01836734693877551,0.003296456
762,47,vocab,-1,0.07711008,0.17488563,0.96144515,71.74833,0.0046148873,7.897615e-06,0.01316799595952034,-0.004518844187259674,0.9797612869745719,0.020238713025428123,0.0046148873
763,47,cat,-1,0.42153302,0.9560367,0.7892337,71.87627,0.83182496,0.7811589,4.133005142211914,4.115318302065134,0.9810725552050473,0.018927444794952675,0.83182496
764,47,shuffle,-1,0.10340881,0.23453115,0.94829595,71.754105,0.068161145,0.059653416,0.025082845240831375,0.007396005094051361,0.6031088082901555,0.39689119170984455,0.068161145
765,47,unrelated,144,0.98611766,2.2365143,0.5069415,71.871445,2.1263876,2.0616367,5.94851016998291,5.93082332983613,0.22538293216630198,0.774617067833698,2.1263876
773,48,paraphrase,-1,0.104060315,0.23600875,0.94797,71.96041,0.00045249454,0.0010183305,0.013153682462871075,0.0001668659970164299,0.9741337237676916,0.025866276232308416,0.00045249454
774,48,translate,-1,0.10677381,0.24216296,0.9466133,71.94951,0.005548302,0.00717254,0.014827417209744453,0.0018406007438898087,0.7452080411407199,0.2547919588592801,0.005548302
775,48,polarity,-1,0.10078482,0.22857994,0.94960797,71.95716,0.0036602092,-0.0064104795,0.012064209207892418,-0.0009226072579622269,0.9893719806763285,0.010628019323671523,0.0036602092
776,48,vocab,-1,0.108376205,0.24579719,0.9458121,71.95654,0.0019636583,0.010806769,0.014294546097517014,0.0013077296316623688,0.98488542174549,0.015114578254510014,0.0019636583
777,48,cat,-1,0.4973445,1.1279771,0.75132805,71.89448,0.9420634,0.8929867,3.9714932441711426,3.958506427705288,0.9960975609756098,0.0039024390243902474,0.9420634
778,48,shuffle,-1,0.12835154,0.29110125,0.9358243,71.93744,0.1276382,0.05611083,0.01146282535046339,-0.0015239911153912544,0.5960975609756097,0.40390243902439027,0.1276382
779,48,unrelated,76,0.7657483,1.7367169,0.6171261,71.97724,1.5044485,1.5017264,3.086423397064209,3.0734365805983543,0.2761596548004315,0.7238403451995685,1.5044485
789,49,paraphrase,-1,0.0894225,0.2028102,0.95528924,71.803856,0.0015259653,-0.010126725,0.052931785583496094,-0.009667664766311646,0.9700056593095643,0.029994340690435717,0.0015259653
790,49,translate,-1,0.09480907,0.21502693,0.95259565,71.78053,0.013802007,0.002090007,0.07369063049554825,0.011091180145740509,0.6486778197517539,0.35132218024824613,0.013802007
791,49,polarity,-1,0.09714347,0.22032134,0.9514284,71.8185,0.0034368408,0.0073844194,0.06433654576539993,0.0017370954155921936,0.9821826280623608,0.017817371937639215,0.0034368408
792,49,vocab,-1,0.10038964,0.22768365,0.9498054,71.80854,0.0029935127,0.014746726,0.056927286088466644,-0.005672164261341095,0.9671201814058957,0.03287981859410427,0.0029935127
793,49,cat,-1,0.32004493,0.7258618,0.83997774,71.699905,0.6351103,0.51292485,1.6238751411437988,1.561275690793991,0.9863325740318907,0.013667425968109326,0.6351103
794,49,shuffle,-1,0.11456816,0.25984055,0.9427163,71.84246,0.034987938,0.046903625,0.0832131952047348,0.020613744854927063,0.6018099547511312,0.3981900452488688,0.034987938
795,49,unrelated,196,0.74259746,1.6842107,0.6287015,72.169205,1.6504111,1.4712738,6.9088969230651855,6.846297472715378,0.30056497175141245,0.6994350282485875,1.6504111
805,50,paraphrase,-1,0.086716965,0.19667403,0.95664203,71.9749,0.0009043004,0.0015860796,0.003177337348461151,-0.00016417354345321655,0.9793187347931873,0.020681265206812682,0.0009043004
806,50,translate,-1,0.09514837,0.21579646,0.9524263,71.975,0.011096258,0.020708501,0.003228267654776573,-0.0001132432371377945,0.6414662084765178,0.3585337915234822,0.011096258
807,50,polarity,-1,0.08791894,0.19940011,0.95604104,71.97836,0.0023699692,0.0043121576,0.003283219411969185,-5.82914799451828e-05,0.9832535885167464,0.01674641148325362,0.0023699692
808,50,vocab,-1,0.08567986,0.19432189,0.9571606,71.98533,0.007435866,-0.0007660687,0.003373384475708008,3.187358379364014e-05,0.9750759878419453,0.02492401215805473,0.007435866
809,50,cat,-1,0.36906704,0.8370439,0.81546694,71.95194,0.6241199,0.6419559,1.8849730491638184,1.881631538271904,0.9878934624697336,0.01210653753026636,0.6241199
810,50,shuffle,-1,0.09181592,0.20823847,0.9540925,71.986984,0.013761118,0.013150513,0.0027950406074523926,-0.0005464702844619751,0.6504854368932039,0.3495145631067961,0.013761118
811,50,unrelated,73,0.7261531,1.6469148,0.6369239,71.77199,1.422518,1.4518269,0.01589464396238327,0.012553133070468903,0.2530657748049052,0.7469342251950948,1.422518
821,51,paraphrase,-1,0.1960129,0.44455716,0.90199405,71.94267,0.0010118432,0.003357023,0.0014883986441418529,0.0005129590863361955,0.9746987951807229,0.025301204819277112,0.0010118432
822,51,translate,-1,0.19607493,0.44469786,0.9019628,71.92746,0.01554754,0.0034977198,0.0008060956606641412,-0.0001693438971415162,0.6057585825027686,0.3942414174972314,0.01554754
823,51,polarity,-1,0.19052656,0.43211415,0.9047371,71.946014,0.00139573,-0.009085983,0.0008589922217652202,-0.00011644733604043722,0.9833926453143536,0.016607354685646447,0.00139573
824,51,vocab,-1,0.20135203,0.45666632,0.8993244,71.94355,0.004973231,0.015466183,0.0010149632580578327,3.952370025217533e-05,0.9740181268882175,0.02598187311178246,0.004973231
825,51,cat,-1,0.34140363,0.7743033,0.8292985,71.87128,0.54846907,0.33310318,2.863590717315674,2.862615277757868,0.990990990990991,0.009009009009009028,0.54846907
826,51,shuffle,-1,0.17328557,0.3930116,0.9133578,71.9466,0.03361123,-0.048188537,0.0008381920051760972,-0.00013724755262956023,0.8435619735258725,0.15643802647412752,0.03361123
827,51,unrelated,44,0.72349703,1.640891,0.6382518,71.99737,1.4588816,1.1996908,8.398073196411133,8.397097756853327,0.20388349514563106,0.7961165048543689,1.4588816
837,52,paraphrase,-1,0.08341563,0.1891866,0.9582926,72.03847,0.0006539095,0.00054240227,0.04438936337828636,-0.0026860274374485016,0.965352449223417,0.03464755077658299,0.0006539095
838,52,translate,-1,0.086271025,0.19566265,0.95686483,72.047806,0.010077053,0.007018447,0.04603569954633713,-0.0010396912693977356,0.6301824212271974,0.36981757877280264,0.010077053
839,52,polarity,-1,0.0848117,0.1923529,0.9575946,72.04209,0.0024600779,0.0037087053,0.04643996059894562,-0.0006354302167892456,0.9776995305164319,0.02230046948356812,0.0024600779
840,52,vocab,-1,0.086445354,0.19605802,0.95677805,72.03677,0.0030907174,0.0074138194,0.04739166796207428,0.0003162771463394165,0.9711884753901561,0.02881152460984393,0.0030907174
841,52,cat,4,0.3867305,0.8771046,0.8066351,72.07864,0.68135726,0.68846035,6.8836493492126465,6.836573958396912,0.9904306220095693,0.009569377990430672,0.68135726
842,52,shuffle,-1,0.088076204,0.19975679,0.9559622,72.040955,0.0139783,0.011112586,0.0731811448931694,0.02610575407743454,0.631578947368421,0.368421052631579,0.0139783
843,52,unrelated,211,0.80475026,1.8251733,0.59762526,72.155655,1.6363032,1.6365291,6.35715913772583,6.310083746910095,0.19379422972237342,0.8062057702776266,1.6363032
853,53,paraphrase,-1,0.12317549,0.27936196,0.93841267,72.06078,0.004138859,0.005073309,0.009244607761502266,0.0005861800163984299,0.9775342465753425,0.02246575342465751,0.004138859
854,53,translate,-1,0.12716815,0.2884173,0.9364163,72.06704,0.026384115,0.014128655,0.01539185643196106,0.0067334286868572235,0.46670005007511267,0.5332999499248874,0.026384115
855,53,polarity,-1,0.12226155,0.27728912,0.9388695,72.06424,0.003254353,0.003000468,0.011554107069969177,0.002895679324865341,0.9815618221258134,0.018438177874186557,0.003254353
856,53,vocab,-1,0.11627664,0.26371536,0.94186205,72.08407,0.007185877,-0.010573298,0.0074222758412361145,-0.0012361519038677216,0.9758241758241758,0.0241758241758242,0.007185877
857,53,cat,2,0.36733514,0.83311594,0.8163327,72.0193,0.6054942,0.5588273,5.254822731018066,5.246164303272963,0.9933920704845814,0.0066079295154185536,0.6054942
858,53,shuffle,-1,0.12184284,0.2763395,0.9390788,72.060616,0.008421112,0.0020508468,0.011326979845762253,0.0026685521006584167,0.7929515418502202,0.2070484581497798,0.008421112
859,53,unrelated,161,0.9216825,2.0903754,0.5391588,72.09437,1.8605837,1.8160868,9.385011672973633,9.376353245228529,0.24727668845315903,0.752723311546841,1.8605837
869,54,paraphrase,-1,0.052039586,0.11802576,0.9739806,71.73349,0.0007155502,-0.00081272423,0.045223839581012726,-0.003326844424009323,0.9689149560117302,0.031085043988269834,0.0007155502
870,54,translate,-1,0.061395485,0.13924493,0.9693026,71.7321,0.010620335,0.020406447,0.07881004363298416,0.030259359627962112,0.5832878208629164,0.4167121791370836,0.010620335
871,54,polarity,-1,0.05135504,0.11647321,0.9743228,71.74021,0.0021162457,-0.0023652688,0.05216401070356369,0.0036133266985416412,0.9816091954022989,0.01839080459770115,0.0021162457
872,54,vocab,-1,0.05292476,0.12003333,0.9735378,71.73294,0.0018759595,0.0011948496,0.043565232306718826,-0.004985451698303223,0.9747504403992954,0.02524955960070463,0.0018759595
873,54,cat,3,0.48096785,1.0908349,0.7595164,71.85101,0.9271951,0.97199637,3.3343818187713623,3.2858311347663403,0.9804849201655825,0.01951507983441747,0.9271951
874,54,shuffle,-1,0.070299745,0.15943979,0.96485025,71.75988,0.038754914,0.040601306,0.11589609086513519,0.06734540686011314,0.6705607476635514,0.32943925233644855,0.038754914
875,54,unrelated,75,0.87645876,1.9878081,0.5617707,71.992516,1.8599027,1.8689697,1.625603437423706,1.577052753418684,0.2876712328767123,0.7123287671232876,1.8599027
885,55,paraphrase,-1,0.06901942,0.15653601,0.96549076,71.98443,0.00042376804,0.00017566979,0.002328009344637394,2.864818088710308e-05,0.9742441209406495,0.025755879059350506,0.00042376804
886,55,translate,-1,0.06483903,0.14705488,0.96758074,71.996704,0.015693733,-0.009305462,0.003549848683178425,0.001250487519428134,0.5814207650273224,0.41857923497267757,0.015693733
887,55,polarity,-1,0.068619505,0.15562901,0.9656907,72.008995,0.0026661817,-0.0007313341,0.008106597699224949,0.005807236535474658,0.9796143250688705,0.020385674931129527,0.0026661817
888,55,vocab,-1,0.0706888,0.16032216,0.9646559,72.00385,0.00438298,0.0039618164,0.008175147697329521,0.00587578653357923,0.96962879640045,0.030371203599550034,0.00438298
889,55,cat,3,0.30615145,0.6943514,0.8469249,71.94485,0.55544096,0.53799105,8.865010261535645,8.862710900371894,0.9932810750279956,0.006718924972004436,0.55544096
890,55,shuffle,-1,0.068091586,0.15443169,0.96595466,72.032936,0.025832929,-0.0019286573,0.002551466226577759,0.0002521050628274679,0.7782754759238522,0.22172452407614784,0.025832929
891,55,unrelated,149,0.71276146,1.6165427,0.64361954,72.085724,1.5107205,1.4601823,4.26113224029541,4.25883287913166,0.1457096600107933,0.8542903399892067,1.5107205
901,56,paraphrase,-1,0.087419845,0.19826818,0.9562902,72.02136,0.00033725266,0.0015030354,0.151089146733284,-0.009278863668441772,0.9865575686732905,0.013442431326709525,0.00033725266
902,56,translate,-1,0.086940005,0.1971799,0.9565302,71.99477,0.0161404,0.00041475892,0.07404689490795135,-0.08632111549377441,0.5349214943151056,0.4650785056848944,0.0161404
903,56,polarity,-1,0.08690815,0.19710764,0.95654637,72.02023,0.0011559295,0.0003425032,0.14621423184871674,-0.014153778553009033,0.9804822043628014,0.019517795637198576,0.0011559295
904,56,vocab,-1,0.08521758,0.19327344,0.95739126,72.02024,0.0058637206,-0.0034916997,0.1902204155921936,0.029852405190467834,0.9865418373317729,0.01345816266822708,0.0058637206
905,56,cat,5,0.33285457,0.754914,0.83357286,71.877464,0.6453133,0.55814886,6.360642910003662,6.200274899601936,0.985456660849331,0.014543339150668966,0.6453133
906,56,shuffle,-1,0.08840728,0.20050767,0.9557965,72.012856,0.002021381,0.003742531,0.13965103030204773,-0.02071698009967804,0.8039673278879813,0.1960326721120187,0.002021381
907,56,unrelated,82,0.7344578,1.6657499,0.6327712,71.847885,1.6426495,1.4689847,6.804671287536621,6.644303277134895,0.23917995444191345,0.7608200455580866,1.6426495
917,57,paraphrase,-1,0.11374776,0.25797987,0.94312656,72.23585,0.0002917691,0.0033058524,0.03550849109888077,1.599639654159546e-05,0.9860935524652339,0.013906447534766109,0.0002917691
918,57,translate,-1,0.109639406,0.24866213,0.94518083,72.24465,0.005366401,-0.0060118884,0.02633768878877163,-0.009154805913567543,0.6783343391671696,0.32166566083283044,0.005366401
919,57,polarity,-1,0.111369275,0.25258547,0.9443156,72.24632,0.0007611099,-0.0020885468,0.03517445921897888,-0.00031803548336029053,0.9850560398505604,0.01494396014943955,0.0007611099
920,57,vocab,-1,0.11285468,0.25595436,0.9435731,72.23916,0.0030445454,0.0012803376,0.035238198935985565,-0.0002542957663536072,0.9785894206549118,0.021410579345088165,0.0030445454
921,57,cat,-1,0.4556312,1.0333713,0.7721848,71.97212,0.99254006,0.7786973,2.625561237335205,2.590068742632866,0.9943360604153556,0.005663939584644395,0.99254006
922,57,shuffle,-1,0.15345058,0.34802586,0.92327523,72.208435,0.10830465,0.09335184,0.02129616029560566,-0.014196334406733513,0.6090794451450189,0.3909205548549811,0.10830465
923,57,unrelated,120,0.8496057,1.9269053,0.5751977,71.93809,1.8056662,1.6722312,5.221071720123291,5.185579225420952,0.2660443407234539,0.7339556592765462,1.8056662
933,58,paraphrase,-1,0.060236413,0.13661616,0.969882,71.92162,0.0003135025,-0.00042968988,0.023802263662219048,0.00033483654260635376,0.9702315325248071,0.029768467475192906,0.0003135025
934,58,translate,-1,0.064844154,0.14706652,0.9675783,71.91092,0.014216,0.010020673,0.020366549491882324,-0.0031008776277303696,0.6409588327253778,0.3590411672746222,0.014216
935,58,polarity,-1,0.060085267,0.13627335,0.96995753,71.9222,0.0017729653,-0.0007724911,0.022606706246733665,-0.0008607208728790283,0.9826652221018418,0.017334777898158182,0.0017729653
936,58,vocab,-1,0.058763117,0.13327472,0.9706188,71.91235,0.0023321158,-0.0037711263,0.01691470853984356,-0.0065527185797691345,0.9741616272677295,0.02583837273227052,0.0023321158
937,58,cat,3,0.56226134,1.2752085,0.7188697,72.005325,1.160257,1.1381626,2.1507081985473633,2.1272407714277506,0.9917081260364843,0.008291873963515717,1.160257
938,58,shuffle,-1,0.05821703,0.1320362,0.97089183,71.91286,0.002303764,-0.005009651,0.017377842217683792,-0.006089584901928902,0.8547854785478548,0.1452145214521452,0.002303764
939,58,unrelated,64,0.7709631,1.7485439,0.61451864,72.14356,1.7031548,1.611498,5.269783020019531,5.246315592899919,0.21806167400881057,0.7819383259911894,1.7031548
949,59,paraphrase,-1,0.07830312,0.17759144,0.96084887,71.87965,0.002113338,-0.004918486,0.01773335598409176,-0.0019508376717567444,0.9757225433526011,0.024277456647398887,0.002113338
950,59,translate,-1,0.08345522,0.1892764,0.95827293,71.91175,0.012079847,0.0067664683,0.017463888972997665,-0.0022203046828508377,0.6494505494505495,0.3505494505494505,0.012079847
951,59,polarity,-1,0.080814555,0.18328738,0.9595933,71.885704,0.0020362393,0.0007774532,0.01965334080159664,-3.085285425186157e-05,0.9880068532267275,0.011993146773272456,0.0020362393
952,59,vocab,-1,0.079849854,0.18109943,0.9600757,71.89095,0.004156038,-0.0014104992,0.016499167308211327,-0.0031850263476371765,0.9698375870069605,0.030162412993039456,0.004156038
953,59,cat,-1,0.31932825,0.7242363,0.8403363,71.82644,0.5880787,0.54172635,2.1261744499206543,2.106490256264806,0.994232987312572,0.005767012687427964,0.5880787
954,59,shuffle,-1,0.098480344,0.22335337,0.95076054,71.87494,0.033872787,0.040843442,0.019158247858285904,-0.0005259457975625992,0.7748267898383372,0.2251732101616628,0.033872787
955,59,unrelated,213,1.0449734,2.3699992,0.47751376,72.26324,2.3438537,2.1874893,10.4955472946167,10.47586310096085,0.23823358512492737,0.7617664148750727,2.3438537
965,60,paraphrase,-1,0.074288234,0.16848569,0.9628563,71.883766,0.00023173478,4.695356e-05,0.027798769995570183,-0.00117558054625988,0.9797619047619047,0.020238095238095277,0.00023173478
966,60,translate,-1,0.07995403,0.1813357,0.96002346,71.88967,0.009781077,0.01289697,0.027372533455491066,-0.0016018170863389969,0.6518264840182648,0.3481735159817352,0.009781077
967,60,polarity,-1,0.07493267,0.16994727,0.962534,71.89031,0.0005874703,0.001508534,0.030899086967110634,0.001924736425280571,0.9929245283018868,0.007075471698113178,0.0005874703
968,60,vocab,-1,0.079187736,0.17959775,0.9604066,71.91506,0.0029508937,0.011159018,0.025592848658561707,-0.0033815018832683563,0.9803454437164979,0.0196545562835021,0.0029508937
969,60,cat,-1,0.44166106,1.001687,0.7791698,71.784676,0.82817686,0.8332483,6.46069860458374,6.43172425404191,0.9928741092636579,0.0071258907363420665,0.82817686
970,60,shuffle,-1,0.096458256,0.21876729,0.9517711,71.86706,0.028089575,0.050328553,0.0319809690117836,0.003006618469953537,0.7707838479809976,0.22921615201900236,0.028089575
971,60,unrelated,127,0.7068565,1.6031502,0.6465724,71.959,1.4341973,1.4347115,7.688545227050781,7.659570876508951,0.17777777777777778,0.8222222222222222,1.4341973
981,61,paraphrase,-1,0.08122234,0.18421224,0.959389,72.29097,0.00085266825,-0.0011817664,0.044808097183704376,-0.0012638866901397705,0.9705188679245284,0.02948113207547165,0.00085266825
982,61,translate,-1,0.08029368,0.18210602,0.9598533,72.292305,0.017936608,-0.003287986,0.034272536635398865,-0.011799447238445282,0.6352413019079686,0.36475869809203143,0.017936608
983,61,polarity,-1,0.082330436,0.1867254,0.958835,72.27868,0.007539667,0.001331389,0.04211767762899399,-0.003954306244850159,0.9820497973364215,0.017950202663578496,0.007539667
984,61,vocab,-1,0.08807543,0.19975503,0.9559623,72.303406,0.008372995,0.014361024,0.04565378278493881,-0.00041820108890533447,0.9670588235294117,0.03294117647058825,0.008372995
985,61,cat,3,0.42734337,0.96921456,0.78632873,71.76641,0.8104246,0.78382057,4.984152793884277,4.938080810010433,0.9894117647058823,0.010588235294117676,0.8104246
986,61,shuffle,-1,0.09193227,0.20850234,0.95403403,72.302025,0.024077669,0.023108333,0.04516349360346794,-0.0009084902703762054,0.7788235294117647,0.2211764705882353,0.024077669
987,61,unrelated,204,0.7643357,1.733513,0.6178322,71.884445,1.6571258,1.548119,5.510117053985596,5.464045070111752,0.24362606232294617,0.7563739376770539,1.6571258
997,62,paraphrase,-1,0.087047115,0.19742282,0.9564768,72.13073,0.00041570197,0.0011671782,0.25084903836250305,0.004611343145370483,0.976889444097439,0.023110555902560947,0.00041570197
998,62,translate,-1,0.0900677,0.2042735,0.9549664,72.117584,0.0065935235,0.008017868,0.3035120666027069,0.05727437138557434,0.6877562975981254,0.3122437024018746,0.0065935235
999,62,polarity,-1,0.087893516,0.19934246,0.95605385,72.12759,0.0012414119,0.0030868202,0.2545888125896454,0.008351117372512817,0.9864029666254636,0.013597033374536438,0.0012414119
1000,62,vocab,-1,0.09215357,0.20900425,0.95392364,72.13077,0.0039824448,0.012748614,0.23536843061447144,-0.010869264602661133,0.9754871150219987,0.024512884978001304,0.0039824448
1001,62,cat,4,0.6393428,1.4500291,0.68032926,71.98957,1.336856,1.2537735,7.723896026611328,7.477658331394196,0.9771863117870723,0.02281368821292773,1.336856
1002,62,shuffle,-1,0.0894395,0.20284873,0.9552807,72.14245,0.002280333,0.0065930933,0.2669782042503357,0.020740509033203125,0.8247809762202754,0.17521902377972465,0.002280333
1003,62,unrelated,92,0.84665763,1.9202192,0.5766714,72.2181,1.846814,1.7239635,6.7995100021362305,6.553272306919098,0.29706601466992666,0.7029339853300733,1.846814
1013,63,paraphrase,-1,0.052915283,0.12001184,0.973543,72.07785,0.00037504645,-0.0012014508,0.01204204186797142,0.005058095324784517,0.9763960852043754,0.023603914795624625,0.00037504645
1014,63,translate,-1,0.06176088,0.14007364,0.96911997,72.034195,0.017022802,0.018860355,0.005688896402716637,-0.0012950501404702663,0.6029173419773096,0.3970826580226904,0.017022802
1015,63,polarity,-1,0.05522286,0.12524542,0.9723889,72.07502,0.0012716253,0.004032135,0.006062228232622147,-0.0009217183105647564,0.9785553047404063,0.021444695259593693,0.0012716253
1016,63,vocab,-1,0.0556625,0.12624253,0.9721691,72.06769,0.0026812954,0.005029246,0.008661429397761822,0.0016774828545749187,0.9665513264129181,0.03344867358708192,0.0026812954
1017,63,cat,3,0.55547535,1.2598178,0.7222626,72.12845,1.1466204,1.1386045,9.732489585876465,9.725505639333278,0.9896551724137931,0.010344827586206917,1.1466204
1018,63,shuffle,-1,0.050344013,0.1141802,0.9748283,72.088715,0.0065406426,-0.0070330873,0.0053944974206388,-0.0015894491225481033,0.7298850574712644,0.2701149425287356,0.0065406426
1019,63,unrelated,47,0.9136736,2.0722113,0.54316336,71.7533,1.954752,1.950998,7.456696033477783,7.449712086934596,0.2125340599455041,0.7874659400544959,1.954752
1029,64,paraphrase,-1,0.15849738,0.35947198,0.92075163,72.15403,0.0012174589,0.00024947524,0.012985632754862309,0.0004884246736764908,0.9763346175013758,0.023665382498624155,0.0012174589
1030,64,translate,-1,0.16611834,0.3767563,0.916941,72.144356,0.009348507,0.017533809,0.017165474593639374,0.004668266512453556,0.6162551440329218,0.3837448559670782,0.009348507
1031,64,polarity,-1,0.15479602,0.3510773,0.9226021,72.14382,0.0025288695,-0.008145213,0.011270852759480476,-0.0012263553217053413,0.984766050054407,0.015233949945593017,0.0025288695
1032,64,vocab,-1,0.1474881,0.33450297,0.9262562,72.141205,0.026106186,-0.024719536,0.011927435174584389,-0.000569772906601429,0.9818181818181818,0.018181818181818188,0.026106186
1033,64,cat,-1,0.41015592,0.9302335,0.7949222,72.099846,0.6527065,0.57101095,8.644855499267578,8.632358291186392,0.9917446340121079,0.008255365987892116,0.6527065
1034,64,shuffle,-1,0.14695415,0.33329195,0.92652327,72.156746,0.031418473,-0.025930554,0.014751194044947624,0.0022539859637618065,0.5600882028665931,0.4399117971334069,0.031418473
1035,64,unrelated,78,0.8813508,1.9989033,0.559325,72.0484,1.8709329,1.6396807,3.316744089126587,3.304246881045401,0.23750671681891455,0.7624932831810854,1.8709329
1045,65,paraphrase,-1,0.0710833,0.1612169,0.9644587,72.10444,0.0006933264,-0.0021793395,0.0006062573520466685,2.2750056814402342e-05,0.9736399326977005,0.02636006730229945,0.0006933264
1046,65,translate,-1,0.093472734,0.21199612,0.9532639,72.06203,0.027866635,0.048599884,0.0013795641716569662,0.0007960568764247,0.5937016004130098,0.4062983995869902,0.027866635
1047,65,polarity,-1,0.07358489,0.1668905,0.9632081,72.10104,0.0024060283,0.0034942627,0.0005872129113413393,3.705616109073162e-06,0.9845303867403314,0.015469613259668558,0.0024060283
1048,65,vocab,-1,0.069207154,0.1569618,0.9653968,72.10203,0.0026582214,-0.0064344406,0.000438460148870945,-0.0001450471463613212,0.9781267526640494,0.02187324733595064,0.0026582214
1049,65,cat,3,0.63539195,1.4410686,0.6823043,71.88937,1.3304409,1.2776724,4.777003765106201,4.776420257810969,0.9898876404494382,0.010112359550561778,1.3304409
1050,65,shuffle,-1,0.07363164,0.16699652,0.9631845,72.092636,0.013943797,0.0036002845,0.0005681308102793992,-1.537648495286703e-05,0.7357222844344905,0.2642777155655095,0.013943797
1051,65,unrelated,91,1.0116398,2.2943988,0.49418026,71.70348,2.2170894,2.1310024,4.052315711975098,4.051732204679865,0.22272727272727272,0.7772727272727273,2.2170894
1061,66,paraphrase,-1,0.064031065,0.14522243,0.96798486,72.169106,0.00025092482,0.00025178492,0.0018645711243152618,-2.2666528820991516e-05,0.9817073170731707,0.018292682926829285,0.00025092482
1062,66,translate,-1,0.0679041,0.15400647,0.96604836,72.15643,0.01117241,0.009035826,0.0017795562744140625,-0.00010768137872219086,0.6898550724637681,0.3101449275362319,0.01117241
1063,66,polarity,-1,0.06332168,0.14361355,0.96833956,72.17759,0.0011463305,-0.0013570935,0.0018714666366577148,-1.5771016478538513e-05,0.9889336016096579,0.01106639839034207,0.0011463305
1064,66,vocab,-1,0.064320125,0.14587802,0.9678402,72.17288,0.0015034144,0.0009073764,0.0020415447652339935,0.00015430711209774017,0.9782057780030411,0.021794221996958907,0.0015034144
1065,66,cat,-1,0.39623937,0.89867073,0.80188066,71.88734,0.7095508,0.7537001,2.288221597671509,2.2863343600183725,0.9938900203665988,0.006109979633401208,0.7095508
1066,66,shuffle,-1,0.07352762,0.16676061,0.96323663,72.18108,0.020494843,0.021789968,0.0021979920566082,0.0003107544034719467,0.6158536585365854,0.38414634146341464,0.020494843
1067,66,unrelated,27,1.0808016,2.4512575,0.4595994,72.02855,2.3432307,2.3062868,0.1638323962688446,0.16194515861570835,0.2199679658302189,0.7800320341697811,2.3432307
1077,67,paraphrase,-1,0.05380693,0.122034095,0.9730966,71.89676,0.0005408731,0.00014610589,0.016129547730088234,-0.0007441695779561996,0.9807486631016042,0.019251336898395754,0.0005408731
1078,67,translate,-1,0.05356328,0.12148149,0.9732185,71.88522,0.00999732,-0.00040649623,0.015512607991695404,-0.0013611093163490295,0.6282051282051282,0.3717948717948718,0.00999732
1079,67,polarity,-1,0.053623427,0.121617906,0.9731885,71.8825,0.00093347,-0.00027008355,0.0173255056142807,0.0004517883062362671,0.9790356394129979,0.02096436058700213,0.00093347
1080,67,vocab,-1,0.054671597,0.123995155,0.9726646,71.86948,0.004100424,0.0021071658,0.013995451852679253,-0.002878265455365181,0.981313400961025,0.01868659903897496,0.004100424
1081,67,cat,-1,0.3534835,0.8017004,0.8232582,72.05113,0.72061783,0.67981243,6.2971930503845215,6.280319333076477,0.9850427350427351,0.014957264957264904,0.72061783
1082,67,shuffle,-1,0.058636595,0.13298777,0.9706818,71.90639,0.011236447,0.011099778,0.016132881864905357,-0.0007408354431390762,0.8304904051172708,0.1695095948827292,0.011236447
1083,67,unrelated,62,0.8484252,1.924228,0.57578766,72.13035,1.8636018,1.8023399,8.015815734863281,7.998942017555237,0.2141623488773748,0.7858376511226253,1.8636018
1093,68,paraphrase,-1,0.14071757,0.31914738,0.9296416,71.98238,0.0002910987,-0.0009900928,0.013702580705285072,0.0003084838390350342,0.9822349570200573,0.017765042979942747,0.0002910987
1094,68,translate,-1,0.14677025,0.33287486,0.926615,71.97481,0.007063332,0.012737393,0.016152892261743546,0.0027587953954935074,0.6778197517539126,0.3221802482460874,0.007063332
1095,68,polarity,-1,0.14103134,0.31985903,0.92948467,71.9882,0.0026448537,-0.0002784431,0.013028210029006004,-0.0003658868372440338,0.9897727272727272,0.010227272727272751,0.0026448537
1096,68,vocab,-1,0.13987401,0.3172342,0.9300635,71.985886,0.0010617264,-0.0029032826,0.012435788288712502,-0.0009583085775375366,0.9805269186712485,0.019473081328751474,0.0010617264
1097,68,cat,3,0.51181924,1.1608058,0.74409086,71.80615,0.84235245,0.8406683,5.888730525970459,5.875336429104209,0.9879379666858128,0.012062033314187204,0.84235245
1098,68,shuffle,-1,0.14216164,0.32242253,0.92891943,71.98194,0.0035371282,0.0022850633,0.013033883646130562,-0.0003602132201194763,0.8165137614678899,0.1834862385321101,0.0035371282
1099,68,unrelated,241,0.87339514,1.9808598,0.56330276,72.12821,1.7383006,1.6607223,8.327971458435059,8.314577361568809,0.2730833799664242,0.7269166200335758,1.7383006
1109,69,paraphrase,-1,0.09941757,0.22547899,0.95029145,71.97394,0.0019837178,0.0069256723,0.011345375329256058,0.0006262119859457016,0.9651442307692307,0.034855769230769273,0.0019837178
1110,69,translate,-1,0.106080174,0.24058978,0.94696015,71.97669,0.0151441125,0.022036463,0.009585303254425526,-0.0011338600888848305,0.5825352112676057,0.41746478873239434,0.0151441125
1111,69,polarity,-1,0.104074456,0.23604082,0.947963,71.97524,0.0036337802,0.017487496,0.013141323812305927,0.002422160468995571,0.9741176470588235,0.025882352941176467,0.0036337802
1112,69,vocab,-1,0.102063656,0.23148033,0.94896847,71.956825,0.008045709,0.012927011,0.014301847666501999,0.0035826843231916428,0.9722891566265061,0.027710843373493943,0.008045709
1113,69,cat,6,0.2965774,0.6726374,0.85171163,71.991585,0.54888093,0.4540841,1.9912117719650269,1.9804926086217165,0.9892215568862276,0.010778443113772407,0.54888093
1114,69,shuffle,-1,0.11299205,0.2562659,0.943504,72.004684,0.010272842,0.03771259,0.015685223042964935,0.004966059699654579,0.8028846153846154,0.19711538461538458,0.010272842
1115,69,unrelated,118,0.78484315,1.7800239,0.6075786,72.06656,1.7109349,1.5614706,9.188801765441895,9.178082602098584,0.19817629179331306,0.8018237082066869,1.7109349
1125,70,paraphrase,-1,0.2301754,0.52203774,0.88491255,71.62553,0.0008533311,0.0076858997,0.07971562445163727,0.001086607575416565,0.9762532981530343,0.0237467018469657,0.0008533311
1126,70,translate,-1,0.22570698,0.51190335,0.88714683,71.62003,0.012283036,-0.0024484992,0.04913743585348129,-0.02949158102273941,0.6405552801189885,0.35944471988101145,0.012283036
1127,70,polarity,-1,0.24164036,0.5480402,0.8791802,71.613,0.005799382,0.033688366,0.04897284880280495,-0.029656168073415756,0.991578947368421,0.008421052631578996,0.005799382
1128,70,vocab,-1,0.22262064,0.5049035,0.88869,71.61985,0.0027379019,-0.0094483495,0.06052794307470322,-0.018101073801517487,0.9809119830328739,0.019088016967126142,0.0027379019
1129,70,cat,-1,0.41162485,0.93356496,0.7941881,71.6068,0.30389148,0.41921312,2.3201286792755127,2.241499662399292,0.9925611052072264,0.007438894792773598,0.30389148
1130,70,shuffle,-1,0.26315206,0.59682876,0.86842424,71.66099,0.07087685,0.082476914,0.013033438473939896,-0.06559557840228081,0.6454352441613588,0.3545647558386412,0.07087685
1131,70,unrelated,110,1.1460656,2.5992763,0.42696735,72.05148,2.5002253,2.0849245,8.647154808044434,8.568525791168213,0.25386996904024767,0.7461300309597523,2.5002253
1141,71,paraphrase,-1,0.05687008,0.12898132,0.9715653,72.092766,0.0002543465,-0.0011211038,0.013230953365564346,3.746896982192993e-05,0.9792284866468842,0.020771513353115778,0.0002543465
1142,71,translate,-1,0.058395993,0.13244209,0.9708023,72.09106,0.0047393334,0.0023396611,0.010015906766057014,-0.003177577629685402,0.6263982102908278,0.37360178970917224,0.0047393334
1143,71,polarity,-1,0.056722343,0.12864625,0.9716393,72.09532,0.0008182703,-0.0014561713,0.013289272785186768,9.57883894443512e-05,0.9870740305522914,0.01292596944770863,0.0008182703
1144,71,vocab,-1,0.05874733,0.13323891,0.9706267,72.1021,0.0017371005,0.0031364858,0.01306782104074955,-0.00012566335499286652,0.9773539928486293,0.022646007151370662,0.0017371005
1145,71,cat,2,0.21080875,0.47811416,0.8945961,72.08712,0.38291502,0.34801173,1.008149266242981,0.9949557818472385,0.9964285714285714,0.0035714285714285587,0.38291502
1146,71,shuffle,-1,0.058271,0.13215859,0.97086483,72.10449,0.017651029,0.0020561665,0.01908443123102188,0.005890946835279465,0.5719381688466112,0.4280618311533888,0.017651029
1147,71,unrelated,225,0.9010302,2.043536,0.54948515,72.04606,1.919979,1.9134336,5.304921627044678,5.291728142648935,0.2097246631517282,0.7902753368482718,1.919979
1157,72,paraphrase,-1,0.07092633,0.16086088,0.96453726,71.99358,0.0009914926,0.003776744,0.07012563943862915,0.00014533847570419312,0.9752501316482359,0.02474986835176407,0.0009914926
1158,72,translate,-1,0.07658895,0.1737037,0.961706,71.9458,0.008914555,0.016619563,0.0798666924238205,0.009886391460895538,0.6996501749125438,0.3003498250874562,0.008914555
1159,72,polarity,-1,0.070564285,0.16003977,0.96471834,71.99168,0.0010498291,0.0029556304,0.07367482781410217,0.0036945268511772156,0.9854922279792746,0.014507772020725396,0.0010498291
1160,72,vocab,-1,0.072794914,0.16509883,0.96360284,71.99101,0.007328336,0.008014694,0.06968985497951508,-0.0002904459834098816,0.9768664563617245,0.023133543638275467,0.007328336
1161,72,cat,4,0.40002435,0.90725505,0.7999884,71.998604,0.8138054,0.75017095,5.358994483947754,5.289014182984829,0.993717277486911,0.006282722513089034,0.8138054
1162,72,shuffle,-1,0.0726348,0.16473569,0.9636831,72.00571,0.0103882095,0.0076515526,0.07457712292671204,0.004596821963787079,0.8247639034627492,0.1752360965372508,0.0103882095
1163,72,unrelated,100,0.69579977,1.5780736,0.6521006,71.96929,1.4995629,1.4209895,6.6115241050720215,6.5415438041090965,0.1935846933033202,0.8064153066966798,1.4995629
1173,73,paraphrase,-1,0.08299647,0.18823597,0.95850223,71.771484,0.00057491526,-0.0058355927,0.02541864477097988,0.0007036924362182617,0.9669421487603306,0.03305785123966942,0.00057491526
1174,73,translate,-1,0.09399625,0.21318345,0.95300245,71.74525,0.0128776,0.019111887,0.028811069205403328,0.004096116870641708,0.6428571428571429,0.3571428571428571,0.0128776
1175,73,polarity,-1,0.08989376,0.203879,0.95505375,71.77994,0.002750569,0.009807438,0.0253538079559803,0.0006388556212186813,0.9807106598984772,0.019289340101522834,0.002750569
1176,73,vocab,-1,0.081735335,0.1853757,0.95913297,71.77449,0.0021333664,-0.008695856,0.022523442283272743,-0.0021915100514888763,0.9690402476780186,0.03095975232198145,0.0021333664
1177,73,cat,-1,0.311623,0.7067608,0.84418917,71.634796,0.46440595,0.51268923,0.5982194542884827,0.573504501953721,0.9948506694129763,0.005149330587023715,0.46440595
1178,73,shuffle,-1,0.08791807,0.19939815,0.9560415,71.77459,0.002940076,0.005326584,0.02768881805241108,0.00297386571764946,0.8247422680412371,0.17525773195876293,0.002940076
1179,73,unrelated,1,0.72795033,1.6509911,0.63602567,71.91234,1.6102551,1.4569196,7.2500739097595215,7.22535895742476,0.17587373167981962,0.8241262683201804,1.6102551
1189,74,paraphrase,-1,0.038552236,0.08743645,0.9807243,72.12408,0.00038106545,0.00048947334,0.015014231204986572,0.00024674832820892334,0.972193614830072,0.02780638516992795,0.00038106545
1190,74,translate,-1,0.046921603,0.10641818,0.9765395,72.073425,0.011871398,0.019471198,0.01775471866130829,0.0029872357845306396,0.648023143683703,0.35197685631629705,0.011871398
1191,74,polarity,-1,0.03809445,0.08639819,0.98095316,72.14519,0.0026129948,-0.0005487874,0.013541478663682938,-0.0012260042130947113,0.9797775530839231,0.020222446916076886,0.0026129948
1192,74,vocab,-1,0.04360995,0.09890735,0.97819555,72.12627,0.0047516515,0.011960372,0.015028927475214005,0.0002614445984363556,0.9710444674250258,0.028955532574974185,0.0047516515
1193,74,cat,3,0.37142462,0.84239084,0.81428796,72.09187,0.80842817,0.7554439,7.559943199157715,7.545175716280937,0.9891808346213292,0.010819165378670781,0.80842817
1194,74,shuffle,-1,0.039342098,0.08922786,0.9803293,72.111206,0.0033059027,0.0022808835,0.01613505929708481,0.0013675764203071594,0.7901234567901234,0.2098765432098766,0.0033059027
1195,74,unrelated,246,0.66504663,1.5083255,0.66747695,72.02757,1.441713,1.4213785,7.500279903411865,7.485512420535088,0.2159827213822894,0.7840172786177106,1.441713
1205,75,paraphrase,-1,0.108320996,0.24567197,0.94583946,71.98384,0.0019482245,0.008217543,0.053176820278167725,-0.00824505090713501,0.9754464285714286,0.024553571428571397,0.0019482245
1206,75,translate,-1,0.1023378,0.23210208,0.94883144,71.97413,0.008475226,-0.005352348,0.05305425822734833,-0.008367612957954407,0.6856840993132594,0.31431590068674065,0.008475226
1207,75,polarity,-1,0.104916595,0.23795079,0.9475418,72.00755,0.0010111893,0.0004963577,0.05364824831485748,-0.0077736228704452515,0.9823982398239824,0.017601760176017556,0.0010111893
1208,75,vocab,-1,0.10695909,0.24258317,0.9465207,72.00611,0.0054907682,0.0051287413,0.09977065771818161,0.038348786532878876,0.975363941769317,0.024636058230683044,0.0054907682
1209,75,cat,5,0.44246688,1.0035146,0.77876675,71.89601,0.8443481,0.76606023,6.77006196975708,6.708640098571777,0.9775533108866442,0.02244668911335579,0.8443481
1210,75,shuffle,-1,0.10360422,0.23497432,0.9481981,71.96801,0.009283842,-0.0024801046,0.04654473811388016,-0.014877133071422577,0.7700892857142857,0.2299107142857143,0.009283842
1211,75,unrelated,7,0.6771284,1.5357269,0.661436,71.77696,1.3877854,1.2982725,2.9560790061950684,2.8946571350097656,0.19693654266958424,0.8030634573304157,1.3877854
1221,76,paraphrase,-1,0.22405255,0.50815105,0.88797396,71.98097,0.0008071387,-0.011986375,0.0032886993139982224,0.0013864395441487432,0.9861194930597466,0.013880506940253445,0.0008071387
1222,76,translate,-1,0.20745933,0.47051767,0.89627063,71.931046,0.029722815,-0.049619764,0.001964191673323512,6.193190347403288e-05,0.7306791569086651,0.26932084309133486,0.029722815
1223,76,polarity,-1,0.23281546,0.5280253,0.8835927,71.97858,0.0020192915,0.0078879,0.0019079125486314297,5.652778781950474e-06,0.9827483640690066,0.017251635930993436,0.0020192915
1224,76,vocab,-1,0.22579029,0.5120923,0.8871053,71.99093,0.0063979207,-0.008045137,0.0032780729234218597,0.0013758131535723805,0.9818840579710145,0.018115942028985477,0.0063979207
1225,76,cat,5,0.4143533,0.9397531,0.7928236,71.89046,0.76065516,0.4196157,1.1899709701538086,1.1880687103839591,0.984875983061101,0.015124016938898976,0.76065516
1226,76,shuffle,-1,0.23835202,0.54058224,0.8808244,71.96311,0.029643053,0.02044481,0.0009494788246229291,-0.0009527809452265501,0.6839565741857659,0.31604342581423406,0.029643053
1227,76,unrelated,28,0.8823783,2.0012336,0.5588111,71.86037,1.8756183,1.4810961,7.54867696762085,7.546774707851,0.23113207547169812,0.7688679245283019,1.8756183
1237,77,paraphrase,-1,0.07144185,0.16203009,0.96427923,71.81114,0.0011212442,-0.00222902,0.011785606853663921,0.003044028766453266,0.9616045845272206,0.03839541547277936,0.0011212442
1238,77,translate,-1,0.06846483,0.1552782,0.96576774,71.806786,0.018779052,-0.0089809,0.005027910694479942,-0.003713667392730713,0.5473908413205538,0.4526091586794462,0.018779052
1239,77,polarity,-1,0.07434962,0.16862491,0.9628253,71.82787,0.0017693788,0.004365802,0.008230820298194885,-0.00051075778901577,0.9804141018466704,0.019585898153329562,0.0017693788
1240,77,vocab,-1,0.07033865,0.15952803,0.96483064,71.82242,0.0018141554,-0.004731074,0.008507014252245426,-0.00023456383496522903,0.9685174585002863,0.031482541499713745,0.0018141554
1241,77,cat,3,0.33351803,0.75641876,0.8332411,71.83984,0.60733056,0.5921596,1.1668310165405273,1.1580894384533167,0.9914529914529915,0.008547008547008517,0.60733056
1242,77,shuffle,-1,0.07855579,0.1781645,0.96072227,71.81813,0.009927733,0.013905391,0.013982750475406647,0.0052411723881959915,0.726962457337884,0.273037542662116,0.009927733
1243,77,unrelated,210,0.78368855,1.7774053,0.60815585,71.863846,1.8458748,1.6131462,4.8814239501953125,4.872682372108102,0.29938786867000555,0.7006121313299944,1.8458748
1253,78,paraphrase,-1,0.062767774,0.14235729,0.9686164,72.050835,0.0005315479,0.0008238405,0.07784055918455124,-3.349781036376953e-05,0.9722076560041951,0.02779234399580488,0.0005315479
1254,78,translate,-1,0.063522905,0.14406992,0.96823865,72.02844,0.0104359845,0.0025364757,0.06224510073661804,-0.015628956258296967,0.6450344149459194,0.3549655850540806,0.0104359845
1255,78,polarity,-1,0.06308268,0.14307149,0.96845883,72.052864,0.0031831746,0.0015380383,0.04611872136592865,-0.03175533562898636,0.9819308208569953,0.018069179143004654,0.0031831746
1256,78,vocab,-1,0.063897535,0.14491957,0.9680514,72.04848,0.002409582,0.003386125,0.06482817977666855,-0.01304587721824646,0.9753280839895013,0.024671916010498673,0.002409582
1257,78,cat,3,0.5009386,1.1361285,0.7495309,71.87162,1.062017,0.9945951,7.79775333404541,7.719879277050495,0.9857369255150554,0.014263074484944571,1.062017
1258,78,shuffle,-1,0.06419821,0.14560151,0.96790135,72.05168,0.013549334,0.0040680617,0.0303792804479599,-0.04749477654695511,0.8354297693920335,0.1645702306079665,0.013549334
1259,78,unrelated,128,0.77544147,1.7587008,0.6122793,71.88198,1.7469828,1.6171674,11.03482437133789,10.956950314342976,0.26970033296337403,0.730299667036626,1.7469828
1269,79,paraphrase,-1,0.056547172,0.12824896,0.9717269,72.3317,0.00040282647,0.0008198023,0.05493500083684921,-0.0006634220480918884,0.9675898644667059,0.03241013553329408,0.00040282647
1270,79,translate,-1,0.055921458,0.12682985,0.9720398,72.33366,0.0062587564,-0.0005993098,0.052532799541950226,-0.0030656233429908752,0.6808988764044944,0.3191011235955056,0.0062587564
1271,79,polarity,-1,0.05718698,0.12970005,0.9714068,72.35044,0.000943996,0.0022708923,0.05654989182949066,0.0009514689445495605,0.988895382817066,0.011104617182933985,0.000943996
1272,79,vocab,-1,0.05993619,0.13593525,0.9700322,72.33256,0.003803112,0.008506089,0.055823009461164474,0.0002245865762233734,0.9726516052318668,0.027348394768133222,0.003803112
1273,79,cat,-1,0.28847602,0.6542635,0.8557623,71.91473,0.5325307,0.52683437,1.402125597000122,1.346527174115181,0.9834319526627219,0.016568047337278125,0.5325307
1274,79,shuffle,-1,0.056621008,0.12841642,0.97168964,72.344215,0.014556423,0.0009872615,0.045399680733680725,-0.010198742151260376,0.564344746162928,0.43565525383707204,0.014556423
1275,79,unrelated,231,0.85042274,1.9287584,0.574789,71.807495,1.8729849,1.8013293,6.879289150238037,6.823690727353096,0.21749408983451538,0.7825059101654847,1.8729849
1285,80,paraphrase,-1,0.114544846,0.25978765,0.94272774,72.01137,0.00057566626,0.00092869997,0.13702279329299927,-0.026384204626083374,0.9721329046087889,0.027867095391211127,0.00057566626
1286,80,translate,-1,0.12119125,0.2748617,0.9394044,72.035,0.009790807,0.016002744,0.1397647261619568,-0.023642271757125854,0.629080118694362,0.370919881305638,0.009790807
1287,80,polarity,-1,0.11649573,0.26421225,0.94175225,72.01905,0.004127706,0.0053533018,0.11492344737052917,-0.04848355054855347,0.9811122770199371,0.018887722980062915,0.004127706
1288,80,vocab,-1,0.11211352,0.2542734,0.9439433,72.01724,0.0028999352,-0.0045855343,0.1682916283607483,0.004884630441665649,0.9657387580299786,0.03426124197002145,0.0028999352
1289,80,cat,-1,0.54709923,1.2408208,0.7264504,71.96485,1.0509673,0.98196185,4.259862422943115,4.096455425024033,0.9946751863684771,0.005324813631522929,1.0509673
1290,80,shuffle,-1,0.11483212,0.2604392,0.9425843,72.00027,0.019036662,0.0015802383,0.20149552822113037,0.03808853030204773,0.8166311300639659,0.18336886993603407,0.019036662
1291,80,unrelated,222,0.7518152,1.7051165,0.62409234,72.019035,1.5912174,1.4462576,5.525758743286133,5.36235174536705,0.29067930489731436,0.7093206951026856,1.5912174
1301,81,paraphrase,-1,0.08896959,0.20178299,0.9555156,71.91717,0.0006888605,-0.0021421611,0.027948161587119102,0.0005925949662923813,0.9630471859010802,0.03695281409891982,0.0006888605
1302,81,translate,-1,0.11048411,0.2505779,0.9447582,71.90779,0.057565797,0.04665275,0.03623254597187042,0.008876979351043701,0.544702842377261,0.45529715762273903,0.057565797
1303,81,polarity,-1,0.08969655,0.20343174,0.95515215,71.91879,0.0036913108,-0.00049340725,0.026913784444332123,-0.0004417821764945984,0.9743303571428571,0.025669642857142905,0.0036913108
1304,81,vocab,-1,0.090361096,0.20493892,0.9548196,71.92168,0.0053519355,0.0010137707,0.035598330199718475,0.008242763578891754,0.9635949943117179,0.03640500568828209,0.0053519355
1305,81,cat,3,0.3158092,0.7162551,0.8420958,71.81273,0.59594846,0.51233,4.2145256996154785,4.187170132994652,0.9844738355376653,0.01552616446233468,0.59594846
1306,81,shuffle,-1,0.090309724,0.20482242,0.9548456,71.90457,0.013592693,0.0008972734,0.034499652683734894,0.007144086062908173,0.7856328392246295,0.21436716077537055,0.013592693
1307,81,unrelated,229,0.7598518,1.7233436,0.62007457,71.91431,1.58643,1.5194185,3.4130358695983887,3.385680302977562,0.17522321428571427,0.8247767857142857,1.58643
1317,82,paraphrase,-1,0.069063164,0.15663522,0.96546894,71.84636,0.0005819189,0.0006509125,0.01162000373005867,0.00011244043707847595,0.9625489100055897,0.03745108999441027,0.0005819189
1318,82,translate,-1,0.06875936,0.1559462,0.96562064,71.87632,0.008159564,-3.811717e-05,0.019559122622013092,0.008051559329032898,0.6460883448642896,0.35391165513571043,0.008159564
1319,82,polarity,-1,0.06606643,0.14983863,0.96696705,71.85574,0.0062382375,-0.006145686,0.012908343225717545,0.0014007799327373505,0.9841095890410959,0.01589041095890409,0.0062382375
1320,82,vocab,-1,0.070472345,0.15983124,0.96476406,71.83358,0.0019024704,0.0038469285,0.012897998094558716,0.0013904348015785217,0.9671309192200557,0.032869080779944326,0.0019024704
1321,82,cat,3,0.38134283,0.8648854,0.80932903,71.7949,0.69693696,0.70890105,0.8727467060089111,0.8612391427159309,0.9882615986584684,0.01173840134153159,0.69693696
1322,82,shuffle,-1,0.06547464,0.14849645,0.96726304,71.87946,0.034812815,-0.0074878633,0.017710063606500626,0.0062025003135204315,0.5583982202447163,0.4416017797552837,0.034812815
1323,82,unrelated,72,0.80577195,1.8274904,0.59711415,71.98497,1.6661334,1.6715062,5.638189315795898,5.626681752502918,0.2084233261339093,0.7915766738660908,1.6661334
1333,83,paraphrase,-1,0.09357216,0.21222162,0.9532145,72.01281,0.00091277447,-0.0011461079,0.010565380565822124,0.00042061787098646164,0.9721212121212122,0.027878787878787836,0.00091277447
1334,83,translate,-1,0.095426515,0.2164273,0.9522871,72.00567,0.00833121,0.003059566,0.01142851635813713,0.001283753663301468,0.6271855611957134,0.37281443880428655,0.00833121
1335,83,polarity,-1,0.09439115,0.2140791,0.95280486,72.0004,0.0013115411,0.00071136653,0.01006507407873869,-7.968861609697342e-05,0.9821215733015495,0.017878426698450522,0.0013115411
1336,83,vocab,-1,0.094532184,0.21439895,0.95273405,72.00971,0.0033386236,0.00103122,0.009576668962836266,-0.0005680937319993973,0.9757575757575757,0.024242424242424288,0.0033386236
1337,83,cat,-1,0.29279605,0.6640613,0.8536026,72.0148,0.5103991,0.45069358,8.642814636230469,8.632669873535633,0.9945619335347432,0.005438066465256797,0.5103991
1338,83,shuffle,-1,0.09444385,0.2141986,0.9527785,71.97234,0.015218317,0.00083087385,0.010648082941770554,0.0005033202469348907,0.6537530266343826,0.3462469733656174,0.015218317
1339,83,unrelated,151,0.8534771,1.9356858,0.57326186,71.82415,1.911448,1.722318,5.692195415496826,5.6820506528019905,0.31469740634005766,0.6853025936599424,1.911448
1349,84,paraphrase,-1,0.0732884,0.16621807,0.963356,72.13608,0.00045180912,-8.325279e-05,0.004750379361212254,-0.0005179066210985184,0.9688073394495413,0.031192660550458662,0.00045180912
1350,84,translate,-1,0.0753417,0.17087494,0.96232945,72.10838,0.019599391,0.0045736134,0.0065589528530836105,0.0012906668707728386,0.6749156355455568,0.3250843644544432,0.019599391
1351,84,polarity,-1,0.076103,0.17260158,0.9619487,72.12934,0.0014806736,0.0063002557,0.005169279873371124,-9.900610893964767e-05,0.9830917874396136,0.016908212560386437,0.0014806736
1352,84,vocab,-1,0.07483197,0.16971888,0.9625843,72.135475,0.0016455338,0.0034175515,0.004414157941937447,-0.0008541280403733253,0.9724433557868953,0.027556644213104664,0.0016455338
1353,84,cat,3,0.53010213,1.2022715,0.7349492,72.17556,1.2727509,1.0359701,10.905219078063965,10.899950792081654,0.9870928088506453,0.01290719114935468,1.2727509
1354,84,shuffle,-1,0.09506254,0.2156018,0.9524691,72.07962,0.035128783,0.049300477,0.008815796114504337,0.0035475101321935654,0.558679706601467,0.44132029339853296,0.035128783
1355,84,unrelated,198,0.8351452,1.8941089,0.5824278,71.98286,1.8600985,1.7278075,10.61198902130127,10.606720735318959,0.2603619381202569,0.7396380618797431,1.8600985
1365,85,paraphrase,-1,0.10390886,0.23566525,0.9480458,72.022514,0.0008283944,-0.0023526251,0.008935489691793919,0.0028572496958076954,0.9743888242142026,0.025611175785797413,0.0008283944
1366,85,translate,-1,0.16335651,0.3704925,0.9183223,72.027016,0.06258848,0.13247462,0.007368936203420162,0.001290696207433939,0.5576719576719577,0.44232804232804235,0.06258848
1367,85,polarity,-1,0.102260016,0.23192567,0.94887036,72.005585,0.003077326,-0.0060922056,0.005539521109312773,-0.0005387188866734505,0.9721115537848606,0.027888446215139417,0.003077326
1368,85,vocab,-1,0.11598792,0.26306054,0.94200635,71.99954,0.0053584557,0.025042668,0.006297880783677101,0.00021964078769087791,0.9732246798603027,0.0267753201396973,0.0053584557
1369,85,cat,-1,0.4862753,1.1028721,0.75686246,71.74833,0.8359764,0.8648543,1.454915165901184,1.4488369259051979,0.9894490035169988,0.010550996483001174,0.8359764
1370,85,shuffle,-1,0.10639491,0.24130361,0.946803,71.99327,0.010031546,0.0032857358,0.00504032289609313,-0.0010379170998930931,0.8230500582072177,0.17694994179278234,0.010031546
1371,85,unrelated,125,0.87387973,1.9819589,0.5630606,71.9246,1.800348,1.743941,1.1828356981277466,1.1767574581317604,0.2021952628538417,0.7978047371461583,1.800348
1381,86,paraphrase,-1,0.122345924,0.2774805,0.9388275,72.08368,0.0012043952,-0.00030177832,0.019849851727485657,-0.0015014894306659698,0.980327868852459,0.01967213114754096,0.0012043952
1382,86,translate,-1,0.122146055,0.2770272,0.9389273,72.08397,0.013666724,-0.00075510144,0.020408160984516144,-0.0009431801736354828,0.6611226611226612,0.33887733887733884,0.013666724
1383,86,polarity,-1,0.123454355,0.27999443,0.93827313,72.08251,0.0025960542,0.002212137,0.02184353396296501,0.000492192804813385,0.9817792068595927,0.018220793140407254,0.0025960542
1384,86,vocab,-1,0.12283573,0.2785914,0.93858254,72.08792,0.0026115675,0.00080910325,0.02056628093123436,-0.0007850602269172668,0.9782135076252724,0.02178649237472763,0.0026115675
1385,86,cat,-1,0.29240707,0.6631791,0.8537969,71.97838,0.4107847,0.3853968,2.7628424167633057,2.741491075605154,0.9967355821545157,0.0032644178454842576,0.4107847
1386,86,shuffle,-1,0.14608458,0.33131975,0.9269582,72.1017,0.09117875,0.05353746,0.02103630267083645,-0.0003150384873151779,0.6652173913043479,0.33478260869565213,0.09117875
1387,86,unrelated,104,0.88083345,1.9977299,0.5595836,72.04783,1.8339119,1.7199476,5.508301258087158,5.486949916929007,0.1905286343612335,0.8094713656387665,1.8339119
1397,87,paraphrase,-1,0.092014395,0.2086886,0.95399314,72.01949,0.00223056,0.0035169274,0.014651613309979439,-0.0017389468848705292,0.9562087582483503,0.04379124175164972,0.00223056
1398,87,translate,-1,0.09879933,0.22407684,0.9506004,72.01159,0.008386914,0.018905163,0.02061997726559639,0.004229417070746422,0.6306818181818182,0.36931818181818177,0.008386914
1399,87,polarity,-1,0.092681244,0.21020103,0.95365965,72.00678,0.0033238614,0.0050293505,0.01804516464471817,0.0016546044498682022,0.9731621936989499,0.02683780630105015,0.0033238614
1400,87,vocab,-1,0.09584173,0.21736899,0.9520793,72.026596,0.003849932,0.012197316,0.0157114677131176,-0.0006790924817323685,0.9593301435406698,0.04066985645933019,0.003849932
1401,87,cat,-1,0.45260525,1.0265085,0.7736978,71.88214,0.80714315,0.82133675,2.5802104473114014,2.5638198871165514,0.9832535885167464,0.01674641148325362,0.80714315
1402,87,shuffle,-1,0.10055363,0.2280556,0.9497233,71.99134,0.018272504,0.022883922,0.01775755174458027,0.001366991549730301,0.7899761336515513,0.21002386634844872,0.018272504
1403,87,unrelated,103,0.81710374,1.8531909,0.5914481,72.151245,1.6926165,1.6480192,9.445209503173828,9.428818942978978,0.23812316715542522,0.7618768328445747,1.6926165
1413,88,paraphrase,-1,0.05818523,0.13196407,0.9709078,71.84652,0.0006013671,-0.00032685697,0.008815860375761986,0.0007922705262899399,0.9723991507430998,0.027600849256900206,0.0006013671
1414,88,translate,-1,0.061263103,0.13894469,0.96936876,71.81842,0.012173437,0.006653756,0.012073969468474388,0.004050379619002342,0.6476476476476476,0.3523523523523524,0.012173437
1415,88,polarity,-1,0.060074985,0.13625003,0.96996266,71.85351,0.0060008056,0.0039591044,0.00985031109303236,0.0018267212435603142,0.9827134625458355,0.01728653745416453,0.0060008056
1416,88,vocab,-1,0.06322795,0.14340097,0.9683863,71.85277,0.003907128,0.011110038,0.012188572436571121,0.004164982587099075,0.9782030834662414,0.021796916533758592,0.003907128
1417,88,cat,3,0.32566816,0.7386152,0.8371665,71.47319,0.6291563,0.6063243,4.90037727355957,4.892353683710098,0.98068669527897,0.01931330472102999,0.6291563
1418,88,shuffle,-1,0.058490954,0.13265745,0.97075486,71.842674,0.014123748,0.00036652386,0.01315911952406168,0.005135529674589634,0.6227417640807651,0.3772582359192349,0.014123748
1419,88,unrelated,157,0.8513932,1.9309595,0.5743038,72.04887,1.8047707,1.7986685,5.890270709991455,5.882247120141983,0.20331491712707184,0.7966850828729282,1.8047707
1429,89,paraphrase,-1,0.046769068,0.106072225,0.97661567,71.92971,0.00028248495,0.000177823,0.0634208470582962,-0.0005006790161132812,0.9855407750144592,0.014459224985540753,0.00028248495
1430,89,translate,-1,0.04736819,0.10743104,0.97631603,71.92063,0.0071643326,0.0015366375,0.05562842637300491,-0.008293099701404572,0.6059036768513724,0.39409632314862764,0.0071643326
1431,89,polarity,-1,0.048704125,0.11046094,0.97564816,71.926346,0.0017160417,0.0045665354,0.07701633125543594,0.013094805181026459,0.978433598183882,0.02156640181611802,0.0017160417
1432,89,vocab,-1,0.045171227,0.10244832,0.9774145,71.92133,0.0023817902,-0.0034460798,0.05623546242713928,-0.007686063647270203,0.9820705610179294,0.017929438982070556,0.0023817902
1433,89,cat,4,0.31325537,0.71046305,0.8433726,71.947174,0.6426659,0.60456866,5.362048149108887,5.298126623034477,0.9860788863109049,0.0139211136890951,0.6426659
1434,89,shuffle,-1,0.054497074,0.12359934,0.9727516,71.942604,0.029558415,0.017704941,0.05302644893527031,-0.010895077139139175,0.5889145496535797,0.4110854503464203,0.029558415
1435,89,unrelated,189,0.8185264,1.8564175,0.59073687,71.874214,1.8256171,1.7505231,6.755145072937012,6.691223546862602,0.13505908835115363,0.8649409116488463,1.8256171
1445,90,paraphrase,-1,0.044354778,0.100596614,0.9778231,72.07182,0.0016933673,-0.0019636974,0.0013724076561629772,-0.0006039871368557215,0.9681386249301286,0.03186137506987141,0.0016933673
1446,90,translate,-1,0.05099376,0.11565382,0.97450364,72.07644,0.013702816,0.013093509,0.002960509853437543,0.0009841150604188442,0.6056191467221644,0.39438085327783556,0.013702816
1447,90,polarity,-1,0.044927653,0.1018959,0.9775365,72.07731,0.0012109054,-0.000664413,0.0036038244143128395,0.0016274296212941408,0.9811738648947951,0.018826135105204922,0.0012109054
1448,90,vocab,-1,0.045135118,0.102366425,0.9774331,72.07252,0.0011999053,-0.00019388646,0.0035571474581956863,0.0015807526651769876,0.9691531127313516,0.03084688726864837,0.0011999053
1449,90,cat,3,0.40957522,0.92891645,0.7952129,72.12532,0.82346296,0.8263562,1.7295628786087036,1.727586483815685,0.991577765300393,0.008422234699607012,0.82346296
1450,90,shuffle,-1,0.0541991,0.12292353,0.97290087,72.110916,0.018204195,0.02036322,0.0019785903859883547,2.1955929696559906e-06,0.7694038245219348,0.2305961754780652,0.018204195
1451,90,unrelated,63,0.8456194,1.9178643,0.57719105,72.07596,1.8410625,1.815304,9.333319664001465,9.331343269208446,0.28197839681637293,0.7180216031836271,1.8410625
1461,91,paraphrase,-1,0.092738114,0.21033001,0.9536312,71.69828,0.00201516,0.005831197,0.05669545382261276,0.004493966698646545,0.9504036908881199,0.049596309111880066,0.00201516
1462,91,translate,-1,0.092363805,0.20948106,0.9538185,71.697754,0.014620407,0.004982248,0.05660500377416611,0.00440351665019989,0.5040387722132472,0.4959612277867528,0.014620407
1463,91,polarity,-1,0.09380794,0.21275638,0.95309633,71.71088,0.0045410767,0.008257568,0.06781882792711258,0.015617340803146362,0.9723943661971831,0.027605633802816887,0.0045410767
1464,91,vocab,-1,0.0918026,0.20820825,0.954099,71.69257,0.004707842,0.0037094355,0.052674800157547,0.00047331303358078003,0.9618497109826589,0.03815028901734108,0.004707842
1465,91,cat,-1,0.36773306,0.8340184,0.8161338,71.78235,0.7160603,0.6295196,2.1360228061676025,2.0838213190436363,0.9861111111111112,0.01388888888888884,0.7160603
1466,91,shuffle,-1,0.098191164,0.22269751,0.9509046,71.702995,0.0180874,0.018198699,0.03826047480106354,-0.01394101232290268,0.8292964244521338,0.1707035755478662,0.0180874
1467,91,unrelated,89,0.8737413,1.981645,0.56312966,71.93195,1.894676,1.7771462,1.7499268054962158,1.6977253183722496,0.23773802654356607,0.762261973456434,1.894676
1477,92,paraphrase,-1,0.2958377,0.6709598,0.8520815,72.22114,0.00067944254,0.00076407194,0.15324506163597107,0.023054733872413635,0.9850746268656716,0.014925373134328401,0.00067944254
1478,92,translate,-1,0.3011306,0.682964,0.8494349,72.19603,0.007512069,0.012768328,0.13925370573997498,0.009063377976417542,0.717366628830874,0.282633371169126,0.007512069
1479,92,polarity,-1,0.29552558,0.6702519,0.85223746,72.22053,0.0005572406,5.620718e-05,0.13739192485809326,0.007201597094535828,0.9829110194460813,0.01708898055391872,0.0005572406
1480,92,vocab,-1,0.29774714,0.67529035,0.85112655,72.21401,0.0010364521,0.0050946474,0.12465643882751465,-0.005533888936042786,0.9785714285714285,0.021428571428571463,0.0010364521
1481,92,cat,5,0.7904558,1.7927535,0.6047723,71.882225,1.0429753,1.1225578,10.259256362915039,10.129066035151482,0.9851101846337106,0.014889815366289416,1.0429753
1482,92,shuffle,-1,0.30150113,0.6838044,0.8492499,72.195816,0.01392432,0.013608694,0.14349570870399475,0.013305380940437317,0.8004778972520908,0.19952210274790916,0.01392432
1483,92,unrelated,146,1.1981945,2.7175045,0.40090314,71.7637,1.8919362,2.047309,6.398362636566162,6.268172308802605,0.2588105726872247,0.7411894273127753,1.8919362
1493,93,paraphrase,-1,0.094315544,0.21390761,0.95284253,72.05277,0.00034426473,0.0008736253,0.00029091781470924616,4.947360139340162e-07,0.9602888086642599,0.03971119133574008,0.00034426473
1494,93,translate,-1,0.10541178,0.23907387,0.9472944,72.04654,0.016910188,0.026039883,0.0004595833015628159,0.00016916022286750376,0.6643757159221076,0.33562428407789235,0.016910188
1495,93,polarity,-1,0.09128119,0.2070257,0.9543598,72.05341,0.0021531035,-0.0060082823,0.0002920757979154587,1.6527192201465368e-06,0.982185273159145,0.017814726840855055,0.0021531035
1496,93,vocab,-1,0.09724684,0.2205558,0.95137733,72.05061,0.0017232642,0.007521808,0.0002990184002555907,8.595321560278535e-06,0.9617486338797814,0.03825136612021862,0.0017232642
1497,93,cat,-1,0.4168396,0.945392,0.7915806,72.18393,0.77607995,0.73235804,1.8680435419082642,1.8677531188295688,0.9872650090964221,0.01273499090357788,0.77607995
1498,93,shuffle,-1,0.09004956,0.20423235,0.9549757,72.04885,0.010619894,-0.008801639,0.0002856734790839255,-4.749599611386657e-06,0.7683956574185766,0.23160434258142337,0.010619894
1499,93,unrelated,98,0.99650747,2.2600784,0.50174683,72.36989,2.048626,2.0470445,10.38853931427002,10.388248891191324,0.1672473867595819,0.8327526132404182,2.048626
1509,94,paraphrase,-1,0.11759063,0.2666955,0.941205,71.74819,0.00088632846,-0.0019920766,0.02425428293645382,0.0008030571043491364,0.9647630619684082,0.03523693803159178,0.00088632846
1510,94,translate,-1,0.13022873,0.2953587,0.93488604,71.76931,0.025753498,0.026671112,0.02740304358303547,0.003951817750930786,0.49087893864013266,0.5091210613598673,0.025753498
1511,94,polarity,-1,0.12881334,0.2921486,0.9355937,71.755455,0.0048952084,0.023461014,0.031599514186382294,0.00814828835427761,0.9833926453143536,0.016607354685646447,0.0048952084
1512,94,vocab,-1,0.120807305,0.2739909,0.9395966,71.742294,0.0022741419,0.0053033233,0.024871215224266052,0.0014199893921613693,0.9656004828002414,0.034399517199758645,0.0022741419
1513,94,cat,-1,0.27902892,0.6328375,0.86048603,71.67359,0.5226878,0.3641499,1.337857723236084,1.3144064974039793,0.9903147699757869,0.009685230024213065,0.5226878
1514,94,shuffle,-1,0.11602728,0.26314983,0.94198674,71.73171,0.0034626513,-0.0055377483,0.025225240737199783,0.0017740149050951004,0.7891566265060241,0.21084337349397586,0.0034626513
1515,94,unrelated,15,0.7666958,1.7388657,0.6166523,71.99381,1.7291555,1.4701781,1.1928685903549194,1.1694173645228148,0.2409356725146199,0.7590643274853801,1.7291555
1525,95,paraphrase,-1,0.24999766,0.5669946,0.87500167,71.853004,0.0011759123,0.011567593,0.030240662395954132,0.0023441817611455917,0.9778737182946573,0.0221262817053427,0.0011759123
1526,95,translate,-1,0.25221652,0.57202697,0.87389207,71.85652,0.01533482,0.016599953,0.024958020076155663,-0.002938460558652878,0.5187467899332306,0.48125321006676935,0.01533482
1527,95,polarity,-1,0.24146485,0.5476422,0.87926775,71.85286,0.002127067,-0.0077848434,0.027207059785723686,-0.0006894208490848541,0.9818569903948773,0.018143009605122717,0.002127067
1528,95,vocab,-1,0.25372997,0.5754595,0.87313515,71.86414,0.015791068,0.020032465,0.02722708135843277,-0.0006693992763757706,0.9804772234273319,0.0195227765726681,0.015791068
1529,95,cat,3,0.5696547,1.2919766,0.7151731,72.006744,0.7730778,0.73654956,4.663671493530273,4.635775012895465,0.9918610960390667,0.008138903960933308,0.7730778
1530,95,shuffle,-1,0.2691519,0.6104364,0.86542445,71.84811,0.026404962,0.055009365,0.03207644820213318,0.004179967567324638,0.8104008667388949,0.1895991332611051,0.026404962
1531,95,unrelated,200,0.95166063,2.158366,0.5241701,71.848656,1.6159106,1.6029389,1.9461183547973633,1.9182218741625547,0.2431818181818182,0.7568181818181818,1.6159106
1541,96,paraphrase,-1,0.047227237,0.10711135,0.9763869,72.10244,0.00060026103,0.0011081621,0.017069604247808456,-6.22868537902832e-06,0.9632701421800948,0.03672985781990523,0.00060026103
1542,96,translate,-1,0.054134894,0.12277792,0.972933,72.075096,0.013780107,0.016774729,0.008327055722475052,-0.008748777210712433,0.6210295728368017,0.3789704271631983,0.013780107
1543,96,polarity,-1,0.048610188,0.11024789,0.97569543,72.12067,0.0029882102,0.0042447,0.010835941880941391,-0.006239891052246094,0.9704690214244355,0.029530978575564526,0.0029882102
1544,96,vocab,-1,0.04670968,0.10593753,0.9766456,72.09182,0.003648858,-6.5654516e-05,0.011079404503107071,-0.005996428430080414,0.9609004739336493,0.0390995260663507,0.003648858
1545,96,cat,2,0.3350659,0.7599293,0.8324676,71.85316,0.6192582,0.65392613,8.537993431091309,8.520917598158121,0.9904648390941597,0.009535160905840279,0.6192582
1546,96,shuffle,-1,0.05716577,0.12965195,0.9714177,72.104614,0.012037026,0.023648761,0.02090906724333763,0.0038332343101501465,0.7829181494661922,0.2170818505338078,0.012037026
1547,96,unrelated,43,0.9009684,2.0433958,0.54951626,72.040535,1.924054,1.9373926,4.801546096801758,4.78447026386857,0.25229357798165136,0.7477064220183487,1.924054
1557,97,paraphrase,-1,0.15232739,0.34547845,0.9238369,71.958374,0.0007501268,-0.005159825,0.0017474278574809432,5.366629920899868e-06,0.9812235009085403,0.01877649909145973,0.0007501268
1558,97,translate,-1,0.15115389,0.34281695,0.92442346,71.98509,0.03226278,-0.0078213215,0.0012023299932479858,-0.0005397312343120575,0.5402363534046145,0.4597636465953855,0.03226278
1559,97,polarity,-1,0.15622571,0.35431984,0.9218876,71.96294,0.0026474737,0.0036815703,0.0018005853053182364,5.8524077758193016e-05,0.9803688280785247,0.019631171921475343,0.0026474737
1560,97,vocab,-1,0.16622126,0.37698975,0.9168898,71.93758,0.0062938314,0.026351482,0.001676392974331975,-6.566825322806835e-05,0.9788774894387448,0.021122510561255248,0.0062938314
1561,97,cat,5,0.3226997,0.73188275,0.8386507,71.84776,0.43211234,0.38124448,0.038429539650678635,0.03668747842311859,0.9817518248175182,0.018248175182481785,0.43211234
1562,97,shuffle,-1,0.17051181,0.38672072,0.9147445,71.96547,0.04257447,0.036082447,0.0017975339433178306,5.547271575778723e-05,0.5743651753325272,0.4256348246674728,0.04257447
1563,97,unrelated,60,0.7602295,1.7242002,0.61988574,71.88484,1.340788,1.373562,8.912287712097168,8.910545650869608,0.21449970041941283,0.7855002995805872,1.340788
1573,98,paraphrase,-1,0.09999313,0.22678438,0.950004,72.3778,0.00094911584,-0.0003926009,0.014713939279317856,0.0001223292201757431,0.9614740368509213,0.038525963149078746,0.00094911584
1574,98,translate,-1,0.10014471,0.22712815,0.9499281,72.35834,0.008445987,-4.8831105e-05,0.014401355758309364,-0.0001902543008327484,0.6801490154337414,0.3198509845662586,0.008445987
1575,98,polarity,-1,0.10345209,0.23462929,0.9482744,72.386024,0.0032325604,0.007452309,0.01583094522356987,0.0012393351644277573,0.9736842105263158,0.02631578947368418,0.0032325604
1576,98,vocab,-1,0.10464394,0.23733242,0.94767857,72.33175,0.005757094,0.010155439,0.017683688551187515,0.0030920784920454025,0.9658263305322129,0.034173669467787104,0.005757094
1577,98,cat,-1,0.34139678,0.77428776,0.82930195,71.9837,0.53766954,0.5471108,3.644143581390381,3.6295519713312387,0.9944071588366891,0.005592841163310935,0.53766954
1578,98,shuffle,-1,0.19761138,0.44818252,0.9011947,72.25807,0.15910308,0.22100554,0.023423923179507256,0.008832313120365143,0.5856662933930571,0.4143337066069429,0.15910308
1579,98,unrelated,116,0.8091396,1.8351283,0.59543055,71.97685,1.551729,1.6079513,0.17159374058246613,0.157002130523324,0.2403789224393132,0.7596210775606869,1.551729
1589,99,paraphrase,-1,0.12799826,0.2903,0.9360009,72.026024,0.000354626,-1.8000603e-05,0.002527874428778887,-0.00026930798776447773,0.9801821103374397,0.019817889662560262,0.000354626
1590,99,translate,-1,0.13251904,0.3005531,0.93374056,71.99339,0.018942202,0.010235101,0.0030690995045006275,0.000271917087957263,0.6435546875,0.3564453125,0.018942202
1591,99,polarity,-1,0.124721244,0.28286773,0.93763953,72.03029,0.0018232194,-0.0074502826,0.0030633038841187954,0.00026612146757543087,0.9826041117554033,0.017395888244596702,0.0018232194
1592,99,vocab,-1,0.1318558,0.2990489,0.9340723,72.03963,0.0031482729,0.008730888,0.0024151522666215897,-0.00038203014992177486,0.9839743589743589,0.01602564102564108,0.0031482729
1593,99,cat,3,0.47753754,1.0830549,0.76123136,71.918564,0.90446407,0.7927369,2.2617175579071045,2.258920375490561,0.9838012958963283,0.016198704103671746,0.90446407
1594,99,shuffle,-1,0.119543314,0.27112418,0.94022864,72.00872,0.02038683,-0.019193828,0.0024523138999938965,-0.00034486851654946804,0.7914438502673797,0.20855614973262027,0.02038683
1595,99,unrelated,255,0.8481778,1.9236668,0.57591146,71.782036,1.8996689,1.6333488,3.9195456504821777,3.9167484680656344,0.19541484716157206,0.8045851528384279,1.8996689
1605,100,paraphrase,-1,0.100541495,0.22802806,0.9497297,71.96067,0.0008540639,0.0032579899,0.07041691243648529,0.021230977028608322,0.9648484848484848,0.035151515151515156,0.0008540639
1606,100,translate,-1,0.1090434,0.24731037,0.94547874,71.94712,0.017453032,0.022540301,0.04976259544491768,0.0005766600370407104,0.5908828620888632,0.4091171379111368,0.017453032
1607,100,polarity,-1,0.1084684,0.24600628,0.94576627,71.9526,0.009065357,0.021236211,0.0499599426984787,0.0007740072906017303,0.9692307692307692,0.03076923076923077,0.009065357
1608,100,vocab,-1,0.09958003,0.22584745,0.95021045,71.950066,0.0050765066,0.0010773838,0.049125466495752335,-6.046891212463379e-05,0.9666059502125076,0.033394049787492386,0.0050765066
1609,100,cat,-1,0.41546163,0.94226676,0.7922696,71.76117,0.7523712,0.7174967,4.857695579528809,4.808509644120932,0.9963724304715841,0.0036275695284159193,0.7523712
1610,100,shuffle,-1,0.14019884,0.3179709,0.9299008,71.9352,0.07959997,0.09320083,0.12558215856552124,0.07639622315764427,0.6177184466019418,0.38228155339805825,0.07959997
1611,100,unrelated,203,0.75466335,1.7115761,0.62266886,71.92332,1.5288535,1.486806,4.299506187438965,4.250320252031088,0.20228777844671886,0.7977122215532811,1.5288535
1621,101,paraphrase,-1,0.06440349,0.14606708,0.96779835,72.00268,0.00034033402,-0.0011060089,0.0377068929374218,0.0062317028641700745,0.9815418023887079,0.018458197611292082,0.00034033402
1622,101,translate,-1,0.06584511,0.14933668,0.96707743,71.994255,0.0049549513,0.002163589,0.019858192652463913,-0.011616997420787811,0.7536082474226804,0.2463917525773196,0.0049549513
1623,101,polarity,-1,0.06518762,0.14784549,0.9674061,72.00333,0.0008043863,0.0006724,0.031493283808231354,1.8093734979629517e-05,0.9903329752953813,0.009667024704618665,0.0008043863
1624,101,vocab,-1,0.06304006,0.14297484,0.9684803,71.99236,0.0020957217,-0.004198253,0.03810267522931099,0.006627485156059265,0.9766431287343835,0.023356871265616475,0.0020957217
1625,101,cat,4,0.3386769,0.76811904,0.83066154,71.83268,0.69867015,0.62094593,6.024895668029785,5.993420477956533,0.991332611050921,0.008667388949079036,0.69867015
1626,101,shuffle,-1,0.06417722,0.14555392,0.96791124,71.99914,0.0034964571,-0.0016191751,0.03203272074460983,0.0005575306713581085,0.8125677139761647,0.18743228602383533,0.0034964571
1627,101,unrelated,13,0.5879568,1.3334857,0.7060217,71.87004,1.2301356,1.1863127,0.11517737805843353,0.08370218798518181,0.2652005174644243,0.7347994825355757,1.2301356
1637,102,paraphrase,-1,0.04550175,0.10319795,0.97724915,72.115,0.0003742443,-0.0006455183,0.011476541869342327,-0.00016188807785511017,0.9693109438332368,0.030689056166763207,0.0003742443
1638,102,translate,-1,0.049628306,0.11255698,0.97518617,72.0998,0.013265662,0.008713514,0.011194557882845402,-0.0004438720643520355,0.6714522363335174,0.32854776366648264,0.013265662
1639,102,polarity,-1,0.04684917,0.10625389,0.97657573,72.114456,0.0016155601,0.0024104267,0.00802829023450613,-0.003610139712691307,0.9795221843003413,0.020477815699658675,0.0016155601
1640,102,vocab,-1,0.04579074,0.103853375,0.97710514,72.11485,0.0024263605,9.909272e-06,0.011557124555110931,-8.130539208650589e-05,0.9732868757259001,0.026713124274099886,0.0024263605
1641,102,cat,4,0.5173804,1.1734185,0.7413101,71.94374,1.0877953,1.0695751,10.746580123901367,10.73494169395417,0.9837587006960556,0.016241299303944357,1.0877953
1642,102,shuffle,-1,0.051833224,0.11755773,0.9740838,72.106064,0.018919835,0.013714261,0.0035142896231263876,-0.00812414032407105,0.5266203703703703,0.47337962962962965,0.018919835
1643,102,unrelated,141,0.8560274,1.9414698,0.57198673,72.04988,1.8402641,1.8376263,5.718707084655762,5.707068654708564,0.22827346465816917,0.7717265353418308,1.8402641
1653,103,paraphrase,-1,0.1342228,0.30441725,0.93288887,72.14824,0.0004566773,0.00035518408,0.06687603890895844,-0.0002982988953590393,0.9763688760806917,0.023631123919308328,0.0004566773
1654,103,translate,-1,0.13922366,0.3157592,0.9303883,72.140884,0.008010006,0.011697143,0.052625857293605804,-0.01454848051071167,0.6424242424242425,0.35757575757575755,0.008010006
1655,103,polarity,-1,0.13116066,0.29747233,0.93441993,72.14898,0.0013160298,-0.0065897405,0.06714100390672684,-3.333389759063721e-05,0.9790368271954675,0.020963172804532526,0.0013160298
1656,103,vocab,-1,0.14085934,0.31946892,0.92957044,72.13212,0.00306513,0.015406847,0.05175567418336868,-0.015418663620948792,0.9792626728110599,0.020737327188940058,0.00306513
1657,103,cat,3,0.47266683,1.0720081,0.7636669,71.82944,0.88621575,0.76794606,2.3278896808624268,2.2607153430581093,0.9913644214162349,0.008635578583765069,0.88621575
1658,103,shuffle,-1,0.1348427,0.30582318,0.93257886,72.1475,0.0029388233,0.0017611086,0.052195943892002106,-0.014978393912315369,0.8108419838523645,0.1891580161476355,0.0029388233
1659,103,unrelated,192,0.8055409,1.8269664,0.5972298,71.92459,1.6050998,1.5229044,1.7696220874786377,1.7024477496743202,0.3016949152542373,0.6983050847457627,1.6050998
1669,104,paraphrase,-1,0.060964197,0.13826677,0.96951824,72.04568,0.00022793833,-0.0008158237,0.0029943916015326977,-4.3336302042007446e-05,0.9704735376044569,0.02952646239554313,0.00022793833
1670,104,translate,-1,0.06307242,0.14304823,0.9684639,72.072334,0.007904301,0.003965631,0.0024505113251507282,-0.0005872165784239769,0.6627218934911243,0.3372781065088757,0.007904301
1671,104,polarity,-1,0.06049795,0.13720933,0.9697513,72.042564,0.0016547914,-0.0018732697,0.0023811510764062405,-0.0006565768271684647,0.9797037849698299,0.020296215030170095,0.0016547914
1672,104,vocab,-1,0.059941046,0.13594626,0.9700297,72.04741,0.0011637119,-0.0031363368,0.002426532097160816,-0.0006111958064138889,0.9759373251259094,0.02406267487409064,0.0011637119
1673,104,cat,-1,0.5169072,1.1723453,0.74154675,71.86418,1.097866,1.0332627,9.591887474060059,9.588849746156484,0.9910714285714286,0.008928571428571397,1.097866
1674,104,shuffle,-1,0.07983877,0.18107429,0.9600809,72.05092,0.046738487,0.041991696,0.002314712153747678,-0.0007230157498270273,0.8236607142857143,0.1763392857142857,0.046738487
1675,104,unrelated,221,0.79812735,1.8101525,0.60093653,71.94153,1.798499,1.67107,8.298234939575195,8.29519721167162,0.28325688073394495,0.716743119266055,1.798499
1685,105,paraphrase,-1,0.11784563,0.26727384,0.94107735,71.82572,0.00033810938,-0.0018145144,0.030283210799098015,-0.0007739383727312088,0.9831565814098565,0.01684341859014349,0.00033810938
1686,105,translate,-1,0.11141734,0.2526945,0.94429195,71.814545,0.011116181,-0.01639387,0.02464839443564415,-0.006408754736185074,0.7008849557522124,0.29911504424778756,0.011116181
1687,105,polarity,-1,0.120528266,0.27335805,0.9397361,71.82438,0.0014376909,0.0042696893,0.030803704634308815,-0.00025344453752040863,0.9852216748768473,0.014778325123152691,0.0014376909
1688,105,vocab,-1,0.11753569,0.2665709,0.94123256,71.82729,0.0015571583,-0.0025174618,0.02639896050095558,-0.004658188670873642,0.9818863210493441,0.018113678950655854,0.0015571583
1689,105,cat,-1,0.40253568,0.91295075,0.79873246,71.553,0.7444167,0.64386237,5.022058010101318,4.991000860929489,0.9906308557151781,0.00936914428482194,0.7444167
1690,105,shuffle,-1,0.11799462,0.26761174,0.9410031,71.80068,0.0031567735,-0.0014766157,0.0322406068444252,0.0011834576725959778,0.7655860349127181,0.23441396508728185,0.0031567735
1691,105,unrelated,51,0.7546143,1.7114649,0.6226932,71.95504,1.5429385,1.4423765,2.3613555431365967,2.3302983939647675,0.2082057562767912,0.7917942437232088,1.5429385
1701,106,paraphrase,-1,0.10355075,0.23485304,0.94822496,71.88757,0.0006188537,-0.0026049167,0.013143555261194706,-0.001337941735982895,0.9695522388059702,0.03044776119402981,0.0006188537
1702,106,translate,-1,0.12289866,0.27873412,0.9385511,71.88994,0.02518016,0.041276157,0.009371636435389519,-0.005109860561788082,0.5717427157778999,0.4282572842221001,0.02518016
1703,106,polarity,-1,0.10466963,0.23739068,0.9476655,71.89937,0.0016448547,-6.727874e-05,0.008511187508702278,-0.005970309488475323,0.9829712272460364,0.01702877275396364,0.0016448547
1704,106,vocab,-1,0.10829655,0.24561653,0.94585234,71.89479,0.002719648,0.008158565,0.008480885997414589,-0.006000610999763012,0.9678188319427891,0.03218116805721094,0.002719648
1705,106,cat,2,0.41314015,0.93700165,0.7934303,72.00205,0.7907399,0.6995437,1.124086618423462,1.1096051214262843,0.994061757719715,0.005938242280285055,0.7907399
1706,106,shuffle,-1,0.13485256,0.30584553,0.93257415,71.916405,0.041042842,0.06838757,0.02353975921869278,0.009058262221515179,0.5969084423305588,0.40309155766944116,0.041042842
1707,106,unrelated,136,0.80619174,1.8284425,0.5969047,71.852554,1.7064488,1.5909845,5.117960453033447,5.10347895603627,0.2634088200238379,0.7365911799761621,1.7064488
1717,107,paraphrase,-1,0.05989048,0.13583158,0.97005534,71.878494,0.00095265,0.0013729036,0.09555774927139282,-0.0004833489656448364,0.9737142857142858,0.026285714285714246,0.00095265
1718,107,translate,-1,0.056924336,0.12910436,0.97153836,71.90604,0.010053231,-0.005354315,0.09196382015943527,-0.0040772780776023865,0.6600768808347062,0.33992311916529383,0.010053231
1719,107,polarity,-1,0.058623753,0.13295865,0.9706887,71.87447,0.002433223,-0.0015000254,0.09165718406438828,-0.0043839141726493835,0.9813874788494078,0.0186125211505922,0.002433223
1720,107,vocab,-1,0.06058445,0.1374055,0.9697084,71.87136,0.0016647732,0.0029468238,0.09782424569129944,0.0017831474542617798,0.9793340987370838,0.02066590126291623,0.0016647732
1721,107,cat,2,0.4069127,0.92287785,0.796544,71.87507,0.82227564,0.7884192,5.993864059448242,5.8978229612112045,0.9896551724137931,0.010344827586206917,0.82227564
1722,107,shuffle,-1,0.069035195,0.15657179,0.96548265,71.83166,0.031246878,0.022113115,0.09598692506551743,-5.4173171520233154e-05,0.5601374570446735,0.43986254295532645,0.031246878
1723,107,unrelated,129,0.9426075,2.1378334,0.5286969,72.19771,2.0629742,2.0033746,6.261636734008789,6.165595635771751,0.17890995260663506,0.8210900473933649,2.0629742
1733,108,paraphrase,-1,0.109025165,0.24726902,0.9454877,71.86537,0.00054565753,-0.0025396794,0.048573121428489685,0.0010099969804286957,0.970973249857712,0.02902675014228795,0.00054565753
1734,108,translate,-1,0.11204829,0.25412548,0.94397616,71.85368,0.010671622,0.004316777,0.0677381083369255,0.020174983888864517,0.6588360918312867,0.34116390816871334,0.010671622
1735,108,polarity,-1,0.106923185,0.24250174,0.9465386,71.89061,0.0074807107,-0.007306963,0.05500142276287079,0.007438298314809799,0.9760978321289605,0.023902167871039492,0.0074807107
1736,108,vocab,-1,0.110592626,0.25082403,0.944704,71.86295,0.0019659754,0.0010153353,0.0636073648929596,0.016044240444898605,0.975,0.025000000000000022,0.0019659754
1737,108,cat,2,0.42641526,0.9671096,0.7867927,71.75974,0.7204901,0.7173009,3.321058988571167,3.273495864123106,0.994343891402715,0.005656108597285048,0.7204901
1738,108,shuffle,-1,0.10830058,0.24562567,0.94585,71.877655,0.01370307,-0.004183024,0.049239207059144974,0.0016760826110839844,0.8493771234428086,0.15062287655719142,0.01370307
1739,108,unrelated,245,0.78648496,1.7837476,0.606758,71.97736,1.5615722,1.5339389,4.555842399597168,4.508279275149107,0.2059447983014862,0.7940552016985138,1.5615722
1749,109,paraphrase,-1,0.05367889,0.121743694,0.973161,71.88113,0.0009705456,-0.0006935373,0.009088166058063507,-0.005799521692097187,0.9669181659895532,0.03308183401044684,0.0009705456
1750,109,translate,-1,0.06291356,0.14268793,0.9685436,71.844635,0.028388698,0.0202507,0.022387318313121796,0.0074996305629611015,0.552421500798297,0.447578499201703,0.028388698
1751,109,polarity,-1,0.053069066,0.12036062,0.973466,71.88904,0.0038096628,-0.002076611,0.010025538504123688,-0.004862149246037006,0.9715909090909091,0.02840909090909094,0.0038096628
1752,109,vocab,-1,0.053615283,0.121599436,0.9731926,71.88379,0.0036779044,-0.00083779544,0.010005813091993332,-0.004881874658167362,0.9660818713450292,0.03391812865497079,0.0036779044
1753,109,cat,-1,0.37056667,0.84044504,0.8147172,71.73648,0.7383765,0.7180078,2.885219097137451,2.8703314093872905,0.9811320754716981,0.018867924528301883,0.7383765
1754,109,shuffle,-1,0.07998341,0.18140234,0.9600088,71.95207,0.058907654,0.05896511,0.015618902631103992,0.0007312148809432983,0.5383720930232558,0.46162790697674416,0.058907654
1755,109,unrelated,153,0.91368544,2.0722382,0.5431577,72.01515,2.0280104,1.949801,7.9578070640563965,7.942919376306236,0.24778761061946902,0.752212389380531,2.0280104
1765,110,paraphrase,-1,0.20702362,0.46952948,0.8964886,72.0537,0.0003644499,0.0007775128,9.275115007767454e-05,1.1391763109713793e-05,0.96362286562732,0.036377134372679976,0.0003644499
1766,110,translate,-1,0.20145516,0.4569002,0.8992728,72.067406,0.011779978,-0.011851758,0.00010471475980011746,2.3355372832156718e-05,0.6005509641873278,0.3994490358126722,0.011779978
1767,110,polarity,-1,0.21127371,0.47916868,0.8943636,72.05014,0.0010635363,0.010416716,8.539473492419347e-05,4.0353479562327266e-06,0.9660649819494584,0.033935018050541554,0.0010635363
1768,110,vocab,-1,0.20740406,0.47039232,0.89629847,72.05524,0.0008842509,0.0016403496,8.67141061462462e-05,5.35471917828545e-06,0.9746646795827124,0.025335320417287588,0.0008842509
1769,110,cat,4,0.68811,1.5606332,0.6559456,71.841774,1.4266897,1.0918813,0.6053052544593811,0.6052238950724131,0.9821693907875185,0.017830609212481474,1.4266897
1770,110,shuffle,-1,0.20166239,0.45737022,0.8991692,72.07409,0.01588936,-0.011381745,8.545270975446329e-05,4.09332278650254e-06,0.5260029717682021,0.4739970282317979,0.01588936
1771,110,unrelated,109,1.1416476,2.5892563,0.42917654,71.884544,2.5641341,2.1205044,1.736250400543213,1.736169041156245,0.18656229615133724,0.8134377038486628,2.5641341
1781,111,paraphrase,-1,0.20551415,0.466106,0.89724296,72.12033,0.00053362554,-0.009924501,0.002411322435364127,1.031835563480854e-05,0.9678571428571429,0.03214285714285714,0.00053362554
1782,111,translate,-1,0.19869016,0.4506292,0.9006549,72.062805,0.026627753,-0.025401294,0.0018501363229006529,-0.0005508677568286657,0.5513756316676025,0.4486243683323975,0.026627753
1783,111,polarity,-1,0.19940343,0.4522469,0.90029854,72.09777,0.0049688574,-0.023783594,0.002515386091545224,0.00011438201181590557,0.9800936768149883,0.01990632318501173,0.0049688574
1784,111,vocab,-1,0.19954899,0.45257702,0.9002256,72.085266,0.0060292524,-0.023453474,0.0021456286776810884,-0.00025537540204823017,0.982078853046595,0.017921146953404965,0.0060292524
1785,111,cat,-1,0.3286307,0.74533427,0.8356848,71.94751,0.4413101,0.26930377,5.969049453735352,5.966648449655622,0.9928825622775801,0.007117437722419906,0.4413101
1786,111,shuffle,-1,0.15710875,0.3563226,0.92144555,72.030945,0.11432456,-0.11970791,0.001120785716921091,-0.0012802183628082275,0.5702380952380952,0.4297619047619048,0.11432456
1787,111,unrelated,22,0.7763007,1.7606497,0.6118497,72.07329,1.5490701,1.2846192,18.06928253173828,18.066881527658552,0.270846394984326,0.729153605015674,1.5490701
1797,112,paraphrase,-1,0.18028966,0.40889686,0.9098556,71.87193,0.0014686154,-0.006195456,0.003161728847771883,-9.306240826845169e-05,0.977997799779978,0.022002200220021972,0.0014686154
1798,112,translate,-1,0.23598012,0.5352028,0.8820103,71.88861,0.08722461,0.12011048,0.0033314558677375317,7.666461169719696e-05,0.4962630792227205,0.5037369207772795,0.08722461
1799,112,polarity,-1,0.18106821,0.41066262,0.90946615,71.88333,0.002751809,-0.004429698,0.003275077324360609,2.0286068320274353e-05,0.9745808545159546,0.025419145484045447,0.002751809
1800,112,vocab,-1,0.18811873,0.42665318,0.905941,71.87701,0.0039441255,0.011560857,0.004372799769043922,0.0011180085130035877,0.9784886927744071,0.021511307225592913,0.0039441255
1801,112,cat,6,0.3887519,0.88168913,0.80562437,71.68114,0.35562524,0.4665968,0.010291827842593193,0.007037036586552858,0.9867549668874173,0.013245033112582738,0.35562524
1802,112,shuffle,-1,0.18588093,0.42157787,0.90705997,71.86167,0.022272872,0.0064855516,0.0021043657325208187,-0.001150425523519516,0.8090507726269316,0.1909492273730684,0.022272872
1803,112,unrelated,159,1.1993253,2.7200694,0.40033776,72.02422,2.4602225,2.3049772,4.148825645446777,4.145570854190737,0.3054239073196419,0.6945760926803581,2.4602225
1813,113,paraphrase,-1,0.08755882,0.19858336,0.9562207,71.67989,0.0013531144,-0.0040642023,0.0006547806551679969,-0.0001568106235936284,0.9712737127371274,0.02872628726287263,0.0013531144
1814,113,translate,-1,0.0953943,0.21635422,0.9523029,71.72241,0.024063569,0.013706654,0.0006519476301036775,-0.00015964364865794778,0.5657370517928287,0.43426294820717126,0.024063569
1815,113,polarity,-1,0.091689624,0.20795202,0.9541552,71.67427,0.004744677,0.0053044558,0.0008436008356511593,3.2009556889533997e-05,0.9756613756613757,0.024338624338624326,0.004744677
1816,113,vocab,-1,0.08819567,0.20002773,0.95590234,71.66128,0.0056461347,-0.0026198328,0.0008498301613144577,3.8238882552832365e-05,0.9627228525121556,0.037277147487844386,0.0056461347
1817,113,cat,3,0.56622237,1.2841921,0.71688896,71.827095,1.1565336,1.0815445,4.528057098388672,4.52724550710991,0.9836423118865867,0.016357688113413316,1.1565336
1818,113,shuffle,-1,0.11225275,0.2545892,0.943874,71.70379,0.0933383,0.051941633,0.00032309687230736017,-0.0004884944064542651,0.519438444924406,0.48056155507559395,0.0933383
1819,113,unrelated,6,0.9479216,2.1498857,0.5260392,71.92613,2.1011906,1.9472381,5.20716667175293,5.206355080474168,0.19242333132892364,0.8075766686710764,2.1011906
1829,114,paraphrase,-1,0.08704692,0.19742239,0.95647675,72.058426,0.0008980883,-0.0010839999,0.05252855643630028,0.008279211819171906,0.9759248385202584,0.024075161479741647,0.0008980883
1830,114,translate,-1,0.09263055,0.21008605,0.95368505,72.017845,0.0073802355,0.011579663,0.03617314621806145,-0.008076198399066925,0.7377877596855699,0.26221224031443013,0.0073802355
1831,114,polarity,-1,0.08892072,0.20167215,0.95553994,72.060486,0.0011916218,0.0031657666,0.04018997400999069,-0.00405937060713768,0.9815028901734104,0.018497109826589586,0.0011916218
1832,114,vocab,-1,0.089605376,0.20322496,0.9551978,72.0532,0.00235266,0.004718572,0.06074461713433266,0.016495272517204285,0.9747207524985303,0.025279247501469704,0.00235266
1833,114,cat,-1,0.12406592,0.28138146,0.93796754,71.97665,0.069648825,0.08287507,0.037760116159915924,-0.006489228457212448,0.9988276670574443,0.0011723329425556983,0.069648825
1834,114,shuffle,-1,0.09478007,0.21496116,0.95261014,72.06115,0.012197864,0.016454771,0.03804067522287369,-0.0062086693942546844,0.8356807511737089,0.16431924882629112,0.012197864
1835,114,unrelated,180,0.7216656,1.6367373,0.63916755,71.8958,1.5097744,1.438231,3.265899419784546,3.2216500751674175,0.2639769452449568,0.7360230547550433,1.5097744
1845,115,paraphrase,-1,0.08767525,0.19884743,0.9561627,71.82775,0.00080123445,0.0022901744,0.013245362788438797,0.0019188988953828812,0.9754672897196262,0.02453271028037385,0.00080123445
1846,115,translate,-1,0.09193034,0.20849797,0.95403504,71.81923,0.009589099,0.011940718,0.01012661587446928,-0.0011998480185866356,0.5831533477321814,0.4168466522678186,0.009589099
1847,115,polarity,-1,0.08834277,0.20036137,0.9558288,71.8388,0.0038766603,0.0038041174,0.015419361181557178,0.004092897288501263,0.9810453762205629,0.01895462377943713,0.0038766603
1848,115,vocab,-1,0.08737829,0.19817393,0.95631087,71.81516,0.0028490284,0.0016166717,0.009805519133806229,-0.0015209447592496872,0.976009362200117,0.023990637799882975,0.0028490284
1849,115,cat,2,0.3834354,0.8696313,0.8082824,71.802635,0.65781534,0.673074,2.89210844039917,2.880781976506114,0.9964953271028038,0.003504672897196248,0.65781534
1850,115,shuffle,-1,0.10028504,0.22744642,0.9498578,71.87264,0.055820387,0.030889168,0.026935886591672897,0.015609422698616982,0.5052508751458576,0.49474912485414235,0.055820387
1851,115,unrelated,150,0.66833586,1.5157855,0.6658324,71.88533,1.3280905,1.3192282,6.56850528717041,6.557178823277354,0.2777777777777778,0.7222222222222222,1.3280905
1861,116,paraphrase,-1,0.20089205,0.45562306,0.89955413,71.974815,0.0004246764,0.0030923188,0.08981414139270782,-7.037818431854248e-05,0.9540591567023285,0.04594084329767145,0.0004246764
1862,116,translate,-1,0.20576301,0.46667042,0.8971187,71.96657,0.014968684,0.014139682,0.06837740540504456,-0.02150711417198181,0.5823389021479713,0.41766109785202865,0.014968684
1863,116,polarity,-1,0.19529311,0.4429247,0.9023537,71.9884,0.0031166903,-0.009606034,0.06648184359073639,-0.023402675986289978,0.9772027110289587,0.022797288971041274,0.0031166903
1864,116,vocab,-1,0.19418654,0.440415,0.9029068,71.96253,0.004584971,-0.012115747,0.08988194167613983,-2.5779008865356445e-06,0.9598997493734336,0.040100250626566414,0.004584971
1865,116,cat,-1,0.3764835,0.85386443,0.8117584,71.92114,0.5663061,0.4013337,1.8226661682128906,1.7327816486358643,0.9905956112852664,0.009404388714733591,0.5663061
1866,116,shuffle,-1,0.18724883,0.42468026,0.90637577,71.97619,0.0107415365,-0.027850479,0.06774286925792694,-0.022141650319099426,0.8329145728643216,0.16708542713567842,0.0107415365
1867,116,unrelated,242,0.87280333,1.9795176,0.5635985,72.18812,1.8078537,1.5269868,4.381603240966797,4.2917187213897705,0.2557077625570776,0.7442922374429224,1.8078537
1877,117,paraphrase,-1,0.07259132,0.16463707,0.9637046,72.06591,0.0004222565,-1.9609928e-05,0.006439552176743746,-0.0003433218225836754,0.9721199368753288,0.027880063124671173,0.0004222565
1878,117,translate,-1,0.076486364,0.17347103,0.961757,72.047165,0.010358037,0.00881435,0.013396562077105045,0.006613688077777624,0.6608101512933138,0.3391898487066862,0.010358037
1879,117,polarity,-1,0.07262877,0.16472201,0.96368563,72.06822,0.001630067,6.532669e-05,0.004474836401641369,-0.0023080375976860523,0.9793388429752066,0.02066115702479343,0.001630067
1880,117,vocab,-1,0.073418856,0.16651393,0.96329063,72.06313,0.0022872838,0.0018572509,0.004973148927092552,-0.001809725072234869,0.9716088328075709,0.028391167192429068,0.0022872838
1881,117,cat,2,0.47363538,1.0742048,0.76318246,71.94711,1.0142525,0.9095481,6.8931169509887695,6.886334076989442,0.9936908517350158,0.006309148264984188,1.0142525
1882,117,shuffle,-1,0.09605779,0.21785901,0.95197105,72.06386,0.061352435,0.05320233,0.008412845432758331,0.0016299714334309101,0.7760252365930599,0.2239747634069401,0.061352435
1883,117,unrelated,14,0.78289664,1.7756093,0.6085518,71.94488,1.6715919,1.6109526,10.054974555969238,10.04819168196991,0.20099392600773053,0.7990060739922695,1.6715919
1893,118,paraphrase,-1,0.10354869,0.23484838,0.9482262,72.064064,0.00013791036,-0.0020196289,0.15979939699172974,-0.0010766088962554932,0.9815724815724816,0.01842751842751844,0.00013791036
1894,118,translate,-1,0.10889037,0.2469633,0.94555545,72.07013,0.00510168,0.010095298,0.16389009356498718,0.003014087677001953,0.6824644549763034,0.31753554502369663,0.00510168
1895,118,polarity,-1,0.104812935,0.23771569,0.9475941,72.063515,0.0007619158,0.00084768236,0.15351322293281555,-0.007362782955169678,0.98661800486618,0.01338199513381999,0.0007619158
1896,118,vocab,-1,0.11145256,0.25277436,0.9442742,72.09528,0.0073713865,0.015906349,0.20259377360343933,0.0417177677154541,0.9852034525277436,0.01479654747225645,0.0073713865
1897,118,cat,-1,0.37035492,0.8399648,0.8148233,72.09008,0.6435205,0.6030968,5.2892303466796875,5.128354340791702,0.992619926199262,0.0073800738007380184,0.6435205
1898,118,shuffle,-1,0.10438788,0.23675166,0.9478066,72.082565,0.008712092,-0.00011634827,0.13615897297859192,-0.02471703290939331,0.7982779827798278,0.20172201722017225,0.008712092
1899,118,unrelated,123,0.8372,1.8987691,0.58140063,72.1453,1.7182688,1.6619011,6.832454681396484,6.671578675508499,0.3325242718446602,0.6674757281553398,1.7182688
1909,119,paraphrase,-1,0.16703391,0.37883285,0.91648334,72.377884,0.0014266699,-0.0050243735,0.02123306877911091,0.0030003469437360764,0.9762979683972912,0.023702031602708784,0.0014266699
1910,119,translate,-1,0.22355554,0.5070239,0.88822275,72.2553,0.086308904,0.12316665,0.01786758378148079,-0.00036513805389404297,0.597457627118644,0.40254237288135597,0.086308904
1911,119,polarity,-1,0.1678722,0.3807341,0.9160643,72.39648,0.012046039,-0.0031231344,0.01047740038484335,-0.007755321450531483,0.984941438929169,0.015058561070831034,0.012046039
1912,119,vocab,-1,0.17881241,0.4055465,0.910594,72.40686,0.011794256,0.021689266,0.015780940651893616,-0.0024517811834812164,0.9803038829487901,0.019696117051209883,0.011794256
1913,119,cat,-1,0.25828177,0.58578295,0.8708592,72.22352,0.24548113,0.20192572,6.699728012084961,6.681495290249586,0.9954802259887006,0.004519774011299438,0.24548113
1914,119,shuffle,-1,0.16892293,0.38311714,0.9155388,72.3071,0.06946689,-0.0007400811,0.012503758072853088,-0.005728963762521744,0.5717514124293785,0.42824858757062145,0.06946689
1915,119,unrelated,219,0.87796575,1.991226,0.56101733,71.81257,1.6101606,1.6073687,1.022600769996643,1.0043680481612682,0.26784726065301606,0.732152739346984,1.6101606
1925,120,paraphrase,-1,0.07643259,0.17334908,0.96178424,71.9375,0.00077506946,-0.00081531703,0.0061201779171824455,0.0014160992577672005,0.9788158609451385,0.021184139054861495,0.00077506946
1926,120,translate,-1,0.08268689,0.18753384,0.95865685,71.90837,0.008327023,0.013369441,0.007143393158912659,0.0024393144994974136,0.6724225495175216,0.32757745048247844,0.008327023
1927,120,polarity,-1,0.078752205,0.17860997,0.9606245,71.95157,0.0048175943,0.0044455677,0.005721369292587042,0.0010172906331717968,0.9828693790149893,0.017130620985010725,0.0048175943
1928,120,vocab,-1,0.076707244,0.173972,0.9616468,71.96378,0.004491105,-0.0001924038,0.006473490037024021,0.001769411377608776,0.9765411893071467,0.02345881069285327,0.004491105
1929,120,cat,4,0.43081012,0.9770772,0.7845956,71.852135,0.80186296,0.8029128,2.1046202182769775,2.0999161396175623,0.9869706840390879,0.013029315960912058,0.80186296
1930,120,shuffle,-1,0.07861455,0.17829776,0.9606931,71.93313,0.004295666,0.0041333586,0.00534003134816885,0.0006359526887536049,0.8599348534201955,0.1400651465798045,0.004295666
1931,120,unrelated,167,0.75897515,1.7213553,0.62051284,72.00161,1.5538794,1.5471909,6.966829299926758,6.962125221267343,0.2292923752057049,0.7707076247942951,1.5538794
1941,121,paraphrase,-1,0.04945485,0.11216357,0.9752727,71.88444,0.00031826182,-0.00064228475,0.09728854894638062,-0.01410144567489624,0.9862700228832952,0.013729977116704761,0.00031826182
1942,121,translate,-1,0.056525744,0.12820037,0.9717374,71.88256,0.016097443,0.015394509,0.26527997851371765,0.1538899838924408,0.6494623655913978,0.3505376344086022,0.016097443
1943,121,polarity,-1,0.053798694,0.12201542,0.97310096,71.871544,0.0028526462,0.009209558,0.11821112036705017,0.006821125745773315,0.9853438556933484,0.01465614430665163,0.0028526462
1944,121,vocab,-1,0.048218586,0.109359734,0.9758911,71.87071,0.0024845006,-0.0034461245,0.09808993339538574,-0.013300061225891113,0.9897260273972602,0.010273972602739767,0.0024845006
1945,121,cat,3,0.5388254,1.2220558,0.73058754,71.92434,1.219853,1.10925,8.450395584106445,8.339005589485168,0.9861111111111112,0.01388888888888884,1.219853
1946,121,shuffle,-1,0.108141445,0.24526475,0.9459296,71.842224,0.12589006,0.1324589,0.038804102689027786,-0.07258589193224907,0.7534246575342466,0.2465753424657534,0.12589006
1947,121,unrelated,177,0.99414843,2.2547283,0.5029259,72.11746,2.2729783,2.1419225,8.129280090332031,8.017890095710754,0.19596541786743515,0.8040345821325648,2.2729783
1957,122,paraphrase,-1,0.10991975,0.24929795,0.9450404,71.931404,0.0005995093,-0.0008800328,0.12094706296920776,0.005754709243774414,0.9857969489742241,0.014203051025775904,0.0005995093
1958,122,translate,-1,0.11171744,0.2533751,0.9441416,71.918945,0.006673854,0.0031971335,0.11319301277399063,-0.0019993409514427185,0.6756352765321375,0.3243647234678625,0.006673854
1959,122,polarity,-1,0.114117905,0.25881937,0.9429414,71.933624,0.002102058,0.008641392,0.1360379010438919,0.020845547318458557,0.9859448204060385,0.01405517959396152,0.002102058
1960,122,vocab,-1,0.112988636,0.2562582,0.94350606,71.938866,0.0037763885,0.00608021,0.1355276256799698,0.020335271954536438,0.9825673534072901,0.017432646592709933,0.0037763885
1961,122,cat,2,0.37835523,0.85810953,0.81082284,71.846634,0.64963967,0.60793155,5.3488593101501465,5.233666956424713,0.9947257383966245,0.0052742616033755185,0.64963967
1962,122,shuffle,-1,0.11775084,0.26705885,0.9411249,71.915276,0.0056512356,0.01688087,0.12593349814414978,0.01074114441871643,0.8292939936775553,0.1707060063224447,0.0056512356
1963,122,unrelated,174,0.8369538,1.8982109,0.58152354,71.95314,1.6998881,1.6480329,7.538395404815674,7.4232030510902405,0.29218106995884774,0.7078189300411523,1.6998881
1973,123,paraphrase,-1,0.10531316,0.2388502,0.94734395,72.13485,0.001025691,-0.000995934,0.07835590094327927,-0.014773108065128326,0.9736842105263158,0.02631578947368418,0.001025691
1974,123,translate,-1,0.11070962,0.25108936,0.9446454,72.15243,0.013034106,0.011243224,0.1518353670835495,0.05870635807514191,0.6219042377545404,0.3780957622454596,0.013034106
1975,123,polarity,-1,0.10144738,0.23008262,0.94927704,72.131935,0.0025713267,-0.009763524,0.06857959926128387,-0.024549409747123718,0.9776733254994124,0.022326674500587562,0.0025713267
1976,123,vocab,-1,0.114411,0.25948408,0.9427949,72.107414,0.017451182,0.019637942,0.04779278486967087,-0.045336224138736725,0.9802039592081584,0.019796040791841607,0.017451182
1977,123,cat,3,0.28014413,0.63536674,0.8599285,72.063034,0.44102952,0.3955206,0.5856061577796936,0.492477148771286,0.9946010797840432,0.005398920215956782,0.44102952
1978,123,shuffle,-1,0.101875566,0.23105374,0.9490628,72.14159,0.02443111,-0.0087924,0.07516472041606903,-0.017964288592338562,0.578443113772455,0.42155688622754495,0.02443111
1979,123,unrelated,37,0.8295457,1.8814092,0.5852275,72.046425,1.7880473,1.641563,6.8914875984191895,6.798358589410782,0.13144963144963145,0.8685503685503686,1.7880473
1989,124,paraphrase,-1,0.12524743,0.28406113,0.9373766,72.07234,0.00071325473,0.00087174773,0.014870869927108288,-0.0012136446312069893,0.9784256559766764,0.02157434402332359,0.00071325473
1990,124,translate,-1,0.13181946,0.29896647,0.9340905,72.04249,0.013397863,0.015777081,0.017325187101960182,0.001240672543644905,0.5976394849785408,0.4023605150214592,0.013397863
1991,124,polarity,-1,0.11898521,0.26985842,0.94050765,72.090225,0.004546206,-0.013330966,0.016048962250351906,-3.555230796337128e-05,0.9793340987370838,0.02066590126291623,0.004546206
1992,124,vocab,-1,0.12056539,0.27344227,0.9397176,72.09322,0.0031238985,-0.009747118,0.014334219507873058,-0.0017502950504422188,0.9795441262419637,0.020455873758036258,0.0031238985
1993,124,cat,-1,0.35000065,0.7938013,0.8249998,71.98125,0.51933044,0.5106119,1.1949563026428223,1.178871788084507,0.9894117647058823,0.010588235294117676,0.51933044
1994,124,shuffle,-1,0.1319656,0.29929793,0.9340174,72.08831,0.045096695,0.016108543,0.013446833938360214,-0.002637680619955063,0.6308411214953271,0.3691588785046729,0.045096695
1995,124,unrelated,139,0.7783564,1.765312,0.61082196,72.02086,1.6230538,1.4821225,6.93947696685791,6.923392452299595,0.2358328563251288,0.7641671436748712,1.6230538
2005,125,paraphrase,-1,0.1784311,0.40468165,0.9107848,71.9165,0.00087705755,-0.0057897866,0.006800777278840542,-0.00010106246918439865,0.9736238532110092,0.026376146788990806,0.00087705755
2006,125,translate,-1,0.18556999,0.42087266,0.90721536,71.91294,0.010604085,0.010401219,0.0066474564373493195,-0.00025438331067562103,0.6460369163952225,0.35396308360477746,0.010604085
2007,125,polarity,-1,0.1789057,0.40575805,0.9105474,71.91309,0.005142526,-0.0047133863,0.010780137032270432,0.003878297284245491,0.9758291174817313,0.02417088251826871,0.005142526
2008,125,vocab,-1,0.19030532,0.43161237,0.90484774,71.899925,0.0051582456,0.021140933,0.004168632440268993,-0.002733207307755947,0.982275586049171,0.01772441395082902,0.0051582456
2009,125,cat,-1,0.38252127,0.86755806,0.8087397,71.73006,0.636701,0.45708662,1.345457911491394,1.338556071743369,0.993103448275862,0.006896551724137945,0.636701
2010,125,shuffle,-1,0.17872816,0.4053554,0.9106361,71.92447,0.018814275,-0.0051160455,0.013156691566109657,0.006254851818084717,0.7993119266055045,0.20068807339449546,0.018814275
2011,125,unrelated,19,0.6699189,1.5193758,0.66504073,71.967384,1.2949637,1.1089044,0.32500264048576355,0.3181008007377386,0.2713864306784661,0.7286135693215339,1.2949637
2021,126,paraphrase,-1,0.14248517,0.3231563,0.9287578,72.19066,0.00033538768,-0.00343737,7.69306188885821e-06,1.6989633877528831e-06,0.970193740685544,0.02980625931445602,0.00033538768
2022,126,translate,-1,0.16749933,0.37988842,0.9162507,72.144035,0.01933469,0.053294748,6.217284408194246e-06,2.231859070889186e-07,0.5584958217270195,0.4415041782729805,0.01933469
2023,126,polarity,-1,0.15244873,0.34575364,0.923776,72.14861,0.003968694,0.019159973,5.187909664527979e-06,-8.061888365773484e-07,0.9757174392935982,0.02428256070640178,0.003968694
2024,126,vocab,-1,0.14147042,0.32085484,0.92926514,72.18102,0.0014255549,-0.0057388246,7.230747542052995e-06,1.2366490409476683e-06,0.9752066115702479,0.024793388429752095,0.0014255549
2025,126,cat,-1,0.5178927,1.1745805,0.74105406,71.200134,0.85405844,0.8479868,2.342210531234741,2.34220453713624,0.9841509433962264,0.01584905660377356,0.85405844
2026,126,shuffle,-1,0.15267256,0.3462613,0.9236641,72.16164,0.009674518,0.019667625,1.1159742825839203e-05,5.165644324733876e-06,0.7511244377811095,0.2488755622188905,0.009674518
2027,126,unrelated,236,0.93125975,2.1120968,0.53437066,72.22399,1.7599245,1.7855031,2.466862440109253,2.466856446010752,0.24004975124378108,0.7599502487562189,1.7599245
2037,127,paraphrase,-1,0.1637727,0.37143642,0.91811395,71.97252,0.0018191199,-0.0075377226,0.06701232492923737,-0.007389888167381287,0.9723827874116892,0.027617212588310847,0.0018191199
2038,127,translate,-1,0.16472799,0.373603,0.9176365,71.973656,0.006439445,-0.0053711534,0.06100460886955261,-0.01339760422706604,0.5325301204819277,0.4674698795180723,0.006439445
2039,127,polarity,-1,0.16835928,0.38183877,0.9158207,71.95977,0.0025321927,0.002864629,0.061036333441734314,-0.013365879654884338,0.9791271347248577,0.020872865275142316,0.0025321927
2040,127,vocab,-1,0.16751951,0.37993416,0.9162407,71.96412,0.003276918,0.0009600222,0.06365752965211868,-0.01074468344449997,0.9768339768339769,0.02316602316602312,0.003276918
2041,127,cat,-1,0.42602223,0.96621823,0.7869892,71.777275,0.68127394,0.5872441,2.7913784980773926,2.716976284980774,0.9961489088575096,0.0038510911424903815,0.68127394
2042,127,shuffle,-1,0.15552637,0.35273373,0.9222371,71.89526,0.042515557,-0.026240408,0.04307713732123375,-0.0313250757753849,0.7570694087403599,0.24293059125964012,0.042515557
2043,127,unrelated,184,0.7123591,1.61563,0.6438208,71.98168,1.4226297,1.236656,3.9843926429748535,3.909990429878235,0.25090470446320867,0.7490952955367913,1.4226297
2053,128,paraphrase,-1,0.044321857,0.10052195,0.97783923,71.87801,0.00062346464,-0.00391268,0.012856757268309593,-0.000777948647737503,0.974025974025974,0.025974025974025983,0.00062346464
2054,128,translate,-1,0.04246097,0.09630146,0.97876954,71.89222,0.00653088,-0.008133173,0.012235536240041256,-0.0013991696760058403,0.6338495575221239,0.3661504424778761,0.00653088
2055,128,polarity,-1,0.046820424,0.1061887,0.9765899,71.8944,0.0012484224,0.0017540678,0.014310400933027267,0.0006756950169801712,0.9734717416378316,0.026528258362168433,0.0012484224
2056,128,vocab,-1,0.046430107,0.10530346,0.976785,71.88349,0.0007913394,0.0008688271,0.010674445889890194,-0.0029602600261569023,0.976936723832052,0.02306327616794801,0.0007913394
2057,128,cat,-1,0.3623926,0.82190627,0.8188039,71.91975,0.7801676,0.71747166,3.415229320526123,3.401594614610076,0.9929245283018868,0.007075471698113178,0.7801676
2058,128,shuffle,-1,0.057550527,0.13052458,0.9712249,71.90917,0.021179728,0.026089944,0.01524188369512558,0.0016071777790784836,0.6379716981132075,0.36202830188679247,0.021179728
2059,128,unrelated,148,0.6216777,1.4099647,0.68916124,71.899765,1.3847463,1.3055301,5.362996578216553,5.349361872300506,0.21822402785838654,0.7817759721416134,1.3847463
2069,129,paraphrase,-1,0.093648635,0.21239506,0.95317596,72.202126,0.00038544505,-0.003962949,0.04235956445336342,5.8341771364212036e-05,0.980319803198032,0.019680196801967975,0.00038544505
2070,129,translate,-1,0.088311896,0.20029134,0.95584434,72.1883,0.009099852,-0.01606667,0.04334551468491554,0.001044292002916336,0.6651296829971182,0.33487031700288183,0.009099852
2071,129,polarity,-1,0.093781546,0.21269651,0.9531097,72.20988,0.0016681297,-0.0036614984,0.04216053709387779,-0.00014068558812141418,0.9848576620230164,0.01514233797698361,0.0016681297
2072,129,vocab,-1,0.091762066,0.20811632,0.95411915,72.19777,0.0019327179,-0.008241683,0.04360701143741608,0.0013057887554168701,0.9729064039408867,0.027093596059113323,0.0019327179
2073,129,cat,3,0.44748172,1.0148883,0.77625936,71.94758,0.99971014,0.7985303,3.412484645843506,3.3701834231615067,0.9775,0.022499999999999964,0.99971014
2074,129,shuffle,-1,0.11244702,0.2550298,0.9437767,72.204506,0.029675057,0.03867179,0.042713992297649384,0.000412769615650177,0.6134969325153374,0.38650306748466257,0.029675057
2075,129,unrelated,208,0.8888462,2.0159028,0.55557704,71.94081,2.0763783,1.7995448,9.6721830368042,9.6298818141222,0.23412929528246942,0.7658707047175306,2.0763783
2085,130,paraphrase,-1,0.078723826,0.1785456,0.96063846,71.996,0.00047938369,-0.0014640391,0.005516701843589544,-0.0006523863412439823,0.9749235474006116,0.0250764525993884,0.00047938369
2086,130,translate,-1,0.08246012,0.18701951,0.9587703,71.970856,0.015805569,0.0070098788,0.0026805533561855555,-0.003488534828647971,0.5933940774487472,0.40660592255125283,0.015805569
2087,130,polarity,-1,0.07978895,0.18096131,0.960106,71.99973,0.0017366585,0.00095167756,0.006887005176395178,0.0007179169915616512,0.9842805320435308,0.01571946795646917,0.0017366585
2088,130,vocab,-1,0.08003472,0.1815187,0.9599832,71.99065,0.0019123795,0.0015090704,0.007867901585996151,0.0016988134011626244,0.9735709895513215,0.026429010448678514,0.0019123795
2089,130,cat,-1,0.24737796,0.5610531,0.8763114,71.9047,0.3577789,0.38104346,0.6883639693260193,0.6821948811411858,0.9889705882352942,0.011029411764705843,0.3577789
2090,130,shuffle,-1,0.08901484,0.20188563,0.95549303,71.99751,0.007461824,0.021875992,0.017006773501634598,0.010837685316801071,0.7830882352941176,0.21691176470588236,0.007461824
2091,130,unrelated,199,0.88870525,2.015583,0.55564797,71.84932,1.8052579,1.8355734,12.655659675598145,12.649490587413311,0.3051984348798211,0.6948015651201789,1.8052579
2101,131,paraphrase,-1,0.14120318,0.32024875,0.92939883,72.1266,0.00034400594,0.0014624298,0.002173077780753374,1.4065764844417572e-05,0.9741976085588421,0.025802391441157924,0.00034400594
2102,131,translate,-1,0.1603019,0.3635646,0.91984946,72.11696,0.024424098,0.044778287,0.0030847983434796333,0.0009257863275706768,0.5971181556195966,0.4028818443804034,0.024424098
2103,131,polarity,-1,0.14252976,0.32325742,0.9287355,72.126396,0.004792961,0.0044710934,0.0032219775021076202,0.0010629654861986637,0.974169741697417,0.02583025830258301,0.004792961
2104,131,vocab,-1,0.13884804,0.31490728,0.9305764,72.10857,0.001124986,-0.0038790405,0.0032209493219852448,0.0010619373060762882,0.9759493670886076,0.024050632911392422,0.001124986
2105,131,cat,4,0.32680035,0.74118304,0.8366004,71.79857,0.5804779,0.42239672,1.8980865478515625,1.8959275358356535,0.9848293299620733,0.015170670037926715,0.5804779
2106,131,shuffle,-1,0.14143488,0.32077423,0.9292829,72.08949,0.019765273,0.0019879043,0.00937621109187603,0.0072171990759670734,0.6352201257861635,0.3647798742138365,0.019765273
2107,131,unrelated,23,0.88884676,2.015904,0.5555772,71.88428,1.832392,1.6971176,0.650111973285675,0.6479529612697661,0.1872749099639856,0.8127250900360143,1.832392
2117,132,paraphrase,-1,0.13568567,0.30773503,0.9321574,71.764496,0.000717105,-0.0073827207,3.095446663792245e-05,2.1539290173677728e-06,0.9785969084423306,0.021403091557669396,0.000717105
2118,132,translate,-1,0.11855564,0.26888415,0.9407221,71.766464,0.014709595,-0.046233594,2.9557180823758245e-05,7.566432032035664e-07,0.6613272311212814,0.33867276887871856,0.014709595
2119,132,polarity,-1,0.12079246,0.27395725,0.9396039,71.75661,0.00594735,-0.041160494,2.8930149710504338e-05,1.2961208994966e-07,0.9776733254994124,0.022326674500587562,0.00594735
2120,132,vocab,-1,0.124574736,0.28253543,0.93771297,71.764984,0.00575038,-0.032582313,2.9894856197643094e-05,1.0943185770884156e-06,0.9779892920880429,0.02201070791195714,0.00575038
2121,132,cat,-1,0.4546987,1.0312564,0.77265084,71.5277,0.8986889,0.7161387,4.87614631652832,4.8761175159907,0.9892344497607656,0.010765550239234423,0.8986889
2122,132,shuffle,-1,0.14162502,0.32120547,0.9291876,71.69816,0.029336974,0.0060877204,2.5558299967087805e-05,-3.242237653466873e-06,0.5777511961722488,0.4222488038277512,0.029336974
2123,132,unrelated,94,0.8271445,1.8759633,0.58642787,71.75209,1.8024999,1.5608456,4.214588165283203,4.214559364745583,0.27490996398559425,0.7250900360144057,1.8024999
2133,133,paraphrase,-1,0.045528192,0.10325792,0.97723615,71.96093,0.0020232936,0.0051429123,0.008268974721431732,0.0022495854645967484,0.9792802617230099,0.02071973827699014,0.0020232936
2134,133,translate,-1,0.052066863,0.11808762,0.9739669,71.9476,0.008616553,0.019972615,0.012144234031438828,0.006124844774603844,0.6450304259634888,0.3549695740365112,0.008616553
2135,133,polarity,-1,0.048261248,0.10945649,0.97586966,71.96482,0.003733833,0.011341482,0.00850859098136425,0.0024892017245292664,0.9822675980655562,0.01773240193444381,0.003733833
2136,133,vocab,-1,0.04595216,0.10421948,0.9770241,71.965416,0.0031409357,0.0061044767,0.007398739457130432,0.0013793502002954483,0.9781897491821155,0.021810250817884458,0.0031409357
2137,133,cat,4,0.44776982,1.0155418,0.7761156,71.87643,0.88117516,0.91742676,2.593804359436035,2.5877849701792,0.9868565169769989,0.013143483023001057,0.88117516
2138,133,shuffle,-1,0.050223082,0.11390593,0.97488874,71.95302,0.008971846,0.015790924,0.005713559687137604,-0.00030582956969738007,0.7480916030534351,0.25190839694656486,0.008971846
2139,133,unrelated,86,0.88838893,2.0148656,0.55580586,72.08664,1.8976579,1.9167507,4.238405227661133,4.232385838404298,0.25694066412629285,0.7430593358737072,1.8976579
2149,134,paraphrase,-1,0.049114306,0.111391224,0.9754432,71.88282,0.0005252692,0.0003547296,0.026356656104326248,0.00236588716506958,0.9717573221757322,0.028242677824267814,0.0005252692
2150,134,translate,-1,0.059847154,0.13573332,0.97007686,71.87962,0.012708101,0.024696827,0.026906397193670273,0.0029156282544136047,0.5872259294566253,0.41277407054337467,0.012708101
2151,134,polarity,-1,0.051144272,0.11599518,0.9744281,71.89367,0.0012969592,0.004958689,0.02250218205153942,-0.001488586887717247,0.9819121447028424,0.018087855297157618,0.0012969592
2152,134,vocab,-1,0.05001806,0.11344094,0.9749912,71.89087,0.005306174,0.002404444,0.018183061853051186,-0.0058077070862054825,0.9742240925828511,0.025775907417148858,0.005306174
2153,134,cat,-1,0.26348534,0.59758466,0.8682574,71.72146,0.42492646,0.4865482,1.4659851789474487,1.441994410008192,0.9873284054910243,0.012671594508975703,0.42492646
2154,134,shuffle,-1,0.063348025,0.14367329,0.96832633,71.86331,0.020558575,0.03263679,0.02435246668756008,0.0003616977483034134,0.5750262329485835,0.42497376705141654,0.020558575
2155,134,unrelated,244,0.79657733,1.806637,0.60171175,71.94676,1.7142388,1.6956005,7.047691822052002,7.023701053112745,0.18671059857221306,0.8132894014277869,1.7142388
2165,135,paraphrase,-1,0.089523226,0.20303863,0.9552387,72.13098,0.00045820602,-0.0010544062,0.1741238534450531,0.020065128803253174,0.9650130548302872,0.03498694516971279,0.00045820602
2166,135,translate,-1,0.10272805,0.23298717,0.9486362,72.11121,0.010495858,0.028894126,0.17510771751403809,0.02104899287223816,0.6467417932386085,0.3532582067613915,0.010495858
2167,135,polarity,-1,0.08822834,0.20010184,0.9558861,72.14898,0.0037183817,-0.0039912015,0.156240314245224,0.0021815896034240723,0.9808785529715762,0.019121447028423777,0.0037183817
2168,135,vocab,-1,0.093404174,0.21184063,0.95329803,72.1323,0.0043975455,0.0077475905,0.19718334078788757,0.043124616146087646,0.9716386554621849,0.028361344537815136,0.0043975455
2169,135,cat,3,0.51845586,1.1758577,0.74077237,71.95147,1.019528,0.9717646,6.879301071166992,6.725242346525192,0.990506329113924,0.009493670886076,1.019528
2170,135,shuffle,-1,0.08681035,0.19688584,0.9565951,72.08092,0.02556165,-0.0072072,0.09137837588787079,-0.06268034875392914,0.7570977917981072,0.2429022082018928,0.02556165
2171,135,unrelated,69,0.82362425,1.8679794,0.5881881,71.98267,1.7713077,1.6638863,7.634587287902832,7.480528563261032,0.2142456533931576,0.7857543466068424,1.7713077
2181,136,paraphrase,-1,0.098184735,0.22268294,0.9509079,71.85229,0.0007099627,0.0014634281,0.02680991403758526,-0.0007117763161659241,0.9862192929898143,0.013780707010185744,0.0007099627
2182,136,translate,-1,0.09544863,0.21647744,0.95227593,71.84449,0.0074612005,-0.004742071,0.020133033394813538,-0.007388656958937645,0.6823529411764706,0.3176470588235294,0.0074612005
2183,136,polarity,-1,0.09892336,0.22435814,0.95053864,71.84904,0.0027765248,0.0031386316,0.02669665776193142,-0.0008250325918197632,0.990521327014218,0.009478672985781977,0.0027765248
2184,136,vocab,-1,0.099241,0.22507855,0.9503797,71.847466,0.0012891222,0.0038590431,0.026823796331882477,-0.0006978940218687057,0.9832335329341317,0.016766467065868262,0.0012891222
2185,136,cat,-1,0.24450855,0.5545453,0.877746,71.8209,0.39043227,0.33332577,0.49363890290260315,0.46611721254885197,0.9946140035906643,0.0053859964093356805,0.39043227
2186,136,shuffle,-1,0.10028317,0.22744218,0.9498586,71.85085,0.003299679,0.0062226653,0.02787279523909092,0.00035110488533973694,0.8100358422939068,0.1899641577060932,0.003299679
2187,136,unrelated,38,0.6268796,1.4217626,0.6865605,71.87713,1.2132467,1.200543,4.341644763946533,4.314123073592782,0.23063482818870124,0.7693651718112988,1.2132467
2197,137,paraphrase,-1,0.104331926,0.23662476,0.94783443,71.774,0.0021511712,-0.004372552,0.0021127332001924515,-2.890080213546753e-05,0.9625076828518746,0.0374923171481254,0.0021511712
2198,137,translate,-1,0.121676646,0.2759626,0.9391624,71.81059,0.024955787,0.034965277,0.0006392651121132076,-0.0015023688902147114,0.5403587443946188,0.45964125560538116,0.024955787
2199,137,polarity,-1,0.10867821,0.24648212,0.9456614,71.76011,0.0038490074,0.0054848045,0.002023151144385338,-0.00011848285794258118,0.9824773413897281,0.017522658610271913,0.0038490074
2200,137,vocab,-1,0.110390306,0.25036517,0.94480515,71.76544,0.008617202,0.009367853,0.0019650068134069443,-0.00017662718892097473,0.9736034376918354,0.02639656230816456,0.008617202
2201,137,cat,-1,0.13529438,0.3068476,0.93235326,71.65642,0.06873501,0.06585029,0.003980536013841629,0.00183890201151371,0.9969381506429884,0.0030618493570115923,0.06873501
2202,137,shuffle,-1,0.117634416,0.2667948,0.9411833,71.76526,0.030956939,0.025797486,0.0007664547301828861,-0.0013751792721450329,0.5955882352941176,0.40441176470588236,0.030956939
2203,137,unrelated,35,0.9752463,2.2118583,0.5123774,71.91608,2.0134664,1.970861,0.19050458073616028,0.18836294673383236,0.22182468694096602,0.778175313059034,2.0134664
2213,138,paraphrase,-1,0.16355273,0.37093753,0.91822386,72.11218,0.00104741,0.0045281947,0.01511264406144619,0.0026863999664783478,0.9746611667648792,0.02533883323512076,0.00104741
2214,138,translate,-1,0.16549765,0.3753486,0.9172514,72.117485,0.015839119,0.008939266,0.01402053888887167,0.0015942947939038277,0.7345575959933222,0.26544240400667785,0.015839119
2215,138,polarity,-1,0.16438508,0.3728253,0.91780776,72.09851,0.0026757268,0.006415963,0.012679686769843102,0.0002534426748752594,0.9780853517877739,0.021914648212226107,0.0026757268
2216,138,vocab,-1,0.15692264,0.35590047,0.92153883,72.10555,0.0023471608,-0.010508865,0.01481802947819233,0.0023917853832244873,0.9822904368358913,0.017709563164108655,0.0023471608
2217,138,cat,-1,0.46163315,1.0469837,0.76918375,72.05565,0.7799913,0.6805744,5.227960586547852,5.215534342452884,0.9953051643192489,0.0046948356807511304,0.7799913
2218,138,shuffle,-1,0.14666931,0.33264592,0.9266657,72.07512,0.050926484,-0.03376341,0.012609082274138927,0.00018283817917108536,0.6173708920187794,0.38262910798122063,0.050926484
2219,138,unrelated,2,0.7450963,1.6898781,0.62745214,72.0041,1.5657524,1.3234688,4.22447395324707,4.2120477091521025,0.1350259665320254,0.8649740334679746,1.5657524
2229,139,paraphrase,-1,0.047978602,0.10881545,0.97601086,72.018845,0.0012826173,-0.0075722635,0.055097632110118866,-0.003232218325138092,0.9703081232492997,0.029691876750700286,0.0012826173
2230,139,translate,-1,0.0570062,0.12929003,0.9714969,72.00046,0.009396485,0.012902319,0.06056398153305054,0.002234131097793579,0.6765015806111696,0.3234984193888304,0.009396485
2231,139,polarity,-1,0.052020837,0.11798324,0.9739898,72.03291,0.0028148484,0.0015955269,0.04730754718184471,-0.011022303253412247,0.9763346175013758,0.023665382498624155,0.0028148484
2232,139,vocab,-1,0.05422805,0.12298919,0.972886,72.02848,0.0040062587,0.0066014826,0.05784723162651062,-0.0004826188087463379,0.9713644020213363,0.028635597978663663,0.0040062587
2233,139,cat,4,0.39823326,0.9031929,0.80088365,71.87609,0.8091067,0.78680515,3.232947826385498,3.174617975950241,0.9794754846066135,0.02052451539338651,0.8091067
2234,139,shuffle,-1,0.057063837,0.12942076,0.9714682,72.03984,0.010954987,0.013033047,0.0622795894742012,0.003949739038944244,0.8282828282828283,0.1717171717171717,0.010954987
2235,139,unrelated,74,0.7709122,1.7484285,0.614544,72.1213,1.6657112,1.6320407,7.4509992599487305,7.3926694095134735,0.2286634460547504,0.7713365539452496,1.6657112
2245,140,paraphrase,-1,0.14285655,0.3239986,0.9285718,72.060776,0.0006215617,-0.0058719516,0.02092904970049858,0.005807330831885338,0.9813895781637717,0.018610421836228297,0.0006215617
2246,140,translate,-1,0.11896628,0.26981547,0.94051707,72.0437,0.06229432,-0.060055077,0.0046575916931033134,-0.01046412717550993,0.6620926243567753,0.3379073756432247,0.06229432
2247,140,polarity,-1,0.14100608,0.31980172,0.92949736,72.053566,0.0038549,-0.010068834,0.020654646679759026,0.0055329278111457825,0.9901234567901235,0.00987654320987652,0.0038549
2248,140,vocab,-1,0.1422421,0.322605,0.9288793,72.049805,0.0028760745,-0.007265538,0.014916738495230675,-0.00020498037338256836,0.9875621890547264,0.01243781094527363,0.0028760745
2249,140,cat,-1,0.3452962,0.78313166,0.8273522,71.76912,0.60701966,0.4532611,5.203681945800781,5.188560226932168,0.9906774394033562,0.009322560596643825,0.60701966
2250,140,shuffle,-1,0.14766173,0.33489674,0.9261693,72.07345,0.038535316,0.0050261915,0.01226089894771576,-0.002860819920897484,0.7596513075965131,0.24034869240348689,0.038535316
2251,140,unrelated,238,0.8602656,1.951082,0.56986755,71.96705,1.7954158,1.6212114,9.540643692016602,9.525521973147988,0.19830713422007254,0.8016928657799275,1.7954158
2261,141,paraphrase,-1,0.09506834,0.21561496,0.9524663,72.049255,0.0004990312,0.0044630617,0.019096238538622856,-0.002193458378314972,0.9721254355400697,0.027874564459930307,0.0004990312
2262,141,translate,-1,0.097984664,0.22222917,0.9510082,72.06114,0.015261725,0.01107727,0.020593401044607162,-0.0006962958723306656,0.6132177681473456,0.38678223185265437,0.015261725
2263,141,polarity,-1,0.093753,0.21263176,0.953124,72.05786,0.0020367503,0.0014798641,0.021162820979952812,-0.00012687593698501587,0.9711375212224108,0.028862478777589184,0.0020367503
2264,141,vocab,-1,0.10531449,0.23885323,0.94734335,72.04304,0.012189766,0.027701333,0.013062761165201664,-0.008226935751736164,0.9774436090225563,0.022556390977443663,0.012189766
2265,141,cat,3,0.40703458,0.92315423,0.7964832,71.78552,0.79398596,0.71200234,9.143296241760254,9.122006544843316,0.9912841371295759,0.00871586287042414,0.79398596
2266,141,shuffle,-1,0.13838604,0.3138595,0.9308073,71.99024,0.10510555,0.102707595,0.0609591007232666,0.039669403806328773,0.7088167053364269,0.29118329466357307,0.10510555
2267,141,unrelated,53,0.8684268,1.9695916,0.5657874,72.058624,1.8016053,1.7584398,14.414900779724121,14.393611082807183,0.24519774011299436,0.7548022598870057,1.8016053
2277,142,paraphrase,-1,0.096254125,0.2183043,0.9518733,71.86788,0.0007865268,0.001285255,0.07431960105895996,-0.0038687437772750854,0.9815217391304348,0.018478260869565166,0.0007865268
2278,142,translate,-1,0.10445366,0.23690085,0.94777346,71.8184,0.018430348,0.0198818,0.07832834869623184,0.00014000385999679565,0.5509586276488395,0.4490413723511605,0.018430348
2279,142,polarity,-1,0.09750287,0.22113647,0.95124847,71.86542,0.0025904346,0.0041174144,0.08171430975198746,0.003525964915752411,0.9839743589743589,0.01602564102564108,0.0025904346
2280,142,vocab,-1,0.10043569,0.2277881,0.94978225,71.85845,0.0030947914,0.010769054,0.0717189684510231,-0.006469376385211945,0.9908058409951325,0.00919415900486753,0.0030947914
2281,142,cat,-1,0.39504945,0.89597195,0.8024756,71.87468,0.67459214,0.67895293,8.119355201721191,8.041166856884956,0.9934994582881906,0.00650054171180936,0.67459214
2282,142,shuffle,-1,0.11179485,0.25355068,0.94410276,71.85619,0.045877337,0.036531627,0.060421161353588104,-0.017767183482646942,0.6132177681473456,0.38678223185265437,0.045877337
2283,142,unrelated,45,0.6331878,1.4360696,0.6834063,71.924835,1.3322246,1.2190505,1.334197759628296,1.2560094147920609,0.23464305478693967,0.7653569452130603,1.3322246
2293,143,paraphrase,-1,0.086456284,0.19608282,0.95677227,72.023575,0.0004941799,-0.00077967346,0.020141741260886192,0.00018573179841041565,0.9761904761904762,0.023809523809523836,0.0004941799
2294,143,translate,-1,0.092321515,0.20938516,0.9538396,72.01426,0.017046764,0.012522668,0.020327934995293617,0.0003719255328178406,0.6357333333333334,0.3642666666666666,0.017046764
2295,143,polarity,-1,0.085530035,0.19398208,0.95723516,72.017296,0.0021495104,-0.0028804094,0.020251210778951645,0.0002952013164758682,0.9739612188365651,0.026038781163434943,0.0021495104
2296,143,vocab,-1,0.089780375,0.20362185,0.9551101,72.00888,0.002675449,0.0067593604,0.023309826850891113,0.0033538173884153366,0.9824163357912649,0.01758366420873514,0.002675449
2297,143,cat,-1,0.34216046,0.77601975,0.8289202,71.81295,0.61376256,0.57915723,2.977180242538452,2.9572242330759764,0.9811536264991434,0.018846373500856606,0.61376256
2298,143,shuffle,-1,0.10031519,0.2275148,0.94984275,72.04896,0.020743858,0.030652314,0.02334030717611313,0.003384297713637352,0.79841449603624,0.20158550396375996,0.020743858
2299,143,unrelated,137,0.91052693,2.0650747,0.5447368,71.7728,1.942274,1.8682122,8.538095474243164,8.518139464780688,0.18010594467333726,0.8198940553266627,1.942274
2309,144,paraphrase,-1,0.14864624,0.3371296,0.92567724,71.88711,0.0019710087,-0.024187267,0.0002890861942432821,0.00014974999066907912,0.9767981438515081,0.023201856148491906,0.0019710087
2310,144,translate,-1,0.15880929,0.3601794,0.92059577,71.86522,0.016363116,-0.0011374652,0.0001908035483211279,5.146734474692494e-05,0.5045333333333333,0.4954666666666667,0.016363116
2311,144,polarity,-1,0.14942704,0.33890048,0.925287,71.87038,0.0075662546,-0.022416383,0.00015006089233793318,1.0724688763730228e-05,0.9739229024943311,0.02607709750566889,0.0075662546
2312,144,vocab,-1,0.1652446,0.37477466,0.91737807,71.87462,0.00990505,0.013457805,0.00020152052456978709,6.218432099558413e-05,0.966396292004635,0.03360370799536505,0.00990505
2313,144,cat,-1,0.20955665,0.47527438,0.8952222,71.80966,0.29936716,0.113957524,4.217477798461914,4.21733846225834,0.9913244650086755,0.008675534991324452,0.29936716
2314,144,shuffle,-1,0.14775214,0.33510178,0.9261242,71.86229,0.038643513,-0.026215076,0.00027056221733801067,0.00013122601376380771,0.6060254924681344,0.3939745075318656,0.038643513
2315,144,unrelated,95,0.9971322,2.2614954,0.5014342,71.8533,1.9443759,1.9001784,17.68247413635254,17.682334800148965,0.21948488241881298,0.7805151175811871,1.9443759
2325,145,paraphrase,-1,0.06699996,0.15195587,0.96650016,71.86057,0.00027435742,-0.0001552254,0.010921712964773178,-7.642433047294617e-05,0.9748743718592965,0.025125628140703515,0.00027435742
2326,145,translate,-1,0.07142256,0.16198634,0.96428895,71.82783,0.011804736,0.009875238,0.011490300297737122,0.0004921630024909973,0.5967991739803821,0.40320082601961793,0.011804736
2327,145,polarity,-1,0.0695222,0.15767632,0.96523887,71.855576,0.0027546112,0.005565226,0.011675037443637848,0.0006769001483917236,0.9787001638448936,0.021299836155106444,0.0027546112
2328,145,vocab,-1,0.06906056,0.15662931,0.9654698,71.855255,0.0010972547,0.004518211,0.011638771742582321,0.0006406344473361969,0.9798882681564246,0.020111731843575398,0.0010972547
2329,145,cat,-1,0.48020023,1.0890939,0.75990015,71.818596,0.89492625,0.9369828,3.4197275638580322,3.408729426562786,0.9910614525139665,0.00893854748603351,0.89492625
2330,145,shuffle,-1,0.097471796,0.22106598,0.95126426,71.82471,0.053831793,0.068954885,0.033096782863140106,0.022098645567893982,0.5984427141268076,0.4015572858731924,0.053831793
2331,145,unrelated,111,0.78831935,1.787908,0.6058404,72.125175,1.6540973,1.6357969,4.098758697509766,4.0877605602145195,0.2783208740655549,0.721679125934445,1.6540973
2341,146,paraphrase,-1,0.0998067,0.22636156,0.95009685,71.76048,0.00064753235,0.0028779954,0.005293902941048145,-0.0007149158045649529,0.9831546707503829,0.016845329249617125,0.00064753235
2342,146,translate,-1,0.11382109,0.25814617,0.94308984,71.75993,0.021500874,0.034662604,0.0054371971637010574,-0.0005716215819120407,0.6233269598470363,0.37667304015296366,0.021500874
2343,146,polarity,-1,0.101890706,0.23108807,0.9490549,71.732704,0.007728451,0.0076045096,0.0054239677265286446,-0.0005848510190844536,0.9789368104312939,0.02106318956870612,0.007728451
2344,146,vocab,-1,0.09711727,0.22026192,0.95144165,71.7714,0.0012218229,-0.003221646,0.005163850728422403,-0.0008449680171906948,0.982078853046595,0.017921146953404965,0.0012218229
2345,146,cat,-1,0.2365103,0.53640527,0.88174504,71.75516,0.29402098,0.3129217,6.454117298126221,6.448108479380608,0.9959141981613892,0.0040858018386108474,0.29402098
2346,146,shuffle,-1,0.09645025,0.21874912,0.9517752,71.73511,0.021648386,-0.0047344416,0.009641874581575394,0.0036330558359622955,0.8580183861082737,0.14198161389172625,0.021648386
2347,146,unrelated,117,0.8000534,1.8145208,0.5999735,72.05935,1.6865816,1.5910373,6.93972110748291,6.933712288737297,0.25803108808290154,0.7419689119170985,1.6865816
2357,147,paraphrase,-1,0.12781265,0.28987905,0.93609387,72.00597,0.00076757453,-0.0025720298,0.05218712240457535,0.0007001496851444244,0.9767441860465116,0.023255813953488413,0.00076757453
2358,147,translate,-1,0.13849132,0.31409824,0.9307546,71.99936,0.020098723,0.021647155,0.06766431033611298,0.016177337616682053,0.5896568390526824,0.4103431609473176,0.020098723
2359,147,polarity,-1,0.13493256,0.306027,0.93253386,72.00496,0.003500575,0.0135759115,0.0554015152156353,0.003914542496204376,0.9856996935648621,0.01430030643513791,0.003500575
2360,147,vocab,-1,0.13365065,0.3031196,0.93317497,71.99173,0.004728384,0.010668516,0.06072555109858513,0.009238578379154205,0.9798241076047595,0.020175892395240536,0.004728384
2361,147,cat,-1,0.3548709,0.804847,0.8225649,71.93931,0.54059005,0.5123959,1.3131963014602661,1.2617093287408352,0.9948347107438017,0.005165289256198302,0.54059005
2362,147,shuffle,-1,0.12641492,0.28670898,0.93679285,72.00122,0.003715147,-0.005742103,0.051539890468120575,5.291774868965149e-05,0.859358841778697,0.14064115822130296,0.003715147
2363,147,unrelated,207,0.78374135,1.7775251,0.6081293,72.08829,1.6866952,1.485074,9.63471508026123,9.5832281075418,0.16169289202387413,0.8383071079761258,1.6866952
2373,148,paraphrase,-1,0.059059106,0.13394603,0.97047085,71.89165,0.00035093862,-0.0009635687,3.004456448252313e-05,6.705402483930811e-06,0.9794050343249427,0.020594965675057253,0.00035093862
2374,148,translate,-1,0.06431613,0.14586896,0.96784234,71.89683,0.0042834906,0.010959357,2.7714893803931773e-05,4.375731805339456e-06,0.6641011544804838,0.3358988455195162,0.0042834906
2375,148,polarity,-1,0.061228417,0.13886602,0.9693861,71.91416,0.0022655523,0.003956422,2.7761703677242622e-05,4.422541678650305e-06,0.9875706214689266,0.012429378531073398,0.0022655523
2376,148,vocab,-1,0.06349897,0.14401563,0.968251,71.90754,0.005841686,0.009106025,3.093940540566109e-05,7.600243407068774e-06,0.9822145725760184,0.017785427423981592,0.005841686
2377,148,cat,-1,0.40238643,0.91261226,0.7988071,71.87599,0.78406334,0.7777027,4.024784088134766,4.024760748972767,0.9931428571428571,0.006857142857142895,0.78406334
2378,148,shuffle,-1,0.062025476,0.14067376,0.96898735,71.94331,0.03181308,0.0057641566,2.5509078113827854e-05,2.1699161152355373e-06,0.6354285714285715,0.36457142857142855,0.03181308
2379,148,unrelated,217,0.8382791,1.9012167,0.58086073,71.981346,1.8543719,1.7663071,3.4912149906158447,3.491191651453846,0.12100456621004566,0.8789954337899544,1.8543719
2389,149,paraphrase,-1,0.03477563,0.078871116,0.9826124,72.084045,0.00017134432,-0.0008582249,0.002704787999391556,-0.00023304251953959465,0.9864864864864865,0.013513513513513487,0.00017134432
2390,149,translate,-1,0.037166856,0.084294416,0.9814169,72.07004,0.0053727874,0.004565075,0.003144275862723589,0.0002064453437924385,0.7540821375556656,0.24591786244433445,0.0053727874
2391,149,polarity,-1,0.03441007,0.07804202,0.9827954,72.081024,0.001282007,-0.0016873181,0.002748257014900446,-0.0001895735040307045,0.9876288659793815,0.012371134020618513,0.001282007
2392,149,vocab,-1,0.03745669,0.08495176,0.98127186,72.078415,0.001997581,0.0052224174,0.002876006532460451,-6.182398647069931e-05,0.9833679833679834,0.016632016632016633,0.001997581
2393,149,cat,3,0.364884,0.8275567,0.81755835,71.746994,0.7814928,0.7478274,0.3595227301120758,0.35658489959314466,0.985781990521327,0.014218009478673022,0.7814928
2394,149,shuffle,-1,0.053287257,0.12085547,0.9733567,72.09212,0.044863783,0.041126132,0.012283099815249443,0.009345269296318293,0.8375,0.16249999999999998,0.044863783
2395,149,unrelated,227,0.83052623,1.8836331,0.58473724,71.97875,1.8428055,1.8039038,3.233450174331665,3.230512343812734,0.2568306010928962,0.7431693989071038,1.8428055
2405,150,paraphrase,-1,0.13066225,0.29634193,0.93466914,71.885735,0.00033751724,-0.0005823076,0.012218444608151913,0.0020004399120807648,0.9702315325248071,0.029768467475192906,0.00033751724
2406,150,translate,-1,0.13341112,0.30257636,0.93329453,71.85262,0.011753624,0.0056521297,0.009547099471092224,-0.0006709052249789238,0.6137677351550184,0.38623226484498163,0.011753624
2407,150,polarity,-1,0.13047175,0.29590988,0.9347644,71.89064,0.0018182383,-0.0010143518,0.01145703624933958,0.0012390315532684326,0.9741100323624595,0.02588996763754048,0.0018182383
2408,150,vocab,-1,0.12796772,0.29023072,0.9360163,71.897316,0.0018008944,-0.006693512,0.009675245732069016,-0.0005427589640021324,0.9728832318760376,0.027116768123962354,0.0018008944
2409,150,cat,-1,0.39480424,0.89541584,0.8025983,71.76831,0.6147678,0.5984916,5.6054253578186035,5.595207353122532,0.9917446340121079,0.008255365987892116,0.6147678
2410,150,shuffle,-1,0.121144295,0.2747552,0.939428,71.88364,0.021640684,-0.022169024,0.010350149124860764,0.00013214442878961563,0.7144432194046306,0.2855567805953694,0.021640684
2411,150,unrelated,93,0.8615402,1.9539728,0.5692301,72.04839,1.6731294,1.6570486,7.6666951179504395,7.656477113254368,0.23963133640552994,0.7603686635944701,1.6731294
2421,151,paraphrase,-1,0.10499672,0.2381325,0.94750184,71.82573,0.0006328417,-0.0034955293,0.010009030811488628,6.414670497179031e-05,0.9740761169332598,0.025923883066740205,0.0006328417
2422,151,translate,-1,0.09829298,0.22292843,0.9508538,71.78827,0.027534759,-0.018699601,0.0034749519545584917,-0.006469932151958346,0.6085611139762764,0.39143888602372356,0.027534759
2423,151,polarity,-1,0.10702405,0.2427305,0.9464881,71.824066,0.0016617398,0.0011024624,0.009728904813528061,-0.00021597929298877716,0.9773462783171522,0.02265372168284785,0.0016617398
2424,151,vocab,-1,0.10254027,0.23256129,0.9487301,71.825615,0.0042771557,-0.009066746,0.00938415341079235,-0.0005607306957244873,0.9728531855955679,0.027146814404432118,0.0042771557
2425,151,cat,-1,0.48938495,1.1099248,0.7553078,71.90084,1.0779395,0.86829674,3.22237491607666,3.2124300319701433,0.9883527454242929,0.011647254575707144,1.0779395
2426,151,shuffle,-1,0.08979382,0.20365235,0.9551034,71.818054,0.009486185,-0.037975684,0.007306576706469059,-0.002638307400047779,0.8283828382838284,0.17161716171617158,0.009486185
2427,151,unrelated,253,0.87077487,1.974917,0.56461275,71.9577,2.1995733,1.733289,7.311992645263672,7.302047761157155,0.2170212765957447,0.7829787234042553,2.1995733
2437,152,paraphrase,-1,0.094522655,0.21437734,0.95273924,72.044525,0.00077065773,0.0025534034,0.03498376905918121,0.00219113752245903,0.9818181818181818,0.018181818181818188,0.00077065773
2438,152,translate,-1,0.09980796,0.22636442,0.9500964,72.01885,0.013425421,0.014540479,0.041670411825180054,0.00887778028845787,0.6135381661065771,0.3864618338934229,0.013425421
2439,152,polarity,-1,0.0965998,0.21908832,0.9517006,72.039215,0.0020897721,0.0072643757,0.031862035393714905,-0.0009305961430072784,0.9825282631038027,0.0174717368961973,0.0020897721
2440,152,vocab,-1,0.09850623,0.22341208,0.95074725,72.0318,0.003373118,0.011588141,0.032262858003377914,-0.0005297735333442688,0.9796557120500783,0.020344287949921713,0.003373118
2441,152,cat,-1,0.40497455,0.9184821,0.7975134,72.03517,0.66160804,0.7066582,9.194992065429688,9.162199433892965,0.9905857740585774,0.009414225941422605,0.66160804
2442,152,shuffle,-1,0.109034464,0.24729012,0.9454832,72.01131,0.02172239,0.03546618,0.03926552087068558,0.006472889333963394,0.6068821689259646,0.3931178310740354,0.02172239
2443,152,unrelated,142,0.84115636,1.9077423,0.57942224,71.86973,1.681748,1.6959183,2.7645950317382812,2.731802400201559,0.2561105207226355,0.7438894792773645,1.681748
2453,153,paraphrase,-1,0.04766642,0.10810742,0.9761671,72.01532,0.00073129305,-0.00012408197,0.006557032000273466,-0.0002874140627682209,0.9719402985074627,0.028059701492537337,0.00073129305
2454,153,translate,-1,0.055161882,0.12510712,0.97241944,72.019424,0.016362872,0.016875625,0.01144352275878191,0.004599076695740223,0.5976267529665588,0.40237324703344124,0.016362872
2455,153,polarity,-1,0.04515696,0.102415964,0.97742194,72.01799,0.0033895837,-0.005815536,0.006401166785508394,-0.00044327927753329277,0.9811542991755006,0.018845700824499434,0.0033895837
2456,153,vocab,-1,0.047758497,0.10831625,0.97612107,72.00822,0.0040494436,8.4750354e-05,0.0069868615828454494,0.00014241551980376244,0.9814482345900658,0.018551765409934196,0.0040494436
2457,153,cat,-1,0.42243615,0.958085,0.78878224,72.02789,0.875348,0.8498535,2.400813102722168,2.3939686566591263,0.9952324195470799,0.004767580452920139,0.875348
2458,153,shuffle,-1,0.051915634,0.11774464,0.9740428,72.02178,0.031736095,0.00951314,0.0029875896871089935,-0.0038568563759326935,0.5844311377245509,0.4155688622754491,0.031736095
2459,153,unrelated,218,0.7386621,1.6752853,0.6306694,72.024925,1.702178,1.5670538,2.9550375938415527,2.948193147778511,0.17457527826596367,0.8254247217340364,1.702178
2469,154,paraphrase,-1,0.14985451,0.33986998,0.9250729,71.60699,0.0010084657,-0.0056682527,0.004258541855961084,0.0002170773223042488,0.9714912280701754,0.028508771929824595,0.0010084657
2470,154,translate,-1,0.16128927,0.36580402,0.91935575,71.53799,0.04372781,0.020265788,0.0026967176236212254,-0.0013447469100356102,0.444022770398482,0.555977229601518,0.04372781
2471,154,polarity,-1,0.16194299,0.36728662,0.9190288,71.55698,0.016712517,0.021748394,0.002826547948643565,-0.0012149165850132704,0.9768692845615923,0.023130715438407723,0.016712517
2472,154,vocab,-1,0.14956436,0.33921188,0.9252182,71.5914,0.0029411144,-0.0063263476,0.003367983503267169,-0.0006734810303896666,0.9702643171806168,0.029735682819383213,0.0029411144
2473,154,cat,-1,0.18314849,0.4153807,0.9084259,71.63131,0.06466242,0.06984246,0.4126776456832886,0.40863618114963174,0.9978021978021978,0.00219780219780219,0.06466242
2474,154,shuffle,-1,0.1993859,0.45220712,0.9003073,71.573586,0.0989022,0.10666889,0.0030348547734320164,-0.0010066097602248192,0.5428571428571428,0.4571428571428572,0.0989022
2475,154,unrelated,52,0.990448,2.2463355,0.5047763,72.04345,2.023131,1.9007972,9.506964683532715,9.502923218999058,0.19014891179839633,0.8098510882016037,2.023131
2485,155,paraphrase,-1,0.05898385,0.13377535,0.97050864,71.821976,0.00053227996,0.0012659878,0.01088342722505331,0.000591750256717205,0.9661016949152542,0.03389830508474578,0.00053227996
2486,155,translate,-1,0.06825121,0.15479371,0.9658749,71.826485,0.012736635,0.022284344,0.01549011655151844,0.005198439583182335,0.6638023630504833,0.33619763694951665,0.012736635
2487,155,polarity,-1,0.057684798,0.1308291,0.97115785,71.8357,0.0015331955,-0.0016802698,0.011105941608548164,0.000814264640212059,0.982202447163515,0.017797552836484987,0.0015331955
2488,155,vocab,-1,0.058871765,0.13352114,0.9705644,71.8254,0.0014305875,0.001011774,0.014505382627248764,0.004213705658912659,0.9727891156462585,0.027210884353741527,0.0014305875
2489,155,cat,2,0.32790557,0.74368966,0.8360476,71.85676,0.68913686,0.6111803,2.607210636138916,2.59691895917058,0.9920814479638009,0.007918552036199067,0.68913686
2490,155,shuffle,-1,0.06420002,0.14560562,0.96790045,71.827866,0.033678584,0.013096258,0.023583490401506424,0.013291813433170319,0.7717514124293785,0.2282485875706215,0.033678584
2491,155,unrelated,187,0.7099905,1.6102581,0.64500517,72.06928,1.5396662,1.4777488,8.656257629394531,8.645965952426195,0.2973593570608496,0.7026406429391504,1.5396662
2501,156,paraphrase,-1,0.08703432,0.1973938,0.9564833,71.99203,0.00029579527,0.0023777932,0.008480340242385864,-0.0002598688006401062,0.9817142857142858,0.01828571428571424,0.00029579527
2502,156,translate,-1,0.089640394,0.20330438,0.95518047,71.98387,0.008305419,0.008288369,0.0059051597490906715,-0.002835049293935299,0.6067415730337079,0.3932584269662921,0.008305419
2503,156,polarity,-1,0.0863314,0.19579957,0.95683455,71.99486,0.0009722977,0.00078356266,0.008495394140481949,-0.0002448149025440216,0.9881422924901185,0.011857707509881465,0.0009722977
2504,156,vocab,-1,0.08738072,0.19817944,0.95630985,71.988335,0.002404102,0.003163427,0.007347951643168926,-0.0013922573998570442,0.977116704805492,0.022883295194508046,0.002404102
2505,156,cat,-1,0.45184427,1.0247827,0.7740783,71.90815,0.78857684,0.82976663,6.199127674102783,6.190387465059757,0.9879518072289156,0.012048192771084376,0.78857684
2506,156,shuffle,-1,0.0906604,0.20561776,0.95467025,71.97415,0.012407054,0.010601744,0.0060036275535821915,-0.002736581489443779,0.7420091324200914,0.25799086757990863,0.012407054
2507,156,unrelated,10,0.7595003,1.7225465,0.62025046,71.75019,1.5763836,1.5275304,3.1252968311309814,3.1165566220879555,0.2526439482961222,0.7473560517038778,1.5763836
2517,157,paraphrase,-1,0.09052064,0.20530078,0.9547399,72.05258,0.00029601055,-0.0024077147,0.026113545522093773,0.0009070374071598053,0.9719519175729823,0.02804808242701773,0.00029601055
2518,157,translate,-1,0.09142145,0.2073438,0.9542896,72.03582,0.014455749,-0.00036469102,0.045248791575431824,0.020042283460497856,0.6080428954423592,0.39195710455764077,0.014455749
2519,157,polarity,-1,0.089646086,0.20331728,0.955177,72.060616,0.0023989773,-0.0043912083,0.025944886729121208,0.0007383786141872406,0.987485779294653,0.012514220705347023,0.0023989773
2520,157,vocab,-1,0.10701282,0.24270503,0.94649374,72.04824,0.02161421,0.03499654,0.03576981648802757,0.010563308373093605,0.9809798270893372,0.019020172910662825,0.02161421
2521,157,cat,-1,0.39044777,0.88553536,0.8047765,72.01066,0.72822875,0.6778269,6.852411270141602,6.827204762026668,0.9977037887485649,0.0022962112514350874,0.72822875
2522,157,shuffle,-1,0.08750589,0.19846332,0.9562473,72.04263,0.009664663,-0.009245172,0.022283241152763367,-0.002923266962170601,0.8446490218642118,0.15535097813578824,0.009664663
2523,157,unrelated,4,0.9211234,2.0891075,0.5394385,71.954796,1.9640845,1.881399,4.339226245880127,4.314019737765193,0.2731018246027075,0.7268981753972925,1.9640845
2533,158,paraphrase,-1,0.089638725,0.2033006,0.9551809,71.95431,0.00035988764,0.0018226802,0.06106484681367874,0.00028370320796966553,0.9755826859045506,0.02441731409544945,0.00035988764
2534,158,translate,-1,0.08903242,0.20192549,0.9554843,71.911545,0.014822836,0.00044757128,0.0302325040102005,-0.030548639595508575,0.620654911838791,0.37934508816120904,0.014822836
2535,158,polarity,-1,0.09096681,0.20631269,0.954517,71.96255,0.0009601301,0.004834771,0.06379233300685883,0.0030111894011497498,0.9896344789961812,0.010365521003818823,0.0009601301
2536,158,vocab,-1,0.08798446,0.1995487,0.95600814,71.95885,0.003818741,-0.0019292086,0.042896345257759094,-0.01788479834794998,0.9712707182320443,0.02872928176795575,0.003818741
2537,158,cat,-1,0.34417403,0.78058654,0.8279133,71.9332,0.6122891,0.5791086,2.94976806640625,2.888986922800541,0.9933701657458563,0.006629834254143652,0.6122891
2538,158,shuffle,-1,0.092221,0.20915718,0.9538899,71.96755,0.0018038002,0.0076792687,0.06637227535247803,0.005591131746768951,0.836824696802646,0.16317530319735396,0.0018038002
2539,158,unrelated,175,0.865234,1.9623504,0.5673833,72.25049,1.8782156,1.7608725,5.836025238037109,5.7752440944314,0.23990772779700115,0.7600922722029988,1.8782156
2549,159,paraphrase,-1,0.13281585,0.3012263,0.93359244,72.028534,0.00064538466,-0.005028248,0.04557379335165024,-0.01049511507153511,0.9838220424671386,0.016177957532861442,0.00064538466
2550,159,translate,-1,0.1458319,0.33074668,0.9270843,72.0414,0.025099972,0.024492145,0.04175744950771332,-0.01431145891547203,0.65237651444548,0.34762348555452005,0.025099972
2551,159,polarity,-1,0.13813044,0.31327978,0.9309355,72.01413,0.0021092086,0.007025242,0.05507218465209007,-0.0009967237710952759,0.9875559980089597,0.012444001991040343,0.0021092086
2552,159,vocab,-1,0.13584185,0.30808926,0.9320795,72.02153,0.0017347194,0.0018347204,0.04683057218790054,-0.009238336235284805,0.9777553083923155,0.022244691607684497,0.0017347194
2553,159,cat,-1,0.71296847,1.6170121,0.64351636,71.7009,1.2307525,1.3107576,7.294437408447266,7.23836850002408,0.9898682877406282,0.010131712259371817,1.2307525
2554,159,shuffle,-1,0.24716051,0.5605599,0.87642,71.955124,0.1723306,0.2543054,0.07249157130718231,0.016422662883996964,0.5740181268882175,0.4259818731117825,0.1723306
2555,159,unrelated,39,1.1483276,2.6044064,0.42583665,72.185234,2.264509,2.2981517,9.475029945373535,9.41896103695035,0.24794295117937465,0.7520570488206253,2.264509
2565,160,paraphrase,-1,0.098655224,0.22375001,0.95067257,72.04835,0.0009143466,0.0027160197,0.06124969944357872,0.003399919718503952,0.9717444717444718,0.02825552825552824,0.0009143466
2566,160,translate,-1,0.094276115,0.21381819,0.952862,72.0061,0.016398223,-0.007215798,0.038523878902196884,-0.019325900822877884,0.6294591484464902,0.3705408515535098,0.016398223
2567,160,polarity,-1,0.1048399,0.23777685,0.9475802,72.06695,0.006252932,0.016742855,0.07862911373376846,0.020779334008693695,0.9784688995215312,0.021531100478468845,0.006252932
2568,160,vocab,-1,0.09873235,0.22392493,0.950634,72.05476,0.00872288,0.0028909445,0.07433313131332397,0.016483351588249207,0.9664838513101767,0.03351614868982333,0.00872288
2569,160,cat,4,0.45104915,1.0229793,0.7744756,72.02633,0.82302964,0.80194527,3.638199806213379,3.580350026488304,0.9802955665024631,0.019704433497536922,0.82302964
2570,160,shuffle,-1,0.107893035,0.24470136,0.9460538,72.02971,0.042672545,0.023667365,0.07863982021808624,0.020790040493011475,0.49146341463414633,0.5085365853658537,0.042672545
2571,160,unrelated,165,0.81795377,1.8551188,0.59102345,72.06827,1.7348604,1.6340847,11.931994438171387,11.874144658446312,0.2230985915492958,0.7769014084507042,1.7348604
2581,161,paraphrase,-1,0.06652186,0.15087155,0.96673936,72.097206,0.0008207997,0.00076434016,0.01558566465973854,-0.00043621286749839783,0.9827771797631862,0.017222820236813763,0.0008207997
2582,161,translate,-1,0.08051521,0.18260847,0.95974284,72.09993,0.02154079,0.032501265,0.01779477670788765,0.001772899180650711,0.7507723995880535,0.24922760041194647,0.02154079
2583,161,polarity,-1,0.06749657,0.15308219,0.96625215,72.09516,0.0010135891,0.002974987,0.016142547130584717,0.00012066960334777832,0.988272921108742,0.011727078891258014,0.0010135891
2584,161,vocab,-1,0.06918256,0.15690601,0.96540916,72.08104,0.0011609286,0.006798804,0.015679650008678436,-0.0003422275185585022,0.9876277568585261,0.012372243141473893,0.0011609286
2585,161,cat,2,0.33171242,0.7523236,0.83414435,72.066475,0.62808025,0.6022164,2.1551239490509033,2.1391020715236664,0.9880823401950163,0.011917659804983716,0.62808025
2586,161,shuffle,-1,0.07028105,0.1593974,0.96486,72.0734,0.0027662965,0.009290189,0.016502613201737404,0.0004807356745004654,0.7855603448275862,0.2144396551724138,0.0027662965
2587,161,unrelated,88,0.8470565,1.9211237,0.5764722,71.84713,1.770874,1.7710166,2.130523920059204,2.114502042531967,0.26110219368646337,0.7388978063135366,1.770874
2597,162,paraphrase,-1,0.28842688,0.65415204,0.8557868,71.81743,0.00029365008,-2.270937e-05,0.14219610393047333,0.0037160366773605347,0.9884638737097754,0.011536126290224602,0.00029365008
2598,162,translate,-1,0.28740796,0.65184116,0.85629636,71.77102,0.012928632,-0.0023335814,0.17659111320972443,0.03811104595661163,0.7300115874855156,0.26998841251448435,0.012928632
2599,162,polarity,-1,0.28959948,0.6568115,0.8552006,71.80148,0.006984086,0.0026367307,0.15537308156490326,0.016893014311790466,0.983273596176822,0.016726403823178027,0.006984086
2600,162,vocab,-1,0.29237676,0.6631104,0.853812,71.80265,0.0018582033,0.00893563,0.14705850183963776,0.008578434586524963,0.9824773413897281,0.017522658610271913,0.0018582033
2601,162,cat,-1,0.5496195,1.2465367,0.7251907,71.74554,0.9152907,0.592362,5.317470073699951,5.178990006446838,0.9871559633027523,0.012844036697247652,0.9152907
2602,162,shuffle,-1,0.2753024,0.6243857,0.8623491,71.723694,0.09975269,-0.02978903,0.06530012935400009,-0.0731799378991127,0.7636363636363637,0.23636363636363633,0.09975269
2603,162,unrelated,133,1.0098522,2.2903442,0.49507433,71.947235,2.029758,1.6361694,8.055426597595215,7.916946530342102,0.25143513203214696,0.748564867967853,2.029758
2613,163,paraphrase,-1,0.16916956,0.3836765,0.91541535,71.87613,0.0023546135,0.01351732,0.0029014863539487123,-7.430813275277615e-05,0.9793478260869565,0.020652173913043526,0.0023546135
2614,163,translate,-1,0.23333792,0.5292103,0.88333136,71.76251,0.12160305,0.15905115,0.005124506074935198,0.0021487115882337093,0.617827868852459,0.382172131147541,0.12160305
2615,163,polarity,-1,0.23023236,0.5221669,0.8848843,71.897995,0.07355876,0.15200773,0.0025506233796477318,-0.0004251711070537567,0.9801395598497048,0.0198604401502952,0.07355876
2616,163,vocab,-1,0.18034744,0.40902793,0.9098267,71.907364,0.017329844,0.038868755,0.0027841373812407255,-0.00019165710546076298,0.9781659388646288,0.02183406113537123,0.017329844
2617,163,cat,4,0.36583123,0.82970506,0.8170848,71.42823,0.46074462,0.45954588,2.9097042083740234,2.906728413887322,0.9846827133479212,0.015317286652078765,0.46074462
2618,163,shuffle,-1,0.19362214,0.43913493,0.90318966,71.84575,0.030055096,0.06897575,0.0028359373100101948,-0.00013985717669129372,0.8395196506550219,0.16048034934497812,0.030055096
2619,163,unrelated,34,0.8421229,1.9099344,0.5789389,71.61743,1.8586653,1.5397753,5.101132869720459,5.0981570752337575,0.21474358974358973,0.7852564102564102,1.8586653
2629,164,paraphrase,-1,0.14877765,0.33742765,0.9256117,71.807045,0.00048680283,0.0033614635,0.017281273379921913,0.00011979043483734131,0.9754055468341183,0.024594453165881713,0.00048680283
2630,164,translate,-1,0.1625777,0.36872616,0.91871154,71.812965,0.007536741,0.03465998,0.0203633401542902,0.0032018572092056274,0.7079556898288016,0.29204431017119836,0.007536741
2631,164,polarity,-1,0.14587335,0.3308407,0.9270638,71.81541,0.0011773254,-0.0032254755,0.017783569172024727,0.000622086226940155,0.9803719008264463,0.01962809917355368,0.0011773254
2632,164,vocab,-1,0.14551021,0.3300171,0.9272454,71.81324,0.00094853406,-0.0040490925,0.01703624241054058,-0.0001252405345439911,0.9773803261441346,0.022619673855865385,0.00094853406
2633,164,cat,-1,0.30329233,0.68786687,0.8483542,71.65188,0.37689644,0.35380068,0.8708234429359436,0.853661959990859,0.9840933191940615,0.01590668080593849,0.37689644
2634,164,shuffle,-1,0.16487893,0.37394536,0.91756094,71.8019,0.0774728,0.039879173,0.016959819942712784,-0.00020166300237178802,0.5304621848739496,0.4695378151260504,0.0774728
2635,164,unrelated,65,0.87358963,1.981301,0.5632057,72.11601,1.6936522,1.6472348,3.3202500343322754,3.303088551387191,0.1962059620596206,0.8037940379403794,1.6936522
2645,165,paraphrase,-1,0.059829466,0.1356932,0.9700855,72.06797,0.0002555275,0.0002734065,0.0028068367391824722,9.157112799584866e-05,0.9806181246726035,0.019381875327396547,0.0002555275
2646,165,translate,-1,0.060369145,0.13691719,0.9698158,72.08602,0.01081845,0.0014973879,0.003015359630808234,0.00030009401962161064,0.6029268292682927,0.39707317073170734,0.01081845
2647,165,polarity,-1,0.061863236,0.14030579,0.9690688,72.05572,0.0025528623,0.0048859864,0.0032006052788347006,0.000485339667648077,0.9814624098867147,0.018537590113285263,0.0025528623
2648,165,vocab,-1,0.057238907,0.12981781,0.97138095,72.061455,0.0026170188,-0.0056019872,0.001967494608834386,-0.0007477710023522377,0.9858416360776088,0.014158363922391226,0.0026170188
2649,165,cat,-1,0.36272496,0.82266,0.81863815,71.80879,0.70468396,0.68724024,8.229658126831055,8.226942861219868,0.9825857519788919,0.017414248021108136,0.70468396
2650,165,shuffle,-1,0.06176737,0.14008836,0.96911675,72.04314,0.008854455,0.0046685636,0.0027533425018191338,3.8076890632510185e-05,0.8345549738219895,0.1654450261780105,0.008854455
2651,165,unrelated,29,0.79641074,1.8062592,0.60179514,71.80476,1.8049109,1.6708393,11.4445161819458,11.441800916334614,0.22823529411764706,0.7717647058823529,1.8049109
2661,166,paraphrase,-1,0.14027235,0.31813762,0.9298643,72.000534,0.00080647774,0.0036336184,0.050135500729084015,0.0033706799149513245,0.970954356846473,0.02904564315352698,0.00080647774
2662,166,translate,-1,0.13656381,0.30972666,0.93171877,71.97909,0.017618405,-0.004777342,0.051376137882471085,0.004611317068338394,0.5885714285714285,0.4114285714285715,0.017618405
2663,166,polarity,-1,0.14100713,0.3198041,0.92949694,71.99887,0.0015327,0.0053001046,0.0489993691444397,0.002234548330307007,0.98559670781893,0.014403292181069949,0.0015327
2664,166,vocab,-1,0.13807113,0.31314528,0.93096495,71.98374,0.0033379078,-0.0013587177,0.03971532732248306,-0.007049493491649628,0.9827856025039123,0.017214397496087663,0.0033379078
2665,166,cat,-1,0.30942127,0.7017673,0.8452899,71.83647,0.4636715,0.38726333,4.702114582061768,4.655349761247635,0.9968717413972888,0.0031282586027111536,0.4636715
2666,166,shuffle,-1,0.14596975,0.33105934,0.92701566,71.97848,0.02233197,0.01655534,0.04515933245420456,-0.001605488359928131,0.6020833333333333,0.3979166666666667,0.02233197
2667,166,unrelated,115,0.711441,1.6135478,0.64428,71.825645,1.3294485,1.2990438,1.8086353540420532,1.7618705332279205,0.2399559713813979,0.7600440286186021,1.3294485
2677,167,paraphrase,-1,0.06762639,0.15337661,0.96618694,72.00113,0.00066427427,-0.0038532764,0.02777712233364582,-0.007896171882748604,0.974585635359116,0.02541436464088398,0.00066427427
2678,167,translate,-1,0.07354814,0.16680714,0.96322614,72.00394,0.018289316,0.009577259,0.042917996644973755,0.0072447024285793304,0.6783068783068783,0.3216931216931217,0.018289316
2679,167,polarity,-1,0.06974164,0.158174,0.9651294,72.01947,0.0019189098,0.0009441078,0.03956225514411926,0.0038889609277248383,0.9846827133479212,0.015317286652078765,0.0019189098
2680,167,vocab,-1,0.07809311,0.17711514,0.9609537,72.010216,0.004151566,0.019885257,0.048860806971788406,0.013187512755393982,0.9743875278396437,0.025612472160356337,0.004151566
2681,167,cat,3,0.45645148,1.0352317,0.77177453,71.78739,0.8165884,0.8780018,4.285824298858643,4.250151004642248,0.9899888765294772,0.010011123470522798,0.8165884
2682,167,shuffle,-1,0.08034224,0.18221617,0.95982903,71.99719,0.023472345,0.024986282,0.040154241025447845,0.004480946809053421,0.8159645232815964,0.1840354767184036,0.023472345
2683,167,unrelated,70,0.688089,1.5605856,0.6559557,71.6272,1.3463948,1.4033557,5.312093257904053,5.276419963687658,0.23535791757049893,0.764642082429501,1.3463948
2693,168,paraphrase,-1,0.07527037,0.17071317,0.96236527,71.76607,0.00041214438,0.00052040815,0.0023831913713365793,5.395850166678429e-06,0.9745664739884393,0.02543352601156068,0.00041214438
2694,168,translate,-1,0.077515826,0.17580585,0.9612427,71.75862,0.0144383935,0.0056130886,0.0038334813434630632,0.0014556858222931623,0.6764227642276422,0.32357723577235775,0.0144383935
2695,168,polarity,-1,0.07540642,0.17102171,0.962297,71.767784,0.0018301653,0.0008289516,0.0025320774875581264,0.00015428196638822556,0.9789413773477519,0.021058622652248116,0.0018301653
2696,168,vocab,-1,0.07920915,0.17964631,0.96039593,71.757355,0.0022653358,0.00945355,0.0025759157724678516,0.00019812025129795074,0.9861431870669746,0.01385681293302543,0.0022653358
2697,168,cat,3,0.47309327,1.0729753,0.763454,71.872765,0.90359294,0.9027825,3.9219717979431152,3.9195940024219453,0.985981308411215,0.014018691588784993,0.90359294
2698,168,shuffle,-1,0.07369937,0.16715014,0.9631509,71.7591,0.0058451965,-0.0030426234,0.002336167963221669,-4.16275579482317e-05,0.8450867052023121,0.1549132947976879,0.0058451965
2699,168,unrelated,5,0.9364416,2.1238492,0.53177977,71.88117,1.9765995,1.9536564,6.329048156738281,6.326670361217111,0.19715099715099715,0.8028490028490028,1.9765995
2709,169,paraphrase,-1,0.15310837,0.34724972,0.92344606,71.846565,0.0035705855,0.013609797,0.150941863656044,0.006237104535102844,0.9813084112149533,0.01869158878504673,0.0035705855
2710,169,translate,-1,0.15788136,0.35807487,0.92105937,71.856834,0.015340071,0.024434954,0.1200145035982132,-0.024690255522727966,0.6516613076098606,0.34833869239013937,0.015340071
2711,169,polarity,-1,0.14953165,0.3391377,0.9252342,71.85142,0.002571464,0.0054977834,0.1517637073993683,0.007058948278427124,0.9861910241657077,0.013808975834292303,0.002571464
2712,169,vocab,-1,0.15647927,0.3548949,0.92176044,71.8517,0.0072946097,0.021254987,0.14164115488529205,-0.003063604235649109,0.9853886616014027,0.014611338398597296,0.0072946097
2713,169,cat,-1,0.41157037,0.9334414,0.794215,71.906204,0.7112163,0.5998015,5.594598770141602,5.44989401102066,0.9906868451688009,0.0093131548311991,0.7112163
2714,169,shuffle,-1,0.1600954,0.36309627,0.9199526,71.86917,0.08554438,0.029456347,0.0804985761642456,-0.06420618295669556,0.5157159487776485,0.4842840512223515,0.08554438
2715,169,unrelated,249,0.7460951,1.6921434,0.62695265,71.916664,1.4771909,1.3585036,6.193232536315918,6.048527777194977,0.09603340292275574,0.9039665970772442,1.4771909
2725,170,paraphrase,-1,0.080604635,0.18281128,0.959698,72.02699,0.00034879617,-0.0003106892,0.027986716479063034,-0.0011249445378780365,0.9768467475192943,0.023153252480705655,0.00034879617
2726,170,translate,-1,0.07603009,0.17243621,0.96198535,72.00678,0.008234064,-0.010685757,0.02819271944463253,-0.0009189415723085403,0.7112750263435195,0.28872497365648053,0.008234064
2727,170,polarity,-1,0.078338355,0.17767136,0.9608313,72.04,0.0013338577,-0.0054506063,0.02877209149301052,-0.0003395695239305496,0.9836956521739131,0.016304347826086918,0.0013338577
2728,170,vocab,-1,0.08317834,0.18864845,0.9584114,72.026764,0.0013122611,0.005526483,0.03901192173361778,0.009900260716676712,0.9806094182825484,0.01939058171745156,0.0013122611
2729,170,cat,-1,0.42707872,0.96861434,0.7864612,71.85898,0.8003257,0.78549236,1.4501512050628662,1.4210395440459251,0.9933701657458563,0.006629834254143652,0.8003257
2730,170,shuffle,-1,0.08039023,0.182325,0.9598053,72.03793,0.021070078,-0.0007969588,0.01634008251130581,-0.012771578505635262,0.7386990077177509,0.2613009922822491,0.021070078
2731,170,unrelated,160,0.66302913,1.5037497,0.66848606,72.05643,1.41773,1.3206278,6.854670524597168,6.825558863580227,0.25709322524609146,0.7429067747539085,1.41773
2741,171,paraphrase,-1,0.07019713,0.15920706,0.9649016,72.07108,0.00030362283,0.0014915913,0.0017125047743320465,-0.00032718293368816376,0.9789695057833859,0.02103049421661407,0.00030362283
2742,171,translate,-1,0.07229643,0.16396828,0.96385187,72.04076,0.013250306,0.0062528104,0.002941728103905916,0.000902040395885706,0.6307617661329452,0.3692382338670548,0.013250306
2743,171,polarity,-1,0.07068671,0.16031744,0.96465707,72.077545,0.00096643006,0.0026019663,0.0023253445979207754,0.00028565688990056515,0.9860176074572761,0.013982392542723932,0.00096643006
2744,171,vocab,-1,0.07600145,0.17237125,0.9619996,72.06192,0.0043858537,0.014655784,0.0023537278175354004,0.0003140401095151901,0.9811320754716981,0.018867924528301883,0.0043858537
2745,171,cat,2,0.47955665,1.0876343,0.76022184,72.01514,0.93432516,0.9299189,6.22307825088501,6.2210385631769896,0.9926393270241851,0.007360672975814886,0.93432516
2746,171,shuffle,-1,0.091983214,0.2086179,0.9540085,72.02787,0.039219357,0.050902426,0.0017971167108044028,-0.00024257099721580744,0.6415094339622641,0.3584905660377359,0.039219357
2747,171,unrelated,101,0.7078287,1.6053551,0.64608604,72.003174,1.5903362,1.4476397,8.04585075378418,8.04381106607616,0.20671283963771978,0.7932871603622802,1.5903362
2757,172,paraphrase,-1,0.09192837,0.2084935,0.95403606,71.94551,0.0015173939,-0.0002360344,0.0026086107827723026,0.0002728775143623352,0.972327726532827,0.027672273467173047,0.0015173939
2758,172,translate,-1,0.098379694,0.2231251,0.95081043,71.93948,0.016066851,0.014395565,0.0015233850572258234,-0.000812348211184144,0.5632241813602015,0.43677581863979853,0.016066851
2759,172,polarity,-1,0.094572924,0.21449135,0.952714,71.95489,0.005742166,0.005761817,0.002506461925804615,0.0001707286573946476,0.9719428268925357,0.02805717310746425,0.005742166
2760,172,vocab,-1,0.09673847,0.21940282,0.9516314,71.93012,0.0073926495,0.0106732845,0.0015313305193558335,-0.0008044027490541339,0.9753963914707491,0.02460360852925092,0.0073926495
2761,172,cat,2,0.24322161,0.5516265,0.8783896,71.78615,0.29502738,0.34289697,0.09073059260845184,0.08839485934004188,0.99457111834962,0.005428881650380024,0.29502738
2762,172,shuffle,-1,0.114958644,0.26072615,0.9425211,71.9246,0.060097605,0.05199662,0.005143001675605774,0.0028072684071958065,0.5746753246753247,0.4253246753246753,0.060097605
2763,172,unrelated,121,0.9011091,2.043715,0.54944587,71.879944,1.825141,1.8349855,3.5889594554901123,3.5866237222217023,0.3466666666666667,0.6533333333333333,1.825141
2773,173,paraphrase,-1,0.06504233,0.14751598,0.9674789,71.926636,0.0005580787,-0.0011776984,0.011740368790924549,4.2310915887355804e-05,0.9743321110529073,0.02566788894709271,0.0005580787
2774,173,translate,-1,0.08003497,0.18151928,0.9599827,71.9144,0.026807742,0.032825604,0.011291052214801311,-0.0004070056602358818,0.6142034548944337,0.38579654510556627,0.026807742
2775,173,polarity,-1,0.06280964,0.14245224,0.9685954,71.93144,0.0021248506,-0.006241441,0.011237038299441338,-0.0004610195755958557,0.984552008238929,0.015447991761071034,0.0021248506
2776,173,vocab,-1,0.065513566,0.14858474,0.96724355,71.92546,0.0015195924,-0.00010894239,0.012068865820765495,0.000370807945728302,0.9765502866076081,0.02344971339239188,0.0015195924
2777,173,cat,-1,0.44227776,1.0030857,0.77886134,71.98461,0.89601,0.85439205,7.253737449645996,7.242039391770959,0.9905561385099685,0.009443861490031513,0.89601
2778,173,shuffle,-1,0.062916614,0.14269485,0.9685421,71.91353,0.009402353,-0.005998835,0.01800408959388733,0.006306031718850136,0.7620041753653445,0.23799582463465552,0.009402353
2779,173,unrelated,182,0.7944463,1.8018038,0.60277694,72.15076,1.7128177,1.6531101,1.3499088287353516,1.3382107708603144,0.17148869016307206,0.8285113098369279,1.7128177
2789,174,paraphrase,-1,0.040635597,0.092161514,0.97968256,71.94509,0.00061978545,0.0020558834,0.01416416373103857,-0.0002505844458937645,0.9799196787148594,0.02008032128514059,0.00061978545
2790,174,translate,-1,0.043820728,0.09938539,0.97809005,71.95915,0.017594462,0.009279758,0.015011847019195557,0.0005970988422632217,0.567878508973769,0.432121491026231,0.017594462
2791,174,polarity,-1,0.040309023,0.091420844,0.97984576,71.95131,0.00094928924,0.0013152137,0.01794661022722721,0.003531862050294876,0.9851190476190477,0.014880952380952328,0.00094928924
2792,174,vocab,-1,0.039570104,0.08974498,0.9802152,71.93897,0.0017536922,-0.0003606528,0.0141630033031106,-0.0002517448738217354,0.979345088161209,0.02065491183879098,0.0017536922
2793,174,cat,2,0.28606933,0.64880514,0.8569658,71.7735,0.57538164,0.5586995,3.3102338314056396,3.2958190832287073,0.9899091826437941,0.010090817356205872,0.57538164
2794,174,shuffle,-1,0.05095159,0.115558185,0.97452444,71.92861,0.025755111,0.025452554,0.016037005931138992,0.0016222577542066574,0.5758793969849246,0.42412060301507537,0.025755111
2795,174,unrelated,46,0.7517199,1.7049004,0.62414044,71.91636,1.7012014,1.6147947,2.927630662918091,2.9132159147411585,0.0988056460369164,0.9011943539630836,1.7012014
2805,175,paraphrase,-1,0.08685771,0.19699325,0.95657146,72.252426,0.00043676942,0.0048933774,0.07425767928361893,0.003197409212589264,0.9836858006042296,0.01631419939577039,0.00043676942
2806,175,translate,-1,0.07726211,0.17523043,0.96136904,72.26282,0.010729554,-0.01686944,0.03471875563263893,-0.03634151443839073,0.6346483704974271,0.36535162950257294,0.010729554
2807,175,polarity,-1,0.08374469,0.18993291,0.95812815,72.25111,0.0015117754,-0.0021669567,0.06899770349264145,-0.002062566578388214,0.9786223277909739,0.02137767220902609,0.0015117754
2808,175,vocab,-1,0.080101185,0.18166944,0.95994955,72.24982,0.0040812953,-0.010430425,0.06655215471982956,-0.004508115351200104,0.9764634882317441,0.023536511768255886,0.0040812953
2809,175,cat,2,0.39778468,0.9021755,0.8011078,71.95201,0.78443575,0.7100756,3.1468827724456787,3.075822502374649,0.9890776699029126,0.01092233009708743,0.78443575
2810,175,shuffle,-1,0.08295381,0.1881392,0.95852363,72.25942,0.016279351,-0.003960669,0.06047692894935608,-0.010583341121673584,0.5767835550181378,0.42321644498186217,0.016279351
2811,175,unrelated,71,0.89681274,2.0339708,0.551594,72.0927,1.9509804,1.841871,8.630829811096191,8.559769541025162,0.21342925659472423,0.7865707434052758,1.9509804
2821,176,paraphrase,-1,0.07739045,0.1755215,0.9613052,72.17224,0.00028298862,-0.00087367,0.01676095649600029,-0.001733887940645218,0.9769792251544076,0.023020774845592396,0.00028298862
2822,176,translate,-1,0.08178698,0.18549284,0.95910686,72.16852,0.0057803816,0.00909768,0.027574697509407997,0.00907985307276249,0.6117896972915561,0.3882103027084439,0.0057803816
2823,176,polarity,-1,0.077706754,0.17623888,0.9611469,72.187195,0.0011114579,-0.00015628338,0.022954709827899933,0.004459865391254425,0.9784886927744071,0.021511307225592913,0.0011114579
2824,176,vocab,-1,0.077975474,0.17684834,0.96101254,72.17606,0.00093985983,0.0004531741,0.022114600986242294,0.0036197565495967865,0.9803038829487901,0.019696117051209883,0.00093985983
2825,176,cat,3,0.42131358,0.95553905,0.7893435,71.78817,0.887023,0.77914387,1.7041159868240356,1.6856211423873901,0.9882088714205502,0.01179112857944975,0.887023
2826,176,shuffle,-1,0.077485695,0.17573753,0.96125746,72.18759,0.0116270315,-0.00065763295,0.01662217080593109,-0.0018726736307144165,0.8183856502242153,0.18161434977578472,0.0116270315
2827,176,unrelated,77,0.81016093,1.8374447,0.59491986,71.82009,1.8179271,1.6610495,2.388554811477661,2.3700599670410156,0.27780914737436474,0.7221908526256353,1.8179271
2837,177,paraphrase,-1,0.20492692,0.46477416,0.89753705,72.120735,0.00063306995,-0.0072975755,0.011299652978777885,-0.0002569332718849182,0.9714285714285714,0.02857142857142858,0.00063306995
2838,177,translate,-1,0.23890634,0.5418395,0.880547,72.13463,0.0300898,0.06976774,0.01224743202328682,0.0006908457726240158,0.5920695274307441,0.40793047256925585,0.0300898
2839,177,polarity,-1,0.21299486,0.48307225,0.8935032,72.119415,0.0035181018,0.011000514,0.008289637044072151,-0.0032669492065906525,0.9732498577120091,0.026750142287990886,0.0035181018
2840,177,vocab,-1,0.20479259,0.4644695,0.897604,72.128746,0.0011649376,-0.0076022446,0.011350583285093307,-0.00020600296556949615,0.9748684979544127,0.02513150204558734,0.0011649376
2841,177,cat,3,0.7455828,1.6909815,0.62720907,72.04204,1.1860808,1.2189097,3.3046603202819824,3.2931037340313196,0.9912841371295759,0.00871586287042414,1.1860808
2842,177,shuffle,-1,0.25948673,0.5885158,0.870257,72.11353,0.077808626,0.11644408,0.012860145419836044,0.0013035591691732407,0.6006984866123399,0.39930151338766007,0.077808626
2843,177,unrelated,50,1.0548856,2.3924801,0.47255766,71.98409,1.781086,1.9204084,0.20528173446655273,0.19372514821588993,0.11645870469399881,0.8835412953060012,1.781086
2853,178,paraphrase,-1,0.10712612,0.24296199,0.9464375,71.897606,0.0012566937,-0.0025090277,0.10685321688652039,-0.000286102294921875,0.9824957651044608,0.017504234895539206,0.0012566937
2854,178,translate,-1,0.11600314,0.26309508,0.94199884,71.86669,0.013283203,0.017624065,0.11396792531013489,0.006828606128692627,0.5933719095213046,0.4066280904786954,0.013283203
2855,178,polarity,-1,0.11157714,0.2530569,0.9442119,71.90299,0.0016527168,0.007585898,0.10437852144241333,-0.0027607977390289307,0.9768467475192943,0.023153252480705655,0.0016527168
2856,178,vocab,-1,0.11796455,0.26754355,0.9410183,71.9029,0.0070363055,0.022072539,0.11979978531599045,0.012660466134548187,0.9723943661971831,0.027605633802816887,0.0070363055
2857,178,cat,-1,0.3980129,0.9026931,0.80099404,71.96803,0.7399333,0.6572221,8.820196151733398,8.713056832551956,0.9932432432432432,0.006756756756756799,0.7399333
2858,178,shuffle,-1,0.12338255,0.2798316,0.93830913,71.94816,0.032220352,0.034360573,0.08176999539136887,-0.025369323790073395,0.5988764044943821,0.40112359550561794,0.032220352
2859,178,unrelated,250,0.7505826,1.7023209,0.6247093,71.95708,1.5085231,1.4568499,9.35384750366211,9.246708184480667,0.22870211549456831,0.7712978845054317,1.5085231
2869,179,paraphrase,-1,0.08116848,0.18409008,0.9594162,72.041115,0.0007670605,-0.00206545,0.011397432535886765,-0.0006977701559662819,0.9757607013924704,0.024239298607529602,0.0007670605
2870,179,translate,-1,0.088506356,0.20073238,0.95574725,72.02788,0.013141404,0.014576852,0.008457626216113567,-0.003637576475739479,0.6274509803921569,0.37254901960784315,0.013141404
2871,179,polarity,-1,0.0814081,0.18463354,0.9592964,72.06441,0.004191595,-0.0015219897,0.013511705212295055,0.001416502520442009,0.9821337417049515,0.01786625829504851,0.004191595
2872,179,vocab,-1,0.08163107,0.18513924,0.959185,72.0414,0.0016969898,-0.001016289,0.014022937044501305,0.0019277343526482582,0.9829633453794527,0.017036654620547265,0.0016969898
2873,179,cat,3,0.302938,0.6870633,0.84853137,71.71177,0.50056285,0.5009078,4.239598274230957,4.227503071539104,0.9906542056074766,0.009345794392523366,0.50056285
2874,179,shuffle,-1,0.10827706,0.24557233,0.9458618,72.05683,0.063309945,0.0594168,0.014423583634197712,0.0023283809423446655,0.7960662525879917,0.20393374741200831,0.063309945
2875,179,unrelated,155,0.7563898,1.7154918,0.6218057,71.82524,1.6515911,1.5293362,3.798264980316162,3.786169777624309,0.1998919502971367,0.8001080497028633,1.6515911
2885,180,paraphrase,-1,0.088053375,0.19970502,0.95597374,71.90692,0.0028322684,5.9247017e-05,0.049589913338422775,-0.0021811015903949738,0.9800796812749004,0.019920318725099584,0.0028322684
2886,180,translate,-1,0.098288104,0.22291738,0.9508563,71.87527,0.021861287,0.023271605,0.04381764680147171,-0.007953368127346039,0.611704834605598,0.388295165394402,0.021861287
2887,180,polarity,-1,0.09163878,0.20783672,0.95418096,71.89289,0.0021331122,0.008190945,0.05006669461727142,-0.0017043203115463257,0.9761243753470294,0.02387562465297055,0.0021331122
2888,180,vocab,-1,0.0914839,0.20748544,0.9542584,71.895905,0.0037388336,0.007839665,0.05587640777230263,0.0041053928434848785,0.9773499433748585,0.022650056625141524,0.0037388336
2889,180,cat,3,0.44819826,1.0165135,0.7759012,72.023285,0.79643434,0.8168677,2.248645067214966,2.196874052286148,0.9915206331260599,0.00847936687394013,0.79643434
2890,180,shuffle,-1,0.10906937,0.24736929,0.94546556,71.86586,0.017261848,0.047723517,0.06972575932741165,0.017954744398593903,0.853907134767837,0.14609286523216303,0.017261848
2891,180,unrelated,30,0.92751086,2.1035943,0.53624505,71.994965,1.9047228,1.9039485,5.757786750793457,5.706015735864639,0.20908593322386426,0.7909140667761357,1.9047228
2901,181,paraphrase,-1,0.08844809,0.20060024,0.9557762,71.93299,0.000540613,0.0043748617,0.3469163477420807,0.04242071509361267,0.9826330532212885,0.017366946778711534,0.000540613
2902,181,translate,-1,0.09386141,0.21287763,0.95306975,71.89084,0.008655376,0.016652256,0.33009693026542664,0.025601297616958618,0.6463675213675214,0.3536324786324786,0.008655376
2903,181,polarity,-1,0.08724081,0.19786212,0.9563799,71.930885,0.0008004504,0.0016367435,0.30226969718933105,-0.002225935459136963,0.9844617092119867,0.015538290788013276,0.0008004504
2904,181,vocab,-1,0.0874872,0.19842093,0.9562565,71.92383,0.0010366446,0.002195552,0.3167838752269745,0.01228824257850647,0.9792717086834734,0.020728291316526648,0.0010366446
2905,181,cat,5,0.39767882,0.9019354,0.8011611,71.85953,0.7973851,0.70571005,4.974955081939697,4.670459449291229,0.9802816901408451,0.019718309859154903,0.7973851
2906,181,shuffle,-1,0.08789304,0.19934137,0.9560539,71.93237,0.003127384,0.0031159967,0.326476126909256,0.021980494260787964,0.8404494382022472,0.15955056179775284,0.003127384
2907,181,unrelated,201,0.9229943,2.0933506,0.538503,71.99135,2.0461407,1.8971252,6.45971155166626,6.155215919017792,0.19058553386911595,0.8094144661308841,2.0461407
2917,182,paraphrase,-1,0.06615486,0.1500392,0.966923,72.151215,0.0004228924,-0.0007929355,0.0016853926936164498,1.5035038813948631e-05,0.9787910922587487,0.02120890774125128,0.0004228924
2918,182,translate,-1,0.06894164,0.1563596,0.9655299,72.15074,0.011857088,0.0055274665,0.00033434282522648573,-0.0013360148295760155,0.6680161943319838,0.3319838056680162,0.011857088
2919,182,polarity,-1,0.06782041,0.15381666,0.9660904,72.15502,0.0009909361,0.0029845238,0.00164597830735147,-2.4379347451031208e-05,0.9837950862519603,0.016204913748039673,0.0009909361
2920,182,vocab,-1,0.06788952,0.1539734,0.96605563,72.154854,0.0017591023,0.003141269,0.0017272932454943657,5.693559069186449e-05,0.9798301486199575,0.02016985138004246,0.0017591023
2921,182,cat,-1,0.42138296,0.9556964,0.7893093,71.844955,0.8788958,0.8048643,3.9572346210479736,3.955564263393171,0.9893955461293743,0.010604453870625696,0.8788958
2922,182,shuffle,-1,0.07211631,0.16355975,0.96394235,72.13753,0.014762544,0.012727618,0.0006484475452452898,-0.0010219101095572114,0.6564156945917285,0.34358430540827145,0.014762544
2923,182,unrelated,25,0.71520126,1.6220762,0.6424,72.055214,1.4862272,1.471244,13.877124786376953,13.87545442872215,0.2325321408608161,0.7674678591391839,1.4862272
2933,183,paraphrase,-1,0.16898835,0.3832655,0.9155063,72.02427,0.0019867024,0.00055226684,0.040149986743927,-0.0035920366644859314,0.9765957446808511,0.023404255319148914,0.0019867024
2934,183,translate,-1,0.17426267,0.39522767,0.912869,72.02157,0.018983983,0.012514442,0.02675539068877697,-0.016986632719635963,0.6186069167072576,0.38139308329274235,0.018983983
2935,183,polarity,-1,0.17701568,0.40147147,0.9114926,71.99154,0.0051128054,0.018758237,0.04383018612861633,8.816272020339966e-05,0.9832109129066107,0.016789087093389332,0.0051128054
2936,183,vocab,-1,0.17464457,0.39609382,0.9126781,72.019684,0.009082278,0.013380587,0.042515065521001816,-0.0012269578874111176,0.9787460148777896,0.02125398512221044,0.009082278
2937,183,cat,-1,0.3193847,0.72436434,0.8403082,71.861046,0.34860379,0.3416511,3.1964216232299805,3.1526795998215675,0.9946865037194474,0.005313496280552554,0.34860379
2938,183,shuffle,-1,0.20717497,0.46987274,0.8964129,71.998344,0.05338767,0.087159514,0.04135779291391373,-0.0023842304944992065,0.8776595744680851,0.12234042553191493,0.05338767
2939,183,unrelated,156,1.0794371,2.448163,0.4602819,71.992065,2.3539853,2.0654497,4.831221580505371,4.787479557096958,0.25,0.75,2.3539853
2949,184,paraphrase,-1,0.07527824,0.17073101,0.96236145,71.98149,0.0003292694,0.00027231872,0.04074063152074814,0.00141867995262146,0.9779286926994907,0.022071307300509324,0.0003292694
2950,184,translate,-1,0.08428371,0.19115542,0.95785874,71.98259,0.01632609,0.02069673,0.03285864740610123,-0.006463304162025452,0.5768222338751966,0.4231777661248034,0.01632609
2951,184,polarity,-1,0.07573034,0.17175637,0.96213514,71.98579,0.0011707187,0.0012976825,0.03830956667661667,-0.0010123848915100098,0.9798882681564246,0.020111731843575398,0.0011707187
2952,184,vocab,-1,0.07832062,0.17763114,0.96084034,71.951904,0.004084567,0.0071724504,0.037028320133686066,-0.002293631434440613,0.9823361823361824,0.017663817663817638,0.004084567
2953,184,cat,3,0.33261168,0.7543631,0.83369476,72.03324,0.5397098,0.58390445,4.353163242340088,4.313841290771961,0.9931818181818182,0.006818181818181834,0.5397098
2954,184,shuffle,-1,0.09196332,0.20857278,0.95401907,72.02707,0.043487016,0.038114086,0.04713870584964752,0.007816754281520844,0.5840909090909091,0.4159090909090909,0.043487016
2955,184,unrelated,214,0.8037685,1.8229467,0.59811634,71.9337,1.7374274,1.652488,9.136030197143555,9.096708245575428,0.23843416370106763,0.7615658362989324,1.7374274
2965,185,paraphrase,-1,0.0550446,0.124841124,0.97247785,72.03021,0.000380912,-0.00021187961,0.03586737811565399,0.0076853614300489426,0.9817559863169898,0.018244013683010207,0.000380912
2966,185,translate,-1,0.06560643,0.14879535,0.967197,71.99414,0.016001377,0.023742348,0.025410855188965797,-0.0027711614966392517,0.6583783783783784,0.3416216216216216,0.016001377
2967,185,polarity,-1,0.056495737,0.12813231,0.9717523,72.04544,0.0029654002,0.00307931,0.028778143227100372,0.0005961265414953232,0.9786036036036037,0.021396396396396344,0.0029654002
2968,185,vocab,-1,0.056006767,0.12702332,0.9719969,72.00606,0.0023579125,0.001970321,0.0388098768889904,0.010627860203385353,0.9862857142857143,0.013714285714285679,0.0023579125
2969,185,cat,-1,0.390354,0.8853227,0.8048232,71.967415,0.8018088,0.7602697,7.182627201080322,7.154445184394717,0.9885714285714285,0.011428571428571455,0.8018088
2970,185,shuffle,-1,0.06033315,0.13683556,0.9698336,72.02374,0.0114733605,0.011782557,0.03981871157884598,0.011636694893240929,0.8304696449026346,0.16953035509736536,0.0114733605
2971,185,unrelated,235,0.6763275,1.5339105,0.66183627,72.039505,1.408479,1.4088575,9.265549659729004,9.237367643043399,0.24111822947000583,0.7588817705299942,1.408479
2981,186,paraphrase,-1,0.055395138,0.12563615,0.9723023,72.01675,0.00028787833,-0.002886191,0.029291022568941116,-0.0007661189883947372,0.9792490118577075,0.02075098814229248,0.00028787833
2982,186,translate,-1,0.05627997,0.12764294,0.9718603,72.03043,0.007379895,-0.000879392,0.023393947631120682,-0.006663193926215172,0.6427221172022685,0.35727788279773154,0.007379895
2983,186,polarity,-1,0.056483924,0.12810552,0.9717583,72.02809,0.001580093,-0.00041681528,0.028771216049790382,-0.0012859255075454712,0.9867970660146699,0.013202933985330123,0.001580093
2984,186,vocab,-1,0.056880087,0.12900402,0.9715602,72.020096,0.0006262534,0.00048168004,0.026077639311552048,-0.003979502245783806,0.9767671774592189,0.023232822540781073,0.0006262534
2985,186,cat,-1,0.33148724,0.75181293,0.8342567,72.00772,0.67077595,0.6232906,5.346226215362549,5.316169073805213,0.995049504950495,0.004950495049504955,0.67077595
2986,186,shuffle,-1,0.06248939,0.14172591,0.9687554,72.01874,0.011821654,0.013203576,0.027783887460827827,-0.002273254096508026,0.7754698318496538,0.2245301681503462,0.011821654
2987,186,unrelated,190,0.6350576,1.4403105,0.6824714,71.803604,1.4062157,1.3117881,5.260385513305664,5.230328371748328,0.2413793103448276,0.7586206896551724,1.4062157
2997,187,paraphrase,-1,0.04796633,0.10878762,0.9760172,72.07924,0.0011026928,-0.00042753667,0.0006563219358213246,-0.0015879631391726434,0.9725627553998832,0.02743724460011676,0.0011026928
2998,187,translate,-1,0.064695016,0.14672826,0.9676527,72.03449,0.026468944,0.037513107,0.0024540203157812357,0.00020973524078726768,0.5769436997319035,0.4230563002680965,0.026468944
2999,187,polarity,-1,0.05430884,0.123172425,0.97284585,72.063225,0.004120498,0.0139572695,0.0013219713000580668,-0.0009223137749359012,0.9827586206896551,0.017241379310344862,0.004120498
3000,187,vocab,-1,0.048826985,0.11073958,0.9755867,72.05766,0.0040261718,0.001524426,0.0006914116675034165,-0.0015528734074905515,0.967817437097718,0.03218256290228205,0.0040261718
3001,187,cat,-1,0.22390339,0.5078128,0.88804847,71.70229,0.39954266,0.39859766,0.8389254808425903,0.8366811957675964,0.981242672919109,0.01875732708089095,0.39954266
3002,187,shuffle,-1,0.05157142,0.11696396,0.97421455,72.06742,0.0076967943,0.007748805,0.0008877862710505724,-0.0013564988039433956,0.7992998833138857,0.20070011668611432,0.0076967943
3003,187,unrelated,183,1.1234752,2.5480413,0.4382626,72.023674,2.485375,2.438826,7.336122035980225,7.333877750905231,0.20923761825264328,0.7907623817473567,2.485375
3013,188,paraphrase,-1,0.06977935,0.15825954,0.9651109,72.12234,0.0009814048,0.0018461645,0.0003142530331388116,-1.3979035429656506e-05,0.9711538461538461,0.028846153846153855,0.0009814048
3014,188,translate,-1,0.07438715,0.16871002,0.96280694,72.10321,0.015328505,0.012296647,0.00017085319268517196,-0.00015737887588329613,0.6263425664217072,0.37365743357829284,0.015328505
3015,188,polarity,-1,0.06880332,0.1560459,0.96559876,72.12599,0.0039854557,-0.00036747754,0.00020197051344439387,-0.00012626155512407422,0.9822695035460993,0.01773049645390068,0.0039854557
3016,188,vocab,-1,0.06842999,0.15519919,0.96578544,72.132996,0.0017738983,-0.0012141913,0.0003146957606077194,-1.3536307960748672e-05,0.9711538461538461,0.028846153846153855,0.0017738983
3017,188,cat,-1,0.5647761,1.280912,0.7176124,72.01217,1.1668738,1.1244986,2.833820343017578,2.8334921109490097,0.9910125823846615,0.0089874176153385,1.1668738
3018,188,shuffle,-1,0.07015168,0.15910397,0.96492475,72.13319,0.0033433556,0.0026905984,0.00029216319671832025,-3.606887185014784e-05,0.8067226890756303,0.19327731092436973,0.0033433556
3019,188,unrelated,195,0.99570906,2.2582676,0.5021462,72.12124,2.1559653,2.1018543,9.15846061706543,9.158132384996861,0.17411225658648338,0.8258877434135166,2.1559653
3029,189,paraphrase,-1,0.09304681,0.21103011,0.953477,71.86864,0.00073382637,0.0038059503,0.033488720655441284,0.0033241156488656998,0.9786066922654965,0.02139330773450354,0.00073382637
3030,189,translate,-1,0.092645004,0.21011883,0.9536778,71.88296,0.010250269,0.0028946698,0.03282181918621063,0.002657214179635048,0.6305569749616761,0.36944302503832394,0.010250269
3031,189,polarity,-1,0.094980136,0.21541491,0.9525103,71.88011,0.0018746575,0.008190751,0.0345337837934494,0.0043691787868738174,0.9826839826839827,0.017316017316017285,0.0018746575
3032,189,vocab,-1,0.09474166,0.21487404,0.95262957,71.897285,0.0031048378,0.0076498836,0.030753497034311295,0.0005888920277357101,0.9752883031301482,0.02471169686985175,0.0031048378
3033,189,cat,3,0.4940648,1.1205387,0.75296783,71.95307,0.88002837,0.9133146,6.3162455558776855,6.28608095087111,0.9900881057268722,0.009911894273127775,0.88002837
3034,189,shuffle,-1,0.09256999,0.2099487,0.9537155,71.89128,0.0076427013,0.0027245432,0.03539181873202324,0.005227213725447655,0.7661909989023051,0.23380900109769487,0.0076427013
3035,189,unrelated,54,0.9535818,2.162723,0.52320915,71.73359,1.9549295,1.9554989,2.962360382080078,2.9321957770735025,0.18222976796830787,0.8177702320316922,1.9549295
3045,190,paraphrase,-1,0.09683707,0.21962644,0.9515816,71.801674,0.00046297113,-0.00097446144,0.15321841835975647,-0.0026348531246185303,0.9863985807214666,0.013601419278533422,0.00046297113
3046,190,translate,-1,0.11319256,0.25672066,0.9434038,71.80218,0.014143654,0.03611976,0.19321131706237793,0.03735804557800293,0.6270627062706271,0.3729372937293729,0.014143654
3047,190,polarity,-1,0.09836898,0.2231008,0.9508156,71.81106,0.0014577014,0.0024998933,0.14406374096870422,-0.011789530515670776,0.9848130841121495,0.015186915887850483,0.0014577014
3048,190,vocab,-1,0.09835513,0.22306938,0.9508225,71.800865,0.0014944819,0.0024684817,0.1552078276872635,-0.0006454437971115112,0.988737403675163,0.011262596324836949,0.0014944819
3049,190,cat,-1,0.38599938,0.87544644,0.8070006,71.97843,0.70625526,0.65484554,6.6083173751831055,6.4524641036987305,0.9964622641509434,0.003537735849056589,0.70625526
3050,190,shuffle,-1,0.14435601,0.32739937,0.927822,71.84861,0.069092885,0.10679847,0.17009559273719788,0.014242321252822876,0.527810650887574,0.47218934911242605,0.069092885
3051,190,unrelated,209,0.75534475,1.7131215,0.62232757,72.10391,1.6098486,1.4925206,6.7620015144348145,6.6061482429504395,0.16725978647686832,0.8327402135231317,1.6098486
3061,191,paraphrase,-1,0.09242417,0.20961797,0.9537881,71.8175,0.0007393578,-0.0011219382,0.018483437597751617,-0.0022169388830661774,0.9742962056303549,0.025703794369645094,0.0007393578
3062,191,translate,-1,0.1027035,0.23293148,0.94864875,71.83531,0.020393528,0.02219157,0.029802247881889343,0.009101871401071548,0.580608793686584,0.419391206313416,0.020393528
3063,191,polarity,-1,0.09501348,0.21549052,0.95249355,71.81536,0.0030494842,0.0047506094,0.024408522993326187,0.0037081465125083923,0.9842615012106537,0.0157384987893463,0.0030494842
3064,191,vocab,-1,0.09224337,0.20920794,0.95387876,71.80219,0.007441162,-0.0015319735,0.01720590889453888,-0.0034944675862789154,0.974169741697417,0.02583025830258301,0.007441162
3065,191,cat,-1,0.41881958,0.9498826,0.7905902,71.91261,0.7785411,0.7391427,7.401395320892334,7.380694944411516,0.9975520195838433,0.002447980416156681,0.7785411
3066,191,shuffle,-1,0.09579799,0.21726981,0.9521013,71.82233,0.0031318364,0.0065298975,0.019804170355200768,-0.0008962061256170273,0.8282208588957055,0.17177914110429449,0.0031318364
3067,191,unrelated,80,0.8083752,1.8333945,0.59581256,72.02093,1.6489416,1.6226547,5.803406238555908,5.78270586207509,0.23616657159155732,0.7638334284084427,1.6489416
3077,192,paraphrase,-1,0.09733092,0.22074649,0.951335,71.92013,0.00025811172,0.0037770271,0.013699229806661606,-0.007822629064321518,0.9723756906077348,0.027624309392265234,0.00025811172
3078,192,translate,-1,0.09905602,0.22465901,0.95047206,71.94512,0.0072467276,0.0076895505,0.014023944735527039,-0.007497914135456085,0.6694129763130793,0.3305870236869207,0.0072467276
3079,192,polarity,-1,0.09505162,0.21557702,0.95247436,71.93241,0.002019791,-0.001392439,0.013857536017894745,-0.007664322853088379,0.9750542299349241,0.024945770065075923,0.002019791
3080,192,vocab,-1,0.09816186,0.22263105,0.9509194,71.92294,0.0019371681,0.005661592,0.014070142060518265,-0.007451716810464859,0.973816155988858,0.026183844011142043,0.0019371681
3081,192,cat,-1,0.6092647,1.381812,0.6953678,71.83342,1.1985158,1.1648425,6.027354717254639,6.0058328583836555,0.988950276243094,0.011049723756906049,1.1985158
3082,192,shuffle,-1,0.09655608,0.21898915,0.9517224,71.943474,0.026329055,0.0020196885,0.003067709505558014,-0.01845414936542511,0.7508305647840532,0.2491694352159468,0.026329055
3083,192,unrelated,202,0.8650606,1.9619571,0.5674699,71.84064,1.761999,1.7449876,7.311317443847656,7.289795584976673,0.19120043454644214,0.8087995654535578,1.761999
3093,193,paraphrase,-1,0.15061308,0.3415904,0.9246935,71.869675,0.00030976348,-0.002251625,0.03406204283237457,-0.0006327815353870392,0.9740187949143173,0.02598120508568269,0.00030976348
3094,193,translate,-1,0.16216835,0.36779776,0.918916,71.85906,0.013925236,0.023955733,0.03139998018741608,-0.0032948441803455353,0.576464489372732,0.423535510627268,0.013925236
3095,193,polarity,-1,0.15117395,0.34286246,0.9244131,71.86942,0.0010494546,-0.0009795725,0.03416083753108978,-0.0005339868366718292,0.985838779956427,0.014161220043573008,0.0010494546
3096,193,vocab,-1,0.1523923,0.34562567,0.923804,71.87995,0.0028741716,0.0017836392,0.03347396478056908,-0.0012208595871925354,0.9851075565361279,0.014892443463872085,0.0028741716
3097,193,cat,-1,0.4936934,1.1196964,0.7531533,71.87737,0.8239718,0.77585435,5.879881858825684,5.845187034457922,0.9966960352422908,0.0033039647577092213,0.8239718
3098,193,shuffle,-1,0.19452895,0.44119158,0.90273577,71.773254,0.083616644,0.097349554,0.02528529241681099,-0.009409531950950623,0.5843439911797134,0.41565600882028664,0.083616644
3099,193,unrelated,173,0.76372075,1.7321184,0.6181398,71.93265,1.5572762,1.3882763,5.539457321166992,5.504762496799231,0.26916890080428957,0.7308310991957104,1.5572762
3109,194,paraphrase,-1,0.058064442,0.13169013,0.9709679,71.96025,0.00041701598,-0.0010325611,0.010632362216711044,-0.0009120404720306396,0.9737609329446064,0.026239067055393583,0.00041701598
3110,194,translate,-1,0.05914251,0.13413519,0.97042894,71.95543,0.014470343,0.001412496,0.01885562390089035,0.007311221212148666,0.6100594916170903,0.3899405083829097,0.014470343
3111,194,polarity,-1,0.059008636,0.13383156,0.9704957,71.97116,0.0028593936,0.0011088699,0.011481691151857376,-6.271153688430786e-05,0.9771428571428571,0.02285714285714291,0.0028593936
3112,194,vocab,-1,0.064056754,0.14528069,0.9679718,71.95553,0.0043610414,0.012557998,0.021533887833356857,0.009989485144615173,0.9749271137026239,0.02507288629737614,0.0043610414
3113,194,cat,3,0.34643787,0.78572094,0.82678133,71.886086,0.6655853,0.65299827,8.4794921875,8.467947784811258,0.9894736842105263,0.010526315789473717,0.6655853
3114,194,shuffle,-1,0.05980747,0.13564332,0.97009635,71.973076,0.0032630954,0.0029206276,0.017139948904514313,0.005595546215772629,0.803030303030303,0.19696969696969702,0.0032630954
3115,194,unrelated,230,0.7594765,1.7224923,0.6202618,71.58809,1.6252513,1.5897696,8.014123916625977,8.002579513937235,0.2850439882697947,0.7149560117302053,1.6252513
3125,195,paraphrase,-1,0.05617832,0.12741241,0.9719112,72.120224,0.00054316845,-0.0023872703,0.008421463891863823,-0.0006260890513658524,0.9709589041095891,0.02904109589041093,0.00054316845
3126,195,translate,-1,0.0688531,0.1561588,0.9655738,72.13215,0.010072869,0.026359126,0.026514677330851555,0.01746712438762188,0.7223942208462333,0.2776057791537667,0.010072869
3127,195,polarity,-1,0.054543734,0.12370516,0.97272843,72.13737,0.0015553521,-0.0060945153,0.008407913148403168,-0.0006396397948265076,0.9832884097035041,0.016711590296495937,0.0015553521
3128,195,vocab,-1,0.058857948,0.1334898,0.9705714,72.139534,0.0011723596,0.0036901236,0.01728484407067299,0.008237291127443314,0.9714599341383096,0.028540065861690445,0.0011723596
3129,195,cat,2,0.56121266,1.27283,0.7193938,71.91057,1.12667,1.1430303,3.5954535007476807,3.586405947804451,0.988950276243094,0.011049723756906049,1.12667
3130,195,shuffle,-1,0.05230701,0.11863227,0.9738467,72.13529,0.0120477155,-0.011167407,0.01373653020709753,0.004688977263867855,0.8696604600219058,0.13033953997809422,0.0120477155
3131,195,unrelated,3,0.8509873,1.9300388,0.57450664,72.01381,1.7930275,1.8002391,8.790891647338867,8.781844094395638,0.14709371293001186,0.8529062870699882,1.7930275
3141,196,paraphrase,-1,0.054060806,0.12260988,0.97296983,72.16412,0.0004299758,-0.0019244924,0.02701323851943016,-0.0009054355323314667,0.9790842283776144,0.02091577162238556,0.0004299758
3142,196,translate,-1,0.057060886,0.12941407,0.9714698,72.14955,0.014225671,0.0048796907,0.01814330741763115,-0.009775366634130478,0.6262312078797304,0.3737687921202696,0.014225671
3143,196,polarity,-1,0.053707145,0.121807784,0.9731466,72.175186,0.001626022,-0.0027265921,0.0193711519241333,-0.008547522127628326,0.9833147942157954,0.016685205784204626,0.001626022
3144,196,vocab,-1,0.055997968,0.12700337,0.97200143,72.16632,0.0019760132,0.0024689957,0.022161204367876053,-0.005757469683885574,0.9773242630385488,0.0226757369614512,0.0019760132
3145,196,cat,3,0.4161624,0.9438561,0.7919191,72.010506,0.83234835,0.81932175,9.38138198852539,9.353463314473629,0.986409966024915,0.013590033975084959,0.83234835
3146,196,shuffle,-1,0.057227902,0.12979285,0.9713865,72.16249,0.0030248004,0.005258478,0.031729284673929214,0.0038106106221675873,0.8126410835214447,0.1873589164785553,0.0030248004
3147,196,unrelated,33,0.8004429,1.815404,0.59977883,72.34647,1.7508833,1.6908697,8.058351516723633,8.030432842671871,0.2045977011494253,0.7954022988505747,1.7508833
3157,197,paraphrase,-1,0.08689173,0.1970704,0.9565543,72.022385,0.00070507167,-0.0051467717,0.02779974788427353,0.0005604233592748642,0.9762562120375483,0.02374378796245169,0.00070507167
3158,197,translate,-1,0.0955657,0.21674296,0.9522172,72.03642,0.010364092,0.014525786,0.03492707014083862,0.007687745615839958,0.6263565891472869,0.37364341085271313,0.010364092
3159,197,polarity,-1,0.08495614,0.1926805,0.9575219,72.03225,0.0023321882,-0.009536684,0.02584783546626568,-0.0013914890587329865,0.9852861035422343,0.014713896457765663,0.0023321882
3160,197,vocab,-1,0.089062944,0.20199472,0.95546865,71.993835,0.0025829559,-0.00022245944,0.024622809141874313,-0.0026165153831243515,0.9784886927744071,0.021511307225592913,0.0025829559
3161,197,cat,3,0.46316546,1.050459,0.76841724,71.976326,0.8577108,0.84824187,6.591981887817383,6.564742563292384,0.9798657718120806,0.020134228187919434,0.8577108
3162,197,shuffle,-1,0.092866346,0.21062084,0.9535669,72.065025,0.021403177,0.008403659,0.03278842195868492,0.005549097433686256,0.8289183222958058,0.17108167770419425,0.021403177
3163,197,unrelated,185,0.63519233,1.4406159,0.68240416,72.02541,1.3583001,1.2383987,4.6764984130859375,4.649259088560939,0.1528948847667229,0.8471051152332771,1.3583001
3173,198,paraphrase,-1,0.06841102,0.15515617,0.96579456,71.98907,0.00041242744,-0.0015160292,0.04581677168607712,-0.0017810314893722534,0.9742729306487695,0.02572706935123048,0.00041242744
3174,198,translate,-1,0.06974326,0.15817769,0.9651288,71.9986,0.00845166,0.0015054941,0.048250455409288406,0.000652652233839035,0.6731287022078621,0.32687129779213786,0.00845166
3175,198,polarity,-1,0.06637908,0.15054771,0.9668108,71.997116,0.0023738658,-0.0061244816,0.043654508888721466,-0.003943294286727905,0.9780701754385965,0.021929824561403466,0.0023738658
3176,198,vocab,-1,0.06266548,0.14212528,0.96866775,71.99732,0.0033563601,-0.014546916,0.03660685569047928,-0.010990947484970093,0.9715877437325905,0.028412256267409508,0.0033563601
3177,198,cat,3,0.5500039,1.2474086,0.7249983,71.81922,1.1273587,1.0907364,4.4419379234313965,4.394340120255947,0.9796149490373726,0.020385050962627438,1.1273587
3178,198,shuffle,-1,0.09485207,0.21512444,0.95257425,71.90617,0.055081878,0.05845225,0.080916628241539,0.03331882506608963,0.587709497206704,0.41229050279329604,0.055081878
3179,198,unrelated,21,0.70809394,1.6059568,0.6459533,71.79754,1.5796623,1.4492846,3.3705215454101562,3.322923742234707,0.264721772015127,0.7352782279848731,1.5796623
3189,199,paraphrase,-1,0.14205879,0.32218927,0.9289707,71.837036,0.002556093,-0.023674816,0.015469654463231564,-0.008459129370748997,0.9733333333333334,0.026666666666666616,0.002556093
3190,199,translate,-1,0.13046762,0.29590052,0.93476623,71.798256,0.05524808,-0.049963564,0.012692032381892204,-0.011236751452088356,0.5614714424007744,0.4385285575992256,0.05524808
3191,199,polarity,-1,0.14660369,0.3324971,0.9266984,71.8389,0.0029627613,-0.013366997,0.02473711408674717,0.0008083302527666092,0.9768145161290323,0.02318548387096775,0.0029627613
3192,199,vocab,-1,0.13757671,0.31202394,0.93121195,71.839516,0.00839305,-0.03384015,0.016803942620754242,-0.007124841213226318,0.9669762641898865,0.03302373581011353,0.00839305
3193,199,cat,-1,0.3541845,0.8032903,0.8229079,71.95026,0.582731,0.45742622,4.198692321777344,4.174763537943363,0.9938335046248715,0.006166495375128478,0.582731
3194,199,shuffle,-1,0.17622164,0.3996706,0.9118893,71.808495,0.024322852,0.053806514,0.017464904114603996,-0.006463879719376564,0.7204522096608428,0.2795477903391572,0.024322852
3195,199,unrelated,162,0.79250294,1.7973963,0.6037487,71.8103,1.7926167,1.4515322,4.202791213989258,4.178862430155277,0.22024471635150167,0.7797552836484983,1.7926167
3205,200,paraphrase,-1,0.13480633,0.3057407,0.93259704,71.846306,0.0003054045,-0.0029332638,0.03637562319636345,-0.0016866661608219147,0.9820359281437125,0.017964071856287456,0.0003054045
3206,200,translate,-1,0.13519809,0.3066292,0.9324012,71.84283,0.008867203,-0.0020447671,0.030683984979987144,-0.007378304377198219,0.6372767857142857,0.3627232142857143,0.008867203
3207,200,polarity,-1,0.13652441,0.3096373,0.93173796,71.85108,0.00069959724,0.00096333027,0.03927585482597351,0.001213565468788147,0.9928486293206198,0.007151370679380209,0.00069959724
3208,200,vocab,-1,0.13419327,0.3043503,0.9329035,71.83718,0.0025658594,-0.004323691,0.03515300154685974,-0.0029092878103256226,0.986252241482367,0.01374775851763299,0.0025658594
3209,200,cat,-1,0.40314937,0.9143426,0.7984257,71.607376,0.6178886,0.6056686,4.2408905029296875,4.202828213572502,0.9964200477326969,0.0035799522673031214,0.6178886
3210,200,shuffle,-1,0.14520589,0.3293269,0.92739743,71.847534,0.032745212,0.02065292,0.06308193504810333,0.02501964569091797,0.8016726403823178,0.19832735961768222,0.032745212
3211,200,unrelated,140,0.7609875,1.7259194,0.6195064,72.06171,1.5790257,1.4172454,1.0467333793640137,1.0086710900068283,0.2890243902439024,0.7109756097560975,1.5790257
3221,201,paraphrase,-1,0.107995614,0.24493401,0.94600236,71.989655,0.00090909813,0.0037909448,0.008958563208580017,0.004229603335261345,0.9695193434935522,0.030480656506447823,0.00090909813
3222,201,translate,-1,0.104131915,0.23617114,0.94793415,71.956375,0.020714648,-0.0049719214,0.004146139603108168,-0.0005828202702105045,0.6393805309734514,0.3606194690265486,0.020714648
3223,201,polarity,-1,0.10513483,0.23844574,0.94743264,71.9941,0.0014225758,-0.0026973188,0.004230922088027,-0.0004980377852916718,0.9769585253456221,0.02304147465437789,0.0014225758
3224,201,vocab,-1,0.10454048,0.23709777,0.9477299,71.96731,0.007328125,-0.0040452927,0.0036228480748832226,-0.0011061117984354496,0.9729093050647821,0.027090694935217874,0.007328125
3225,201,cat,5,0.33409283,0.7577224,0.83295345,71.58014,0.7401012,0.51657933,0.7166649103164673,0.7119359504431486,0.982185273159145,0.017814726840855055,0.7401012
3226,201,shuffle,-1,0.10065986,0.22829652,0.94967014,71.98048,0.019787809,-0.012846544,0.006970229092985392,0.0022412692196667194,0.8204225352112676,0.17957746478873238,0.019787809
3227,201,unrelated,48,0.77247965,1.7519835,0.61376023,71.96069,1.6788452,1.5108404,9.418027877807617,9.413298917934299,0.18646776771443793,0.813532232285562,1.6788452
3237,202,paraphrase,-1,0.07071994,0.16039279,0.9646402,71.83609,0.00051922305,0.0026314706,0.01779809407889843,-0.0036318134516477585,0.9771398192450824,0.02286018075491758,0.00051922305
3238,202,translate,-1,0.071672246,0.16255262,0.96416426,71.81225,0.020386333,0.0047913045,0.025168059393763542,0.003738151863217354,0.5859683794466403,0.41403162055335974,0.020386333
3239,202,polarity,-1,0.07540531,0.1710192,0.9622978,71.865326,0.003464192,0.013257876,0.018514268100261688,-0.0029156394302845,0.9899736147757255,0.010026385224274459,0.003464192
3240,202,vocab,-1,0.072624564,0.16471247,0.9636883,71.83112,0.0020969987,0.0069511533,0.018363339826464653,-0.0030665677040815353,0.9845333333333334,0.015466666666666629,0.0020969987
3241,202,cat,2,0.49618134,1.125339,0.75190985,71.823204,0.99022615,0.9675777,6.522068500518799,6.500638592988253,0.9881847475832438,0.011815252416756183,0.99022615
3242,202,shuffle,-1,0.0806513,0.1829171,0.9596748,71.8725,0.017369416,0.025155783,0.028328794986009598,0.006898887455463409,0.7505330490405118,0.24946695095948823,0.017369416
3243,202,unrelated,232,0.65784055,1.4919821,0.6710803,72.03039,1.4128413,1.3342208,9.454500198364258,9.433070290833712,0.23497267759562843,0.7650273224043715,1.4128413
3253,203,paraphrase,-1,0.089182265,0.20226534,0.9554091,71.93034,0.000638749,-6.8709254e-05,0.0481562465429306,-0.009270429611206055,0.9803220035778175,0.019677996422182487,0.000638749
3254,203,translate,-1,0.08788417,0.19932127,0.9560585,71.935074,0.013950171,-0.0030127764,0.05677119642496109,-0.0006554797291755676,0.6589275843007186,0.3410724156992814,0.013950171
3255,203,polarity,-1,0.09364921,0.21239637,0.9531758,71.94553,0.0022639732,0.010062322,0.08102596551179886,0.0235992893576622,0.989922940130409,0.010077059869590954,0.0022639732
3256,203,vocab,-1,0.087842986,0.19922785,0.9560791,71.9119,0.003209434,-0.0031061918,0.04326244443655014,-0.014164231717586517,0.9814482345900658,0.018551765409934196,0.003209434
3257,203,cat,3,0.25777057,0.5846235,0.8711151,71.83244,0.36899576,0.38228947,2.8287718296051025,2.771345153450966,0.992831541218638,0.007168458781361964,0.36899576
3258,203,shuffle,-1,0.10773609,0.2443454,0.9461323,71.944756,0.02993441,0.04201135,0.03430229797959328,-0.02312437817454338,0.8183990442054958,0.1816009557945042,0.02993441
3259,203,unrelated,12,0.7562451,1.7151635,0.6218778,72.107155,1.6077834,1.5128294,9.908611297607422,9.851184621453285,0.28936170212765955,0.7106382978723405,1.6077834
3269,204,paraphrase,-1,0.10349313,0.23472238,0.9482539,71.875046,0.00022869006,0.0012228489,0.013194844126701355,0.00017361901700496674,0.9743309666848716,0.025669033315128376,0.00022869006
3270,204,translate,-1,0.11278226,0.2557901,0.94360906,71.85719,0.0130280815,0.022290587,0.011134100146591663,-0.0018871249631047249,0.6100823045267489,0.38991769547325106,0.0130280815
3271,204,polarity,-1,0.10206302,0.23147888,0.94896907,71.883,0.0015378769,-0.0020206422,0.012851756066083908,-0.00016946904361248016,0.9854290339989207,0.014570966001079322,0.0015378769
3272,204,vocab,-1,0.122016765,0.27673396,0.9389921,71.8661,0.013681676,0.043234438,0.015545018948614597,0.002523793838918209,0.9769230769230769,0.023076923076923106,0.013681676
3273,204,cat,4,0.4936563,1.1196123,0.75317234,71.82865,0.9499749,0.8861128,2.080702066421509,2.0676808413118124,0.980110497237569,0.019889502762430955,0.9499749
3274,204,shuffle,-1,0.15690061,0.35585052,0.92155033,71.627556,0.12911296,0.12235099,0.024950172752141953,0.011928947642445564,0.5169398907103825,0.4830601092896175,0.12911296
3275,204,unrelated,119,0.7960454,1.8054307,0.6019777,72.35489,1.6498313,1.5719311,1.8429865837097168,1.8299653586000204,0.26555555555555554,0.7344444444444445,1.6498313
3285,205,paraphrase,-1,0.045187943,0.10248623,0.97740614,72.05105,0.0004954985,0.0020835847,0.0015128558734431863,-4.5646331273019314e-05,0.9671309192200557,0.032869080779944326,0.0004954985
3286,205,translate,-1,0.04768916,0.10815899,0.9761555,72.0645,0.013343923,0.007756345,0.0021792545448988676,0.000620752340182662,0.6816050026055237,0.3183949973944763,0.013343923
3287,205,polarity,-1,0.04430854,0.10049175,0.97784597,72.07077,0.0025512031,8.910149e-05,0.0017112288624048233,0.0001527266576886177,0.9770742358078602,0.022925764192139764,0.0025512031
3288,205,vocab,-1,0.047214456,0.10708237,0.97639316,72.05059,0.0032296414,0.006679721,0.0016760998405516148,0.00011759763583540916,0.9688195991091314,0.031180400890868598,0.0032296414
3289,205,cat,-1,0.33433765,0.75827765,0.83283144,72.10631,0.6581542,0.657875,3.6071670055389404,3.6056085033342242,0.9966666666666667,0.0033333333333332993,0.6581542
3290,205,shuffle,-1,0.046877142,0.106317334,0.9765617,72.03137,0.012518715,0.005914688,0.0016205989522859454,6.209674756973982e-05,0.8209121245828699,0.17908787541713012,0.012518715
3291,205,unrelated,79,0.74541837,1.6906085,0.6272909,72.34178,1.617463,1.5902059,12.28921127319336,12.287652770988643,0.18213058419243985,0.8178694158075601,1.617463
3301,206,paraphrase,-1,0.061487246,0.13945305,0.9692567,71.90188,0.00024057242,-0.0011091083,0.010198848322033882,0.0007536988705396652,0.980561555075594,0.01943844492440605,0.00024057242
3302,206,translate,-1,0.06151251,0.13951035,0.9692441,71.90182,0.004448674,-0.0010518134,0.010225595906376839,0.0007804464548826218,0.6563626996393611,0.3436373003606389,0.004448674
3303,206,polarity,-1,0.061519187,0.13952549,0.96924067,71.90657,0.0008257982,-0.0010366738,0.0096148531883955,0.00016970373690128326,0.9856153436334576,0.014384656366542403,0.0008257982
3304,206,vocab,-1,0.06185934,0.14029695,0.9690706,71.87209,0.0019906396,-0.00026521087,0.009658318012952805,0.00021316856145858765,0.9768941429339065,0.02310585706609347,0.0019906396
3305,206,cat,3,0.47707334,1.0820022,0.7614635,71.71247,0.96379286,0.94144,2.7627992630004883,2.753354113548994,0.9836601307189542,0.016339869281045805,0.96379286
3306,206,shuffle,-1,0.06652542,0.15087962,0.96673757,71.92465,0.020202415,0.01031746,0.008803602308034897,-0.0006415471434593201,0.7896440129449838,0.21035598705501624,0.020202415
3307,206,unrelated,83,0.676247,1.5337279,0.661877,72.01134,1.4822184,1.3931657,5.895927906036377,5.886482756584883,0.13348545350827154,0.8665145464917284,1.4822184
3317,207,paraphrase,-1,0.062662125,0.14211766,0.96866906,72.08927,0.00034430198,0.0048137754,0.018077265471220016,0.00016516447067260742,0.9702857142857143,0.029714285714285693,0.00034430198
3318,207,translate,-1,0.06810981,0.15447302,0.9659449,72.08443,0.009156787,0.017169133,0.020431049168109894,0.0025189481675624847,0.671118530884808,0.328881469115192,0.009156787
3319,207,polarity,-1,0.06738631,0.15283212,0.9663071,72.07938,0.003564636,0.015528232,0.02473435550928116,0.006822254508733749,0.9820224719101124,0.017977528089887618,0.003564636
3320,207,vocab,-1,0.061498344,0.13947822,0.96925104,72.08815,0.0018392933,0.0021743327,0.01951691135764122,0.001604810357093811,0.9691780821917808,0.03082191780821919,0.0018392933
3321,207,cat,2,0.550576,1.2487061,0.7247123,71.905235,1.1371496,1.1114023,4.479842185974121,4.461930084973574,0.9885057471264368,0.011494252873563204,1.1371496
3322,207,shuffle,-1,0.06253455,0.14182833,0.96873295,72.083916,0.0013432064,0.0045244396,0.018398351967334747,0.00048625096678733826,0.8047945205479452,0.1952054794520548,0.0013432064
3323,207,unrelated,126,0.8182502,1.8557911,0.5908751,72.19012,1.8078564,1.7184873,8.22152042388916,8.203608322888613,0.11276733635774465,0.8872326636422554,1.8078564
3333,208,paraphrase,-1,0.057141922,0.12959786,0.9714296,71.9453,0.00028663268,-0.0006863773,0.09059306979179382,-0.0003824681043624878,0.9850415512465374,0.014958448753462639,0.00028663268
3334,208,translate,-1,0.062246628,0.14117533,0.9688769,71.9148,0.0069767334,0.010891095,0.08120239526033401,-0.009773142635822296,0.7273684210526316,0.27263157894736845,0.0069767334
3335,208,polarity,-1,0.05537327,0.12558655,0.9723138,71.94076,0.001779603,-0.0046976805,0.08897388726472855,-0.002001650631427765,0.9911991199119912,0.008800880088008833,0.001779603
3336,208,vocab,-1,0.059753813,0.13552162,0.9701234,71.93927,0.0013012955,0.0052373856,0.09080851078033447,-0.00016702711582183838,0.9927737632017788,0.007226236798221208,0.0013012955
3337,208,cat,4,0.46052456,1.0444695,0.7697378,71.68579,0.87598896,0.9141852,7.8463029861450195,7.755327448248863,0.9821826280623608,0.017817371937639215,0.87598896
3338,208,shuffle,-1,0.06869314,0.155796,0.96565354,71.89027,0.033623785,0.025511771,0.0763765424489975,-0.014598995447158813,0.5931263858093127,0.40687361419068735,0.033623785
3339,208,unrelated,9,0.78132653,1.7720482,0.609337,71.73064,1.5992185,1.641764,4.574761390686035,4.483785852789879,0.22048192771084338,0.7795180722891566,1.5992185
3349,209,paraphrase,-1,0.061037976,0.1384341,0.9694814,72.110634,0.00025518786,-0.00050088763,0.0053271823562681675,8.245185017585754e-05,0.9779367918902803,0.022063208109719734,0.00025518786
3350,209,translate,-1,0.07422499,0.16834225,0.962888,72.07477,0.014457221,0.029407263,0.006289798766374588,0.001045068260282278,0.5560344827586207,0.44396551724137934,0.014457221
3351,209,polarity,-1,0.061580636,0.13966486,0.96921,72.10431,0.0006306309,0.0007298738,0.005426296964287758,0.00018156645819544792,0.9858989424206815,0.014101057579318454,0.0006306309
3352,209,vocab,-1,0.06390568,0.14493805,0.9680478,72.11507,0.003210482,0.006003067,0.0047786603681743145,-0.00046607013791799545,0.9720071471113758,0.027992852888624187,0.003210482
3353,209,cat,2,0.35239938,0.79924166,0.82380074,71.961044,0.71335894,0.6603067,0.7276239991188049,0.7223792686127126,0.9928656361474435,0.007134363852556502,0.71335894
3354,209,shuffle,-1,0.063956484,0.14505328,0.9680221,72.11029,0.0036287212,0.0061182976,0.005715625826269388,0.00047089532017707825,0.83115338882283,0.16884661117717004,0.0036287212
3355,209,unrelated,248,0.72411793,1.6422992,0.63794154,71.99217,1.4833306,1.5033642,13.174951553344727,13.169706822838634,0.20641711229946524,0.7935828877005348,1.4833306
3365,210,paraphrase,-1,0.036950346,0.08380337,0.98152506,71.87147,0.00048733663,0.0011039823,0.01666143536567688,0.0002567693591117859,0.9748358862144421,0.02516411378555794,0.00048733663
3366,210,translate,-1,0.041051332,0.0931044,0.97947454,71.86106,0.014261182,0.0104050115,0.017194852232933044,0.0007901862263679504,0.6531645569620254,0.34683544303797464,0.014261182
3367,210,polarity,-1,0.037085414,0.0841097,0.98145735,71.863556,0.0022996375,0.001410313,0.016676805913448334,0.00027213990688323975,0.9775401069518717,0.022459893048128343,0.0022996375
3368,210,vocab,-1,0.038159616,0.086546,0.98092043,71.8543,0.0031116386,0.003846608,0.01639939844608307,-5.2675604820251465e-06,0.9693318729463308,0.03066812705366917,0.0031116386
3369,210,cat,-1,0.34891883,0.79134774,0.8255408,71.89651,0.7399887,0.7086483,2.7162623405456543,2.699857674539089,0.9901639344262295,0.00983606557377048,0.7399887
3370,210,shuffle,-1,0.046048976,0.10443906,0.9769757,71.85215,0.019740045,0.02173967,0.012773841619491577,-0.003630824387073517,0.5838779956427015,0.4161220043572985,0.019740045
3371,210,unrelated,193,0.7276007,1.6501981,0.6361999,71.87204,1.6108539,1.5674987,5.458571434020996,5.442166768014431,0.17972602739726026,0.8202739726027397,1.6108539
3381,211,paraphrase,-1,0.23159747,0.52526295,0.8842016,72.152504,0.000450115,-0.0006955266,0.9977568984031677,-0.010561525821685791,0.9794897448724362,0.02051025512756377,0.000450115
3382,211,translate,-1,0.24128392,0.54723185,0.8793582,72.12503,0.018511692,0.021273375,0.9456127285957336,-0.06270569562911987,0.7127862595419847,0.2872137404580153,0.018511692
3383,211,polarity,-1,0.24223173,0.54938143,0.878884,72.155525,0.0045219734,0.023422956,1.1227467060089111,0.11442828178405762,0.9861796643632774,0.01382033563672258,0.0045219734
3384,211,vocab,-1,0.23659304,0.5365929,0.88170385,72.154686,0.0025082454,0.010634422,1.0735505819320679,0.06523215770721436,0.98,0.020000000000000018,0.0025082454
3385,211,cat,4,0.54791886,1.2426797,0.7260406,71.87217,0.92466533,0.71672124,4.372800350189209,3.3644819259643555,0.9818365287588294,0.01816347124117057,0.92466533
3386,211,shuffle,-1,0.22788243,0.51683724,0.8860591,72.14225,0.005595702,-0.009121239,0.8691110610961914,-0.1392073631286621,0.8761238761238761,0.1238761238761239,0.005595702
3387,211,unrelated,154,1.016825,2.3061585,0.49158767,71.60874,2.0466123,1.7802,7.978703498840332,6.9703850746154785,0.2532705389848247,0.7467294610151753,2.0466123
3397,212,paraphrase,-1,0.10636063,0.24122585,0.9468198,72.364586,0.00046043837,0.0010453612,0.03083580546081066,-0.008150408044457436,0.9681742043551089,0.031825795644891075,0.00046043837
3398,212,translate,-1,0.11063437,0.25091872,0.9446831,72.32725,0.014416962,0.010738224,0.05171748995780945,0.012731276452541351,0.5698492462311557,0.43015075376884426,0.014416962
3399,212,polarity,-1,0.10769759,0.24425809,0.9461516,72.381905,0.0029782073,0.0040775985,0.04475286975502968,0.005766656249761581,0.9780701754385965,0.021929824561403466,0.0029782073
3400,212,vocab,-1,0.11503422,0.26089758,0.9424831,72.34019,0.011105492,0.020717084,0.052292950451374054,0.013306736946105957,0.970241437394722,0.029758562605277983,0.011105492
3401,212,cat,-1,0.63558805,1.4415134,0.6822063,72.056046,1.3308547,1.2013329,7.146725177764893,7.1077389642596245,0.9882484611080022,0.01175153889199776,1.3308547
3402,212,shuffle,-1,0.11810917,0.26787153,0.9409456,72.293724,0.04161335,0.027691036,0.05364712327718735,0.01466090977191925,0.5631284916201117,0.4368715083798883,0.04161335
3403,212,unrelated,143,1.0101974,2.2911272,0.49490178,72.01991,2.118717,2.0509467,11.419729232788086,11.380743019282818,0.17885264341957255,0.8211473565804275,2.118717
3413,213,paraphrase,-1,0.12512542,0.2837844,0.93743783,72.27076,0.0006265843,-0.0037955642,5.969319317955524e-05,-4.601478576660156e-05,0.9818181818181818,0.018181818181818188,0.0006265843
3414,213,translate,-1,0.11988928,0.27190885,0.9400556,72.20806,0.022942979,-0.015671104,0.0002276131126563996,0.00012190513371024281,0.6449546182594768,0.35504538174052325,0.022942979
3415,213,polarity,-1,0.12600341,0.2857757,0.93699884,72.2723,0.0012093908,-0.0018042624,6.214663153514266e-05,-4.356134741101414e-05,0.9866975130133024,0.01330248698669756,0.0012093908
3416,213,vocab,-1,0.13378054,0.3034142,0.9331101,72.25412,0.010213715,0.015834242,4.258889384800568e-05,-6.311908509815112e-05,0.9830310122878877,0.016968987712112305,0.010213715
3417,213,cat,-1,0.4902215,1.1118221,0.7548897,71.875374,0.98233426,0.8242422,5.87048864364624,5.870382935667294,0.9893992932862191,0.010600706713780883,0.98233426
3418,213,shuffle,-1,0.13510948,0.30642825,0.93244547,72.17532,0.04044829,0.0188483,0.00012232792505528778,1.661994610913098e-05,0.6116959064327485,0.3883040935672515,0.04044829
3419,213,unrelated,124,1.091963,2.4765718,0.45401904,72.06993,2.472034,2.1889918,10.762880325317383,10.762774617338437,0.23845704266510812,0.7615429573348919,2.472034
3429,214,paraphrase,-1,0.06789595,0.15398799,0.9660523,71.93383,0.0004178393,0.0012614131,0.011501658707857132,0.003095933236181736,0.972636815920398,0.027363184079602032,0.0004178393
3430,214,translate,-1,0.074026056,0.16789106,0.96298724,71.89751,0.010122165,0.01516448,0.010462047532200813,0.0020563220605254173,0.5438898450946644,0.4561101549053356,0.010122165
3431,214,polarity,-1,0.067003734,0.15196444,0.9664984,71.92302,0.0023644578,-0.0007621348,0.011321252211928368,0.0029155267402529716,0.9768856447688564,0.02311435523114358,0.0023644578
3432,214,vocab,-1,0.072009586,0.16331771,0.96399546,71.92417,0.0042139604,0.010591134,0.01147378422319889,0.0030680587515234947,0.9671419714817111,0.032858028518288895,0.0042139604
3433,214,cat,2,0.41571307,0.94283706,0.7921438,71.80257,0.79738885,0.79011047,1.3289393186569214,1.320533593185246,0.9925373134328358,0.007462686567164201,0.79738885
3434,214,shuffle,-1,0.07404418,0.16793217,0.96297824,71.93403,0.010078236,0.015205592,0.018951673060655594,0.010545947588980198,0.771712158808933,0.22828784119106704,0.010078236
3435,214,unrelated,135,0.876657,1.9882578,0.5616717,72.13319,1.8831762,1.8355312,7.28201150894165,7.273605783469975,0.29823562891291977,0.7017643710870802,1.8831762
3445,215,paraphrase,-1,0.14573772,0.3305331,0.92713135,71.94408,0.0010728693,-0.00053715706,0.035766612738370895,-0.00033167749643325806,0.9795479009687836,0.020452099031216364,0.0010728693
3446,215,translate,-1,0.15259169,0.3460779,0.92370427,71.92552,0.020781152,0.015007645,0.03935918211936951,0.0032608918845653534,0.6058823529411764,0.3941176470588236,0.020781152
3447,215,polarity,-1,0.14511947,0.3291309,0.92744035,71.94773,0.0010438022,-0.0019393563,0.04658352583646774,0.01048523560166359,0.9872340425531915,0.012765957446808529,0.0010438022
3448,215,vocab,-1,0.145087,0.32905725,0.9274568,71.93243,0.0018146804,-0.0020129979,0.034041859209537506,-0.0020564310252666473,0.974635725849973,0.025364274150026955,0.0018146804
3449,215,cat,-1,0.47109264,1.0684379,0.76445407,72.04823,0.81486213,0.7373677,1.7608977556228638,1.7247994653880596,0.9935414424111948,0.006458557588805203,0.81486213
3450,215,shuffle,-1,0.16638814,0.3773682,0.9168061,71.96783,0.05637439,0.046297967,0.02230830304324627,-0.013789987191557884,0.5780409041980624,0.4219590958019376,0.05637439
3451,215,unrelated,220,0.6649586,1.5081258,0.66752094,71.87914,1.2383661,1.1770556,2.1906728744506836,2.1545745842158794,0.25671321160042965,0.7432867883995704,1.2383661
3461,216,paraphrase,-1,0.06939522,0.15738833,0.96530294,71.79866,0.00062101753,-0.0021850616,0.005708102136850357,-2.852547913789749e-05,0.9791044776119403,0.020895522388059695,0.00062101753
3462,216,translate,-1,0.09388062,0.21292122,0.95306015,71.76062,0.024036815,0.053347826,0.007357546128332615,0.0016209185123443604,0.5792522380200106,0.4207477619799894,0.024036815
3463,216,polarity,-1,0.07848857,0.17801204,0.96075594,71.79488,0.0040008896,0.018438652,0.006089308299124241,0.00035268068313598633,0.9741784037558685,0.025821596244131495,0.0040008896
3464,216,vocab,-1,0.07509459,0.17031449,0.9624529,71.795616,0.0031340255,0.0107411,0.00624936493113637,0.0005127373151481152,0.9892215568862276,0.010778443113772407,0.0031340255
3465,216,cat,2,0.49359888,1.119482,0.75320077,71.83344,0.98485905,0.95990866,2.162280559539795,2.1565439319238067,0.9916067146282974,0.008393285371702586,0.98485905
3466,216,shuffle,-1,0.09128676,0.20703834,0.954357,71.76568,0.024770984,0.047464952,0.006952083669602871,0.0012154560536146164,0.807185628742515,0.19281437125748502,0.024770984
3467,216,unrelated,243,0.8832146,2.0031302,0.55839294,72.10323,1.9673631,1.8435568,7.463222503662109,7.457485876046121,0.2262390670553936,0.7737609329446065,1.9673631
3477,217,paraphrase,-1,0.05874172,0.13322619,0.9706293,71.98209,0.00022222886,0.00049699843,0.06477301567792892,0.0006487518548965454,0.9754145225843339,0.02458547741566608,0.00022222886
3478,217,translate,-1,0.06776192,0.153684,0.96611917,71.955666,0.009834576,0.020954818,0.07966064661741257,0.015536382794380188,0.6164529914529915,0.3835470085470085,0.009834576
3479,217,polarity,-1,0.061524738,0.13953808,0.96923774,72.00391,0.0029614833,0.006808892,0.0713668018579483,0.007242538034915924,0.9853603603603603,0.014639639639639657,0.0029614833
3480,217,vocab,-1,0.058765076,0.13327916,0.9706176,71.97827,0.0019182856,0.00054997206,0.06277956068515778,-0.0013447031378746033,0.9777015437392796,0.022298456260720356,0.0019182856
3481,217,cat,3,0.35242587,0.79930174,0.82378715,71.84764,0.6540983,0.6665726,8.987571716308594,8.923447452485561,0.9862700228832952,0.013729977116704761,0.6540983
3482,217,shuffle,-1,0.06045582,0.13711378,0.96977234,72.00387,0.02198684,0.004384592,0.04556748643517494,-0.018556777387857437,0.5632839224629419,0.4367160775370581,0.02198684
3483,217,unrelated,228,0.8253023,1.8717853,0.58734906,71.83927,1.72589,1.7390561,9.271944999694824,9.207820735871792,0.28706438275251034,0.7129356172474897,1.72589
3493,218,paraphrase,-1,0.10210335,0.23157036,0.94894886,72.01995,0.0006851123,-0.0019278973,0.04105124995112419,-0.0075995661318302155,0.9753298909925416,0.024670109007458363,0.0006851123
3494,218,translate,-1,0.10541014,0.23907015,0.9472954,71.970276,0.012374694,0.005571887,0.039356529712677,-0.009294286370277405,0.5110767645543535,0.48892323544564653,0.012374694
3495,218,polarity,-1,0.1025391,0.23255864,0.94873095,72.02673,0.0020282231,-0.0009396225,0.048898838460445404,0.0002480223774909973,0.9791549295774647,0.02084507042253525,0.0020282231
3496,218,vocab,-1,0.098431446,0.22324248,0.9507843,72.011566,0.010179077,-0.010255784,0.03424595668911934,-0.014404859393835068,0.9822145725760184,0.017785427423981592,0.010179077
3497,218,cat,-1,0.36330009,0.8239644,0.8183505,72.07751,0.6651293,0.59046614,4.760398864746094,4.711748048663139,0.9931192660550459,0.006880733944954143,0.6651293
3498,218,shuffle,-1,0.12637505,0.28661856,0.9368127,71.931206,0.036470983,0.0531203,0.06214086711406708,0.013490051031112671,0.5711009174311926,0.4288990825688074,0.036470983
3499,218,unrelated,66,0.89268446,2.024608,0.553658,72.165825,1.9109538,1.7911097,9.808577537536621,9.759926721453667,0.19935344827586207,0.8006465517241379,1.9109538
3509,219,paraphrase,-1,0.121252954,0.27500165,0.93937355,71.82062,0.00062225,-0.0050617456,0.018608862534165382,-0.0026340652257204056,0.9836956521739131,0.016304347826086918,0.00062225
3510,219,translate,-1,0.12521605,0.28398994,0.9373919,71.82985,0.012315708,0.0039265454,0.017963014543056488,-0.0032799132168293,0.6728682170542636,0.3271317829457364,0.012315708
3511,219,polarity,-1,0.123410426,0.2798948,0.93829465,71.84331,0.004985536,-0.00016859174,0.021234668791294098,-8.258968591690063e-06,0.9850107066381156,0.01498929336188437,0.004985536
3512,219,vocab,-1,0.12162112,0.27583665,0.9391894,71.82621,0.004509484,-0.004226744,0.028655216097831726,0.007412288337945938,0.9831062670299727,0.016893732970027275,0.004509484
3513,219,cat,-1,0.39695624,0.90029657,0.8015219,71.85048,0.7163427,0.6202332,10.239557266235352,10.218314338475466,0.991878722252301,0.008121277747698996,0.7163427
3514,219,shuffle,-1,0.124115445,0.28149378,0.93794227,71.81577,0.0032735115,0.0014303923,0.020848527550697327,-0.0003944002091884613,0.8210412147505423,0.17895878524945774,0.0032735115
3515,219,unrelated,16,0.79086083,1.793672,0.6045699,72.08029,1.6615561,1.5136086,4.058249473571777,4.0370065458118916,0.23745819397993312,0.7625418060200668,1.6615561
3525,220,paraphrase,-1,0.060448874,0.13709801,0.96977574,71.88037,0.0010288506,0.0035065264,0.013047371059656143,0.004023187793791294,0.9807486631016042,0.019251336898395754,0.0010288506
3526,220,translate,-1,0.060408123,0.1370056,0.9697961,71.866035,0.007598272,0.0034141093,0.014179439283907413,0.005155256018042564,0.6593186372745491,0.3406813627254509,0.007598272
3527,220,polarity,-1,0.05784139,0.13118425,0.97107947,71.889946,0.0012043626,-0.002407238,0.00914758536964655,0.00012340210378170013,0.9841269841269841,0.015873015873015928,0.0012043626
3528,220,vocab,-1,0.057635494,0.13071728,0.97118247,71.86769,0.0043010064,-0.0028742105,0.009607166983187199,0.0005829837173223495,0.9882352941176471,0.0117647058823529,0.0043010064
3529,220,cat,-1,0.42621058,0.9666454,0.78689486,71.78023,0.8549383,0.83305395,5.660676002502441,5.651651819236577,0.9919484702093397,0.008051529790660261,0.8549383
3530,220,shuffle,-1,0.071127415,0.16131695,0.96443653,71.87889,0.023349687,0.027725458,0.013644302263855934,0.004620118997991085,0.7277599142550911,0.2722400857449089,0.023349687
3531,220,unrelated,239,0.72993624,1.655495,0.63503194,72.25031,1.6129193,1.5219035,5.703919410705566,5.694895227439702,0.21070615034168566,0.7892938496583144,1.6129193
3541,221,paraphrase,-1,0.11679099,0.2648819,0.9416047,71.93766,0.00037225423,-0.00014194846,0.07347947359085083,-0.01040785014629364,0.9753231492361927,0.024676850763807323,0.00037225423
3542,221,translate,-1,0.123475075,0.28004143,0.9382625,71.94117,0.0072378325,0.015017569,0.10224705934524536,0.01835973560810089,0.6550561797752809,0.34494382022471914,0.0072378325
3543,221,polarity,-1,0.12135817,0.27524027,0.9393212,71.93988,0.0027435336,0.010216415,0.09871506690979004,0.014827743172645569,0.9871645274212368,0.012835472578763163,0.0027435336
3544,221,vocab,-1,0.11675914,0.26480967,0.9416205,71.94682,0.0013987758,-0.00021418929,0.08323799073696136,-0.0006493330001831055,0.9805539186800236,0.019446081319976383,0.0013987758
3545,221,cat,3,0.43449602,0.9854368,0.7827519,71.79457,0.7281808,0.72041297,1.852243423461914,1.7683560997247696,0.9893111638954869,0.0106888361045131,0.7281808
3546,221,shuffle,-1,0.13857347,0.31428456,0.93071353,71.95062,0.038568664,0.049260706,0.10498102009296417,0.021093696355819702,0.5790094339622641,0.4209905660377359,0.038568664
3547,221,unrelated,42,0.77216995,1.7512811,0.6139152,72.01184,1.5530814,1.4862573,7.439633369445801,7.355746045708656,0.18069584736251404,0.819304152637486,1.5530814
3557,222,paraphrase,-1,0.08439876,0.19141635,0.95780075,72.021805,0.0005597148,0.00063598156,0.019097227603197098,0.0008393581956624985,0.9766718506998445,0.023328149300155476,0.0005597148
3558,222,translate,-1,0.08602437,0.19510323,0.9569878,71.99154,0.0112423375,0.0043228567,0.018578186631202698,0.00032031722366809845,0.5344168260038241,0.4655831739961759,0.0112423375
3559,222,polarity,-1,0.084839076,0.19241498,0.95758045,72.02686,0.0011580095,0.0016346127,0.01914653182029724,0.0008886624127626419,0.9840780688238315,0.01592193117616847,0.0011580095
3560,222,vocab,-1,0.084354185,0.19131525,0.957823,72.010605,0.0017101035,0.0005348772,0.018560994416475296,0.0003031250089406967,0.9817803227485684,0.018219677251431587,0.0017101035
3561,222,cat,-1,0.37795737,0.8572072,0.81102145,71.99776,0.66901207,0.6664268,4.908149242401123,4.8898913729935884,0.9979231568016614,0.0020768431983385627,0.66901207
3562,222,shuffle,-1,0.09028371,0.20476341,0.9548582,71.993034,0.0164023,0.013983041,0.021799322217702866,0.0035414528101682663,0.8054110301768991,0.19458896982310092,0.0164023
3563,222,unrelated,11,0.77009976,1.746586,0.61495036,72.16564,1.6903187,1.5558056,7.202023983001709,7.183766113594174,0.2381489841986456,0.7618510158013544,1.6903187
3573,223,paraphrase,-1,0.06919058,0.1569242,0.96540487,71.95778,0.0013032615,-0.0017489344,0.014293953776359558,-0.0004800744354724884,0.9664502164502164,0.03354978354978355,0.0013032615
3574,223,translate,-1,0.073303446,0.16625218,0.9633484,72.01168,0.011227294,0.0075790435,0.0364474281668663,0.021673399955034256,0.6606243705941591,0.3393756294058409,0.011227294
3575,223,polarity,-1,0.071109384,0.16127606,0.96444553,71.98553,0.0033497792,0.00260292,0.015568722039461136,0.0007946938276290894,0.9777306468716861,0.022269353128313907,0.0033497792
3576,223,vocab,-1,0.07158899,0.1623638,0.96420556,71.96083,0.001451276,0.00369066,0.019123606383800507,0.00434957817196846,0.974025974025974,0.025974025974025983,0.001451276
3577,223,cat,4,0.2871262,0.65120214,0.85643715,71.852806,0.47640553,0.492529,6.094862461090088,6.080088432878256,0.9935275080906149,0.006472491909385147,0.47640553
3578,223,shuffle,-1,0.07174441,0.1627163,0.964128,71.95614,0.01343459,0.004043162,0.01359570026397705,-0.0011783279478549957,0.7978378378378378,0.2021621621621622,0.01343459
3579,223,unrelated,237,0.80634403,1.8287879,0.5968284,72.016785,1.7363434,1.6701148,7.332170009613037,7.317395981401205,0.18845950238221282,0.8115404976177871,1.7363434
3589,224,paraphrase,-1,0.12495077,0.2833883,0.937525,72.12574,0.0006639729,-0.0011093915,0.0011446590069681406,-0.0028139364439994097,0.9848293299620733,0.015170670037926715,0.0006639729
3590,224,translate,-1,0.12086127,0.2741133,0.9395698,72.11109,0.015126605,-0.010384381,0.0022688801400363445,-0.0016897153109312057,0.6693594922100404,0.33064050778995957,0.015126605
3591,224,polarity,-1,0.120872594,0.274139,0.93956393,72.11644,0.0062823286,-0.010358691,0.0015204184455797076,-0.0024381770053878427,0.986318407960199,0.013681592039801016,0.0062823286
3592,224,vocab,-1,0.124902725,0.28327933,0.93754894,72.10129,0.006847633,-0.0012183487,0.0015056543052196503,-0.0024529411457479,0.9835858585858586,0.016414141414141437,0.006847633
3593,224,cat,-1,0.49203482,1.1159347,0.7539828,72.06551,0.80922014,0.83143705,3.0232486724853516,3.019290077034384,0.989937106918239,0.010062893081761004,0.80922014
3594,224,shuffle,-1,0.122230515,0.27721876,0.9388851,72.037926,0.102597155,-0.007278919,0.0011997006367892027,-0.0027588948141783476,0.7962264150943397,0.20377358490566033,0.102597155
3595,224,unrelated,169,0.7396456,1.6775159,0.63017756,71.84538,1.4951442,1.3930182,0.029705053195357323,0.025746457744389772,0.279322853688029,0.720677146311971,1.4951442
3605,225,paraphrase,-1,0.10939799,0.2481146,0.9453012,72.0613,0.00048548673,-0.001958385,0.016289489343762398,-0.0036262962967157364,0.9838337182448037,0.0161662817551963,0.00048548673
3606,225,translate,-1,0.11839046,0.2685095,0.9408051,72.033554,0.013095284,0.018436521,0.013556341640651226,-0.006359443999826908,0.6117775354416576,0.3882224645583424,0.013095284
3607,225,polarity,-1,0.110341296,0.250254,0.9448297,72.05175,0.00040764114,0.0001810193,0.019826950505375862,-8.883513510227203e-05,0.9897025171624714,0.010297482837528626,0.00040764114
3608,225,vocab,-1,0.11010623,0.24972089,0.9449473,72.05557,0.0006848971,-0.00035209954,0.019278498366475105,-0.0006372872740030289,0.9809358752166378,0.01906412478336217,0.0006848971
3609,225,cat,-1,0.46570468,1.056218,0.7671477,72.070946,0.86386096,0.8061451,1.3724713325500488,1.3525555469095707,0.986046511627907,0.013953488372092981,0.86386096
3610,225,shuffle,-1,0.112834595,0.25590882,0.94358313,72.044815,0.0019208636,0.005835831,0.021506700664758682,0.001590915024280548,0.8071593533487298,0.1928406466512702,0.0019208636
3611,225,unrelated,197,0.7949732,1.8029989,0.60251373,72.01452,1.6517813,1.552926,1.218550443649292,1.1986346580088139,0.1309255079006772,0.8690744920993227,1.6517813
3621,226,paraphrase,-1,0.12939152,0.29345992,0.9353047,72.43663,0.00063516677,-0.00015628338,0.1381596326828003,-0.009988799691200256,0.9715560513106526,0.02844394868934741,0.00063516677
3622,226,translate,-1,0.13906929,0.3154091,0.93046576,72.41205,0.01960183,0.021792889,0.041293125599622726,-0.10685530677437782,0.6708595387840671,0.3291404612159329,0.01960183
3623,226,polarity,-1,0.1329716,0.30157954,0.9335147,72.423645,0.0025619923,0.00796333,0.12255728989839554,-0.02559114247560501,0.9802414928649835,0.01975850713501648,0.0025619923
3624,226,vocab,-1,0.13952547,0.3164437,0.9302377,72.44632,0.011921405,0.022827506,0.1822025030851364,0.034054070711135864,0.9826524902070509,0.01734750979294908,0.011921405
3625,226,cat,3,0.8000823,1.8145864,0.59995925,71.73212,1.5001035,1.5209702,2.4576687812805176,2.309520348906517,0.9848058525604952,0.015194147439504757,1.5001035
3626,226,shuffle,-1,0.15492906,0.35137904,0.92253584,72.45459,0.029041791,0.05776283,0.06596061587333679,-0.08218781650066376,0.8482142857142857,0.1517857142857143,0.029041791
3627,226,unrelated,107,1.3378454,3.0342329,0.3310777,71.872116,2.7660046,2.7406166,3.490788221359253,3.3426397889852524,0.25551158846806105,0.744488411531939,2.7660046
3637,227,paraphrase,-1,0.12350557,0.28011057,0.9382476,71.97117,0.0012159308,-0.00027403235,0.047724004834890366,-0.003968741744756699,0.9682631275245239,0.031736872475476074,0.0012159308
3638,227,translate,-1,0.13937062,0.3160925,0.930315,71.973175,0.027997302,0.03570789,0.03868172690272331,-0.013011019676923752,0.6108374384236454,0.38916256157635465,0.027997302
3639,227,polarity,-1,0.12220041,0.27715048,0.93890005,71.967,0.0036860756,-0.0032341182,0.047034963965415955,-0.00465778261423111,0.9785553047404063,0.021444695259593693,0.0036860756
3640,227,vocab,-1,0.12851992,0.29148313,0.93574023,71.98998,0.0057938294,0.011098534,0.05412478744983673,0.0024320408701896667,0.9815880322209436,0.018411967779056404,0.0057938294
3641,227,cat,4,0.39509648,0.89607865,0.8024521,71.950165,0.68458223,0.61569405,10.152881622314453,10.101188875734806,0.9908045977011494,0.00919540229885063,0.68458223
3642,227,shuffle,-1,0.1547681,0.35101396,0.9226161,71.90684,0.0628066,0.07062936,0.053871624171733856,0.002178877592086792,0.7770114942528735,0.22298850574712648,0.0628066
3643,227,unrelated,234,0.77380145,1.7549813,0.6130996,72.05628,1.5884149,1.4745967,15.280000686645508,15.22830794006586,0.252129471890971,0.747870528109029,1.5884149
3653,228,paraphrase,-1,0.07270034,0.16488433,0.96365005,71.83354,0.0008037118,0.001951769,0.1585564911365509,0.0116233229637146,0.9717791411042945,0.02822085889570547,0.0008037118
3654,228,translate,-1,0.073478736,0.16664974,0.9632608,71.837906,0.010217559,0.003717184,0.13331404328346252,-0.01361912488937378,0.5498052309404563,0.4501947690595437,0.010217559
3655,228,polarity,-1,0.07243419,0.1642807,0.9637833,71.8477,0.0031709743,0.0013481379,0.14744997024536133,0.0005168020725250244,0.9771359807460891,0.022864019253910906,0.0031709743
3656,228,vocab,-1,0.0719261,0.16312836,0.964037,71.83224,0.0041283434,0.00019580126,0.14622262120246887,-0.0007105469703674316,0.9778869778869779,0.02211302211302213,0.0041283434
3657,228,cat,-1,0.3383775,0.76744,0.8308114,71.7237,0.5524266,0.60450745,4.088104248046875,3.9411710798740387,0.9926289926289926,0.0073710073710073765,0.5524266
3658,228,shuffle,-1,0.07344819,0.16658045,0.96327627,71.84868,0.0025527976,0.0036478937,0.14797773957252502,0.0010445713996887207,0.8174019607843137,0.1825980392156863,0.0025527976
3659,228,unrelated,179,0.7249616,1.6442125,0.6375196,72.03771,1.4515194,1.48128,2.4001240730285645,2.253190904855728,0.265993265993266,0.734006734006734,1.4515194
3669,229,paraphrase,-1,0.09654331,0.2189602,0.95172864,71.90796,0.00051621546,0.0028479695,0.04086168482899666,0.0010265260934829712,0.9743589743589743,0.02564102564102566,0.00051621546
3670,229,translate,-1,0.09959952,0.22589166,0.9502005,71.90308,0.010508295,0.009779438,0.0376165397465229,-0.0022186189889907837,0.6117159149818558,0.38828408501814415,0.010508295
3671,229,polarity,-1,0.09682365,0.21959598,0.95158845,71.91489,0.0023225502,0.0034837574,0.03366784006357193,-0.006167318671941757,0.9774678111587983,0.022532188841201672,0.0023225502
3672,229,vocab,-1,0.0954242,0.21642204,0.95228815,71.91653,0.001174895,0.00030981004,0.0401313379406929,0.0002961792051792145,0.977632296781233,0.02236770321876702,0.001174895
3673,229,cat,-1,0.4870832,1.1047045,0.7564586,71.73881,0.83395207,0.88859224,3.4118075370788574,3.3719723783433437,0.9884297520661157,0.011570247933884281,0.83395207
3674,229,shuffle,-1,0.09365107,0.21240059,0.9531746,71.90572,0.0022516914,-0.0037116408,0.0352984182536602,-0.004536740481853485,0.8076502732240437,0.1923497267759563,0.0022516914
3675,229,unrelated,233,0.80951613,1.8359822,0.5952421,71.64245,1.7218434,1.61987,6.431861877441406,6.392026718705893,0.23302043070127001,0.76697956929873,1.7218434
3685,230,paraphrase,-1,0.108025864,0.24500261,0.9459874,71.57724,0.0006235755,0.0010170192,0.05655989050865173,-0.0011908449232578278,0.964622641509434,0.035377358490566,0.0006235755
3686,230,translate,-1,0.121712446,0.27604377,0.9391442,71.59364,0.022132127,0.03205818,0.05741948261857033,-0.0003312528133392334,0.5742465753424657,0.4257534246575343,0.022132127
3687,230,polarity,-1,0.11110763,0.25199205,0.9444468,71.56646,0.0047850567,0.0080064535,0.05600415915250778,-0.0017465762794017792,0.9768518518518519,0.02314814814814814,0.0047850567
3688,230,vocab,-1,0.11241685,0.25496137,0.94379216,71.56442,0.0057302173,0.010975778,0.057628024369478226,-0.00012271106243133545,0.9822904368358913,0.017709563164108655,0.0057302173
3689,230,cat,-1,0.15074952,0.34189984,0.9246257,71.61216,0.13107406,0.09791425,6.0139055252075195,5.95615478977561,0.9952774498229043,0.0047225501770956635,0.13107406
3690,230,shuffle,-1,0.11046084,0.25052515,0.9447702,71.57494,0.004186602,0.0065395534,0.058078519999980927,0.00032778456807136536,0.8748524203069658,0.12514757969303425,0.004186602
3691,230,unrelated,102,0.8897727,2.0180042,0.55511415,72.1262,1.8002738,1.7740185,4.754674911499023,4.696924176067114,0.27819988310929283,0.7218001168907071,1.8002738
3701,231,paraphrase,-1,0.06308101,0.1430677,0.96845967,71.80458,0.0005632004,-0.0003543496,0.10918246954679489,0.0013535544276237488,0.9799291617473436,0.02007083825265643,0.0005632004
3702,231,translate,-1,0.06590297,0.14946792,0.9670487,71.79701,0.010021069,0.006045863,0.0958499163389206,-0.01197899878025055,0.5480386583285958,0.4519613416714042,0.010021069
3703,231,polarity,-1,0.06694943,0.15184127,0.9665257,71.7979,0.002454405,0.008419216,0.11074564605951309,0.0029167309403419495,0.9848130841121495,0.015186915887850483,0.002454405
3704,231,vocab,-1,0.06308152,0.14306885,0.9684595,71.78966,0.0036952898,-0.00035320222,0.08727040886878967,-0.02055850625038147,0.9787485242030697,0.02125147579693032,0.0036952898
3705,231,cat,2,0.51121944,1.1594455,0.7443903,71.89432,1.0713171,1.0160235,7.549554824829102,7.44172590970993,0.9917061611374408,0.008293838862559189,1.0713171
3706,231,shuffle,-1,0.067507714,0.15310746,0.9662463,71.80555,0.011403447,0.009685412,0.11132156103849411,0.0034926459193229675,0.8236686390532545,0.1763313609467455,0.011403447
3707,231,unrelated,8,0.8294554,1.8812044,0.5852724,71.897255,1.8635899,1.7377824,9.248802185058594,9.140973269939423,0.19818652849740934,0.8018134715025906,1.8635899
3717,232,paraphrase,-1,0.065827616,0.149297,0.96708655,72.03832,0.00090013177,0.0027089864,0.030240699648857117,0.0005410239100456238,0.9770308123249299,0.022969187675070057,0.00090013177
3718,232,translate,-1,0.07341801,0.16651201,0.9632913,72.053764,0.012350026,0.019924,0.019876521080732346,-0.009823154658079147,0.5416453755748595,0.4583546244251405,0.012350026
3719,232,polarity,-1,0.066240735,0.15023395,0.9668801,72.0451,0.0010120048,0.0036459416,0.029914360493421555,0.00021468475461006165,0.9796143250688705,0.020385674931129527,0.0010120048
3720,232,vocab,-1,0.06513864,0.1477344,0.96743107,72.02217,0.005040246,0.001146391,0.029402293264865875,-0.0002973824739456177,0.9752252252252253,0.024774774774774744,0.005040246
3721,232,cat,-1,0.3976659,0.9019061,0.80116755,71.96557,0.75576484,0.75531805,10.794610977172852,10.76491130143404,0.9875986471251409,0.012401352874859106,0.75576484
3722,232,shuffle,-1,0.0813686,0.18454395,0.95931596,72.05555,0.030004723,0.03795594,0.026732809841632843,-0.00296686589717865,0.6143497757847534,0.38565022421524664,0.030004723
3723,232,unrelated,252,0.8678018,1.9681741,0.5660994,71.94472,1.8571823,1.8215861,5.422780513763428,5.393080838024616,0.1370585134422773,0.8629414865577227,1.8571823
3733,233,paraphrase,-1,0.13666092,0.3099469,0.9316697,71.64116,0.00049388676,0.004538566,0.0013085342943668365,-2.8608017601072788e-05,0.9793641940881205,0.020635805911879523,0.00049388676
3734,233,translate,-1,0.14525154,0.32943043,0.9273745,71.62831,0.026965044,0.024022102,0.001125905429944396,-0.00021123688202351332,0.5634837355718783,0.43651626442812175,0.026965044
3735,233,polarity,-1,0.12808749,0.29050237,0.9359563,71.64795,0.0042784372,-0.014905959,0.0013618308585137129,2.4688546545803547e-05,0.9823982398239824,0.017601760176017556,0.0042784372
3736,233,vocab,-1,0.13266155,0.30087635,0.9336693,71.646324,0.0026547443,-0.0045319796,0.001417473191395402,8.033087942749262e-05,0.9787472035794184,0.021252796420581643,0.0026547443
3737,233,cat,-1,0.1761091,0.39941537,0.9119457,71.68575,0.1688707,0.094007045,3.465419292449951,3.4640821501379833,0.9944258639910813,0.005574136008918651,0.1688707
3738,233,shuffle,-1,0.14499933,0.3288584,0.92750055,71.62395,0.0068363277,0.023450077,0.0013962555676698685,5.911325570195913e-05,0.8058035714285714,0.1941964285714286,0.0068363277
3739,233,unrelated,223,0.7436412,1.6865779,0.6281797,71.96954,1.6409357,1.3811696,1.4895168542861938,1.488179711974226,0.28775398132894014,0.7122460186710599,1.6409357
3749,234,paraphrase,-1,0.15307868,0.34718236,0.923461,72.05514,0.0006537519,-0.000995487,0.00029245606856420636,-0.00020734331337735057,0.9803481190342505,0.019651880965749546,0.0006537519
3750,234,translate,-1,0.14866449,0.337171,0.92566824,72.00017,0.03012439,-0.011006862,0.0002563612360972911,-0.00024343814584426582,0.6757180156657964,0.32428198433420363,0.03012439
3751,234,polarity,-1,0.14979194,0.33972806,0.9251044,72.05032,0.005283664,-0.008449793,0.0016908022807911038,0.001191002898849547,0.9801324503311258,0.019867549668874163,0.005283664
3752,234,vocab,-1,0.15197237,0.34467328,0.92401433,72.05112,0.00389756,-0.0035045743,0.0017781980568543077,0.0012783986749127507,0.9804141018466704,0.019585898153329562,0.00389756
3753,234,cat,-1,0.4429218,1.0045464,0.77853954,71.99662,0.7992461,0.65636855,2.8753836154937744,2.874883816111833,0.9932659932659933,0.006734006734006703,0.7992461
3754,234,shuffle,-1,0.16202524,0.36747319,0.9189876,72.06717,0.027550852,0.019295335,0.0028484235517680645,0.0023486241698265076,0.7755331088664422,0.22446689113355778,0.027550852
3755,234,unrelated,145,0.8748493,1.9841579,0.5625758,71.86038,1.7473735,1.6359801,3.1234428882598877,3.122943088877946,0.2335195530726257,0.7664804469273743,1.7473735
3765,235,paraphrase,-1,0.066806234,0.15151651,0.9665973,72.03637,0.00073597877,0.0050414056,0.06467168778181076,0.0033147260546684265,0.9767718880285885,0.023228111971411503,0.00073597877
3766,235,translate,-1,0.06999851,0.15875658,0.9650012,72.04063,0.007934509,0.012281477,0.05792444944381714,-0.0034325122833251953,0.6726256983240223,0.3273743016759777,0.007934509
3767,235,polarity,-1,0.06961549,0.1578879,0.9651927,72.042465,0.0025469859,0.011412799,0.0790775939822197,0.017720632255077362,0.9801633605600933,0.019836639439906656,0.0025469859
3768,235,vocab,-1,0.06379859,0.14469518,0.9681011,72.04749,0.0020162282,-0.0017799288,0.04922956973314285,-0.012127391993999481,0.970919881305638,0.029080118694362,0.0020162282
3769,235,cat,2,0.48800522,1.1067957,0.7559978,71.90698,1.0022418,0.9603206,2.6945106983184814,2.633153736591339,0.9916567342073898,0.008343265792610244,1.0022418
3770,235,shuffle,-1,0.07449436,0.16895318,0.9627534,72.02394,0.020213343,0.022478074,0.0834733247756958,0.022116363048553467,0.6220379146919431,0.37796208530805686,0.020213343
3771,235,unrelated,172,0.67109925,1.5220528,0.66445076,71.94425,1.3689449,1.3755777,2.4588656425476074,2.397508680820465,0.2228506787330317,0.7771493212669683,1.3689449
3781,236,paraphrase,-1,0.0750712,0.17026144,0.9624647,72.230576,0.0009193027,0.0035007745,0.01012765895575285,0.0022959429770708084,0.9749866950505588,0.025013304949441206,0.0009193027
3782,236,translate,-1,0.0792055,0.17963803,0.9603979,72.21767,0.0057284543,0.01287736,0.007684049196541309,-0.0001476667821407318,0.71955533097524,0.28044466902475995,0.0057284543
3783,236,polarity,-1,0.07308839,0.16576444,0.96345615,72.22854,0.0015299928,-0.000996232,0.008817021735012531,0.0009853057563304901,0.9832285115303984,0.016771488469601636,0.0015299928
3784,236,vocab,-1,0.07726506,0.17523712,0.96136796,72.22756,0.0030188477,0.008476451,0.011391655541956425,0.0035599395632743835,0.9787007454739084,0.021299254526091604,0.0030188477
3785,236,cat,-1,0.5055083,1.1464926,0.74724615,72.05147,1.1081007,0.9797319,3.545579671859741,3.537747955881059,0.9850905218317358,0.014909478168264156,1.1081007
3786,236,shuffle,-1,0.08587828,0.1947719,0.95706123,72.23812,0.012496575,0.028011233,0.009174467995762825,0.0013427520170807838,0.7778958554729012,0.2221041445270988,0.012496575
3787,236,unrelated,224,0.7489017,1.6985087,0.6255496,72.12833,1.5313321,1.531748,2.281949996948242,2.27411828096956,0.20622119815668202,0.793778801843318,1.5313321
3797,237,paraphrase,-1,0.08118774,0.18413375,0.9594063,72.03024,0.0014318109,0.0069111437,0.017496258020401,-0.005904281511902809,0.9766960124287933,0.023303987571206664,0.0014318109
3798,237,translate,-1,0.081988886,0.18595076,0.9590057,71.966484,0.009979796,0.008728147,0.023657778277993202,0.0002572387456893921,0.7103174603174603,0.28968253968253965,0.009979796
3799,237,polarity,-1,0.07723236,0.17516296,0.9613841,72.02171,0.0009191196,-0.0020596534,0.01751071959733963,-0.00588981993496418,0.9836233367451381,0.016376663254861867,0.0009191196
3800,237,vocab,-1,0.07441829,0.16878065,0.962791,71.986755,0.0085223345,-0.008441955,0.021022384986281395,-0.002378154546022415,0.9886128364389234,0.011387163561076608,0.0085223345
3801,237,cat,3,0.50727934,1.1505094,0.7463606,71.77607,1.1878335,0.97328675,4.935931205749512,4.912530666217208,0.9874739039665971,0.012526096033402934,1.1878335
3802,237,shuffle,-1,0.09649627,0.21885349,0.95175207,72.01182,0.01580271,0.04163088,0.018747705966234207,-0.004652833566069603,0.7946058091286307,0.20539419087136934,0.01580271
3803,237,unrelated,181,0.85744363,1.9446818,0.5712785,71.92827,1.9734881,1.7674592,3.8169045448303223,3.7935040052980185,0.2297734627831715,0.7702265372168284,1.9734881
3813,238,paraphrase,-1,0.06366284,0.14438729,0.968169,71.9717,0.00023140355,-0.0021667033,0.04515031725168228,0.0042315199971199036,0.9805996472663139,0.01940035273368612,0.00023140355
3814,238,translate,-1,0.06810071,0.15445238,0.96595013,71.954185,0.010203825,0.00789839,0.045041847974061966,0.004123050719499588,0.6495352651722253,0.35046473482777474,0.010203825
3815,238,polarity,-1,0.06523747,0.14795855,0.9673817,71.9768,0.002169782,0.0014045537,0.045790016651153564,0.0048712193965911865,0.9872093023255814,0.01279069767441865,0.002169782
3816,238,vocab,-1,0.06492557,0.14725116,0.9675374,71.966896,0.002719554,0.0006971657,0.043511271476745605,0.0025924742221832275,0.9799764428739693,0.020023557126030656,0.002719554
3817,238,cat,4,0.52473605,1.1901011,0.7376322,71.70944,1.0430586,1.0435472,5.587133884429932,5.546215087175369,0.9857651245551602,0.014234875444839812,1.0430586
3818,238,shuffle,-1,0.08881315,0.20142817,0.9555936,71.96302,0.050360437,0.05487418,0.06482218950986862,0.023903392255306244,0.5440658049353702,0.45593419506462984,0.050360437
3819,238,unrelated,96,0.94656676,2.146813,0.52671677,72.1081,2.0540993,2.000259,7.649266719818115,7.608347922563553,0.18654073199527746,0.8134592680047226,2.0540993
3829,239,paraphrase,-1,0.04782779,0.10847341,0.9760862,72.25418,0.0005593026,0.00031932443,0.01318482868373394,0.00011860765516757965,0.9823062843197071,0.017693715680292876,0.0005593026
3830,239,translate,-1,0.052996885,0.12019691,0.9735019,72.247696,0.0067325714,0.01204282,0.014094393700361252,0.0010281726717948914,0.6639676113360324,0.33603238866396756,0.0067325714
3831,239,polarity,-1,0.048124515,0.10914638,0.9759381,72.2551,0.0009832857,0.0009922907,0.013273761607706547,0.0002075405791401863,0.9856115107913669,0.014388489208633115,0.0009832857
3832,239,vocab,-1,0.04884172,0.110773,0.9755793,72.254524,0.002003878,0.0026189089,0.013567564077675343,0.0005013430491089821,0.9866342648845686,0.013365735115431376,0.002003878
3833,239,cat,3,0.4578573,1.0384202,0.7710716,72.06604,0.9156068,0.93026614,7.358008861541748,7.344942640513182,0.9872185027388922,0.012781497261107777,0.9156068
3834,239,shuffle,-1,0.047725152,0.10824063,0.9761377,72.2492,0.011540966,8.653849e-05,0.0179721899330616,0.004905968904495239,0.7715674362089915,0.2284325637910085,0.011540966
3835,239,unrelated,114,0.695039,1.5763481,0.65248066,72.05462,1.5374547,1.468194,8.752204895019531,8.739138673990965,0.2435820895522388,0.7564179104477612,1.5374547
3845,240,paraphrase,-1,0.07869748,0.17848586,0.9606519,71.908356,0.00023313175,4.839897e-05,0.027142450213432312,-0.0024409927427768707,0.9824016563146998,0.017598343685300222,0.00023313175
3846,240,translate,-1,0.0826803,0.18751888,0.9586601,71.88547,0.011774377,0.009081423,0.029973220080137253,0.00038977712392807007,0.607176581680831,0.392823418319169,0.011774377
3847,240,polarity,-1,0.08027934,0.18207352,0.95986056,71.91618,0.0015962604,0.0036360621,0.032350409775972366,0.0027669668197631836,0.9831374552887072,0.016862544711292782,0.0015962604
3848,240,vocab,-1,0.081298485,0.18438493,0.95935106,71.90814,0.001339472,0.0059474707,0.031033160164952278,0.0014497172087430954,0.988089073019161,0.011910926980838954,0.001339472
3849,240,cat,2,0.26062098,0.5910883,0.86969006,71.62973,0.5242489,0.41265082,2.802403688430786,2.772820245474577,0.9853556485355649,0.014644351464435101,0.5242489
3850,240,shuffle,-1,0.07993857,0.18130064,0.9600313,71.90957,0.0020641575,0.0028631836,0.02166120521724224,-0.007922237738966942,0.7981366459627329,0.20186335403726707,0.0020641575
3851,240,unrelated,163,0.8834125,2.0035791,0.55829436,71.873604,1.9962974,1.8251417,5.769761085510254,5.740177642554045,0.23273113708820403,0.767268862911796,1.9962974
3861,241,paraphrase,-1,0.15079412,0.342001,0.92460304,72.12908,0.00059820985,0.0032787323,0.0075214016251266,2.6425346732139587e-05,0.9711171662125341,0.028882833787465922,0.00059820985
3862,241,translate,-1,0.15136819,0.34330297,0.92431617,72.11962,0.021457832,0.0045807064,0.007500406354665756,5.4300762712955475e-06,0.5487329434697856,0.45126705653021437,0.021457832
3863,241,polarity,-1,0.15318704,0.34742814,0.92340684,72.1213,0.004003089,0.008705884,0.006287130061537027,-0.0012078462168574333,0.9774678111587983,0.022532188841201672,0.004003089
3864,241,vocab,-1,0.17208922,0.39029828,0.91395557,72.120316,0.018474048,0.05157602,0.0055204154923558235,-0.001974560786038637,0.9835706462212487,0.01642935377875132,0.018474048
3865,241,cat,3,0.22691302,0.5146386,0.88654375,72.037575,0.1659053,0.17591634,0.004552377853542566,-0.0029425984248518944,0.9901315789473685,0.009868421052631526,0.1659053
3866,241,shuffle,-1,0.15119337,0.34290648,0.9244036,72.14059,0.0045783534,0.0041842163,0.006854425184428692,-0.0006405510939657688,0.853551912568306,0.14644808743169402,0.0045783534
3867,241,unrelated,57,1.0182321,2.30935,0.4908844,72.23508,2.0605526,1.9706278,9.294538497924805,9.28704352164641,0.2857142857142857,0.7142857142857143,2.0605526
3877,242,paraphrase,-1,0.042108323,0.09550166,0.9789463,72.190956,0.00037418827,-0.0015730932,0.005545646883547306,-0.00019419100135564804,0.9716981132075472,0.028301886792452824,0.00037418827
3878,242,translate,-1,0.051903,0.11771598,0.9740487,72.19134,0.007406653,0.020641223,0.006144494283944368,0.00040465639904141426,0.7375249500998003,0.26247504990019965,0.007406653
3879,242,polarity,-1,0.043109383,0.09777206,0.9784454,72.1996,0.00083085574,0.0006973073,0.005765513516962528,2.5675632059574127e-05,0.9824922760041195,0.01750772399588052,0.00083085574
3880,242,vocab,-1,0.04316369,0.097895235,0.97841835,72.18866,0.00058574195,0.0008204803,0.005647264886647463,-9.257299825549126e-05,0.9811912225705329,0.018808777429467072,0.00058574195
3881,242,cat,3,0.4738117,1.0746047,0.7630944,71.91315,1.0358204,0.97753,4.819430828094482,4.8136909902095795,0.9841605068637803,0.015839493136219684,1.0358204
3882,242,shuffle,-1,0.051266335,0.116272025,0.97436696,72.17518,0.026070451,0.01919727,0.011791114695370197,0.006051276810467243,0.6276150627615062,0.37238493723849375,0.026070451
3883,242,unrelated,61,0.8676673,1.967869,0.5661663,72.29781,1.9496641,1.8707943,5.358342170715332,5.352602332830429,0.26356589147286824,0.7364341085271318,1.9496641
3893,243,paraphrase,-1,0.059911508,0.13587928,0.9700446,72.10447,0.0006143226,0.000102847815,0.0009247272973880172,0.0001572950859554112,0.9761092150170648,0.023890784982935176,0.0006143226
3894,243,translate,-1,0.078266166,0.17750762,0.9608674,72.093254,0.028097799,0.041731194,0.005045206286013126,0.00427777407458052,0.5838709677419355,0.4161290322580645,0.028097799
3895,243,polarity,-1,0.061342824,0.1391255,0.969329,72.10173,0.0015477651,0.0033490658,0.0007964493124745786,2.9017101041972637e-05,0.9820828667413214,0.017917133258678608,0.0015477651
3896,243,vocab,-1,0.061539404,0.13957134,0.9692307,72.096344,0.002546527,0.0037949085,0.0006554670399054885,-0.00011196517152711749,0.9880613985218875,0.011938601478112543,0.002546527
3897,243,cat,-1,0.41051635,0.9310509,0.79474205,72.028114,0.7850028,0.7952745,1.8956571817398071,1.8948897495283745,0.9943246311010215,0.005675368898978461,0.7850028
3898,243,shuffle,-1,0.073209666,0.1660395,0.9633954,72.07522,0.019968612,0.030263066,0.0016032084822654724,0.0008357762708328664,0.6215909090909091,0.3784090909090909,0.019968612
3899,243,unrelated,40,0.85513765,1.9394518,0.57243145,71.73032,1.7875084,1.8036754,10.266453742980957,10.265686310769524,0.22418879056047197,0.775811209439528,1.7875084
3909,244,paraphrase,-1,0.1654112,0.37515253,0.9172948,71.94246,0.00070594123,0.0006093681,0.05632081255316734,-0.0012411624193191528,0.9752731454859115,0.024726854514088514,0.00070594123
3910,244,translate,-1,0.1755854,0.39822763,0.9122074,71.97143,0.021805756,0.023684472,0.04592731595039368,-0.01163465902209282,0.5305240410588871,0.46947595894111294,0.021805756
3911,244,polarity,-1,0.16704628,0.3788609,0.9164772,71.935715,0.0057461583,0.0043177307,0.05378418788313866,-0.0037777870893478394,0.9880341880341881,0.011965811965811923,0.0057461583
3912,244,vocab,-1,0.16726677,0.37936097,0.9163667,71.922295,0.009203911,0.0048178136,0.05155624449253082,-0.006005730479955673,0.9826789838337182,0.01732101616628179,0.009203911
3913,244,cat,4,0.31722134,0.71945786,0.8413898,71.68423,0.41861695,0.3449147,6.495974540710449,6.438412565737963,0.9861751152073732,0.01382488479262678,0.41861695
3914,244,shuffle,-1,0.17695625,0.4013367,0.9115223,71.92641,0.016893059,0.02679354,0.06773167848587036,0.010169703513383865,0.7465437788018433,0.2534562211981567,0.016893059
3915,244,unrelated,85,0.91988164,2.086291,0.5400597,72.03051,1.8945909,1.7117479,7.2388176918029785,7.181255716830492,0.2154024319629415,0.7845975680370585,1.8945909
3925,245,paraphrase,-1,0.07214747,0.16363044,0.9639266,71.97717,0.00064723013,3.822148e-05,0.05755041912198067,0.014866407960653305,0.9774661992989484,0.0225338007010516,0.00064723013
3926,245,translate,-1,0.07813692,0.1772145,0.96093196,71.978645,0.008570355,0.013622284,0.04813855513930321,0.005454543977975845,0.6788904560413729,0.3211095439586271,0.008570355
3927,245,polarity,-1,0.07328202,0.16620359,0.9633595,71.98858,0.0014736421,0.002611369,0.03749016672372818,-0.005193844437599182,0.9842209072978304,0.015779092702169595,0.0014736421
3928,245,vocab,-1,0.073785596,0.1673457,0.9631075,71.98838,0.0029075514,0.0037534833,0.03843780606985092,-0.00424620509147644,0.977977977977978,0.02202202202202197,0.0029075514
3929,245,cat,2,0.32146224,0.7290762,0.8392692,72.02353,0.6452596,0.565484,7.219621658325195,7.176937647163868,0.993,0.007000000000000006,0.6452596
3930,245,shuffle,-1,0.0879966,0.19957626,0.9560021,72.0852,0.047345158,0.03598404,0.03258083388209343,-0.010103177279233932,0.5604395604395604,0.43956043956043955,0.047345158
3931,245,unrelated,178,0.82277125,1.8660449,0.58861506,71.903534,1.7851734,1.7024527,10.081767082214355,10.039083071053028,0.2855631940772078,0.7144368059227921,1.7851734
3941,246,paraphrase,-1,0.07646197,0.17341572,0.9617693,72.025185,0.0002774526,-0.00013434887,0.032167866826057434,1.2438744306564331e-05,0.9738636363636364,0.026136363636363624,0.0002774526
3942,246,translate,-1,0.07836879,0.17774038,0.96081614,72.03706,0.008190645,0.004190311,0.021083805710077286,-0.011071622371673584,0.7350242849433352,0.26497571505666484,0.008190645
3943,246,polarity,-1,0.07710533,0.17487486,0.9614478,72.03714,0.00049126334,0.0013247877,0.039720989763736725,0.007565561681985855,0.9876404494382023,0.012359550561797716,0.00049126334
3944,246,vocab,-1,0.07762923,0.17606306,0.9611858,72.03932,0.0025243112,0.0025129914,0.02672366052865982,-0.005431767553091049,0.9784090909090909,0.021590909090909105,0.0025243112
3945,246,cat,2,0.46481496,1.0542002,0.767593,71.73648,0.8742606,0.8806501,1.844421625137329,1.8122661970555782,0.9885844748858448,0.011415525114155223,0.8742606
3946,246,shuffle,-1,0.09082995,0.2060023,0.9545855,72.01457,0.019612202,0.032452226,0.04728838428854942,0.015132956206798553,0.6681818181818182,0.3318181818181818,0.019612202
3947,246,unrelated,49,0.72556007,1.6455699,0.6372205,71.80059,1.4676087,1.4720199,0.6253015398979187,0.5931461118161678,0.30272108843537415,0.6972789115646258,1.4676087
3957,247,paraphrase,-1,0.07362009,0.16697033,0.96319056,71.78031,0.0008703297,0.00052823126,0.009093969129025936,-0.00013449881225824356,0.9798882681564246,0.020111731843575398,0.0008703297
3958,247,translate,-1,0.078000456,0.176905,0.96100026,71.79137,0.011194046,0.01046291,0.00907268188893795,-0.00015578605234622955,0.6141732283464567,0.3858267716535433,0.011194046
3959,247,polarity,-1,0.07785881,0.17658375,0.9610712,71.78143,0.002411613,0.010141656,0.009348762221634388,0.00012029428035020828,0.9867549668874173,0.013245033112582738,0.002411613
3960,247,vocab,-1,0.07396892,0.16776147,0.963016,71.789055,0.0029212453,0.0013193786,0.0090135857462883,-0.00021488219499588013,0.9810479375696767,0.018952062430323324,0.0029212453
3961,247,cat,2,0.46473423,1.0540171,0.7676333,71.769,0.8943433,0.887575,0.4569680094718933,0.44773954153060913,0.9932659932659933,0.006734006734006703,0.8943433
3962,247,shuffle,-1,0.08060162,0.18280444,0.95969975,71.76615,0.013435043,0.01636234,0.017024271190166473,0.007795803248882294,0.7463687150837989,0.2536312849162011,0.013435043
3963,247,unrelated,152,0.8301484,1.8827761,0.58492637,72.04984,1.7276846,1.7163341,6.045648574829102,6.036420106887817,0.23516720604099245,0.7648327939590076,1.7276846
3973,248,paraphrase,-1,0.0815301,0.18491024,0.9592354,71.99087,0.00072477775,0.00083079934,0.01900414749979973,0.0019886698573827744,0.9839728023312287,0.016027197668771254,0.00072477775
3974,248,translate,-1,0.084025376,0.19056952,0.95798767,71.98381,0.027202245,0.0064900815,0.017144091427326202,0.00012861378490924835,0.5949820788530465,0.40501792114695345,0.027202245
3975,248,polarity,-1,0.08137288,0.18455365,0.959314,71.99564,0.0043225745,0.00047421455,0.01592797040939331,-0.0010875072330236435,0.9818007662835249,0.01819923371647514,0.0043225745
3976,248,vocab,-1,0.08864429,0.2010452,0.95567834,71.990265,0.0045389994,0.016965762,0.017529234290122986,0.0005137566477060318,0.9776482021379981,0.02235179786200192,0.0045389994
3977,248,cat,2,0.24667409,0.5594567,0.8766635,71.997185,0.3683288,0.37537727,14.964597702026367,14.94758222438395,0.9931906614785992,0.006809338521400754,0.3683288
3978,248,shuffle,-1,0.08507831,0.19295757,0.9574614,71.98196,0.01792261,0.008878127,0.017101440578699112,8.59629362821579e-05,0.783284742468416,0.21671525753158405,0.01792261
3979,248,unrelated,0,0.67416906,1.5290152,0.66291577,72.08538,1.3716673,1.3449358,0.18171945214271545,0.1647039745002985,0.29481641468682507,0.7051835853131749,1.3716673
3989,249,paraphrase,-1,0.083671436,0.18976678,0.95816463,71.91396,0.0004719561,0.0045847893,0.005883935373276472,-9.51387919485569e-05,0.9792256846081209,0.020774315391879128,0.0004719561
3990,249,translate,-1,0.090315476,0.20483546,0.95484275,71.91114,0.011692062,0.01965347,0.005827473010867834,-0.0001516011543571949,0.7164579606440071,0.28354203935599287,0.011692062
3991,249,polarity,-1,0.08206082,0.18611391,0.95897,71.92029,0.0010034682,0.0009319186,0.005681452341377735,-0.00029762182384729385,0.9845866417561887,0.015413358243811293,0.0010034682
3992,249,vocab,-1,0.07992933,0.18127969,0.96003586,71.90753,0.0015380539,-0.0039023012,0.005704644601792097,-0.0002744295634329319,0.9872461029759093,0.012753897024090688,0.0015380539
3993,249,cat,2,0.47020736,1.0664301,0.7648967,71.79081,0.8879559,0.8812481,4.380862712860107,4.374883638694882,0.9895238095238095,0.010476190476190528,0.8879559
3994,249,shuffle,-1,0.08232292,0.18670835,0.9588388,71.919266,0.02245054,0.0015263557,0.007051375228911638,0.0010723010636866093,0.7133396404919584,0.2866603595080416,0.02245054
3995,249,unrelated,20,1.2307532,2.7913477,0.38462391,72.194,2.6404433,2.6061656,7.178516864776611,7.172537790611386,0.160042395336513,0.839957604663487,2.6404433
4005,250,paraphrase,-1,0.091847934,0.20831107,0.9540761,71.96066,0.000541566,0.001393646,0.045022375881671906,0.0003573298454284668,0.9773387565368972,0.02266124346310283,0.000541566
4006,250,translate,-1,0.097457334,0.22103319,0.9512716,71.94497,0.010498992,0.014115766,0.042947571724653244,-0.0017174743115901947,0.683723462166576,0.316276537833424,0.010498992
4007,250,polarity,-1,0.09450711,0.21434209,0.9527466,71.9689,0.0026257718,0.0074246675,0.04741186276078224,0.002746816724538803,0.9873417721518988,0.012658227848101222,0.0026257718
4008,250,vocab,-1,0.10013412,0.22710414,0.9499331,71.94297,0.026295492,0.020186722,0.051997989416122437,0.007332943379878998,0.9860627177700348,0.013937282229965153,0.026295492
4009,250,cat,-1,0.40471348,0.91789,0.79764354,71.92629,0.7787833,0.7109726,4.443312168121338,4.3986471220850945,0.9941860465116279,0.005813953488372103,0.7787833
4010,250,shuffle,-1,0.09472587,0.21483824,0.9526373,71.94524,0.005637977,0.007920817,0.047270070761442184,0.0026050247251987457,0.8393480791618161,0.16065192083818391,0.005637977
4011,250,unrelated,166,0.62692887,1.4218744,0.68653595,71.996994,1.3494734,1.214957,4.61300802230835,4.568342976272106,0.30566245189664654,0.6943375481033535,1.3494734
4021,251,paraphrase,-1,0.1247787,0.28299806,0.9376109,71.890755,0.00045281794,0.0015325248,0.0493057444691658,0.0008268281817436218,0.9851205746536685,0.014879425346331465,0.00045281794
4022,251,translate,-1,0.12567702,0.28503543,0.93716174,71.855606,0.012020783,0.003569901,0.07181162387132645,0.023332707583904266,0.6967491508976225,0.30325084910237754,0.012020783
4023,251,polarity,-1,0.12304528,0.27906665,0.93847775,71.9078,0.0020172119,-0.0023988783,0.05640293285250664,0.007924016565084457,0.9853461344113188,0.014653865588681203,0.0020172119
4024,251,vocab,-1,0.12608431,0.28595915,0.93695796,71.8868,0.003350805,0.004493624,0.04768766462802887,-0.0007912516593933105,0.9861609431060995,0.013839056893900525,0.003350805
4025,251,cat,-1,0.33466727,0.7590252,0.83266664,71.78762,0.54443276,0.4775597,5.693221092224121,5.644742175936699,0.9948822927328557,0.0051177072671443335,0.54443276
4026,251,shuffle,-1,0.13667968,0.30998945,0.9316605,71.86926,0.021171333,0.028523922,0.06910012662410736,0.02062121033668518,0.7689161554192229,0.23108384458077713,0.021171333
4027,251,unrelated,212,0.95380306,2.163225,0.5230988,72.37022,1.9984537,1.8817594,4.106944561004639,4.0584656447172165,0.19540843566470903,0.804591564335291,1.9984537
4037,252,paraphrase,-1,0.074153595,0.16818032,0.9629238,71.94597,0.00041982013,-0.0019870251,0.032431624829769135,4.9367547035217285e-05,0.9726231956197113,0.027376804380288666,0.00041982013
4038,252,translate,-1,0.07656868,0.17365773,0.96171635,71.93828,0.009685977,0.0034903884,0.038688626140356064,0.006306368857622147,0.4859981933152665,0.5140018066847335,0.009685977
4039,252,polarity,-1,0.07392155,0.16765404,0.96303964,71.95109,0.002072465,-0.0025133044,0.04003949463367462,0.007657237350940704,0.9804305283757339,0.019569471624266144,0.002072465
4040,252,vocab,-1,0.078494355,0.17802516,0.96075326,71.93801,0.0023437997,0.007857814,0.032402001321315765,1.9744038581848145e-05,0.975609756097561,0.024390243902439046,0.0023437997
4041,252,cat,2,0.23570435,0.53457737,0.8821482,71.830795,0.34501165,0.36441004,3.8051109313964844,3.7727286741137505,0.9920079920079921,0.007992007992007943,0.34501165
4042,252,shuffle,-1,0.07486619,0.16979648,0.9625673,71.94398,0.0012786681,-0.0003708601,0.04577837884426117,0.013396121561527252,0.8606965174129353,0.1393034825870647,0.0012786681
4043,252,unrelated,106,1.0632983,2.41156,0.46835148,71.89376,2.1662927,2.2413926,3.4184422492980957,3.386059992015362,0.12892741061755147,0.8710725893824485,2.1662927
4053,253,paraphrase,-1,0.09868856,0.2238256,0.95065606,71.95904,0.00036083258,-0.0016208142,0.014581088908016682,-0.000192960724234581,0.9757607013924704,0.024239298607529602,0.00036083258
4054,253,translate,-1,0.10106337,0.22921167,0.94946885,71.93925,0.013983122,0.0037652552,0.024097708985209465,0.009323659352958202,0.6630488406512087,0.3369511593487913,0.013983122
4055,253,polarity,-1,0.10248922,0.23244551,0.9487556,71.95578,0.0060803243,0.0069990903,0.012379753403365612,-0.0023942962288856506,0.983739837398374,0.016260162601625994,0.0060803243
4056,253,vocab,-1,0.10023079,0.22732338,0.9498849,71.97185,0.001910355,0.0018769652,0.016353566199541092,0.0015795165672898293,0.9819494584837545,0.018050541516245522,0.001910355
4057,253,cat,-1,0.2778494,0.63016236,0.8610756,71.89228,0.4127296,0.40471596,3.0780372619628906,3.0632632123306394,0.9854318418314256,0.014568158168574374,0.4127296
4058,253,shuffle,-1,0.13866183,0.31448498,0.93066937,71.86072,0.117179446,0.089038566,0.028438124805688858,0.013664075173437595,0.557157569515963,0.44284243048403704,0.117179446
4059,253,unrelated,191,0.8048978,1.8255078,0.5975512,71.81527,1.6911408,1.6000613,6.850765228271484,6.835991178639233,0.17581187010078386,0.8241881298992162,1.6911408
4069,254,paraphrase,-1,0.062641844,0.14207168,0.96867955,71.91992,0.00039384476,0.0012053549,0.015743045136332512,-0.006554093211889267,0.9809798270893372,0.019020172910662825,0.00039384476
4070,254,translate,-1,0.06820047,0.15467863,0.96590024,71.90005,0.010884056,0.013812304,0.015582459978759289,-0.00671467836946249,0.6378947368421053,0.3621052631578947,0.010884056
4071,254,polarity,-1,0.06130427,0.13903806,0.96934825,71.920906,0.0006396354,-0.0018282682,0.022341443225741386,4.4304877519607544e-05,0.983494593056346,0.01650540694365399,0.0006396354
4072,254,vocab,-1,0.06383662,0.14478143,0.96808213,71.91637,0.0032115493,0.0039151013,0.017233099788427353,-0.005064038559794426,0.9786989061600461,0.021301093839953933,0.0032115493
4073,254,cat,-1,0.45258155,1.0264548,0.77370936,71.84043,0.94025904,0.88558847,3.5337679386138916,3.51147080026567,0.9884125144843569,0.011587485515643148,0.94025904
4074,254,shuffle,-1,0.060252,0.1366515,0.96987456,71.94636,0.010818473,-0.0042148232,0.016875553876161575,-0.0054215844720602036,0.7946943483275664,0.20530565167243364,0.010818473
4075,254,unrelated,99,0.8168869,1.8526992,0.59155685,72.03642,1.7530843,1.7118329,0.8291370272636414,0.8068398889154196,0.14206437291897892,0.8579356270810211,1.7530843
4085,255,paraphrase,-1,0.08621788,0.19554211,0.9568911,71.7707,0.00044903808,-0.0017310679,0.05547130107879639,-0.0022902674973011017,0.979933110367893,0.02006688963210701,0.00044903808
4086,255,translate,-1,0.10010431,0.22703654,0.949948,71.73844,0.026965791,0.029763356,0.10480803996324539,0.0470464713871479,0.564128256513026,0.435871743486974,0.026965791
4087,255,polarity,-1,0.0879451,0.19945946,0.95602757,71.78477,0.0016201289,0.0021862835,0.04737531766295433,-0.010386250913143158,0.9889624724061811,0.01103752759381893,0.0016201289
4088,255,vocab,-1,0.08498968,0.19275656,0.95750535,71.78445,0.002653415,-0.0045166165,0.047768354415893555,-0.009993214160203934,0.9844444444444445,0.015555555555555545,0.002653415
4089,255,cat,4,0.43339682,0.9829438,0.7833019,71.889404,0.8375828,0.7856706,5.817646503448486,5.759884934872389,0.9843575418994414,0.015642458100558643,0.8375828
4090,255,shuffle,-1,0.121571325,0.2757237,0.9392145,71.79961,0.06016751,0.078450516,0.08051957935094833,0.022758010774850845,0.5362318840579711,0.46376811594202894,0.06016751
4091,255,unrelated,158,0.7963054,1.8060204,0.60184765,71.961205,1.7010773,1.6087472,4.975461959838867,4.91770039126277,0.24390243902439024,0.7560975609756098,1.7010773
4092,0,resample,1,0.067283854,0.15259975,0.9663585,72.03695,0.063341826,-0.019186914,0.009213309735059738,-0.02034251019358635,0.4168168168168168,0.5831831831831832,0.063341826
4093,1,resample,1,0.10995557,0.24937919,0.94502264,71.8987,0.061717026,0.047270194,0.1281324326992035,0.04837183654308319,0.3397396156230626,0.6602603843769375,0.061717026
4094,2,resample,1,0.07274113,0.16497685,0.9636297,71.99069,0.08021965,-0.041714534,0.03060595877468586,-0.007420683279633522,0.2646566164154104,0.7353433835845896,0.08021965
4095,3,resample,1,0.09387605,0.21291083,0.9530622,72.02737,0.06252682,-0.06888446,0.042191363871097565,-0.029523566365242004,0.33714629741119806,0.6628537025888019,0.06252682
4096,4,resample,1,0.0988819,0.2242641,0.9505595,71.893456,0.09035448,-0.0056414455,0.007857169955968857,0.0013953344896435738,0.1868833430063842,0.8131166569936158,0.09035448
4097,5,resample,1,0.1712381,0.38836792,0.91438127,71.90996,0.0617946,0.018745214,0.06068805605173111,0.033755164593458176,0.3938053097345133,0.6061946902654867,0.0617946
4098,6,resample,1,0.044227555,0.100308076,0.9778863,71.90622,0.030137846,0.013805196,0.005622508469969034,0.003001709468662739,0.3556132381570409,0.6443867618429591,0.030137846
4099,7,resample,1,0.0901096,0.20436853,0.95494556,71.906525,0.18150367,-0.068142116,0.003040874842554331,-0.0911224908195436,0.36089385474860336,0.6391061452513966,0.18150367
4100,8,resample,1,0.14170289,0.3213821,0.92914903,71.88875,0.091987155,-0.0038057566,0.016022110357880592,0.015008001471869648,0.3347222222222222,0.6652777777777779,0.091987155
4101,9,resample,1,0.082100704,0.18620436,0.9589498,71.76018,0.084543794,0.014352933,0.011339470744132996,-0.0008352305740118027,0.42792501616031026,0.5720749838396897,0.084543794
4102,10,resample,1,0.17905335,0.4060929,0.9104736,71.77613,0.175631,-0.08475658,0.0067687625996768475,-0.002579005900770426,0.1652892561983471,0.8347107438016529,0.175631
4103,11,resample,1,0.07446291,0.16888185,0.962769,72.14709,0.04454848,0.012062177,0.11309240013360977,-0.05927120894193649,0.31282586027111575,0.6871741397288842,0.04454848
4104,12,resample,1,0.067573376,0.15325639,0.9662134,72.097176,0.03792866,-0.01073283,0.006987137719988823,-0.010884368792176247,0.39135514018691586,0.6086448598130841,0.03792866
4105,13,resample,1,0.10989003,0.24923053,0.9450551,71.813286,0.07436252,0.022237718,0.008309494704008102,-0.005823910236358643,0.3315003927729772,0.6684996072270228,0.07436252
4106,14,resample,1,0.05711655,0.12954031,0.97144204,72.01043,0.03758222,0.021536537,0.0724220797419548,0.04054359719157219,0.21227768215720022,0.7877223178427998,0.03758222
4107,15,resample,1,0.06351476,0.14405145,0.9682427,72.00333,0.03735767,0.00074595213,0.003701398614794016,0.002629677881486714,0.34382284382284384,0.6561771561771561,0.03735767
4108,16,resample,1,0.102512956,0.23249933,0.948744,72.07724,0.05204201,-0.012215927,0.001507461303845048,-1.9731000065803528e-05,0.2951388888888889,0.7048611111111112,0.05204201
4109,17,resample,1,0.09246763,0.20971654,0.95376664,71.98968,0.09956883,0.049622014,0.026611780747771263,-0.01215713657438755,0.29435253850541926,0.7056474614945807,0.09956883
4110,18,resample,1,0.037976164,0.086129926,0.98101217,72.102486,0.034381703,-0.010832533,0.004697659984230995,-0.005842972546815872,0.4040790312300829,0.5959209687699172,0.034381703
4111,19,resample,1,0.124411404,0.28216502,0.9377947,71.948685,0.08320274,0.03645864,0.0043959286995232105,0.0006736600771546364,0.3280047365304914,0.6719952634695086,0.08320274
4112,20,resample,1,0.25501114,0.57836515,0.8724948,71.86139,0.2226548,0.17019624,0.14274656772613525,0.07954395562410355,0.32868757259001163,0.6713124274099884,0.2226548
4113,21,resample,1,0.13172206,0.29874557,0.93413925,71.759346,0.04972114,-0.037400126,0.031473707407712936,0.000888872891664505,0.39827307069616835,0.6017269293038316,0.04972114
4114,22,resample,1,0.05781153,0.13111652,0.97109425,72.02447,0.03819609,-0.04273908,0.07551582157611847,-0.016515962779521942,0.3598937583001328,0.6401062416998672,0.03819609
4115,23,resample,1,0.15702516,0.35613298,0.9214877,71.8667,0.1923682,-0.043518722,0.11262955516576767,-0.03434104472398758,0.39555295494441195,0.6044470450555881,0.1923682
4116,24,resample,1,0.06768694,0.15351394,0.96615696,72.12533,0.053495217,0.0029955357,0.008954177610576153,0.008556209679227322,0.42771804062126645,0.5722819593787336,0.053495217
4117,25,resample,1,0.14334482,0.325106,0.9283279,71.97368,0.099032424,0.044905633,0.006571829319000244,8.695386350154877e-05,0.34408602150537637,0.6559139784946236,0.099032424
4118,26,resample,1,0.09218927,0.20908521,0.9539056,71.80475,0.04787144,0.03821948,0.022236527875065804,0.012727473862469196,0.2812311406155703,0.7187688593844297,0.04787144
4119,27,resample,1,0.16796964,0.38095507,0.91601574,72.03979,0.054926816,0.05363372,0.10248293727636337,-0.010617196559906006,0.4244120940649496,0.5755879059350504,0.054926816
4120,28,resample,1,0.0612392,0.13889048,0.9693805,71.91106,0.03505219,-0.021058425,0.0015068119391798973,-0.007989228703081608,0.3455797933409874,0.6544202066590126,0.03505219
4121,29,resample,1,0.06160056,0.13971004,0.9692004,71.858955,0.025246682,-0.005537778,0.023167960345745087,0.014523562043905258,0.4150453955901427,0.5849546044098572,0.025246682
4122,30,resample,1,0.104506336,0.23702033,0.94774735,72.089966,0.0518596,0.013856575,0.4337916374206543,0.15338167548179626,0.3511615343057807,0.6488384656942193,0.0518596
4123,31,resample,1,0.27212772,0.61718553,0.8639362,71.76787,0.09582257,0.09242761,0.00842684879899025,0.0056733491364866495,0.35553047404063204,0.644469525959368,0.09582257
4124,32,resample,1,0.059280854,0.13444895,0.9703602,71.986725,0.06572334,-0.0029437095,0.026471169665455818,0.004310863092541695,0.26889786497403345,0.7311021350259665,0.06572334
4125,33,resample,1,0.09675946,0.21945041,0.9516206,72.34321,0.052365452,0.05131045,0.005664682015776634,0.0016689230687916279,0.35686053077357427,0.6431394692264257,0.052365452
4126,34,resample,1,0.2413561,0.5473955,0.8793224,71.608055,0.06186476,-0.0047796965,0.011640192940831184,0.00045191124081611633,0.4067622950819672,0.5932377049180328,0.06186476
4127,35,resample,1,0.043909796,0.099587396,0.9780456,71.959526,0.036499333,-0.0025937855,0.015887144953012466,-0.0005114823579788208,0.35967926689576174,0.6403207331042382,0.036499333
4128,36,resample,1,0.07952077,0.18035308,0.96023995,72.068756,0.032208197,0.0035712123,0.030789190903306007,-0.00936511717736721,0.45420857596611963,0.5457914240338804,0.032208197
4129,37,resample,1,0.048510425,0.11002162,0.9757452,72.03989,0.023859052,-0.0008954406,0.037277646362781525,0.024700015783309937,0.33054662379421224,0.6694533762057877,0.023859052
4130,38,resample,1,0.12932758,0.2933149,0.93533653,71.920654,0.051892925,-0.03234771,0.03034374862909317,-0.024700727313756943,0.3726279470960322,0.6273720529039678,0.051892925
4131,39,resample,1,0.04395353,0.099686585,0.97802365,72.15769,0.042183824,-0.006654814,0.015841662883758545,-0.025913778692483902,0.38271604938271603,0.617283950617284,0.042183824
4132,40,resample,1,0.05827251,0.13216203,0.970864,71.72789,0.031430606,0.009082548,0.041537120938301086,0.027955785393714905,0.35523114355231145,0.6447688564476886,0.031430606
4133,41,resample,1,0.0959201,0.21754675,0.95203984,71.79673,0.048159957,0.0014754534,0.021236825734376907,-0.003989128395915031,0.2923512747875354,0.7076487252124646,0.048159957
4134,42,resample,1,0.05599141,0.1269885,0.9720045,71.97836,0.02998048,-0.01553975,0.006515469402074814,-0.0006876490078866482,0.32423756019261635,0.6757624398073836,0.02998048
4135,43,resample,1,0.074708715,0.16943933,0.9626462,71.99743,0.058501903,-0.040579796,0.009042177349328995,-0.007222207263112068,0.29428095502498614,0.7057190449750139,0.058501903
4136,44,resample,1,0.13698986,0.31069294,0.9315054,71.95029,0.13366212,0.03690946,0.01758740097284317,0.007929678075015545,0.25234741784037557,0.7476525821596245,0.13366212
4137,45,resample,1,0.05971538,0.13543445,0.9701426,71.92735,0.03932211,0.0035949796,0.015660762786865234,-0.001401469111442566,0.31085714285714283,0.6891428571428572,0.03932211
4138,46,resample,1,0.13876799,0.31472573,0.93061596,71.93393,0.10139794,-0.024805695,0.019582482054829597,0.003362322226166725,0.32957913455838767,0.6704208654416124,0.10139794
4139,47,resample,1,0.07016073,0.15912451,0.9649199,71.86579,0.04502754,-0.015753224,0.028906621038913727,0.011219780892133713,0.38274932614555257,0.6172506738544474,0.04502754
4140,48,resample,1,0.09896942,0.2244626,0.95051557,71.98962,0.052507907,-0.010527819,0.007960342802107334,-0.005026473663747311,0.4109311740890688,0.5890688259109311,0.052507907
4141,49,resample,1,0.09694418,0.21986936,0.9515281,71.84901,0.044817116,0.0069324374,0.045077964663505554,-0.017521485686302185,0.3531468531468531,0.6468531468531469,0.044817116
4142,50,resample,1,0.08445004,0.19153264,0.95777553,71.949776,0.038325254,-0.0035553128,0.003523940220475197,0.00018242932856082916,0.2892128279883382,0.7107871720116619,0.038325254
4143,51,resample,1,0.1849735,0.4195198,0.90751344,71.897644,0.07075336,-0.021680325,0.0037106340751051903,0.002735194517299533,0.39497307001795334,0.6050269299820467,0.07075336
4144,52,resample,1,0.091354825,0.2071927,0.95432323,72.029495,0.07356151,0.018548504,0.05189070850610733,0.004815317690372467,0.24451038575667655,0.7554896142433234,0.07356151
4145,53,resample,1,0.13088618,0.29684982,0.9345572,71.96078,0.08541019,0.022561163,0.009323541074991226,0.0006651133298873901,0.30165745856353593,0.6983425414364641,0.08541019
4146,54,resample,1,0.050358187,0.11421235,0.97482127,71.73835,0.024035232,-0.0046261325,0.011272644624114037,-0.03727803938090801,0.3472920156337242,0.6527079843662758,0.024035232
4147,55,resample,1,0.074979305,0.17005304,0.9625107,71.95614,0.055269595,0.013692692,0.017706887796521187,0.015407526632770896,0.44847112117780297,0.551528878822197,0.055269595
4148,56,resample,1,0.07682129,0.17423065,0.96158946,72.0564,0.039599035,-0.02253449,0.10861007869243622,-0.05175793170928955,0.34787806335923493,0.6521219366407651,0.039599035
4149,57,resample,1,0.07687401,0.17435022,0.9615636,72.351006,0.11333349,-0.0803238,0.010029604658484459,-0.025462890043854713,0.3559222156747201,0.6440777843252798,0.11333349
4150,58,resample,1,0.054022003,0.12252188,0.9729893,71.865395,0.05921894,-0.014523968,0.009504237212240696,-0.013963189907371998,0.3523035230352303,0.6476964769647697,0.05921894
4151,59,resample,1,0.102727875,0.23298678,0.94863665,71.86416,0.055639096,0.05047685,0.021195240318775177,0.0015110466629266739,0.26337448559670784,0.7366255144032922,0.055639096
4152,60,resample,1,0.06754214,0.15318555,0.9662292,71.8628,0.049772445,-0.015253186,0.017691774293780327,-0.011282576248049736,0.37083811710677383,0.6291618828932262,0.049772445
4153,61,resample,1,0.07493161,0.16994485,0.9625344,72.27968,0.05341786,-0.015449151,0.04695199057459831,0.0008800067007541656,0.2549476135040745,0.7450523864959255,0.05341786
4154,62,resample,1,0.08263794,0.18742281,0.9586814,72.129845,0.04367562,-0.008832827,0.342328816652298,0.0960911214351654,0.3425,0.6575,0.04367562
4155,63,resample,1,0.049724925,0.11277611,0.97513807,72.0359,0.04282866,-0.008437179,0.021418824791908264,0.014434878248721361,0.1568627450980392,0.8431372549019608,0.04282866
4156,0,resample,2,0.0795892,0.18050827,0.96020573,72.03483,0.06548389,0.008721605,0.025005247443914413,-0.004550572484731674,0.27218934911242604,0.7278106508875739,0.06548389
4157,1,resample,2,0.08323367,0.18877393,0.9583838,71.95368,0.06346915,-0.013335064,0.06342791765928268,-0.016332678496837616,0.32189644416718655,0.6781035558328135,0.06346915
4158,2,resample,2,0.08265766,0.18746753,0.95867145,71.94568,0.04830531,-0.019223854,0.02491190657019615,-0.01311473548412323,0.3514269725797426,0.6485730274202575,0.04830531
4159,3,resample,2,0.0941575,0.21354917,0.9529217,71.992744,0.08531112,-0.068246126,0.04828253015875816,-0.023432400077581406,0.18681318681318682,0.8131868131868132,0.08531112
4160,4,resample,2,0.09586736,0.21742712,0.9520666,71.915695,0.061389964,-0.012478426,0.00451534753665328,-0.0019464879296720028,0.2784503631961259,0.7215496368038741,0.061389964
4161,5,resample,2,0.16419736,0.37239954,0.9179015,71.897224,0.080432825,0.0027768314,0.0710948258638382,0.04416193440556526,0.3511111111111111,0.6488888888888888,0.080432825
4162,6,resample,2,0.04233012,0.096004695,0.9788353,71.91574,0.020870322,0.009501815,0.0058253915049135685,0.003204592503607273,0.3782696177062374,0.6217303822937625,0.020870322
4163,7,resample,2,0.11861535,0.26901957,0.9406926,71.78846,0.07846274,-0.0034910738,0.10828925669193268,0.014125891029834747,0.3488636363636364,0.6511363636363636,0.07846274
4164,8,resample,2,0.15951313,0.3617757,0.9202441,71.838425,0.07378413,0.036587834,0.002089735586196184,0.0010756267001852393,0.3434343434343434,0.6565656565656566,0.07378413
4165,9,resample,2,0.074550204,0.16907983,0.96272504,71.786064,0.10173997,-0.002771601,0.010686978697776794,-0.0014877226203680038,0.33136869679109365,0.6686313032089064,0.10173997
4166,10,resample,2,0.20908034,0.4741941,0.89546025,71.75348,0.116597444,-0.016655385,0.00455430056899786,-0.004793467931449413,0.31773399014778325,0.6822660098522167,0.116597444
4167,11,resample,2,0.069008805,0.15651193,0.9654962,72.1287,0.046466578,-0.00030773878,0.0833519995212555,-0.08901160955429077,0.35934664246823955,0.6406533575317604,0.046466578
4168,12,resample,2,0.056773365,0.12876196,0.97161365,72.15082,0.030651215,-0.035227254,0.01919734850525856,0.0013258419930934906,0.23143564356435645,0.7685643564356436,0.030651215
4169,13,resample,2,0.11131313,0.25245813,0.9443436,71.775604,0.067886874,0.02546531,0.004005527123808861,-0.010127877816557884,0.31521739130434784,0.6847826086956521,0.067886874
4170,14,resample,2,0.05003948,0.11348952,0.9749807,71.949844,0.028603187,0.0054857507,0.06117638200521469,0.029297899454832077,0.3278879813302217,0.6721120186697783,0.028603187
4171,15,resample,2,0.06414668,0.14548464,0.9679266,71.97743,0.040820837,0.0021791458,0.008603612892329693,0.007531892159022391,0.3733031674208145,0.6266968325791855,0.040820837
4172,16,resample,2,0.11184609,0.25366688,0.94407743,72.04038,0.06460707,0.008951619,0.0011816569603979588,-0.0003455353435128927,0.3291139240506329,0.6708860759493671,0.06460707
4173,17,resample,2,0.08708587,0.19751072,0.95645744,72.080505,0.050660968,0.03741619,0.09767899662256241,0.058910079300403595,0.21509209744503863,0.7849079025549613,0.050660968
4174,18,resample,2,0.042552106,0.09650816,0.97872424,72.10314,0.030129824,-0.00045429915,0.003904459998011589,-0.006636172533035278,0.3698069046225863,0.6301930953774137,0.030129824
4175,19,resample,2,0.13858925,0.31432036,0.9307056,71.96667,0.08768493,0.068613976,0.0014476266223937273,-0.002274641999974847,0.5040347610180013,0.49596523898199874,0.08768493
4176,20,resample,2,0.2152216,0.4881225,0.89238966,72.10166,0.17322333,0.07995358,0.29597043991088867,0.23276782780885696,0.2195845697329377,0.7804154302670623,0.17322333
4177,21,resample,2,0.1630741,0.369852,0.9184632,71.79967,0.053384844,0.033706307,0.03422243148088455,0.0036375969648361206,0.38444924406047515,0.6155507559395248,0.053384844
4178,22,resample,2,0.079502426,0.18031147,0.9602489,72.00488,0.04359455,0.0064558685,0.01744093745946884,-0.07459084689617157,0.31453218314532183,0.6854678168546782,0.04359455
4179,23,resample,2,0.15626146,0.35440093,0.92186964,71.96749,0.1425201,-0.045250773,0.32014694809913635,0.1731763482093811,0.3870233352305065,0.6129766647694934,0.1425201
4180,24,resample,2,0.06866641,0.15573539,0.9656673,72.05845,0.054005347,0.005216986,0.0035421685315668583,0.003144200600218028,0.2487106017191977,0.7512893982808023,0.054005347
4181,25,resample,2,0.12172494,0.2760721,0.93913764,71.988464,0.04966731,-0.0041282475,0.008398600853979588,0.0019137253984808922,0.2542565266742338,0.7457434733257662,0.04966731
4182,26,resample,2,0.086576365,0.19635516,0.9567122,71.79864,0.048062433,0.025489435,0.018981412053108215,0.009472358040511608,0.30685920577617326,0.6931407942238268,0.048062433
4183,27,resample,2,0.14475116,0.32829556,0.92762476,71.99546,0.05907184,0.0009742081,0.09403564035892487,-0.019064493477344513,0.18201997780244172,0.8179800221975583,0.05907184
4184,28,resample,2,0.0668517,0.15161963,0.96657467,71.89652,0.035363104,-0.008329272,0.002065487438812852,-0.007430553203448653,0.2595419847328244,0.7404580152671756,0.035363104
4185,29,resample,2,0.09584578,0.21737818,0.95207745,71.76107,0.07772433,0.07213037,0.8120040893554688,0.8033596910536289,0.37491479209270623,0.6250852079072937,0.07772433
4186,30,resample,2,0.1023396,0.23210618,0.94883066,72.06396,0.054510813,0.008942425,0.24905754625797272,-0.031352415680885315,0.3153969099627065,0.6846030900372935,0.054510813
4187,31,resample,2,0.2516506,0.57074344,0.8741748,71.7287,0.09237397,0.04598552,0.010807402431964874,0.008053902769461274,0.3172103487064117,0.6827896512935883,0.09237397
4188,32,resample,2,0.060246013,0.13663793,0.9698778,71.945595,0.039644808,-0.0007547289,0.05199361965060234,0.029833313077688217,0.35932986712882725,0.6406701328711728,0.039644808
4189,33,resample,2,0.08004832,0.18154956,0.9599764,72.22718,0.054642152,0.0134096,0.005944531410932541,0.0019487724639475346,0.30299471520845567,0.6970052847915443,0.054642152
4190,34,resample,2,0.22893849,0.5192324,0.8855311,71.49355,0.14874619,-0.03294283,0.0048034219071269035,-0.0063848597928881645,0.35918367346938773,0.6408163265306123,0.14874619
4191,35,resample,2,0.04684328,0.10624053,0.9765785,71.922806,0.049696498,0.004059352,0.01895175129175186,0.0025531239807605743,0.27261462205700127,0.7273853779429987,0.049696498
4192,36,resample,2,0.06463847,0.14660002,0.96768105,72.06001,0.055564806,-0.03018184,0.03253280371427536,-0.007621504366397858,0.22303664921465968,0.7769633507853403,0.055564806
4193,37,resample,2,0.054442324,0.123475164,0.97277945,72.08045,0.039594363,0.012558103,0.03785973787307739,0.025282107293605804,0.3795336787564767,0.6204663212435233,0.039594363
4194,38,resample,2,0.16414419,0.37227896,0.91792816,71.88248,0.065956116,0.046616346,0.07043943554162979,0.015394959598779678,0.319091400757166,0.680908599242834,0.065956116
4195,39,resample,2,0.050027512,0.11346237,0.97498655,72.16356,0.052581258,0.0071209744,0.017490990459918976,-0.02426445111632347,0.44844124700239807,0.5515587529976019,0.052581258
4196,40,resample,2,0.055044405,0.124840684,0.9724781,71.720276,0.02801312,0.001761198,0.024720177054405212,0.01113884150981903,0.2652683528685996,0.7347316471314004,0.02801312
4197,41,resample,2,0.09450435,0.21433581,0.9527478,71.87232,0.055880867,-0.0017354786,0.025501789525151253,0.00027583539485931396,0.2545255074053758,0.7454744925946242,0.055880867
4198,42,resample,2,0.0540766,0.122645706,0.9729617,71.95707,0.070646614,-0.019882545,0.002856805920600891,-0.004346312489360571,0.38798102266736956,0.6120189773326304,0.070646614
4199,43,resample,2,0.08871882,0.20121424,0.955641,72.02494,0.07541865,-0.0088048875,0.024409644305706024,0.008145259693264961,0.417687799680341,0.582312200319659,0.07541865
4200,44,resample,2,0.11981046,0.27173007,0.9400951,72.055786,0.07277314,-0.0020534098,0.016493937000632286,0.006836214102804661,0.3601621308627678,0.6398378691372322,0.07277314
4201,45,resample,2,0.061820645,0.1402092,0.9690901,71.943924,0.07421072,0.008369729,0.026529816910624504,0.009467585012316704,0.30327868852459017,0.6967213114754098,0.07421072
4202,46,resample,2,0.18287136,0.41475216,0.90856445,72.00222,0.26339155,0.075220734,0.020509023219347,0.004288863390684128,0.38233438485804416,0.6176656151419558,0.26339155
4203,47,resample,2,0.068696715,0.15580411,0.96565175,71.77515,0.04581834,-0.01907362,0.01337418146431446,-0.004312658682465553,0.3193717277486911,0.6806282722513088,0.04581834
4204,48,resample,2,0.101337,0.22983228,0.94933176,72.00197,0.04337848,-0.0051581413,0.009079859592020512,-0.003906956873834133,0.2755741127348643,0.7244258872651357,0.04337848
4205,49,resample,2,0.07657604,0.17367442,0.9617121,71.8202,0.048565846,-0.039262503,0.028337080031633377,-0.03426237031817436,0.27958172812328014,0.7204182718767198,0.048565846
4206,50,resample,2,0.08319684,0.1886904,0.9584021,71.9627,0.05787122,-0.0063975602,0.0058936383575201035,0.0025521274656057358,0.26588235294117646,0.7341176470588235,0.05787122
4207,51,resample,2,0.21036115,0.477099,0.89481974,71.990036,0.061708577,0.035898864,0.0003741281107068062,-0.0006013114470988512,0.2779420461265523,0.7220579538734477,0.061708577
4208,52,resample,2,0.08787142,0.19929233,0.9560647,72.08595,0.04884953,0.010648131,0.038355715572834015,-0.008719675242900848,0.27492260061919505,0.725077399380805,0.04884953
4209,53,resample,2,0.1558977,0.35357592,0.9220513,71.95873,0.07313274,0.07928726,0.015976930037140846,0.00731850229203701,0.291970802919708,0.708029197080292,0.07313274
4210,54,resample,2,0.0810218,0.18375741,0.9594892,71.752266,0.091312855,0.06491893,0.0258498452603817,-0.02270083874464035,0.3564118001204094,0.6435881998795906,0.091312855
4211,55,resample,2,0.048542786,0.11009502,0.9757289,72.02838,0.06214086,-0.046265326,0.0021376856602728367,-0.00016167550347745419,0.37740244612696566,0.6225975538730344,0.06214086
4212,56,resample,2,0.09747858,0.22108139,0.9512607,72.016396,0.044299036,0.024316251,0.2592877149581909,0.09891970455646515,0.3217442545668827,0.6782557454331173,0.044299036
4213,57,resample,2,0.07447226,0.16890307,0.9627643,72.321915,0.1064734,-0.08577095,0.011023439466953278,-0.024469055235385895,0.27364663890541346,0.7263533610945865,0.1064734
4214,58,resample,2,0.051804125,0.11749173,0.9740985,71.87855,0.039810784,-0.019554116,0.021686965599656105,-0.0017804615199565887,0.21490280777537796,0.785097192224622,0.039810784
4215,59,resample,2,0.09944132,0.22553287,0.95028,71.90035,0.061848257,0.043022946,0.023425186052918434,0.003740992397069931,0.20436280137772675,0.7956371986222732,0.061848257
4216,60,resample,2,0.09617552,0.21812604,0.95191246,71.94148,0.07050523,0.04968731,0.04150920733809471,0.012534856796264648,0.32022792022792024,0.6797720797720798,0.07050523
4217,61,resample,2,0.07389505,0.16759394,0.9630526,72.28193,0.056620717,-0.017800063,0.0411890484392643,-0.004882935434579849,0.4031382015691008,0.5968617984308993,0.056620717
4218,62,resample,2,0.10859909,0.24630268,0.94570076,72.14263,0.09780762,0.05004704,0.5867272615432739,0.34048956632614136,0.28413284132841327,0.7158671586715868,0.09780762
4219,63,resample,2,0.04872951,0.11051851,0.9756357,72.04231,0.03074706,-0.010694779,0.008651389740407467,0.0016674431972205639,0.3092537313432836,0.6907462686567164,0.03074706
4220,0,resample,3,0.091781065,0.20815942,0.95410985,72.004135,0.057013195,0.03637275,0.043576158583164215,0.014020338654518127,0.3876704208654416,0.6123295791345584,0.057013195
4221,1,resample,3,0.10045954,0.22784218,0.9497705,71.92522,0.051990516,0.025733188,0.08582331240177155,0.006062716245651245,0.39976553341148885,0.6002344665885111,0.051990516
4222,2,resample,3,0.08057155,0.18273623,0.9597145,72.04308,0.08253506,-0.023955151,0.02159840054810047,-0.01642824150621891,0.35975267003934797,0.640247329960652,0.08253506
4223,3,resample,3,0.10518521,0.23856,0.94740754,72.04005,0.06569013,-0.043235287,0.05690450966358185,-0.014810420572757721,0.3142857142857143,0.6857142857142857,0.06569013
4224,4,resample,3,0.10460315,0.2372399,0.94769883,71.887825,0.058656078,0.0073343515,0.0028420707676559687,-0.0036197646986693144,0.31475811390079605,0.685241886099204,0.058656078
4225,5,resample,3,0.16070718,0.3644838,0.91964656,71.88604,0.045546196,-0.005138904,0.053637780249118805,0.02670488879084587,0.425414364640884,0.574585635359116,0.045546196
4226,6,resample,3,0.059936594,0.13593617,0.97003174,71.78489,0.051119454,0.04943329,0.008962437510490417,0.006341638509184122,0.3365570599613153,0.6634429400386848,0.051119454
4227,7,resample,3,0.08298838,0.18821761,0.9585061,71.850655,0.09596273,-0.08429304,0.024201633408665657,-0.06996173225343227,0.354387926215763,0.645612073784237,0.09596273
4228,8,resample,3,0.12903245,0.29264554,0.9354843,71.84453,0.06797321,-0.032542318,0.0014737768797203898,0.000459667993709445,0.3305084745762712,0.6694915254237288,0.06797321
4229,9,resample,3,0.079491675,0.18028708,0.96025443,71.75904,0.08033677,0.008435652,0.015395933762192726,0.003221232444047928,0.3921311475409836,0.6078688524590163,0.08033677
4230,10,resample,3,0.21651204,0.4910492,0.89174455,71.74568,0.17398919,0.00019970536,0.009959755465388298,0.0006119869649410248,0.3186360964138742,0.6813639035861259,0.17398919
4231,11,resample,3,0.074861184,0.16978513,0.9625701,72.200935,0.05174159,0.012965456,0.21365070343017578,0.04128709435462952,0.2785838653511317,0.7214161346488683,0.05174159
4232,12,resample,3,0.06495164,0.1473103,0.96752447,72.12079,0.012985653,-0.016678914,0.015175887383520603,-0.0026956191286444664,0.42589231699939506,0.5741076830006049,0.012985653
4233,13,resample,3,0.091126695,0.2066753,0.9544368,71.89404,0.04992278,-0.02031751,0.0011734673753380775,-0.012959937565028667,0.4485407066052227,0.5514592933947773,0.04992278
4234,14,resample,3,0.047778912,0.10836255,0.9761108,71.996025,0.028035494,0.00035877526,0.045113157480955124,0.01323467493057251,0.38341968911917096,0.616580310880829,0.028035494
4235,15,resample,3,0.07234066,0.16406858,0.9638299,72.01686,0.027781429,0.020763084,0.002833845093846321,0.001762124360539019,0.3335204941044357,0.6664795058955644,0.027781429
4236,16,resample,3,0.086969085,0.19724585,0.9565156,72.108955,0.07430898,-0.047469407,0.0008291987469419837,-0.0006979935569688678,0.3104972375690608,0.6895027624309392,0.07430898
4237,17,resample,3,0.09008698,0.20431723,0.9549569,72.04161,0.05594112,0.044222698,0.04078972339630127,0.002020806074142456,0.31343283582089554,0.6865671641791045,0.05594112
4238,18,resample,3,0.045008875,0.10208011,0.97749555,72.13185,0.02943358,0.0051176473,0.008721742779016495,-0.0018188897520303726,0.38409785932721713,0.6159021406727829,0.02943358
4239,19,resample,3,0.12088148,0.27415916,0.9395595,72.01264,0.07815137,0.028452784,0.001580954878591001,-0.002141313743777573,0.35071633237822347,0.6492836676217766,0.07815137
4240,20,resample,3,0.20401111,0.46269712,0.8979948,72.01214,0.20775303,0.054528207,0.29282745718955994,0.22962484508752823,0.3728613569321534,0.6271386430678466,0.20775303
4241,21,resample,3,0.13019444,0.29528093,0.9349031,71.77334,0.043380298,-0.040864766,0.020065341144800186,-0.010519493371248245,0.35287958115183243,0.6471204188481676,0.043380298
4242,22,resample,3,0.063181095,0.14329469,0.96840966,72.0523,0.040039334,-0.03056091,0.0747569352388382,-0.017274849116802216,0.30713857228554287,0.6928614277144571,0.040039334
4243,23,resample,3,0.15674561,0.35549897,0.9216274,71.97292,0.12096151,-0.044152737,0.308835506439209,0.16186490654945374,0.391139924365208,0.6088600756347919,0.12096151
4244,24,resample,3,0.06522457,0.1479293,0.9673882,72.111206,0.022197705,-0.0025891066,0.00029381189960986376,-0.0001041560317389667,0.35722543352601155,0.6427745664739885,0.022197705
4245,25,resample,3,0.13911599,0.315515,0.93044204,71.994675,0.16298947,0.03531465,0.009397784247994423,0.0029129087924957275,0.23063063063063063,0.7693693693693694,0.16298947
4246,26,resample,3,0.11587189,0.2627974,0.9420644,71.76602,0.09630075,0.091931656,0.008931150659918785,-0.0005779033526778221,0.3018181818181818,0.6981818181818182,0.09630075
4247,27,resample,3,0.17999823,0.4082359,0.9100014,72.05005,0.060199615,0.08091456,0.11042402684688568,-0.0026761069893836975,0.2763761467889908,0.7236238532110092,0.060199615
4248,28,resample,3,0.067408845,0.15288323,0.96629584,71.849846,0.04321015,-0.0070656687,0.0017539323307573795,-0.007742108311504126,0.34035087719298246,0.6596491228070176,0.04321015
4249,29,resample,3,0.06593658,0.14954413,0.96703196,71.842766,0.028491471,0.0042963177,0.020472537726163864,0.011828139424324036,0.3792172739541161,0.6207827260458839,0.028491471
4250,30,resample,3,0.10702507,0.24273282,0.94648784,72.110176,0.08028886,0.01956907,0.3085149824619293,0.02810502052307129,0.2508038585209003,0.7491961414790997,0.08028886
4251,31,resample,3,0.29947162,0.6792015,0.8502643,71.77513,0.11982151,0.15444356,0.005219584330916405,0.0024660846684128046,0.41485714285714287,0.5851428571428572,0.11982151
4252,32,resample,3,0.051223446,0.11617475,0.97438896,71.93333,0.04407212,-0.021217905,0.01650901697576046,-0.005651289597153664,0.16730875068794718,0.8326912493120529,0.04407212
4253,33,resample,3,0.08817154,0.19997302,0.95591474,72.33559,0.0514087,0.031833053,0.006797840818762779,0.002802081871777773,0.43674176776429807,0.5632582322357019,0.0514087
4254,34,resample,3,0.23651485,0.5364156,0.8817431,71.61077,0.104357444,-0.015759647,0.0094926618039608,-0.0016956198960542679,0.3418447107868682,0.6581552892131318,0.104357444
4255,35,resample,3,0.04832951,0.10961131,0.9758357,71.93186,0.04336945,0.0074301288,0.021870512515306473,0.0054718852043151855,0.21545403271291597,0.784545967287084,0.04336945
4256,36,resample,3,0.09029181,0.20478179,0.9548543,72.06758,0.07173311,0.027999923,0.05494067817926407,0.01478637009859085,0.20359281437125748,0.7964071856287425,0.07173311
4257,37,resample,3,0.04579593,0.10386515,0.9771024,72.04298,0.03519909,-0.007051915,0.022447383031249046,0.009869752451777458,0.424857324032974,0.575142675967026,0.03519909
4258,38,resample,3,0.13286039,0.30132732,0.9335704,71.892204,0.05864758,-0.024335295,0.04335013031959534,-0.011694345623254776,0.37037037037037035,0.6296296296296297,0.05864758
4259,39,resample,3,0.06790686,0.15401272,0.96604687,72.19264,0.05341178,0.047671326,0.039786454290151596,-0.001968987286090851,0.37333333333333335,0.6266666666666667,0.05341178
4260,40,resample,3,0.054793913,0.12427257,0.9726033,71.75909,0.030458178,0.0011930838,0.021238071843981743,0.007656736299395561,0.39030453697949036,0.6096954630205096,0.030458178
4261,41,resample,3,0.08937593,0.20270456,0.95531225,71.83897,0.04778365,-0.013366729,0.01615411788225174,-0.0090718362480402,0.3608847497089639,0.6391152502910361,0.04778365
4262,42,resample,3,0.08276576,0.1877127,0.95861745,72.01463,0.0551173,0.04518445,0.007694026455283165,0.000490908045321703,0.21549893842887474,0.7845010615711252,0.0551173
4263,43,resample,3,0.0940692,0.2133489,0.95296574,72.00857,0.049345165,0.0033297688,0.01940828748047352,0.0031439028680324554,0.4378899602949518,0.5621100397050482,0.049345165
4264,44,resample,3,0.1528414,0.34664422,0.9235796,71.93038,0.13029185,0.07286075,0.020488789305090904,0.010831066407263279,0.38580423583285633,0.6141957641671436,0.13029185
4265,45,resample,3,0.056174815,0.12740445,0.9719129,71.91233,0.03035453,-0.0044350177,0.016781292855739594,-0.0002809390425682068,0.3680089485458613,0.6319910514541387,0.03035453
4266,46,resample,3,0.1500386,0.34028748,0.92498076,71.873505,0.0592063,0.0007560551,0.01306170504540205,-0.0031584547832608223,0.287167891464104,0.712832108535896,0.0592063
4267,47,resample,3,0.06941529,0.15743385,0.9652926,71.798615,0.05072236,-0.01744388,0.02179749682545662,0.004110656678676605,0.29255029907558455,0.7074497009244154,0.05072236
4268,48,resample,3,0.11582972,0.26270175,0.9420854,71.92208,0.05858775,0.027711332,0.013616064563393593,0.0006292480975389481,0.2964509394572025,0.7035490605427974,0.05858775
4269,49,resample,3,0.057940472,0.13140896,0.9710299,71.8471,0.083279796,-0.08152796,0.013511080294847488,-0.04908837005496025,0.26993865030674846,0.7300613496932515,0.083279796
4270,50,resample,3,0.08205293,0.18609601,0.958974,71.91523,0.039609242,-0.008991942,0.004853235557675362,0.001511724665760994,0.3532796317606444,0.6467203682393556,0.039609242
4271,51,resample,3,0.192761,0.43718186,0.9036198,71.94077,0.075857736,-0.004018277,0.0005298744072206318,-0.00044556515058502555,0.353009935710111,0.6469900642898889,0.075857736
4272,52,resample,3,0.08196006,0.18588538,0.9590204,72.05373,0.06276252,-0.002758816,0.04949482902884483,0.00241943821310997,0.3406789755807028,0.6593210244192972,0.06276252
4273,53,resample,3,0.12421031,0.28170893,0.9378951,72.01748,0.061265223,0.0074202716,0.009738598018884659,0.0010801702737808228,0.33980582524271846,0.6601941747572815,0.061265223
4274,54,resample,3,0.072722666,0.16493498,0.963639,71.71161,0.046414774,0.046096496,0.03832464665174484,-0.010226037353277206,0.3402816901408451,0.6597183098591549,0.046414774
4275,55,resample,3,0.053760212,0.12192813,0.9731204,72.003944,0.074027695,-0.03443221,0.002068697242066264,-0.00023066392168402672,0.2787068004459309,0.7212931995540691,0.074027695
4276,56,resample,3,0.087467685,0.19837667,0.9562662,72.07054,0.05368894,0.0016115308,0.13803814351558685,-0.022329866886138916,0.32136550912301354,0.6786344908769865,0.05368894
4277,57,resample,3,0.08240157,0.18688673,0.9587997,72.29006,0.073936254,-0.06778729,0.015678271651268005,-0.019814223051071167,0.37097717963721477,0.6290228203627852,0.073936254
4278,58,resample,3,0.050355453,0.11420614,0.97482246,71.904724,0.04362065,-0.022839703,0.008815147913992405,-0.014652279205620289,0.4324905863367402,0.5675094136632598,0.04362065
4279,59,resample,3,0.09971811,0.22616063,0.95014143,71.83853,0.060752448,0.0436507,0.016213033348321915,-0.0034711603075265884,0.2037037037037037,0.7962962962962963,0.060752448
4280,60,resample,3,0.09729673,0.22066894,0.951352,71.916435,0.060377657,0.05223021,0.042073119431734085,0.013098768889904022,0.3231707317073171,0.6768292682926829,0.060377657
4281,61,resample,3,0.07652607,0.17356108,0.9617371,72.29331,0.048500784,-0.011832923,0.056324563920497894,0.010252580046653748,0.31810089020771515,0.6818991097922849,0.048500784
4282,62,resample,3,0.093211964,0.2114047,0.9533945,72.11042,0.061734214,0.015149057,0.5921868085861206,0.34594911336898804,0.3831417624521073,0.6168582375478927,0.061734214
4283,63,resample,3,0.049013015,0.11116149,0.97549397,72.02931,0.045211036,-0.010051794,0.01057691965252161,0.0035929731093347073,0.32084309133489464,0.6791569086651054,0.045211036
4284,0,resample,4,0.09697659,0.21994287,0.95151174,71.96658,0.0678981,0.0481562,0.03880394995212555,0.009248130023479462,0.4439112177564487,0.5560887822435513,0.0678981
4285,1,resample,4,0.09484453,0.21510735,0.95257807,71.88335,0.054312628,0.012998357,0.07444894313812256,-0.005311653017997742,0.2510510510510511,0.7489489489489489,0.054312628
4286,2,resample,4,0.072358936,0.16411003,0.9638208,71.98321,0.061504103,-0.04258135,0.019427277147769928,-0.018599364906549454,0.3091206990715456,0.6908793009284544,0.061504103
4287,3,resample,4,0.116334,0.26384544,0.9418335,72.066505,0.053356186,-0.01794985,0.07715194672346115,0.005437016487121582,0.26140567200986436,0.7385943279901357,0.053356186
4288,4,resample,4,0.084433034,0.19149408,0.9577839,71.86107,0.1043748,-0.03841147,0.006383863277733326,-7.797218859195709e-05,0.3765133171912833,0.6234866828087167,0.1043748
4289,5,resample,4,0.15796998,0.35827586,0.9210149,71.863106,0.056842133,-0.011346847,0.031318821012973785,0.0043859295547008514,0.2657111356119074,0.7342888643880926,0.056842133
4290,6,resample,4,0.044873893,0.10177397,0.97756356,71.88641,0.029320039,0.01527109,0.01059185341000557,0.007971054408699274,0.3490683229813665,0.6509316770186335,0.029320039
4291,7,resample,4,0.09514111,0.21578,0.9524298,71.77608,0.11695832,-0.056730643,0.04487503319978714,-0.04928833246231079,0.35517054683270166,0.6448294531672983,0.11695832
4292,8,resample,4,0.16262549,0.36883456,0.9186877,71.88334,0.1060908,0.043646693,0.0017150845378637314,0.0007009756518527865,0.383448275862069,0.616551724137931,0.1060908
4293,9,resample,4,0.068238966,0.15476595,0.9658807,71.79839,0.068810046,-0.017085478,0.013270076364278793,0.001095375046133995,0.24158415841584158,0.7584158415841584,0.068810046
4294,10,resample,4,0.17956457,0.40725234,0.910218,71.85985,0.18239294,-0.08359715,0.007182275410741568,-0.0021654930897057056,0.21573301549463647,0.7842669845053636,0.18239294
4295,11,resample,4,0.061692666,0.13991894,0.9691541,72.15793,0.03311738,-0.016900733,0.09373998641967773,-0.07862362265586853,0.3537331701346389,0.6462668298653611,0.03311738
4296,12,resample,4,0.058426123,0.13251042,0.9707871,72.11524,0.025043802,-0.031478792,0.012852801010012627,-0.005018705502152443,0.3802236609770453,0.6197763390229547,0.025043802
4297,13,resample,4,0.09802021,0.2223098,0.95099,71.82252,0.039811358,-0.0046830177,0.003812050446867943,-0.010321354493498802,0.4363929146537842,0.5636070853462158,0.039811358
4298,14,resample,4,0.05088652,0.1154106,0.97455734,71.974045,0.040538445,0.007406831,0.06487070024013519,0.03299221768975258,0.36798088410991636,0.6320191158900836,0.040538445
4299,15,resample,4,0.08251773,0.18715017,0.9587411,71.965034,0.04915779,0.04384467,0.0028223954141139984,0.0017506746808066964,0.2857142857142857,0.7142857142857143,0.04915779
4300,16,resample,4,0.104308344,0.23657128,0.94784623,72.07045,0.057225417,-0.008143976,0.001673716469667852,0.00014652416575700045,0.4251530328324986,0.5748469671675014,0.057225417
4301,17,resample,4,0.093849495,0.21285062,0.95307565,71.985565,0.05372723,0.052756086,0.05842846632003784,0.01965954899787903,0.26763717805151177,0.7323628219484882,0.05372723
4302,18,resample,4,0.038329493,0.08693127,0.9808353,72.14037,0.024606433,-0.010031186,0.007823549211025238,-0.0027170833200216293,0.28287841191067,0.71712158808933,0.024606433
4303,19,resample,4,0.13718238,0.3111296,0.93140894,71.96925,0.09601058,0.06542322,0.002404755912721157,-0.001317512709647417,0.40936374549819926,0.5906362545018007,0.09601058
4304,20,resample,4,0.19263521,0.43689656,0.9036829,72.15336,0.1095407,0.02872765,0.24718064069747925,0.18397802859544754,0.2413793103448276,0.7586206896551724,0.1095407
4305,21,resample,4,0.11575005,0.26252106,0.94212514,71.767456,0.06344378,-0.07362464,0.017872437834739685,-0.012712396681308746,0.35737009544008486,0.6426299045599151,0.06344378
4306,22,resample,4,0.06261611,0.14201331,0.968692,71.99216,0.06974747,-0.03184229,0.042104125022888184,-0.04992765933275223,0.20429407937540664,0.7957059206245933,0.06974747
4307,23,resample,4,0.15811482,0.35860434,0.920943,71.9804,0.08005537,-0.041047364,0.2621590495109558,0.11518844962120056,0.24286513710128707,0.7571348628987129,0.08005537
4308,24,resample,4,0.0597649,0.13554676,0.97011787,72.10951,0.03304281,-0.014971644,0.0025613734032958746,0.002163405471947044,0.3419391853126793,0.6580608146873207,0.03304281
4309,25,resample,4,0.14346102,0.32536954,0.92826974,71.99505,0.11287913,0.045169175,0.0062750945799052715,-0.00020978087559342384,0.27926829268292686,0.7207317073170731,0.11287913
4310,26,resample,4,0.1056272,0.23956245,0.9471867,71.77677,0.070388675,0.06869672,0.01181594468653202,0.0023068906739354134,0.3222748815165877,0.6777251184834123,0.070388675
4311,27,resample,4,0.16760236,0.38012207,0.9161992,72.0315,0.0632196,0.052800715,0.14139404892921448,0.0282939150929451,0.30750154990700557,0.6924984500929945,0.0632196
4312,28,resample,4,0.07573643,0.1717702,0.962132,71.9246,0.061127905,0.0118213,0.0015505305491387844,-0.00794551009312272,0.24160282852091927,0.7583971714790807,0.061127905
4313,29,resample,4,0.07128416,0.16167244,0.9643585,71.78724,0.028327616,0.016424626,0.0063124834559857845,-0.002331914845854044,0.2716049382716049,0.7283950617283951,0.028327616
4314,30,resample,4,0.089810364,0.20368986,0.9550953,72.04579,0.04714402,-0.019473895,0.2987596392631531,0.018349677324295044,0.41304347826086957,0.5869565217391304,0.04714402
4315,31,resample,4,0.2621352,0.59452254,0.8689326,71.80497,0.07791106,0.069764614,0.012981243431568146,0.010227743769064546,0.3300110741971207,0.6699889258028793,0.07791106
4316,32,resample,4,0.053647302,0.12167206,0.973177,71.98387,0.03297995,-0.015720598,0.019397303462028503,-0.00276300311088562,0.3877551020408163,0.6122448979591837,0.03297995
4317,33,resample,4,0.08926949,0.20246316,0.9553656,72.19511,0.055658437,0.0343232,0.010095320641994476,0.00609956169500947,0.3663133097762073,0.6336866902237928,0.055658437
4318,34,resample,4,0.25219327,0.5719742,0.8739037,71.65667,0.068348095,0.019798994,0.012695858255028725,0.0015075765550136566,0.3368756641870351,0.6631243358129649,0.068348095
4319,35,resample,4,0.05336709,0.12103654,0.9733168,71.91689,0.040692553,0.018855356,0.02779904380440712,0.011400416493415833,0.16406701328711729,0.8359329867128827,0.040692553
4320,36,resample,4,0.07792851,0.17674184,0.9610361,72.081635,0.07693088,-4.002452e-05,0.04575551301240921,0.005601204931735992,0.34285714285714286,0.6571428571428571,0.07693088
4321,37,resample,4,0.049945887,0.11327725,0.9750275,72.01601,0.024713442,0.0023601875,0.05729926750063896,0.044721636921167374,0.36150524367674275,0.6384947563232573,0.024713442
4322,38,resample,4,0.14961582,0.33932862,0.9251926,71.91927,0.056140404,0.013666004,0.06870463490486145,0.013660158962011337,0.27823050058207216,0.7217694994179278,0.056140404
4323,39,resample,4,0.06108862,0.13854897,0.96945614,72.180626,0.049112953,0.03220757,0.029081933200359344,-0.012673508375883102,0.29304029304029305,0.7069597069597069,0.049112953
4324,40,resample,4,0.0619443,0.14048964,0.9690281,71.714035,0.029097926,0.017410152,0.03162882477045059,0.01804748922586441,0.3445378151260504,0.6554621848739496,0.029097926
4325,41,resample,4,0.090543896,0.20535351,0.95472807,71.82883,0.04203517,-0.010717779,0.0187443345785141,-0.00648161955177784,0.2052401746724891,0.7947598253275109,0.04203517
4326,42,resample,4,0.046163715,0.104699284,0.97691846,71.91846,0.030954318,-0.037828967,0.0024994220584630966,-0.004703696351498365,0.277088948787062,0.722911051212938,0.030954318
4327,43,resample,4,0.09253299,0.20986478,0.95373386,72.074905,0.067568146,-0.00015434623,0.016473881900310516,0.00020949728786945343,0.30635524171645845,0.6936447582835416,0.067568146
4328,44,resample,4,0.12787732,0.2900257,0.9360618,71.98716,0.09388211,0.016242236,0.010373950004577637,0.0007162271067500114,0.18874560375146543,0.8112543962485346,0.09388211
4329,45,resample,4,0.06569059,0.14898624,0.96715474,71.920044,0.051686198,0.017146766,0.026678645983338356,0.009616414085030556,0.3438757906843013,0.6561242093156987,0.051686198
4330,46,resample,4,0.14481738,0.32844576,0.9275913,71.87998,0.056447826,-0.011085659,0.018286265432834625,0.002066105604171753,0.30470588235294116,0.6952941176470588,0.056447826
4331,47,resample,4,0.077218145,0.17513072,0.961391,71.8087,0.049313456,0.00025299191,0.03796966373920441,0.020282823592424393,0.3506763787721124,0.6493236212278877,0.049313456
4332,48,resample,4,0.09541343,0.21639761,0.9522936,72.016884,0.048040148,-0.018592805,0.010559702292084694,-0.002427114173769951,0.3307652799178223,0.6692347200821778,0.048040148
4333,49,resample,4,0.08076194,0.18316804,0.9596193,71.84381,0.053189788,-0.029768884,0.015451721847057343,-0.0471477285027504,0.3205204021289178,0.6794795978710821,0.053189788
4334,50,resample,4,0.085733205,0.19444287,0.95713407,71.914825,0.052517675,-0.00064508617,0.0016202982515096664,-0.0017212126404047012,0.27251461988304093,0.7274853801169591,0.052517675
4335,51,resample,4,0.17037813,0.38641754,0.91481125,71.842285,0.11762255,-0.0547826,0.0003361775306984782,-0.0006392620271071792,0.32281119714115547,0.6771888028588445,0.11762255
4336,52,resample,4,0.07774283,0.1763207,0.9611292,72.029594,0.077881955,-0.012323499,0.02194075658917427,-0.025134634226560593,0.340867440439829,0.659132559560171,0.077881955
4337,53,resample,4,0.13782367,0.312584,0.93108827,72.025536,0.07724652,0.03829536,0.005985146388411522,-0.002673281356692314,0.24019024970273484,0.7598097502972652,0.07724652
4338,54,resample,4,0.062425368,0.1415807,0.9687878,71.75394,0.048481528,0.02274222,0.01926640048623085,-0.0292842835187912,0.42709529276693453,0.5729047072330655,0.048481528
4339,55,resample,4,0.05635951,0.12782335,0.9718208,72.038025,0.082018554,-0.02853699,0.00247129681520164,0.00017193565145134926,0.29777777777777775,0.7022222222222223,0.082018554
4340,56,resample,4,0.08876145,0.20131093,0.95561945,72.06468,0.03314551,0.004545793,0.2887689173221588,0.12840090692043304,0.2256169212690952,0.7743830787309048,0.03314551
4341,57,resample,4,0.101498865,0.23019938,0.9492511,72.27736,0.05334636,-0.024474636,0.0267771128565073,-0.008715381845831871,0.2687116564417178,0.7312883435582822,0.05334636
4342,58,resample,4,0.0593902,0.13469695,0.9703051,71.88612,0.05413988,-0.0023488998,0.029200688004493713,0.00573326088488102,0.42414174972314506,0.575858250276855,0.05413988
4343,59,resample,4,0.11182661,0.2536227,0.9440872,71.865944,0.10958157,0.07111278,0.012158608064055443,-0.00752558559179306,0.3530791788856305,0.6469208211143695,0.10958157
4344,60,resample,4,0.09200806,0.20867424,0.95399624,71.90551,0.07736996,0.040235505,0.03482694923877716,0.005852598696947098,0.2694712905059693,0.7305287094940307,0.07736996
4345,61,resample,4,0.0855031,0.193921,0.9572488,72.24815,0.06951836,0.008526996,0.07758593559265137,0.03151395171880722,0.22764227642276422,0.7723577235772358,0.06951836
4346,62,resample,4,0.094630376,0.21462165,0.9526851,72.14739,0.06520764,0.018366009,0.3922058343887329,0.14596813917160034,0.26092384519350814,0.7390761548064919,0.06520764
4347,63,resample,4,0.053155143,0.12055584,0.9734229,72.004036,0.038163822,-0.0006574467,0.017043832689523697,0.010059886146336794,0.38705811863391254,0.6129418813660874,0.038163822
4348,0,resample,5,0.089195155,0.20229457,0.95540255,72.012215,0.047873013,0.030507907,0.044199347496032715,0.014643527567386627,0.2941903584672435,0.7058096415327565,0.047873013
4349,1,resample,5,0.09471563,0.214815,0.95264244,71.933365,0.06607781,0.0127060115,0.11294867098331451,0.033188074827194214,0.2503037667071689,0.7496962332928311,0.06607781
4350,2,resample,5,0.08396137,0.19042434,0.95801955,71.9937,0.0610754,-0.016267046,0.028241697698831558,-0.009784944355487823,0.2576754385964912,0.7423245614035088,0.0610754
4351,3,resample,5,0.1007699,0.22854608,0.9496155,71.99368,0.08024199,-0.05324921,0.050216540694236755,-0.021498389542102814,0.32206515058389673,0.6779348494161033,0.08024199
4352,4,resample,5,0.095358714,0.21627352,0.95232105,71.878296,0.06871054,-0.013632029,0.0045197284780442715,-0.0019421069882810116,0.3652173913043478,0.6347826086956522,0.06871054
4353,5,resample,5,0.15054569,0.34143755,0.9247273,71.842155,0.046434704,-0.028185159,0.037401795387268066,0.010468903928995132,0.37583148558758317,0.6241685144124168,0.046434704
4354,6,resample,5,0.0631595,0.14324573,0.96842045,71.8851,0.054592784,0.056742847,0.02524823136627674,0.022627432364970446,0.3302752293577982,0.6697247706422018,0.054592784
4355,7,resample,5,0.09887746,0.22425404,0.9505616,71.78468,0.07776175,-0.048256606,0.04438401758670807,-0.04977934807538986,0.3217768147345612,0.6782231852654388,0.07776175
4356,8,resample,5,0.13815942,0.31334552,0.93092066,71.937416,0.07436538,-0.01184234,0.0055670165456831455,0.004552907659672201,0.27893601725377426,0.7210639827462257,0.07436538
4357,9,resample,5,0.075887665,0.1721132,0.9620564,71.84817,0.07901037,0.0002617687,0.02349746786057949,0.011322766542434692,0.2601010101010101,0.7398989898989898,0.07901037
4358,10,resample,5,0.18078795,0.410027,0.90960634,71.76678,0.1477893,-0.0808225,0.010931788943707943,0.0015840204432606697,0.2408256880733945,0.7591743119266054,0.1477893
4359,11,resample,5,0.066912785,0.15175816,0.96654403,72.16693,0.036850944,-0.005061507,0.1257181018590927,-0.04664550721645355,0.3085169743895176,0.6914830256104825,0.036850944
4360,12,resample,5,0.0691366,0.15680178,0.96543205,72.12953,0.023290569,-0.007187441,0.018493201583623886,0.0006216950714588165,0.30250145433391507,0.6974985456660849,0.023290569
4361,13,resample,5,0.10703607,0.24275775,0.9464823,71.869225,0.07383911,0.015764937,0.003984268754720688,-0.010149136185646057,0.3837298541826554,0.6162701458173445,0.07383911
4362,14,resample,5,0.045218796,0.10255621,0.97739094,71.9667,0.028167298,-0.0054475665,0.04064673185348511,0.008768249303102493,0.37485448195576254,0.6251455180442375,0.028167298
4363,15,resample,5,0.096452914,0.21875517,0.9517738,71.86856,0.07822107,0.075449675,0.02042439952492714,0.019352678791619837,0.22261072261072262,0.7773892773892774,0.07822107
4364,16,resample,5,0.14243975,0.3230533,0.9287806,72.00983,0.09117581,0.07833804,0.0024296350311487913,0.0009024427272379398,0.3528735632183908,0.6471264367816092,0.09117581
4365,17,resample,5,0.11053957,0.2507037,0.94473046,71.96139,0.08495148,0.09060916,0.10831461101770401,0.0695456936955452,0.18346545866364666,0.8165345413363534,0.08495148
4366,18,resample,5,0.041010913,0.09301273,0.9794947,72.116875,0.02563071,-0.0039497316,0.003554483875632286,-0.006986148655414581,0.18438050499119202,0.815619495008808,0.02563071
4367,19,resample,5,0.1382715,0.3135997,0.93086445,71.98115,0.08867461,0.06789333,0.0031290813349187374,-0.0005931872874498367,0.37279596977329976,0.6272040302267002,0.08867461
4368,20,resample,5,0.2084147,0.47268444,0.895793,72.10993,0.13662015,0.06451553,0.2901134490966797,0.22691083699464798,0.3702005730659026,0.6297994269340974,0.13662015
4369,21,resample,5,0.11110463,0.25198525,0.94444776,71.76223,0.07296361,-0.08416045,0.023495163768529892,-0.007089670747518539,0.33831872099020116,0.6616812790097988,0.07296361
4370,22,resample,5,0.05276938,0.11968093,0.97361535,71.979836,0.04235716,-0.05417467,0.0409533865749836,-0.051078397780656815,0.32564102564102565,0.6743589743589744,0.04235716
4371,23,resample,5,0.15522738,0.35205564,0.9223866,71.91966,0.12100161,-0.047596067,0.1519867181777954,0.005016118288040161,0.3694690265486726,0.6305309734513274,0.12100161
4372,24,resample,5,0.06839981,0.15513074,0.9658003,72.13738,0.026112106,0.0046123415,0.002428417792543769,0.0020304498611949384,0.30327868852459017,0.6967213114754098,0.026112106
4373,25,resample,5,0.1366301,0.309877,0.931685,72.015175,0.12311342,0.029676646,0.008815283887088299,0.0023304084315896034,0.1030557219892151,0.8969442780107849,0.12311342
4374,26,resample,5,0.096179,0.21813393,0.9519107,71.78246,0.06435166,0.047268197,0.026470579206943512,0.016961525194346905,0.30673316708229426,0.6932668329177057,0.06435166
4375,27,resample,5,0.15776686,0.35781518,0.9211172,71.97835,0.045281433,0.030493826,0.10471561551094055,-0.008384518325328827,0.3852596314907873,0.6147403685092128,0.045281433
4376,28,resample,5,0.06360422,0.14425434,0.96819794,71.84155,0.06672578,-0.015694559,0.005474643781781197,-0.0040213968604803085,0.3721198156682028,0.6278801843317972,0.06672578
4377,29,resample,5,0.0690773,0.15666728,0.9654616,71.82324,0.023465347,0.01141946,0.008972372859716415,0.0003279745578765869,0.29447035309793473,0.7055296469020653,0.023465347
4378,30,resample,5,0.08237936,0.18683636,0.9588109,72.057465,0.06415589,-0.036327392,0.2438405305147171,-0.03656943142414093,0.29784824462061155,0.7021517553793885,0.06415589
4379,31,resample,5,0.2738814,0.6211629,0.8630595,71.836395,0.11445489,0.09640497,0.014757998287677765,0.012004498625174165,0.32957913455838767,0.6704208654416124,0.11445489
4380,32,resample,5,0.055894293,0.12676823,0.9720534,71.8965,0.08128368,-0.010624424,0.04343700408935547,0.021276697516441345,0.19758507135016465,0.8024149286498353,0.08128368
4381,33,resample,5,0.09045003,0.20514064,0.95477533,72.28552,0.051033378,0.03700067,0.0038757342845201492,-0.0001200246624648571,0.2923906530856801,0.7076093469143199,0.051033378
4382,34,resample,5,0.21337113,0.4839256,0.89331466,71.59189,0.10051945,-0.06824961,0.00520771648734808,-0.005980565212666988,0.13564668769716087,0.8643533123028391,0.10051945
4383,35,resample,5,0.046111483,0.10458082,0.9769445,71.89997,0.03387446,0.0023996383,0.01753557287156582,0.0011369455605745316,0.24259362772498602,0.757406372275014,0.03387446
4384,36,resample,5,0.06273449,0.1422818,0.96863306,72.04488,0.065512195,-0.034500062,0.018742099404335022,-0.021412208676338196,0.4163682864450128,0.5836317135549872,0.065512195
4385,37,resample,5,0.049061608,0.1112717,0.9754696,72.04819,0.021661134,0.0003546402,0.023502439260482788,0.0109248086810112,0.24312767257177764,0.7568723274282223,0.021661134
4386,38,resample,5,0.14458442,0.3279174,0.9277084,71.87737,0.05872788,0.002254784,0.04225519299507141,-0.012789282947778702,0.28717366628830876,0.7128263337116912,0.05872788
4387,39,resample,5,0.05064547,0.1148639,0.9746777,72.153015,0.024508791,0.008522503,0.03927789628505707,-0.002477545291185379,0.3079872204472843,0.6920127795527157,0.024508791
4388,40,resample,5,0.05221944,0.11843366,0.9738906,71.775665,0.027832981,-0.0046458244,0.023279841989278793,0.009698506444692612,0.4468599033816425,0.5531400966183575,0.027832981
4389,41,resample,5,0.08953242,0.2030595,0.9552338,71.86698,0.046790786,-0.013011798,0.023026946932077408,-0.002199007198214531,0.23793490460157127,0.7620650953984287,0.046790786
4390,42,resample,5,0.058318656,0.13226669,0.9708407,71.97704,0.034774188,-0.010261565,0.0025574294850230217,-0.00464568892493844,0.3421891604675877,0.6578108395324123,0.034774188
4391,43,resample,5,0.06833944,0.15499382,0.9658308,72.02595,0.055552706,-0.05502531,0.008283502422273159,-0.007980882190167904,0.30467899891186073,0.6953210010881392,0.055552706
4392,44,resample,5,0.14468324,0.32814154,0.92765844,71.93929,0.12177851,0.054358065,0.007783875800669193,-0.001873847097158432,0.3546617915904936,0.6453382084095064,0.12177851
4393,45,resample,5,0.07151722,0.16220103,0.964242,71.90743,0.04620246,0.030361563,0.027844004333019257,0.010781772434711456,0.3918604651162791,0.6081395348837209,0.04620246
4394,46,resample,5,0.15519884,0.3519909,0.92240065,71.89029,0.07280533,0.012459487,0.01915265992283821,0.0029325000941753387,0.26121076233183854,0.7387892376681615,0.07280533
4395,47,resample,5,0.07480381,0.169655,0.96259844,71.82872,0.033584304,-0.005222738,0.02638126350939274,0.008694423362612724,0.37293553542887586,0.6270644645711241,0.033584304
4396,48,resample,5,0.095726594,0.21710788,0.95213675,71.98048,0.061185315,-0.01788254,0.009980760514736176,-0.0030060559511184692,0.26463104325699743,0.7353689567430026,0.061185315
4397,49,resample,5,0.062832795,0.14250475,0.9685837,71.81575,0.10262749,-0.07043217,0.012275055050849915,-0.050324395298957825,0.28773584905660377,0.7122641509433962,0.10262749
4398,50,resample,5,0.08933926,0.2026214,0.95533067,71.94674,0.041364767,0.007533446,0.002053133212029934,-0.0012883776798844337,0.33172496984318456,0.6682750301568154,0.041364767
4399,51,resample,5,0.222403,0.5044099,0.88879895,71.92885,0.065273516,0.06320977,0.002406372455880046,0.0014309328980743885,0.364411943936624,0.635588056063376,0.065273516
4400,52,resample,5,0.081613764,0.18509997,0.95919335,72.08447,0.049241874,-0.0035442263,0.038733094930648804,-0.00834229588508606,0.2496954933008526,0.7503045066991474,0.049241874
4401,53,resample,5,0.14161885,0.3211915,0.92919075,71.997986,0.06013945,0.046902835,0.01588725857436657,0.0072288308292627335,0.30439560439560437,0.6956043956043956,0.06013945
4402,54,resample,5,0.06297846,0.14283513,0.96851104,71.73215,0.023828503,0.023996644,0.05227240175008774,0.003721717745065689,0.20403458213256484,0.7959654178674351,0.023828503
4403,55,resample,5,0.05795542,0.13144287,0.9710227,71.986626,0.05950623,-0.024917468,0.0008467065053991973,-0.0014526546583510935,0.30141643059490086,0.6985835694050991,0.05950623
4404,56,resample,5,0.086632036,0.19648142,0.9566842,72.04631,0.04477133,-0.0002837181,0.11706823110580444,-0.043299779295921326,0.38202247191011235,0.6179775280898876,0.04477133
4405,57,resample,5,0.12448468,0.2823312,0.93775815,72.20565,0.030942101,0.027657181,0.05083874240517616,0.01534624770283699,0.37272192827748385,0.6272780717225162,0.030942101
4406,58,resample,5,0.062812045,0.1424577,0.9685941,71.868706,0.064325176,0.0054118484,0.009772004559636116,-0.013695422559976578,0.3470808784145688,0.6529191215854312,0.064325176
4407,59,resample,5,0.088216946,0.200076,0.95589215,71.84914,0.07867481,0.01756607,0.006551634985953569,-0.013132558669894934,0.2900958466453674,0.7099041533546326,0.07867481
4408,60,resample,5,0.069833145,0.15838154,0.9650839,71.87457,0.046356004,-0.010057196,0.05182277038693428,0.022848419845104218,0.3666859456333141,0.633314054366686,0.046356004
4409,61,resample,5,0.086288154,0.1957015,0.95685595,72.26517,0.0815045,0.010307491,0.06834246218204498,0.022270478308200836,0.23772915434654052,0.7622708456534595,0.0815045
4410,62,resample,5,0.09157227,0.20768587,0.9542141,72.116005,0.046472296,0.011430234,0.336506724357605,0.09026902914047241,0.30445544554455445,0.6955445544554455,0.046472296
4411,63,resample,5,0.04155461,0.094245836,0.9792232,72.03531,0.036155477,-0.026967451,0.004864756017923355,-0.002119190525263548,0.29711479435236343,0.7028852056476366,0.036155477
4412,0,resample,6,0.06695404,0.15185173,0.9665232,72.073524,0.064582966,-0.019934937,0.0347929485142231,0.005237128585577011,0.2939412117576485,0.7060587882423515,0.064582966
4413,1,resample,6,0.13201639,0.2994131,0.93399215,71.92622,0.1415375,0.09730412,0.10019469261169434,0.020434096455574036,0.3677458766035431,0.6322541233964569,0.1415375
4414,2,resample,6,0.07401607,0.16786842,0.96299213,71.96486,0.06052313,-0.038822964,0.025407053530216217,-0.012619588524103165,0.26885245901639343,0.7311475409836066,0.06052313
4415,3,resample,6,0.12553301,0.28470883,0.93723375,72.001434,0.05905625,0.0029135346,0.06759423017501831,-0.0041207000613212585,0.30117647058823527,0.6988235294117647,0.05905625
4416,4,resample,6,0.084574625,0.19181521,0.9577131,71.89636,0.054127563,-0.038090333,0.004091108683496714,-0.0023707267828285694,0.4249699879951981,0.575030012004802,0.054127563
4417,5,resample,6,0.17508788,0.39709926,0.9124562,71.78878,0.086335994,0.02747655,0.03712014853954315,0.010187257081270218,0.3227990970654628,0.6772009029345372,0.086335994
4418,6,resample,6,0.045192644,0.1024969,0.97740394,71.89087,0.03403758,0.01599402,0.005839623976498842,0.003218824975192547,0.31016042780748665,0.6898395721925134,0.03403758
4419,7,resample,6,0.08381766,0.19009842,0.95809156,71.84677,0.08572503,-0.08241223,0.03210857883095741,-0.06205478683114052,0.3719256148770246,0.6280743851229754,0.08572503
4420,8,resample,6,0.14084187,0.3194293,0.92957956,71.950836,0.06563686,-0.0057585537,0.0033990656957030296,0.002384956809692085,0.22988505747126436,0.7701149425287357,0.06563686
4421,9,resample,6,0.07859057,0.17824338,0.9607047,71.769684,0.07721019,0.0063919574,0.014875940978527069,0.002701239660382271,0.38089089735313103,0.6191091026468689,0.07721019
4422,10,resample,6,0.18499014,0.41955754,0.9075054,71.89799,0.15165907,-0.07129195,0.005153359845280647,-0.004194408655166626,0.2786413356361543,0.7213586643638457,0.15165907
4423,11,resample,6,0.066339254,0.1504574,0.9668309,72.18983,0.021935752,-0.0063622743,0.18421313166618347,0.011849522590637207,0.35244922341696533,0.6475507765830346,0.021935752
4424,12,resample,6,0.070887566,0.16077296,0.9645567,72.13526,0.020397669,-0.0032162517,0.023807715624570847,0.005936209112405777,0.39803439803439805,0.6019656019656019,0.020397669
4425,13,resample,6,0.07861297,0.17829418,0.9606937,71.96153,0.10677454,-0.048698634,0.003813778981566429,-0.010319625958800316,0.3726993865030675,0.6273006134969326,0.10677454
4426,14,resample,6,0.049119215,0.111402355,0.975441,71.982124,0.02366461,0.0033985823,0.042265526950359344,0.01038704439997673,0.4016990291262136,0.5983009708737864,0.02366461
4427,15,resample,6,0.06533414,0.1481778,0.9673332,71.94395,0.032719355,0.004872307,0.011117037385702133,0.010045316652394831,0.24769585253456222,0.7523041474654377,0.032719355
4428,16,resample,6,0.094779715,0.21496035,0.9526106,72.017044,0.07345579,-0.029754907,0.0008089645998552442,-0.0007182277040556073,0.3397548161120841,0.660245183887916,0.07345579
4429,17,resample,6,0.08465447,0.1919963,0.9576732,71.99029,0.042362593,0.031901777,0.07466069608926773,0.03589177876710892,0.3233601841196778,0.6766398158803222,0.042362593
4430,18,resample,6,0.04388733,0.09953644,0.9780563,72.10102,0.03249801,0.0025739819,0.006087553221732378,-0.004453079309314489,0.4053398058252427,0.5946601941747574,0.03249801
4431,19,resample,6,0.17280093,0.39191243,0.9135999,71.96469,0.20780848,0.14620605,0.004018498584628105,0.000296229962259531,0.36923076923076925,0.6307692307692307,0.20780848
4432,20,resample,6,0.1947973,0.4418002,0.9026018,72.02198,0.09607761,0.033631295,0.214095801115036,0.1508931890130043,0.3503222026947862,0.6496777973052138,0.09607761
4433,21,resample,6,0.13878927,0.314774,0.93060553,71.76215,0.044320785,-0.021371692,0.017924150452017784,-0.012660684064030647,0.3537559936068194,0.6462440063931806,0.044320785
4434,22,resample,6,0.061327487,0.13909072,0.9693366,72.03444,0.0316322,-0.034764886,0.03891797736287117,-0.05311380699276924,0.2882315921963499,0.7117684078036501,0.0316322
4435,23,resample,6,0.16985086,0.38522166,0.915075,71.95723,0.1340514,-0.014430046,0.12631109356880188,-0.02065950632095337,0.2960045019696117,0.7039954980303883,0.1340514
4436,24,resample,6,0.068634376,0.15566273,0.9656834,72.10488,0.04300188,0.005144328,0.0030101060401648283,0.002612138108815998,0.3516110797060486,0.6483889202939515,0.04300188
4437,25,resample,6,0.11949078,0.27100503,0.9402549,72.05901,0.10764046,-0.009195328,0.0030304710380733013,-0.003454404417425394,0.32582322357019067,0.6741767764298093,0.10764046
4438,26,resample,6,0.083127365,0.18853283,0.95843655,71.81257,0.042525582,0.0176671,0.014550205320119858,0.005041151307523251,0.4818237831176833,0.5181762168823167,0.042525582
4439,27,resample,6,0.13261157,0.30076298,0.9336948,71.97332,0.048836987,-0.02655837,0.08447497338056564,-0.028625160455703735,0.4071388733965421,0.5928611266034579,0.048836987
4440,28,resample,6,0.0722911,0.16395618,0.96385485,71.86512,0.041139036,0.00400728,0.003555749775841832,-0.005940290866419673,0.25213154689403167,0.7478684531059683,0.041139036
4441,29,resample,6,0.06411437,0.14541136,0.96794325,71.81466,0.03143378,0.00016354024,0.009897290728986263,0.0012528924271464348,0.3916184971098266,0.6083815028901733,0.03143378
4442,30,resample,6,0.113484524,0.25738284,0.94325805,71.98878,0.07985255,0.034219086,0.19581297039985657,-0.08459699153900146,0.24602332979851538,0.7539766702014846,0.07985255
4443,31,resample,6,0.25621137,0.5810873,0.87189454,71.75213,0.066939816,0.05632937,0.005192519165575504,0.002439019503071904,0.1943364797334814,0.8056635202665186,0.066939816
4444,32,resample,6,0.05994771,0.13596138,0.9700266,71.97055,0.07287225,-0.0014312714,0.028040798380970955,0.005880491808056831,0.2622397298818233,0.7377602701181767,0.07287225
4445,33,resample,6,0.07583915,0.17200315,0.96208084,72.31078,0.031885512,0.0038631856,0.0022232122719287872,-0.001772546675056219,0.3909685086155674,0.6090314913844326,0.031885512
4446,34,resample,6,0.27566835,0.6252157,0.862166,71.60919,0.1050291,0.073040485,0.011841007508337498,0.0006527258083224297,0.18621399176954734,0.8137860082304527,0.1050291
4447,35,resample,6,0.057652574,0.130756,0.97117424,71.92077,0.05248547,0.028574824,0.026115693151950836,0.009717065840959549,0.2470653996646171,0.752934600335383,0.05248547
4448,36,resample,6,0.070143595,0.15908565,0.9649285,72.05566,0.077620365,-0.017696217,0.08920986950397491,0.0490555614233017,0.332657200811359,0.6673427991886409,0.077620365
4449,37,resample,6,0.04850977,0.11002014,0.9757457,72.03793,0.030165615,-0.00089692324,0.05518690496683121,0.04260927438735962,0.40245398773006136,0.5975460122699386,0.030165615
4450,38,resample,6,0.15480873,0.35110614,0.92259604,71.94501,0.06430139,0.025443524,0.07061327248811722,0.015568796545267105,0.1657271702367531,0.8342728297632469,0.06430139
4451,39,resample,6,0.048873946,0.11084609,0.97556347,72.19647,0.028828882,0.004504688,0.03540356457233429,-0.006351877003908157,0.409726443768997,0.5902735562310031,0.028828882
4452,40,resample,6,0.053256862,0.12078654,0.97337186,71.71862,0.04007516,-0.002292946,0.03005981259047985,0.01647847704589367,0.37298636926889717,0.6270136307311028,0.04007516
4453,41,resample,6,0.102930546,0.23344643,0.9485348,71.880356,0.042810693,0.017375141,0.02246432937681675,-0.002761624753475189,0.33686558839933073,0.6631344116006692,0.042810693
4454,42,resample,6,0.063395,0.14377983,0.9683026,71.941154,0.040196817,0.0012515783,0.006518593057990074,-0.0006845253519713879,0.35714285714285715,0.6428571428571428,0.040196817
4455,43,resample,6,0.097395904,0.22089387,0.95130235,72.009544,0.058886785,0.010874748,0.025907987728714943,0.00964360311627388,0.39412761151891584,0.6058723884810842,0.058886785
4456,44,resample,6,0.16345277,0.37071082,0.91827387,71.96767,0.14626305,0.096927345,0.020022587850689888,0.010364864952862263,0.3474524248004911,0.6525475751995089,0.14626305
4457,45,resample,6,0.056207754,0.12747917,0.9718964,71.92199,0.042853333,-0.0043603033,0.01578102633357048,-0.00128120556473732,0.42782608695652175,0.5721739130434782,0.042853333
4458,46,resample,6,0.16732898,0.37950206,0.9163359,71.849815,0.10343942,0.039970636,0.02280610054731369,0.006585940718650818,0.3985807214665878,0.6014192785334123,0.10343942
4459,47,resample,6,0.07441793,0.16877982,0.9627913,71.7935,0.029545702,-0.006097913,0.030275605618953705,0.01258876547217369,0.3517915309446254,0.6482084690553747,0.029545702
4460,48,resample,6,0.10115854,0.22942752,0.9494209,71.981636,0.05285672,-0.0055629015,0.010827198624610901,-0.002159617841243744,0.3130081300813008,0.6869918699186992,0.05285672
4461,49,resample,6,0.072784916,0.16507615,0.9636078,71.86821,0.09678287,-0.04786077,0.016178661957383156,-0.04642078839242458,0.3778280542986425,0.6221719457013575,0.09678287
4462,50,resample,6,0.09858688,0.223595,0.950707,71.97189,0.047528405,0.028507039,0.0031773149967193604,-0.00016419589519500732,0.39427860696517414,0.6057213930348259,0.047528405
4463,51,resample,6,0.18235418,0.4135792,0.9088235,71.88734,0.06587829,-0.027620941,0.0013779997825622559,0.00040256022475659847,0.28840494408475575,0.7115950559152442,0.06587829
4464,52,resample,6,0.081939414,0.18583855,0.9590307,72.02864,0.05476764,-0.0028056502,0.04269316792488098,-0.004382222890853882,0.30083234244946494,0.699167657550535,0.05476764
4465,53,resample,6,0.11496093,0.26073134,0.9425198,72.00421,0.06879242,-0.013557315,0.0054089948534965515,-0.0032494328916072845,0.2729331823329558,0.7270668176670442,0.06879242
4466,54,resample,6,0.057628393,0.13070117,0.97118616,71.731705,0.0376848,0.011862688,0.010224329307675362,-0.03832635469734669,0.28312570781426954,0.7168742921857305,0.0376848
4467,55,resample,6,0.05532961,0.12548754,0.97233534,71.9823,0.10363665,-0.030872807,0.003216290147975087,0.0009169289842247963,0.369284876905041,0.630715123094959,0.10363665
4468,56,resample,6,0.0839164,0.19032237,0.95804167,72.08438,0.03565749,-0.0064427704,0.240035742521286,0.07966773211956024,0.33653846153846156,0.6634615384615384,0.03565749
4469,57,resample,6,0.07493235,0.16994654,0.96253455,72.32559,0.07992359,-0.08472748,0.009636104106903076,-0.025856390595436096,0.4377224199288256,0.5622775800711743,0.07992359
4470,58,resample,6,0.058414448,0.13248394,0.9707929,71.897385,0.060767036,-0.004561901,0.0034459964372217655,-0.02002143068239093,0.44940152339499456,0.5505984766050054,0.060767036
4471,59,resample,6,0.08573386,0.19444436,0.95713353,71.89043,0.06544148,0.011934429,0.023276682943105698,0.0035924892872571945,0.4343257443082312,0.5656742556917689,0.06544148
4472,60,resample,6,0.10250981,0.23249221,0.9487454,71.91895,0.0646666,0.064053476,0.0632951408624649,0.03432079032063484,0.2455536431440046,0.7544463568559954,0.0646666
4473,61,resample,6,0.08747583,0.19839515,0.956262,72.31672,0.06879165,0.013001144,0.04839244857430458,0.002320464700460434,0.2637231503579952,0.7362768496420048,0.06879165
4474,62,resample,6,0.08860113,0.20094731,0.95569986,72.09717,0.055924945,0.0046916753,0.30804064869880676,0.061802953481674194,0.41379310344827586,0.5862068965517242,0.055924945
4475,63,resample,6,0.046893574,0.10635461,0.97655344,72.03188,0.03809107,-0.014858678,0.016271524131298065,0.009287577588111162,0.3599523241954708,0.6400476758045293,0.03809107
4476,0,resample,7,0.06815085,0.1545661,0.96592474,72.024254,0.078721076,-0.017220572,0.007413838990032673,-0.022141980938613415,0.4068417837507636,0.5931582162492364,0.078721076
4477,1,resample,7,0.09708448,0.22018754,0.95145816,71.943405,0.051863447,0.01807855,0.08641650527715683,0.0066559091210365295,0.27071473750790637,0.7292852624920936,0.051863447
4478,2,resample,7,0.073364,0.16638951,0.96331835,71.98649,0.07612884,-0.040301874,0.018271949142217636,-0.019754692912101746,0.27128263337116915,0.7287173666288309,0.07612884
4479,3,resample,7,0.08272119,0.18761162,0.9586398,72.0012,0.07305879,-0.09418367,0.044992875307798386,-0.026722054928541183,0.31007751937984496,0.689922480620155,0.07305879
4480,4,resample,7,0.100539245,0.22802296,0.9497307,71.85956,0.11956582,-0.0018825829,0.015149888582527637,0.008688053116202354,0.2809248554913295,0.7190751445086705,0.11956582
4481,5,resample,7,0.15486193,0.35122678,0.9225693,71.82997,0.05073119,-0.01839593,0.029189400374889374,0.00225650891661644,0.3060417843026539,0.6939582156973461,0.05073119
4482,6,resample,7,0.050937634,0.115526535,0.97453135,71.89261,0.04668801,0.029023655,0.0067252060398459435,0.004104407038539648,0.18059299191374664,0.8194070080862533,0.04668801
4483,7,resample,7,0.09454912,0.21443737,0.95272577,71.81574,0.056511197,-0.058073282,0.04748506098985672,-0.04667830467224121,0.2661555312157722,0.7338444687842278,0.056511197
4484,8,resample,7,0.151435,0.3434545,0.9242831,71.93884,0.074759625,0.018266648,0.0013153711333870888,0.00030126224737614393,0.28451882845188287,0.7154811715481171,0.074759625
4485,9,resample,7,0.07773946,0.17631307,0.96113044,71.7909,0.09593684,0.004461646,0.014761686325073242,0.002586985006928444,0.23282442748091603,0.767175572519084,0.09593684
4486,10,resample,7,0.25818494,0.5855633,0.87090784,71.7335,0.27334002,0.09471381,0.009674668312072754,0.00032689981162548065,0.16148325358851676,0.8385167464114832,0.27334002
4487,11,resample,7,0.05101323,0.11569799,0.9744938,72.14648,0.053220972,-0.041121684,0.03571465611457825,-0.13664895296096802,0.3987987987987988,0.6012012012012011,0.053220972
4488,12,resample,7,0.077485114,0.1757362,0.96125776,72.081604,0.0413519,0.011746988,0.012026794254779816,-0.005844712257385254,0.39718804920913886,0.6028119507908611,0.0413519
4489,13,resample,7,0.106028184,0.24047187,0.9469862,71.819954,0.04675525,0.013479054,0.01411525160074234,-1.8153339624404907e-05,0.2638888888888889,0.7361111111111112,0.04675525
4490,14,resample,7,0.050807692,0.11523182,0.9745965,71.993195,0.037618548,0.0072280467,0.07320693135261536,0.04132844880223274,0.4059171597633136,0.5940828402366864,0.037618548
4491,15,resample,7,0.06796231,0.15413849,0.9660188,71.96044,0.032775976,0.010832995,0.004600983578711748,0.003529262845404446,0.33125354509359045,0.6687464549064095,0.032775976
4492,16,resample,7,0.11078508,0.25126052,0.94460803,72.05104,0.065584555,0.0065452605,0.0007579310913570225,-0.000769261212553829,0.4105263157894737,0.5894736842105264,0.065584555
4493,17,resample,7,0.08781906,0.1991736,0.95609075,72.02557,0.052374676,0.03907907,0.03020458295941353,-0.008564334362745285,0.2208092485549133,0.7791907514450866,0.052374676
4494,18,resample,7,0.041680433,0.0945312,0.97915995,72.09154,0.026082119,-0.0024312586,0.013495439663529396,0.0029548071324825287,0.32005141388174807,0.6799485861182519,0.026082119
4495,19,resample,7,0.14741853,0.33434516,0.926291,71.95538,0.16680521,0.08863878,0.0013210520846769214,-0.0024012165376916528,0.3684210526315789,0.631578947368421,0.16680521
4496,20,resample,7,0.20096307,0.45578414,0.89951897,72.06682,0.06696068,0.04761523,0.17278628051280975,0.10958366841077805,0.2752510336680449,0.7247489663319551,0.06696068
4497,21,resample,7,0.15483388,0.35116318,0.92258334,71.77657,0.07853256,0.01501748,0.024852192029356956,-0.005732642486691475,0.34086021505376346,0.6591397849462366,0.07853256
4498,22,resample,7,0.059236377,0.13434808,0.970382,72.00083,0.046382535,-0.039507523,0.026965828612446785,-0.06506595574319363,0.26776649746192893,0.7322335025380711,0.046382535
4499,23,resample,7,0.15478036,0.3510418,0.92261016,72.009056,0.13400726,-0.048609912,0.31718459725379944,0.1702139973640442,0.3789954337899543,0.6210045662100456,0.13400726
4500,24,resample,7,0.070337914,0.15952636,0.96483135,72.096054,0.036165696,0.009007961,0.0009303073165938258,0.0005323393852449954,0.2970760233918129,0.7029239766081872,0.036165696
4501,25,resample,7,0.122556195,0.2779574,0.9387219,71.95623,0.09470433,-0.0022429526,0.003388333134353161,-0.0030965423211455345,0.1961015948021264,0.8038984051978736,0.09470433
4502,26,resample,7,0.084124684,0.19079475,0.9579379,71.77915,0.059863754,0.019929022,0.016297176480293274,0.006788122467696667,0.3603164942178941,0.639683505782106,0.059863754
4503,27,resample,7,0.16416363,0.37232304,0.9179185,72.01252,0.058719564,0.045001686,0.1492813378572464,0.03618120402097702,0.3896551724137931,0.6103448275862069,0.058719564
4504,28,resample,7,0.058368254,0.13237917,0.97081614,71.86789,0.043369852,-0.027569726,0.023606644943356514,0.014110604301095009,0.30662020905923343,0.6933797909407666,0.043369852
4505,29,resample,7,0.06889404,0.15625165,0.9655534,71.80815,0.023515273,0.011003837,0.023711446672677994,0.015067048370838165,0.4928571428571429,0.5071428571428571,0.023515273
4506,30,resample,7,0.10413613,0.23618071,0.94793236,72.020515,0.047117375,0.013016954,0.37689632177352905,0.09648635983467102,0.29766431287343836,0.7023356871265616,0.047117375
4507,31,resample,7,0.23441216,0.53164667,0.88279414,71.76992,0.0842156,0.006888747,0.005164877511560917,0.0024113778490573168,0.3969713358572201,0.6030286641427799,0.0842156
4508,32,resample,7,0.051097732,0.11588963,0.97445166,71.957726,0.037828222,-0.021503024,0.03707030788064003,0.014910001307725906,0.41062534587714444,0.5893746541228555,0.037828222
4509,33,resample,7,0.08030452,0.1821306,0.95984817,72.302155,0.038529966,0.013990641,0.01268531009554863,0.008689551148563623,0.4524781341107872,0.5475218658892128,0.038529966
4510,34,resample,7,0.27162895,0.61605436,0.86418575,71.60833,0.083777994,0.06387913,0.01511191576719284,0.0039236340671777725,0.26095925734914904,0.739040742650851,0.083777994
4511,35,resample,7,0.044414043,0.10073103,0.97779316,71.90478,0.03457108,-0.0014501512,0.017530176788568497,0.0011315494775772095,0.2956225127913587,0.7043774872086412,0.03457108
4512,36,resample,7,0.0744081,0.16875754,0.96279633,72.01874,0.059177123,-0.00802432,0.044513870030641556,0.004359561949968338,0.38149100257069407,0.6185089974293059,0.059177123
4513,37,resample,7,0.05214106,0.1182559,0.97393006,72.03171,0.024693942,0.007338837,0.018651461228728294,0.006073830649256706,0.48749198203976907,0.5125080179602309,0.024693942
4514,38,resample,7,0.13228215,0.30001587,0.93385935,71.89502,0.08336564,-0.025646746,0.04010521620512009,-0.014939259737730026,0.39635535307517084,0.6036446469248291,0.08336564
4515,39,resample,7,0.06417004,0.14553763,0.96791524,72.17057,0.061631735,0.03919623,0.015615575015544891,-0.026139866560697556,0.3391671695835848,0.6608328304164153,0.061631735
4516,40,resample,7,0.06152923,0.13954827,0.9692357,71.704056,0.033686012,0.016468786,0.043948739767074585,0.030367404222488403,0.4036697247706422,0.5963302752293578,0.033686012
4517,41,resample,7,0.086428195,0.19601911,0.9567858,71.86563,0.047038123,-0.02005218,0.015730667859315872,-0.009495286270976067,0.3404494382022472,0.6595505617977528,0.047038123
4518,42,resample,7,0.06568542,0.14897451,0.9671573,71.96448,0.03448491,0.0064462572,0.005810174159705639,-0.0013929442502558231,0.3343782654127482,0.6656217345872518,0.03448491
4519,43,resample,7,0.07132957,0.16177544,0.96433544,71.97167,0.07122263,-0.048243687,0.015542836859822273,-0.0007215477526187897,0.23755656108597284,0.7624434389140271,0.07122263
4520,44,resample,7,0.12239413,0.27758983,0.9388034,72.001526,0.09556232,0.0038063526,0.014072582125663757,0.004414859227836132,0.31124620060790276,0.6887537993920972,0.09556232
4521,45,resample,7,0.061161805,0.13871494,0.9694196,71.89215,0.048316438,0.0068754703,0.0187754575163126,0.0017132256180047989,0.39077809798270896,0.6092219020172911,0.048316438
4522,46,resample,7,0.13200964,0.2993978,0.93399537,71.861534,0.07534563,-0.040133625,0.01204609964042902,-0.004174060188233852,0.3449074074074074,0.6550925925925926,0.07534563
4523,47,resample,7,0.07340207,0.16647586,0.9632992,71.79678,0.031548295,-0.008401871,0.03142619878053665,0.013739358633756638,0.28632707774798927,0.7136729222520107,0.031548295
4524,48,resample,7,0.115910396,0.26288474,0.942045,71.93856,0.066466406,0.027894318,0.013084140606224537,9.732414036989212e-05,0.3417593528816987,0.6582406471183013,0.066466406
4525,49,resample,7,0.07328035,0.1661998,0.9633603,71.79653,0.0560123,-0.04673712,0.018652742728590965,-0.043946707621216774,0.4002340550029257,0.5997659449970743,0.0560123
4526,50,resample,7,0.10352713,0.23479947,0.94823706,71.91719,0.045918893,0.03971152,0.0020734211429953575,-0.0012680897489190102,0.291866028708134,0.708133971291866,0.045918893
4527,51,resample,7,0.18606022,0.4219845,0.90697014,71.93425,0.048466712,-0.019215643,0.0003965530195273459,-0.0005788865382783115,0.2814070351758794,0.7185929648241206,0.048466712
4528,52,resample,7,0.07648496,0.17346786,0.9617581,72.07335,0.06740141,-0.015176341,0.027832496911287308,-0.019242893904447556,0.38848920863309355,0.6115107913669064,0.06740141
4529,53,resample,7,0.1459711,0.3310624,0.9270148,72.02391,0.058728892,0.056773752,0.013543866574764252,0.004885438829660416,0.24553571428571427,0.7544642857142857,0.058728892
4530,54,resample,7,0.055113,0.12499626,0.9724438,71.7537,0.032510746,0.006157778,0.008530326187610626,-0.04002035781741142,0.19943977591036416,0.8005602240896359,0.032510746
4531,55,resample,7,0.054762006,0.1242002,0.97261924,71.990944,0.05284135,-0.03216014,0.0007366675417870283,-0.0015626936219632626,0.36966292134831463,0.6303370786516853,0.05284135
4532,56,resample,7,0.08602709,0.19510941,0.95698655,72.01438,0.045279473,-0.0016557276,0.21475450694561005,0.05438649654388428,0.36784268363215733,0.6321573163678427,0.045279473
4533,57,resample,7,0.080125675,0.181725,0.9599378,72.31787,0.14513583,-0.07294902,0.010996896773576736,-0.024495597928762436,0.2829736211031175,0.7170263788968825,0.14513583
4534,58,resample,7,0.059018523,0.13385399,0.97049123,71.86408,0.04494044,-0.0031918585,0.02260279655456543,-0.0008646305650472641,0.41308089500860584,0.5869191049913942,0.04494044
4535,59,resample,7,0.09364162,0.21237914,0.9531796,71.84932,0.09233364,0.029869214,0.011400909163057804,-0.008283284492790699,0.4062688366485835,0.5937311633514165,0.09233364
4536,60,resample,7,0.10724994,0.24324282,0.94637525,71.95577,0.08094283,0.07480408,0.05978982150554657,0.030815470963716507,0.2630410654827969,0.7369589345172032,0.08094283
4537,61,resample,7,0.08123514,0.18424127,0.95938265,72.31717,0.05068626,-0.0011527389,0.06391918659210205,0.017847202718257904,0.3128834355828221,0.6871165644171779,0.05068626
4538,62,resample,7,0.10493968,0.23800313,0.9475306,72.06288,0.0835164,0.041747496,0.5294562578201294,0.2832185626029968,0.20332480818414322,0.7966751918158568,0.0835164
4539,63,resample,7,0.043501087,0.09866045,0.9782499,72.037506,0.033960503,-0.02255284,0.007244681008160114,0.0002607344649732113,0.3936358279316441,0.6063641720683559,0.033960503
4540,0,resample,8,0.09658636,0.21905783,0.95170707,71.99925,0.0660272,0.047271162,0.041073184460401535,0.011517364531755447,0.39215686274509803,0.607843137254902,0.0660272
4541,1,resample,8,0.09562897,0.21688646,0.95218605,71.91524,0.06708745,0.014777467,0.07301206886768341,-0.00674852728843689,0.3241252302025783,0.6758747697974217,0.06708745
4542,2,resample,8,0.082446344,0.18698828,0.9587772,71.961655,0.057224605,-0.019703105,0.04243787005543709,0.004411228001117706,0.24461206896551724,0.7553879310344828,0.057224605
4543,3,resample,8,0.08110579,0.18394789,0.9594476,71.95339,0.13016947,-0.0978474,0.011353188194334507,-0.06036174204200506,0.2675,0.7324999999999999,0.13016947
4544,4,resample,8,0.082842834,0.1878875,0.9585788,71.90541,0.081305474,-0.04201804,0.0017273054691031575,-0.0047345299972221255,0.39454976303317535,0.6054502369668247,0.081305474
4545,5,resample,8,0.16403481,0.37203088,0.91798306,71.84883,0.040766254,0.0024081767,0.029908431693911552,0.0029755402356386185,0.364363221016562,0.6356367789834381,0.040766254
4546,6,resample,8,0.048893563,0.11089058,0.97555333,71.90735,0.02992887,0.024387702,0.009653463028371334,0.007032664027065039,0.3385030343897505,0.6614969656102495,0.02992887
4547,7,resample,8,0.12099455,0.27441558,0.93950313,71.76166,0.069132105,0.0019049346,0.06316953152418137,-0.030993834137916565,0.33879164313946925,0.6612083568605307,0.069132105
4548,8,resample,8,0.13807692,0.3131584,0.9309621,71.92371,0.05027948,-0.012029469,0.0008988127810880542,-0.00011529610492289066,0.2919212491513917,0.7080787508486083,0.05027948
4549,9,resample,8,0.07730869,0.17533608,0.9613458,71.772415,0.09396082,0.0034846514,0.012110596522688866,-6.410479545593262e-05,0.2802547770700637,0.7197452229299364,0.09396082
4550,10,resample,8,0.18001842,0.4082817,0.90999115,71.78829,0.12473808,-0.08256778,0.007727339863777161,-0.0016204286366701126,0.3018419489007724,0.6981580510992276,0.12473808
4551,11,resample,8,0.062462986,0.14166602,0.9687691,72.15416,0.042466905,-0.0151536465,0.07462266087532043,-0.09774094820022583,0.39736684619988033,0.6026331538001197,0.042466905
4552,12,resample,8,0.0657959,0.14922507,0.96710265,72.1117,0.02464513,-0.014764145,0.02545763924717903,0.007586132735013962,0.4233661075766339,0.576633892423366,0.02464513
4553,13,resample,8,0.090611696,0.2055073,0.95469433,71.85798,0.07458275,-0.021485522,0.0037885867059230804,-0.010344818234443665,0.3475609756097561,0.6524390243902439,0.07458275
4554,14,resample,8,0.05162958,0.117095865,0.9741856,71.97313,0.02842812,0.0090920925,0.06013958528637886,0.028261102735996246,0.3645833333333333,0.6354166666666667,0.02842812
4555,15,resample,8,0.06984004,0.15839717,0.96508,72.07326,0.034652106,0.015091673,0.0010519311763346195,-1.9789556972682476e-05,0.43826086956521737,0.5617391304347826,0.034652106
4556,16,resample,8,0.09753457,0.22120835,0.95123297,72.032104,0.07446646,-0.02350691,0.0006849612109363079,-0.0008422310929745436,0.39931934203062963,0.6006806579693704,0.07446646
4557,17,resample,8,0.10162654,0.23048894,0.9491869,72.0192,0.079803534,0.07039441,0.08153289556503296,0.042763978242874146,0.30939871570344424,0.6906012842965558,0.079803534
4558,18,resample,8,0.037993066,0.08616826,0.9810036,72.0654,0.02946781,-0.0107942,0.008157957345247269,-0.0023826751857995987,0.4241338112305854,0.5758661887694145,0.02946781
4559,19,resample,8,0.14777532,0.33515435,0.9261127,71.90721,0.11870728,0.089447975,0.0023413347080349922,-0.001380933914333582,0.3650697392359005,0.6349302607640994,0.11870728
4560,20,resample,8,0.20297547,0.46034828,0.89851266,71.99689,0.10159764,0.052179366,0.3309822976589203,0.2677796855568886,0.2122260668973472,0.7877739331026528,0.10159764
4561,21,resample,8,0.1001719,0.22718982,0.9499143,71.78181,0.06050951,-0.108955875,0.018167749047279358,-0.012417085468769073,0.4875406283856988,0.5124593716143012,0.06050951
4562,22,resample,8,0.081958555,0.18588197,0.9590208,72.03634,0.030178918,0.01202637,0.04192139580845833,-0.05011038854718208,0.40281329923273657,0.5971867007672634,0.030178918
4563,23,resample,8,0.19096911,0.43311787,0.9045158,71.99499,0.16401272,0.03346616,0.5967467427253723,0.44977614283561707,0.3350970017636684,0.6649029982363316,0.16401272
4564,24,resample,8,0.0651838,0.14783683,0.9674086,72.10288,0.06021121,-0.0026815683,0.0024583819322288036,0.002060414000879973,0.3653072946582424,0.6346927053417576,0.06021121
4565,25,resample,8,0.14489208,0.3286152,0.9275542,71.95912,0.18343258,0.048414826,0.0035374904982745647,-0.0029473849572241306,0.18237454100367198,0.817625458996328,0.18343258
4566,26,resample,8,0.08730079,0.19799815,0.9563501,71.77366,0.038172107,0.027132422,0.023227393627166748,0.01371833961457014,0.3552465233881163,0.6447534766118836,0.038172107
4567,27,resample,8,0.14742024,0.33434904,0.92629015,72.02528,0.07903529,0.0070276856,0.09444750845432281,-0.018652625381946564,0.37973209085614446,0.6202679091438555,0.07903529
4568,28,resample,8,0.06765054,0.1534314,0.966175,71.87445,0.042878672,-0.0065174997,0.002267637988552451,-0.007228402653709054,0.29086678301337987,0.7091332169866201,0.042878672
4569,29,resample,8,0.06678685,0.15147254,0.9666072,71.81611,0.02410446,0.0062247217,0.007718246430158615,-0.0009261518716812134,0.28356164383561644,0.7164383561643836,0.02410446
4570,30,resample,8,0.12561193,0.2848878,0.9371945,72.04544,0.09080152,0.061724037,0.3738660216331482,0.09345605969429016,0.39911797133406834,0.6008820286659317,0.09080152
4571,31,resample,8,0.24846646,0.5635218,0.875767,71.82067,0.10651635,0.03876388,0.016090640798211098,0.013337141135707498,0.3250283125707814,0.6749716874292186,0.10651635
4572,32,resample,8,0.05115875,0.11602802,0.974421,71.98141,0.059164204,-0.021364637,0.020207479596138,-0.001952826976776123,0.34728506787330315,0.6527149321266968,0.059164204
4573,33,resample,8,0.07840861,0.17783068,0.9607961,72.33796,0.032608837,0.009690717,0.005027111619710922,0.001031352672725916,0.34909515469935787,0.6509048453006421,0.032608837
4574,34,resample,8,0.2312514,0.5244781,0.8843748,71.58712,0.13838656,-0.027697146,0.0050939759239554405,-0.0060943057760596275,0.3551020408163265,0.6448979591836734,0.13838656
4575,35,resample,8,0.04712651,0.1068829,0.97643733,71.95212,0.053482935,0.0047017187,0.020843666046857834,0.004445038735866547,0.37527593818984545,0.6247240618101546,0.053482935
4576,36,resample,8,0.08371264,0.18986022,0.95814383,72.06461,0.0683972,0.013078362,0.06444595009088516,0.024291642010211945,0.24854574299312532,0.7514542570068747,0.0683972
4577,37,resample,8,0.045507967,0.10321205,0.97724634,72.05953,0.019241018,-0.0077050105,0.01989329606294632,0.0073156654834747314,0.4497189256714553,0.5502810743285447,0.019241018
4578,38,resample,8,0.12756255,0.28931183,0.936219,71.90254,0.075765595,-0.036350787,0.03979632630944252,-0.015248149633407593,0.25170068027210885,0.7482993197278911,0.075765595
4579,39,resample,8,0.04253059,0.09645936,0.978735,72.15835,0.02999646,-0.00988204,0.01901044324040413,-0.022744998335838318,0.3945008965929468,0.6054991034070532,0.02999646
4580,40,resample,8,0.054105185,0.12271053,0.9729477,71.723274,0.033614118,-0.00036895275,0.030760765075683594,0.017179429531097412,0.4057249533291848,0.5942750466708152,0.033614118
4581,41,resample,8,0.09602903,0.21779379,0.9519855,71.83968,0.042298414,0.0017224997,0.02067556604743004,-0.0045503880828619,0.39954853273137697,0.600451467268623,0.042298414
4582,42,resample,8,0.069233395,0.15702131,0.9653835,71.94755,0.046257503,0.014493063,0.002849982585757971,-0.004353135824203491,0.18495821727019499,0.815041782729805,0.046257503
4583,43,resample,8,0.08670127,0.19663844,0.95665,72.01376,0.08091696,-0.013380691,0.02413639798760414,0.007872013375163078,0.4844517184942717,0.5155482815057283,0.08091696
4584,44,resample,8,0.1463412,0.3319018,0.9268297,71.98473,0.112395056,0.058118314,0.015168605372309685,0.0055108824744820595,0.34668260609683205,0.653317393903168,0.112395056
4585,45,resample,8,0.058636032,0.1329865,0.97068244,71.90086,0.043771062,0.0011470318,0.019665155559778214,0.002602923661470413,0.42531356898517675,0.5746864310148232,0.043771062
4586,46,resample,8,0.12612906,0.28606066,0.9369356,71.95479,0.124499865,-0.05347076,0.0072871786542236805,-0.008932981174439192,0.3679912901469788,0.6320087098530212,0.124499865
4587,47,resample,8,0.0752508,0.17066878,0.9623747,71.81625,0.043701395,-0.004208952,0.025717515498399734,0.00803067535161972,0.26857749469214437,0.7314225053078556,0.043701395
4588,48,resample,8,0.09156402,0.20766716,0.95421827,71.97095,0.04327553,-0.02732326,0.011801054701209068,-0.0011857617646455765,0.30318342597271347,0.6968165740272865,0.04327553
4589,49,resample,8,0.06824167,0.15477207,0.9658797,71.85255,0.0986556,-0.05816485,0.02702454663813114,-0.0355749037116766,0.4043905257076834,0.5956094742923166,0.0986556
4590,50,resample,8,0.08132662,0.18444873,0.9593372,71.977165,0.030347498,-0.0106392205,0.002774946391582489,-0.0005665645003318787,0.23658395845354876,0.7634160415464513,0.030347498
4591,51,resample,8,0.1957863,0.44404325,0.9021073,71.88124,0.06361558,0.0028431118,0.0015663037775084376,0.0005908642197027802,0.2987951807228916,0.7012048192771084,0.06361558
4592,52,resample,8,0.08284087,0.18788305,0.95857984,72.04249,0.056020778,-0.0007611513,0.058391645550727844,0.011316254734992981,0.25319537431527694,0.7468046256847231,0.056020778
4593,53,resample,8,0.13816445,0.3133569,0.9309179,72.00492,0.046561107,0.03906825,0.017249897122383118,0.008591469377279282,0.2845714285714286,0.7154285714285714,0.046561107
4594,54,resample,8,0.060234703,0.13661228,0.9698829,71.76035,0.04066789,0.0177738,0.012990988790988922,-0.03555969521403313,0.3235130628126737,0.6764869371873263,0.04066789
4595,55,resample,8,0.07369833,0.16714777,0.9631513,72.08136,0.0821805,0.010787427,0.0027024198789149523,0.0004030587151646614,0.24823529411764705,0.7517647058823529,0.0821805
4596,56,resample,8,0.09919813,0.22498132,0.95040107,72.01663,0.09251631,0.028216183,0.19050449132919312,0.030136480927467346,0.2197112366603892,0.7802887633396108,0.09251631
4597,57,resample,8,0.104235455,0.23640597,0.947883,72.27506,0.031372614,-0.018268049,0.027303259819746017,-0.008189234882593155,0.3252799057159694,0.6747200942840306,0.031372614
4598,58,resample,8,0.04837751,0.10972017,0.9758116,71.87232,0.052133825,-0.027325675,0.006874526850879192,-0.0165929002687335,0.27520891364902506,0.724791086350975,0.052133825
4599,59,resample,8,0.1252479,0.28406218,0.93737644,71.85677,0.09996628,0.10155225,0.014317474327981472,-0.005366719327867031,0.33568904593639576,0.6643109540636043,0.09996628
4600,60,resample,8,0.09008567,0.20431426,0.95495754,71.908226,0.08078207,0.03587553,0.05491399019956589,0.025939639657735825,0.4051073708647707,0.5948926291352292,0.08078207
4601,61,resample,8,0.06464813,0.14662193,0.96767634,72.296265,0.08905028,-0.038772076,0.02274956926703453,-0.023322414606809616,0.30787878787878786,0.6921212121212121,0.08905028
4602,62,resample,8,0.0922265,0.20916966,0.95388716,72.15807,0.03513307,0.012914017,0.2890731394290924,0.04283544421195984,0.3609022556390977,0.6390977443609023,0.03513307
4603,63,resample,8,0.04391,0.099587865,0.97804534,72.05745,0.035377156,-0.021625422,0.008760876022279263,0.0017769294790923595,0.41420118343195267,0.5857988165680473,0.035377156
